0 1 has taken a fork
0 1 has taken a fork
0 1 is eating
0 3 has taken a fork
0 3 has taken a fork
0 3 is eating
1 5 has taken a fork
1 5 has taken a fork
1 5 is eating
1 7 has taken a fork
1 7 has taken a fork
1 7 is eating
1 9 has taken a fork
1 9 has taken a fork
1 9 is eating
1 11 has taken a fork
1 11 has taken a fork
1 11 is eating
1 2 has taken a fork
1 2 has taken a fork
1 2 is eating
2 13 has taken a fork
2 13 has taken a fork
2 13 is eating
2 4 has taken a fork
2 4 has taken a fork
2 4 is eating
2 6 has taken a fork
2 6 has taken a fork
2 6 is eating
2 15 has taken a fork
2 15 has taken a fork
2 15 is eating
2 17 has taken a fork
2 17 has taken a fork
2 17 is eating
2 8 has taken a fork
2 8 has taken a fork
2 8 is eating
2 10 has taken a fork
2 10 has taken a fork
2 10 is eating
2 19 has taken a fork
2 19 has taken a fork
2 19 is eating
3 12 has taken a fork
3 12 has taken a fork
3 12 is eating
3 21 has taken a fork
3 21 has taken a fork
3 21 is eating
3 14 has taken a fork
3 14 has taken a fork
3 14 is eating
3 16 has taken a fork
3 16 has taken a fork
3 16 is eating
3 23 has taken a fork
3 23 has taken a fork
3 23 is eating
3 18 has taken a fork
3 18 has taken a fork
3 18 is eating
3 25 has taken a fork
3 25 has taken a fork
3 25 is eating
4 27 has taken a fork
4 27 has taken a fork
4 27 is eating
4 20 has taken a fork
4 20 has taken a fork
4 20 is eating
4 29 has taken a fork
4 29 has taken a fork
4 29 is eating
4 22 has taken a fork
4 22 has taken a fork
4 22 is eating
4 24 has taken a fork
4 24 has taken a fork
4 24 is eating
5 26 has taken a fork
5 26 has taken a fork
5 26 is eating
5 28 has taken a fork
5 28 has taken a fork
5 28 is eating
5 30 has taken a fork
5 30 has taken a fork
5 30 is eating
5 31 has taken a fork
5 31 has taken a fork
5 31 is eating
5 33 has taken a fork
6 33 has taken a fork
6 33 is eating
7 32 has taken a fork
7 32 has taken a fork
7 32 is eating
7 34 has taken a fork
7 34 has taken a fork
7 34 is eating
7 35 has taken a fork
7 35 has taken a fork
7 35 is eating
7 37 has taken a fork
7 37 has taken a fork
7 37 is eating
8 36 has taken a fork
8 36 has taken a fork
8 36 is eating
8 39 has taken a fork
8 39 has taken a fork
8 39 is eating
9 41 has taken a fork
9 41 has taken a fork
9 41 is eating
10 38 has taken a fork
10 38 has taken a fork
10 38 is eating
10 43 has taken a fork
10 43 has taken a fork
10 43 is eating
10 40 has taken a fork
10 40 has taken a fork
10 40 is eating
10 45 has taken a fork
10 45 has taken a fork
10 45 is eating
11 42 has taken a fork
11 42 has taken a fork
11 42 is eating
11 44 has taken a fork
11 44 has taken a fork
11 44 is eating
12 47 has taken a fork
12 47 has taken a fork
12 47 is eating
13 46 has taken a fork
13 46 has taken a fork
13 46 is eating
13 49 has taken a fork
13 49 has taken a fork
13 49 is eating
13 51 has taken a fork
13 51 has taken a fork
13 51 is eating
14 53 has taken a fork
14 53 has taken a fork
14 53 is eating
14 55 has taken a fork
14 55 has taken a fork
14 55 is eating
14 50 has taken a fork
14 50 has taken a fork
14 50 is eating
14 48 has taken a fork
14 48 has taken a fork
14 48 is eating
15 52 has taken a fork
15 52 has taken a fork
15 52 is eating
15 54 has taken a fork
15 54 has taken a fork
15 56 has taken a fork
16 54 is eating
16 56 has taken a fork
16 57 has taken a fork
16 56 is eating
16 57 has taken a fork
16 57 is eating
16 59 has taken a fork
16 59 has taken a fork
16 59 is eating
16 61 has taken a fork
16 61 has taken a fork
16 61 is eating
17 63 has taken a fork
17 63 has taken a fork
17 63 is eating
17 58 has taken a fork
17 58 has taken a fork
17 58 is eating
17 60 has taken a fork
17 60 has taken a fork
17 60 is eating
17 65 has taken a fork
17 65 has taken a fork
17 65 is eating
18 62 has taken a fork
18 62 has taken a fork
18 62 is eating
18 67 has taken a fork
18 67 has taken a fork
18 67 is eating
18 64 has taken a fork
18 64 has taken a fork
18 64 is eating
18 69 has taken a fork
18 69 has taken a fork
18 69 is eating
19 71 has taken a fork
19 71 has taken a fork
19 71 is eating
19 68 has taken a fork
19 68 has taken a fork
19 68 is eating
19 66 has taken a fork
19 66 has taken a fork
19 66 is eating
20 70 has taken a fork
20 70 has taken a fork
20 70 is eating
20 73 has taken a fork
20 73 has taken a fork
20 73 is eating
20 72 has taken a fork
20 72 has taken a fork
20 72 is eating
22 75 has taken a fork
22 75 has taken a fork
22 75 is eating
22 74 has taken a fork
22 74 has taken a fork
22 74 is eating
22 77 has taken a fork
22 77 has taken a fork
22 77 is eating
22 79 has taken a fork
22 79 has taken a fork
22 79 is eating
22 81 has taken a fork
22 81 has taken a fork
22 81 is eating
23 76 has taken a fork
23 76 has taken a fork
23 76 is eating
23 83 has taken a fork
23 83 has taken a fork
23 83 is eating
24 78 has taken a fork
24 78 has taken a fork
24 80 has taken a fork
24 78 is eating
24 80 has taken a fork
24 82 has taken a fork
25 85 has taken a fork
25 80 is eating
25 82 has taken a fork
25 85 has taken a fork
25 82 is eating
25 84 has taken a fork
25 85 is eating
26 84 has taken a fork
26 87 has taken a fork
26 84 is eating
26 87 has taken a fork
26 87 is eating
26 86 has taken a fork
26 86 has taken a fork
27 89 has taken a fork
27 89 has taken a fork
27 89 is eating
28 86 is eating
28 88 has taken a fork
28 88 has taken a fork
28 88 is eating
29 90 has taken a fork
29 90 has taken a fork
29 90 is eating
30 91 has taken a fork
30 91 has taken a fork
30 91 is eating
31 92 has taken a fork
31 92 has taken a fork
31 92 is eating
32 93 has taken a fork
32 93 has taken a fork
32 93 is eating
35 95 has taken a fork
35 95 has taken a fork
35 95 is eating
35 94 has taken a fork
35 94 has taken a fork
35 94 is eating
36 97 has taken a fork
36 97 has taken a fork
36 97 is eating
38 96 has taken a fork
38 96 has taken a fork
38 96 is eating
39 98 has taken a fork
39 98 has taken a fork
39 98 is eating
39 99 has taken a fork
39 99 has taken a fork
39 99 is eating
100 1 is sleeping
100 100 has taken a fork
100 100 has taken a fork
100 100 is eating
100 3 is sleeping
100 101 has taken a fork
100 101 has taken a fork
100 101 is eating
101 11 is sleeping
101 7 is sleeping
101 9 is sleeping
101 2 is sleeping
101 105 has taken a fork
101 105 has taken a fork
101 105 is eating
101 5 is sleeping
101 103 has taken a fork
101 103 has taken a fork
101 103 is eating
101 102 has taken a fork
101 102 has taken a fork
101 102 is eating
101 106 has taken a fork
101 106 has taken a fork
101 106 is eating
101 104 has taken a fork
101 104 has taken a fork
101 104 is eating
102 10 is sleeping
102 17 is sleeping
102 109 has taken a fork
102 4 is sleeping
102 111 has taken a fork
102 109 has taken a fork
102 13 is sleeping
102 15 is sleeping
103 19 is sleeping
103 110 has taken a fork
103 6 is sleeping
104 8 is sleeping
104 107 has taken a fork
104 108 has taken a fork
105 113 has taken a fork
105 112 has taken a fork
105 111 has taken a fork
105 109 is eating
105 114 has taken a fork
105 18 is sleeping
105 23 is sleeping
105 12 is sleeping
105 16 is sleeping
106 21 is sleeping
106 118 has taken a fork
107 115 has taken a fork
107 110 has taken a fork
108 25 is sleeping
108 14 is sleeping
108 117 has taken a fork
108 116 has taken a fork
108 119 has taken a fork
109 24 is sleeping
109 120 has taken a fork
109 121 has taken a fork
110 20 is sleeping
110 122 has taken a fork
110 107 has taken a fork
110 29 is sleeping
110 27 is sleeping
110 123 has taken a fork
111 22 is sleeping
111 124 has taken a fork
111 108 has taken a fork
111 125 has taken a fork
111 127 has taken a fork
112 113 has taken a fork
112 28 is sleeping
112 31 is sleeping
112 126 has taken a fork
112 112 has taken a fork
112 30 is sleeping
113 129 has taken a fork
113 111 is eating
113 133 has taken a fork
113 26 is sleeping
113 131 has taken a fork
114 114 has taken a fork
114 33 is sleeping
114 135 has taken a fork
114 118 has taken a fork
114 34 is sleeping
115 128 has taken a fork
115 32 is sleeping
116 35 is sleeping
116 115 has taken a fork
116 37 is sleeping
116 132 has taken a fork
116 137 has taken a fork
116 110 is eating
117 130 has taken a fork
117 39 is sleeping
118 36 is sleeping
118 134 has taken a fork
118 139 has taken a fork
118 117 has taken a fork
118 116 has taken a fork
118 119 has taken a fork
119 41 is sleeping
119 141 has taken a fork
119 120 has taken a fork
120 121 has taken a fork
120 40 is sleeping
120 38 is sleeping
120 138 has taken a fork
120 43 is sleeping
120 45 is sleeping
121 143 has taken a fork
121 142 has taken a fork
121 122 has taken a fork
121 107 is eating
121 136 has taken a fork
121 123 has taken a fork
122 44 is sleeping
122 140 has taken a fork
122 124 has taken a fork
122 42 is sleeping
122 108 is eating
122 125 has taken a fork
122 144 has taken a fork
123 127 has taken a fork
123 47 is sleeping
123 113 is eating
123 145 has taken a fork
123 126 has taken a fork
123 112 is eating
123 46 is sleeping
123 129 has taken a fork
123 49 is sleeping
123 51 is sleeping
124 147 has taken a fork
124 146 has taken a fork
124 148 has taken a fork
125 133 has taken a fork
125 131 has taken a fork
125 53 is sleeping
125 50 is sleeping
125 55 is sleeping
125 48 is sleeping
125 114 is eating
125 149 has taken a fork
126 151 has taken a fork
126 150 has taken a fork
126 153 has taken a fork
126 135 has taken a fork
126 118 is eating
126 52 is sleeping
126 128 has taken a fork
126 152 has taken a fork
126 59 is sleeping
126 56 is sleeping
126 57 is sleeping
126 155 has taken a fork
127 115 is eating
127 61 is sleeping
127 54 is sleeping
127 154 has taken a fork
128 157 has taken a fork
128 159 has taken a fork
128 156 has taken a fork
128 132 has taken a fork
128 137 has taken a fork
129 60 is sleeping
129 58 is sleeping
129 158 has taken a fork
129 63 is sleeping
129 160 has taken a fork
129 65 is sleeping
129 161 has taken a fork
129 162 has taken a fork
129 130 has taken a fork
129 67 is sleeping
129 163 has taken a fork
129 64 is sleeping
129 62 is sleeping
130 134 has taken a fork
130 69 is sleeping
130 164 has taken a fork
130 165 has taken a fork
131 139 has taken a fork
131 167 has taken a fork
131 117 is eating
131 116 is eating
131 119 is eating
131 68 is sleeping
131 166 has taken a fork
131 66 is sleeping
131 71 is sleeping
132 168 has taken a fork
132 141 has taken a fork
133 169 has taken a fork
133 120 is eating
133 72 is sleeping
133 121 is eating
133 73 is sleeping
134 70 is sleeping
134 170 has taken a fork
134 173 has taken a fork
134 171 has taken a fork
134 138 has taken a fork
134 143 has taken a fork
134 142 has taken a fork
134 122 is eating
134 136 has taken a fork
135 123 is eating
135 81 is sleeping
135 74 is sleeping
135 174 has taken a fork
135 75 is sleeping
136 77 is sleeping
136 175 has taken a fork
136 79 is sleeping
137 172 has taken a fork
137 140 has taken a fork
137 176 has taken a fork
137 177 has taken a fork
137 124 is eating
138 125 is eating
138 144 has taken a fork
138 127 is eating
138 145 has taken a fork
138 126 is eating
138 76 is sleeping
138 179 has taken a fork
138 129 is eating
138 83 is sleeping
138 181 has taken a fork
139 147 has taken a fork
139 78 is sleeping
139 146 has taken a fork
139 178 has taken a fork
139 148 has taken a fork
140 80 is sleeping
140 82 is sleeping
140 133 is eating
140 85 is sleeping
140 180 has taken a fork
140 183 has taken a fork
140 131 is eating
141 185 has taken a fork
141 149 has taken a fork
141 84 is sleeping
141 182 has taken a fork
142 151 has taken a fork
142 87 is sleeping
142 184 has taken a fork
142 150 has taken a fork
142 153 has taken a fork
143 135 is eating
143 128 is eating
143 152 has taken a fork
143 155 has taken a fork
143 86 is sleeping
144 187 has taken a fork
144 89 is sleeping
144 189 has taken a fork
144 154 has taken a fork
145 88 is sleeping
145 186 has taken a fork
145 157 has taken a fork
146 159 has taken a fork
146 156 has taken a fork
146 132 is eating
146 137 is eating
146 90 is sleeping
146 188 has taken a fork
146 158 has taken a fork
146 160 has taken a fork
146 161 has taken a fork
147 162 has taken a fork
147 130 is eating
147 163 has taken a fork
147 134 is eating
147 91 is sleeping
147 164 has taken a fork
147 190 has taken a fork
148 165 has taken a fork
148 139 is eating
148 167 has taken a fork
149 92 is sleeping
149 191 has taken a fork
150 166 has taken a fork
150 93 is sleeping
150 168 has taken a fork
151 193 has taken a fork
151 141 is eating
151 169 has taken a fork
151 170 has taken a fork
152 173 has taken a fork
153 171 has taken a fork
153 138 is eating
153 143 is eating
153 142 is eating
153 136 is eating
153 95 is sleeping
154 195 has taken a fork
155 94 is sleeping
155 192 has taken a fork
155 174 has taken a fork
155 97 is sleeping
155 197 has taken a fork
155 175 has taken a fork
155 172 has taken a fork
156 140 is eating
156 176 has taken a fork
156 177 has taken a fork
157 144 is eating
157 96 is sleeping
157 194 has taken a fork
158 145 is eating
158 179 has taken a fork
159 181 has taken a fork
159 147 is eating
159 99 is sleeping
159 98 is sleeping
159 198 has taken a fork
160 196 has taken a fork
160 146 is eating
160 178 has taken a fork
160 148 is eating
160 180 has taken a fork
160 183 has taken a fork
161 185 has taken a fork
161 149 is eating
161 182 has taken a fork
161 151 is eating
161 184 has taken a fork
161 150 is eating
161 153 is eating
161 152 is eating
162 155 is eating
162 187 has taken a fork
162 189 has taken a fork
163 154 is eating
163 186 has taken a fork
163 157 is eating
163 159 is eating
164 156 is eating
164 188 has taken a fork
165 158 is eating
165 160 is eating
166 161 is eating
167 162 is eating
168 163 is eating
168 164 is eating
169 190 has taken a fork
169 165 is eating
169 167 is eating
170 191 has taken a fork
170 166 is eating
170 168 is eating
171 193 has taken a fork
171 169 is eating
172 170 is eating
172 173 is eating
172 171 is eating
173 195 has taken a fork
173 192 has taken a fork
173 174 is eating
174 197 has taken a fork
174 175 is eating
174 172 is eating
175 176 is eating
176 177 is eating
176 194 has taken a fork
176 179 is eating
177 181 is eating
177 198 has taken a fork
178 196 has taken a fork
178 178 is eating
179 180 is eating
180 183 is eating
180 185 is eating
181 182 is eating
181 184 is eating
182 187 is eating
183 189 is eating
183 186 is eating
183 188 is eating
184 190 is eating
185 191 is eating
185 193 is eating
186 195 is eating
186 192 is eating
187 197 is eating
187 194 is eating
188 198 is eating
188 196 is eating
200 1 is thinking
200 100 is sleeping
200 3 is thinking
200 101 is sleeping
200 3 has taken a fork
200 1 has taken a fork
200 3 has taken a fork
201 1 has taken a fork
201 3 is eating
201 5 is thinking
202 9 is thinking
202 102 is sleeping
203 2 is thinking
203 1 is eating
203 105 is sleeping
204 104 is sleeping
204 7 is thinking
204 11 is thinking
204 103 is sleeping
205 106 is sleeping
205 5 has taken a fork
206 4 is thinking
206 10 is thinking
207 15 is thinking
207 9 has taken a fork
208 17 is thinking
208 13 is thinking
208 2 has taken a fork
208 6 is thinking
209 19 is thinking
210 7 has taken a fork
210 109 is sleeping
211 8 is thinking
211 11 has taken a fork
211 18 is thinking
211 16 is thinking
212 23 is thinking
212 12 is thinking
212 5 has taken a fork
212 4 has taken a fork
213 21 is thinking
213 9 has taken a fork
214 111 is sleeping
214 14 is thinking
214 10 has taken a fork
215 25 is thinking
215 2 has taken a fork
216 110 is sleeping
216 24 is thinking
217 15 has taken a fork
218 7 has taken a fork
218 29 is thinking
218 27 is thinking
218 20 is thinking
219 22 is thinking
219 11 has taken a fork
220 108 is sleeping
220 17 has taken a fork
220 30 is thinking
220 31 is thinking
220 28 is thinking
220 5 is eating
221 13 has taken a fork
221 4 has taken a fork
222 112 is sleeping
222 107 is sleeping
222 26 is thinking
222 6 has taken a fork
223 113 is sleeping
223 9 is eating
224 19 has taken a fork
224 114 is sleeping
224 33 is thinking
224 34 is thinking
224 8 has taken a fork
224 10 has taken a fork
224 118 is sleeping
224 18 has taken a fork
224 32 is thinking
225 115 is sleeping
225 2 is eating
225 16 has taken a fork
225 35 is thinking
226 37 is thinking
226 117 is sleeping
226 23 has taken a fork
226 15 has taken a fork
226 39 is thinking
227 7 is eating
227 119 is sleeping
227 36 is thinking
227 116 is sleeping
228 21 has taken a fork
228 12 has taken a fork
229 41 is thinking
229 120 is sleeping
229 122 is sleeping
230 121 is sleeping
230 24 has taken a fork
230 14 has taken a fork
230 25 has taken a fork
231 11 is eating
231 38 is thinking
231 123 is sleeping
232 17 has taken a fork
232 43 is thinking
232 45 is thinking
232 40 is thinking
233 29 has taken a fork
233 127 is sleeping
233 124 is sleeping
234 13 has taken a fork
234 27 has taken a fork
235 4 is eating
235 125 is sleeping
236 20 has taken a fork
236 44 is thinking
236 22 has taken a fork
236 126 is sleeping
236 129 is sleeping
237 30 has taken a fork
237 31 has taken a fork
237 42 is thinking
237 6 has taken a fork
237 51 is thinking
237 46 is thinking
238 47 is thinking
238 131 is sleeping
238 49 is thinking
239 133 is sleeping
239 28 has taken a fork
239 26 has taken a fork
239 19 has taken a fork
239 8 has taken a fork
239 10 is eating
239 18 has taken a fork
240 48 is thinking
240 135 is sleeping
240 53 is thinking
240 128 is sleeping
240 55 is thinking
240 50 is thinking
240 33 has taken a fork
241 34 has taken a fork
241 16 has taken a fork
241 56 is thinking
242 52 is thinking
242 57 is thinking
242 59 is thinking
242 23 has taken a fork
243 15 is eating
243 61 is thinking
243 54 is thinking
243 130 is sleeping
243 132 is sleeping
243 137 is sleeping
243 32 has taken a fork
243 35 has taken a fork
244 37 has taken a fork
244 139 is sleeping
245 39 has taken a fork
245 21 has taken a fork
246 134 is sleeping
246 12 has taken a fork
246 36 has taken a fork
246 64 is thinking
247 65 is thinking
247 67 is thinking
247 58 is thinking
247 60 is thinking
247 62 is thinking
247 63 is thinking
248 24 has taken a fork
248 141 is sleeping
248 69 is thinking
248 14 has taken a fork
248 41 has taken a fork
249 25 has taken a fork
250 66 is thinking
250 71 is thinking
251 68 is thinking
251 138 is sleeping
251 142 is sleeping
251 136 is sleeping
252 38 has taken a fork
252 17 is eating
252 143 is sleeping
252 43 has taken a fork
252 45 has taken a fork
253 40 has taken a fork
253 72 is thinking
253 73 is thinking
254 29 has taken a fork
254 144 is sleeping
254 70 is thinking
254 140 is sleeping
256 13 is eating
256 27 has taken a fork
256 81 is thinking
256 75 is thinking
256 74 is thinking
256 145 is sleeping
257 20 has taken a fork
257 79 is thinking
257 77 is thinking
257 147 is sleeping
257 44 has taken a fork
257 22 has taken a fork
257 148 is sleeping
257 30 has taken a fork
257 31 has taken a fork
259 42 has taken a fork
259 6 is eating
259 146 is sleeping
259 51 has taken a fork
260 46 has taken a fork
260 152 is sleeping
260 151 is sleeping
260 153 is sleeping
260 150 is sleeping
260 83 is thinking
260 149 is sleeping
260 76 is thinking
260 47 has taken a fork
260 49 has taken a fork
261 155 is sleeping
261 78 is thinking
262 28 has taken a fork
262 26 has taken a fork
262 19 is eating
262 8 is eating
264 18 is eating
264 157 is sleeping
264 82 is thinking
264 48 has taken a fork
264 85 is thinking
264 80 is thinking
264 159 is sleeping
264 154 is sleeping
264 156 is sleeping
264 53 has taken a fork
264 55 has taken a fork
264 50 has taken a fork
265 33 has taken a fork
266 84 is thinking
266 160 is sleeping
266 158 is sleeping
267 34 has taken a fork
267 16 is eating
267 56 has taken a fork
267 162 is sleeping
267 161 is sleeping
267 87 is thinking
268 52 has taken a fork
268 57 has taken a fork
268 59 has taken a fork
268 23 is eating
269 163 is sleeping
269 61 has taken a fork
269 54 has taken a fork
269 164 is sleeping
270 86 is thinking
270 32 has taken a fork
270 35 has taken a fork
270 167 is sleeping
270 165 is sleeping
271 89 is thinking
271 37 has taken a fork
271 168 is sleeping
271 166 is sleeping
271 169 is sleeping
271 88 is thinking
271 39 has taken a fork
272 21 is eating
272 170 is sleeping
272 171 is sleeping
272 173 is sleeping
273 12 is eating
274 90 is thinking
274 36 has taken a fork
274 64 has taken a fork
274 91 is thinking
275 65 has taken a fork
275 67 has taken a fork
276 58 has taken a fork
277 60 has taken a fork
277 62 has taken a fork
277 63 has taken a fork
277 175 is sleeping
277 174 is sleeping
277 172 is sleeping
277 24 is eating
277 69 has taken a fork
277 14 is eating
277 41 has taken a fork
277 92 is thinking
277 176 is sleeping
278 177 is sleeping
278 181 is sleeping
278 179 is sleeping
278 25 is eating
279 93 is thinking
280 66 has taken a fork
281 71 has taken a fork
281 178 is sleeping
281 38 has taken a fork
281 180 is sleeping
284 68 has taken a fork
285 43 has taken a fork
285 45 has taken a fork
286 185 is sleeping
286 183 is sleeping
286 40 has taken a fork
287 72 has taken a fork
287 73 has taken a fork
287 184 is sleeping
287 182 is sleeping
287 95 is thinking
287 29 is eating
287 70 has taken a fork
287 189 is sleeping
288 97 is thinking
288 187 is sleeping
288 188 is sleeping
288 94 is thinking
289 27 is eating
290 81 has taken a fork
290 74 has taken a fork
290 20 is eating
290 79 has taken a fork
290 77 has taken a fork
290 96 is thinking
291 190 is sleeping
291 44 has taken a fork
291 22 is eating
291 186 is sleeping
291 30 is eating
291 31 is eating
291 191 is sleeping
291 75 has taken a fork
292 193 is sleeping
292 98 is thinking
293 99 is thinking
293 42 has taken a fork
293 51 has taken a fork
293 46 has taken a fork
294 83 has taken a fork
295 47 has taken a fork
295 49 has taken a fork
295 195 is sleeping
295 76 has taken a fork
296 192 is sleeping
296 78 has taken a fork
297 197 is sleeping
297 28 is eating
298 26 is eating
298 194 is sleeping
298 198 is sleeping
298 196 is sleeping
299 82 has taken a fork
299 48 has taken a fork
300 85 has taken a fork
300 80 has taken a fork
300 53 has taken a fork
300 55 has taken a fork
300 50 has taken a fork
301 33 is eating
301 84 has taken a fork
301 34 is eating
302 56 has taken a fork
303 87 has taken a fork
303 52 has taken a fork
303 57 has taken a fork
303 59 has taken a fork
303 61 has taken a fork
304 54 has taken a fork
304 86 has taken a fork
304 32 is eating
304 35 is eating
304 89 has taken a fork
304 37 is eating
304 88 has taken a fork
304 39 is eating
304 90 has taken a fork
304 36 is eating
304 64 has taken a fork
305 91 has taken a fork
305 65 has taken a fork
305 67 has taken a fork
305 58 has taken a fork
306 60 has taken a fork
306 62 has taken a fork
306 63 has taken a fork
306 69 has taken a fork
307 41 is eating
307 92 has taken a fork
309 93 has taken a fork
310 66 has taken a fork
311 71 has taken a fork
311 38 is eating
312 68 has taken a fork
312 43 is eating
312 45 is eating
312 40 is eating
312 72 has taken a fork
314 73 has taken a fork
315 95 has taken a fork
315 70 has taken a fork
315 97 has taken a fork
316 94 has taken a fork
317 74 has taken a fork
317 79 has taken a fork
317 77 has taken a fork
318 96 has taken a fork
318 81 has taken a fork
318 44 is eating
318 75 has taken a fork
318 98 has taken a fork
319 99 has taken a fork
320 42 is eating
321 51 is eating
321 46 is eating
322 83 has taken a fork
323 47 is eating
323 49 is eating
323 76 has taken a fork
324 78 has taken a fork
324 82 has taken a fork
324 48 is eating
324 85 has taken a fork
325 100 is thinking
325 101 is thinking
326 80 has taken a fork
326 53 is eating
326 55 is eating
326 50 is eating
326 3 is sleeping
326 84 has taken a fork
327 1 is sleeping
328 102 is thinking
328 56 is eating
329 87 has taken a fork
329 52 is eating
329 57 is eating
330 59 is eating
331 61 is eating
331 54 is eating
332 104 is thinking
333 105 is thinking
333 103 is thinking
333 86 has taken a fork
333 89 has taken a fork
333 88 has taken a fork
334 90 has taken a fork
334 64 is eating
334 91 has taken a fork
334 106 is thinking
334 65 is eating
334 67 is eating
334 58 is eating
335 60 is eating
335 62 is eating
335 63 is eating
335 69 is eating
335 92 has taken a fork
336 93 has taken a fork
337 109 is thinking
337 66 is eating
337 71 is eating
337 5 is sleeping
338 68 is eating
338 72 is eating
339 9 is sleeping
339 111 is thinking
339 73 is eating
341 2 is sleeping
342 95 has taken a fork
342 70 is eating
342 97 has taken a fork
342 7 is sleeping
343 110 is thinking
344 94 has taken a fork
344 74 is eating
344 79 is eating
344 77 is eating
344 96 has taken a fork
345 81 is eating
346 75 is eating
346 11 is sleeping
347 98 has taken a fork
347 99 has taken a fork
348 108 is thinking
348 4 is sleeping
349 107 is thinking
350 83 is eating
351 112 is thinking
352 113 is thinking
352 76 is eating
353 78 is eating
353 82 is eating
353 10 is sleeping
355 118 is thinking
355 114 is thinking
356 85 is eating
356 100 has taken a fork
356 115 is thinking
356 101 has taken a fork
356 15 is sleeping
356 80 is eating
356 117 is thinking
358 84 is eating
358 119 is thinking
359 116 is thinking
359 102 has taken a fork
359 120 is thinking
361 87 is eating
361 122 is thinking
361 121 is thinking
361 123 is thinking
362 104 has taken a fork
364 17 is sleeping
364 124 is thinking
365 105 has taken a fork
366 103 has taken a fork
366 86 is eating
366 127 is thinking
366 89 is eating
366 88 is eating
366 13 is sleeping
366 90 is eating
366 91 is eating
366 106 has taken a fork
366 125 is thinking
366 92 is eating
366 6 is sleeping
367 129 is thinking
368 126 is thinking
368 93 is eating
368 109 has taken a fork
368 19 is sleeping
368 8 is sleeping
370 131 is thinking
370 133 is thinking
370 111 has taken a fork
370 135 is thinking
370 18 is sleeping
371 128 is thinking
371 16 is sleeping
371 95 is eating
371 97 is eating
372 23 is sleeping
373 132 is thinking
373 130 is thinking
373 137 is thinking
373 110 has taken a fork
373 139 is thinking
373 94 is eating
374 96 is eating
374 21 is sleeping
374 134 is thinking
374 12 is sleeping
374 98 is eating
374 99 is eating
374 141 is thinking
374 108 has taken a fork
375 14 is sleeping
375 24 is sleeping
376 107 has taken a fork
376 25 is sleeping
377 138 is thinking
377 142 is thinking
378 136 is thinking
378 112 has taken a fork
378 113 has taken a fork
379 143 is thinking
381 140 is thinking
381 29 is sleeping
382 144 is thinking
382 27 is sleeping
382 118 has taken a fork
382 114 has taken a fork
382 20 is sleeping
383 145 is thinking
383 100 has taken a fork
383 115 has taken a fork
383 101 has taken a fork
384 117 has taken a fork
384 22 is sleeping
384 148 is thinking
385 30 is sleeping
385 31 is sleeping
386 147 is thinking
386 119 has taken a fork
386 146 is thinking
386 116 has taken a fork
388 102 has taken a fork
388 120 has taken a fork
388 149 is thinking
388 151 is thinking
389 152 is thinking
389 153 is thinking
389 150 is thinking
389 155 is thinking
389 28 is sleeping
389 122 has taken a fork
390 121 has taken a fork
391 123 has taken a fork
391 26 is sleeping
391 104 has taken a fork
392 156 is thinking
393 159 is thinking
393 154 is thinking
393 157 is thinking
394 34 is sleeping
394 33 is sleeping
394 124 has taken a fork
394 105 has taken a fork
395 36 is sleeping
395 37 is sleeping
395 160 is thinking
395 39 is sleeping
395 35 is sleeping
395 158 is thinking
396 103 has taken a fork
396 32 is sleeping
396 127 has taken a fork
396 106 has taken a fork
396 162 is thinking
396 125 has taken a fork
396 161 is thinking
397 129 has taken a fork
397 126 has taken a fork
397 109 has taken a fork
397 41 is sleeping
397 165 is thinking
397 164 is thinking
398 167 is thinking
398 163 is thinking
398 131 has taken a fork
398 133 has taken a fork
398 111 has taken a fork
398 135 has taken a fork
399 168 is thinking
399 169 is thinking
399 128 has taken a fork
400 166 is thinking
400 40 is sleeping
400 38 is sleeping
401 43 is sleeping
401 171 is thinking
402 45 is sleeping
402 170 is thinking
402 132 has taken a fork
403 130 has taken a fork
403 173 is thinking
403 110 has taken a fork
403 137 has taken a fork
403 139 has taken a fork
404 134 has taken a fork
404 141 has taken a fork
404 108 has taken a fork
405 107 has taken a fork
405 44 is sleeping
406 174 is thinking
406 172 is thinking
406 176 is thinking
406 175 is thinking
406 138 has taken a fork
407 142 has taken a fork
407 177 is thinking
407 181 is thinking
407 136 has taken a fork
407 179 is thinking
407 112 has taken a fork
407 42 is sleeping
408 113 has taken a fork
408 46 is sleeping
408 51 is sleeping
409 143 has taken a fork
409 178 is thinking
409 47 is sleeping
409 180 is thinking
409 140 has taken a fork
409 49 is sleeping
410 144 has taken a fork
410 48 is sleeping
410 118 has taken a fork
410 114 has taken a fork
410 53 is sleeping
410 55 is sleeping
410 50 is sleeping
410 145 has taken a fork
410 100 is eating
411 115 has taken a fork
411 101 is eating
411 117 has taken a fork
411 148 has taken a fork
412 56 is sleeping
412 59 is sleeping
412 57 is sleeping
412 52 is sleeping
412 185 is thinking
412 183 is thinking
412 147 has taken a fork
413 119 has taken a fork
413 146 has taken a fork
413 54 is sleeping
413 189 is thinking
413 61 is sleeping
413 182 is thinking
413 184 is thinking
414 187 is thinking
414 116 has taken a fork
414 102 is eating
414 188 is thinking
414 120 has taken a fork
414 149 has taken a fork
414 151 has taken a fork
414 152 has taken a fork
416 153 has taken a fork
417 150 has taken a fork
417 155 has taken a fork
417 122 has taken a fork
417 121 has taken a fork
417 65 is sleeping
417 60 is sleeping
417 191 is thinking
417 58 is sleeping
418 62 is sleeping
418 64 is sleeping
418 63 is sleeping
418 186 is thinking
418 190 is thinking
418 123 has taken a fork
418 69 is sleeping
418 104 is eating
418 67 is sleeping
418 193 is thinking
419 156 has taken a fork
419 159 has taken a fork
420 154 has taken a fork
420 71 is sleeping
420 66 is sleeping
421 157 has taken a fork
421 124 has taken a fork
421 105 is eating
421 68 is sleeping
421 195 is thinking
421 160 has taken a fork
421 158 has taken a fork
421 103 is eating
421 72 is sleeping
421 127 has taken a fork
421 106 is eating
421 192 is thinking
421 162 has taken a fork
421 125 has taken a fork
421 73 is sleeping
421 197 is thinking
421 161 has taken a fork
421 129 has taken a fork
421 126 has taken a fork
421 109 is eating
422 165 has taken a fork
423 164 has taken a fork
423 194 is thinking
423 70 is sleeping
424 196 is thinking
424 198 is thinking
425 167 has taken a fork
425 131 has taken a fork
425 163 has taken a fork
426 133 has taken a fork
426 111 is eating
426 135 has taken a fork
428 168 has taken a fork
428 128 has taken a fork
429 169 has taken a fork
429 74 is sleeping
430 166 has taken a fork
430 81 is sleeping
430 79 is sleeping
430 77 is sleeping
430 171 has taken a fork
431 75 is sleeping
432 170 has taken a fork
433 132 has taken a fork
434 130 has taken a fork
435 173 has taken a fork
435 110 is eating
435 137 has taken a fork
435 139 has taken a fork
436 134 has taken a fork
436 141 has taken a fork
436 108 is eating
436 83 is sleeping
436 107 is eating
436 174 has taken a fork
437 172 has taken a fork
438 176 has taken a fork
438 175 has taken a fork
438 78 is sleeping
438 76 is sleeping
438 138 has taken a fork
441 142 has taken a fork
441 177 has taken a fork
441 181 has taken a fork
441 136 has taken a fork
441 179 has taken a fork
442 112 is eating
442 113 is eating
442 82 is sleeping
442 143 has taken a fork
442 178 has taken a fork
442 180 has taken a fork
442 140 has taken a fork
442 80 is sleeping
442 85 is sleeping
442 144 has taken a fork
443 118 is eating
443 114 is eating
443 145 has taken a fork
444 115 is eating
444 117 is eating
444 148 has taken a fork
444 84 is sleeping
444 185 has taken a fork
445 183 has taken a fork
445 147 has taken a fork
445 119 is eating
445 146 has taken a fork
445 189 has taken a fork
445 87 is sleeping
446 182 has taken a fork
446 116 is eating
446 120 is eating
446 149 has taken a fork
447 151 has taken a fork
448 152 has taken a fork
451 153 has taken a fork
451 150 has taken a fork
452 155 has taken a fork
453 121 is eating
453 122 is eating
453 86 is sleeping
453 184 has taken a fork
453 123 is eating
453 88 is sleeping
453 89 is sleeping
454 188 has taken a fork
454 187 has taken a fork
454 156 has taken a fork
454 159 has taken a fork
454 91 is sleeping
454 90 is sleeping
454 191 has taken a fork
454 154 has taken a fork
455 190 has taken a fork
455 157 has taken a fork
456 124 is eating
456 160 has taken a fork
457 158 has taken a fork
457 127 is eating
458 162 has taken a fork
459 125 is eating
459 161 has taken a fork
459 129 is eating
460 126 is eating
461 165 has taken a fork
461 92 is sleeping
462 193 has taken a fork
462 164 has taken a fork
462 93 is sleeping
462 186 has taken a fork
463 167 has taken a fork
463 131 is eating
463 163 has taken a fork
463 3 is thinking
463 133 is eating
463 135 is eating
463 1 is thinking
464 168 has taken a fork
464 128 is eating
464 95 is sleeping
465 195 has taken a fork
465 97 is sleeping
465 169 has taken a fork
466 192 has taken a fork
467 166 has taken a fork
467 171 has taken a fork
467 94 is sleeping
467 197 has taken a fork
467 96 is sleeping
467 170 has taken a fork
468 194 has taken a fork
468 98 is sleeping
469 196 has taken a fork
469 132 is eating
469 99 is sleeping
469 198 has taken a fork
470 130 is eating
471 173 has taken a fork
472 137 is eating
472 139 is eating
473 134 is eating
475 141 is eating
475 174 has taken a fork
476 5 is thinking
476 172 has taken a fork
477 176 has taken a fork
477 175 has taken a fork
478 138 is eating
478 9 is thinking
478 2 is thinking
479 142 is eating
480 177 has taken a fork
480 136 is eating
480 181 has taken a fork
481 179 has taken a fork
482 7 is thinking
482 143 is eating
482 178 has taken a fork
482 180 has taken a fork
483 140 is eating
484 144 is eating
484 145 is eating
484 148 is eating
484 185 has taken a fork
484 147 is eating
484 183 has taken a fork
485 146 is eating
486 189 has taken a fork
486 11 is thinking
486 182 has taken a fork
486 149 is eating
486 151 is eating
487 4 is thinking
487 152 is eating
487 153 is eating
488 150 is eating
489 155 is eating
489 10 is thinking
489 184 has taken a fork
490 188 has taken a fork
490 187 has taken a fork
490 156 is eating
490 159 is eating
491 191 has taken a fork
491 154 is eating
491 190 has taken a fork
492 157 is eating
492 15 is thinking
492 160 is eating
493 158 is eating
493 162 is eating
493 161 is eating
493 165 is eating
493 193 has taken a fork
493 164 is eating
493 186 has taken a fork
494 167 is eating
494 163 is eating
494 17 is thinking
494 168 is eating
494 195 has taken a fork
494 169 is eating
494 13 is thinking
494 6 is thinking
494 192 has taken a fork
494 166 is eating
494 171 is eating
494 197 has taken a fork
495 170 is eating
496 8 is thinking
496 19 is thinking
496 101 is sleeping
496 3 has taken a fork
497 194 has taken a fork
497 100 is sleeping
497 196 has taken a fork
497 1 has taken a fork
497 198 has taken a fork
497 18 is thinking
498 16 is thinking
498 102 is sleeping
499 173 is eating
499 23 is thinking
499 12 is thinking
499 14 is thinking
500 21 is thinking
501 24 is thinking
502 104 is sleeping
502 174 is eating
503 25 is thinking
503 5 has taken a fork
503 172 is eating
503 176 is eating
504 103 is sleeping
504 105 is sleeping
504 175 is eating
504 106 is sleeping
505 9 has taken a fork
505 2 has taken a fork
505 109 is sleeping
505 177 is eating
505 181 is eating
505 29 is thinking
505 179 is eating
505 7 has taken a fork
505 20 is thinking
505 27 is thinking
505 178 is eating
505 180 is eating
506 111 is sleeping
507 22 is thinking
507 185 is eating
507 183 is eating
507 30 is thinking
508 189 is eating
508 11 has taken a fork
508 182 is eating
508 31 is thinking
508 4 has taken a fork
508 110 is sleeping
508 28 is thinking
508 10 has taken a fork
508 184 is eating
508 188 is eating
508 187 is eating
510 191 is eating
510 26 is thinking
511 190 is eating
511 108 is sleeping
511 15 has taken a fork
512 107 is sleeping
512 193 is eating
512 186 is eating
512 17 has taken a fork
512 195 is eating
513 13 has taken a fork
513 192 is eating
513 34 is thinking
513 33 is thinking
514 197 is eating
514 36 is thinking
514 37 is thinking
515 35 is thinking
515 39 is thinking
515 32 is thinking
515 3 has taken a fork
515 41 is thinking
515 112 is sleeping
516 113 is sleeping
516 194 is eating
516 196 is eating
516 1 has taken a fork
516 8 has taken a fork
517 198 is eating
517 6 has taken a fork
518 118 is sleeping
518 114 is sleeping
518 18 has taken a fork
518 19 has taken a fork
519 115 is sleeping
519 117 is sleeping
519 23 has taken a fork
520 40 is thinking
520 38 is thinking
521 16 has taken a fork
521 43 is thinking
521 119 is sleeping
521 12 has taken a fork
521 45 is thinking
521 120 is sleeping
521 14 has taken a fork
522 116 is sleeping
522 5 has taken a fork
522 21 has taken a fork
522 9 has taken a fork
522 2 has taken a fork
522 44 is thinking
522 7 has taken a fork
522 123 is sleeping
522 122 is sleeping
522 121 is sleeping
522 29 has taken a fork
522 25 has taken a fork
523 11 has taken a fork
523 51 is thinking
523 4 has taken a fork
523 24 has taken a fork
524 46 is thinking
525 42 is thinking
525 10 has taken a fork
526 47 is thinking
526 49 is thinking
526 53 is thinking
526 55 is thinking
526 124 is sleeping
526 20 has taken a fork
527 48 is thinking
527 50 is thinking
528 15 has taken a fork
528 127 is sleeping
528 56 is thinking
528 52 is thinking
528 57 is thinking
528 27 has taken a fork
528 17 has taken a fork
528 129 is sleeping
528 54 is thinking
529 13 has taken a fork
529 125 is sleeping
529 30 has taken a fork
529 59 is thinking
529 61 is thinking
530 22 has taken a fork
530 126 is sleeping
530 28 has taken a fork
530 3 is eating
530 1 is eating
531 8 has taken a fork
532 131 is sleeping
532 133 is sleeping
532 58 is thinking
532 65 is thinking
533 60 is thinking
533 135 is sleeping
533 31 has taken a fork
534 26 has taken a fork
535 34 has taken a fork
536 6 has taken a fork
536 63 is thinking
536 64 is thinking
536 69 is thinking
536 128 is sleeping
538 33 has taken a fork
538 18 has taken a fork
539 62 is thinking
539 67 is thinking
539 19 has taken a fork
539 23 has taken a fork
539 66 is thinking
540 71 is thinking
541 16 has taken a fork
542 73 is thinking
542 132 is sleeping
542 68 is thinking
543 36 has taken a fork
543 12 has taken a fork
543 72 is thinking
543 14 has taken a fork
543 130 is sleeping
544 5 is eating
544 21 has taken a fork
544 9 is eating
544 37 has taken a fork
544 2 is eating
545 7 is eating
545 29 has taken a fork
545 70 is thinking
547 25 has taken a fork
548 137 is sleeping
548 11 is eating
548 4 is eating
548 139 is sleeping
550 35 has taken a fork
550 39 has taken a fork
551 24 has taken a fork
551 134 is sleeping
551 32 has taken a fork
551 141 is sleeping
551 41 has taken a fork
551 10 is eating
552 20 has taken a fork
552 138 is sleeping
552 40 has taken a fork
552 142 is sleeping
553 15 is eating
553 27 has taken a fork
553 17 is eating
553 38 has taken a fork
553 13 is eating
553 30 has taken a fork
553 136 is sleeping
554 74 is thinking
554 43 has taken a fork
555 77 is thinking
555 81 is thinking
556 79 is thinking
557 22 has taken a fork
557 28 has taken a fork
557 143 is sleeping
558 75 is thinking
559 8 is eating
559 45 has taken a fork
559 140 is sleeping
559 44 has taken a fork
560 144 is sleeping
560 51 has taken a fork
560 31 has taken a fork
560 145 is sleeping
560 148 is sleeping
560 42 has taken a fork
560 46 has taken a fork
561 26 has taken a fork
561 147 is sleeping
561 47 has taken a fork
562 34 has taken a fork
562 146 is sleeping
562 49 has taken a fork
562 83 is thinking
563 6 is eating
563 149 is sleeping
563 53 has taken a fork
563 152 is sleeping
563 151 is sleeping
563 153 is sleeping
564 50 has taken a fork
564 55 has taken a fork
565 33 has taken a fork
566 78 is thinking
566 76 is thinking
566 48 has taken a fork
566 18 is eating
567 150 is sleeping
567 56 has taken a fork
567 155 is sleeping
567 52 has taken a fork
567 19 is eating
567 23 is eating
567 156 is sleeping
568 57 has taken a fork
568 16 is eating
568 159 is sleeping
568 154 is sleeping
568 54 has taken a fork
568 59 has taken a fork
569 85 is thinking
569 82 is thinking
570 80 is thinking
570 36 has taken a fork
571 157 is sleeping
571 61 has taken a fork
571 12 is eating
571 14 is eating
571 158 is sleeping
571 160 is sleeping
572 58 has taken a fork
572 84 is thinking
572 65 has taken a fork
573 21 is eating
573 37 has taken a fork
573 162 is sleeping
573 165 is sleeping
574 29 is eating
574 63 has taken a fork
574 164 is sleeping
574 161 is sleeping
574 64 has taken a fork
574 69 has taken a fork
575 167 is sleeping
575 163 is sleeping
576 87 is thinking
576 169 is sleeping
576 166 is sleeping
576 168 is sleeping
576 66 has taken a fork
576 62 has taken a fork
577 67 has taken a fork
578 60 has taken a fork
578 71 has taken a fork
578 73 has taken a fork
578 25 is eating
579 171 is sleeping
579 68 has taken a fork
580 170 is sleeping
580 72 has taken a fork
581 35 has taken a fork
581 39 has taken a fork
582 24 is eating
582 173 is sleeping
582 32 has taken a fork
582 70 has taken a fork
583 41 has taken a fork
583 20 is eating
583 40 has taken a fork
584 89 is thinking
584 88 is thinking
584 86 is thinking
584 27 is eating
584 38 has taken a fork
585 30 is eating
585 174 is sleeping
585 90 is thinking
586 74 has taken a fork
587 91 is thinking
587 43 has taken a fork
587 172 is sleeping
588 176 is sleeping
588 175 is sleeping
588 77 has taken a fork
588 181 is sleeping
588 177 is sleeping
589 179 is sleeping
589 81 has taken a fork
590 79 has taken a fork
590 180 is sleeping
590 178 is sleeping
590 22 is eating
590 28 is eating
591 75 has taken a fork
591 45 has taken a fork
594 44 has taken a fork
594 185 is sleeping
594 183 is sleeping
594 51 has taken a fork
594 31 is eating
595 42 has taken a fork
595 46 has taken a fork
595 189 is sleeping
595 182 is sleeping
595 92 is thinking
596 26 is eating
596 47 has taken a fork
597 34 is eating
597 49 has taken a fork
597 93 is thinking
597 184 is sleeping
598 83 has taken a fork
598 53 has taken a fork
599 50 has taken a fork
599 188 is sleeping
599 187 is sleeping
599 55 has taken a fork
600 95 is thinking
600 97 is thinking
600 191 is sleeping
600 190 is sleeping
601 33 is eating
602 78 has taken a fork
602 76 has taken a fork
603 48 has taken a fork
603 56 has taken a fork
604 94 is thinking
605 96 is thinking
605 52 has taken a fork
605 57 has taken a fork
605 193 is sleeping
606 98 is thinking
606 54 has taken a fork
607 59 has taken a fork
607 186 is sleeping
607 99 is thinking
607 82 has taken a fork
607 85 has taken a fork
608 80 has taken a fork
608 36 is eating
608 195 is sleeping
608 61 has taken a fork
609 192 is sleeping
609 58 has taken a fork
609 84 has taken a fork
610 65 has taken a fork
610 197 is sleeping
610 37 is eating
610 194 is sleeping
610 63 has taken a fork
610 64 has taken a fork
610 69 has taken a fork
610 196 is sleeping
612 87 has taken a fork
612 198 is sleeping
612 66 has taken a fork
612 62 has taken a fork
613 67 has taken a fork
613 60 has taken a fork
614 71 has taken a fork
614 73 has taken a fork
616 68 has taken a fork
616 72 has taken a fork
616 35 is eating
616 39 is eating
616 32 is eating
616 70 has taken a fork
616 41 is eating
616 40 is eating
617 89 has taken a fork
617 88 has taken a fork
617 86 has taken a fork
617 38 is eating
618 90 has taken a fork
618 74 has taken a fork
618 43 is eating
618 91 has taken a fork
618 77 has taken a fork
618 81 has taken a fork
619 79 has taken a fork
619 75 has taken a fork
619 45 is eating
619 44 is eating
619 51 is eating
620 42 is eating
620 46 is eating
620 92 has taken a fork
621 101 is thinking
621 47 is eating
621 100 is thinking
621 49 is eating
622 93 has taken a fork
622 102 is thinking
622 83 has taken a fork
622 53 is eating
622 3 is sleeping
622 50 is eating
622 55 is eating
622 1 is sleeping
623 95 has taken a fork
623 97 has taken a fork
623 78 has taken a fork
624 104 is thinking
625 76 has taken a fork
625 48 is eating
625 56 is eating
625 103 is thinking
626 105 is thinking
626 94 has taken a fork
626 96 has taken a fork
626 52 is eating
626 106 is thinking
626 109 is thinking
626 57 is eating
627 111 is thinking
627 54 is eating
628 59 is eating
628 99 has taken a fork
629 82 has taken a fork
629 98 has taken a fork
630 110 is thinking
630 85 has taken a fork
630 80 has taken a fork
630 61 is eating
630 58 is eating
631 84 has taken a fork
631 5 is sleeping
631 65 is eating
631 63 is eating
631 64 is eating
631 69 is eating
632 9 is sleeping
632 108 is thinking
632 107 is thinking
632 2 is sleeping
633 87 has taken a fork
633 66 is eating
633 62 is eating
633 67 is eating
633 60 is eating
633 71 is eating
633 7 is sleeping
633 112 is thinking
633 73 is eating
634 68 is eating
634 113 is thinking
635 72 is eating
635 70 is eating
635 11 is sleeping
635 89 has taken a fork
636 88 has taken a fork
636 86 has taken a fork
637 90 has taken a fork
637 4 is sleeping
637 118 is thinking
638 74 is eating
638 91 has taken a fork
638 77 is eating
638 81 is eating
639 114 is thinking
639 117 is thinking
639 115 is thinking
639 79 is eating
640 75 is eating
640 92 has taken a fork
640 10 is sleeping
641 120 is thinking
641 101 has taken a fork
641 119 is thinking
642 100 has taken a fork
643 121 is thinking
643 122 is thinking
643 93 has taken a fork
644 102 has taken a fork
644 83 is eating
645 116 is thinking
646 123 is thinking
646 15 is sleeping
646 95 has taken a fork
646 97 has taken a fork
646 78 is eating
647 17 is sleeping
647 13 is sleeping
647 104 has taken a fork
648 76 is eating
648 103 has taken a fork
648 105 has taken a fork
648 124 is thinking
648 94 has taken a fork
649 96 has taken a fork
649 106 has taken a fork
649 109 has taken a fork
650 111 has taken a fork
650 8 is sleeping
650 127 is thinking
650 129 is thinking
650 99 has taken a fork
651 82 is eating
651 125 is thinking
652 98 has taken a fork
653 126 is thinking
653 110 has taken a fork
653 85 is eating
653 80 is eating
653 6 is sleeping
653 84 is eating
653 131 is thinking
654 133 is thinking
654 108 has taken a fork
654 107 has taken a fork
654 18 is sleeping
654 135 is thinking
654 19 is sleeping
655 87 is eating
655 23 is sleeping
655 16 is sleeping
655 112 has taken a fork
655 113 has taken a fork
656 89 is eating
656 128 is thinking
656 88 is eating
657 86 is eating
657 14 is sleeping
657 12 is sleeping
657 90 is eating
658 118 has taken a fork
658 91 is eating
658 114 has taken a fork
658 21 is sleeping
659 117 has taken a fork
659 115 has taken a fork
660 92 is eating
660 29 is sleeping
660 120 has taken a fork
660 101 has taken a fork
661 119 has taken a fork
661 132 is thinking
661 100 has taken a fork
662 25 is sleeping
662 130 is thinking
663 121 has taken a fork
663 122 has taken a fork
663 93 is eating
664 102 has taken a fork
664 24 is sleeping
665 116 has taken a fork
665 123 has taken a fork
666 95 is eating
666 97 is eating
666 20 is sleeping
666 104 has taken a fork
667 139 is thinking
667 27 is sleeping
667 103 has taken a fork
667 137 is thinking
667 105 has taken a fork
667 124 has taken a fork
667 94 is eating
667 96 is eating
667 30 is sleeping
668 106 has taken a fork
668 109 has taken a fork
668 111 has taken a fork
669 129 has taken a fork
670 127 has taken a fork
670 99 is eating
670 141 is thinking
671 134 is thinking
671 22 is sleeping
671 138 is thinking
671 98 is eating
671 142 is thinking
671 28 is sleeping
671 125 has taken a fork
671 136 is thinking
672 126 has taken a fork
672 110 has taken a fork
672 107 has taken a fork
672 108 has taken a fork
672 112 has taken a fork
672 31 is sleeping
672 113 has taken a fork
672 131 has taken a fork
673 34 is sleeping
673 26 is sleeping
673 135 has taken a fork
673 133 has taken a fork
673 143 is thinking
673 118 has taken a fork
674 114 has taken a fork
675 140 is thinking
675 117 has taken a fork
676 115 has taken a fork
676 145 is thinking
676 148 is thinking
677 120 has taken a fork
677 144 is thinking
677 33 is sleeping
677 128 has taken a fork
678 101 is eating
679 147 is thinking
679 119 has taken a fork
679 100 is eating
679 146 is thinking
680 151 is thinking
680 153 is thinking
680 149 is thinking
681 121 has taken a fork
681 152 is thinking
682 122 has taken a fork
682 102 is eating
682 36 is sleeping
682 132 has taken a fork
682 116 has taken a fork
682 123 has taken a fork
682 37 is sleeping
683 130 has taken a fork
683 104 is eating
683 156 is thinking
684 103 is eating
684 105 is eating
684 124 has taken a fork
684 150 is thinking
684 155 is thinking
684 154 is thinking
684 106 is eating
685 159 is thinking
685 109 is eating
685 111 is eating
687 129 has taken a fork
687 35 is sleeping
687 139 has taken a fork
687 32 is sleeping
687 39 is sleeping
687 137 has taken a fork
687 127 has taken a fork
687 141 has taken a fork
687 160 is thinking
687 41 is sleeping
688 157 is thinking
688 158 is thinking
688 134 has taken a fork
688 125 has taken a fork
688 40 is sleeping
688 138 has taken a fork
688 126 has taken a fork
688 110 is eating
688 107 is eating
689 108 is eating
689 112 is eating
689 113 is eating
689 131 has taken a fork
689 135 has taken a fork
690 38 is sleeping
690 142 has taken a fork
690 133 has taken a fork
691 162 is thinking
691 165 is thinking
691 118 is eating
691 43 is sleeping
691 161 is thinking
691 164 is thinking
691 114 is eating
693 136 has taken a fork
694 167 is thinking
694 45 is sleeping
695 143 has taken a fork
695 163 is thinking
695 117 is eating
695 51 is sleeping
696 44 is sleeping
696 169 is thinking
696 140 has taken a fork
696 168 is thinking
696 166 is thinking
696 115 is eating
696 145 has taken a fork
696 42 is sleeping
696 46 is sleeping
696 120 is eating
696 144 has taken a fork
696 148 has taken a fork
696 128 has taken a fork
696 47 is sleeping
698 147 has taken a fork
699 49 is sleeping
700 171 is thinking
701 119 is eating
701 146 has taken a fork
701 55 is sleeping
701 50 is sleeping
701 53 is sleeping
702 170 is thinking
702 151 has taken a fork
702 153 has taken a fork
702 149 has taken a fork
702 121 is eating
702 173 is thinking
702 56 is sleeping
704 122 is eating
704 132 has taken a fork
707 116 is eating
707 123 is eating
707 48 is sleeping
708 152 has taken a fork
708 52 is sleeping
708 130 has taken a fork
709 156 has taken a fork
709 57 is sleeping
709 124 is eating
709 150 has taken a fork
709 155 has taken a fork
709 54 is sleeping
710 59 is sleeping
710 174 is thinking
710 154 has taken a fork
711 159 has taken a fork
711 58 is sleeping
711 61 is sleeping
711 172 is thinking
711 129 is eating
711 139 has taken a fork
712 137 has taken a fork
712 127 is eating
712 141 has taken a fork
712 160 has taken a fork
713 157 has taken a fork
713 65 is sleeping
713 64 is sleeping
713 69 is sleeping
713 63 is sleeping
713 177 is thinking
713 181 is thinking
713 176 is thinking
713 158 has taken a fork
714 134 has taken a fork
715 125 is eating
715 175 is thinking
716 138 has taken a fork
716 126 is eating
717 179 is thinking
717 131 is eating
717 135 is eating
717 62 is sleeping
717 66 is sleeping
717 178 is thinking
717 67 is sleeping
718 180 is thinking
718 71 is sleeping
718 73 is sleeping
718 60 is sleeping
719 142 has taken a fork
719 133 is eating
719 162 has taken a fork
720 165 has taken a fork
720 68 is sleeping
720 161 has taken a fork
721 164 has taken a fork
721 70 is sleeping
721 72 is sleeping
721 136 has taken a fork
721 185 is thinking
721 167 has taken a fork
722 183 is thinking
723 143 has taken a fork
723 182 is thinking
723 163 has taken a fork
724 189 is thinking
724 169 has taken a fork
724 140 has taken a fork
724 74 is sleeping
724 168 has taken a fork
724 166 has taken a fork
725 145 has taken a fork
725 144 has taken a fork
726 148 has taken a fork
726 128 is eating
726 77 is sleeping
726 81 is sleeping
727 184 is thinking
727 79 is sleeping
727 188 is thinking
728 187 is thinking
728 75 is sleeping
730 147 has taken a fork
730 191 is thinking
730 171 has taken a fork
731 190 is thinking
732 146 has taken a fork
733 170 has taken a fork
733 151 has taken a fork
733 153 has taken a fork
734 149 has taken a fork
734 173 has taken a fork
734 83 is sleeping
734 132 is eating
735 193 is thinking
735 78 is sleeping
735 186 is thinking
735 76 is sleeping
736 195 is thinking
737 152 has taken a fork
737 130 is eating
737 156 has taken a fork
737 192 is thinking
738 150 has taken a fork
738 155 has taken a fork
738 197 is thinking
739 82 is sleeping
740 194 is thinking
740 174 has taken a fork
740 154 has taken a fork
741 196 is thinking
741 85 is sleeping
741 159 has taken a fork
741 172 has taken a fork
741 139 is eating
741 80 is sleeping
741 198 is thinking
741 137 is eating
741 141 is eating
741 160 has taken a fork
742 157 has taken a fork
742 84 is sleeping
742 177 has taken a fork
742 181 has taken a fork
742 176 has taken a fork
742 158 has taken a fork
742 134 is eating
742 175 has taken a fork
743 87 is sleeping
743 138 is eating
743 179 has taken a fork
743 178 has taken a fork
743 180 has taken a fork
743 142 is eating
744 162 has taken a fork
744 88 is sleeping
744 89 is sleeping
744 165 has taken a fork
744 161 has taken a fork
744 164 has taken a fork
744 136 is eating
744 185 has taken a fork
745 167 has taken a fork
745 90 is sleeping
745 86 is sleeping
745 3 is thinking
746 1 is thinking
746 183 has taken a fork
746 91 is sleeping
746 143 is eating
746 182 has taken a fork
746 163 has taken a fork
746 189 has taken a fork
746 169 has taken a fork
746 140 is eating
746 168 has taken a fork
746 166 has taken a fork
746 145 is eating
746 144 is eating
747 148 is eating
747 184 has taken a fork
747 188 has taken a fork
747 187 has taken a fork
747 92 is sleeping
747 147 is eating
747 191 has taken a fork
748 171 has taken a fork
748 190 has taken a fork
748 93 is sleeping
748 5 is thinking
748 9 is thinking
748 2 is thinking
748 146 is eating
749 170 has taken a fork
749 95 is sleeping
749 97 is sleeping
749 7 is thinking
749 151 is eating
749 153 is eating
749 149 is eating
750 173 has taken a fork
750 193 has taken a fork
750 11 is thinking
750 186 has taken a fork
750 96 is sleeping
751 94 is sleeping
751 195 has taken a fork
751 4 is thinking
751 152 is eating
751 192 has taken a fork
751 156 is eating
752 150 is eating
752 155 is eating
752 197 has taken a fork
753 99 is sleeping
753 10 is thinking
753 98 is sleeping
753 194 has taken a fork
754 174 has taken a fork
754 154 is eating
754 196 has taken a fork
754 159 is eating
754 172 has taken a fork
754 198 has taken a fork
754 160 is eating
754 157 is eating
754 177 has taken a fork
755 181 has taken a fork
755 176 has taken a fork
755 158 is eating
755 175 has taken a fork
755 179 has taken a fork
755 178 has taken a fork
755 180 has taken a fork
755 162 is eating
756 165 is eating
756 161 is eating
756 164 is eating
756 185 has taken a fork
756 167 is eating
756 183 has taken a fork
756 182 has taken a fork
756 163 is eating
756 189 has taken a fork
756 169 is eating
756 15 is thinking
756 168 is eating
756 166 is eating
756 17 is thinking
756 184 has taken a fork
756 13 is thinking
757 188 has taken a fork
757 187 has taken a fork
757 191 has taken a fork
757 171 is eating
757 190 has taken a fork
757 170 is eating
757 101 is sleeping
757 100 is sleeping
758 3 has taken a fork
758 1 has taken a fork
759 8 is thinking
759 173 is eating
759 193 has taken a fork
760 186 has taken a fork
760 195 has taken a fork
760 192 has taken a fork
760 102 is sleeping
760 5 has taken a fork
760 197 has taken a fork
761 6 is thinking
761 194 has taken a fork
761 174 is eating
761 196 has taken a fork
761 104 is sleeping
761 9 has taken a fork
762 172 is eating
762 198 has taken a fork
762 177 is eating
763 19 is thinking
763 18 is thinking
764 23 is thinking
764 181 is eating
765 105 is sleeping
765 2 has taken a fork
765 176 is eating
765 175 is eating
765 179 is eating
765 178 is eating
765 106 is sleeping
765 103 is sleeping
766 16 is thinking
766 7 has taken a fork
766 180 is eating
767 11 has taken a fork
767 111 is sleeping
767 4 has taken a fork
767 109 is sleeping
767 10 has taken a fork
768 185 is eating
768 183 is eating
768 182 is eating
768 189 is eating
768 184 is eating
768 188 is eating
768 12 is thinking
768 187 is eating
769 191 is eating
769 190 is eating
769 3 has taken a fork
769 21 is thinking
770 14 is thinking
770 1 has taken a fork
770 110 is sleeping
770 15 has taken a fork
771 193 is eating
771 186 is eating
772 29 is thinking
772 107 is sleeping
772 195 is eating
773 192 is eating
773 5 has taken a fork
773 197 is eating
773 17 has taken a fork
773 194 is eating
774 108 is sleeping
774 196 is eating
774 13 has taken a fork
775 9 has taken a fork
775 25 is thinking
775 112 is sleeping
775 198 is eating
776 113 is sleeping
776 8 has taken a fork
776 6 has taken a fork
777 118 is sleeping
778 19 has taken a fork
778 24 is thinking
778 114 is sleeping
779 2 has taken a fork
779 20 is thinking
779 7 has taken a fork
779 18 has taken a fork
779 27 is thinking
779 30 is thinking
779 11 has taken a fork
779 117 is sleeping
779 4 has taken a fork
779 10 has taken a fork
779 23 has taken a fork
779 115 is sleeping
781 16 has taken a fork
781 120 is sleeping
782 12 has taken a fork
782 3 is eating
782 1 is eating
782 15 has taken a fork
782 119 is sleeping
782 22 is thinking
782 21 has taken a fork
783 28 is thinking
783 31 is thinking
784 121 is sleeping
784 5 is eating
784 26 is thinking
784 34 is thinking
785 17 has taken a fork
785 14 has taken a fork
785 122 is sleeping
786 29 has taken a fork
787 13 has taken a fork
787 9 is eating
787 116 is sleeping
788 8 has taken a fork
788 25 has taken a fork
788 6 has taken a fork
789 123 is sleeping
789 33 is thinking
789 24 has taken a fork
791 19 has taken a fork
791 2 is eating
791 7 is eating
792 18 has taken a fork
792 11 is eating
792 4 is eating
792 10 is eating
792 23 has taken a fork
792 124 is sleeping
792 20 has taken a fork
792 129 is sleeping
792 16 has taken a fork
793 27 has taken a fork
793 127 is sleeping
793 12 has taken a fork
795 37 is thinking
795 36 is thinking
795 30 has taken a fork
795 15 is eating
795 21 has taken a fork
796 125 is sleeping
797 22 has taken a fork
797 17 is eating
797 14 has taken a fork
797 126 is sleeping
798 28 has taken a fork
800 29 has taken a fork
800 131 is sleeping
800 13 is eating
800 135 is sleeping
801 31 has taken a fork
801 35 is thinking
801 133 is sleeping
803 41 is thinking
804 40 is thinking
804 32 is thinking
805 39 is thinking
808 26 has taken a fork
808 8 is eating
808 25 has taken a fork
809 6 is eating
810 34 has taken a fork
810 24 has taken a fork
810 38 is thinking
811 43 is thinking
811 19 is eating
811 18 is eating
811 23 is eating
812 20 has taken a fork
812 16 is eating
812 27 has taken a fork
812 128 is sleeping
812 33 has taken a fork
812 12 is eating
812 45 is thinking
812 51 is thinking
812 30 has taken a fork
812 21 is eating
812 46 is thinking
812 42 is thinking
812 47 is thinking
812 44 is thinking
812 22 has taken a fork
812 14 is eating
813 28 has taken a fork
813 49 is thinking
813 132 is sleeping
813 37 has taken a fork
813 29 is eating
814 31 has taken a fork
814 53 is thinking
815 50 is thinking
816 55 is thinking
816 130 is sleeping
817 36 has taken a fork
817 56 is thinking
817 141 is sleeping
817 139 is sleeping
817 137 is sleeping
817 35 has taken a fork
817 40 has taken a fork
817 48 is thinking
817 134 is sleeping
817 32 has taken a fork
818 52 is thinking
818 138 is sleeping
818 39 has taken a fork
818 142 is sleeping
818 26 has taken a fork
818 25 is eating
818 136 is sleeping
818 41 has taken a fork
819 57 is thinking
820 59 is thinking
820 54 is thinking
820 34 has taken a fork
820 24 is eating
820 38 has taken a fork
820 61 is thinking
820 145 is sleeping
820 140 is sleeping
820 143 is sleeping
820 58 is thinking
820 43 has taken a fork
820 20 is eating
821 27 is eating
821 33 has taken a fork
822 45 has taken a fork
824 51 has taken a fork
824 30 is eating
825 144 is sleeping
825 46 has taken a fork
825 42 has taken a fork
826 22 is eating
826 148 is sleeping
826 147 is sleeping
826 64 is thinking
826 63 is thinking
827 28 is eating
827 65 is thinking
827 69 is thinking
828 47 has taken a fork
828 44 has taken a fork
829 37 has taken a fork
829 146 is sleeping
832 31 is eating
832 151 is sleeping
832 53 has taken a fork
832 149 is sleeping
832 153 is sleeping
833 50 has taken a fork
833 49 has taken a fork
833 55 has taken a fork
833 67 is thinking
833 152 is sleeping
833 156 is sleeping
833 66 is thinking
834 36 has taken a fork
835 62 is thinking
835 56 has taken a fork
836 35 has taken a fork
836 40 has taken a fork
836 48 has taken a fork
837 32 has taken a fork
837 155 is sleeping
837 52 has taken a fork
838 39 has taken a fork
839 71 is thinking
839 26 is eating
840 73 is thinking
840 150 is sleeping
840 60 is thinking
840 41 has taken a fork
841 57 has taken a fork
841 68 is thinking
841 159 is sleeping
841 154 is sleeping
841 59 has taken a fork
841 54 has taken a fork
842 34 is eating
842 38 has taken a fork
842 43 has taken a fork
842 72 is thinking
843 160 is sleeping
843 157 is sleeping
843 61 has taken a fork
843 70 is thinking
843 33 is eating
843 158 is sleeping
843 45 has taken a fork
843 58 has taken a fork
843 162 is sleeping
843 74 is thinking
843 161 is sleeping
843 51 has taken a fork
843 165 is sleeping
843 164 is sleeping
844 167 is sleeping
844 46 has taken a fork
844 42 has taken a fork
844 81 is thinking
844 169 is sleeping
844 163 is sleeping
844 77 is thinking
844 166 is sleeping
844 168 is sleeping
845 64 has taken a fork
845 63 has taken a fork
845 79 is thinking
845 65 has taken a fork
845 69 has taken a fork
845 75 is thinking
845 47 has taken a fork
846 44 has taken a fork
846 171 is sleeping
846 37 is eating
846 170 is sleeping
847 173 is sleeping
847 53 has taken a fork
848 50 has taken a fork
849 49 has taken a fork
850 55 has taken a fork
850 67 has taken a fork
851 66 has taken a fork
851 83 is thinking
851 36 is eating
851 78 is thinking
851 76 is thinking
851 62 has taken a fork
851 56 has taken a fork
852 35 is eating
852 174 is sleeping
852 40 is eating
853 48 has taken a fork
853 172 is sleeping
853 32 is eating
853 52 has taken a fork
853 177 is sleeping
854 39 is eating
854 176 is sleeping
854 82 is thinking
855 181 is sleeping
855 71 has taken a fork
855 73 has taken a fork
855 60 has taken a fork
855 41 is eating
855 179 is sleeping
855 85 is thinking
855 175 is sleeping
855 80 is thinking
855 178 is sleeping
855 57 has taken a fork
855 68 has taken a fork
855 59 has taken a fork
855 54 has taken a fork
855 180 is sleeping
855 84 is thinking
856 38 is eating
856 43 is eating
856 72 has taken a fork
856 87 is thinking
856 61 has taken a fork
856 70 has taken a fork
856 45 is eating
858 58 has taken a fork
858 74 has taken a fork
858 51 is eating
858 89 is thinking
859 46 is eating
859 42 is eating
859 81 has taken a fork
859 88 is thinking
859 77 has taken a fork
860 90 is thinking
860 64 has taken a fork
860 63 has taken a fork
860 183 is sleeping
860 86 is thinking
860 79 has taken a fork
860 65 has taken a fork
861 185 is sleeping
861 69 has taken a fork
862 75 has taken a fork
862 47 is eating
863 182 is sleeping
863 189 is sleeping
863 91 is thinking
864 44 is eating
864 92 is thinking
864 53 is eating
864 93 is thinking
864 187 is sleeping
864 184 is sleeping
864 188 is sleeping
864 95 is thinking
865 97 is thinking
865 50 is eating
865 49 is eating
866 96 is thinking
866 190 is sleeping
866 191 is sleeping
866 67 has taken a fork
866 55 is eating
866 66 has taken a fork
866 83 has taken a fork
867 78 has taken a fork
867 76 has taken a fork
867 62 has taken a fork
867 94 is thinking
867 56 is eating
868 186 is sleeping
868 99 is thinking
868 48 is eating
869 98 is thinking
869 193 is sleeping
869 52 is eating
869 195 is sleeping
869 82 has taken a fork
869 71 has taken a fork
869 73 has taken a fork
869 60 has taken a fork
869 192 is sleeping
870 85 has taken a fork
870 80 has taken a fork
870 57 is eating
871 68 has taken a fork
871 59 is eating
871 54 is eating
871 84 has taken a fork
871 72 has taken a fork
871 87 has taken a fork
871 197 is sleeping
872 61 is eating
872 70 has taken a fork
872 101 is thinking
872 100 is thinking
873 194 is sleeping
873 198 is sleeping
873 196 is sleeping
873 58 is eating
873 74 has taken a fork
873 89 has taken a fork
873 81 has taken a fork
873 88 has taken a fork
874 102 is thinking
874 77 has taken a fork
874 90 has taken a fork
874 64 is eating
874 63 is eating
874 86 has taken a fork
875 79 has taken a fork
875 65 is eating
875 104 is thinking
875 69 is eating
875 75 has taken a fork
875 91 has taken a fork
875 92 has taken a fork
875 93 has taken a fork
875 105 is thinking
875 95 has taken a fork
875 106 is thinking
876 97 has taken a fork
876 103 is thinking
876 1 is sleeping
876 96 has taken a fork
876 67 is eating
877 3 is sleeping
877 66 is eating
877 83 has taken a fork
877 78 has taken a fork
877 109 is thinking
877 111 is thinking
877 76 has taken a fork
877 62 is eating
877 94 has taken a fork
877 5 is sleeping
877 99 has taken a fork
877 98 has taken a fork
877 82 has taken a fork
877 71 is eating
877 73 is eating
878 60 is eating
879 85 has taken a fork
879 110 is thinking
879 80 has taken a fork
879 9 is sleeping
879 68 is eating
879 84 has taken a fork
880 72 is eating
880 87 has taken a fork
881 107 is thinking
881 70 is eating
881 101 has taken a fork
882 100 has taken a fork
882 2 is sleeping
883 7 is sleeping
883 74 is eating
883 89 has taken a fork
883 81 is eating
883 88 has taken a fork
883 10 is sleeping
883 102 has taken a fork
883 108 is thinking
883 11 is sleeping
883 4 is sleeping
884 77 is eating
884 90 has taken a fork
884 86 has taken a fork
884 79 is eating
884 112 is thinking
884 104 has taken a fork
885 75 is eating
885 91 has taken a fork
885 92 has taken a fork
886 93 has taken a fork
886 105 has taken a fork
887 95 has taken a fork
887 106 has taken a fork
888 97 has taken a fork
888 103 has taken a fork
888 96 has taken a fork
888 113 is thinking
888 83 is eating
888 15 is sleeping
888 78 is eating
888 109 has taken a fork
888 111 has taken a fork
888 76 is eating
888 94 has taken a fork
888 118 is thinking
888 99 has taken a fork
888 98 has taken a fork
889 82 is eating
889 114 is thinking
889 85 is eating
889 17 is sleeping
889 117 is thinking
890 115 is thinking
890 110 has taken a fork
890 80 is eating
890 84 is eating
890 87 is eating
890 107 has taken a fork
891 13 is sleeping
891 120 is thinking
891 101 has taken a fork
891 100 has taken a fork
891 119 is thinking
891 89 is eating
891 88 is eating
892 102 has taken a fork
892 108 has taken a fork
892 121 is thinking
893 90 is eating
894 86 is eating
894 104 has taken a fork
895 122 is thinking
895 91 is eating
895 92 is eating
895 6 is sleeping
896 93 is eating
896 8 is sleeping
896 112 has taken a fork
896 105 has taken a fork
896 116 is thinking
896 95 is eating
896 106 has taken a fork
896 97 is eating
896 103 has taken a fork
896 96 is eating
897 113 has taken a fork
898 19 is sleeping
898 109 has taken a fork
898 111 has taken a fork
898 94 is eating
899 118 has taken a fork
899 99 is eating
899 98 is eating
899 123 is thinking
899 18 is sleeping
899 114 has taken a fork
899 110 has taken a fork
899 16 is sleeping
899 107 has taken a fork
900 23 is sleeping
900 117 has taken a fork
900 115 has taken a fork
901 12 is sleeping
901 120 has taken a fork
901 101 is eating
901 100 is eating
901 124 is thinking
901 21 is sleeping
902 102 is eating
902 108 has taken a fork
902 129 is thinking
902 119 has taken a fork
902 127 is thinking
902 14 is sleeping
902 104 is eating
902 29 is sleeping
902 121 has taken a fork
902 122 has taken a fork
902 125 is thinking
903 112 has taken a fork
903 105 is eating
903 106 is eating
903 103 is eating
903 126 is thinking
903 25 is sleeping
903 116 has taken a fork
904 113 has taken a fork
904 109 is eating
904 111 is eating
905 118 has taken a fork
905 114 has taken a fork
905 24 is sleeping
905 110 is eating
905 123 has taken a fork
905 107 is eating
905 20 is sleeping
905 135 is thinking
906 131 is thinking
906 117 has taken a fork
906 115 has taken a fork
907 133 is thinking
907 120 has taken a fork
907 27 is sleeping
908 124 has taken a fork
908 108 is eating
908 129 has taken a fork
908 119 has taken a fork
908 121 has taken a fork
908 122 has taken a fork
908 112 is eating
908 30 is sleeping
909 127 has taken a fork
909 116 has taken a fork
910 113 is eating
911 118 is eating
911 114 is eating
911 123 has taken a fork
912 28 is sleeping
912 125 has taken a fork
912 117 is eating
912 22 is sleeping
913 115 is eating
913 126 has taken a fork
913 120 is eating
913 124 has taken a fork
914 129 has taken a fork
914 119 is eating
914 121 is eating
914 122 is eating
914 127 has taken a fork
914 116 is eating
916 31 is sleeping
916 135 has taken a fork
916 123 is eating
917 128 is thinking
917 125 has taken a fork
917 132 is thinking
918 126 has taken a fork
918 124 is eating
918 129 is eating
918 26 is sleeping
918 131 has taken a fork
919 127 is eating
919 130 is thinking
919 34 is sleeping
919 135 has taken a fork
920 133 has taken a fork
920 137 is thinking
920 141 is thinking
921 134 is thinking
921 139 is thinking
921 125 is eating
921 138 is thinking
921 142 is thinking
921 136 is thinking
922 126 is eating
922 131 has taken a fork
922 33 is sleeping
922 128 has taken a fork
923 135 is eating
923 145 is thinking
923 143 is thinking
923 133 has taken a fork
923 140 is thinking
925 131 is eating
926 128 has taken a fork
926 37 is sleeping
926 132 has taken a fork
926 133 is eating
927 144 is thinking
927 148 is thinking
927 128 is eating
927 132 has taken a fork
927 147 is thinking
927 36 is sleeping
927 130 has taken a fork
927 132 is eating
928 130 has taken a fork
928 130 is eating
929 40 is sleeping
929 137 has taken a fork
929 137 has taken a fork
929 137 is eating
929 141 has taken a fork
929 141 has taken a fork
929 141 is eating
929 35 is sleeping
930 146 is thinking
930 32 is sleeping
930 134 has taken a fork
930 134 has taken a fork
930 134 is eating
931 39 is sleeping
932 41 is sleeping
932 151 is thinking
932 149 is thinking
932 153 is thinking
932 138 has taken a fork
932 138 has taken a fork
932 138 is eating
932 139 has taken a fork
932 139 has taken a fork
932 139 is eating
933 156 is thinking
933 152 is thinking
934 38 is sleeping
934 45 is sleeping
934 136 has taken a fork
935 43 is sleeping
935 145 has taken a fork
936 142 has taken a fork
936 136 has taken a fork
936 51 is sleeping
936 143 has taken a fork
937 145 has taken a fork
937 42 is sleeping
937 142 has taken a fork
937 46 is sleeping
937 140 has taken a fork
937 144 has taken a fork
937 136 is eating
937 143 has taken a fork
937 145 is eating
937 142 is eating
937 140 has taken a fork
938 144 has taken a fork
938 155 is thinking
939 143 is eating
939 140 is eating
939 144 is eating
939 47 is sleeping
940 148 has taken a fork
940 44 is sleeping
940 147 has taken a fork
940 49 is sleeping
940 146 has taken a fork
940 148 has taken a fork
940 150 is thinking
940 53 is sleeping
941 147 has taken a fork
941 151 has taken a fork
941 146 has taken a fork
941 50 is sleeping
941 148 is eating
941 149 has taken a fork
941 154 is thinking
942 147 is eating
942 151 has taken a fork
942 146 is eating
942 159 is thinking
942 55 is sleeping
942 149 has taken a fork
942 153 has taken a fork
942 56 is sleeping
943 151 is eating
943 149 is eating
943 153 has taken a fork
943 156 has taken a fork
944 157 is thinking
944 165 is thinking
944 161 is thinking
944 162 is thinking
944 164 is thinking
944 160 is thinking
944 48 is sleeping
945 153 is eating
945 152 has taken a fork
945 156 has taken a fork
946 169 is thinking
946 167 is thinking
947 52 is sleeping
947 155 has taken a fork
947 166 is thinking
948 168 is thinking
948 163 is thinking
948 158 is thinking
948 57 is sleeping
949 150 has taken a fork
949 152 has taken a fork
949 156 is eating
949 170 is thinking
949 54 is sleeping
949 59 is sleeping
949 154 has taken a fork
949 171 is thinking
949 159 has taken a fork
949 173 is thinking
949 61 is sleeping
949 155 has taken a fork
950 157 has taken a fork
950 58 is sleeping
950 165 has taken a fork
950 150 has taken a fork
950 152 is eating
950 154 has taken a fork
951 159 has taken a fork
951 155 is eating
951 157 has taken a fork
951 63 is sleeping
952 64 is sleeping
952 161 has taken a fork
952 165 has taken a fork
953 162 has taken a fork
953 150 is eating
953 154 is eating
953 65 is sleeping
953 69 is sleeping
954 159 is eating
954 164 has taken a fork
954 160 has taken a fork
954 157 is eating
955 174 is thinking
955 161 has taken a fork
955 165 is eating
956 172 is thinking
956 162 has taken a fork
956 177 is thinking
957 176 is thinking
957 164 has taken a fork
957 160 has taken a fork
958 181 is thinking
958 180 is thinking
958 67 is sleeping
958 178 is thinking
958 175 is thinking
960 169 has taken a fork
960 66 is sleeping
961 179 is thinking
961 161 is eating
961 167 has taken a fork
961 62 is sleeping
961 166 has taken a fork
961 162 is eating
962 164 is eating
962 160 is eating
962 71 is sleeping
962 60 is sleeping
962 163 has taken a fork
962 73 is sleeping
962 168 has taken a fork
962 183 is thinking
962 169 has taken a fork
962 68 is sleeping
962 158 has taken a fork
963 170 has taken a fork
963 185 is thinking
963 167 has taken a fork
963 166 has taken a fork
963 163 has taken a fork
963 72 is sleeping
963 171 has taken a fork
963 168 has taken a fork
964 70 is sleeping
964 173 has taken a fork
964 169 is eating
966 158 has taken a fork
966 170 has taken a fork
966 182 is thinking
966 174 has taken a fork
966 74 is sleeping
966 189 is thinking
966 167 is eating
967 166 is eating
967 163 is eating
967 171 has taken a fork
968 168 is eating
968 81 is sleeping
968 77 is sleeping
968 173 has taken a fork
968 188 is thinking
968 172 has taken a fork
968 177 has taken a fork
970 184 is thinking
971 75 is sleeping
971 176 has taken a fork
971 79 is sleeping
971 181 has taken a fork
971 191 is thinking
971 158 is eating
972 170 is eating
972 187 is thinking
972 174 has taken a fork
973 190 is thinking
973 171 is eating
973 186 is thinking
973 173 is eating
973 172 has taken a fork
973 177 has taken a fork
973 192 is thinking
973 193 is thinking
973 195 is thinking
974 83 is sleeping
974 78 is sleeping
975 178 has taken a fork
975 76 is sleeping
975 180 has taken a fork
975 175 has taken a fork
975 197 is thinking
975 176 has taken a fork
975 181 has taken a fork
975 82 is sleeping
976 179 has taken a fork
976 80 is sleeping
976 174 is eating
976 198 is thinking
976 85 is sleeping
977 182 has taken a fork
977 87 is sleeping
978 183 has taken a fork
978 194 is thinking
978 196 is thinking
978 185 has taken a fork
978 172 is eating
978 177 is eating
979 84 is sleeping
979 189 has taken a fork
980 178 has taken a fork
980 88 is sleeping
980 188 has taken a fork
981 89 is sleeping
981 180 has taken a fork
982 175 has taken a fork
982 176 is eating
982 181 is eating
982 1 is thinking
982 184 has taken a fork
982 179 has taken a fork
982 5 is thinking
982 90 is sleeping
982 86 is sleeping
982 182 has taken a fork
983 3 is thinking
984 191 has taken a fork
984 187 has taken a fork
984 183 has taken a fork
985 185 has taken a fork
985 9 is thinking
985 91 is sleeping
985 190 has taken a fork
986 189 has taken a fork
986 178 is eating
986 92 is sleeping
986 93 is sleeping
986 192 has taken a fork
986 186 has taken a fork
986 188 has taken a fork
986 96 is sleeping
987 97 is sleeping
987 95 is sleeping
987 195 has taken a fork
987 193 has taken a fork
987 180 is eating
987 197 has taken a fork
987 175 is eating
987 184 has taken a fork
987 179 is eating
988 2 is thinking
988 182 is eating
988 10 is thinking
988 11 is thinking
988 7 is thinking
988 94 is sleeping
988 198 has taken a fork
988 4 is thinking
988 191 has taken a fork
988 99 is sleeping
988 98 is sleeping
988 196 has taken a fork
988 194 has taken a fork
989 187 has taken a fork
990 183 is eating
990 185 is eating
990 190 has taken a fork
990 189 is eating
990 192 has taken a fork
990 186 has taken a fork
990 188 is eating
990 195 has taken a fork
991 193 has taken a fork
991 101 is sleeping
991 1 has taken a fork
991 197 has taken a fork
991 100 is sleeping
992 184 is eating
992 15 is thinking
993 5 has taken a fork
993 102 is sleeping
994 198 has taken a fork
994 191 is eating
994 196 has taken a fork
995 194 has taken a fork
996 3 has taken a fork
996 104 is sleeping
996 106 is sleeping
996 17 is thinking
997 2 has taken a fork
997 105 is sleeping
998 9 has taken a fork
999 187 is eating
999 10 has taken a fork
999 103 is sleeping
1000 190 is eating
1000 11 has taken a fork
1000 192 is eating
1000 186 is eating
1001 195 is eating
1001 13 is thinking
1001 109 is sleeping
1002 193 is eating
1002 111 is sleeping
1003 4 has taken a fork
1003 1 has taken a fork
1003 197 is eating
1003 7 has taken a fork
1003 110 is sleeping
1004 15 has taken a fork
1004 107 is sleeping
1004 5 has taken a fork
1004 198 is eating
1004 196 is eating
1004 6 is thinking
1005 194 is eating
1006 8 is thinking
1007 108 is sleeping
1007 3 has taken a fork
1007 17 has taken a fork
1007 112 is sleeping
1008 2 has taken a fork
1008 9 has taken a fork
1009 19 is thinking
1009 18 is thinking
1009 113 is sleeping
1009 10 has taken a fork
1010 16 is thinking
1010 23 is thinking
1011 118 is sleeping
1011 114 is sleeping
1011 11 has taken a fork
1012 21 is thinking
1012 12 is thinking
1012 13 has taken a fork
1013 117 is sleeping
1013 120 is sleeping
1013 29 is thinking
1013 115 is sleeping
1013 14 is thinking
1013 25 is thinking
1013 4 has taken a fork
1013 1 is eating
1014 119 is sleeping
1014 7 has taken a fork
1015 15 has taken a fork
1015 5 is eating
1016 6 has taken a fork
1016 20 is thinking
1016 122 is sleeping
1016 24 is thinking
1017 121 is sleeping
1017 116 is sleeping
1017 8 has taken a fork
1017 27 is thinking
1019 3 is eating
1019 17 has taken a fork
1020 123 is sleeping
1021 30 is thinking
1021 2 is eating
1021 9 is eating
1021 19 has taken a fork
1021 18 has taken a fork
1021 10 is eating
1021 129 is sleeping
1022 124 is sleeping
1023 16 has taken a fork
1023 23 has taken a fork
1025 127 is sleeping
1030 11 is eating
1030 21 has taken a fork
1031 22 is thinking
1031 28 is thinking
1031 12 has taken a fork
1031 13 has taken a fork
1031 29 has taken a fork
1031 14 has taken a fork
1031 25 has taken a fork
1031 4 is eating
1031 125 is sleeping
1031 126 is sleeping
1031 7 is eating
1031 15 is eating
1031 31 is thinking
1031 6 has taken a fork
1031 20 has taken a fork
1031 24 has taken a fork
1031 135 is sleeping
1031 8 has taken a fork
1031 27 has taken a fork
1036 26 is thinking
1037 34 is thinking
1038 17 is eating
1038 131 is sleeping
1039 133 is sleeping
1044 30 has taken a fork
1044 19 has taken a fork
1044 18 has taken a fork
1044 33 is thinking
1044 128 is sleeping
1045 16 has taken a fork
1045 23 has taken a fork
1045 132 is sleeping
1045 37 is thinking
1045 141 is sleeping
1046 40 is thinking
1046 130 is sleeping
1047 32 is thinking
1048 137 is sleeping
1049 21 has taken a fork
1049 36 is thinking
1049 22 has taken a fork
1049 28 has taken a fork
1049 12 has taken a fork
1050 13 is eating
1050 29 has taken a fork
1050 14 has taken a fork
1050 25 has taken a fork
1050 31 has taken a fork
1050 6 is eating
1050 20 has taken a fork
1050 24 has taken a fork
1050 8 is eating
1050 139 is sleeping
1051 41 is thinking
1051 35 is thinking
1051 134 is sleeping
1051 39 is thinking
1051 27 has taken a fork
1051 38 is thinking
1051 43 is thinking
1052 26 has taken a fork
1052 142 is sleeping
1052 45 is thinking
1052 51 is thinking
1053 46 is thinking
1053 145 is sleeping
1053 34 has taken a fork
1053 143 is sleeping
1053 42 is thinking
1053 140 is sleeping
1054 136 is sleeping
1054 144 is sleeping
1054 53 is thinking
1054 50 is thinking
1054 44 is thinking
1054 47 is thinking
1054 49 is thinking
1054 138 is sleeping
1055 151 is sleeping
1055 146 is sleeping
1055 148 is sleeping
1055 56 is thinking
1055 149 is sleeping
1055 147 is sleeping
1055 153 is sleeping
1055 55 is thinking
1055 30 has taken a fork
1056 19 is eating
1056 18 is eating
1056 33 has taken a fork
1057 48 is thinking
1057 16 is eating
1057 23 is eating
1057 37 has taken a fork
1057 156 is sleeping
1057 40 has taken a fork
1057 152 is sleeping
1058 52 is thinking
1058 32 has taken a fork
1058 57 is thinking
1058 155 is sleeping
1058 21 is eating
1058 61 is thinking
1058 59 is thinking
1058 150 is sleeping
1058 54 is thinking
1058 36 has taken a fork
1058 22 has taken a fork
1058 28 has taken a fork
1058 12 is eating
1058 159 is sleeping
1058 29 is eating
1059 58 is thinking
1059 154 is sleeping
1059 14 is eating
1059 25 is eating
1059 31 has taken a fork
1059 20 is eating
1060 24 is eating
1060 63 is thinking
1060 41 has taken a fork
1061 35 has taken a fork
1061 157 is sleeping
1061 39 has taken a fork
1061 27 is eating
1061 38 has taken a fork
1061 43 has taken a fork
1062 64 is thinking
1063 26 has taken a fork
1063 165 is sleeping
1064 45 has taken a fork
1064 51 has taken a fork
1064 46 has taken a fork
1064 69 is thinking
1064 65 is thinking
1064 34 has taken a fork
1064 42 has taken a fork
1064 53 has taken a fork
1064 50 has taken a fork
1064 44 has taken a fork
1064 47 has taken a fork
1065 49 has taken a fork
1065 56 has taken a fork
1065 55 has taken a fork
1066 30 is eating
1066 162 is sleeping
1067 161 is sleeping
1067 33 has taken a fork
1067 48 has taken a fork
1068 160 is sleeping
1068 164 is sleeping
1069 37 has taken a fork
1069 40 has taken a fork
1070 67 is thinking
1071 52 has taken a fork
1071 32 has taken a fork
1071 57 has taken a fork
1071 61 has taken a fork
1072 59 has taken a fork
1072 54 has taken a fork
1072 36 has taken a fork
1072 22 is eating
1072 28 is eating
1072 58 has taken a fork
1072 31 is eating
1072 63 has taken a fork
1072 66 is thinking
1072 41 has taken a fork
1073 169 is sleeping
1073 35 has taken a fork
1073 167 is sleeping
1074 62 is thinking
1074 39 has taken a fork
1074 38 has taken a fork
1074 43 has taken a fork
1074 68 is thinking
1074 60 is thinking
1075 64 has taken a fork
1075 71 is thinking
1075 73 is thinking
1075 166 is sleeping
1076 163 is sleeping
1076 26 is eating
1076 72 is thinking
1076 70 is thinking
1078 45 has taken a fork
1078 51 has taken a fork
1079 46 has taken a fork
1080 69 has taken a fork
1080 65 has taken a fork
1080 34 is eating
1080 42 has taken a fork
1080 168 is sleeping
1080 53 has taken a fork
1080 50 has taken a fork
1081 44 has taken a fork
1081 47 has taken a fork
1081 49 has taken a fork
1081 56 has taken a fork
1081 55 has taken a fork
1081 158 is sleeping
1081 74 is thinking
1081 170 is sleeping
1081 33 is eating
1082 48 has taken a fork
1082 81 is thinking
1082 173 is sleeping
1082 77 is thinking
1082 171 is sleeping
1083 37 is eating
1083 40 is eating
1083 174 is sleeping
1083 67 has taken a fork
1083 79 is thinking
1083 172 is sleeping
1083 75 is thinking
1083 52 has taken a fork
1083 32 is eating
1083 57 has taken a fork
1084 61 has taken a fork
1084 59 has taken a fork
1084 177 is sleeping
1084 54 has taken a fork
1084 36 is eating
1084 58 has taken a fork
1084 63 has taken a fork
1084 66 has taken a fork
1084 41 is eating
1084 35 is eating
1084 181 is sleeping
1084 78 is thinking
1085 176 is sleeping
1085 83 is thinking
1085 62 has taken a fork
1085 39 is eating
1085 38 is eating
1085 43 is eating
1085 68 has taken a fork
1085 60 has taken a fork
1085 64 has taken a fork
1085 71 has taken a fork
1085 82 is thinking
1085 76 is thinking
1085 73 has taken a fork
1086 85 is thinking
1086 80 is thinking
1086 72 has taken a fork
1087 70 has taken a fork
1087 87 is thinking
1087 178 is sleeping
1087 45 is eating
1087 51 is eating
1087 84 is thinking
1088 180 is sleeping
1088 175 is sleeping
1088 46 is eating
1088 88 is thinking
1088 179 is sleeping
1088 69 has taken a fork
1088 65 has taken a fork
1088 42 is eating
1088 53 is eating
1088 50 is eating
1088 44 is eating
1088 182 is sleeping
1088 47 is eating
1088 49 is eating
1088 56 is eating
1088 55 is eating
1088 89 is thinking
1089 74 has taken a fork
1090 48 is eating
1090 90 is thinking
1090 86 is thinking
1090 81 has taken a fork
1091 183 is sleeping
1091 189 is sleeping
1091 185 is sleeping
1092 77 has taken a fork
1092 188 is sleeping
1092 67 has taken a fork
1092 79 has taken a fork
1092 75 has taken a fork
1093 52 is eating
1093 57 is eating
1093 61 is eating
1093 59 is eating
1094 184 is sleeping
1094 54 is eating
1095 58 is eating
1095 63 is eating
1095 66 has taken a fork
1095 78 has taken a fork
1095 91 is thinking
1095 83 has taken a fork
1096 62 has taken a fork
1096 68 has taken a fork
1096 60 has taken a fork
1096 64 is eating
1097 71 has taken a fork
1097 82 has taken a fork
1097 76 has taken a fork
1098 73 has taken a fork
1098 96 is thinking
1098 85 has taken a fork
1098 92 is thinking
1099 93 is thinking
1099 191 is sleeping
1100 80 has taken a fork
1100 72 has taken a fork
1100 97 is thinking
1101 70 has taken a fork
1101 95 is thinking
1101 87 has taken a fork
1101 84 has taken a fork
1101 88 has taken a fork
1101 94 is thinking
1102 98 is thinking
1102 69 is eating
1102 65 is eating
1102 99 is thinking
1102 89 has taken a fork
1102 74 has taken a fork
1102 186 is sleeping
1102 190 is sleeping
1103 192 is sleeping
1104 187 is sleeping
1104 90 has taken a fork
1104 86 has taken a fork
1104 81 has taken a fork
1104 100 is thinking
1104 101 is thinking
1104 195 is sleeping
1104 193 is sleeping
1104 77 has taken a fork
1105 197 is sleeping
1107 67 is eating
1107 79 has taken a fork
1107 75 has taken a fork
1107 102 is thinking
1107 196 is sleeping
1107 198 is sleeping
1107 194 is sleeping
1107 66 is eating
1107 78 has taken a fork
1108 91 has taken a fork
1108 83 has taken a fork
1109 106 is thinking
1109 104 is thinking
1110 62 is eating
1110 68 is eating
1110 60 is eating
1110 105 is thinking
1111 71 is eating
1111 82 has taken a fork
1111 76 has taken a fork
1111 73 is eating
1111 96 has taken a fork
1111 85 has taken a fork
1111 92 has taken a fork
1112 103 is thinking
1112 93 has taken a fork
1112 80 has taken a fork
1113 1 is sleeping
1113 72 is eating
1113 97 has taken a fork
1113 109 is thinking
1113 70 is eating
1114 95 has taken a fork
1114 87 has taken a fork
1114 84 has taken a fork
1114 88 has taken a fork
1114 94 has taken a fork
1114 98 has taken a fork
1114 5 is sleeping
1115 99 has taken a fork
1116 89 has taken a fork
1116 111 is thinking
1116 74 is eating
1116 110 is thinking
1117 107 is thinking
1117 90 has taken a fork
1117 86 has taken a fork
1117 81 is eating
1117 100 has taken a fork
1117 101 has taken a fork
1118 3 is sleeping
1118 77 is eating
1119 10 is sleeping
1119 9 is sleeping
1119 2 is sleeping
1119 112 is thinking
1120 79 is eating
1120 75 is eating
1120 102 has taken a fork
1120 108 is thinking
1120 78 is eating
1120 91 has taken a fork
1121 83 is eating
1121 113 is thinking
1121 106 has taken a fork
1121 104 has taken a fork
1121 11 is sleeping
1121 105 has taken a fork
1121 4 is sleeping
1121 7 is sleeping
1121 114 is thinking
1121 82 is eating
1121 118 is thinking
1121 76 is eating
1122 96 has taken a fork
1122 85 is eating
1124 92 has taken a fork
1124 15 is sleeping
1124 103 has taken a fork
1124 93 has taken a fork
1124 80 is eating
1125 120 is thinking
1125 115 is thinking
1126 97 has taken a fork
1126 117 is thinking
1126 109 has taken a fork
1127 95 has taken a fork
1127 87 is eating
1127 84 is eating
1127 119 is thinking
1127 88 is eating
1127 94 has taken a fork
1127 98 has taken a fork
1127 99 has taken a fork
1127 89 is eating
1127 111 has taken a fork
1128 122 is thinking
1128 110 has taken a fork
1128 17 is sleeping
1129 121 is thinking
1129 107 has taken a fork
1131 116 is thinking
1131 90 is eating
1131 86 is eating
1131 100 has taken a fork
1131 101 has taken a fork
1132 123 is thinking
1132 102 has taken a fork
1133 91 is eating
1133 106 has taken a fork
1133 104 has taken a fork
1133 129 is thinking
1133 105 has taken a fork
1133 124 is thinking
1134 96 is eating
1135 92 is eating
1135 103 has taken a fork
1135 93 is eating
1135 127 is thinking
1136 13 is sleeping
1136 97 is eating
1137 6 is sleeping
1139 112 has taken a fork
1139 109 has taken a fork
1139 108 has taken a fork
1139 95 is eating
1139 94 is eating
1139 98 is eating
1139 99 is eating
1139 111 has taken a fork
1140 8 is sleeping
1141 113 has taken a fork
1141 110 has taken a fork
1143 107 has taken a fork
1143 125 is thinking
1144 126 is thinking
1144 100 is eating
1144 101 is eating
1144 135 is thinking
1144 102 is eating
1145 18 is sleeping
1145 114 has taken a fork
1146 19 is sleeping
1146 118 has taken a fork
1146 106 is eating
1146 104 is eating
1146 105 is eating
1146 16 is sleeping
1146 23 is sleeping
1146 21 is sleeping
1147 117 has taken a fork
1147 12 is sleeping
1147 119 has taken a fork
1148 115 has taken a fork
1149 120 has taken a fork
1150 103 is eating
1150 29 is sleeping
1151 122 has taken a fork
1152 25 is sleeping
1152 121 has taken a fork
1152 14 is sleeping
1153 116 has taken a fork
1153 20 is sleeping
1153 24 is sleeping
1154 129 has taken a fork
1154 131 is thinking
1154 123 has taken a fork
1154 112 has taken a fork
1154 109 is eating
1154 108 has taken a fork
1154 27 is sleeping
1154 124 has taken a fork
1154 133 is thinking
1154 111 is eating
1155 113 has taken a fork
1155 110 is eating
1155 107 is eating
1155 128 is thinking
1155 30 is sleeping
1155 127 has taken a fork
1155 132 is thinking
1155 141 is thinking
1155 114 has taken a fork
1156 130 is thinking
1156 118 has taken a fork
1156 117 has taken a fork
1156 119 has taken a fork
1156 115 has taken a fork
1157 137 is thinking
1158 120 has taken a fork
1158 139 is thinking
1159 134 is thinking
1159 122 has taken a fork
1160 31 is sleeping
1160 28 is sleeping
1160 142 is thinking
1160 22 is sleeping
1161 121 has taken a fork
1161 125 has taken a fork
1162 126 has taken a fork
1163 135 has taken a fork
1163 116 has taken a fork
1163 140 is thinking
1164 143 is thinking
1165 145 is thinking
1166 136 is thinking
1166 144 is thinking
1166 138 is thinking
1167 129 has taken a fork
1167 123 has taken a fork
1167 112 is eating
1167 108 is eating
1167 124 has taken a fork
1167 147 is thinking
1167 149 is thinking
1168 153 is thinking
1169 151 is thinking
1171 148 is thinking
1171 146 is thinking
1172 113 is eating
1172 127 has taken a fork
1172 114 is eating
1172 26 is sleeping
1172 118 is eating
1172 117 is eating
1173 119 is eating
1173 115 is eating
1174 131 has taken a fork
1174 156 is thinking
1174 152 is thinking
1175 120 is eating
1175 159 is thinking
1175 150 is thinking
1175 155 is thinking
1175 34 is sleeping
1175 133 has taken a fork
1175 154 is thinking
1175 122 is eating
1175 157 is thinking
1176 121 is eating
1176 125 has taken a fork
1176 126 has taken a fork
1177 135 has taken a fork
1177 116 is eating
1177 165 is thinking
1177 37 is sleeping
1177 40 is sleeping
1177 32 is sleeping
1177 33 is sleeping
1177 130 has taken a fork
1177 132 has taken a fork
1177 141 has taken a fork
1177 36 is sleeping
1177 137 has taken a fork
1177 161 is thinking
1178 162 is thinking
1179 128 has taken a fork
1179 129 is eating
1179 123 is eating
1179 124 is eating
1180 164 is thinking
1180 39 is sleeping
1180 139 has taken a fork
1180 41 is sleeping
1180 35 is sleeping
1180 160 is thinking
1180 134 has taken a fork
1180 142 has taken a fork
1182 43 is sleeping
1183 38 is sleeping
1183 143 has taken a fork
1183 45 is sleeping
1183 51 is sleeping
1183 136 has taken a fork
1185 145 has taken a fork
1185 50 is sleeping
1185 144 has taken a fork
1185 49 is sleeping
1186 42 is sleeping
1186 138 has taken a fork
1186 147 has taken a fork
1186 47 is sleeping
1186 149 has taken a fork
1186 44 is sleeping
1186 153 has taken a fork
1187 53 is sleeping
1188 140 has taken a fork
1188 46 is sleeping
1188 148 has taken a fork
1189 151 has taken a fork
1189 56 is sleeping
1189 146 has taken a fork
1189 55 is sleeping
1189 127 is eating
1189 167 is thinking
1189 169 is thinking
1189 48 is sleeping
1189 131 has taken a fork
1190 156 has taken a fork
1190 152 has taken a fork
1190 166 is thinking
1190 133 has taken a fork
1190 52 is sleeping
1190 54 is sleeping
1190 150 has taken a fork
1190 159 has taken a fork
1190 59 is sleeping
1190 61 is sleeping
1190 155 has taken a fork
1190 154 has taken a fork
1190 163 is thinking
1190 57 is sleeping
1191 125 is eating
1191 157 has taken a fork
1192 126 is eating
1192 58 is sleeping
1192 135 is eating
1193 165 has taken a fork
1193 130 has taken a fork
1193 132 has taken a fork
1193 141 has taken a fork
1193 137 has taken a fork
1194 63 is sleeping
1194 64 is sleeping
1194 162 has taken a fork
1194 161 has taken a fork
1194 128 has taken a fork
1194 139 has taken a fork
1194 168 is thinking
1195 134 has taken a fork
1195 142 has taken a fork
1196 170 is thinking
1196 158 is thinking
1196 171 is thinking
1196 173 is thinking
1196 69 is sleeping
1196 164 has taken a fork
1196 172 is thinking
1196 65 is sleeping
1196 160 has taken a fork
1196 174 is thinking
1196 143 has taken a fork
1197 136 has taken a fork
1197 176 is thinking
1197 145 has taken a fork
1197 177 is thinking
1198 181 is thinking
1199 144 has taken a fork
1199 138 has taken a fork
1199 147 has taken a fork
1199 149 has taken a fork
1199 153 has taken a fork
1200 178 is thinking
1200 182 is thinking
1200 175 is thinking
1200 180 is thinking
1200 140 has taken a fork
1200 179 is thinking
1200 148 has taken a fork
1200 151 has taken a fork
1200 67 is sleeping
1200 146 has taken a fork
1200 167 has taken a fork
1201 131 is eating
1201 156 has taken a fork
1201 152 has taken a fork
1201 133 is eating
1201 150 has taken a fork
1202 159 has taken a fork
1202 155 has taken a fork
1203 154 has taken a fork
1203 66 is sleeping
1203 185 is thinking
1203 169 has taken a fork
1203 183 is thinking
1204 189 is thinking
1204 157 has taken a fork
1204 62 is sleeping
1205 188 is thinking
1205 68 is sleeping
1205 166 has taken a fork
1205 165 has taken a fork
1205 163 has taken a fork
1206 130 is eating
1206 60 is sleeping
1206 132 is eating
1206 71 is sleeping
1206 73 is sleeping
1207 141 is eating
1207 137 is eating
1208 184 is thinking
1208 162 has taken a fork
1208 161 has taken a fork
1209 128 is eating
1209 139 is eating
1209 168 has taken a fork
1209 70 is sleeping
1209 72 is sleeping
1210 134 is eating
1210 142 is eating
1210 170 has taken a fork
1210 171 has taken a fork
1210 158 has taken a fork
1210 173 has taken a fork
1210 164 has taken a fork
1210 160 has taken a fork
1210 143 is eating
1211 136 is eating
1211 145 is eating
1211 144 is eating
1211 138 is eating
1212 191 is thinking
1212 74 is sleeping
1212 172 has taken a fork
1212 147 is eating
1212 149 is eating
1213 153 is eating
1213 81 is sleeping
1213 174 has taken a fork
1213 140 is eating
1214 148 is eating
1214 151 is eating
1214 146 is eating
1214 167 has taken a fork
1215 77 is sleeping
1215 176 has taken a fork
1215 156 is eating
1216 152 is eating
1216 150 is eating
1216 78 is sleeping
1216 79 is sleeping
1216 159 is eating
1216 75 is sleeping
1216 186 is thinking
1216 178 has taken a fork
1216 190 is thinking
1217 155 is eating
1217 154 is eating
1217 82 is sleeping
1217 182 has taken a fork
1217 76 is sleeping
1217 83 is sleeping
1218 192 is thinking
1219 175 has taken a fork
1219 180 has taken a fork
1220 177 has taken a fork
1221 169 has taken a fork
1223 181 has taken a fork
1223 193 is thinking
1223 195 is thinking
1223 85 is sleeping
1223 157 is eating
1223 187 is thinking
1223 179 has taken a fork
1223 197 is thinking
1224 80 is sleeping
1224 185 has taken a fork
1225 166 has taken a fork
1225 165 is eating
1225 163 has taken a fork
1226 196 is thinking
1226 198 is thinking
1226 84 is sleeping
1226 87 is sleeping
1226 189 has taken a fork
1226 194 is thinking
1226 183 has taken a fork
1226 88 is sleeping
1226 89 is sleeping
1228 184 has taken a fork
1228 188 has taken a fork
1228 162 is eating
1229 161 is eating
1229 168 has taken a fork
1229 170 has taken a fork
1229 171 has taken a fork
1229 158 has taken a fork
1229 173 has taken a fork
1229 164 is eating
1229 160 is eating
1229 86 is sleeping
1229 90 is sleeping
1230 191 has taken a fork
1230 172 has taken a fork
1230 1 is thinking
1230 174 has taken a fork
1230 91 is sleeping
1230 5 is thinking
1230 167 is eating
1230 176 has taken a fork
1230 96 is sleeping
1230 186 has taken a fork
1230 178 has taken a fork
1230 190 has taken a fork
1231 182 has taken a fork
1231 93 is sleeping
1232 92 is sleeping
1233 3 is thinking
1234 192 has taken a fork
1237 97 is sleeping
1238 10 is thinking
1238 9 is thinking
1238 2 is thinking
1238 175 has taken a fork
1238 180 has taken a fork
1238 95 is sleeping
1241 177 has taken a fork
1241 99 is sleeping
1243 7 is thinking
1244 4 is thinking
1245 94 is sleeping
1245 11 is thinking
1245 98 is sleeping
1245 169 is eating
1245 181 has taken a fork
1246 193 has taken a fork
1246 195 has taken a fork
1246 187 has taken a fork
1246 179 has taken a fork
1246 197 has taken a fork
1246 100 is sleeping
1246 15 is thinking
1246 101 is sleeping
1246 185 has taken a fork
1246 166 is eating
1246 196 has taken a fork
1246 198 has taken a fork
1246 189 has taken a fork
1246 194 has taken a fork
1247 183 has taken a fork
1247 163 is eating
1247 102 is sleeping
1247 104 is sleeping
1247 17 is thinking
1247 106 is sleeping
1248 105 is sleeping
1249 184 has taken a fork
1249 188 has taken a fork
1249 168 is eating
1249 170 is eating
1249 171 is eating
1249 158 is eating
1250 173 is eating
1250 191 has taken a fork
1250 172 is eating
1251 1 has taken a fork
1251 174 is eating
1251 5 has taken a fork
1251 176 is eating
1252 186 has taken a fork
1252 178 is eating
1252 190 has taken a fork
1252 182 is eating
1252 103 is sleeping
1252 3 has taken a fork
1252 192 has taken a fork
1252 111 is sleeping
1253 109 is sleeping
1253 110 is sleeping
1253 6 is thinking
1254 13 is thinking
1254 107 is sleeping
1254 10 has taken a fork
1255 9 has taken a fork
1255 2 has taken a fork
1255 175 is eating
1255 180 is eating
1255 8 is thinking
1255 177 is eating
1255 7 has taken a fork
1255 4 has taken a fork
1255 18 is thinking
1256 11 has taken a fork
1256 181 is eating
1257 16 is thinking
1257 193 has taken a fork
1257 19 is thinking
1258 195 has taken a fork
1258 187 has taken a fork
1259 23 is thinking
1260 179 is eating
1260 197 has taken a fork
1260 15 has taken a fork
1261 185 is eating
1261 196 has taken a fork
1261 198 has taken a fork
1261 189 is eating
1261 194 has taken a fork
1261 108 is sleeping
1261 183 is eating
1262 21 is thinking
1262 12 is thinking
1262 112 is sleeping
1262 17 has taken a fork
1262 184 is eating
1262 188 is eating
1263 113 is sleeping
1263 29 is thinking
1263 191 is eating
1263 1 has taken a fork
1263 5 has taken a fork
1263 14 is thinking
1264 186 is eating
1264 190 is eating
1264 25 is thinking
1264 3 has taken a fork
1264 192 is eating
1265 118 is sleeping
1265 114 is sleeping
1266 20 is thinking
1266 24 is thinking
1266 6 has taken a fork
1266 117 is sleeping
1266 115 is sleeping
1266 119 is sleeping
1267 27 is thinking
1267 13 has taken a fork
1267 10 has taken a fork
1268 30 is thinking
1269 120 is sleeping
1270 9 has taken a fork
1270 2 has taken a fork
1270 8 has taken a fork
1270 7 has taken a fork
1271 4 has taken a fork
1271 18 has taken a fork
1271 122 is sleeping
1271 121 is sleeping
1272 11 has taken a fork
1274 116 is sleeping
1274 193 is eating
1274 16 has taken a fork
1274 19 has taken a fork
1275 195 is eating
1275 187 is eating
1275 124 is sleeping
1276 123 is sleeping
1276 23 has taken a fork
1276 129 is sleeping
1277 28 is thinking
1277 31 is thinking
1278 22 is thinking
1278 197 is eating
1278 15 has taken a fork
1279 196 is eating
1279 198 is eating
1279 194 is eating
1279 21 has taken a fork
1280 12 has taken a fork
1280 17 has taken a fork
1280 29 has taken a fork
1280 1 is eating
1281 5 is eating
1281 14 has taken a fork
1281 25 has taken a fork
1282 3 is eating
1282 20 has taken a fork
1282 24 has taken a fork
1283 6 has taken a fork
1283 127 is sleeping
1283 27 has taken a fork
1283 13 has taken a fork
1283 10 is eating
1283 30 has taken a fork
1284 9 is eating
1284 2 is eating
1284 8 has taken a fork
1284 7 is eating
1284 4 is eating
1285 18 has taken a fork
1285 26 is thinking
1285 125 is sleeping
1286 126 is sleeping
1286 135 is sleeping
1287 11 is eating
1287 16 has taken a fork
1287 19 has taken a fork
1287 34 is thinking
1287 23 has taken a fork
1287 36 is thinking
1287 40 is thinking
1287 32 is thinking
1287 33 is thinking
1287 37 is thinking
1288 28 has taken a fork
1288 31 has taken a fork
1288 22 has taken a fork
1288 15 is eating
1289 131 is sleeping
1289 21 has taken a fork
1289 133 is sleeping
1289 12 has taken a fork
1290 17 is eating
1290 41 is thinking
1290 39 is thinking
1291 35 is thinking
1292 29 has taken a fork
1292 14 has taken a fork
1292 25 has taken a fork
1293 43 is thinking
1293 20 has taken a fork
1294 24 has taken a fork
1295 45 is thinking
1295 27 has taken a fork
1295 13 is eating
1296 6 is eating
1296 38 is thinking
1296 51 is thinking
1296 30 has taken a fork
1296 8 is eating
1297 50 is thinking
1297 18 is eating
1297 49 is thinking
1298 26 has taken a fork
1298 130 is sleeping
1298 132 is sleeping
1300 44 is thinking
1300 47 is thinking
1300 42 is thinking
1300 16 is eating
1300 19 is eating
1301 34 has taken a fork
1301 23 is eating
1301 36 has taken a fork
1302 40 has taken a fork
1302 53 is thinking
1303 141 is sleeping
1303 137 is sleeping
1303 46 is thinking
1303 28 has taken a fork
1304 31 has taken a fork
1304 22 has taken a fork
1304 32 has taken a fork
1304 33 has taken a fork
1305 128 is sleeping
1305 37 has taken a fork
1305 142 is sleeping
1305 134 is sleeping
1306 55 is thinking
1306 139 is sleeping
1307 56 is thinking
1307 48 is thinking
1307 21 is eating
1308 12 is eating
1308 143 is sleeping
1308 61 is thinking
1308 59 is thinking
1309 52 is thinking
1309 57 is thinking
1309 54 is thinking
1309 41 has taken a fork
1309 39 has taken a fork
1309 136 is sleeping
1309 145 is sleeping
1310 138 is sleeping
1310 35 has taken a fork
1310 58 is thinking
1310 140 is sleeping
1310 29 is eating
1310 153 is sleeping
1310 147 is sleeping
1311 14 is eating
1311 149 is sleeping
1311 144 is sleeping
1311 25 is eating
1312 146 is sleeping
1312 148 is sleeping
1312 151 is sleeping
1312 43 has taken a fork
1313 20 is eating
1313 63 is thinking
1313 64 is thinking
1313 24 is eating
1313 45 has taken a fork
1313 156 is sleeping
1313 152 is sleeping
1313 27 is eating
1313 65 is thinking
1314 69 is thinking
1314 159 is sleeping
1314 150 is sleeping
1314 38 has taken a fork
1314 51 has taken a fork
1314 30 is eating
1315 154 is sleeping
1315 155 is sleeping
1315 50 has taken a fork
1315 49 has taken a fork
1316 26 has taken a fork
1316 157 is sleeping
1316 44 has taken a fork
1316 47 has taken a fork
1316 42 has taken a fork
1316 165 is sleeping
1316 67 is thinking
1316 34 has taken a fork
1317 36 has taken a fork
1317 40 has taken a fork
1317 53 has taken a fork
1318 66 is thinking
1319 46 has taken a fork
1319 28 is eating
1319 31 is eating
1319 22 is eating
1320 32 has taken a fork
1320 162 is sleeping
1321 62 is thinking
1321 161 is sleeping
1321 33 has taken a fork
1321 68 is thinking
1321 37 has taken a fork
1321 160 is sleeping
1321 164 is sleeping
1322 71 is thinking
1323 55 has taken a fork
1323 60 is thinking
1323 73 is thinking
1323 56 has taken a fork
1323 48 has taken a fork
1323 61 has taken a fork
1323 59 has taken a fork
1323 52 has taken a fork
1324 72 is thinking
1324 57 has taken a fork
1324 54 has taken a fork
1324 70 is thinking
1324 41 has taken a fork
1324 39 has taken a fork
1324 167 is sleeping
1324 35 has taken a fork
1324 58 has taken a fork
1325 74 is thinking
1325 43 has taken a fork
1325 81 is thinking
1325 63 has taken a fork
1326 64 has taken a fork
1326 45 has taken a fork
1326 65 has taken a fork
1326 69 has taken a fork
1326 38 has taken a fork
1327 51 has taken a fork
1327 77 is thinking
1327 50 has taken a fork
1328 49 has taken a fork
1328 75 is thinking
1328 78 is thinking
1328 26 is eating
1329 44 has taken a fork
1329 47 has taken a fork
1329 42 has taken a fork
1329 79 is thinking
1329 67 has taken a fork
1330 34 is eating
1330 76 is thinking
1331 36 is eating
1331 82 is thinking
1332 83 is thinking
1332 40 is eating
1333 53 has taken a fork
1333 169 is sleeping
1333 66 has taken a fork
1333 46 has taken a fork
1333 166 is sleeping
1334 32 is eating
1334 163 is sleeping
1334 62 has taken a fork
1335 33 is eating
1335 68 has taken a fork
1336 37 is eating
1336 168 is sleeping
1336 71 has taken a fork
1336 170 is sleeping
1336 173 is sleeping
1336 85 is thinking
1336 55 has taken a fork
1337 60 has taken a fork
1337 73 has taken a fork
1337 56 has taken a fork
1338 158 is sleeping
1338 48 has taken a fork
1338 61 has taken a fork
1338 59 has taken a fork
1338 171 is sleeping
1339 52 has taken a fork
1339 72 has taken a fork
1339 57 has taken a fork
1340 80 is thinking
1340 54 has taken a fork
1341 70 has taken a fork
1341 41 is eating
1341 39 is eating
1341 35 is eating
1341 58 has taken a fork
1342 43 is eating
1342 172 is sleeping
1342 74 has taken a fork
1342 63 has taken a fork
1342 87 is thinking
1342 89 is thinking
1342 174 is sleeping
1342 176 is sleeping
1342 84 is thinking
1343 88 is thinking
1343 64 has taken a fork
1343 81 has taken a fork
1343 45 is eating
1343 65 has taken a fork
1343 69 has taken a fork
1343 38 is eating
1344 178 is sleeping
1344 51 is eating
1344 77 has taken a fork
1344 50 is eating
1344 49 is eating
1344 182 is sleeping
1345 75 has taken a fork
1345 78 has taken a fork
1345 175 is sleeping
1345 180 is sleeping
1345 177 is sleeping
1346 86 is thinking
1346 44 is eating
1346 90 is thinking
1346 47 is eating
1346 42 is eating
1346 79 has taken a fork
1346 67 has taken a fork
1346 181 is sleeping
1347 91 is thinking
1347 96 is thinking
1347 76 has taken a fork
1347 93 is thinking
1347 82 has taken a fork
1347 83 has taken a fork
1347 92 is thinking
1347 185 is sleeping
1349 179 is sleeping
1350 53 is eating
1350 66 has taken a fork
1350 46 is eating
1350 183 is sleeping
1350 189 is sleeping
1351 62 has taken a fork
1351 184 is sleeping
1351 188 is sleeping
1351 68 has taken a fork
1351 71 has taken a fork
1352 85 has taken a fork
1352 55 is eating
1353 60 has taken a fork
1353 97 is thinking
1353 73 has taken a fork
1353 56 is eating
1353 191 is sleeping
1354 95 is thinking
1354 48 is eating
1354 61 is eating
1354 59 is eating
1354 52 is eating
1354 72 has taken a fork
1355 57 is eating
1355 80 has taken a fork
1355 186 is sleeping
1355 190 is sleeping
1355 54 is eating
1356 99 is thinking
1357 70 has taken a fork
1358 58 is eating
1358 192 is sleeping
1359 74 has taken a fork
1359 63 is eating
1359 87 has taken a fork
1359 89 has taken a fork
1359 84 has taken a fork
1359 88 has taken a fork
1359 64 is eating
1359 81 has taken a fork
1359 65 is eating
1359 69 is eating
1360 77 has taken a fork
1360 98 is thinking
1361 75 has taken a fork
1361 94 is thinking
1361 78 has taken a fork
1361 86 has taken a fork
1361 100 is thinking
1362 101 is thinking
1362 90 has taken a fork
1362 79 has taken a fork
1363 67 is eating
1363 102 is thinking
1363 106 is thinking
1363 104 is thinking
1363 91 has taken a fork
1363 96 has taken a fork
1363 76 has taken a fork
1364 82 has taken a fork
1364 83 has taken a fork
1364 105 is thinking
1364 195 is sleeping
1365 193 is sleeping
1365 92 has taken a fork
1365 187 is sleeping
1365 93 has taken a fork
1365 66 is eating
1365 197 is sleeping
1365 62 is eating
1365 68 is eating
1366 71 is eating
1366 111 is thinking
1366 103 is thinking
1366 85 has taken a fork
1366 110 is thinking
1366 60 is eating
1366 198 is sleeping
1366 97 has taken a fork
1366 194 is sleeping
1366 109 is thinking
1366 196 is sleeping
1366 73 is eating
1366 107 is thinking
1366 95 has taken a fork
1367 72 is eating
1367 80 has taken a fork
1367 1 is sleeping
1367 5 is sleeping
1367 99 has taken a fork
1367 70 is eating
1367 3 is sleeping
1367 74 is eating
1368 89 has taken a fork
1369 87 has taken a fork
1370 84 has taken a fork
1370 88 has taken a fork
1370 81 is eating
1371 77 is eating
1372 98 has taken a fork
1373 108 is thinking
1373 75 is eating
1374 94 has taken a fork
1376 9 is sleeping
1376 78 is eating
1376 86 has taken a fork
1376 10 is sleeping
1376 2 is sleeping
1376 100 has taken a fork
1377 101 has taken a fork
1377 112 is thinking
1377 90 has taken a fork
1377 79 is eating
1377 102 has taken a fork
1377 106 has taken a fork
1377 104 has taken a fork
1377 113 is thinking
1377 91 has taken a fork
1378 96 has taken a fork
1378 76 is eating
1378 4 is sleeping
1378 82 is eating
1378 7 is sleeping
1378 83 is eating
1378 105 has taken a fork
1378 118 is thinking
1379 114 is thinking
1379 92 has taken a fork
1379 93 has taken a fork
1379 111 has taken a fork
1379 103 has taken a fork
1379 85 is eating
1379 97 has taken a fork
1379 11 is sleeping
1379 110 has taken a fork
1380 95 has taken a fork
1380 15 is sleeping
1380 109 has taken a fork
1381 80 is eating
1381 99 has taken a fork
1381 119 is thinking
1382 115 is thinking
1383 117 is thinking
1383 89 is eating
1384 87 is eating
1384 17 is sleeping
1384 107 has taken a fork
1384 120 is thinking
1385 84 is eating
1385 88 is eating
1386 122 is thinking
1387 121 is thinking
1388 98 has taken a fork
1388 94 has taken a fork
1388 116 is thinking
1388 13 is sleeping
1389 6 is sleeping
1389 124 is thinking
1389 108 has taken a fork
1389 123 is thinking
1389 129 is thinking
1390 86 is eating
1390 18 is sleeping
1390 8 is sleeping
1390 100 has taken a fork
1391 101 has taken a fork
1391 112 has taken a fork
1392 90 is eating
1393 102 has taken a fork
1394 106 has taken a fork
1394 104 has taken a fork
1394 113 has taken a fork
1394 91 is eating
1394 96 is eating
1394 105 has taken a fork
1394 118 has taken a fork
1394 92 is eating
1395 93 is eating
1395 111 has taken a fork
1395 103 has taken a fork
1395 19 is sleeping
1396 114 has taken a fork
1396 16 is sleeping
1397 97 is eating
1397 110 has taken a fork
1397 95 is eating
1397 23 is sleeping
1397 109 has taken a fork
1397 99 is eating
1397 119 has taken a fork
1397 115 has taken a fork
1397 127 is thinking
1398 107 has taken a fork
1398 21 is sleeping
1398 12 is sleeping
1398 125 is thinking
1399 120 has taken a fork
1399 117 has taken a fork
1400 126 is thinking
1400 29 is sleeping
1400 122 has taken a fork
1401 135 is thinking
1402 14 is sleeping
1402 25 is sleeping
1403 98 is eating
1403 94 is eating
1403 116 has taken a fork
1403 121 has taken a fork
1403 108 has taken a fork
1403 133 is thinking
1404 131 is thinking
1404 27 is sleeping
1404 24 is sleeping
1405 124 has taken a fork
1406 123 has taken a fork
1406 20 is sleeping
1407 129 has taken a fork
1408 100 is eating
1408 101 is eating
1411 112 has taken a fork
1411 30 is sleeping
1411 102 is eating
1412 106 is eating
1412 104 is eating
1413 113 has taken a fork
1413 105 is eating
1413 118 has taken a fork
1413 111 is eating
1413 103 is eating
1415 114 has taken a fork
1417 110 is eating
1420 109 is eating
1420 119 has taken a fork
1421 115 has taken a fork
1421 127 has taken a fork
1421 130 is thinking
1421 132 is thinking
1421 31 is sleeping
1421 28 is sleeping
1421 107 is eating
1421 125 has taken a fork
1421 22 is sleeping
1421 120 has taken a fork
1421 117 has taken a fork
1421 126 has taken a fork
1421 122 has taken a fork
1421 135 has taken a fork
1421 137 is thinking
1423 141 is thinking
1423 116 has taken a fork
1423 121 has taken a fork
1424 108 is eating
1426 142 is thinking
1426 128 is thinking
1426 134 is thinking
1426 124 has taken a fork
1427 123 has taken a fork
1427 139 is thinking
1428 26 is sleeping
1428 133 has taken a fork
1428 129 has taken a fork
1428 143 is thinking
1429 36 is sleeping
1429 34 is sleeping
1430 131 has taken a fork
1430 40 is sleeping
1432 147 is thinking
1433 138 is thinking
1433 145 is thinking
1434 136 is thinking
1434 153 is thinking
1435 140 is thinking
1435 32 is sleeping
1435 112 is eating
1436 144 is thinking
1437 149 is thinking
1437 148 is thinking
1437 37 is sleeping
1438 146 is thinking
1438 151 is thinking
1439 33 is sleeping
1439 152 is thinking
1441 156 is thinking
1441 113 is eating
1443 118 is eating
1443 159 is thinking
1443 150 is thinking
1444 154 is thinking
1445 155 is thinking
1446 35 is sleeping
1446 41 is sleeping
1446 39 is sleeping
1447 114 is eating
1447 157 is thinking
1447 165 is thinking
1447 43 is sleeping
1447 45 is sleeping
1447 51 is sleeping
1447 38 is sleeping
1448 162 is thinking
1448 119 is eating
1449 50 is sleeping
1449 161 is thinking
1449 49 is sleeping
1449 164 is thinking
1449 115 is eating
1449 127 has taken a fork
1450 130 has taken a fork
1450 132 has taken a fork
1450 125 has taken a fork
1450 120 is eating
1451 117 is eating
1452 126 has taken a fork
1453 122 is eating
1454 135 has taken a fork
1454 137 has taken a fork
1454 160 is thinking
1454 42 is sleeping
1455 47 is sleeping
1455 44 is sleeping
1456 141 has taken a fork
1456 116 is eating
1457 121 is eating
1457 167 is thinking
1458 142 has taken a fork
1458 53 is sleeping
1458 128 has taken a fork
1458 134 has taken a fork
1458 124 is eating
1458 46 is sleeping
1458 123 is eating
1459 139 has taken a fork
1459 133 has taken a fork
1459 129 is eating
1460 143 has taken a fork
1460 55 is sleeping
1460 56 is sleeping
1460 131 has taken a fork
1460 59 is sleeping
1461 61 is sleeping
1461 48 is sleeping
1462 147 has taken a fork
1462 57 is sleeping
1462 52 is sleeping
1462 54 is sleeping
1462 166 is thinking
1463 138 has taken a fork
1463 169 is thinking
1464 145 has taken a fork
1464 58 is sleeping
1464 163 is thinking
1464 136 has taken a fork
1464 153 has taken a fork
1464 140 has taken a fork
1464 173 is thinking
1465 63 is sleeping
1465 64 is sleeping
1465 168 is thinking
1466 170 is thinking
1466 144 has taken a fork
1466 69 is sleeping
1466 65 is sleeping
1466 149 has taken a fork
1467 148 has taken a fork
1467 158 is thinking
1468 171 is thinking
1468 146 has taken a fork
1468 151 has taken a fork
1468 152 has taken a fork
1468 67 is sleeping
1469 156 has taken a fork
1469 66 is sleeping
1469 176 is thinking
1469 68 is sleeping
1469 174 is thinking
1469 172 is thinking
1469 62 is sleeping
1469 159 has taken a fork
1470 150 has taken a fork
1470 182 is thinking
1470 71 is sleeping
1470 73 is sleeping
1470 177 is thinking
1470 60 is sleeping
1471 154 has taken a fork
1471 178 is thinking
1472 180 is thinking
1472 175 is thinking
1473 155 has taken a fork
1473 74 is sleeping
1473 70 is sleeping
1473 72 is sleeping
1473 181 is thinking
1473 185 is thinking
1473 157 has taken a fork
1474 165 has taken a fork
1474 81 is sleeping
1474 162 has taken a fork
1474 179 is thinking
1475 77 is sleeping
1475 161 has taken a fork
1476 164 has taken a fork
1476 127 is eating
1477 183 is thinking
1477 130 has taken a fork
1478 132 has taken a fork
1478 125 is eating
1478 184 is thinking
1478 188 is thinking
1478 75 is sleeping
1479 189 is thinking
1479 78 is sleeping
1479 79 is sleeping
1479 191 is thinking
1479 126 is eating
1479 76 is sleeping
1480 135 is eating
1480 137 has taken a fork
1480 160 has taken a fork
1480 186 is thinking
1480 83 is sleeping
1480 82 is sleeping
1480 190 is thinking
1480 141 has taken a fork
1480 167 has taken a fork
1480 85 is sleeping
1480 192 is thinking
1480 142 has taken a fork
1480 128 has taken a fork
1481 134 has taken a fork
1481 139 has taken a fork
1481 133 is eating
1481 143 has taken a fork
1481 131 is eating
1481 80 is sleeping
1481 166 has taken a fork
1481 147 has taken a fork
1481 87 is sleeping
1482 138 has taken a fork
1482 89 is sleeping
1482 169 has taken a fork
1483 195 is thinking
1483 84 is sleeping
1483 88 is sleeping
1483 163 has taken a fork
1484 136 has taken a fork
1484 153 has taken a fork
1486 145 has taken a fork
1486 140 has taken a fork
1486 173 has taken a fork
1486 193 is thinking
1486 197 is thinking
1487 187 is thinking
1487 168 has taken a fork
1488 170 has taken a fork
1488 198 is thinking
1488 196 is thinking
1489 194 is thinking
1489 144 has taken a fork
1489 1 is thinking
1490 5 is thinking
1490 3 is thinking
1490 149 has taken a fork
1490 148 has taken a fork
1490 158 has taken a fork
1490 86 is sleeping
1490 171 has taken a fork
1491 146 has taken a fork
1491 151 has taken a fork
1491 152 has taken a fork
1491 90 is sleeping
1491 156 has taken a fork
1492 176 has taken a fork
1492 174 has taken a fork
1492 172 has taken a fork
1492 159 has taken a fork
1492 150 has taken a fork
1492 182 has taken a fork
1493 177 has taken a fork
1493 91 is sleeping
1493 96 is sleeping
1493 154 has taken a fork
1493 93 is sleeping
1493 92 is sleeping
1493 178 has taken a fork
1493 180 has taken a fork
1494 175 has taken a fork
1494 155 has taken a fork
1494 181 has taken a fork
1494 185 has taken a fork
1494 157 has taken a fork
1494 165 has taken a fork
1494 162 has taken a fork
1494 179 has taken a fork
1494 97 is sleeping
1494 161 has taken a fork
1494 10 is thinking
1494 2 is thinking
1494 95 is sleeping
1494 9 is thinking
1494 164 has taken a fork
1494 99 is sleeping
1494 183 has taken a fork
1494 130 is eating
1494 4 is thinking
1494 7 is thinking
1494 132 is eating
1494 184 has taken a fork
1494 188 has taken a fork
1494 11 is thinking
1494 189 has taken a fork
1494 191 has taken a fork
1494 15 is thinking
1494 137 is eating
1494 160 has taken a fork
1494 186 has taken a fork
1494 190 has taken a fork
1495 141 is eating
1495 167 has taken a fork
1495 192 has taken a fork
1495 142 is eating
1495 128 is eating
1495 134 is eating
1495 139 is eating
1495 143 is eating
1495 166 has taken a fork
1495 147 is eating
1496 94 is sleeping
1496 138 is eating
1496 98 is sleeping
1496 169 has taken a fork
1496 195 has taken a fork
1496 163 has taken a fork
1496 136 is eating
1496 17 is thinking
1496 153 is eating
1496 100 is sleeping
1496 145 is eating
1497 140 is eating
1497 173 has taken a fork
1497 101 is sleeping
1497 193 has taken a fork
1497 197 has taken a fork
1497 187 has taken a fork
1497 102 is sleeping
1497 106 is sleeping
1497 13 is thinking
1498 104 is sleeping
1498 168 has taken a fork
1498 170 has taken a fork
1498 198 has taken a fork
1499 196 has taken a fork
1499 6 is thinking
1499 105 is sleeping
1500 194 has taken a fork
1500 144 is eating
1500 1 has taken a fork
1500 103 is sleeping
1500 8 is thinking
1501 18 is thinking
1501 5 has taken a fork
1501 3 has taken a fork
1501 111 is sleeping
1501 149 is eating
1501 148 is eating
1501 158 has taken a fork
1501 146 is eating
1501 151 is eating
1501 171 has taken a fork
1501 152 is eating
1501 156 is eating
1501 176 has taken a fork
1501 174 has taken a fork
1501 172 has taken a fork
1501 159 is eating
1502 110 is sleeping
1502 150 is eating
1502 182 has taken a fork
1502 177 has taken a fork
1503 154 is eating
1503 178 has taken a fork
1503 180 has taken a fork
1503 175 has taken a fork
1503 109 is sleeping
1503 155 is eating
1503 181 has taken a fork
1503 185 has taken a fork
1503 157 is eating
1503 165 is eating
1503 162 is eating
1503 179 has taken a fork
1504 161 is eating
1504 10 has taken a fork
1504 2 has taken a fork
1504 9 has taken a fork
1504 164 is eating
1504 183 has taken a fork
1504 4 has taken a fork
1504 7 has taken a fork
1504 184 has taken a fork
1504 188 has taken a fork
1505 11 has taken a fork
1505 189 has taken a fork
1505 191 has taken a fork
1505 15 has taken a fork
1505 160 is eating
1505 186 has taken a fork
1505 190 has taken a fork
1505 107 is sleeping
1505 19 is thinking
1505 167 is eating
1505 192 has taken a fork
1505 166 is eating
1505 16 is thinking
1505 169 is eating
1505 195 has taken a fork
1505 163 is eating
1505 17 has taken a fork
1505 23 is thinking
1506 173 is eating
1506 193 has taken a fork
1506 197 has taken a fork
1506 187 has taken a fork
1506 21 is thinking
1506 12 is thinking
1506 168 is eating
1507 170 is eating
1507 198 has taken a fork
1508 196 has taken a fork
1508 108 is sleeping
1508 13 has taken a fork
1509 29 is thinking
1509 194 has taken a fork
1509 1 has taken a fork
1509 5 has taken a fork
1509 3 has taken a fork
1510 158 is eating
1510 171 is eating
1510 176 is eating
1510 174 is eating
1510 172 is eating
1511 182 is eating
1511 14 is thinking
1512 177 is eating
1512 178 is eating
1512 180 is eating
1512 175 is eating
1512 25 is thinking
1512 181 is eating
1512 185 is eating
1512 179 is eating
1512 24 is thinking
1513 27 is thinking
1513 10 has taken a fork
1514 2 has taken a fork
1514 9 has taken a fork
1514 183 is eating
1514 4 has taken a fork
1515 7 has taken a fork
1516 184 is eating
1516 188 is eating
1516 11 has taken a fork
1516 189 is eating
1516 191 is eating
1516 15 has taken a fork
1517 186 is eating
1517 190 is eating
1517 192 is eating
1517 195 is eating
1517 17 has taken a fork
1518 193 is eating
1519 197 is eating
1519 187 is eating
1520 20 is thinking
1520 112 is sleeping
1520 6 has taken a fork
1521 198 is eating
1521 196 is eating
1524 13 has taken a fork
1525 113 is sleeping
1525 8 has taken a fork
1525 194 is eating
1525 1 is eating
1526 5 is eating
1526 3 is eating
1526 30 is thinking
1527 18 has taken a fork
1527 118 is sleeping
1528 114 is sleeping
1529 19 has taken a fork
1529 10 is eating
1529 2 is eating
1529 9 is eating
1529 4 is eating
1529 7 is eating
1530 119 is sleeping
1531 16 has taken a fork
1531 115 is sleeping
1531 11 is eating
1531 23 has taken a fork
1531 15 is eating
1532 17 is eating
1532 120 is sleeping
1533 117 is sleeping
1533 12 has taken a fork
1534 21 has taken a fork
1534 122 is sleeping
1534 6 has taken a fork
1535 22 is thinking
1536 28 is thinking
1538 31 is thinking
1540 29 has taken a fork
1541 116 is sleeping
1542 121 is sleeping
1542 14 has taken a fork
1543 123 is sleeping
1543 13 is eating
1544 124 is sleeping
1544 24 has taken a fork
1545 129 is sleeping
1545 20 has taken a fork
1545 8 has taken a fork
1545 27 has taken a fork
1549 25 has taken a fork
1549 18 has taken a fork
1549 26 is thinking
1549 19 has taken a fork
1549 36 is thinking
1552 34 is thinking
1553 40 is thinking
1554 16 has taken a fork
1555 23 has taken a fork
1555 12 has taken a fork
1556 21 has taken a fork
1556 6 is eating
1557 127 is sleeping
1557 37 is thinking
1558 30 has taken a fork
1559 32 is thinking
1559 33 is thinking
1559 126 is sleeping
1559 22 has taken a fork
1559 125 is sleeping
1560 29 has taken a fork
1560 135 is sleeping
1561 28 has taken a fork
1563 31 has taken a fork
1564 14 has taken a fork
1565 133 is sleeping
1565 24 has taken a fork
1565 131 is sleeping
1565 20 has taken a fork
1565 8 is eating
1565 27 has taken a fork
1565 35 is thinking
1566 41 is thinking
1566 51 is thinking
1567 43 is thinking
1567 38 is thinking
1569 45 is thinking
1570 39 is thinking
1570 25 has taken a fork
1571 18 is eating
1571 26 has taken a fork
1571 19 is eating
1572 36 has taken a fork
1572 49 is thinking
1572 50 is thinking
1572 16 is eating
1572 44 is thinking
1573 47 is thinking
1573 42 is thinking
1573 23 is eating
1573 12 is eating
1574 21 is eating
1574 137 is sleeping
1575 132 is sleeping
1575 46 is thinking
1575 130 is sleeping
1575 30 has taken a fork
1575 40 has taken a fork
1576 37 has taken a fork
1576 53 is thinking
1577 34 has taken a fork
1577 22 has taken a fork
1578 141 is sleeping
1578 32 has taken a fork
1579 29 is eating
1579 55 is thinking
1579 56 is thinking
1579 59 is thinking
1580 128 is sleeping
1580 48 is thinking
1580 134 is sleeping
1580 28 has taken a fork
1580 142 is sleeping
1580 61 is thinking
1580 143 is sleeping
1581 54 is thinking
1581 52 is thinking
1582 33 has taken a fork
1582 139 is sleeping
1584 57 is thinking
1584 31 has taken a fork
1587 58 is thinking
1587 147 is sleeping
1587 14 is eating
1587 138 is sleeping
1587 153 is sleeping
1588 136 is sleeping
1588 145 is sleeping
1588 24 is eating
1588 63 is thinking
1588 20 is eating
1588 27 is eating
1589 64 is thinking
1589 35 has taken a fork
1590 65 is thinking
1591 69 is thinking
1592 41 has taken a fork
1593 51 has taken a fork
1593 140 is sleeping
1594 43 has taken a fork
1594 144 is sleeping
1594 68 is thinking
1594 67 is thinking
1594 62 is thinking
1594 148 is sleeping
1594 149 is sleeping
1594 38 has taken a fork
1595 66 is thinking
1595 45 has taken a fork
1595 151 is sleeping
1595 146 is sleeping
1596 152 is sleeping
1596 60 is thinking
1596 73 is thinking
1596 71 is thinking
1596 39 has taken a fork
1598 25 is eating
1598 156 is sleeping
1598 26 has taken a fork
1598 36 has taken a fork
1598 159 is sleeping
1598 49 has taken a fork
1598 50 has taken a fork
1598 44 has taken a fork
1598 150 is sleeping
1598 47 has taken a fork
1598 74 is thinking
1599 72 is thinking
1599 70 is thinking
1599 154 is sleeping
1599 155 is sleeping
1599 81 is thinking
1599 42 has taken a fork
1599 46 has taken a fork
1599 165 is sleeping
1599 157 is sleeping
1599 77 is thinking
1599 30 is eating
1600 40 has taken a fork
1600 37 has taken a fork
1601 162 is sleeping
1601 53 has taken a fork
1601 161 is sleeping
1602 34 has taken a fork
1603 164 is sleeping
1603 22 is eating
1604 75 is thinking
1606 32 has taken a fork
1607 76 is thinking
1609 78 is thinking
1609 79 is thinking
1609 55 has taken a fork
1611 56 has taken a fork
1614 59 has taken a fork
1614 83 is thinking
1614 160 is sleeping
1615 85 is thinking
1615 82 is thinking
1615 48 has taken a fork
1615 28 is eating
1615 61 has taken a fork
1615 87 is thinking
1615 80 is thinking
1615 167 is sleeping
1615 54 has taken a fork
1616 52 has taken a fork
1616 33 has taken a fork
1616 89 is thinking
1617 88 is thinking
1617 84 is thinking
1617 169 is sleeping
1617 166 is sleeping
1617 57 has taken a fork
1617 31 is eating
1617 173 is sleeping
1617 163 is sleeping
1618 168 is sleeping
1618 58 has taken a fork
1618 170 is sleeping
1618 63 has taken a fork
1618 158 is sleeping
1618 171 is sleeping
1618 64 has taken a fork
1618 35 has taken a fork
1618 86 is thinking
1618 176 is sleeping
1618 174 is sleeping
1618 172 is sleeping
1618 69 has taken a fork
1619 182 is sleeping
1619 90 is thinking
1619 177 is sleeping
1619 175 is sleeping
1619 41 has taken a fork
1619 178 is sleeping
1619 65 has taken a fork
1622 91 is thinking
1622 93 is thinking
1622 181 is sleeping
1622 185 is sleeping
1622 96 is thinking
1623 179 is sleeping
1623 180 is sleeping
1623 51 has taken a fork
1623 92 is thinking
1624 99 is thinking
1624 43 has taken a fork
1624 97 is thinking
1624 68 has taken a fork
1624 67 has taken a fork
1625 62 has taken a fork
1625 95 is thinking
1626 38 has taken a fork
1626 66 has taken a fork
1626 45 has taken a fork
1628 100 is thinking
1629 94 is thinking
1630 183 is sleeping
1630 98 is thinking
1631 60 has taken a fork
1631 73 has taken a fork
1631 71 has taken a fork
1631 39 has taken a fork
1631 102 is thinking
1631 188 is sleeping
1632 101 is thinking
1632 106 is thinking
1632 184 is sleeping
1632 191 is sleeping
1632 104 is thinking
1633 189 is sleeping
1633 26 is eating
1633 36 is eating
1633 49 has taken a fork
1633 50 has taken a fork
1633 44 has taken a fork
1633 47 has taken a fork
1633 74 has taken a fork
1633 72 has taken a fork
1634 190 is sleeping
1634 105 is thinking
1634 186 is sleeping
1635 192 is sleeping
1635 70 has taken a fork
1635 81 has taken a fork
1635 42 has taken a fork
1635 46 has taken a fork
1636 77 has taken a fork
1636 40 is eating
1636 195 is sleeping
1637 103 is thinking
1637 37 is eating
1637 53 has taken a fork
1637 110 is thinking
1637 193 is sleeping
1637 111 is thinking
1637 34 is eating
1637 197 is sleeping
1637 187 is sleeping
1638 109 is thinking
1638 75 has taken a fork
1638 198 is sleeping
1638 196 is sleeping
1638 107 is thinking
1638 32 is eating
1639 76 has taken a fork
1639 194 is sleeping
1639 3 is sleeping
1639 1 is sleeping
1640 5 is sleeping
1640 108 is thinking
1640 78 has taken a fork
1640 79 has taken a fork
1640 55 has taken a fork
1640 7 is sleeping
1640 9 is sleeping
1640 4 is sleeping
1640 10 is sleeping
1640 56 has taken a fork
1640 2 is sleeping
1640 17 is sleeping
1641 15 is sleeping
1641 11 is sleeping
1641 59 has taken a fork
1641 83 has taken a fork
1641 85 has taken a fork
1641 82 has taken a fork
1641 48 has taken a fork
1641 61 has taken a fork
1643 87 has taken a fork
1644 80 has taken a fork
1644 54 has taken a fork
1644 52 has taken a fork
1644 33 is eating
1645 89 has taken a fork
1645 88 has taken a fork
1646 84 has taken a fork
1646 57 has taken a fork
1646 58 has taken a fork
1646 63 has taken a fork
1646 64 has taken a fork
1647 35 is eating
1647 86 has taken a fork
1647 69 has taken a fork
1647 90 has taken a fork
1648 41 is eating
1648 65 has taken a fork
1649 112 is thinking
1649 91 has taken a fork
1650 13 is sleeping
1651 93 has taken a fork
1651 96 has taken a fork
1651 51 is eating
1651 92 has taken a fork
1652 99 has taken a fork
1652 43 is eating
1652 97 has taken a fork
1652 68 has taken a fork
1653 67 has taken a fork
1653 62 has taken a fork
1653 113 is thinking
1653 95 has taken a fork
1653 38 is eating
1653 66 has taken a fork
1653 45 is eating
1653 118 is thinking
1653 114 is thinking
1654 100 has taken a fork
1654 119 is thinking
1654 94 has taken a fork
1654 98 has taken a fork
1655 60 has taken a fork
1655 115 is thinking
1655 73 has taken a fork
1655 71 has taken a fork
1656 39 is eating
1656 120 is thinking
1656 102 has taken a fork
1656 101 has taken a fork
1656 106 has taken a fork
1656 6 is sleeping
1656 117 is thinking
1657 104 has taken a fork
1657 49 is eating
1657 50 is eating
1657 44 is eating
1657 47 is eating
1657 74 has taken a fork
1658 72 has taken a fork
1658 122 is thinking
1658 105 has taken a fork
1658 70 has taken a fork
1659 81 has taken a fork
1659 42 is eating
1659 46 is eating
1659 77 has taken a fork
1660 103 has taken a fork
1660 53 is eating
1660 110 has taken a fork
1660 8 is sleeping
1660 111 has taken a fork
1660 109 has taken a fork
1660 75 has taken a fork
1660 107 has taken a fork
1660 76 has taken a fork
1660 108 has taken a fork
1660 78 has taken a fork
1660 79 has taken a fork
1661 55 is eating
1661 56 is eating
1661 116 is thinking
1661 59 is eating
1661 83 has taken a fork
1661 85 has taken a fork
1661 82 has taken a fork
1661 48 is eating
1661 18 is sleeping
1661 61 is eating
1661 121 is thinking
1662 19 is sleeping
1662 87 has taken a fork
1662 123 is thinking
1662 124 is thinking
1662 80 has taken a fork
1662 16 is sleeping
1662 54 is eating
1663 52 is eating
1663 23 is sleeping
1663 129 is thinking
1663 89 has taken a fork
1663 88 has taken a fork
1663 84 has taken a fork
1663 21 is sleeping
1663 12 is sleeping
1663 57 is eating
1663 58 is eating
1663 63 is eating
1663 64 is eating
1664 86 has taken a fork
1664 69 is eating
1664 90 has taken a fork
1664 65 is eating
1664 112 has taken a fork
1664 29 is sleeping
1664 91 has taken a fork
1664 93 has taken a fork
1664 96 has taken a fork
1666 92 has taken a fork
1667 99 has taken a fork
1667 97 has taken a fork
1667 68 is eating
1668 67 is eating
1668 62 is eating
1668 113 has taken a fork
1668 95 has taken a fork
1668 66 is eating
1669 118 has taken a fork
1669 114 has taken a fork
1670 100 has taken a fork
1671 119 has taken a fork
1672 94 has taken a fork
1672 98 has taken a fork
1673 60 is eating
1673 14 is sleeping
1674 115 has taken a fork
1674 73 is eating
1674 71 is eating
1674 120 has taken a fork
1675 102 has taken a fork
1675 101 has taken a fork
1675 106 has taken a fork
1675 127 is thinking
1675 27 is sleeping
1675 20 is sleeping
1675 24 is sleeping
1676 104 has taken a fork
1677 117 has taken a fork
1677 74 is eating
1677 72 is eating
1678 122 has taken a fork
1679 105 has taken a fork
1680 70 is eating
1682 81 is eating
1682 125 is thinking
1684 126 is thinking
1684 77 is eating
1685 103 has taken a fork
1686 110 has taken a fork
1686 111 has taken a fork
1686 109 has taken a fork
1686 135 is thinking
1687 75 is eating
1687 107 has taken a fork
1687 76 is eating
1690 108 has taken a fork
1690 78 is eating
1690 79 is eating
1690 116 has taken a fork
1690 83 is eating
1690 85 is eating
1690 82 is eating
1691 121 has taken a fork
1691 87 is eating
1693 123 has taken a fork
1693 124 has taken a fork
1694 25 is sleeping
1694 80 is eating
1694 129 has taken a fork
1694 89 is eating
1695 88 is eating
1695 84 is eating
1696 86 is eating
1696 90 is eating
1696 112 has taken a fork
1697 91 is eating
1697 93 is eating
1698 96 is eating
1698 133 is thinking
1698 92 is eating
1699 131 is thinking
1700 99 is eating
1700 97 is eating
1700 113 has taken a fork
1701 95 is eating
1702 118 has taken a fork
1702 30 is sleeping
1702 114 has taken a fork
1704 100 is eating
1704 119 has taken a fork
1704 22 is sleeping
1705 94 is eating
1706 98 is eating
1706 137 is thinking
1706 115 has taken a fork
1706 120 has taken a fork
1706 130 is thinking
1706 102 is eating
1707 101 is eating
1708 106 is eating
1708 127 has taken a fork
1709 132 is thinking
1709 104 is eating
1710 117 has taken a fork
1710 28 is sleeping
1711 141 is thinking
1711 122 has taken a fork
1711 105 is eating
1711 134 is thinking
1711 128 is thinking
1711 31 is sleeping
1711 142 is thinking
1712 143 is thinking
1712 125 has taken a fork
1713 139 is thinking
1713 103 is eating
1713 110 is eating
1714 111 is eating
1715 126 has taken a fork
1716 109 is eating
1716 135 has taken a fork
1717 153 is thinking
1717 147 is thinking
1717 107 is eating
1717 145 is thinking
1719 138 is thinking
1719 136 is thinking
1719 108 is eating
1720 116 has taken a fork
1720 36 is sleeping
1720 26 is sleeping
1720 121 has taken a fork
1720 140 is thinking
1721 123 has taken a fork
1722 124 has taken a fork
1723 148 is thinking
1723 129 has taken a fork
1724 149 is thinking
1724 144 is thinking
1725 146 is thinking
1725 151 is thinking
1726 152 is thinking
1726 112 is eating
1726 40 is sleeping
1726 37 is sleeping
1726 156 is thinking
1726 34 is sleeping
1726 133 has taken a fork
1727 159 is thinking
1727 150 is thinking
1728 32 is sleeping
1729 155 is thinking
1729 157 is thinking
1729 165 is thinking
1729 154 is thinking
1730 131 has taken a fork
1730 113 is eating
1730 161 is thinking
1730 162 is thinking
1731 118 is eating
1732 114 is eating
1732 33 is sleeping
1732 164 is thinking
1732 119 is eating
1732 137 has taken a fork
1732 115 is eating
1733 120 is eating
1733 130 has taken a fork
1734 35 is sleeping
1734 41 is sleeping
1734 127 has taken a fork
1734 51 is sleeping
1734 132 has taken a fork
1734 43 is sleeping
1734 38 is sleeping
1734 117 is eating
1734 45 is sleeping
1734 141 has taken a fork
1734 122 is eating
1734 134 has taken a fork
1734 128 has taken a fork
1734 142 has taken a fork
1735 143 has taken a fork
1735 125 has taken a fork
1735 39 is sleeping
1736 139 has taken a fork
1736 160 is thinking
1736 47 is sleeping
1736 49 is sleeping
1736 50 is sleeping
1736 44 is sleeping
1737 167 is thinking
1737 126 has taken a fork
1738 135 has taken a fork
1738 173 is thinking
1738 163 is thinking
1738 169 is thinking
1739 42 is sleeping
1739 166 is thinking
1739 46 is sleeping
1739 153 has taken a fork
1739 147 has taken a fork
1739 145 has taken a fork
1739 158 is thinking
1739 53 is sleeping
1739 174 is thinking
1739 168 is thinking
1739 176 is thinking
1739 172 is thinking
1739 170 is thinking
1739 171 is thinking
1740 177 is thinking
1740 175 is thinking
1740 178 is thinking
1740 182 is thinking
1741 138 has taken a fork
1741 136 has taken a fork
1741 55 is sleeping
1741 116 is eating
1741 56 is sleeping
1742 121 is eating
1742 140 has taken a fork
1742 48 is sleeping
1742 61 is sleeping
1742 59 is sleeping
1744 54 is sleeping
1744 185 is thinking
1744 52 is sleeping
1744 181 is thinking
1745 123 is eating
1745 124 is eating
1745 179 is thinking
1745 148 has taken a fork
1745 180 is thinking
1745 129 is eating
1745 57 is sleeping
1746 149 has taken a fork
1746 144 has taken a fork
1746 58 is sleeping
1746 146 has taken a fork
1746 151 has taken a fork
1746 152 has taken a fork
1746 63 is sleeping
1747 156 has taken a fork
1747 133 has taken a fork
1747 64 is sleeping
1748 159 has taken a fork
1748 150 has taken a fork
1749 69 is sleeping
1749 155 has taken a fork
1749 65 is sleeping
1749 157 has taken a fork
1749 165 has taken a fork
1749 154 has taken a fork
1749 183 is thinking
1749 131 has taken a fork
1749 161 has taken a fork
1750 162 has taken a fork
1750 62 is sleeping
1750 188 is thinking
1750 67 is sleeping
1750 68 is sleeping
1751 191 is thinking
1752 66 is sleeping
1752 184 is thinking
1752 164 has taken a fork
1752 137 has taken a fork
1752 189 is thinking
1752 130 has taken a fork
1752 186 is thinking
1753 127 is eating
1753 132 has taken a fork
1753 190 is thinking
1753 141 has taken a fork
1753 134 has taken a fork
1753 128 has taken a fork
1753 71 is sleeping
1753 60 is sleeping
1753 142 has taken a fork
1754 73 is sleeping
1754 192 is thinking
1755 143 has taken a fork
1755 125 is eating
1756 139 has taken a fork
1756 160 has taken a fork
1756 197 is thinking
1756 187 is thinking
1756 193 is thinking
1757 195 is thinking
1757 167 has taken a fork
1757 126 is eating
1757 198 is thinking
1757 72 is sleeping
1757 74 is sleeping
1758 196 is thinking
1758 135 is eating
1758 173 has taken a fork
1758 163 has taken a fork
1758 169 has taken a fork
1759 1 is thinking
1759 166 has taken a fork
1759 3 is thinking
1759 153 has taken a fork
1759 194 is thinking
1760 147 has taken a fork
1760 145 has taken a fork
1762 158 has taken a fork
1763 174 has taken a fork
1763 168 has taken a fork
1763 176 has taken a fork
1764 2 is thinking
1764 9 is thinking
1764 10 is thinking
1764 70 is sleeping
1764 17 is thinking
1764 5 is thinking
1765 4 is thinking
1765 172 has taken a fork
1765 7 is thinking
1765 81 is sleeping
1765 11 is thinking
1766 15 is thinking
1766 170 has taken a fork
1767 138 has taken a fork
1767 136 has taken a fork
1767 140 has taken a fork
1769 77 is sleeping
1769 171 has taken a fork
1769 148 has taken a fork
1769 75 is sleeping
1769 149 has taken a fork
1769 177 has taken a fork
1770 144 has taken a fork
1771 146 has taken a fork
1771 152 has taken a fork
1771 76 is sleeping
1771 175 has taken a fork
1771 151 has taken a fork
1772 156 has taken a fork
1772 133 is eating
1772 159 has taken a fork
1772 150 has taken a fork
1772 155 has taken a fork
1772 157 has taken a fork
1773 165 has taken a fork
1773 154 has taken a fork
1773 131 is eating
1774 161 has taken a fork
1774 13 is thinking
1774 79 is sleeping
1774 178 has taken a fork
1774 78 is sleeping
1774 182 has taken a fork
1776 162 has taken a fork
1776 83 is sleeping
1776 185 has taken a fork
1777 164 has taken a fork
1777 137 is eating
1777 130 is eating
1777 82 is sleeping
1780 132 is eating
1781 181 has taken a fork
1781 141 is eating
1781 85 is sleeping
1781 87 is sleeping
1781 179 has taken a fork
1781 180 has taken a fork
1781 134 is eating
1781 128 is eating
1782 142 is eating
1782 89 is sleeping
1782 183 has taken a fork
1782 80 is sleeping
1782 188 has taken a fork
1783 143 is eating
1783 88 is sleeping
1783 139 is eating
1783 160 has taken a fork
1783 6 is thinking
1783 84 is sleeping
1784 86 is sleeping
1784 167 has taken a fork
1784 189 has taken a fork
1785 191 has taken a fork
1786 184 has taken a fork
1786 90 is sleeping
1786 186 has taken a fork
1786 173 has taken a fork
1787 163 has taken a fork
1787 169 has taken a fork
1787 166 has taken a fork
1787 153 is eating
1787 147 is eating
1788 93 is sleeping
1788 190 has taken a fork
1788 145 is eating
1789 192 has taken a fork
1789 96 is sleeping
1789 91 is sleeping
1789 197 has taken a fork
1789 92 is sleeping
1789 18 is thinking
1789 187 has taken a fork
1789 8 is thinking
1790 158 has taken a fork
1790 99 is sleeping
1790 97 is sleeping
1790 193 has taken a fork
1790 16 is thinking
1790 19 is thinking
1791 195 has taken a fork
1791 21 is thinking
1791 95 is sleeping
1792 198 has taken a fork
1792 12 is thinking
1792 23 is thinking
1793 174 has taken a fork
1793 168 has taken a fork
1793 176 has taken a fork
1794 29 is thinking
1795 172 has taken a fork
1795 100 is sleeping
1795 196 has taken a fork
1795 170 has taken a fork
1796 138 is eating
1796 136 is eating
1796 140 is eating
1796 98 is sleeping
1796 94 is sleeping
1796 1 has taken a fork
1797 102 is sleeping
1797 194 has taken a fork
1798 3 has taken a fork
1798 171 has taken a fork
1798 148 is eating
1799 149 is eating
1799 177 has taken a fork
1799 106 is sleeping
1799 101 is sleeping
1799 2 has taken a fork
1799 9 has taken a fork
1799 144 is eating
1800 146 is eating
1800 152 is eating
1800 104 is sleeping
1800 10 has taken a fork
1800 175 has taken a fork
1801 151 is eating
1802 156 is eating
1802 159 is eating
1803 150 is eating
1804 155 is eating
1804 14 is thinking
1804 165 is eating
1804 105 is sleeping
1804 154 is eating
1804 17 has taken a fork
1805 157 is eating
1805 161 is eating
1806 178 has taken a fork
1806 182 has taken a fork
1806 103 is sleeping
1806 27 is thinking
1806 110 is sleeping
1806 5 has taken a fork
1806 4 has taken a fork
1806 111 is sleeping
1806 7 has taken a fork
1806 20 is thinking
1806 162 is eating
1808 24 is thinking
1808 185 has taken a fork
1809 164 is eating
1809 109 is sleeping
1809 11 has taken a fork
1809 107 is sleeping
1810 15 has taken a fork
1810 108 is sleeping
1810 13 has taken a fork
1811 181 has taken a fork
1811 179 has taken a fork
1811 180 has taken a fork
1811 183 has taken a fork
1811 188 has taken a fork
1811 160 is eating
1811 167 is eating
1811 189 has taken a fork
1814 191 has taken a fork
1814 184 has taken a fork
1815 186 has taken a fork
1815 173 is eating
1815 163 is eating
1815 169 is eating
1815 166 is eating
1815 112 is sleeping
1815 190 has taken a fork
1816 6 has taken a fork
1817 192 has taken a fork
1818 197 has taken a fork
1818 187 has taken a fork
1819 158 is eating
1819 193 has taken a fork
1819 195 has taken a fork
1819 113 is sleeping
1819 198 has taken a fork
1819 18 has taken a fork
1819 118 is sleeping
1820 8 has taken a fork
1820 119 is sleeping
1821 174 is eating
1821 114 is sleeping
1822 16 has taken a fork
1822 19 has taken a fork
1822 168 is eating
1822 176 is eating
1822 115 is sleeping
1822 21 has taken a fork
1823 25 is thinking
1824 172 is eating
1824 117 is sleeping
1824 12 has taken a fork
1825 196 has taken a fork
1825 170 is eating
1826 120 is sleeping
1826 122 is sleeping
1827 29 has taken a fork
1828 23 has taken a fork
1828 1 has taken a fork
1829 194 has taken a fork
1830 3 has taken a fork
1831 171 is eating
1831 177 is eating
1831 2 has taken a fork
1832 9 has taken a fork
1832 10 has taken a fork
1832 175 is eating
1832 116 is sleeping
1832 121 is sleeping
1835 30 is thinking
1835 129 is sleeping
1835 124 is sleeping
1836 14 has taken a fork
1836 123 is sleeping
1837 17 has taken a fork
1837 22 is thinking
1837 178 is eating
1837 182 is eating
1838 27 has taken a fork
1838 5 has taken a fork
1838 4 has taken a fork
1838 7 has taken a fork
1839 20 has taken a fork
1842 24 has taken a fork
1842 185 is eating
1844 11 has taken a fork
1844 15 has taken a fork
1848 28 is thinking
1848 13 has taken a fork
1849 31 is thinking
1849 179 is eating
1851 180 is eating
1852 181 is eating
1852 183 is eating
1853 188 is eating
1854 189 is eating
1854 191 is eating
1855 127 is sleeping
1856 184 is eating
1856 186 is eating
1856 190 is eating
1856 6 has taken a fork
1856 192 is eating
1856 197 is eating
1856 187 is eating
1856 125 is sleeping
1856 193 is eating
1856 195 is eating
1856 198 is eating
1856 18 has taken a fork
1856 8 has taken a fork
1857 36 is thinking
1858 26 is thinking
1858 135 is sleeping
1858 16 has taken a fork
1858 19 has taken a fork
1858 126 is sleeping
1858 21 has taken a fork
1860 25 has taken a fork
1861 12 has taken a fork
1864 196 is eating
1865 34 is thinking
1866 40 is thinking
1867 37 is thinking
1867 29 has taken a fork
1868 32 is thinking
1868 23 has taken a fork
1868 1 is eating
1868 194 is eating
1869 3 is eating
1869 2 is eating
1869 9 is eating
1869 10 is eating
1869 33 is thinking
1869 35 is thinking
1869 38 is thinking
1869 41 is thinking
1869 51 is thinking
1869 133 is sleeping
1869 39 is thinking
1869 43 is thinking
1870 45 is thinking
1870 47 is thinking
1870 49 is thinking
1870 14 has taken a fork
1870 50 is thinking
1870 17 is eating
1870 22 has taken a fork
1870 30 has taken a fork
1870 44 is thinking
1871 131 is sleeping
1871 27 has taken a fork
1871 5 is eating
1871 4 is eating
1871 7 is eating
1871 53 is thinking
1872 42 is thinking
1872 46 is thinking
1872 20 has taken a fork
1872 55 is thinking
1872 56 is thinking
1873 59 is thinking
1874 137 is sleeping
1874 61 is thinking
1875 130 is sleeping
1876 48 is thinking
1876 24 has taken a fork
1876 11 is eating
1876 15 is eating
1877 52 is thinking
1878 54 is thinking
1878 57 is thinking
1878 141 is sleeping
1878 128 is sleeping
1878 58 is thinking
1880 63 is thinking
1880 134 is sleeping
1880 142 is sleeping
1880 139 is sleeping
1881 132 is sleeping
1881 64 is thinking
1881 28 has taken a fork
1881 69 is thinking
1882 65 is thinking
1882 31 has taken a fork
1882 13 is eating
1882 143 is sleeping
1882 67 is thinking
1882 62 is thinking
1882 68 is thinking
1882 153 is sleeping
1883 66 is thinking
1883 147 is sleeping
1883 145 is sleeping
1883 71 is thinking
1883 60 is thinking
1883 73 is thinking
1883 6 is eating
1883 18 is eating
1883 8 is eating
1883 74 is thinking
1883 72 is thinking
1883 36 has taken a fork
1884 140 is sleeping
1884 136 is sleeping
1884 16 is eating
1884 26 has taken a fork
1884 19 is eating
1884 138 is sleeping
1884 21 is eating
1884 25 has taken a fork
1884 12 is eating
1884 148 is sleeping
1885 149 is sleeping
1885 144 is sleeping
1886 152 is sleeping
1886 70 is thinking
1886 151 is sleeping
1886 146 is sleeping
1887 156 is sleeping
1887 159 is sleeping
1887 81 is thinking
1887 34 has taken a fork
1887 150 is sleeping
1887 40 has taken a fork
1887 155 is sleeping
1887 165 is sleeping
1887 154 is sleeping
1887 157 is sleeping
1887 37 has taken a fork
1887 29 is eating
1887 32 has taken a fork
1887 161 is sleeping
1887 23 is eating
1887 77 is thinking
1887 162 is sleeping
1888 75 is thinking
1888 33 has taken a fork
1891 35 has taken a fork
1891 38 has taken a fork
1891 41 has taken a fork
1892 51 has taken a fork
1892 39 has taken a fork
1892 43 has taken a fork
1892 45 has taken a fork
1892 47 has taken a fork
1892 49 has taken a fork
1893 14 is eating
1894 50 has taken a fork
1894 22 has taken a fork
1894 30 has taken a fork
1894 44 has taken a fork
1894 164 is sleeping
1894 76 is thinking
1894 27 is eating
1894 53 has taken a fork
1894 42 has taken a fork
1894 46 has taken a fork
1895 20 is eating
1895 55 has taken a fork
1896 56 has taken a fork
1896 59 has taken a fork
1896 160 is sleeping
1896 78 is thinking
1897 79 is thinking
1897 167 is sleeping
1897 61 has taken a fork
1898 48 has taken a fork
1899 24 is eating
1899 83 is thinking
1899 166 is sleeping
1899 52 has taken a fork
1899 169 is sleeping
1899 163 is sleeping
1900 82 is thinking
1900 54 has taken a fork
1902 173 is sleeping
1904 57 has taken a fork
1906 58 has taken a fork
1906 158 is sleeping
1907 63 has taken a fork
1907 174 is sleeping
1907 168 is sleeping
1907 176 is sleeping
1908 85 is thinking
1908 87 is thinking
1908 64 has taken a fork
1908 28 has taken a fork
1908 69 has taken a fork
1909 89 is thinking
1909 172 is sleeping
1910 65 has taken a fork
1910 80 is thinking
1910 31 has taken a fork
1910 67 has taken a fork
1910 62 has taken a fork
1911 68 has taken a fork
1911 66 has taken a fork
1911 88 is thinking
1911 170 is sleeping
1912 71 has taken a fork
1912 60 has taken a fork
1912 73 has taken a fork
1912 74 has taken a fork
1912 72 has taken a fork
1913 36 has taken a fork
1913 86 is thinking
1913 26 has taken a fork
1913 84 is thinking
1913 25 is eating
1913 70 has taken a fork
1913 171 is sleeping
1914 81 has taken a fork
1914 34 has taken a fork
1914 40 has taken a fork
1915 90 is thinking
1915 37 has taken a fork
1915 32 has taken a fork
1916 77 has taken a fork
1916 93 is thinking
1916 33 has taken a fork
1916 96 is thinking
1916 177 is sleeping
1916 91 is thinking
1916 75 has taken a fork
1916 92 is thinking
1916 175 is sleeping
1916 97 is thinking
1918 99 is thinking
1918 35 has taken a fork
1919 38 has taken a fork
1919 41 has taken a fork
1919 51 has taken a fork
1919 95 is thinking
1919 39 has taken a fork
1920 43 has taken a fork
1920 45 has taken a fork
1920 47 has taken a fork
1920 49 has taken a fork
1920 182 is sleeping
1920 178 is sleeping
1920 50 has taken a fork
1920 22 is eating
1920 30 is eating
1920 44 has taken a fork
1921 76 has taken a fork
1921 53 has taken a fork
1922 42 has taken a fork
1922 46 has taken a fork
1922 100 is thinking
1922 55 has taken a fork
1923 94 is thinking
1923 98 is thinking
1923 56 has taken a fork
1924 59 has taken a fork
1924 78 has taken a fork
1924 185 is sleeping
1924 79 has taken a fork
1926 102 is thinking
1926 61 has taken a fork
1926 48 has taken a fork
1926 101 is thinking
1926 106 is thinking
1926 83 has taken a fork
1927 52 has taken a fork
1927 104 is thinking
1927 54 has taken a fork
1927 179 is sleeping
1927 82 has taken a fork
1927 180 is sleeping
1927 181 is sleeping
1927 183 is sleeping
1927 188 is sleeping
1927 57 has taken a fork
1927 105 is thinking
1928 189 is sleeping
1928 191 is sleeping
1928 110 is thinking
1928 103 is thinking
1928 111 is thinking
1929 58 has taken a fork
1929 186 is sleeping
1929 184 is sleeping
1929 63 has taken a fork
1929 190 is sleeping
1929 192 is sleeping
1929 197 is sleeping
1929 85 has taken a fork
1930 87 has taken a fork
1930 64 has taken a fork
1931 28 is eating
1931 69 has taken a fork
1931 193 is sleeping
1931 109 is thinking
1931 195 is sleeping
1931 187 is sleeping
1931 89 has taken a fork
1932 107 is thinking
1932 198 is sleeping
1932 65 has taken a fork
1932 80 has taken a fork
1932 31 is eating
1932 67 has taken a fork
1932 62 has taken a fork
1933 108 is thinking
1933 68 has taken a fork
1933 66 has taken a fork
1933 88 has taken a fork
1934 71 has taken a fork
1934 60 has taken a fork
1935 73 has taken a fork
1935 74 has taken a fork
1935 72 has taken a fork
1935 36 is eating
1936 86 has taken a fork
1936 26 is eating
1936 84 has taken a fork
1937 70 has taken a fork
1937 81 has taken a fork
1937 34 is eating
1937 40 is eating
1937 196 is sleeping
1937 112 is thinking
1938 90 has taken a fork
1938 37 is eating
1938 32 is eating
1938 77 has taken a fork
1938 93 has taken a fork
1938 33 is eating
1938 96 has taken a fork
1938 91 has taken a fork
1938 75 has taken a fork
1939 92 has taken a fork
1939 97 has taken a fork
1939 1 is sleeping
1939 99 has taken a fork
1939 35 is eating
1939 194 is sleeping
1940 38 is eating
1940 118 is thinking
1941 113 is thinking
1942 3 is sleeping
1943 41 is eating
1944 51 is eating
1945 95 has taken a fork
1947 39 is eating
1947 9 is sleeping
1947 43 is eating
1948 45 is eating
1948 2 is sleeping
1948 47 is eating
1949 10 is sleeping
1950 49 is eating
1950 119 is thinking
1951 50 is eating
1952 44 is eating
1953 76 has taken a fork
1953 53 is eating
1953 17 is sleeping
1953 114 is thinking
1953 42 is eating
1953 115 is thinking
1954 46 is eating
1954 100 has taken a fork
1955 55 is eating
1956 5 is sleeping
1956 4 is sleeping
1956 94 has taken a fork
1956 98 has taken a fork
1956 56 is eating
1956 7 is sleeping
1956 59 is eating
1957 78 has taken a fork
1958 79 has taken a fork
1958 117 is thinking
1959 120 is thinking
1960 122 is thinking
1961 102 has taken a fork
1961 61 is eating
1962 48 is eating
1962 101 has taken a fork
1963 106 has taken a fork
1964 83 has taken a fork
1964 11 is sleeping
1964 15 is sleeping
1964 52 is eating
1965 104 has taken a fork
1966 54 is eating
1967 82 has taken a fork
1969 57 is eating
1969 105 has taken a fork
1969 110 has taken a fork
1969 103 has taken a fork
1969 111 has taken a fork
1969 58 is eating
1971 63 is eating
1971 85 has taken a fork
1972 87 has taken a fork
1973 64 is eating
1974 13 is sleeping
1974 69 is eating
1974 109 has taken a fork
1975 89 has taken a fork
1975 107 has taken a fork
1977 121 is thinking
1977 116 is thinking
1977 65 is eating
1977 80 has taken a fork
1977 67 is eating
1977 62 is eating
1978 108 has taken a fork
1978 68 is eating
1978 66 is eating
1979 88 has taken a fork
1980 71 is eating
1981 60 is eating
1981 73 is eating
1981 74 is eating
1982 72 is eating
1982 124 is thinking
1983 129 is thinking
1984 86 has taken a fork
1984 123 is thinking
1984 6 is sleeping
1985 84 has taken a fork
1985 70 is eating
1985 81 is eating
1987 112 has taken a fork
1987 90 has taken a fork
1987 77 is eating
1987 93 has taken a fork
1987 96 has taken a fork
1987 8 is sleeping
1987 18 is sleeping
1987 91 has taken a fork
1987 75 is eating
1987 16 is sleeping
1988 21 is sleeping
1988 19 is sleeping
1988 92 has taken a fork
1989 97 has taken a fork
1989 99 has taken a fork
1989 12 is sleeping
1990 118 has taken a fork
1990 113 has taken a fork
1990 23 is sleeping
1990 29 is sleeping
1990 95 has taken a fork
1990 14 is sleeping
1990 27 is sleeping
1990 119 has taken a fork
1990 20 is sleeping
1990 76 is eating
1992 114 has taken a fork
1992 115 has taken a fork
1992 24 is sleeping
1992 100 has taken a fork
1992 127 is thinking
1992 94 has taken a fork
1992 98 has taken a fork
1992 125 is thinking
1992 78 is eating
1992 79 is eating
1993 126 is thinking
1993 135 is thinking
1993 117 has taken a fork
1993 120 has taken a fork
1993 122 has taken a fork
1994 102 has taken a fork
1994 101 has taken a fork
1994 106 has taken a fork
1994 83 is eating
1994 104 has taken a fork
1994 82 is eating
1995 25 is sleeping
1995 133 is thinking
1995 105 has taken a fork
1995 110 has taken a fork
1995 103 has taken a fork
1995 111 has taken a fork
1995 131 is thinking
1996 85 is eating
1996 87 is eating
1996 137 is thinking
1996 109 has taken a fork
1997 89 is eating
1997 130 is thinking
1997 107 has taken a fork
1997 121 has taken a fork
1997 116 has taken a fork
1997 80 is eating
1998 128 is thinking
1998 108 has taken a fork
1999 22 is sleeping
1999 141 is thinking
2000 30 is sleeping
2000 88 is eating
2000 134 is thinking
2000 142 is thinking
2000 139 is thinking
2001 132 is thinking
2001 143 is thinking
2001 153 is thinking
2001 124 has taken a fork
2001 147 is thinking
2001 145 is thinking
2002 129 has taken a fork
2002 140 is thinking
2002 148 is thinking
2002 136 is thinking
2002 138 is thinking
2002 86 is eating
2002 123 has taken a fork
2002 84 is eating
2002 144 is thinking
2002 149 is thinking
2002 151 is thinking
2002 146 is thinking
2003 155 is thinking
2003 165 is thinking
2003 154 is thinking
2003 157 is thinking
2003 159 is thinking
2003 156 is thinking
2004 150 is thinking
2004 161 is thinking
2004 152 is thinking
2005 112 has taken a fork
2005 90 is eating
2005 93 is eating
2005 96 is eating
2005 91 is eating
2005 162 is thinking
2005 92 is eating
2005 99 is eating
2005 97 is eating
2006 118 has taken a fork
2006 28 is sleeping
2007 113 has taken a fork
2007 95 is eating
2007 31 is sleeping
2007 119 has taken a fork
2009 114 has taken a fork
2009 115 has taken a fork
2009 100 is eating
2009 127 has taken a fork
2009 94 is eating
2009 98 is eating
2009 125 has taken a fork
2009 126 has taken a fork
2009 135 has taken a fork
2010 117 has taken a fork
2010 120 has taken a fork
2010 122 has taken a fork
2010 164 is thinking
2011 102 is eating
2011 101 is eating
2011 106 is eating
2011 104 is eating
2011 105 is eating
2011 110 is eating
2011 103 is eating
2011 111 is eating
2011 36 is sleeping
2011 133 has taken a fork
2021 160 is thinking
2021 167 is thinking
2022 107 is eating
2040 121 has taken a fork
2056 26 is sleeping
2057 131 has taken a fork
2077 116 has taken a fork
2077 109 is eating
2077 108 is eating
2077 163 is thinking
2077 166 is thinking
2077 169 is thinking
2077 34 is sleeping
2077 137 has taken a fork
2077 124 has taken a fork
2077 173 is thinking
2077 129 has taken a fork
2077 40 is sleeping
2077 130 has taken a fork
2077 123 has taken a fork
2077 37 is sleeping
2077 128 has taken a fork
2077 32 is sleeping
2077 141 has taken a fork
2077 35 is sleeping
2077 134 has taken a fork
2077 33 is sleeping
2077 142 has taken a fork
2077 38 is sleeping
2077 112 is eating
2077 139 has taken a fork
2077 41 is sleeping
2077 158 is thinking
2077 132 has taken a fork
2077 118 is eating
2077 174 is thinking
2077 113 is eating
2077 51 is sleeping
2077 143 has taken a fork
2077 119 is eating
2078 176 is thinking
2078 168 is thinking
2078 39 is sleeping
2078 153 has taken a fork
2078 45 is sleeping
2078 147 has taken a fork
2078 114 is eating
2078 115 is eating
2078 43 is sleeping
2078 145 has taken a fork
2078 47 is sleeping
2078 127 has taken a fork
2078 125 has taken a fork
2078 126 has taken a fork
2078 135 has taken a fork
2078 172 is thinking
2078 140 has taken a fork
2078 117 is eating
2078 120 is eating
2078 49 is sleeping
2078 148 has taken a fork
2079 122 is eating
2079 50 is sleeping
2079 170 is thinking
2079 136 has taken a fork
2079 133 has taken a fork
2079 46 is sleeping
2079 138 has taken a fork
2079 44 is sleeping
2079 55 is sleeping
2079 42 is sleeping
2079 144 has taken a fork
2079 149 has taken a fork
2079 151 has taken a fork
2079 53 is sleeping
2079 146 has taken a fork
2079 52 is sleeping
2079 61 is sleeping
2079 48 is sleeping
2079 178 is thinking
2079 154 has taken a fork
2079 182 is thinking
2079 171 is thinking
2080 175 is thinking
2080 56 is sleeping
2080 177 is thinking
2080 59 is sleeping
2080 57 is sleeping
2080 54 is sleeping
2080 157 has taken a fork
2080 159 has taken a fork
2080 185 is thinking
2080 156 has taken a fork
2080 150 has taken a fork
2080 155 has taken a fork
2080 165 has taken a fork
2081 58 is sleeping
2081 161 has taken a fork
2081 75 is sleeping
2081 64 is sleeping
2081 60 is sleeping
2081 62 is sleeping
2081 72 is sleeping
2081 71 is sleeping
2081 66 is sleeping
2081 74 is sleeping
2081 67 is sleeping
2081 68 is sleeping
2084 81 is sleeping
2090 77 is sleeping
2090 73 is sleeping
2090 181 is thinking
2090 191 is thinking
2090 70 is sleeping
2090 184 is thinking
2090 188 is thinking
2090 187 is thinking
2090 196 is thinking
2090 121 is eating
2090 192 is thinking
2090 193 is thinking
2090 186 is thinking
2090 180 is thinking
2090 190 is thinking
2090 179 is thinking
2091 198 is thinking
2091 189 is thinking
2091 197 is thinking
2091 194 is thinking
2091 195 is thinking
2091 78 is sleeping
2091 76 is sleeping
2091 79 is sleeping
2091 183 is thinking
2091 82 is sleeping
2091 162 has taken a fork
2091 65 is sleeping
2091 69 is sleeping
2092 164 has taken a fork
2093 160 has taken a fork
2093 152 has taken a fork
2093 83 is sleeping
2093 167 has taken a fork
2093 87 is sleeping
2093 89 is sleeping
2093 85 is sleeping
2093 80 is sleeping
2093 17 is thinking
2093 88 is sleeping
2093 5 is thinking
2094 4 is thinking
2094 7 is thinking
2094 2 is thinking
2094 3 is thinking
2094 9 is thinking
2094 10 is thinking
2095 1 is thinking
2095 131 has taken a fork
2095 101 is sleeping
2095 86 is sleeping
2095 110 is sleeping
2095 84 is sleeping
2095 100 is sleeping
2095 94 is sleeping
2095 103 is sleeping
2095 95 is sleeping
2095 93 is sleeping
2095 106 is sleeping
2095 97 is sleeping
2095 91 is sleeping
2095 96 is sleeping
2095 104 is sleeping
2095 11 is thinking
2095 98 is sleeping
2096 15 is thinking
2096 13 is thinking
2096 90 is sleeping
2096 63 is sleeping
2096 116 is eating
2097 163 has taken a fork
2097 166 has taken a fork
2098 169 has taken a fork
2098 137 has taken a fork
2098 111 is sleeping
2098 107 is sleeping
2098 92 is sleeping
2098 99 is sleeping
2098 105 is sleeping
2099 102 is sleeping
2099 124 is eating
2100 173 has taken a fork
2100 129 is eating
2100 130 has taken a fork
2100 123 is eating
2100 128 has taken a fork
2100 141 has taken a fork
2101 134 has taken a fork
2101 142 has taken a fork
2101 139 has taken a fork
2101 158 has taken a fork
2101 132 has taken a fork
2101 174 has taken a fork
2102 143 has taken a fork
2102 176 has taken a fork
2103 168 has taken a fork
2103 153 has taken a fork
2103 147 has taken a fork
2103 145 has taken a fork
2103 127 is eating
2103 125 is eating
2103 126 is eating
2103 135 is eating
2103 172 has taken a fork
2103 140 has taken a fork
2103 148 has taken a fork
2103 170 has taken a fork
2103 136 has taken a fork
2103 133 is eating
2104 138 has taken a fork
2104 144 has taken a fork
2104 149 has taken a fork
2104 151 has taken a fork
2105 146 has taken a fork
2105 178 has taken a fork
2105 154 has taken a fork
2106 182 has taken a fork
2106 171 has taken a fork
2106 175 has taken a fork
2106 177 has taken a fork
2106 157 has taken a fork
2106 159 has taken a fork
2106 185 has taken a fork
2106 150 has taken a fork
2107 156 has taken a fork
2107 155 has taken a fork
2107 165 has taken a fork
2108 161 has taken a fork
2108 6 is thinking
2108 8 is thinking
2108 18 is thinking
2108 16 is thinking
2108 23 is thinking
2108 14 is thinking
2108 12 is thinking
2108 181 has taken a fork
2109 21 is thinking
2109 27 is thinking
2109 19 is thinking
2109 191 has taken a fork
2109 29 is thinking
2109 20 is thinking
2110 184 has taken a fork
2110 188 has taken a fork
2110 187 has taken a fork
2111 196 has taken a fork
2111 192 has taken a fork
2111 193 has taken a fork
2111 186 has taken a fork
2113 180 has taken a fork
2113 190 has taken a fork
2114 179 has taken a fork
2114 198 has taken a fork
2115 189 has taken a fork
2115 197 has taken a fork
2115 194 has taken a fork
2115 195 has taken a fork
2116 183 has taken a fork
2116 162 has taken a fork
2116 24 is thinking
2116 164 has taken a fork
2116 160 has taken a fork
2116 152 has taken a fork
2116 167 has taken a fork
2116 17 has taken a fork
2117 5 has taken a fork
2117 4 has taken a fork
2117 7 has taken a fork
2117 2 has taken a fork
2117 3 has taken a fork
2117 9 has taken a fork
2117 10 has taken a fork
2117 25 is thinking
2117 1 has taken a fork
2117 131 is eating
2118 11 has taken a fork
2118 163 has taken a fork
2118 166 has taken a fork
2118 169 has taken a fork
2118 137 is eating
2118 22 is thinking
2118 30 is thinking
2119 173 has taken a fork
2119 130 is eating
2119 141 is eating
2119 128 is eating
2119 134 is eating
2119 142 is eating
2119 139 is eating
2119 158 has taken a fork
2120 132 is eating
2120 174 has taken a fork
2120 143 is eating
2120 176 has taken a fork
2120 168 has taken a fork
2120 153 is eating
2120 147 is eating
2120 145 is eating
2121 172 has taken a fork
2121 140 is eating
2121 148 is eating
2121 170 has taken a fork
2121 136 is eating
2121 138 is eating
2121 109 is sleeping
2121 15 has taken a fork
2121 144 is eating
2121 149 is eating
2121 151 is eating
2122 146 is eating
2122 108 is sleeping
2122 178 has taken a fork
2122 154 is eating
2122 13 has taken a fork
2122 182 has taken a fork
2122 28 is thinking
2122 171 has taken a fork
2123 175 has taken a fork
2123 177 has taken a fork
2123 157 is eating
2123 159 is eating
2123 185 has taken a fork
2123 150 is eating
2124 112 is sleeping
2124 31 is thinking
2124 156 is eating
2124 155 is eating
2124 165 is eating
2125 161 is eating
2125 6 has taken a fork
2125 181 has taken a fork
2130 113 is sleeping
2130 8 has taken a fork
2131 191 has taken a fork
2131 184 has taken a fork
2131 118 is sleeping
2131 188 has taken a fork
2131 18 has taken a fork
2131 187 has taken a fork
2133 36 is thinking
2133 196 has taken a fork
2133 192 has taken a fork
2133 193 has taken a fork
2133 186 has taken a fork
2133 180 has taken a fork
2134 190 has taken a fork
2134 198 has taken a fork
2134 179 has taken a fork
2134 119 is sleeping
2134 189 has taken a fork
2135 16 has taken a fork
2135 197 has taken a fork
2135 194 has taken a fork
2135 195 has taken a fork
2135 114 is sleeping
2135 183 has taken a fork
2135 162 is eating
2135 115 is sleeping
2136 14 has taken a fork
2136 164 is eating
2136 23 has taken a fork
2136 160 is eating
2136 152 is eating
2137 167 is eating
2137 17 has taken a fork
2137 5 has taken a fork
2137 4 has taken a fork
2138 7 has taken a fork
2138 2 has taken a fork
2138 3 has taken a fork
2138 9 has taken a fork
2138 10 has taken a fork
2138 1 has taken a fork
2138 117 is sleeping
2138 12 has taken a fork
2138 11 has taken a fork
2139 163 is eating
2139 166 is eating
2139 169 is eating
2140 173 is eating
2140 120 is sleeping
2140 21 has taken a fork
2140 158 is eating
2141 122 is sleeping
2141 174 is eating
2141 27 has taken a fork
2141 176 is eating
2142 168 is eating
2142 172 is eating
2142 170 is eating
2142 15 has taken a fork
2143 178 is eating
2143 13 has taken a fork
2143 182 is eating
2144 171 is eating
2144 175 is eating
2144 177 is eating
2145 185 is eating
2145 6 has taken a fork
2145 181 is eating
2145 8 has taken a fork
2146 191 is eating
2146 184 is eating
2146 188 is eating
2146 18 has taken a fork
2146 187 is eating
2146 196 is eating
2146 192 is eating
2147 193 is eating
2147 186 is eating
2147 180 is eating
2148 190 is eating
2148 121 is sleeping
2148 198 is eating
2148 19 has taken a fork
2149 179 is eating
2149 189 is eating
2150 16 has taken a fork
2150 197 is eating
2150 194 is eating
2151 195 is eating
2151 183 is eating
2151 14 has taken a fork
2151 23 has taken a fork
2151 116 is sleeping
2151 29 has taken a fork
2152 17 is eating
2152 5 is eating
2152 4 is eating
2152 7 is eating
2153 2 is eating
2153 3 is eating
2153 9 is eating
2154 10 is eating
2154 1 is eating
2154 12 has taken a fork
2154 11 is eating
2155 21 has taken a fork
2155 124 is sleeping
2156 20 has taken a fork
2156 27 has taken a fork
2156 129 is sleeping
2157 24 has taken a fork
2157 123 is sleeping
2157 15 is eating
2158 25 has taken a fork
2158 13 is eating
2158 6 is eating
2159 8 is eating
2159 18 is eating
2159 125 is sleeping
2159 127 is sleeping
2160 22 has taken a fork
2160 30 has taken a fork
2160 126 is sleeping
2161 135 is sleeping
2161 28 has taken a fork
2161 31 has taken a fork
2161 19 has taken a fork
2162 133 is sleeping
2162 16 is eating
2163 36 has taken a fork
2163 23 is eating
2163 14 is eating
2163 29 has taken a fork
2163 12 is eating
2164 21 is eating
2164 20 has taken a fork
2164 26 is thinking
2165 27 is eating
2165 24 has taken a fork
2166 131 is sleeping
2167 25 has taken a fork
2167 137 is sleeping
2169 22 has taken a fork
2169 30 has taken a fork
2170 128 is sleeping
2170 130 is sleeping
2171 28 has taken a fork
2171 141 is sleeping
2171 31 has taken a fork
2171 19 is eating
2171 142 is sleeping
2172 134 is sleeping
2172 139 is sleeping
2172 36 has taken a fork
2173 132 is sleeping
2173 29 is eating
2173 153 is sleeping
2173 143 is sleeping
2173 20 is eating
2174 26 has taken a fork
2174 147 is sleeping
2174 145 is sleeping
2174 24 is eating
2175 136 is sleeping
2175 140 is sleeping
2176 148 is sleeping
2176 25 is eating
2176 138 is sleeping
2177 149 is sleeping
2177 151 is sleeping
2177 144 is sleeping
2177 22 is eating
2177 146 is sleeping
2178 30 is eating
2178 28 is eating
2179 31 is eating
2179 36 is eating
2179 154 is sleeping
2179 26 has taken a fork
2180 157 is sleeping
2180 159 is sleeping
2180 155 is sleeping
2180 150 is sleeping
2181 156 is sleeping
2181 165 is sleeping
2182 161 is sleeping
2182 51 is thinking
2182 38 is thinking
2182 37 is thinking
2182 34 is thinking
2182 32 is thinking
2182 33 is thinking
2182 40 is thinking
2182 41 is thinking
2182 35 is thinking
2182 39 is thinking
2182 45 is thinking
2182 49 is thinking
2183 47 is thinking
2183 43 is thinking
2184 46 is thinking
2184 52 is thinking
2185 53 is thinking
2185 50 is thinking
2186 48 is thinking
2186 42 is thinking
2186 44 is thinking
2187 61 is thinking
2187 55 is thinking
2187 26 is eating
2187 56 is thinking
2187 57 is thinking
2187 59 is thinking
2187 54 is thinking
2188 72 is thinking
2188 67 is thinking
2188 66 is thinking
2188 71 is thinking
2188 58 is thinking
2188 74 is thinking
2189 75 is thinking
2190 62 is thinking
2190 64 is thinking
2191 60 is thinking
2191 68 is thinking
2192 51 has taken a fork
2192 38 has taken a fork
2193 37 has taken a fork
2194 34 has taken a fork
2194 32 has taken a fork
2195 33 has taken a fork
2195 40 has taken a fork
2196 41 has taken a fork
2196 35 has taken a fork
2196 39 has taken a fork
2196 45 has taken a fork
2196 49 has taken a fork
2196 47 has taken a fork
2196 43 has taken a fork
2201 46 has taken a fork
2201 81 is thinking
2202 52 has taken a fork
2202 53 has taken a fork
2202 50 has taken a fork
2202 48 has taken a fork
2202 42 has taken a fork
2202 44 has taken a fork
2202 61 has taken a fork
2202 55 has taken a fork
2203 56 has taken a fork
2203 57 has taken a fork
2203 59 has taken a fork
2203 54 has taken a fork
2203 72 has taken a fork
2203 77 is thinking
2204 70 is thinking
2204 73 is thinking
2204 76 is thinking
2204 78 is thinking
2204 69 is thinking
2204 65 is thinking
2204 82 is thinking
2204 167 is sleeping
2204 51 has taken a fork
2204 67 has taken a fork
2205 85 is thinking
2205 38 has taken a fork
2205 89 is thinking
2205 160 is sleeping
2205 66 has taken a fork
2206 80 is thinking
2206 88 is thinking
2206 152 is sleeping
2206 162 is sleeping
2206 87 is thinking
2206 164 is sleeping
2206 37 has taken a fork
2206 74 has taken a fork
2206 71 has taken a fork
2206 58 has taken a fork
2206 83 is thinking
2206 34 has taken a fork
2206 32 has taken a fork
2206 101 is thinking
2207 93 is thinking
2207 33 has taken a fork
2207 84 is thinking
2207 104 is thinking
2208 100 is thinking
2208 91 is thinking
2208 98 is thinking
2209 94 is thinking
2209 86 is thinking
2209 110 is thinking
2210 106 is thinking
2210 97 is thinking
2211 95 is thinking
2212 103 is thinking
2213 96 is thinking
2213 40 has taken a fork
2214 63 is thinking
2214 41 has taken a fork
2216 35 has taken a fork
2217 39 has taken a fork
2217 45 has taken a fork
2217 49 has taken a fork
2217 47 has taken a fork
2217 43 has taken a fork
2218 90 is thinking
2218 79 is thinking
2218 107 is thinking
2218 105 is thinking
2218 92 is thinking
2218 99 is thinking
2219 111 is thinking
2219 102 is thinking
2219 46 has taken a fork
2220 52 has taken a fork
2220 53 has taken a fork
2220 50 has taken a fork
2220 48 has taken a fork
2220 42 has taken a fork
2221 44 has taken a fork
2221 61 has taken a fork
2221 55 has taken a fork
2221 56 has taken a fork
2221 57 has taken a fork
2221 59 has taken a fork
2222 54 has taken a fork
2222 72 has taken a fork
2222 51 is eating
2222 67 has taken a fork
2222 38 is eating
2222 66 has taken a fork
2223 37 is eating
2223 74 has taken a fork
2224 71 has taken a fork
2224 58 has taken a fork
2224 34 is eating
2224 32 is eating
2224 33 is eating
2224 166 is sleeping
2224 169 is sleeping
2224 163 is sleeping
2224 75 has taken a fork
2224 62 has taken a fork
2225 64 has taken a fork
2225 174 is sleeping
2225 158 is sleeping
2225 173 is sleeping
2225 60 has taken a fork
2225 68 has taken a fork
2225 81 has taken a fork
2226 168 is sleeping
2226 176 is sleeping
2226 172 is sleeping
2226 77 has taken a fork
2226 70 has taken a fork
2226 182 is sleeping
2226 76 has taken a fork
2226 178 is sleeping
2226 175 is sleeping
2227 170 is sleeping
2227 65 has taken a fork
2227 73 has taken a fork
2227 171 is sleeping
2227 177 is sleeping
2227 85 has taken a fork
2227 78 has taken a fork
2228 69 has taken a fork
2228 82 has taken a fork
2228 185 is sleeping
2228 89 has taken a fork
2228 40 is eating
2229 41 is eating
2229 35 is eating
2229 39 is eating
2229 45 is eating
2229 49 is eating
2229 47 is eating
2229 43 is eating
2230 184 is sleeping
2230 196 is sleeping
2230 88 has taken a fork
2230 191 is sleeping
2230 87 has taken a fork
2230 187 is sleeping
2231 181 is sleeping
2231 192 is sleeping
2231 101 has taken a fork
2231 83 has taken a fork
2231 93 has taken a fork
2232 188 is sleeping
2232 84 has taken a fork
2232 80 has taken a fork
2232 193 is sleeping
2232 190 is sleeping
2233 104 has taken a fork
2234 100 has taken a fork
2234 186 is sleeping
2234 180 is sleeping
2234 91 has taken a fork
2235 98 has taken a fork
2235 46 is eating
2236 179 is sleeping
2236 94 has taken a fork
2236 189 is sleeping
2236 86 has taken a fork
2236 198 is sleeping
2236 110 has taken a fork
2237 52 is eating
2237 53 is eating
2238 50 is eating
2238 48 is eating
2238 42 is eating
2238 197 is sleeping
2238 109 is thinking
2238 44 is eating
2239 183 is sleeping
2239 194 is sleeping
2239 195 is sleeping
2239 106 has taken a fork
2240 61 is eating
2240 97 has taken a fork
2241 95 has taken a fork
2241 103 has taken a fork
2241 55 is eating
2241 56 is eating
2241 57 is eating
2241 59 is eating
2241 54 is eating
2242 108 is thinking
2242 72 is eating
2242 67 is eating
2242 66 is eating
2242 5 is sleeping
2242 17 is sleeping
2242 7 is sleeping
2243 90 has taken a fork
2243 4 is sleeping
2243 96 has taken a fork
2243 63 has taken a fork
2243 74 is eating
2244 79 has taken a fork
2244 10 is sleeping
2244 9 is sleeping
2244 2 is sleeping
2244 71 is eating
2244 3 is sleeping
2245 112 is thinking
2245 105 has taken a fork
2246 107 has taken a fork
2246 58 is eating
2247 92 has taken a fork
2247 99 has taken a fork
2248 75 has taken a fork
2248 62 has taken a fork
2248 64 has taken a fork
2248 1 is sleeping
2248 111 has taken a fork
2248 11 is sleeping
2249 102 has taken a fork
2249 60 has taken a fork
2249 68 has taken a fork
2249 81 has taken a fork
2249 77 has taken a fork
2249 70 has taken a fork
2249 76 has taken a fork
2249 65 has taken a fork
2249 73 has taken a fork
2249 85 has taken a fork
2249 78 has taken a fork
2249 69 has taken a fork
2249 82 has taken a fork
2249 89 has taken a fork
2249 113 is thinking
2249 88 has taken a fork
2249 87 has taken a fork
2249 15 is sleeping
2249 118 is thinking
2249 101 has taken a fork
2250 83 has taken a fork
2251 93 has taken a fork
2251 84 has taken a fork
2251 80 has taken a fork
2251 13 is sleeping
2251 104 has taken a fork
2251 119 is thinking
2252 6 is sleeping
2252 100 has taken a fork
2252 8 is sleeping
2252 91 has taken a fork
2253 18 is sleeping
2253 98 has taken a fork
2254 114 is thinking
2255 115 is thinking
2255 94 has taken a fork
2255 86 has taken a fork
2256 110 has taken a fork
2256 117 is thinking
2257 109 has taken a fork
2257 16 is sleeping
2258 106 has taken a fork
2258 14 is sleeping
2258 120 is thinking
2258 23 is sleeping
2258 97 has taken a fork
2258 12 is sleeping
2258 95 has taken a fork
2258 122 is thinking
2258 103 has taken a fork
2259 21 is sleeping
2260 108 has taken a fork
2260 27 is sleeping
2260 90 has taken a fork
2260 96 has taken a fork
2261 63 has taken a fork
2261 79 has taken a fork
2261 112 has taken a fork
2262 105 has taken a fork
2263 107 has taken a fork
2263 92 has taken a fork
2263 99 has taken a fork
2264 75 is eating
2264 62 is eating
2264 64 is eating
2265 111 has taken a fork
2265 121 is thinking
2265 102 has taken a fork
2265 60 is eating
2265 68 is eating
2265 81 is eating
2266 77 is eating
2266 70 is eating
2266 76 is eating
2266 65 is eating
2266 73 is eating
2266 85 is eating
2267 78 is eating
2267 69 is eating
2268 82 is eating
2268 89 is eating
2268 113 has taken a fork
2269 88 is eating
2269 87 is eating
2270 118 has taken a fork
2270 101 is eating
2270 83 is eating
2270 116 is thinking
2271 93 is eating
2271 84 is eating
2271 80 is eating
2271 104 is eating
2272 119 has taken a fork
2272 100 is eating
2273 91 is eating
2273 19 is sleeping
2273 98 is eating
2274 114 has taken a fork
2274 29 is sleeping
2275 115 has taken a fork
2276 94 is eating
2276 86 is eating
2276 124 is thinking
2277 129 is thinking
2278 110 is eating
2278 117 has taken a fork
2280 109 has taken a fork
2281 123 is thinking
2281 106 is eating
2281 24 is sleeping
2282 120 has taken a fork
2282 20 is sleeping
2283 97 is eating
2283 95 is eating
2284 122 has taken a fork
2284 103 is eating
2284 25 is sleeping
2285 127 is thinking
2285 125 is thinking
2286 108 has taken a fork
2286 126 is thinking
2287 90 is eating
2288 96 is eating
2288 135 is thinking
2288 63 is eating
2289 79 is eating
2289 112 has taken a fork
2289 133 is thinking
2290 105 is eating
2290 30 is sleeping
2290 22 is sleeping
2291 28 is sleeping
2291 107 is eating
2291 92 is eating
2291 31 is sleeping
2291 99 is eating
2291 36 is sleeping
2292 111 is eating
2294 121 has taken a fork
2295 102 is eating
2296 131 is thinking
2296 137 is thinking
2296 113 has taken a fork
2296 128 is thinking
2296 130 is thinking
2296 118 has taken a fork
2296 116 has taken a fork
2296 142 is thinking
2296 141 is thinking
2296 139 is thinking
2296 119 has taken a fork
2298 134 is thinking
2298 132 is thinking
2299 143 is thinking
2299 153 is thinking
2300 145 is thinking
2302 147 is thinking
2302 114 has taken a fork
2304 115 has taken a fork
2306 136 is thinking
2307 140 is thinking
2308 26 is sleeping
2308 138 is thinking
2308 148 is thinking
2309 124 has taken a fork
2309 151 is thinking
2309 144 is thinking
2309 146 is thinking
2311 129 has taken a fork
2311 149 is thinking
2312 117 has taken a fork
2312 154 is thinking
2312 109 is eating
2312 157 is thinking
2312 159 is thinking
2312 155 is thinking
2312 150 is thinking
2313 165 is thinking
2313 123 has taken a fork
2313 156 is thinking
2314 120 has taken a fork
2315 161 is thinking
2315 122 has taken a fork
2315 127 has taken a fork
2315 125 has taken a fork
2316 108 is eating
2316 126 has taken a fork
2316 135 has taken a fork
2316 133 has taken a fork
2316 112 is eating
2316 121 has taken a fork
2317 131 has taken a fork
2317 113 is eating
2317 118 is eating
2318 116 has taken a fork
2318 119 is eating
2318 114 is eating
2319 38 is sleeping
2319 32 is sleeping
2319 128 has taken a fork
2320 167 is thinking
2320 115 is eating
2320 33 is sleeping
2321 142 has taken a fork
2321 37 is sleeping
2322 45 is sleeping
2322 39 is sleeping
2322 139 has taken a fork
2322 43 is sleeping
2323 34 is sleeping
2323 132 has taken a fork
2324 137 has taken a fork
2325 51 is sleeping
2325 143 has taken a fork
2325 164 is thinking
2326 40 is sleeping
2327 152 is thinking
2327 160 is thinking
2328 145 has taken a fork
2328 47 is sleeping
2329 49 is sleeping
2329 147 has taken a fork
2329 162 is thinking
2330 130 has taken a fork
2330 41 is sleeping
2330 136 has taken a fork
2331 141 has taken a fork
2331 134 has taken a fork
2331 35 is sleeping
2332 153 has taken a fork
2332 140 has taken a fork
2333 124 has taken a fork
2333 46 is sleeping
2333 138 has taken a fork
2334 129 has taken a fork
2334 52 is sleeping
2334 53 is sleeping
2334 151 has taken a fork
2335 148 has taken a fork
2335 44 is sleeping
2337 144 has taken a fork
2337 48 is sleeping
2338 117 is eating
2338 42 is sleeping
2339 50 is sleeping
2339 146 has taken a fork
2339 149 has taken a fork
2339 154 has taken a fork
2340 123 has taken a fork
2340 55 is sleeping
2340 159 has taken a fork
2341 56 is sleeping
2341 57 is sleeping
2342 61 is sleeping
2342 59 is sleeping
2343 120 is eating
2343 157 has taken a fork
2343 155 has taken a fork
2343 72 is sleeping
2343 150 has taken a fork
2343 165 has taken a fork
2344 54 is sleeping
2344 161 has taken a fork
2344 156 has taken a fork
2344 122 is eating
2344 127 has taken a fork
2345 125 has taken a fork
2345 126 has taken a fork
2345 135 has taken a fork
2345 133 has taken a fork
2345 121 is eating
2345 131 has taken a fork
2346 67 is sleeping
2346 116 is eating
2346 74 is sleeping
2346 66 is sleeping
2346 71 is sleeping
2347 128 has taken a fork
2347 167 has taken a fork
2347 58 is sleeping
2347 142 has taken a fork
2347 139 has taken a fork
2347 132 has taken a fork
2348 163 is thinking
2348 166 is thinking
2348 137 has taken a fork
2348 169 is thinking
2349 158 is thinking
2349 143 has taken a fork
2349 174 is thinking
2349 173 is thinking
2349 164 has taken a fork
2350 182 is thinking
2350 168 is thinking
2351 175 is thinking
2351 172 is thinking
2351 176 is thinking
2351 178 is thinking
2351 177 is thinking
2351 170 is thinking
2351 152 has taken a fork
2352 171 is thinking
2352 185 is thinking
2352 160 has taken a fork
2352 145 has taken a fork
2352 147 has taken a fork
2352 162 has taken a fork
2352 196 is thinking
2352 184 is thinking
2353 191 is thinking
2353 187 is thinking
2353 130 has taken a fork
2353 136 has taken a fork
2353 181 is thinking
2353 192 is thinking
2353 141 has taken a fork
2353 193 is thinking
2353 188 is thinking
2354 190 is thinking
2354 134 has taken a fork
2354 153 has taken a fork
2354 140 has taken a fork
2355 124 is eating
2355 138 has taken a fork
2355 129 is eating
2355 186 is thinking
2355 180 is thinking
2355 151 has taken a fork
2355 148 has taken a fork
2355 198 is thinking
2355 179 is thinking
2355 189 is thinking
2356 62 is sleeping
2356 68 is sleeping
2357 60 is sleeping
2357 64 is sleeping
2357 144 has taken a fork
2357 75 is sleeping
2357 81 is sleeping
2358 197 is thinking
2358 77 is sleeping
2358 194 is thinking
2358 183 is thinking
2358 65 is sleeping
2358 195 is thinking
2358 146 has taken a fork
2358 76 is sleeping
2358 73 is sleeping
2358 85 is sleeping
2358 70 is sleeping
2358 149 has taken a fork
2359 154 has taken a fork
2359 78 is sleeping
2359 69 is sleeping
2359 123 is eating
2359 82 is sleeping
2359 159 has taken a fork
2359 89 is sleeping
2359 7 is thinking
2359 5 is thinking
2359 17 is thinking
2359 4 is thinking
2359 157 has taken a fork
2359 155 has taken a fork
2359 150 has taken a fork
2359 165 has taken a fork
2359 2 is thinking
2359 101 is sleeping
2359 10 is thinking
2360 88 is sleeping
2360 83 is sleeping
2360 3 is thinking
2360 87 is sleeping
2361 9 is thinking
2361 161 has taken a fork
2361 156 has taken a fork
2361 127 is eating
2362 125 is eating
2362 84 is sleeping
2362 80 is sleeping
2362 104 is sleeping
2363 93 is sleeping
2363 135 is eating
2363 133 is eating
2363 126 is eating
2363 131 is eating
2363 98 is sleeping
2363 100 is sleeping
2364 91 is sleeping
2364 128 is eating
2364 167 has taken a fork
2364 142 is eating
2364 139 is eating
2364 132 is eating
2364 163 has taken a fork
2364 11 is thinking
2364 166 has taken a fork
2364 94 is sleeping
2364 1 is thinking
2364 86 is sleeping
2364 137 is eating
2364 158 has taken a fork
2364 169 has taken a fork
2365 15 is thinking
2365 110 is sleeping
2365 143 is eating
2365 174 has taken a fork
2365 173 has taken a fork
2365 164 has taken a fork
2365 182 has taken a fork
2365 168 has taken a fork
2366 13 is thinking
2367 175 has taken a fork
2367 106 is sleeping
2367 172 has taken a fork
2367 176 has taken a fork
2367 178 has taken a fork
2367 177 has taken a fork
2367 170 has taken a fork
2367 152 has taken a fork
2367 8 is thinking
2368 97 is sleeping
2369 95 is sleeping
2369 171 has taken a fork
2370 185 has taken a fork
2370 6 is thinking
2370 160 has taken a fork
2370 147 is eating
2370 145 is eating
2370 162 has taken a fork
2370 196 has taken a fork
2371 184 has taken a fork
2371 103 is sleeping
2372 18 is thinking
2372 191 has taken a fork
2372 187 has taken a fork
2372 130 is eating
2372 136 is eating
2372 181 has taken a fork
2372 192 has taken a fork
2373 141 is eating
2374 193 has taken a fork
2374 188 has taken a fork
2374 190 has taken a fork
2374 134 is eating
2374 153 is eating
2374 140 is eating
2375 90 is sleeping
2375 138 is eating
2375 186 has taken a fork
2375 180 has taken a fork
2375 151 is eating
2375 148 is eating
2376 198 has taken a fork
2376 179 has taken a fork
2376 189 has taken a fork
2377 63 is sleeping
2377 96 is sleeping
2377 79 is sleeping
2377 16 is thinking
2377 105 is sleeping
2377 144 is eating
2378 23 is thinking
2378 14 is thinking
2379 12 is thinking
2379 197 has taken a fork
2380 107 is sleeping
2380 99 is sleeping
2380 194 has taken a fork
2380 183 has taken a fork
2380 195 has taken a fork
2381 146 is eating
2381 149 is eating
2382 111 is sleeping
2383 21 is thinking
2383 154 is eating
2383 92 is sleeping
2383 159 is eating
2383 7 has taken a fork
2384 5 has taken a fork
2384 17 has taken a fork
2384 4 has taken a fork
2384 157 is eating
2384 155 is eating
2384 150 is eating
2384 165 is eating
2384 2 has taken a fork
2385 10 has taken a fork
2387 27 is thinking
2387 102 is sleeping
2388 3 has taken a fork
2388 9 has taken a fork
2388 161 is eating
2389 156 is eating
2389 167 is eating
2390 163 has taken a fork
2390 11 has taken a fork
2390 166 has taken a fork
2390 1 has taken a fork
2391 158 has taken a fork
2391 169 has taken a fork
2392 174 has taken a fork
2392 173 has taken a fork
2392 164 is eating
2392 182 has taken a fork
2392 168 has taken a fork
2393 175 has taken a fork
2393 172 has taken a fork
2393 176 has taken a fork
2393 178 has taken a fork
2393 170 has taken a fork
2393 152 is eating
2394 177 has taken a fork
2395 171 has taken a fork
2395 185 has taken a fork
2395 160 is eating
2395 162 is eating
2396 196 has taken a fork
2397 184 has taken a fork
2397 191 has taken a fork
2397 187 has taken a fork
2398 181 has taken a fork
2398 192 has taken a fork
2399 19 is thinking
2400 193 has taken a fork
2400 188 has taken a fork
2400 190 has taken a fork
2401 29 is thinking
2401 109 is sleeping
2401 186 has taken a fork
2402 15 has taken a fork
2402 180 has taken a fork
2403 198 has taken a fork
2403 179 has taken a fork
2404 189 has taken a fork
2404 108 is sleeping
2404 13 has taken a fork
2404 197 has taken a fork
2404 194 has taken a fork
2404 183 has taken a fork
2405 195 has taken a fork
2405 24 is thinking
2407 20 is thinking
2408 113 is sleeping
2408 118 is sleeping
2408 112 is sleeping
2408 6 has taken a fork
2409 18 has taken a fork
2409 7 has taken a fork
2410 25 is thinking
2410 8 has taken a fork
2411 5 has taken a fork
2411 17 has taken a fork
2412 4 has taken a fork
2412 2 has taken a fork
2412 119 is sleeping
2412 16 has taken a fork
2413 10 has taken a fork
2413 114 is sleeping
2413 23 has taken a fork
2413 3 has taken a fork
2414 115 is sleeping
2414 9 has taken a fork
2414 14 has taken a fork
2416 163 is eating
2416 11 has taken a fork
2417 22 is thinking
2417 30 is thinking
2417 1 has taken a fork
2418 166 is eating
2419 31 is thinking
2419 158 is eating
2420 36 is thinking
2420 28 is thinking
2420 169 is eating
2421 174 is eating
2421 173 is eating
2421 182 is eating
2421 168 is eating
2421 175 is eating
2421 172 is eating
2421 176 is eating
2421 178 is eating
2421 170 is eating
2422 177 is eating
2422 171 is eating
2423 185 is eating
2423 196 is eating
2424 184 is eating
2425 117 is sleeping
2425 191 is eating
2425 187 is eating
2426 12 has taken a fork
2426 181 is eating
2427 192 is eating
2430 193 is eating
2431 188 is eating
2431 190 is eating
2431 120 is sleeping
2431 21 has taken a fork
2431 122 is sleeping
2431 27 has taken a fork
2431 186 is eating
2431 15 has taken a fork
2432 180 is eating
2434 198 is eating
2434 179 is eating
2434 189 is eating
2435 13 has taken a fork
2438 197 is eating
2438 194 is eating
2442 183 is eating
2442 195 is eating
2444 121 is sleeping
2444 19 has taken a fork
2445 26 is thinking
2447 116 is sleeping
2448 29 has taken a fork
2448 6 has taken a fork
2448 18 has taken a fork
2448 7 is eating
2449 8 has taken a fork
2449 5 is eating
2449 17 is eating
2449 4 is eating
2449 2 is eating
2449 16 has taken a fork
2450 10 is eating
2451 23 has taken a fork
2451 3 is eating
2451 9 is eating
2452 14 has taken a fork
2452 124 is sleeping
2453 129 is sleeping
2453 20 has taken a fork
2453 11 is eating
2454 24 has taken a fork
2454 1 is eating
2454 32 is thinking
2455 38 is thinking
2455 123 is sleeping
2455 25 has taken a fork
2455 33 is thinking
2456 37 is thinking
2456 39 is thinking
2456 45 is thinking
2458 43 is thinking
2458 127 is sleeping
2458 34 is thinking
2459 125 is sleeping
2459 22 has taken a fork
2459 30 has taken a fork
2460 126 is sleeping
2460 51 is thinking
2461 31 has taken a fork
2462 135 is sleeping
2462 12 has taken a fork
2463 36 has taken a fork
2464 133 is sleeping
2464 28 has taken a fork
2465 40 is thinking
2465 47 is thinking
2465 49 is thinking
2465 131 is sleeping
2465 41 is thinking
2467 35 is thinking
2467 21 has taken a fork
2467 27 has taken a fork
2467 15 is eating
2467 128 is sleeping
2467 52 is thinking
2467 46 is thinking
2467 53 is thinking
2467 139 is sleeping
2467 13 is eating
2467 142 is sleeping
2468 132 is sleeping
2468 137 is sleeping
2468 44 is thinking
2468 143 is sleeping
2468 147 is sleeping
2468 145 is sleeping
2469 42 is thinking
2470 48 is thinking
2470 50 is thinking
2470 130 is sleeping
2470 141 is sleeping
2470 153 is sleeping
2470 134 is sleeping
2470 55 is thinking
2470 140 is sleeping
2470 61 is thinking
2471 57 is thinking
2472 59 is thinking
2472 136 is sleeping
2472 56 is thinking
2472 148 is sleeping
2472 138 is sleeping
2473 151 is sleeping
2473 72 is thinking
2473 54 is thinking
2474 19 has taken a fork
2474 144 is sleeping
2474 26 has taken a fork
2475 74 is thinking
2475 146 is sleeping
2475 149 is sleeping
2475 58 is thinking
2476 71 is thinking
2476 66 is thinking
2477 67 is thinking
2477 29 has taken a fork
2477 154 is sleeping
2477 6 is eating
2477 18 is eating
2477 157 is sleeping
2477 159 is sleeping
2477 155 is sleeping
2478 8 is eating
2478 16 is eating
2479 150 is sleeping
2479 165 is sleeping
2479 23 is eating
2479 14 is eating
2479 161 is sleeping
2479 156 is sleeping
2479 20 has taken a fork
2479 24 has taken a fork
2480 32 has taken a fork
2480 38 has taken a fork
2481 167 is sleeping
2481 25 has taken a fork
2481 33 has taken a fork
2481 68 is thinking
2482 62 is thinking
2482 37 has taken a fork
2483 39 has taken a fork
2483 60 is thinking
2483 81 is thinking
2483 75 is thinking
2484 64 is thinking
2484 45 has taken a fork
2484 65 is thinking
2484 85 is thinking
2484 73 is thinking
2485 70 is thinking
2486 77 is thinking
2486 76 is thinking
2486 43 has taken a fork
2486 101 is thinking
2486 69 is thinking
2486 78 is thinking
2487 82 is thinking
2488 34 has taken a fork
2488 164 is sleeping
2488 89 is thinking
2488 22 has taken a fork
2488 30 has taken a fork
2489 87 is thinking
2489 83 is thinking
2489 152 is sleeping
2489 88 is thinking
2489 51 has taken a fork
2489 31 has taken a fork
2489 84 is thinking
2489 80 is thinking
2489 104 is thinking
2489 160 is sleeping
2490 12 is eating
2490 93 is thinking
2490 100 is thinking
2490 36 has taken a fork
2490 162 is sleeping
2490 98 is thinking
2490 94 is thinking
2490 91 is thinking
2490 86 is thinking
2490 28 has taken a fork
2490 110 is thinking
2490 40 has taken a fork
2490 47 has taken a fork
2491 49 has taken a fork
2491 41 has taken a fork
2491 106 is thinking
2491 35 has taken a fork
2491 21 is eating
2491 27 is eating
2491 52 has taken a fork
2491 46 has taken a fork
2491 53 has taken a fork
2491 97 is thinking
2491 44 has taken a fork
2492 95 is thinking
2492 42 has taken a fork
2492 48 has taken a fork
2492 50 has taken a fork
2492 55 has taken a fork
2492 61 has taken a fork
2492 103 is thinking
2492 57 has taken a fork
2492 59 has taken a fork
2492 56 has taken a fork
2492 72 has taken a fork
2493 54 has taken a fork
2493 19 is eating
2493 26 has taken a fork
2493 74 has taken a fork
2493 90 is thinking
2493 58 has taken a fork
2493 71 has taken a fork
2493 66 has taken a fork
2494 105 is thinking
2494 96 is thinking
2494 67 has taken a fork
2494 63 is thinking
2494 79 is thinking
2495 29 is eating
2495 20 is eating
2495 24 is eating
2495 32 has taken a fork
2495 99 is thinking
2496 107 is thinking
2496 38 has taken a fork
2496 25 is eating
2496 33 has taken a fork
2496 163 is sleeping
2496 111 is thinking
2496 68 has taken a fork
2496 37 has taken a fork
2497 39 has taken a fork
2497 166 is sleeping
2497 92 is thinking
2497 62 has taken a fork
2497 158 is sleeping
2498 60 has taken a fork
2498 45 has taken a fork
2498 173 is sleeping
2498 169 is sleeping
2498 81 has taken a fork
2498 75 has taken a fork
2498 174 is sleeping
2498 64 has taken a fork
2498 170 is sleeping
2498 175 is sleeping
2499 168 is sleeping
2499 176 is sleeping
2499 65 has taken a fork
2499 182 is sleeping
2499 77 has taken a fork
2499 178 is sleeping
2499 172 is sleeping
2499 85 has taken a fork
2499 73 has taken a fork
2499 70 has taken a fork
2499 76 has taken a fork
2500 43 has taken a fork
2500 101 has taken a fork
2505 102 is thinking
2505 171 is sleeping
2505 69 has taken a fork
2505 196 is sleeping
2506 78 has taken a fork
2506 184 is sleeping
2506 82 has taken a fork
2506 185 is sleeping
2507 34 has taken a fork
2507 177 is sleeping
2507 89 has taken a fork
2507 22 is eating
2507 30 is eating
2507 87 has taken a fork
2507 187 is sleeping
2508 191 is sleeping
2508 83 has taken a fork
2508 51 has taken a fork
2508 88 has taken a fork
2508 31 is eating
2508 192 is sleeping
2509 84 has taken a fork
2509 181 is sleeping
2509 36 is eating
2509 80 has taken a fork
2509 28 is eating
2509 40 has taken a fork
2509 47 has taken a fork
2510 49 has taken a fork
2510 41 has taken a fork
2510 35 has taken a fork
2510 52 has taken a fork
2510 46 has taken a fork
2510 53 has taken a fork
2510 44 has taken a fork
2510 42 has taken a fork
2510 48 has taken a fork
2510 193 is sleeping
2510 50 has taken a fork
2510 104 has taken a fork
2510 55 has taken a fork
2511 61 has taken a fork
2511 57 has taken a fork
2511 59 has taken a fork
2511 56 has taken a fork
2511 72 has taken a fork
2511 188 is sleeping
2511 190 is sleeping
2511 186 is sleeping
2512 94 has taken a fork
2512 54 has taken a fork
2512 100 has taken a fork
2512 26 is eating
2512 74 has taken a fork
2513 58 has taken a fork
2513 71 has taken a fork
2513 66 has taken a fork
2513 180 is sleeping
2513 91 has taken a fork
2513 93 has taken a fork
2513 67 has taken a fork
2513 198 is sleeping
2513 86 has taken a fork
2513 189 is sleeping
2513 98 has taken a fork
2513 179 is sleeping
2513 32 is eating
2513 110 has taken a fork
2513 38 is eating
2514 33 is eating
2514 68 has taken a fork
2514 37 is eating
2514 39 is eating
2514 62 has taken a fork
2514 194 is sleeping
2515 106 has taken a fork
2515 197 is sleeping
2516 60 has taken a fork
2516 45 is eating
2516 97 has taken a fork
2516 81 has taken a fork
2516 75 has taken a fork
2516 64 has taken a fork
2516 65 has taken a fork
2516 77 has taken a fork
2516 85 has taken a fork
2516 73 has taken a fork
2516 70 has taken a fork
2516 76 has taken a fork
2516 43 is eating
2516 183 is sleeping
2516 95 has taken a fork
2516 195 is sleeping
2517 103 has taken a fork
2517 101 has taken a fork
2517 109 is thinking
2517 90 has taken a fork
2517 79 has taken a fork
2517 108 is thinking
2517 105 has taken a fork
2519 96 has taken a fork
2520 99 has taken a fork
2520 69 has taken a fork
2521 63 has taken a fork
2521 78 has taken a fork
2521 111 has taken a fork
2521 82 has taken a fork
2522 107 has taken a fork
2523 34 is eating
2523 89 has taken a fork
2523 87 has taken a fork
2523 113 is thinking
2523 112 is thinking
2523 83 has taken a fork
2523 51 is eating
2523 88 has taken a fork
2523 84 has taken a fork
2523 80 has taken a fork
2523 40 is eating
2523 47 is eating
2523 49 is eating
2523 41 is eating
2523 35 is eating
2524 52 is eating
2524 46 is eating
2524 53 is eating
2524 44 is eating
2524 42 is eating
2524 48 is eating
2525 50 is eating
2525 104 has taken a fork
2525 55 is eating
2526 118 is thinking
2526 92 has taken a fork
2526 102 has taken a fork
2526 61 is eating
2527 57 is eating
2527 59 is eating
2527 56 is eating
2527 72 is eating
2528 119 is thinking
2528 94 has taken a fork
2528 100 has taken a fork
2528 54 is eating
2529 74 is eating
2529 58 is eating
2529 71 is eating
2529 66 is eating
2529 91 has taken a fork
2530 93 has taken a fork
2530 67 is eating
2530 86 has taken a fork
2530 98 has taken a fork
2530 114 is thinking
2530 110 has taken a fork
2530 115 is thinking
2530 68 is eating
2530 62 is eating
2532 106 has taken a fork
2533 60 is eating
2533 97 has taken a fork
2533 81 is eating
2534 75 is eating
2534 64 is eating
2535 65 is eating
2535 77 is eating
2535 85 is eating
2535 73 is eating
2535 70 is eating
2535 76 is eating
2536 95 has taken a fork
2537 103 has taken a fork
2537 101 is eating
2537 90 has taken a fork
2537 79 has taken a fork
2538 105 has taken a fork
2538 96 has taken a fork
2538 99 has taken a fork
2539 69 is eating
2539 109 has taken a fork
2539 63 has taken a fork
2539 78 is eating
2540 111 has taken a fork
2541 82 is eating
2542 107 has taken a fork
2542 89 is eating
2542 87 is eating
2543 83 is eating
2543 88 is eating
2543 84 is eating
2544 108 has taken a fork
2544 80 is eating
2544 117 is thinking
2544 104 is eating
2544 92 has taken a fork
2544 102 has taken a fork
2545 94 is eating
2545 100 is eating
2546 91 is eating
2546 112 has taken a fork
2546 113 has taken a fork
2547 93 is eating
2547 86 is eating
2547 98 is eating
2548 110 is eating
2548 120 is thinking
2548 118 has taken a fork
2549 122 is thinking
2549 106 is eating
2550 97 is eating
2551 114 has taken a fork
2551 119 has taken a fork
2552 115 has taken a fork
2552 95 is eating
2552 103 is eating
2552 90 is eating
2552 79 is eating
2552 105 is eating
2553 96 is eating
2554 99 is eating
2554 109 has taken a fork
2554 63 is eating
2555 111 is eating
2556 107 is eating
2557 108 has taken a fork
2557 117 has taken a fork
2557 121 is thinking
2559 92 is eating
2560 102 is eating
2560 112 has taken a fork
2560 113 has taken a fork
2561 116 is thinking
2561 120 has taken a fork
2561 118 has taken a fork
2562 122 has taken a fork
2563 114 has taken a fork
2563 119 has taken a fork
2563 124 is thinking
2563 115 has taken a fork
2564 129 is thinking
2564 109 is eating
2564 123 is thinking
2564 108 is eating
2564 117 has taken a fork
2564 121 has taken a fork
2564 127 is thinking
2565 125 is thinking
2565 126 is thinking
2565 112 is eating
2565 113 is eating
2566 116 has taken a fork
2566 120 has taken a fork
2566 118 is eating
2567 122 has taken a fork
2567 135 is thinking
2567 114 is eating
2567 119 is eating
2567 124 has taken a fork
2567 115 is eating
2568 129 has taken a fork
2568 133 is thinking
2569 123 has taken a fork
2569 117 is eating
2569 121 has taken a fork
2570 131 is thinking
2571 116 has taken a fork
2571 120 is eating
2571 127 has taken a fork
2571 125 has taken a fork
2572 122 is eating
2572 126 has taken a fork
2572 128 is thinking
2572 139 is thinking
2572 142 is thinking
2573 124 has taken a fork
2573 132 is thinking
2573 147 is thinking
2574 137 is thinking
2574 143 is thinking
2574 135 has taken a fork
2575 145 is thinking
2575 129 has taken a fork
2575 133 has taken a fork
2575 123 has taken a fork
2575 121 is eating
2575 140 is thinking
2575 153 is thinking
2576 141 is thinking
2576 130 is thinking
2576 134 is thinking
2577 116 is eating
2577 127 has taken a fork
2577 125 has taken a fork
2577 136 is thinking
2577 138 is thinking
2577 148 is thinking
2577 126 has taken a fork
2578 124 is eating
2578 151 is thinking
2578 144 is thinking
2578 135 has taken a fork
2578 149 is thinking
2579 146 is thinking
2579 129 is eating
2579 133 has taken a fork
2579 123 is eating
2579 157 is thinking
2579 154 is thinking
2579 127 is eating
2580 159 is thinking
2580 155 is thinking
2581 125 is eating
2581 126 is eating
2581 135 is eating
2582 131 has taken a fork
2582 165 is thinking
2582 133 is eating
2582 150 is thinking
2582 161 is thinking
2583 156 is thinking
2583 167 is thinking
2583 131 has taken a fork
2583 131 is eating
2584 128 has taken a fork
2584 128 has taken a fork
2584 128 is eating
2584 139 has taken a fork
2584 139 has taken a fork
2584 139 is eating
2585 132 has taken a fork
2585 132 has taken a fork
2585 132 is eating
2585 142 has taken a fork
2586 142 has taken a fork
2586 142 is eating
2586 147 has taken a fork
2586 147 has taken a fork
2586 147 is eating
2587 143 has taken a fork
2587 143 has taken a fork
2587 143 is eating
2587 137 has taken a fork
2587 137 has taken a fork
2587 137 is eating
2588 164 is thinking
2589 160 is thinking
2589 152 is thinking
2590 162 is thinking
2591 145 has taken a fork
2591 145 has taken a fork
2591 145 is eating
2592 140 has taken a fork
2592 140 has taken a fork
2592 140 is eating
2594 141 has taken a fork
2594 141 has taken a fork
2594 141 is eating
2594 130 has taken a fork
2594 130 has taken a fork
2594 130 is eating
2594 153 has taken a fork
2594 153 has taken a fork
2594 153 is eating
2594 134 has taken a fork
2594 134 has taken a fork
2594 134 is eating
2595 136 has taken a fork
2595 136 has taken a fork
2595 136 is eating
2596 138 has taken a fork
2596 138 has taken a fork
2596 138 is eating
2596 163 is thinking
2596 148 has taken a fork
2596 148 has taken a fork
2596 148 is eating
2596 151 has taken a fork
2596 151 has taken a fork
2596 151 is eating
2596 144 has taken a fork
2596 144 has taken a fork
2596 144 is eating
2597 149 has taken a fork
2597 149 has taken a fork
2597 149 is eating
2597 146 has taken a fork
2597 146 has taken a fork
2597 146 is eating
2597 166 is thinking
2597 158 is thinking
2598 173 is thinking
2598 174 is thinking
2598 169 is thinking
2598 175 is thinking
2598 157 has taken a fork
2598 154 has taken a fork
2598 170 is thinking
2598 157 has taken a fork
2598 154 has taken a fork
2598 157 is eating
2599 154 is eating
2599 168 is thinking
2599 182 is thinking
2599 172 is thinking
2600 178 is thinking
2600 176 is thinking
2600 159 has taken a fork
2601 155 has taken a fork
2601 165 has taken a fork
2601 150 has taken a fork
2601 161 has taken a fork
2601 159 has taken a fork
2601 155 has taken a fork
2602 156 has taken a fork
2602 165 has taken a fork
2602 150 has taken a fork
2602 161 has taken a fork
2602 159 is eating
2603 155 is eating
2603 156 has taken a fork
2603 167 has taken a fork
2603 165 is eating
2604 164 has taken a fork
2604 150 is eating
2604 161 is eating
2604 160 has taken a fork
2604 152 has taken a fork
2604 156 is eating
2604 167 has taken a fork
2605 164 has taken a fork
2605 162 has taken a fork
2605 160 has taken a fork
2605 152 has taken a fork
2605 167 is eating
2605 171 is thinking
2605 164 is eating
2605 162 has taken a fork
2605 160 is eating
2606 152 is eating
2606 196 is thinking
2606 162 is eating
2606 184 is thinking
2607 185 is thinking
2607 163 has taken a fork
2607 187 is thinking
2607 177 is thinking
2608 166 has taken a fork
2608 163 has taken a fork
2608 166 has taken a fork
2608 191 is thinking
2608 163 is eating
2608 192 is thinking
2608 166 is eating
2609 158 has taken a fork
2609 158 has taken a fork
2609 158 is eating
2609 181 is thinking
2609 173 has taken a fork
2609 173 has taken a fork
2609 173 is eating
2610 193 is thinking
2610 169 has taken a fork
2610 169 has taken a fork
2610 169 is eating
2610 174 has taken a fork
2610 174 has taken a fork
2610 174 is eating
2611 188 is thinking
2611 175 has taken a fork
2611 175 has taken a fork
2611 175 is eating
2611 186 is thinking
2611 190 is thinking
2611 178 has taken a fork
2611 178 has taken a fork
2611 178 is eating
2611 170 has taken a fork
2611 170 has taken a fork
2611 168 has taken a fork
2611 170 is eating
2611 182 has taken a fork
2611 172 has taken a fork
2612 168 has taken a fork
2612 182 has taken a fork
2612 172 has taken a fork
2612 168 is eating
2612 182 is eating
2612 176 has taken a fork
2612 172 is eating
2612 176 has taken a fork
2612 176 is eating
2613 179 is thinking
2613 198 is thinking
2613 180 is thinking
2613 189 is thinking
2613 171 has taken a fork
2613 171 has taken a fork
2613 171 is eating
2614 194 is thinking
2614 196 has taken a fork
2614 196 has taken a fork
2614 196 is eating
2615 197 is thinking
2615 184 has taken a fork
2615 184 has taken a fork
2615 185 has taken a fork
2615 184 is eating
2615 185 has taken a fork
2615 185 is eating
2616 177 has taken a fork
2616 187 has taken a fork
2616 177 has taken a fork
2616 183 is thinking
2616 191 has taken a fork
2616 187 has taken a fork
2616 177 is eating
2616 191 has taken a fork
2617 187 is eating
2617 191 is eating
2617 192 has taken a fork
2617 181 has taken a fork
2617 195 is thinking
2617 192 has taken a fork
2617 181 has taken a fork
2617 192 is eating
2617 181 is eating
2618 193 has taken a fork
2618 193 has taken a fork
2618 193 is eating
2619 186 has taken a fork
2619 186 has taken a fork
2619 186 is eating
2621 188 has taken a fork
2621 188 has taken a fork
2621 188 is eating
2621 179 has taken a fork
2621 179 has taken a fork
2621 179 is eating
2621 180 has taken a fork
2621 180 has taken a fork
2621 180 is eating
2621 198 has taken a fork
2621 198 has taken a fork
2621 198 is eating
2622 189 has taken a fork
2622 189 has taken a fork
2622 189 is eating
2622 190 has taken a fork
2622 190 has taken a fork
2622 190 is eating
2624 194 has taken a fork
2624 194 has taken a fork
2624 194 is eating
2624 197 has taken a fork
2624 197 has taken a fork
2624 197 is eating
2626 183 has taken a fork
2626 183 has taken a fork
2626 183 is eating
2626 195 has taken a fork
2626 195 has taken a fork
2626 195 is eating
