0 1 has taken a fork
0 1 has taken a fork
0 1 is eating
0 3 has taken a fork
0 3 has taken a fork
0 3 is eating
0 5 has taken a fork
0 5 has taken a fork
0 5 is eating
1 7 has taken a fork
1 7 has taken a fork
1 7 is eating
1 9 has taken a fork
1 9 has taken a fork
1 9 is eating
1 11 has taken a fork
1 11 has taken a fork
1 11 is eating
1 2 has taken a fork
1 2 has taken a fork
1 2 is eating
1 13 has taken a fork
1 13 has taken a fork
1 13 is eating
2 4 has taken a fork
2 4 has taken a fork
2 4 is eating
2 15 has taken a fork
2 15 has taken a fork
2 15 is eating
2 6 has taken a fork
2 6 has taken a fork
2 6 is eating
2 8 has taken a fork
2 17 has taken a fork
2 8 has taken a fork
2 17 has taken a fork
2 8 is eating
2 17 is eating
2 10 has taken a fork
2 10 has taken a fork
2 10 is eating
2 19 has taken a fork
2 19 has taken a fork
2 19 is eating
2 12 has taken a fork
2 12 has taken a fork
2 12 is eating
2 21 has taken a fork
2 21 has taken a fork
2 21 is eating
3 14 has taken a fork
3 14 has taken a fork
3 14 is eating
3 23 has taken a fork
3 23 has taken a fork
3 23 is eating
3 16 has taken a fork
3 16 has taken a fork
3 16 is eating
3 25 has taken a fork
3 18 has taken a fork
3 25 has taken a fork
3 18 has taken a fork
3 25 is eating
3 18 is eating
3 27 has taken a fork
3 27 has taken a fork
3 27 is eating
3 20 has taken a fork
3 20 has taken a fork
3 20 is eating
4 29 has taken a fork
4 29 has taken a fork
4 29 is eating
4 22 has taken a fork
4 22 has taken a fork
4 22 is eating
4 31 has taken a fork
4 31 has taken a fork
4 31 is eating
4 24 has taken a fork
4 24 has taken a fork
4 24 is eating
4 33 has taken a fork
4 33 has taken a fork
4 33 is eating
4 26 has taken a fork
4 26 has taken a fork
4 26 is eating
4 35 has taken a fork
4 35 has taken a fork
4 35 is eating
5 28 has taken a fork
5 28 has taken a fork
5 28 is eating
5 37 has taken a fork
5 37 has taken a fork
5 37 is eating
5 30 has taken a fork
5 30 has taken a fork
5 30 is eating
5 39 has taken a fork
5 39 has taken a fork
5 39 is eating
5 32 has taken a fork
5 32 has taken a fork
5 32 is eating
5 41 has taken a fork
5 41 has taken a fork
5 41 is eating
5 34 has taken a fork
5 34 has taken a fork
5 34 is eating
6 36 has taken a fork
6 36 has taken a fork
6 36 is eating
6 43 has taken a fork
6 43 has taken a fork
6 43 is eating
6 38 has taken a fork
6 38 has taken a fork
6 38 is eating
6 45 has taken a fork
6 45 has taken a fork
6 45 is eating
6 40 has taken a fork
6 40 has taken a fork
6 40 is eating
6 47 has taken a fork
6 47 has taken a fork
6 47 is eating
7 42 has taken a fork
7 42 has taken a fork
7 42 is eating
7 49 has taken a fork
7 49 has taken a fork
7 49 is eating
7 44 has taken a fork
7 44 has taken a fork
7 44 is eating
7 46 has taken a fork
7 51 has taken a fork
8 46 has taken a fork
8 51 has taken a fork
8 46 is eating
8 51 is eating
8 48 has taken a fork
8 48 has taken a fork
8 48 is eating
8 53 has taken a fork
8 53 has taken a fork
8 53 is eating
9 50 has taken a fork
9 50 has taken a fork
9 50 is eating
9 52 has taken a fork
9 52 has taken a fork
9 52 is eating
9 55 has taken a fork
9 55 has taken a fork
9 55 is eating
10 57 has taken a fork
10 57 has taken a fork
10 54 has taken a fork
10 57 is eating
10 54 has taken a fork
10 54 is eating
10 59 has taken a fork
10 59 has taken a fork
10 59 is eating
11 56 has taken a fork
11 56 has taken a fork
11 56 is eating
11 61 has taken a fork
11 61 has taken a fork
11 61 is eating
11 58 has taken a fork
11 58 has taken a fork
11 58 is eating
11 63 has taken a fork
11 63 has taken a fork
11 63 is eating
12 60 has taken a fork
12 60 has taken a fork
12 60 is eating
12 65 has taken a fork
12 65 has taken a fork
12 65 is eating
12 62 has taken a fork
12 62 has taken a fork
12 62 is eating
12 67 has taken a fork
12 67 has taken a fork
12 67 is eating
12 64 has taken a fork
12 64 has taken a fork
12 69 has taken a fork
13 64 is eating
13 69 has taken a fork
13 69 is eating
13 71 has taken a fork
13 71 has taken a fork
13 71 is eating
13 66 has taken a fork
13 66 has taken a fork
13 66 is eating
13 73 has taken a fork
13 73 has taken a fork
13 73 is eating
14 75 has taken a fork
14 75 has taken a fork
14 68 has taken a fork
14 75 is eating
14 68 has taken a fork
14 70 has taken a fork
14 68 is eating
14 70 has taken a fork
14 77 has taken a fork
14 70 is eating
14 77 has taken a fork
14 77 is eating
14 79 has taken a fork
14 79 has taken a fork
14 79 is eating
15 74 has taken a fork
15 74 has taken a fork
15 74 is eating
15 72 has taken a fork
15 72 has taken a fork
15 72 is eating
15 76 has taken a fork
15 76 has taken a fork
15 76 is eating
15 81 has taken a fork
15 81 has taken a fork
15 81 is eating
15 78 has taken a fork
15 78 has taken a fork
15 78 is eating
15 83 has taken a fork
15 83 has taken a fork
15 83 is eating
16 85 has taken a fork
16 85 has taken a fork
16 85 is eating
16 80 has taken a fork
16 80 has taken a fork
16 80 is eating
17 82 has taken a fork
17 82 has taken a fork
17 82 is eating
17 84 has taken a fork
17 84 has taken a fork
17 84 is eating
17 87 has taken a fork
17 87 has taken a fork
17 87 is eating
18 89 has taken a fork
18 89 has taken a fork
18 89 is eating
18 86 has taken a fork
18 86 has taken a fork
18 86 is eating
19 88 has taken a fork
19 88 has taken a fork
19 88 is eating
19 91 has taken a fork
19 91 has taken a fork
19 91 is eating
20 93 has taken a fork
20 93 has taken a fork
20 93 is eating
20 90 has taken a fork
20 90 has taken a fork
20 90 is eating
20 95 has taken a fork
20 95 has taken a fork
20 95 is eating
20 97 has taken a fork
20 97 has taken a fork
20 97 is eating
20 92 has taken a fork
20 92 has taken a fork
20 92 is eating
21 99 has taken a fork
21 99 has taken a fork
21 99 is eating
21 94 has taken a fork
21 94 has taken a fork
21 94 is eating
21 96 has taken a fork
21 96 has taken a fork
21 96 is eating
22 101 has taken a fork
22 101 has taken a fork
22 101 is eating
100 1 is sleeping
100 5 is sleeping
100 3 is sleeping
100 103 has taken a fork
100 103 has taken a fork
100 103 is eating
100 100 has taken a fork
100 100 has taken a fork
100 100 is eating
100 98 has taken a fork
100 98 has taken a fork
100 98 is eating
101 7 is sleeping
101 9 is sleeping
101 11 is sleeping
101 109 has taken a fork
101 109 has taken a fork
101 109 is eating
101 13 is sleeping
101 102 has taken a fork
101 102 has taken a fork
101 102 is eating
101 111 has taken a fork
101 111 has taken a fork
101 105 has taken a fork
102 2 is sleeping
102 104 has taken a fork
102 105 has taken a fork
102 111 is eating
103 6 is sleeping
103 21 is sleeping
103 12 is sleeping
103 19 is sleeping
103 4 is sleeping
103 10 is sleeping
103 17 is sleeping
103 15 is sleeping
103 107 has taken a fork
103 113 has taken a fork
104 106 has taken a fork
104 104 has taken a fork
104 108 has taken a fork
104 8 is sleeping
104 115 has taken a fork
105 110 has taken a fork
105 112 has taken a fork
105 117 has taken a fork
105 105 is eating
105 119 has taken a fork
105 23 is sleeping
105 14 is sleeping
105 18 is sleeping
105 16 is sleeping
105 114 has taken a fork
105 27 is sleeping
106 125 has taken a fork
106 116 has taken a fork
106 118 has taken a fork
106 123 has taken a fork
106 25 is sleeping
106 121 has taken a fork
106 120 has taken a fork
106 20 is sleeping
106 107 has taken a fork
106 113 has taken a fork
107 29 is sleeping
107 35 is sleeping
107 31 is sleeping
107 106 has taken a fork
108 24 is sleeping
108 26 is sleeping
108 129 has taken a fork
108 33 is sleeping
109 22 is sleeping
109 124 has taken a fork
109 131 has taken a fork
109 127 has taken a fork
109 104 is eating
109 126 has taken a fork
110 128 has taken a fork
110 108 has taken a fork
110 115 has taken a fork
110 41 is sleeping
110 37 is sleeping
111 30 is sleeping
111 28 is sleeping
111 110 has taken a fork
111 132 has taken a fork
112 135 has taken a fork
112 34 is sleeping
112 39 is sleeping
112 112 has taken a fork
112 122 has taken a fork
113 32 is sleeping
113 133 has taken a fork
113 130 has taken a fork
113 137 has taken a fork
113 134 has taken a fork
113 117 has taken a fork
114 119 has taken a fork
114 136 has taken a fork
114 114 has taken a fork
114 125 has taken a fork
114 36 is sleeping
114 40 is sleeping
115 47 is sleeping
115 138 has taken a fork
115 43 is sleeping
115 38 is sleeping
115 45 is sleeping
115 141 has taken a fork
115 139 has taken a fork
115 143 has taken a fork
115 116 has taken a fork
115 145 has taken a fork
115 140 has taken a fork
116 118 has taken a fork
116 123 has taken a fork
116 121 has taken a fork
116 120 has taken a fork
116 107 is eating
116 113 is eating
117 49 is sleeping
117 42 is sleeping
117 44 is sleeping
117 149 has taken a fork
117 147 has taken a fork
117 142 has taken a fork
117 106 is eating
117 51 is sleeping
117 144 has taken a fork
117 48 is sleeping
118 146 has taken a fork
118 53 is sleeping
118 151 has taken a fork
118 46 is sleeping
118 129 has taken a fork
119 153 has taken a fork
119 50 is sleeping
119 55 is sleeping
119 52 is sleeping
119 148 has taken a fork
120 124 has taken a fork
120 150 has taken a fork
120 155 has taken a fork
120 131 has taken a fork
121 127 has taken a fork
121 126 has taken a fork
121 128 has taken a fork
121 54 is sleeping
121 59 is sleeping
122 57 is sleeping
122 108 is eating
122 157 has taken a fork
122 152 has taken a fork
122 154 has taken a fork
122 115 is eating
122 63 is sleeping
122 56 is sleeping
123 58 is sleeping
123 61 is sleeping
123 159 has taken a fork
124 158 has taken a fork
124 156 has taken a fork
124 161 has taken a fork
124 110 is eating
124 132 has taken a fork
124 135 has taken a fork
125 65 is sleeping
125 62 is sleeping
125 60 is sleeping
125 67 is sleeping
125 160 has taken a fork
125 167 has taken a fork
125 165 has taken a fork
126 163 has taken a fork
126 112 is eating
126 122 has taken a fork
126 71 is sleeping
126 73 is sleeping
126 64 is sleeping
126 162 has taken a fork
127 69 is sleeping
127 133 has taken a fork
127 66 is sleeping
127 169 has taken a fork
127 164 has taken a fork
127 166 has taken a fork
127 130 has taken a fork
128 137 has taken a fork
128 171 has taken a fork
128 134 has taken a fork
128 117 is eating
128 77 is sleeping
128 68 is sleeping
128 173 has taken a fork
128 75 is sleeping
129 70 is sleeping
129 79 is sleeping
129 170 has taken a fork
129 177 has taken a fork
129 175 has taken a fork
129 168 has taken a fork
130 119 is eating
130 136 has taken a fork
130 114 is eating
130 125 is eating
130 74 is sleeping
130 81 is sleeping
130 172 has taken a fork
130 174 has taken a fork
131 76 is sleeping
131 176 has taken a fork
131 78 is sleeping
132 179 has taken a fork
132 138 has taken a fork
132 83 is sleeping
133 72 is sleeping
133 178 has taken a fork
133 181 has taken a fork
133 141 has taken a fork
134 139 has taken a fork
134 143 has taken a fork
134 116 is eating
134 145 has taken a fork
135 140 has taken a fork
135 118 is eating
135 85 is sleeping
135 80 is sleeping
135 123 is eating
136 180 has taken a fork
139 183 has taken a fork
140 121 is eating
140 120 is eating
140 87 is sleeping
140 84 is sleeping
144 185 has taken a fork
144 182 has taken a fork
144 82 is sleeping
144 187 has taken a fork
144 149 has taken a fork
144 147 has taken a fork
144 142 has taken a fork
145 144 has taken a fork
145 146 has taken a fork
149 89 is sleeping
149 86 is sleeping
149 184 has taken a fork
149 189 has taken a fork
149 151 has taken a fork
149 129 is eating
150 88 is sleeping
150 153 has taken a fork
156 91 is sleeping
158 186 has taken a fork
159 188 has taken a fork
161 148 has taken a fork
161 97 is sleeping
161 191 has taken a fork
163 92 is sleeping
163 193 has taken a fork
163 124 is eating
164 150 has taken a fork
164 155 has taken a fork
164 131 is eating
164 95 is sleeping
164 94 is sleeping
164 96 is sleeping
165 99 is sleeping
165 127 is eating
165 192 has taken a fork
165 195 has taken a fork
166 194 has taken a fork
166 190 has taken a fork
166 126 is eating
166 93 is sleeping
167 128 is eating
167 197 has taken a fork
168 90 is sleeping
168 196 has taken a fork
168 101 is sleeping
168 198 has taken a fork
168 157 has taken a fork
168 152 has taken a fork
168 154 has taken a fork
169 159 has taken a fork
169 158 has taken a fork
169 156 has taken a fork
169 161 has taken a fork
169 132 is eating
170 135 is eating
170 160 has taken a fork
170 167 has taken a fork
170 165 has taken a fork
171 163 has taken a fork
171 122 is eating
171 162 has taken a fork
171 133 is eating
171 169 has taken a fork
171 164 has taken a fork
171 166 has taken a fork
171 130 is eating
171 137 is eating
172 171 has taken a fork
172 134 is eating
172 173 has taken a fork
172 170 has taken a fork
173 177 has taken a fork
173 175 has taken a fork
173 168 has taken a fork
174 136 is eating
174 172 has taken a fork
174 174 has taken a fork
174 176 has taken a fork
175 179 has taken a fork
175 138 is eating
175 178 has taken a fork
176 181 has taken a fork
176 141 is eating
176 139 is eating
176 143 is eating
176 145 is eating
177 140 is eating
177 180 has taken a fork
177 183 has taken a fork
177 185 has taken a fork
177 182 has taken a fork
178 187 has taken a fork
178 149 is eating
178 147 is eating
178 142 is eating
179 144 is eating
179 146 is eating
179 184 has taken a fork
179 189 has taken a fork
179 151 is eating
179 153 is eating
179 186 has taken a fork
180 188 has taken a fork
180 148 is eating
180 191 has taken a fork
181 193 has taken a fork
181 150 is eating
181 155 is eating
181 192 has taken a fork
181 195 has taken a fork
181 194 has taken a fork
182 190 has taken a fork
182 197 has taken a fork
182 196 has taken a fork
182 198 has taken a fork
182 157 is eating
183 152 is eating
183 154 is eating
183 159 is eating
183 158 is eating
183 156 is eating
184 161 is eating
184 160 is eating
184 167 is eating
184 165 is eating
185 163 is eating
185 162 is eating
185 169 is eating
185 164 is eating
186 166 is eating
186 171 is eating
186 173 is eating
186 170 is eating
186 177 is eating
186 175 is eating
186 168 is eating
186 172 is eating
186 176 is eating
187 179 is eating
187 174 is eating
187 178 is eating
187 181 is eating
187 180 is eating
187 183 is eating
187 185 is eating
187 182 is eating
188 187 is eating
188 184 is eating
189 189 is eating
189 186 is eating
189 188 is eating
189 191 is eating
190 193 is eating
190 192 is eating
191 195 is eating
191 194 is eating
191 190 is eating
191 197 is eating
192 196 is eating
192 198 is eating
200 1 is thinking
200 100 is sleeping
201 3 is thinking
202 5 is thinking
203 102 is sleeping
204 103 is sleeping
205 1 has taken a fork
205 2 is thinking
206 11 is thinking
206 109 is sleeping
206 7 is thinking
207 111 is sleeping
207 9 is thinking
207 3 has taken a fork
207 98 is sleeping
207 13 is thinking
208 5 has taken a fork
208 105 is sleeping
208 4 is thinking
209 10 is thinking
209 19 is thinking
209 12 is thinking
209 15 is thinking
209 17 is thinking
210 21 is thinking
210 6 is thinking
210 8 is thinking
210 23 is thinking
210 14 is thinking
210 27 is thinking
210 18 is thinking
210 104 is sleeping
211 1 has taken a fork
211 16 is thinking
212 2 has taken a fork
212 25 is thinking
213 11 has taken a fork
213 20 is thinking
213 7 has taken a fork
213 29 is thinking
214 35 is thinking
214 31 is thinking
214 9 has taken a fork
215 3 has taken a fork
215 13 has taken a fork
215 33 is thinking
215 26 is thinking
215 24 is thinking
216 5 has taken a fork
216 113 is sleeping
216 107 is sleeping
216 10 has taken a fork
216 22 is thinking
216 4 has taken a fork
216 41 is thinking
217 106 is sleeping
217 19 has taken a fork
217 37 is thinking
218 30 is thinking
218 28 is thinking
218 1 is eating
218 108 is sleeping
218 39 is thinking
219 2 has taken a fork
219 115 is sleeping
219 34 is thinking
219 12 has taken a fork
219 15 has taken a fork
219 11 has taken a fork
219 32 is thinking
219 110 is sleeping
219 7 has taken a fork
219 17 has taken a fork
220 36 is thinking
220 40 is thinking
220 112 is sleeping
221 21 has taken a fork
221 9 has taken a fork
221 3 is eating
221 43 is thinking
221 13 has taken a fork
222 117 is sleeping
222 6 has taken a fork
222 38 is thinking
222 47 is thinking
222 45 is thinking
223 5 is eating
223 119 is sleeping
223 8 has taken a fork
223 10 has taken a fork
224 4 has taken a fork
224 42 is thinking
224 125 is sleeping
224 49 is thinking
225 44 is thinking
225 51 is thinking
225 48 is thinking
226 114 is sleeping
226 14 has taken a fork
227 19 has taken a fork
227 23 has taken a fork
227 46 is thinking
227 53 is thinking
227 118 is sleeping
227 52 is thinking
227 50 is thinking
228 116 is sleeping
228 55 is thinking
228 123 is sleeping
228 16 has taken a fork
228 2 is eating
228 27 has taken a fork
230 12 has taken a fork
230 15 has taken a fork
230 11 is eating
230 18 has taken a fork
230 7 is eating
231 17 has taken a fork
231 54 is thinking
231 21 has taken a fork
231 9 is eating
231 59 is thinking
231 13 is eating
231 57 is thinking
231 120 is sleeping
231 25 has taken a fork
231 63 is thinking
231 121 is sleeping
231 6 has taken a fork
232 20 has taken a fork
240 61 is thinking
240 58 is thinking
240 56 is thinking
240 8 has taken a fork
240 10 is eating
240 4 is eating
240 62 is thinking
240 65 is thinking
241 67 is thinking
241 60 is thinking
241 64 is thinking
241 73 is thinking
242 71 is thinking
243 14 has taken a fork
243 129 is sleeping
244 19 is eating
244 29 has taken a fork
244 69 is thinking
244 66 is thinking
246 23 has taken a fork
250 68 is thinking
251 16 has taken a fork
251 75 is thinking
252 77 is thinking
253 79 is thinking
253 70 is thinking
253 27 has taken a fork
253 12 is eating
254 15 is eating
254 81 is thinking
254 18 has taken a fork
254 74 is thinking
254 76 is thinking
254 17 is eating
255 21 is eating
255 25 has taken a fork
255 6 is eating
256 83 is thinking
256 20 has taken a fork
256 78 is thinking
256 72 is thinking
256 124 is sleeping
256 35 has taken a fork
256 131 is sleeping
256 31 has taken a fork
256 126 is sleeping
256 127 is sleeping
256 26 has taken a fork
256 33 has taken a fork
256 85 is thinking
256 80 is thinking
256 128 is sleeping
256 24 has taken a fork
256 132 is sleeping
256 22 has taken a fork
257 133 is sleeping
257 135 is sleeping
257 137 is sleeping
257 130 is sleeping
257 122 is sleeping
257 39 has taken a fork
257 41 has taken a fork
257 37 has taken a fork
257 30 has taken a fork
257 28 has taken a fork
257 134 is sleeping
257 34 has taken a fork
257 136 is sleeping
257 32 has taken a fork
258 87 is thinking
258 8 is eating
258 143 is sleeping
258 141 is sleeping
258 138 is sleeping
259 43 has taken a fork
259 36 has taken a fork
259 40 has taken a fork
259 145 is sleeping
259 47 has taken a fork
259 38 has taken a fork
259 140 is sleeping
259 45 has taken a fork
259 139 is sleeping
259 142 is sleeping
259 147 is sleeping
261 42 has taken a fork
261 149 is sleeping
261 49 has taken a fork
261 14 is eating
261 153 is sleeping
261 151 is sleeping
261 144 is sleeping
261 146 is sleeping
261 46 has taken a fork
262 44 has taken a fork
263 51 has taken a fork
263 84 is thinking
263 29 has taken a fork
264 82 is thinking
264 48 has taken a fork
264 155 is sleeping
264 148 is sleeping
265 50 has taken a fork
265 150 is sleeping
265 53 has taken a fork
265 23 is eating
265 158 is sleeping
266 52 has taken a fork
266 157 is sleeping
266 159 is sleeping
266 156 is sleeping
266 154 is sleeping
266 152 is sleeping
267 61 has taken a fork
267 58 has taken a fork
267 57 has taken a fork
267 59 has taken a fork
267 63 has taken a fork
267 161 is sleeping
268 160 is sleeping
268 165 is sleeping
268 167 is sleeping
268 89 is thinking
268 164 is sleeping
268 162 is sleeping
268 86 is thinking
268 169 is sleeping
268 163 is sleeping
268 177 is sleeping
268 171 is sleeping
268 166 is sleeping
268 168 is sleeping
268 173 is sleeping
268 175 is sleeping
268 88 is thinking
268 170 is sleeping
269 55 has taken a fork
269 68 has taken a fork
269 54 has taken a fork
269 65 has taken a fork
270 67 has taken a fork
271 60 has taken a fork
272 56 has taken a fork
274 64 has taken a fork
275 73 has taken a fork
275 71 has taken a fork
275 69 has taken a fork
275 66 has taken a fork
275 176 is sleeping
275 172 is sleeping
275 174 is sleeping
276 178 is sleeping
276 181 is sleeping
276 179 is sleeping
277 16 is eating
279 62 has taken a fork
279 75 has taken a fork
279 185 is sleeping
279 180 is sleeping
279 182 is sleeping
279 183 is sleeping
280 77 has taken a fork
280 187 is sleeping
280 79 has taken a fork
280 184 is sleeping
280 70 has taken a fork
280 27 is eating
280 186 is sleeping
280 189 is sleeping
280 188 is sleeping
281 81 has taken a fork
281 18 is eating
282 74 has taken a fork
282 76 has taken a fork
283 191 is sleeping
283 193 is sleeping
283 25 is eating
283 190 is sleeping
283 192 is sleeping
284 197 is sleeping
284 91 is thinking
284 195 is sleeping
284 194 is sleeping
286 83 has taken a fork
286 20 is eating
286 78 has taken a fork
286 72 has taken a fork
287 35 has taken a fork
287 31 has taken a fork
287 26 has taken a fork
287 33 has taken a fork
287 85 has taken a fork
287 80 has taken a fork
288 24 has taken a fork
290 22 has taken a fork
290 198 is sleeping
290 196 is sleeping
295 39 has taken a fork
295 41 has taken a fork
296 37 has taken a fork
296 30 has taken a fork
296 28 has taken a fork
297 34 has taken a fork
297 32 has taken a fork
298 87 has taken a fork
298 43 has taken a fork
299 36 has taken a fork
299 40 has taken a fork
299 47 has taken a fork
299 38 has taken a fork
299 45 has taken a fork
300 42 has taken a fork
300 97 is thinking
301 49 has taken a fork
301 46 has taken a fork
301 44 has taken a fork
301 92 is thinking
302 51 has taken a fork
302 84 has taken a fork
303 29 is eating
303 94 is thinking
303 96 is thinking
304 95 is thinking
304 82 has taken a fork
304 48 has taken a fork
305 99 is thinking
306 50 has taken a fork
307 53 has taken a fork
307 93 is thinking
308 52 has taken a fork
309 61 has taken a fork
309 58 has taken a fork
310 57 has taken a fork
310 59 has taken a fork
310 89 has taken a fork
311 101 is thinking
311 90 is thinking
311 63 has taken a fork
311 86 has taken a fork
311 88 has taken a fork
312 55 has taken a fork
313 68 has taken a fork
313 54 has taken a fork
314 65 has taken a fork
315 67 has taken a fork
316 60 has taken a fork
316 56 has taken a fork
317 64 has taken a fork
317 73 has taken a fork
318 71 has taken a fork
319 69 has taken a fork
319 66 has taken a fork
319 62 has taken a fork
319 75 has taken a fork
321 77 has taken a fork
322 79 has taken a fork
322 70 has taken a fork
322 81 has taken a fork
323 74 has taken a fork
323 76 has taken a fork
324 91 has taken a fork
324 83 has taken a fork
324 78 has taken a fork
324 72 has taken a fork
324 35 is eating
325 31 is eating
326 26 is eating
326 33 is eating
328 85 has taken a fork
328 80 has taken a fork
328 24 is eating
329 22 is eating
331 39 is eating
331 41 is eating
335 37 is eating
335 30 is eating
335 28 is eating
335 34 is eating
335 32 is eating
335 87 has taken a fork
335 43 is eating
335 36 is eating
335 40 is eating
335 47 is eating
335 38 is eating
335 45 is eating
335 100 is thinking
339 42 is eating
339 97 has taken a fork
339 49 is eating
339 46 is eating
339 44 is eating
340 92 has taken a fork
341 51 is eating
341 84 has taken a fork
341 102 is thinking
341 94 has taken a fork
341 96 has taken a fork
341 95 has taken a fork
344 103 is thinking
344 82 has taken a fork
346 48 is eating
347 99 has taken a fork
347 109 is thinking
349 50 is eating
350 53 is eating
350 98 is thinking
350 111 is thinking
351 93 has taken a fork
352 105 is thinking
352 52 is eating
353 61 is eating
354 58 is eating
354 57 is eating
354 104 is thinking
355 1 is sleeping
355 59 is eating
355 89 has taken a fork
356 101 has taken a fork
356 90 has taken a fork
356 63 is eating
356 86 has taken a fork
356 88 has taken a fork
356 3 is sleeping
356 55 is eating
358 68 is eating
358 5 is sleeping
359 54 is eating
360 65 is eating
361 67 is eating
361 60 is eating
363 107 is thinking
363 113 is thinking
364 56 is eating
365 106 is thinking
365 2 is sleeping
365 64 is eating
366 73 is eating
366 11 is sleeping
366 7 is sleeping
366 71 is eating
367 108 is thinking
367 110 is thinking
368 13 is sleeping
368 9 is sleeping
369 69 is eating
369 115 is thinking
369 66 is eating
369 62 is eating
369 75 is eating
369 112 is thinking
369 77 is eating
369 117 is thinking
370 79 is eating
370 70 is eating
370 81 is eating
370 119 is thinking
370 74 is eating
370 76 is eating
370 125 is thinking
370 91 has taken a fork
370 83 is eating
370 78 is eating
370 72 is eating
371 10 is sleeping
371 4 is sleeping
371 114 is thinking
371 19 is sleeping
371 118 is thinking
371 85 is eating
371 116 is thinking
372 123 is thinking
372 80 is eating
372 121 is thinking
372 120 is thinking
372 17 is sleeping
373 6 is sleeping
373 21 is sleeping
373 15 is sleeping
373 12 is sleeping
373 87 is eating
373 100 has taken a fork
373 8 is sleeping
374 14 is sleeping
374 97 has taken a fork
374 92 has taken a fork
374 84 is eating
374 102 has taken a fork
374 94 has taken a fork
374 96 has taken a fork
375 95 has taken a fork
375 23 is sleeping
375 129 is thinking
375 103 has taken a fork
375 82 is eating
375 99 has taken a fork
376 109 has taken a fork
376 16 is sleeping
376 18 is sleeping
377 27 is sleeping
377 98 has taken a fork
377 111 has taken a fork
377 93 has taken a fork
377 105 has taken a fork
377 25 is sleeping
377 20 is sleeping
377 104 has taken a fork
377 89 is eating
377 128 is thinking
377 132 is thinking
378 127 is thinking
378 101 has taken a fork
378 90 has taken a fork
379 124 is thinking
379 126 is thinking
379 131 is thinking
379 86 is eating
379 88 is eating
380 135 is thinking
381 137 is thinking
382 133 is thinking
382 136 is thinking
382 130 is thinking
382 134 is thinking
383 122 is thinking
383 138 is thinking
384 143 is thinking
385 141 is thinking
385 147 is thinking
385 139 is thinking
385 145 is thinking
385 142 is thinking
385 140 is thinking
385 151 is thinking
386 144 is thinking
386 146 is thinking
386 149 is thinking
387 153 is thinking
388 107 has taken a fork
388 113 has taken a fork
388 155 is thinking
388 148 is thinking
389 150 is thinking
390 158 is thinking
390 106 has taken a fork
390 29 is sleeping
390 152 is thinking
390 154 is thinking
391 159 is thinking
391 156 is thinking
391 157 is thinking
391 161 is thinking
391 108 has taken a fork
391 168 is thinking
391 175 is thinking
391 163 is thinking
392 167 is thinking
393 110 has taken a fork
393 165 is thinking
393 166 is thinking
393 177 is thinking
393 160 is thinking
393 173 is thinking
393 169 is thinking
393 162 is thinking
393 164 is thinking
393 171 is thinking
394 115 has taken a fork
394 112 has taken a fork
394 117 has taken a fork
394 170 is thinking
394 119 has taken a fork
394 125 has taken a fork
394 91 is eating
394 114 has taken a fork
394 118 has taken a fork
394 116 has taken a fork
394 123 has taken a fork
394 121 has taken a fork
394 120 has taken a fork
394 100 has taken a fork
394 97 is eating
395 92 is eating
395 102 has taken a fork
395 94 is eating
395 96 is eating
395 95 is eating
395 176 is thinking
395 129 has taken a fork
395 103 has taken a fork
395 99 is eating
396 172 is thinking
396 174 is thinking
397 179 is thinking
397 178 is thinking
397 181 is thinking
397 109 has taken a fork
398 98 has taken a fork
398 93 is eating
398 105 has taken a fork
398 104 has taken a fork
398 111 has taken a fork
398 101 is eating
398 90 is eating
398 182 is thinking
398 185 is thinking
399 183 is thinking
399 35 is sleeping
399 180 is thinking
399 128 has taken a fork
399 184 is thinking
399 187 is thinking
400 186 is thinking
400 31 is sleeping
402 189 is thinking
402 188 is thinking
402 33 is sleeping
402 127 has taken a fork
402 26 is sleeping
402 132 has taken a fork
402 124 has taken a fork
402 24 is sleeping
402 126 has taken a fork
403 190 is thinking
403 191 is thinking
403 192 is thinking
403 193 is thinking
403 22 is sleeping
403 195 is thinking
403 197 is thinking
403 131 has taken a fork
403 194 is thinking
403 41 is sleeping
404 39 is sleeping
404 137 has taken a fork
404 135 has taken a fork
404 28 is sleeping
405 133 has taken a fork
405 37 is sleeping
405 30 is sleeping
405 34 is sleeping
406 134 has taken a fork
406 38 is sleeping
406 122 has taken a fork
406 40 is sleeping
406 138 has taken a fork
407 36 is sleeping
407 43 is sleeping
407 32 is sleeping
407 143 has taken a fork
407 147 has taken a fork
408 136 has taken a fork
408 130 has taken a fork
409 47 is sleeping
409 107 has taken a fork
410 141 has taken a fork
410 113 has taken a fork
410 139 has taken a fork
410 45 is sleeping
410 145 has taken a fork
410 196 is thinking
411 198 is thinking
412 106 has taken a fork
412 49 is sleeping
412 42 is sleeping
412 142 has taken a fork
412 140 has taken a fork
412 108 has taken a fork
412 46 is sleeping
412 44 is sleeping
412 144 has taken a fork
412 110 has taken a fork
413 51 is sleeping
413 146 has taken a fork
413 151 has taken a fork
413 115 has taken a fork
413 112 has taken a fork
413 117 has taken a fork
413 119 has taken a fork
413 125 has taken a fork
413 114 has taken a fork
413 118 has taken a fork
414 116 has taken a fork
414 123 has taken a fork
414 121 has taken a fork
414 120 has taken a fork
414 100 is eating
414 48 is sleeping
414 149 has taken a fork
414 102 is eating
414 129 has taken a fork
414 103 is eating
414 50 is sleeping
414 109 is eating
415 53 is sleeping
415 98 is eating
415 155 has taken a fork
415 105 is eating
415 104 is eating
415 153 has taken a fork
416 111 is eating
416 128 has taken a fork
416 61 is sleeping
416 148 has taken a fork
416 52 is sleeping
416 59 is sleeping
416 58 is sleeping
417 57 is sleeping
417 150 has taken a fork
418 152 has taken a fork
418 63 is sleeping
418 154 has taken a fork
419 158 has taken a fork
419 159 has taken a fork
420 127 has taken a fork
420 132 has taken a fork
422 124 has taken a fork
422 126 has taken a fork
422 55 is sleeping
422 156 has taken a fork
422 68 is sleeping
423 157 has taken a fork
423 131 has taken a fork
423 137 has taken a fork
424 135 has taken a fork
424 54 is sleeping
424 161 has taken a fork
424 65 is sleeping
424 168 has taken a fork
424 133 has taken a fork
425 60 is sleeping
425 67 is sleeping
425 163 has taken a fork
425 134 has taken a fork
425 175 has taken a fork
425 122 has taken a fork
425 138 has taken a fork
426 56 is sleeping
426 167 has taken a fork
426 143 has taken a fork
426 73 is sleeping
426 64 is sleeping
426 71 is sleeping
426 166 has taken a fork
427 147 has taken a fork
427 165 has taken a fork
427 177 has taken a fork
429 136 has taken a fork
429 107 is eating
429 75 is sleeping
429 69 is sleeping
429 173 has taken a fork
429 66 is sleeping
429 169 has taken a fork
429 62 is sleeping
429 130 has taken a fork
429 160 has taken a fork
429 162 has taken a fork
429 141 has taken a fork
429 113 is eating
429 139 has taken a fork
429 145 has taken a fork
429 77 is sleeping
431 164 has taken a fork
431 74 is sleeping
431 106 is eating
432 171 has taken a fork
432 81 is sleeping
432 76 is sleeping
432 176 has taken a fork
432 70 is sleeping
433 170 has taken a fork
434 79 is sleeping
435 172 has taken a fork
435 174 has taken a fork
435 142 has taken a fork
435 108 is eating
436 140 has taken a fork
436 110 is eating
436 144 has taken a fork
436 78 is sleeping
436 72 is sleeping
436 178 has taken a fork
436 83 is sleeping
436 179 has taken a fork
437 181 has taken a fork
438 146 has taken a fork
438 151 has taken a fork
438 112 is eating
438 115 is eating
438 119 is eating
438 125 is eating
438 114 is eating
438 118 is eating
438 80 is sleeping
438 85 is sleeping
438 182 has taken a fork
439 116 is eating
439 123 is eating
439 185 has taken a fork
439 121 is eating
440 120 is eating
441 117 is eating
441 149 has taken a fork
441 129 is eating
441 155 has taken a fork
441 153 has taken a fork
441 87 is sleeping
442 183 has taken a fork
442 128 is eating
443 148 has taken a fork
443 150 has taken a fork
444 152 has taken a fork
445 154 has taken a fork
445 84 is sleeping
445 180 has taken a fork
445 158 has taken a fork
445 159 has taken a fork
445 82 is sleeping
446 184 has taken a fork
446 127 is eating
446 132 is eating
447 124 is eating
447 126 is eating
448 156 has taken a fork
448 187 has taken a fork
448 89 is sleeping
449 157 has taken a fork
449 131 is eating
449 137 is eating
449 88 is sleeping
449 186 has taken a fork
449 86 is sleeping
449 135 is eating
450 189 has taken a fork
450 161 has taken a fork
451 168 has taken a fork
452 163 has taken a fork
452 133 is eating
452 134 is eating
452 175 has taken a fork
452 122 is eating
453 138 is eating
453 167 has taken a fork
453 143 is eating
453 166 has taken a fork
453 147 is eating
453 165 has taken a fork
453 177 has taken a fork
454 136 is eating
454 173 has taken a fork
454 169 has taken a fork
454 130 is eating
454 160 has taken a fork
454 162 has taken a fork
454 141 is eating
455 139 is eating
455 145 is eating
455 164 has taken a fork
455 176 has taken a fork
455 171 has taken a fork
455 170 has taken a fork
456 172 has taken a fork
456 174 has taken a fork
457 142 is eating
458 140 is eating
458 144 is eating
458 178 has taken a fork
459 179 has taken a fork
459 181 has taken a fork
460 146 is eating
461 151 is eating
461 182 has taken a fork
461 91 is sleeping
462 188 has taken a fork
462 185 has taken a fork
462 149 is eating
463 155 is eating
463 153 is eating
463 183 has taken a fork
464 148 is eating
464 150 is eating
465 152 is eating
466 154 is eating
467 180 has taken a fork
469 158 is eating
469 159 is eating
470 184 has taken a fork
470 97 is sleeping
470 190 has taken a fork
471 92 is sleeping
471 191 has taken a fork
471 156 is eating
471 187 has taken a fork
471 96 is sleeping
472 192 has taken a fork
472 94 is sleeping
473 157 is eating
473 186 has taken a fork
473 95 is sleeping
474 195 has taken a fork
474 193 has taken a fork
475 99 is sleeping
476 189 has taken a fork
478 161 is eating
478 197 has taken a fork
478 168 is eating
478 163 is eating
478 175 is eating
478 167 is eating
478 93 is sleeping
478 194 has taken a fork
479 166 is eating
479 165 is eating
481 177 is eating
481 173 is eating
482 169 is eating
482 160 is eating
484 162 is eating
484 90 is sleeping
484 196 has taken a fork
484 1 is thinking
484 101 is sleeping
484 164 is eating
485 176 is eating
485 198 has taken a fork
486 171 is eating
486 170 is eating
486 172 is eating
486 3 is thinking
486 174 is eating
487 5 is thinking
488 178 is eating
489 179 is eating
489 181 is eating
489 182 is eating
490 188 has taken a fork
490 185 is eating
490 183 is eating
491 2 is thinking
491 11 is thinking
493 7 is thinking
494 9 is thinking
494 13 is thinking
495 180 is eating
495 184 is eating
495 190 has taken a fork
495 4 is thinking
495 19 is thinking
495 191 has taken a fork
496 10 is thinking
496 187 is eating
496 17 is thinking
496 192 has taken a fork
496 8 is thinking
497 6 is thinking
497 15 is thinking
497 12 is thinking
497 21 is thinking
497 186 is eating
498 14 is thinking
498 195 has taken a fork
498 100 is sleeping
498 193 has taken a fork
498 23 is thinking
498 16 is thinking
498 189 is eating
498 20 is thinking
498 25 is thinking
498 18 is thinking
498 102 is sleeping
499 27 is thinking
499 197 has taken a fork
499 194 has taken a fork
499 103 is sleeping
499 109 is sleeping
500 98 is sleeping
500 111 is sleeping
500 196 has taken a fork
500 1 has taken a fork
501 105 is sleeping
501 104 is sleeping
501 198 has taken a fork
501 3 has taken a fork
501 5 has taken a fork
502 29 is thinking
502 188 is eating
502 2 has taken a fork
503 11 has taken a fork
504 7 has taken a fork
504 9 has taken a fork
505 13 has taken a fork
505 190 is eating
505 191 is eating
505 107 is sleeping
505 4 has taken a fork
505 192 is eating
505 113 is sleeping
506 19 has taken a fork
506 106 is sleeping
506 195 is eating
506 193 is eating
506 10 has taken a fork
506 197 is eating
506 194 is eating
507 35 is thinking
507 196 is eating
507 1 has taken a fork
508 31 is thinking
509 108 is sleeping
509 17 has taken a fork
509 198 is eating
510 3 has taken a fork
510 5 has taken a fork
511 33 is thinking
511 110 is sleeping
512 8 has taken a fork
512 26 is thinking
513 2 has taken a fork
514 24 is thinking
514 22 is thinking
514 11 has taken a fork
514 125 is sleeping
515 39 is thinking
516 7 has taken a fork
516 119 is sleeping
516 115 is sleeping
516 41 is thinking
516 28 is thinking
516 6 has taken a fork
517 112 is sleeping
517 15 has taken a fork
517 12 has taken a fork
517 21 has taken a fork
518 9 has taken a fork
518 117 is sleeping
518 114 is sleeping
518 13 has taken a fork
519 118 is sleeping
519 16 has taken a fork
519 34 is thinking
519 30 is thinking
519 14 has taken a fork
519 23 has taken a fork
519 37 is thinking
519 4 has taken a fork
519 120 is sleeping
519 121 is sleeping
519 123 is sleeping
519 116 is sleeping
520 19 has taken a fork
520 40 is thinking
520 38 is thinking
521 20 has taken a fork
521 25 has taken a fork
521 18 has taken a fork
521 27 has taken a fork
521 10 has taken a fork
522 36 is thinking
522 43 is thinking
522 32 is thinking
522 1 is eating
522 129 is sleeping
522 29 has taken a fork
523 47 is thinking
523 17 has taken a fork
524 3 is eating
524 5 is eating
524 35 has taken a fork
524 45 is thinking
525 128 is sleeping
525 44 is thinking
525 8 has taken a fork
525 42 is thinking
525 46 is thinking
525 49 is thinking
526 2 is eating
526 127 is sleeping
526 124 is sleeping
526 33 has taken a fork
526 50 is thinking
526 31 has taken a fork
526 132 is sleeping
526 26 has taken a fork
527 51 is thinking
527 48 is thinking
528 11 is eating
529 126 is sleeping
529 53 is thinking
529 52 is thinking
529 7 is eating
530 24 has taken a fork
530 59 is thinking
531 61 is thinking
531 6 has taken a fork
531 131 is sleeping
531 137 is sleeping
531 57 is thinking
531 58 is thinking
531 22 has taken a fork
531 39 has taken a fork
531 15 has taken a fork
532 12 has taken a fork
532 21 has taken a fork
532 135 is sleeping
533 41 has taken a fork
533 63 is thinking
533 9 is eating
535 13 is eating
535 16 has taken a fork
535 14 has taken a fork
535 23 has taken a fork
535 4 is eating
535 134 is sleeping
535 28 has taken a fork
535 133 is sleeping
535 34 has taken a fork
535 19 is eating
536 122 is sleeping
536 30 has taken a fork
536 143 is sleeping
536 136 is sleeping
536 37 has taken a fork
536 40 has taken a fork
536 138 is sleeping
536 130 is sleeping
537 38 has taken a fork
538 141 is sleeping
538 147 is sleeping
538 20 has taken a fork
538 25 has taken a fork
538 18 has taken a fork
538 27 has taken a fork
538 10 is eating
538 139 is sleeping
539 68 is thinking
540 145 is sleeping
540 36 has taken a fork
540 55 is thinking
540 43 has taken a fork
540 32 has taken a fork
540 29 has taken a fork
541 47 has taken a fork
542 17 is eating
542 65 is thinking
542 54 is thinking
542 142 is sleeping
543 35 has taken a fork
544 45 has taken a fork
544 140 is sleeping
544 67 is thinking
544 144 is sleeping
544 60 is thinking
545 44 has taken a fork
545 8 is eating
545 42 has taken a fork
545 46 has taken a fork
545 71 is thinking
545 64 is thinking
546 73 is thinking
546 56 is thinking
546 33 has taken a fork
546 31 has taken a fork
546 26 has taken a fork
546 146 is sleeping
546 49 has taken a fork
546 151 is sleeping
546 50 has taken a fork
546 66 is thinking
546 62 is thinking
546 149 is sleeping
546 51 has taken a fork
547 69 is thinking
547 77 is thinking
550 75 is thinking
550 24 has taken a fork
551 153 is sleeping
551 74 is thinking
551 6 is eating
551 155 is sleeping
552 48 has taken a fork
552 53 has taken a fork
552 22 has taken a fork
552 39 has taken a fork
552 15 is eating
552 148 is sleeping
552 12 is eating
552 52 has taken a fork
552 21 is eating
552 150 is sleeping
553 76 is thinking
553 70 is thinking
553 81 is thinking
553 41 has taken a fork
558 59 has taken a fork
558 152 is sleeping
558 79 is thinking
558 154 is sleeping
558 57 has taken a fork
558 16 is eating
559 14 is eating
559 23 is eating
560 61 has taken a fork
560 28 has taken a fork
560 34 has taken a fork
560 159 is sleeping
560 158 is sleeping
560 83 is thinking
560 63 has taken a fork
560 30 has taken a fork
560 72 is thinking
561 78 is thinking
561 58 has taken a fork
561 37 has taken a fork
562 40 has taken a fork
562 156 is sleeping
562 38 has taken a fork
562 80 is thinking
562 85 is thinking
562 20 is eating
563 25 is eating
563 18 is eating
563 27 is eating
563 157 is sleeping
564 68 has taken a fork
564 36 has taken a fork
564 55 has taken a fork
564 43 has taken a fork
564 32 has taken a fork
564 29 is eating
565 87 is thinking
565 168 is sleeping
565 163 is sleeping
565 175 is sleeping
565 161 is sleeping
565 65 has taken a fork
565 54 has taken a fork
566 47 has taken a fork
566 167 is sleeping
567 35 is eating
567 166 is sleeping
567 45 has taken a fork
567 67 has taken a fork
567 165 is sleeping
568 60 has taken a fork
568 82 is thinking
568 177 is sleeping
568 44 has taken a fork
568 42 has taken a fork
568 46 has taken a fork
568 71 has taken a fork
568 84 is thinking
568 64 has taken a fork
568 173 is sleeping
568 169 is sleeping
568 160 is sleeping
569 73 has taken a fork
569 56 has taken a fork
569 33 is eating
569 31 is eating
570 26 is eating
570 49 has taken a fork
571 50 has taken a fork
571 66 has taken a fork
571 62 has taken a fork
571 51 has taken a fork
571 162 is sleeping
571 69 has taken a fork
571 77 has taken a fork
571 164 is sleeping
571 176 is sleeping
571 171 is sleeping
571 86 is thinking
572 170 is sleeping
572 172 is sleeping
572 174 is sleeping
573 89 is thinking
574 88 is thinking
575 75 has taken a fork
575 24 is eating
576 181 is sleeping
576 179 is sleeping
576 178 is sleeping
576 74 has taken a fork
577 185 is sleeping
577 182 is sleeping
577 48 has taken a fork
577 53 has taken a fork
578 22 is eating
578 39 is eating
578 52 has taken a fork
578 183 is sleeping
578 76 has taken a fork
579 81 has taken a fork
580 41 is eating
580 180 is sleeping
581 184 is sleeping
581 70 has taken a fork
581 59 has taken a fork
581 79 has taken a fork
582 57 has taken a fork
582 187 is sleeping
582 61 has taken a fork
582 28 is eating
582 34 is eating
583 83 has taken a fork
583 63 has taken a fork
583 30 is eating
584 72 has taken a fork
584 91 is thinking
584 78 has taken a fork
584 189 is sleeping
584 186 is sleeping
585 58 has taken a fork
585 37 is eating
585 40 is eating
585 38 is eating
586 80 has taken a fork
586 85 has taken a fork
588 68 has taken a fork
589 36 is eating
589 55 has taken a fork
589 43 is eating
589 32 is eating
589 87 has taken a fork
589 65 has taken a fork
589 54 has taken a fork
590 47 is eating
590 45 is eating
590 67 has taken a fork
590 60 has taken a fork
591 82 has taken a fork
591 44 is eating
592 42 is eating
593 46 is eating
593 71 has taken a fork
595 84 has taken a fork
596 64 has taken a fork
596 73 has taken a fork
597 56 has taken a fork
597 97 is thinking
597 49 is eating
597 50 is eating
598 92 is thinking
598 96 is thinking
598 188 is sleeping
598 66 has taken a fork
598 62 has taken a fork
599 51 is eating
599 69 has taken a fork
601 77 has taken a fork
601 86 has taken a fork
601 94 is thinking
603 89 has taken a fork
603 88 has taken a fork
604 95 is thinking
606 75 has taken a fork
606 99 is thinking
606 190 is sleeping
608 74 has taken a fork
608 191 is sleeping
608 192 is sleeping
609 48 is eating
610 53 is eating
610 193 is sleeping
610 197 is sleeping
610 52 is eating
611 195 is sleeping
611 93 is thinking
612 76 has taken a fork
612 81 has taken a fork
612 194 is sleeping
612 196 is sleeping
612 70 has taken a fork
612 59 is eating
613 79 has taken a fork
613 198 is sleeping
613 57 is eating
613 61 is eating
615 83 has taken a fork
615 63 is eating
616 90 is thinking
616 72 has taken a fork
616 101 is thinking
616 91 has taken a fork
617 78 has taken a fork
617 58 is eating
618 80 has taken a fork
618 85 has taken a fork
618 68 is eating
618 55 is eating
618 87 has taken a fork
618 65 is eating
618 54 is eating
618 67 is eating
618 60 is eating
619 82 has taken a fork
619 71 is eating
619 84 has taken a fork
620 64 is eating
620 73 is eating
620 56 is eating
621 97 has taken a fork
622 100 is thinking
622 102 is thinking
622 92 has taken a fork
622 96 has taken a fork
622 66 is eating
622 62 is eating
622 103 is thinking
622 109 is thinking
622 69 is eating
623 111 is thinking
623 98 is thinking
623 104 is thinking
623 105 is thinking
623 77 is eating
623 86 has taken a fork
623 94 has taken a fork
623 1 is sleeping
623 89 has taken a fork
623 88 has taken a fork
623 95 has taken a fork
624 107 is thinking
624 113 is thinking
624 106 is thinking
624 5 is sleeping
625 3 is sleeping
625 75 is eating
625 99 has taken a fork
625 74 is eating
625 108 is thinking
625 2 is sleeping
626 11 is sleeping
626 7 is sleeping
626 110 is thinking
626 93 has taken a fork
626 76 is eating
626 81 is eating
626 70 is eating
626 79 is eating
626 125 is thinking
626 9 is sleeping
626 83 is eating
626 13 is sleeping
626 90 has taken a fork
626 72 is eating
627 101 has taken a fork
628 115 is thinking
628 119 is thinking
628 4 is sleeping
628 19 is sleeping
629 91 has taken a fork
630 112 is thinking
630 78 is eating
630 10 is sleeping
630 117 is thinking
630 80 is eating
631 85 is eating
631 87 is eating
631 82 is eating
632 123 is thinking
632 118 is thinking
632 120 is thinking
632 116 is thinking
633 121 is thinking
634 114 is thinking
635 84 is eating
635 97 has taken a fork
635 17 is sleeping
635 129 is thinking
635 100 has taken a fork
636 102 has taken a fork
637 92 has taken a fork
637 96 has taken a fork
638 103 has taken a fork
638 109 has taken a fork
638 111 has taken a fork
639 98 has taken a fork
639 104 has taken a fork
639 105 has taken a fork
639 86 is eating
639 94 has taken a fork
640 89 is eating
640 88 is eating
640 95 has taken a fork
641 8 is sleeping
641 107 has taken a fork
641 113 has taken a fork
641 106 has taken a fork
641 128 is thinking
641 99 has taken a fork
641 108 has taken a fork
642 110 has taken a fork
642 93 has taken a fork
642 127 is thinking
643 132 is thinking
643 124 is thinking
643 90 has taken a fork
643 101 has taken a fork
644 21 is sleeping
644 6 is sleeping
644 15 is sleeping
644 12 is sleeping
644 119 has taken a fork
644 115 has taken a fork
644 125 has taken a fork
644 126 is thinking
644 91 is eating
644 112 has taken a fork
644 137 is thinking
644 131 is thinking
644 135 is thinking
644 23 is sleeping
644 117 has taken a fork
645 16 is sleeping
645 14 is sleeping
646 123 has taken a fork
646 118 has taken a fork
647 20 is sleeping
647 120 has taken a fork
647 134 is thinking
647 133 is thinking
647 27 is sleeping
648 97 is eating
648 18 is sleeping
648 121 has taken a fork
648 25 is sleeping
649 114 has taken a fork
649 100 has taken a fork
649 29 is sleeping
649 129 has taken a fork
649 122 is thinking
649 138 is thinking
649 136 is thinking
650 143 is thinking
652 130 is thinking
652 102 has taken a fork
652 92 is eating
653 116 has taken a fork
654 96 is eating
654 103 has taken a fork
655 147 is thinking
655 141 is thinking
655 109 has taken a fork
655 111 has taken a fork
655 98 has taken a fork
655 104 has taken a fork
655 35 is sleeping
655 105 has taken a fork
656 94 is eating
656 139 is thinking
656 145 is thinking
657 95 is eating
658 107 has taken a fork
658 113 has taken a fork
658 106 has taken a fork
658 128 has taken a fork
658 99 is eating
658 108 has taken a fork
658 33 is sleeping
658 26 is sleeping
658 142 is thinking
659 110 has taken a fork
659 31 is sleeping
660 93 is eating
660 127 has taken a fork
660 132 has taken a fork
660 124 has taken a fork
660 90 is eating
660 144 is thinking
660 101 is eating
660 119 has taken a fork
662 115 has taken a fork
662 140 is thinking
662 125 has taken a fork
662 112 has taken a fork
662 117 has taken a fork
663 123 has taken a fork
663 149 is thinking
663 146 is thinking
663 151 is thinking
664 24 is sleeping
664 126 has taken a fork
665 118 has taken a fork
665 120 has taken a fork
666 137 has taken a fork
666 39 is sleeping
666 22 is sleeping
666 131 has taken a fork
667 121 has taken a fork
667 41 is sleeping
668 114 has taken a fork
668 100 is eating
669 129 has taken a fork
669 135 has taken a fork
669 155 is thinking
669 34 is sleeping
669 153 is thinking
669 134 has taken a fork
669 30 is sleeping
669 148 is thinking
669 133 has taken a fork
669 150 is thinking
671 102 is eating
672 28 is sleeping
673 122 has taken a fork
673 40 is sleeping
673 138 has taken a fork
673 38 is sleeping
673 116 has taken a fork
673 37 is sleeping
674 143 has taken a fork
674 136 has taken a fork
674 103 is eating
674 109 is eating
674 111 is eating
674 98 is eating
674 104 is eating
674 105 is eating
674 36 is sleeping
674 130 has taken a fork
674 32 is sleeping
674 43 is sleeping
674 147 has taken a fork
674 141 has taken a fork
675 45 is sleeping
675 47 is sleeping
675 145 has taken a fork
675 139 has taken a fork
675 107 is eating
675 113 is eating
675 152 is thinking
675 154 is thinking
675 106 is eating
675 128 has taken a fork
675 108 is eating
675 44 is sleeping
675 42 is sleeping
675 46 is sleeping
676 142 has taken a fork
676 110 is eating
676 158 is thinking
676 127 has taken a fork
676 132 has taken a fork
676 124 has taken a fork
677 159 is thinking
677 144 has taken a fork
677 119 is eating
677 156 is thinking
678 49 is sleeping
679 115 is eating
679 140 has taken a fork
680 125 is eating
681 112 is eating
681 117 is eating
681 50 is sleeping
681 157 is thinking
681 123 is eating
681 149 has taken a fork
681 146 has taken a fork
681 126 has taken a fork
681 51 is sleeping
681 151 has taken a fork
682 163 is thinking
684 118 is eating
684 161 is thinking
684 168 is thinking
685 175 is thinking
686 120 is eating
686 137 has taken a fork
686 167 is thinking
687 131 has taken a fork
687 165 is thinking
688 121 is eating
690 166 is thinking
691 169 is thinking
691 173 is thinking
691 177 is thinking
691 129 is eating
691 135 has taken a fork
692 134 has taken a fork
692 160 is thinking
695 114 is eating
696 133 has taken a fork
696 48 is sleeping
696 155 has taken a fork
696 53 is sleeping
696 162 is thinking
696 153 has taken a fork
697 176 is thinking
697 164 is thinking
698 171 is thinking
698 52 is sleeping
698 148 has taken a fork
698 172 is thinking
698 170 is thinking
698 174 is thinking
699 122 has taken a fork
699 138 has taken a fork
699 59 is sleeping
699 150 has taken a fork
699 116 is eating
699 57 is sleeping
699 143 has taken a fork
699 136 has taken a fork
700 130 has taken a fork
700 147 has taken a fork
700 141 has taken a fork
700 145 has taken a fork
701 139 has taken a fork
701 61 is sleeping
701 152 has taken a fork
701 154 has taken a fork
701 128 is eating
701 142 has taken a fork
701 63 is sleeping
701 181 is thinking
702 179 is thinking
702 178 is thinking
702 158 has taken a fork
702 127 is eating
702 132 is eating
702 124 is eating
702 182 is thinking
702 58 is sleeping
702 185 is thinking
702 159 has taken a fork
703 144 has taken a fork
703 55 is sleeping
703 156 has taken a fork
703 68 is sleeping
703 183 is thinking
703 140 has taken a fork
703 65 is sleeping
703 54 is sleeping
703 180 is thinking
703 60 is sleeping
703 184 is thinking
703 67 is sleeping
703 157 has taken a fork
703 149 has taken a fork
703 146 has taken a fork
703 126 is eating
703 151 has taken a fork
703 163 has taken a fork
704 187 is thinking
704 71 is sleeping
704 64 is sleeping
705 56 is sleeping
705 73 is sleeping
705 62 is sleeping
705 66 is sleeping
705 189 is thinking
705 161 has taken a fork
705 186 is thinking
706 175 has taken a fork
706 69 is sleeping
706 77 is sleeping
707 168 has taken a fork
707 137 is eating
707 167 has taken a fork
708 131 is eating
708 165 has taken a fork
708 75 is sleeping
708 74 is sleeping
708 76 is sleeping
709 81 is sleeping
709 166 has taken a fork
709 169 has taken a fork
709 173 has taken a fork
709 177 has taken a fork
709 135 is eating
710 134 is eating
710 79 is sleeping
710 70 is sleeping
710 83 is sleeping
710 72 is sleeping
710 160 has taken a fork
711 80 is sleeping
711 133 is eating
711 155 has taken a fork
711 162 has taken a fork
711 153 has taken a fork
712 85 is sleeping
712 78 is sleeping
712 176 has taken a fork
713 164 has taken a fork
713 87 is sleeping
713 188 is thinking
713 171 has taken a fork
713 148 has taken a fork
713 172 has taken a fork
713 170 has taken a fork
714 174 has taken a fork
714 122 is eating
714 138 is eating
714 150 has taken a fork
715 143 is eating
715 82 is sleeping
715 136 is eating
715 130 is eating
716 147 is eating
716 141 is eating
716 145 is eating
716 139 is eating
716 152 has taken a fork
716 154 has taken a fork
716 142 is eating
717 181 has taken a fork
717 84 is sleeping
718 179 has taken a fork
718 158 has taken a fork
719 178 has taken a fork
719 182 has taken a fork
719 185 has taken a fork
719 144 is eating
719 156 has taken a fork
719 159 has taken a fork
720 183 has taken a fork
720 140 is eating
720 180 has taken a fork
720 184 has taken a fork
720 157 has taken a fork
720 149 is eating
720 146 is eating
720 151 is eating
720 163 has taken a fork
720 86 is sleeping
720 187 has taken a fork
720 161 has taken a fork
720 175 has taken a fork
720 190 is thinking
720 88 is sleeping
720 168 has taken a fork
720 89 is sleeping
721 189 has taken a fork
721 167 has taken a fork
722 191 is thinking
722 186 has taken a fork
723 192 is thinking
723 165 has taken a fork
723 166 has taken a fork
723 169 has taken a fork
723 173 has taken a fork
724 177 has taken a fork
725 197 is thinking
725 193 is thinking
726 160 has taken a fork
726 155 is eating
726 162 has taken a fork
726 153 is eating
726 195 is thinking
726 194 is thinking
726 196 is thinking
727 176 has taken a fork
728 164 has taken a fork
728 198 is thinking
729 171 has taken a fork
729 148 is eating
729 172 has taken a fork
729 170 has taken a fork
729 91 is sleeping
730 174 has taken a fork
731 150 is eating
731 188 has taken a fork
732 152 is eating
732 154 is eating
732 181 has taken a fork
733 179 has taken a fork
733 158 is eating
734 178 has taken a fork
734 182 has taken a fork
734 185 has taken a fork
734 156 is eating
735 159 is eating
735 183 has taken a fork
736 180 has taken a fork
736 184 has taken a fork
737 157 is eating
737 163 is eating
738 187 has taken a fork
738 161 is eating
738 175 is eating
738 168 is eating
738 189 has taken a fork
738 167 is eating
738 186 has taken a fork
739 1 is thinking
740 97 is sleeping
740 165 is eating
740 166 is eating
740 169 is eating
740 173 is eating
741 190 has taken a fork
741 5 is thinking
742 177 is eating
743 2 is thinking
744 3 is thinking
744 92 is sleeping
744 191 has taken a fork
744 13 is thinking
745 7 is thinking
745 11 is thinking
745 9 is thinking
745 96 is sleeping
745 192 has taken a fork
745 160 is eating
745 162 is eating
745 176 is eating
746 164 is eating
747 4 is thinking
748 19 is thinking
748 171 is eating
749 172 is eating
749 170 is eating
749 94 is sleeping
749 10 is thinking
749 197 has taken a fork
750 174 is eating
750 95 is sleeping
750 188 has taken a fork
750 99 is sleeping
750 181 is eating
750 193 has taken a fork
750 195 has taken a fork
750 179 is eating
750 178 is eating
751 182 is eating
751 185 is eating
751 17 is thinking
751 183 is eating
752 93 is sleeping
752 194 has taken a fork
752 180 is eating
753 184 is eating
753 101 is sleeping
753 187 is eating
753 196 has taken a fork
753 90 is sleeping
753 198 has taken a fork
753 189 is eating
753 186 is eating
754 8 is thinking
755 190 has taken a fork
755 6 is thinking
756 15 is thinking
756 21 is thinking
756 191 has taken a fork
757 192 has taken a fork
757 100 is sleeping
758 16 is thinking
758 14 is thinking
760 12 is thinking
760 20 is thinking
760 102 is sleeping
761 5 has taken a fork
761 1 has taken a fork
761 27 is thinking
761 23 is thinking
762 109 is sleeping
762 103 is sleeping
763 25 is thinking
763 3 has taken a fork
764 2 has taken a fork
764 104 is sleeping
764 105 is sleeping
765 7 has taken a fork
765 29 is thinking
765 13 has taken a fork
766 18 is thinking
766 111 is sleeping
766 197 has taken a fork
767 11 has taken a fork
768 107 is sleeping
768 9 has taken a fork
769 188 is eating
770 108 is sleeping
771 4 has taken a fork
772 113 is sleeping
773 106 is sleeping
773 10 has taken a fork
775 98 is sleeping
776 193 has taken a fork
779 195 has taken a fork
781 110 is sleeping
782 19 has taken a fork
783 17 has taken a fork
783 194 has taken a fork
783 119 is sleeping
784 196 has taken a fork
784 198 has taken a fork
784 125 is sleeping
785 115 is sleeping
786 8 has taken a fork
787 190 is eating
787 35 is thinking
787 6 has taken a fork
788 112 is sleeping
788 15 has taken a fork
788 21 has taken a fork
788 191 is eating
788 192 is eating
788 123 is sleeping
789 117 is sleeping
789 118 is sleeping
789 26 is thinking
789 33 is thinking
791 16 has taken a fork
793 14 has taken a fork
793 31 is thinking
793 120 is sleeping
793 12 has taken a fork
793 20 has taken a fork
794 5 has taken a fork
796 1 has taken a fork
796 27 has taken a fork
796 121 is sleeping
797 23 has taken a fork
797 3 has taken a fork
797 129 is sleeping
798 25 has taken a fork
798 24 is thinking
798 2 has taken a fork
798 7 has taken a fork
798 114 is sleeping
798 29 has taken a fork
798 13 has taken a fork
798 39 is thinking
799 22 is thinking
799 197 is eating
799 41 is thinking
799 11 has taken a fork
800 116 is sleeping
800 9 has taken a fork
800 18 has taken a fork
800 30 is thinking
800 34 is thinking
800 128 is sleeping
800 4 has taken a fork
800 28 is thinking
800 127 is sleeping
800 124 is sleeping
800 132 is sleeping
801 40 is thinking
801 38 is thinking
802 10 has taken a fork
802 37 is thinking
802 43 is thinking
802 32 is thinking
802 126 is sleeping
802 45 is thinking
802 44 is thinking
802 47 is thinking
803 42 is thinking
805 46 is thinking
805 36 is thinking
806 193 is eating
806 137 is sleeping
806 49 is thinking
806 135 is sleeping
807 195 is eating
807 51 is thinking
808 134 is sleeping
808 131 is sleeping
808 133 is sleeping
809 50 is thinking
809 19 has taken a fork
809 122 is sleeping
810 17 has taken a fork
810 194 is eating
810 138 is sleeping
810 198 is eating
810 136 is sleeping
810 143 is sleeping
811 196 is eating
812 141 is sleeping
812 147 is sleeping
812 130 is sleeping
812 8 has taken a fork
812 145 is sleeping
812 139 is sleeping
812 35 has taken a fork
812 6 has taken a fork
812 15 has taken a fork
812 21 has taken a fork
813 142 is sleeping
815 26 has taken a fork
816 33 has taken a fork
816 144 is sleeping
817 140 is sleeping
817 16 has taken a fork
818 151 is sleeping
818 149 is sleeping
818 146 is sleeping
818 14 has taken a fork
819 31 has taken a fork
820 12 has taken a fork
820 20 has taken a fork
820 5 is eating
821 48 is thinking
821 1 is eating
821 53 is thinking
821 27 has taken a fork
821 23 has taken a fork
821 3 is eating
821 155 is sleeping
821 52 is thinking
821 25 has taken a fork
821 24 has taken a fork
822 2 is eating
822 7 is eating
824 29 has taken a fork
825 13 is eating
826 39 has taken a fork
826 22 has taken a fork
826 153 is sleeping
826 59 is thinking
826 41 has taken a fork
827 57 is thinking
827 11 is eating
828 9 is eating
829 18 has taken a fork
829 30 has taken a fork
829 34 has taken a fork
830 4 is eating
830 28 has taken a fork
830 61 is thinking
830 40 has taken a fork
830 148 is sleeping
830 38 has taken a fork
831 63 is thinking
831 10 is eating
831 150 is sleeping
832 37 has taken a fork
833 32 has taken a fork
833 43 has taken a fork
833 45 has taken a fork
835 58 is thinking
835 44 has taken a fork
836 47 has taken a fork
838 65 is thinking
838 54 is thinking
839 68 is thinking
841 60 is thinking
843 42 has taken a fork
844 55 is thinking
845 67 is thinking
849 64 is thinking
849 154 is sleeping
851 71 is thinking
853 152 is sleeping
855 62 is thinking
856 46 has taken a fork
856 56 is thinking
856 73 is thinking
856 66 is thinking
856 158 is sleeping
856 36 has taken a fork
856 159 is sleeping
857 77 is thinking
857 69 is thinking
857 49 has taken a fork
859 156 is sleeping
859 51 has taken a fork
859 74 is thinking
859 75 is thinking
860 76 is thinking
860 81 is thinking
860 157 is sleeping
860 50 has taken a fork
860 19 is eating
860 70 is thinking
860 163 is sleeping
860 83 is thinking
860 79 is thinking
860 17 is eating
860 72 is thinking
861 161 is sleeping
861 80 is thinking
861 175 is sleeping
862 8 is eating
862 85 is thinking
863 78 is thinking
863 35 has taken a fork
863 6 is eating
864 15 is eating
864 167 is sleeping
864 168 is sleeping
864 87 is thinking
864 21 is eating
864 165 is sleeping
864 26 has taken a fork
864 82 is thinking
865 166 is sleeping
865 169 is sleeping
865 173 is sleeping
865 33 has taken a fork
865 84 is thinking
865 177 is sleeping
866 16 is eating
866 14 is eating
866 31 has taken a fork
866 86 is thinking
867 12 is eating
867 160 is sleeping
867 89 is thinking
868 88 is thinking
868 20 is eating
868 48 has taken a fork
868 176 is sleeping
868 53 has taken a fork
868 27 is eating
868 23 is eating
868 162 is sleeping
868 52 has taken a fork
869 24 has taken a fork
869 164 is sleeping
869 25 is eating
869 171 is sleeping
869 172 is sleeping
869 170 is sleeping
869 174 is sleeping
869 29 is eating
869 179 is sleeping
869 39 has taken a fork
869 181 is sleeping
869 22 has taken a fork
869 59 has taken a fork
869 41 has taken a fork
870 182 is sleeping
870 183 is sleeping
870 57 has taken a fork
870 185 is sleeping
870 178 is sleeping
870 184 is sleeping
870 180 is sleeping
870 91 is thinking
870 187 is sleeping
871 18 is eating
871 30 has taken a fork
871 189 is sleeping
871 34 has taken a fork
871 28 has taken a fork
871 61 has taken a fork
871 40 has taken a fork
872 38 has taken a fork
872 186 is sleeping
872 63 has taken a fork
872 37 has taken a fork
872 32 has taken a fork
872 43 has taken a fork
872 45 has taken a fork
873 58 has taken a fork
873 44 has taken a fork
873 47 has taken a fork
873 65 has taken a fork
873 54 has taken a fork
873 68 has taken a fork
873 97 is thinking
874 60 has taken a fork
874 188 is sleeping
874 42 has taken a fork
874 92 is thinking
874 55 has taken a fork
874 67 has taken a fork
875 96 is thinking
875 94 is thinking
875 99 is thinking
875 64 has taken a fork
875 95 is thinking
875 71 has taken a fork
875 93 is thinking
875 101 is thinking
875 90 is thinking
876 190 is sleeping
876 62 has taken a fork
876 46 has taken a fork
876 56 has taken a fork
877 73 has taken a fork
877 66 has taken a fork
878 36 has taken a fork
878 77 has taken a fork
878 191 is sleeping
879 192 is sleeping
879 69 has taken a fork
879 100 is thinking
879 49 has taken a fork
879 51 has taken a fork
879 74 has taken a fork
880 75 has taken a fork
880 76 has taken a fork
880 102 is thinking
880 81 has taken a fork
881 50 has taken a fork
881 70 has taken a fork
881 83 has taken a fork
881 79 has taken a fork
881 72 has taken a fork
881 80 has taken a fork
882 109 is thinking
882 103 is thinking
882 85 has taken a fork
882 78 has taken a fork
883 35 is eating
883 105 is thinking
883 104 is thinking
883 87 has taken a fork
883 26 is eating
883 82 has taken a fork
883 197 is sleeping
884 33 is eating
884 84 has taken a fork
884 111 is thinking
884 31 is eating
884 86 has taken a fork
884 89 has taken a fork
884 107 is thinking
884 88 has taken a fork
884 48 has taken a fork
884 53 has taken a fork
885 52 has taken a fork
885 24 is eating
885 39 is eating
885 22 is eating
885 59 has taken a fork
885 41 is eating
885 108 is thinking
885 57 has taken a fork
885 195 is sleeping
885 193 is sleeping
886 91 has taken a fork
886 30 is eating
886 34 is eating
886 28 is eating
886 61 has taken a fork
886 40 is eating
886 38 is eating
886 63 has taken a fork
886 37 is eating
887 32 is eating
887 43 is eating
887 45 is eating
887 58 has taken a fork
887 194 is sleeping
887 106 is thinking
888 113 is thinking
888 44 is eating
888 47 is eating
889 65 has taken a fork
889 54 has taken a fork
889 68 has taken a fork
889 97 has taken a fork
889 198 is sleeping
889 60 has taken a fork
889 42 is eating
889 92 has taken a fork
889 55 has taken a fork
889 67 has taken a fork
889 96 has taken a fork
889 196 is sleeping
889 98 is thinking
890 94 has taken a fork
890 99 has taken a fork
890 64 has taken a fork
890 95 has taken a fork
890 71 has taken a fork
891 93 has taken a fork
891 101 has taken a fork
891 90 has taken a fork
891 62 has taken a fork
891 46 is eating
891 56 has taken a fork
891 73 has taken a fork
891 66 has taken a fork
892 36 is eating
892 77 has taken a fork
892 69 has taken a fork
892 49 is eating
892 51 is eating
892 74 has taken a fork
892 75 has taken a fork
892 76 has taken a fork
892 81 has taken a fork
893 110 is thinking
893 50 is eating
894 70 has taken a fork
894 83 has taken a fork
894 79 has taken a fork
895 72 has taken a fork
895 80 has taken a fork
895 85 has taken a fork
896 78 has taken a fork
896 119 is thinking
896 87 has taken a fork
896 82 has taken a fork
896 84 has taken a fork
896 5 is sleeping
896 100 has taken a fork
896 86 has taken a fork
897 1 is sleeping
897 89 has taken a fork
897 102 has taken a fork
897 88 has taken a fork
897 48 is eating
897 53 is eating
897 52 is eating
897 125 is thinking
897 59 is eating
897 2 is sleeping
898 3 is sleeping
898 57 is eating
898 115 is thinking
899 103 has taken a fork
899 109 has taken a fork
899 91 has taken a fork
899 61 is eating
899 63 is eating
900 13 is sleeping
900 105 has taken a fork
900 7 is sleeping
901 58 is eating
901 104 has taken a fork
901 112 is thinking
901 123 is thinking
901 11 is sleeping
902 111 has taken a fork
902 9 is sleeping
903 65 is eating
903 107 has taken a fork
903 54 is eating
903 68 is eating
903 118 is thinking
903 97 has taken a fork
903 60 is eating
903 92 has taken a fork
903 55 is eating
903 67 is eating
903 96 has taken a fork
903 117 is thinking
904 4 is sleeping
904 94 has taken a fork
904 99 has taken a fork
904 108 has taken a fork
905 64 is eating
905 95 has taken a fork
905 71 is eating
905 93 has taken a fork
905 10 is sleeping
905 101 has taken a fork
905 90 has taken a fork
905 62 is eating
905 106 has taken a fork
905 56 is eating
905 73 is eating
906 66 is eating
906 77 is eating
907 69 is eating
907 74 is eating
907 75 is eating
908 76 is eating
908 81 is eating
909 120 is thinking
910 70 is eating
911 83 is eating
911 79 is eating
911 72 is eating
912 85 is eating
912 80 is eating
912 78 is eating
913 121 is thinking
913 87 is eating
913 82 is eating
913 84 is eating
913 100 has taken a fork
913 86 is eating
913 129 is thinking
913 89 is eating
913 102 has taken a fork
913 88 is eating
913 114 is thinking
914 103 has taken a fork
914 91 is eating
914 109 has taken a fork
915 116 is thinking
915 128 is thinking
915 127 is thinking
915 124 is thinking
915 132 is thinking
915 105 has taken a fork
916 104 has taken a fork
916 111 has taken a fork
917 126 is thinking
917 107 has taken a fork
918 97 is eating
918 92 is eating
918 96 is eating
919 94 is eating
919 99 is eating
919 108 has taken a fork
919 95 is eating
919 93 is eating
919 101 is eating
920 90 is eating
920 106 has taken a fork
920 135 is thinking
921 137 is thinking
921 17 is sleeping
922 113 has taken a fork
922 19 is sleeping
923 98 has taken a fork
923 133 is thinking
923 134 is thinking
923 131 is thinking
924 8 is sleeping
924 122 is thinking
925 110 has taken a fork
925 138 is thinking
925 6 is sleeping
926 15 is sleeping
926 136 is thinking
926 119 has taken a fork
927 21 is sleeping
927 125 has taken a fork
928 143 is thinking
928 115 has taken a fork
928 147 is thinking
929 145 is thinking
929 141 is thinking
929 16 is sleeping
930 139 is thinking
930 130 is thinking
930 112 has taken a fork
930 142 is thinking
930 14 is sleeping
930 123 has taken a fork
931 100 is eating
931 102 is eating
931 103 is eating
931 20 is sleeping
932 118 has taken a fork
932 12 is sleeping
932 117 has taken a fork
932 109 is eating
932 23 is sleeping
932 27 is sleeping
933 121 has taken a fork
933 120 has taken a fork
933 105 is eating
934 144 is thinking
934 104 is eating
935 111 is eating
935 140 is thinking
935 29 is sleeping
936 25 is sleeping
936 129 has taken a fork
936 114 has taken a fork
936 107 is eating
937 151 is thinking
937 149 is thinking
937 146 is thinking
937 108 is eating
937 18 is sleeping
937 106 is eating
937 116 has taken a fork
937 155 is thinking
937 113 has taken a fork
937 98 has taken a fork
938 110 has taken a fork
939 153 is thinking
941 119 has taken a fork
942 125 has taken a fork
944 115 has taken a fork
944 112 has taken a fork
944 123 has taken a fork
944 150 is thinking
945 148 is thinking
946 118 has taken a fork
946 117 has taken a fork
947 121 has taken a fork
947 120 has taken a fork
948 35 is sleeping
948 128 has taken a fork
948 129 has taken a fork
949 26 is sleeping
949 114 has taken a fork
949 127 has taken a fork
950 116 has taken a fork
950 33 is sleeping
950 124 has taken a fork
952 113 is eating
952 98 is eating
952 31 is sleeping
952 132 has taken a fork
954 110 is eating
954 119 is eating
954 41 is sleeping
954 24 is sleeping
954 22 is sleeping
954 126 has taken a fork
955 135 has taken a fork
955 137 has taken a fork
956 39 is sleeping
956 125 is eating
956 133 has taken a fork
956 28 is sleeping
956 34 is sleeping
956 30 is sleeping
956 134 has taken a fork
956 131 has taken a fork
956 122 has taken a fork
956 40 is sleeping
956 112 is eating
957 138 has taken a fork
957 123 is eating
957 38 is sleeping
957 136 has taken a fork
958 115 is eating
958 45 is sleeping
958 32 is sleeping
958 37 is sleeping
958 141 has taken a fork
959 147 has taken a fork
959 44 is sleeping
959 47 is sleeping
960 43 is sleeping
960 143 has taken a fork
961 139 has taken a fork
961 130 has taken a fork
961 142 has taken a fork
961 118 is eating
961 42 is sleeping
961 117 is eating
963 145 has taken a fork
963 121 is eating
963 120 is eating
964 46 is sleeping
964 144 has taken a fork
964 128 has taken a fork
965 129 is eating
965 154 is thinking
965 36 is sleeping
966 49 is sleeping
966 140 has taken a fork
966 114 is eating
966 151 has taken a fork
967 127 has taken a fork
968 116 is eating
968 51 is sleeping
968 124 has taken a fork
968 149 has taken a fork
968 50 is sleeping
969 146 has taken a fork
970 132 has taken a fork
970 152 is thinking
971 126 has taken a fork
971 135 has taken a fork
972 137 has taken a fork
972 158 is thinking
972 133 has taken a fork
972 134 has taken a fork
972 131 has taken a fork
973 122 has taken a fork
973 138 has taken a fork
973 159 is thinking
973 136 has taken a fork
974 141 has taken a fork
974 52 is sleeping
974 155 has taken a fork
974 156 is thinking
974 48 is sleeping
975 150 has taken a fork
975 53 is sleeping
976 153 has taken a fork
977 163 is thinking
977 157 is thinking
979 143 has taken a fork
979 139 has taken a fork
979 130 has taken a fork
980 142 has taken a fork
980 161 is thinking
980 175 is thinking
980 147 has taken a fork
980 59 is sleeping
981 148 has taken a fork
981 145 has taken a fork
981 57 is sleeping
981 167 is thinking
981 168 is thinking
981 165 is thinking
981 144 has taken a fork
982 128 is eating
982 177 is thinking
983 61 is sleeping
983 169 is thinking
983 63 is sleeping
984 173 is thinking
984 166 is thinking
984 154 has taken a fork
984 140 has taken a fork
985 151 has taken a fork
985 127 is eating
985 176 is thinking
986 58 is sleeping
986 162 is thinking
986 160 is thinking
986 124 is eating
987 149 has taken a fork
987 174 is thinking
987 172 is thinking
987 171 is thinking
988 179 is thinking
988 164 is thinking
988 170 is thinking
988 181 is thinking
988 146 has taken a fork
988 185 is thinking
989 180 is thinking
989 187 is thinking
989 178 is thinking
989 184 is thinking
989 183 is thinking
989 182 is thinking
989 132 is eating
989 152 has taken a fork
989 189 is thinking
989 54 is sleeping
989 65 is sleeping
989 68 is sleeping
989 126 is eating
989 135 is eating
989 186 is thinking
990 137 is eating
990 60 is sleeping
990 158 has taken a fork
990 133 is eating
990 134 is eating
990 131 is eating
990 122 is eating
990 138 is eating
990 159 has taken a fork
990 136 is eating
990 188 is thinking
990 67 is sleeping
991 141 is eating
991 55 is sleeping
991 155 has taken a fork
991 156 has taken a fork
991 150 has taken a fork
993 190 is thinking
993 153 has taken a fork
994 163 has taken a fork
994 157 has taken a fork
994 71 is sleeping
995 64 is sleeping
996 191 is thinking
997 192 is thinking
997 143 is eating
997 139 is eating
997 130 is eating
997 142 is eating
997 62 is sleeping
997 161 has taken a fork
1000 175 has taken a fork
1000 147 is eating
1000 56 is sleeping
1000 73 is sleeping
1000 148 has taken a fork
1001 66 is sleeping
1001 167 has taken a fork
1001 168 has taken a fork
1002 145 is eating
1002 165 has taken a fork
1002 144 is eating
1002 69 is sleeping
1002 77 is sleeping
1005 177 has taken a fork
1005 197 is thinking
1006 75 is sleeping
1006 74 is sleeping
1006 169 has taken a fork
1006 173 has taken a fork
1007 81 is sleeping
1007 76 is sleeping
1007 166 has taken a fork
1008 154 has taken a fork
1009 140 is eating
1009 70 is sleeping
1009 193 is thinking
1009 195 is thinking
1009 151 is eating
1009 176 has taken a fork
1009 79 is sleeping
1009 83 is sleeping
1009 162 has taken a fork
1009 160 has taken a fork
1009 80 is sleeping
1009 72 is sleeping
1009 149 is eating
1009 194 is thinking
1009 174 has taken a fork
1009 85 is sleeping
1009 172 has taken a fork
1009 171 has taken a fork
1010 179 has taken a fork
1010 78 is sleeping
1010 164 has taken a fork
1012 170 has taken a fork
1013 181 has taken a fork
1013 146 is eating
1013 185 has taken a fork
1013 87 is sleeping
1014 198 is thinking
1015 196 is thinking
1015 180 has taken a fork
1016 84 is sleeping
1016 187 has taken a fork
1017 178 has taken a fork
1017 82 is sleeping
1017 184 has taken a fork
1019 183 has taken a fork
1019 152 has taken a fork
1019 89 is sleeping
1020 86 is sleeping
1020 182 has taken a fork
1020 189 has taken a fork
1020 158 has taken a fork
1022 159 has taken a fork
1023 88 is sleeping
1023 186 has taken a fork
1025 155 is eating
1025 156 has taken a fork
1026 150 is eating
1027 91 is sleeping
1027 188 has taken a fork
1028 153 is eating
1028 163 has taken a fork
1028 157 has taken a fork
1028 97 is sleeping
1029 92 is sleeping
1029 191 has taken a fork
1030 190 has taken a fork
1030 94 is sleeping
1030 101 is sleeping
1030 96 is sleeping
1031 95 is sleeping
1031 99 is sleeping
1031 93 is sleeping
1031 5 is thinking
1032 2 is thinking
1033 1 is thinking
1034 192 has taken a fork
1034 161 has taken a fork
1034 90 is sleeping
1036 3 is thinking
1037 175 has taken a fork
1038 7 is thinking
1038 13 is thinking
1038 148 is eating
1038 11 is thinking
1038 167 has taken a fork
1038 168 has taken a fork
1039 165 has taken a fork
1039 9 is thinking
1041 4 is thinking
1043 10 is thinking
1044 177 has taken a fork
1045 197 has taken a fork
1045 169 has taken a fork
1045 173 has taken a fork
1045 166 has taken a fork
1046 102 is sleeping
1046 103 is sleeping
1046 100 is sleeping
1046 193 has taken a fork
1047 195 has taken a fork
1047 176 has taken a fork
1048 109 is sleeping
1049 154 is eating
1049 162 has taken a fork
1049 160 has taken a fork
1050 194 has taken a fork
1050 174 has taken a fork
1050 172 has taken a fork
1050 171 has taken a fork
1051 179 has taken a fork
1052 105 is sleeping
1052 104 is sleeping
1052 164 has taken a fork
1052 170 has taken a fork
1053 181 has taken a fork
1053 185 has taken a fork
1053 107 is sleeping
1054 106 is sleeping
1054 108 is sleeping
1055 111 is sleeping
1056 198 has taken a fork
1058 196 has taken a fork
1060 180 has taken a fork
1060 187 has taken a fork
1061 178 has taken a fork
1061 184 has taken a fork
1061 183 has taken a fork
1061 152 is eating
1061 182 has taken a fork
1061 189 has taken a fork
1061 158 is eating
1061 19 is thinking
1062 17 is thinking
1062 159 is eating
1063 186 has taken a fork
1063 6 is thinking
1064 8 is thinking
1064 156 is eating
1066 188 has taken a fork
1066 163 is eating
1066 15 is thinking
1066 157 is eating
1066 113 is sleeping
1066 98 is sleeping
1069 21 is thinking
1069 191 has taken a fork
1069 190 has taken a fork
1070 14 is thinking
1070 20 is thinking
1070 16 is thinking
1071 5 has taken a fork
1071 12 is thinking
1071 110 is sleeping
1071 119 is sleeping
1071 23 is thinking
1072 2 has taken a fork
1072 125 is sleeping
1073 27 is thinking
1073 1 has taken a fork
1073 115 is sleeping
1075 112 is sleeping
1075 192 has taken a fork
1075 161 is eating
1075 29 is thinking
1075 123 is sleeping
1076 3 has taken a fork
1076 25 is thinking
1076 18 is thinking
1076 175 is eating
1076 117 is sleeping
1077 118 is sleeping
1078 7 has taken a fork
1079 13 has taken a fork
1079 11 has taken a fork
1079 167 is eating
1079 168 is eating
1079 120 is sleeping
1079 165 is eating
1080 121 is sleeping
1081 9 has taken a fork
1081 4 has taken a fork
1081 129 is sleeping
1082 114 is sleeping
1082 116 is sleeping
1082 10 has taken a fork
1082 177 is eating
1082 197 has taken a fork
1082 169 is eating
1082 173 is eating
1082 166 is eating
1083 193 has taken a fork
1083 176 is eating
1084 35 is thinking
1084 195 has taken a fork
1084 26 is thinking
1084 162 is eating
1084 160 is eating
1084 194 has taken a fork
1084 174 is eating
1085 33 is thinking
1085 172 is eating
1085 171 is eating
1085 179 is eating
1085 31 is thinking
1085 164 is eating
1085 170 is eating
1085 181 is eating
1085 185 is eating
1085 24 is thinking
1085 22 is thinking
1086 41 is thinking
1087 39 is thinking
1087 34 is thinking
1087 198 has taken a fork
1087 28 is thinking
1087 38 is thinking
1087 40 is thinking
1088 30 is thinking
1088 45 is thinking
1088 37 is thinking
1088 32 is thinking
1089 196 has taken a fork
1089 44 is thinking
1089 47 is thinking
1090 128 is sleeping
1090 43 is thinking
1090 180 is eating
1090 42 is thinking
1091 187 is eating
1091 178 is eating
1091 127 is sleeping
1092 184 is eating
1092 183 is eating
1092 182 is eating
1093 189 is eating
1093 19 has taken a fork
1093 124 is sleeping
1094 17 has taken a fork
1094 186 is eating
1094 6 has taken a fork
1094 46 is thinking
1095 132 is sleeping
1095 8 has taken a fork
1095 36 is thinking
1095 49 is thinking
1095 135 is sleeping
1095 133 is sleeping
1097 188 is eating
1097 137 is sleeping
1099 126 is sleeping
1099 15 has taken a fork
1100 136 is sleeping
1100 134 is sleeping
1100 131 is sleeping
1100 138 is sleeping
1101 122 is sleeping
1101 50 is thinking
1101 51 is thinking
1101 141 is sleeping
1102 21 has taken a fork
1102 191 is eating
1102 190 is eating
1102 14 has taken a fork
1102 20 has taken a fork
1102 16 has taken a fork
1102 142 is sleeping
1102 143 is sleeping
1102 130 is sleeping
1102 139 is sleeping
1103 5 has taken a fork
1103 12 has taken a fork
1103 23 has taken a fork
1103 2 has taken a fork
1104 27 has taken a fork
1104 147 is sleeping
1105 1 has taken a fork
1105 48 is thinking
1106 52 is thinking
1106 53 is thinking
1106 144 is sleeping
1106 145 is sleeping
1107 192 is eating
1107 29 has taken a fork
1107 3 has taken a fork
1108 25 has taken a fork
1108 18 has taken a fork
1108 7 has taken a fork
1108 151 is sleeping
1108 140 is sleeping
1111 13 has taken a fork
1111 11 has taken a fork
1111 59 is thinking
1112 149 is sleeping
1112 57 is thinking
1112 9 has taken a fork
1112 4 has taken a fork
1112 146 is sleeping
1113 10 has taken a fork
1114 197 is eating
1114 63 is thinking
1114 61 is thinking
1114 193 is eating
1114 35 has taken a fork
1114 195 is eating
1114 26 has taken a fork
1114 194 is eating
1115 33 has taken a fork
1115 31 has taken a fork
1116 24 has taken a fork
1116 22 has taken a fork
1116 41 has taken a fork
1116 58 is thinking
1116 34 has taken a fork
1116 198 is eating
1117 28 has taken a fork
1117 38 has taken a fork
1117 40 has taken a fork
1117 30 has taken a fork
1118 39 has taken a fork
1118 45 has taken a fork
1118 37 has taken a fork
1118 32 has taken a fork
1118 68 is thinking
1118 65 is thinking
1118 54 is thinking
1118 196 is eating
1118 44 has taken a fork
1118 47 has taken a fork
1118 60 is thinking
1118 43 has taken a fork
1119 42 has taken a fork
1119 55 is thinking
1119 67 is thinking
1119 155 is sleeping
1121 19 has taken a fork
1121 153 is sleeping
1121 71 is thinking
1122 150 is sleeping
1122 17 has taken a fork
1122 6 has taken a fork
1123 46 has taken a fork
1124 64 is thinking
1124 8 has taken a fork
1124 36 has taken a fork
1124 49 has taken a fork
1124 62 is thinking
1125 15 has taken a fork
1125 73 is thinking
1125 56 is thinking
1125 148 is sleeping
1125 50 has taken a fork
1125 51 has taken a fork
1125 21 has taken a fork
1125 14 has taken a fork
1125 77 is thinking
1125 69 is thinking
1125 20 has taken a fork
1125 16 has taken a fork
1126 66 is thinking
1126 5 is eating
1126 12 has taken a fork
1126 23 has taken a fork
1126 2 is eating
1126 27 has taken a fork
1126 48 has taken a fork
1126 1 is eating
1126 75 is thinking
1127 52 has taken a fork
1127 74 is thinking
1127 53 has taken a fork
1128 81 is thinking
1129 76 is thinking
1129 154 is sleeping
1130 29 has taken a fork
1130 3 is eating
1130 25 has taken a fork
1131 18 has taken a fork
1131 7 is eating
1131 80 is thinking
1132 72 is thinking
1132 83 is thinking
1132 79 is thinking
1132 85 is thinking
1133 78 is thinking
1133 70 is thinking
1133 13 is eating
1133 11 is eating
1133 59 has taken a fork
1133 57 has taken a fork
1133 9 is eating
1133 4 is eating
1133 87 is thinking
1133 10 is eating
1133 35 has taken a fork
1133 26 has taken a fork
1133 33 has taken a fork
1135 31 has taken a fork
1135 84 is thinking
1135 152 is sleeping
1135 24 has taken a fork
1136 22 has taken a fork
1136 41 has taken a fork
1136 63 has taken a fork
1136 34 has taken a fork
1136 158 is sleeping
1136 28 has taken a fork
1136 82 is thinking
1136 61 has taken a fork
1136 38 has taken a fork
1137 40 has taken a fork
1137 30 has taken a fork
1137 39 has taken a fork
1137 159 is sleeping
1137 45 has taken a fork
1137 58 has taken a fork
1137 37 has taken a fork
1137 32 has taken a fork
1138 44 has taken a fork
1138 47 has taken a fork
1138 43 has taken a fork
1138 156 is sleeping
1138 68 has taken a fork
1139 89 is thinking
1139 42 has taken a fork
1139 86 is thinking
1139 19 is eating
1139 163 is sleeping
1139 157 is sleeping
1139 54 has taken a fork
1139 17 is eating
1139 65 has taken a fork
1140 6 is eating
1140 88 is thinking
1140 46 has taken a fork
1141 8 is eating
1141 36 has taken a fork
1141 49 has taken a fork
1141 15 is eating
1141 50 has taken a fork
1141 51 has taken a fork
1142 21 is eating
1142 14 is eating
1142 20 is eating
1142 16 is eating
1142 12 is eating
1142 23 is eating
1142 27 is eating
1142 48 has taken a fork
1142 91 is thinking
1143 52 has taken a fork
1143 53 has taken a fork
1143 97 is thinking
1143 175 is sleeping
1143 161 is sleeping
1143 55 has taken a fork
1144 60 has taken a fork
1144 92 is thinking
1144 167 is sleeping
1144 94 is thinking
1144 165 is sleeping
1145 71 has taken a fork
1146 168 is sleeping
1146 101 is thinking
1147 67 has taken a fork
1147 29 is eating
1147 64 has taken a fork
1147 25 is eating
1147 99 is thinking
1147 18 is eating
1147 95 is thinking
1147 96 is thinking
1148 93 is thinking
1148 177 is sleeping
1149 62 has taken a fork
1149 173 is sleeping
1149 169 is sleeping
1149 73 has taken a fork
1149 59 has taken a fork
1149 56 has taken a fork
1150 57 has taken a fork
1151 166 is sleeping
1151 77 has taken a fork
1151 35 is eating
1151 26 is eating
1151 33 is eating
1151 90 is thinking
1152 176 is sleeping
1152 69 has taken a fork
1152 160 is sleeping
1152 162 is sleeping
1152 75 has taken a fork
1152 66 has taken a fork
1152 31 is eating
1152 24 is eating
1152 22 is eating
1152 172 is sleeping
1152 171 is sleeping
1152 174 is sleeping
1152 74 has taken a fork
1152 41 is eating
1152 81 has taken a fork
1153 63 has taken a fork
1153 34 is eating
1154 28 is eating
1154 76 has taken a fork
1154 61 has taken a fork
1154 38 is eating
1154 181 is sleeping
1154 170 is sleeping
1154 40 is eating
1154 179 is sleeping
1154 185 is sleeping
1154 164 is sleeping
1154 72 has taken a fork
1154 85 has taken a fork
1154 30 is eating
1159 39 is eating
1159 45 is eating
1159 58 has taken a fork
1160 37 is eating
1160 32 is eating
1160 83 has taken a fork
1160 79 has taken a fork
1163 44 is eating
1174 47 is eating
1174 43 is eating
1174 68 has taken a fork
1175 42 is eating
1178 80 has taken a fork
1179 54 has taken a fork
1179 65 has taken a fork
1179 180 is sleeping
1180 78 has taken a fork
1180 178 is sleeping
1180 70 has taken a fork
1181 187 is sleeping
1181 87 has taken a fork
1184 46 is eating
1184 183 is sleeping
1184 184 is sleeping
1184 36 is eating
1184 84 has taken a fork
1185 49 is eating
1185 50 is eating
1185 51 is eating
1189 82 has taken a fork
1189 182 is sleeping
1190 189 is sleeping
1190 89 has taken a fork
1190 86 has taken a fork
1190 48 is eating
1190 52 is eating
1191 53 is eating
1191 186 is sleeping
1191 88 has taken a fork
1191 55 has taken a fork
1192 60 has taken a fork
1192 71 has taken a fork
1192 188 is sleeping
1192 91 has taken a fork
1192 100 is thinking
1192 102 is thinking
1192 103 is thinking
1192 67 has taken a fork
1192 64 has taken a fork
1193 109 is thinking
1193 190 is sleeping
1193 191 is sleeping
1194 62 has taken a fork
1194 97 has taken a fork
1194 92 has taken a fork
1195 73 has taken a fork
1195 59 is eating
1195 56 has taken a fork
1195 57 is eating
1195 77 has taken a fork
1195 104 is thinking
1195 69 has taken a fork
1196 75 has taken a fork
1196 66 has taken a fork
1196 105 is thinking
1196 192 is sleeping
1196 94 has taken a fork
1196 74 has taken a fork
1196 81 has taken a fork
1197 63 is eating
1197 107 is thinking
1197 106 is thinking
1197 108 is thinking
1198 76 has taken a fork
1198 61 is eating
1198 85 has taken a fork
1198 111 is thinking
1198 72 has taken a fork
1198 58 is eating
1198 197 is sleeping
1201 101 has taken a fork
1202 83 has taken a fork
1202 79 has taken a fork
1202 194 is sleeping
1202 193 is sleeping
1203 195 is sleeping
1203 99 has taken a fork
1203 95 has taken a fork
1203 96 has taken a fork
1203 198 is sleeping
1203 196 is sleeping
1203 90 has taken a fork
1203 113 is thinking
1203 98 is thinking
1203 93 has taken a fork
1203 119 is thinking
1204 125 is thinking
1205 115 is thinking
1206 110 is thinking
1206 68 is eating
1206 123 is thinking
1206 112 is thinking
1207 117 is thinking
1207 118 is thinking
1207 5 is sleeping
1207 2 is sleeping
1207 120 is thinking
1209 80 has taken a fork
1209 54 is eating
1209 65 is eating
1209 1 is sleeping
1209 78 has taken a fork
1209 121 is thinking
1209 70 has taken a fork
1209 87 has taken a fork
1210 129 is thinking
1210 116 is thinking
1210 3 is sleeping
1210 114 is thinking
1210 84 has taken a fork
1210 7 is sleeping
1211 11 is sleeping
1211 13 is sleeping
1211 9 is sleeping
1211 4 is sleeping
1211 10 is sleeping
1212 82 has taken a fork
1212 128 is thinking
1212 89 has taken a fork
1213 86 has taken a fork
1213 88 has taken a fork
1213 55 is eating
1213 60 is eating
1213 71 is eating
1214 91 has taken a fork
1214 127 is thinking
1215 100 has taken a fork
1215 102 has taken a fork
1216 103 has taken a fork
1216 67 is eating
1216 64 is eating
1216 124 is thinking
1217 109 has taken a fork
1217 62 is eating
1217 97 has taken a fork
1218 92 has taken a fork
1218 135 is thinking
1218 73 is eating
1218 132 is thinking
1219 56 is eating
1219 133 is thinking
1219 77 is eating
1220 104 has taken a fork
1220 69 is eating
1220 75 is eating
1220 66 is eating
1220 105 has taken a fork
1221 94 has taken a fork
1221 74 is eating
1221 81 is eating
1221 137 is thinking
1221 107 has taken a fork
1222 106 has taken a fork
1222 108 has taken a fork
1222 76 is eating
1222 85 is eating
1222 111 has taken a fork
1222 72 is eating
1222 126 is thinking
1222 134 is thinking
1223 131 is thinking
1223 17 is sleeping
1223 122 is thinking
1224 101 has taken a fork
1224 138 is thinking
1226 19 is sleeping
1226 136 is thinking
1226 139 is thinking
1226 130 is thinking
1226 143 is thinking
1226 83 is eating
1226 141 is thinking
1226 6 is sleeping
1226 142 is thinking
1226 79 is eating
1226 8 is sleeping
1226 99 has taken a fork
1226 95 has taken a fork
1226 96 has taken a fork
1227 90 has taken a fork
1227 113 has taken a fork
1228 98 has taken a fork
1229 93 has taken a fork
1229 119 has taken a fork
1230 125 has taken a fork
1230 15 is sleeping
1230 115 has taken a fork
1232 147 is thinking
1232 20 is sleeping
1232 144 is thinking
1232 145 is thinking
1232 16 is sleeping
1232 21 is sleeping
1232 14 is sleeping
1232 110 has taken a fork
1232 123 has taken a fork
1232 112 has taken a fork
1233 12 is sleeping
1233 23 is sleeping
1233 117 has taken a fork
1234 118 has taken a fork
1234 120 has taken a fork
1234 151 is thinking
1235 27 is sleeping
1235 140 is thinking
1235 80 is eating
1235 78 is eating
1235 121 has taken a fork
1235 70 is eating
1235 87 is eating
1235 84 is eating
1236 29 is sleeping
1236 129 has taken a fork
1236 18 is sleeping
1236 146 is thinking
1236 25 is sleeping
1236 116 has taken a fork
1237 114 has taken a fork
1237 149 is thinking
1237 82 is eating
1237 89 is eating
1238 88 is eating
1238 86 is eating
1238 91 is eating
1238 100 has taken a fork
1239 102 has taken a fork
1239 103 has taken a fork
1241 109 has taken a fork
1241 97 is eating
1242 33 is sleeping
1242 92 is eating
1242 35 is sleeping
1242 128 has taken a fork
1242 26 is sleeping
1242 124 has taken a fork
1242 155 is thinking
1242 22 is sleeping
1242 24 is sleeping
1242 41 is sleeping
1242 135 has taken a fork
1242 132 has taken a fork
1242 133 has taken a fork
1242 104 has taken a fork
1242 127 has taken a fork
1242 31 is sleeping
1242 105 has taken a fork
1242 94 is eating
1243 28 is sleeping
1243 30 is sleeping
1243 38 is sleeping
1243 40 is sleeping
1243 137 has taken a fork
1243 153 is thinking
1243 106 has taken a fork
1243 107 has taken a fork
1243 150 is thinking
1243 108 has taken a fork
1244 34 is sleeping
1244 111 has taken a fork
1244 126 has taken a fork
1244 134 has taken a fork
1244 131 has taken a fork
1244 122 has taken a fork
1244 45 is sleeping
1244 37 is sleeping
1244 39 is sleeping
1244 101 is eating
1244 32 is sleeping
1244 138 has taken a fork
1245 148 is thinking
1245 136 has taken a fork
1245 139 has taken a fork
1245 130 has taken a fork
1245 143 has taken a fork
1245 99 is eating
1245 95 is eating
1245 96 is eating
1246 90 is eating
1246 113 has taken a fork
1246 98 has taken a fork
1246 154 is thinking
1246 44 is sleeping
1246 93 is eating
1246 119 has taken a fork
1246 141 has taken a fork
1246 125 has taken a fork
1246 115 has taken a fork
1246 43 is sleeping
1246 142 has taken a fork
1247 47 is sleeping
1247 147 has taken a fork
1247 110 has taken a fork
1247 123 has taken a fork
1247 112 has taken a fork
1247 42 is sleeping
1247 118 has taken a fork
1247 144 has taken a fork
1247 120 has taken a fork
1247 117 has taken a fork
1248 152 is thinking
1248 121 has taken a fork
1249 158 is thinking
1249 129 has taken a fork
1249 116 has taken a fork
1249 159 is thinking
1250 114 has taken a fork
1251 156 is thinking
1251 100 is eating
1251 163 is thinking
1252 157 is thinking
1252 102 is eating
1253 46 is sleeping
1253 103 is eating
1254 145 has taken a fork
1254 49 is sleeping
1254 36 is sleeping
1255 140 has taken a fork
1255 151 has taken a fork
1255 109 is eating
1256 128 has taken a fork
1256 124 has taken a fork
1257 135 has taken a fork
1258 132 has taken a fork
1258 133 has taken a fork
1258 104 is eating
1258 127 has taken a fork
1259 105 is eating
1259 51 is sleeping
1259 50 is sleeping
1259 161 is thinking
1259 146 has taken a fork
1260 149 has taken a fork
1260 137 has taken a fork
1260 106 is eating
1260 107 is eating
1260 175 is thinking
1261 108 is eating
1261 167 is thinking
1261 111 is eating
1261 126 has taken a fork
1261 134 has taken a fork
1262 131 has taken a fork
1262 122 has taken a fork
1262 165 is thinking
1262 138 has taken a fork
1262 136 has taken a fork
1263 139 has taken a fork
1264 130 has taken a fork
1265 143 has taken a fork
1266 113 is eating
1266 98 is eating
1267 168 is thinking
1267 119 is eating
1267 141 has taken a fork
1268 125 is eating
1268 115 is eating
1270 142 has taken a fork
1270 147 has taken a fork
1271 110 is eating
1272 123 is eating
1273 112 is eating
1273 118 is eating
1273 144 has taken a fork
1274 120 is eating
1275 117 is eating
1275 48 is sleeping
1275 177 is thinking
1275 121 is eating
1275 169 is thinking
1276 173 is thinking
1276 153 has taken a fork
1276 53 is sleeping
1276 52 is sleeping
1277 150 has taken a fork
1277 129 is eating
1277 116 is eating
1277 155 has taken a fork
1277 114 is eating
1277 166 is thinking
1277 174 is thinking
1277 176 is thinking
1278 162 is thinking
1279 172 is thinking
1280 171 is thinking
1281 160 is thinking
1282 59 is sleeping
1282 148 has taken a fork
1282 179 is thinking
1282 145 has taken a fork
1283 185 is thinking
1283 170 is thinking
1284 181 is thinking
1284 57 is sleeping
1285 164 is thinking
1285 154 has taken a fork
1287 140 has taken a fork
1287 151 has taken a fork
1288 128 is eating
1288 124 is eating
1288 63 is sleeping
1288 135 is eating
1289 152 has taken a fork
1289 61 is sleeping
1289 158 has taken a fork
1289 132 is eating
1289 58 is sleeping
1290 159 has taken a fork
1290 133 is eating
1291 127 is eating
1291 146 has taken a fork
1291 149 has taken a fork
1291 137 is eating
1291 126 is eating
1291 134 is eating
1292 131 is eating
1292 122 is eating
1292 138 is eating
1292 136 is eating
1292 68 is sleeping
1292 156 has taken a fork
1293 139 is eating
1293 130 is eating
1294 143 is eating
1294 65 is sleeping
1294 54 is sleeping
1294 157 has taken a fork
1295 163 has taken a fork
1295 141 is eating
1296 142 is eating
1296 147 is eating
1296 60 is sleeping
1296 55 is sleeping
1297 161 has taken a fork
1297 175 has taken a fork
1297 71 is sleeping
1297 67 is sleeping
1297 165 has taken a fork
1297 64 is sleeping
1297 168 has taken a fork
1297 144 is eating
1297 167 has taken a fork
1297 62 is sleeping
1297 177 has taken a fork
1297 77 is sleeping
1297 56 is sleeping
1297 73 is sleeping
1298 153 has taken a fork
1300 169 has taken a fork
1300 69 is sleeping
1301 173 has taken a fork
1303 150 has taken a fork
1305 155 has taken a fork
1305 166 has taken a fork
1305 174 has taken a fork
1305 75 is sleeping
1306 176 has taken a fork
1306 66 is sleeping
1306 162 has taken a fork
1307 180 is thinking
1307 81 is sleeping
1308 172 has taken a fork
1308 74 is sleeping
1309 76 is sleeping
1309 72 is sleeping
1309 178 is thinking
1309 85 is sleeping
1309 187 is thinking
1309 171 has taken a fork
1309 160 has taken a fork
1310 83 is sleeping
1310 79 is sleeping
1310 148 has taken a fork
1310 179 has taken a fork
1311 145 is eating
1311 185 has taken a fork
1311 170 has taken a fork
1311 184 is thinking
1311 183 is thinking
1313 181 has taken a fork
1313 154 has taken a fork
1314 140 is eating
1315 80 is sleeping
1315 164 has taken a fork
1315 151 is eating
1315 87 is sleeping
1316 84 is sleeping
1316 78 is sleeping
1316 70 is sleeping
1316 182 is thinking
1317 152 has taken a fork
1317 158 has taken a fork
1317 89 is sleeping
1317 82 is sleeping
1318 86 is sleeping
1318 159 has taken a fork
1318 189 is thinking
1318 88 is sleeping
1318 149 is eating
1318 146 is eating
1318 91 is sleeping
1319 188 is thinking
1320 186 is thinking
1321 156 has taken a fork
1321 190 is thinking
1321 191 is thinking
1321 157 has taken a fork
1321 97 is sleeping
1321 163 has taken a fork
1322 192 is thinking
1322 92 is sleeping
1322 94 is sleeping
1322 161 has taken a fork
1323 175 has taken a fork
1325 165 has taken a fork
1327 168 has taken a fork
1328 167 has taken a fork
1328 177 has taken a fork
1329 153 is eating
1329 197 is thinking
1330 169 has taken a fork
1331 173 has taken a fork
1332 101 is sleeping
1332 150 is eating
1333 193 is thinking
1334 196 is thinking
1334 195 is thinking
1335 99 is sleeping
1335 96 is sleeping
1335 95 is sleeping
1335 198 is thinking
1337 155 is eating
1338 194 is thinking
1338 166 has taken a fork
1338 174 has taken a fork
1338 176 has taken a fork
1340 162 has taken a fork
1341 2 is thinking
1341 5 is thinking
1341 90 is sleeping
1342 180 has taken a fork
1343 93 is sleeping
1344 172 has taken a fork
1344 1 is thinking
1344 178 has taken a fork
1344 187 has taken a fork
1344 171 has taken a fork
1344 160 has taken a fork
1344 3 is thinking
1345 148 is eating
1345 179 has taken a fork
1345 9 is thinking
1345 185 has taken a fork
1345 170 has taken a fork
1345 10 is thinking
1346 4 is thinking
1346 11 is thinking
1346 184 has taken a fork
1346 7 is thinking
1346 13 is thinking
1346 183 has taken a fork
1346 181 has taken a fork
1347 154 is eating
1347 164 has taken a fork
1347 182 has taken a fork
1347 152 is eating
1347 158 is eating
1348 159 is eating
1348 189 has taken a fork
1348 188 has taken a fork
1348 186 has taken a fork
1348 156 is eating
1348 190 has taken a fork
1349 191 has taken a fork
1350 157 is eating
1350 163 is eating
1350 102 is sleeping
1350 100 is sleeping
1350 192 has taken a fork
1350 161 is eating
1350 103 is sleeping
1351 17 is thinking
1351 175 is eating
1351 109 is sleeping
1351 165 is eating
1351 8 is thinking
1351 104 is sleeping
1351 6 is thinking
1351 19 is thinking
1351 168 is eating
1351 105 is sleeping
1351 167 is eating
1351 107 is sleeping
1351 108 is sleeping
1352 177 is eating
1352 106 is sleeping
1352 15 is thinking
1352 111 is sleeping
1353 169 is eating
1353 197 has taken a fork
1354 14 is thinking
1354 173 is eating
1354 20 is thinking
1354 16 is thinking
1354 21 is thinking
1354 12 is thinking
1355 23 is thinking
1355 193 has taken a fork
1355 196 has taken a fork
1355 195 has taken a fork
1355 98 is sleeping
1355 27 is thinking
1355 113 is sleeping
1355 25 is thinking
1355 125 is sleeping
1356 119 is sleeping
1356 18 is thinking
1356 198 has taken a fork
1356 29 is thinking
1357 115 is sleeping
1357 166 is eating
1357 176 is eating
1358 110 is sleeping
1358 194 has taken a fork
1358 174 is eating
1359 123 is sleeping
1359 112 is sleeping
1359 118 is sleeping
1359 162 is eating
1359 2 has taken a fork
1360 117 is sleeping
1360 120 is sleeping
1361 5 has taken a fork
1361 35 is thinking
1361 24 is thinking
1361 33 is thinking
1361 22 is thinking
1361 121 is sleeping
1361 26 is thinking
1361 41 is thinking
1361 180 has taken a fork
1361 30 is thinking
1361 38 is thinking
1361 28 is thinking
1361 40 is thinking
1361 31 is thinking
1361 32 is thinking
1361 39 is thinking
1361 129 is sleeping
1361 37 is thinking
1362 45 is thinking
1363 1 has taken a fork
1364 172 is eating
1365 34 is thinking
1366 178 has taken a fork
1366 187 has taken a fork
1366 171 is eating
1366 160 is eating
1366 3 has taken a fork
1366 116 is sleeping
1366 114 is sleeping
1367 179 is eating
1367 9 has taken a fork
1367 185 is eating
1368 170 is eating
1368 43 is thinking
1368 10 has taken a fork
1368 4 has taken a fork
1368 11 has taken a fork
1368 44 is thinking
1368 184 has taken a fork
1368 7 has taken a fork
1368 13 has taken a fork
1369 183 has taken a fork
1369 47 is thinking
1369 42 is thinking
1369 181 is eating
1369 164 is eating
1369 182 has taken a fork
1370 189 has taken a fork
1370 188 has taken a fork
1370 186 has taken a fork
1370 190 has taken a fork
1370 191 has taken a fork
1371 192 has taken a fork
1371 17 has taken a fork
1371 8 has taken a fork
1371 6 has taken a fork
1371 19 has taken a fork
1371 15 has taken a fork
1371 46 is thinking
1372 128 is sleeping
1372 124 is sleeping
1372 197 has taken a fork
1372 14 has taken a fork
1372 132 is sleeping
1372 49 is thinking
1372 135 is sleeping
1374 20 has taken a fork
1374 16 has taken a fork
1374 36 is thinking
1374 21 has taken a fork
1374 12 has taken a fork
1375 23 has taken a fork
1375 196 has taken a fork
1375 193 has taken a fork
1375 133 is sleeping
1375 195 has taken a fork
1375 27 has taken a fork
1375 25 has taken a fork
1376 137 is sleeping
1376 127 is sleeping
1376 18 has taken a fork
1377 198 has taken a fork
1377 29 has taken a fork
1377 134 is sleeping
1377 126 is sleeping
1377 138 is sleeping
1378 122 is sleeping
1378 131 is sleeping
1378 194 has taken a fork
1378 51 is thinking
1379 136 is sleeping
1379 50 is thinking
1379 2 has taken a fork
1379 139 is sleeping
1379 143 is sleeping
1379 130 is sleeping
1379 5 has taken a fork
1379 35 has taken a fork
1379 24 has taken a fork
1379 33 has taken a fork
1379 22 has taken a fork
1379 26 has taken a fork
1380 41 has taken a fork
1380 180 is eating
1380 30 has taken a fork
1380 38 has taken a fork
1380 28 has taken a fork
1380 40 has taken a fork
1380 31 has taken a fork
1380 32 has taken a fork
1380 39 has taken a fork
1381 37 has taken a fork
1381 45 has taken a fork
1381 141 is sleeping
1381 1 has taken a fork
1381 142 is sleeping
1381 147 is sleeping
1381 34 has taken a fork
1381 178 is eating
1381 144 is sleeping
1381 187 is eating
1381 3 has taken a fork
1381 9 has taken a fork
1381 43 has taken a fork
1382 10 has taken a fork
1382 4 has taken a fork
1382 11 has taken a fork
1383 44 has taken a fork
1383 184 is eating
1383 7 has taken a fork
1383 13 has taken a fork
1383 183 is eating
1383 47 has taken a fork
1383 42 has taken a fork
1384 182 is eating
1384 189 is eating
1384 188 is eating
1384 186 is eating
1384 190 is eating
1384 191 is eating
1384 192 is eating
1384 17 has taken a fork
1384 8 has taken a fork
1385 6 has taken a fork
1385 19 has taken a fork
1385 15 has taken a fork
1385 197 is eating
1385 14 has taken a fork
1385 20 has taken a fork
1387 16 has taken a fork
1387 21 has taken a fork
1387 12 has taken a fork
1388 23 has taken a fork
1388 196 is eating
1388 145 is sleeping
1388 46 has taken a fork
1388 193 is eating
1388 48 is thinking
1388 195 is eating
1388 27 has taken a fork
1388 25 has taken a fork
1389 53 is thinking
1390 52 is thinking
1390 18 has taken a fork
1391 140 is sleeping
1391 198 is eating
1391 49 has taken a fork
1391 29 has taken a fork
1392 151 is sleeping
1392 36 has taken a fork
1393 194 is eating
1394 2 is eating
1394 5 is eating
1394 35 has taken a fork
1394 24 has taken a fork
1394 33 has taken a fork
1394 22 has taken a fork
1394 26 has taken a fork
1395 41 has taken a fork
1395 30 has taken a fork
1395 38 has taken a fork
1396 28 has taken a fork
1396 40 has taken a fork
1396 31 has taken a fork
1397 32 has taken a fork
1397 39 has taken a fork
1397 37 has taken a fork
1398 45 has taken a fork
1398 146 is sleeping
1398 51 has taken a fork
1398 1 is eating
1399 149 is sleeping
1399 50 has taken a fork
1399 34 has taken a fork
1400 3 is eating
1400 9 is eating
1400 43 has taken a fork
1400 59 is thinking
1401 10 is eating
1401 4 is eating
1401 11 is eating
1401 44 has taken a fork
1402 7 is eating
1402 13 is eating
1402 47 has taken a fork
1402 42 has taken a fork
1403 57 is thinking
1403 17 is eating
1404 8 is eating
1404 6 is eating
1404 19 is eating
1404 15 is eating
1405 14 is eating
1405 20 is eating
1406 16 is eating
1406 21 is eating
1406 12 is eating
1406 23 is eating
1406 63 is thinking
1406 46 has taken a fork
1407 27 is eating
1407 25 is eating
1407 61 is thinking
1408 153 is sleeping
1408 48 has taken a fork
1408 58 is thinking
1408 18 is eating
1409 150 is sleeping
1410 53 has taken a fork
1410 49 has taken a fork
1410 29 is eating
1411 68 is thinking
1411 36 has taken a fork
1411 155 is sleeping
1412 54 is thinking
1412 35 is eating
1412 65 is thinking
1412 24 is eating
1412 33 is eating
1412 22 is eating
1413 26 is eating
1413 41 is eating
1413 30 is eating
1413 38 is eating
1414 55 is thinking
1415 52 has taken a fork
1415 60 is thinking
1415 28 is eating
1416 40 is eating
1416 31 is eating
1416 67 is thinking
1416 77 is thinking
1417 64 is thinking
1418 32 is eating
1418 62 is thinking
1418 71 is thinking
1419 73 is thinking
1419 56 is thinking
1419 39 is eating
1420 37 is eating
1420 45 is eating
1421 51 has taken a fork
1421 148 is sleeping
1422 50 has taken a fork
1422 34 is eating
1422 69 is thinking
1423 43 is eating
1423 59 has taken a fork
1424 154 is sleeping
1424 44 is eating
1424 152 is sleeping
1424 47 is eating
1424 42 is eating
1425 158 is sleeping
1426 57 has taken a fork
1426 159 is sleeping
1426 75 is thinking
1427 156 is sleeping
1427 66 is thinking
1427 63 has taken a fork
1428 46 is eating
1429 81 is thinking
1429 61 has taken a fork
1430 157 is sleeping
1430 48 has taken a fork
1431 163 is sleeping
1433 74 is thinking
1433 58 has taken a fork
1434 72 is thinking
1434 76 is thinking
1434 85 is thinking
1434 53 has taken a fork
1434 79 is thinking
1434 83 is thinking
1434 49 is eating
1434 161 is sleeping
1434 68 has taken a fork
1434 36 is eating
1435 175 is sleeping
1435 167 is sleeping
1436 165 is sleeping
1436 54 has taken a fork
1436 168 is sleeping
1436 65 has taken a fork
1437 177 is sleeping
1439 55 has taken a fork
1439 80 is thinking
1440 87 is thinking
1442 52 has taken a fork
1442 169 is sleeping
1443 60 has taken a fork
1445 70 is thinking
1447 173 is sleeping
1448 84 is thinking
1448 67 has taken a fork
1448 166 is sleeping
1448 82 is thinking
1450 78 is thinking
1452 89 is thinking
1452 77 has taken a fork
1452 64 has taken a fork
1452 174 is sleeping
1453 86 is thinking
1453 91 is thinking
1454 62 has taken a fork
1454 176 is sleeping
1455 88 is thinking
1455 71 has taken a fork
1455 73 has taken a fork
1455 162 is sleeping
1455 56 has taken a fork
1456 97 is thinking
1456 51 is eating
1456 50 is eating
1456 92 is thinking
1456 94 is thinking
1457 69 has taken a fork
1457 171 is sleeping
1459 172 is sleeping
1459 59 has taken a fork
1459 160 is sleeping
1459 179 is sleeping
1460 57 has taken a fork
1460 170 is sleeping
1461 75 has taken a fork
1461 181 is sleeping
1461 66 has taken a fork
1461 164 is sleeping
1462 63 has taken a fork
1462 81 has taken a fork
1463 185 is sleeping
1463 61 has taken a fork
1463 48 is eating
1463 101 is thinking
1464 74 has taken a fork
1464 58 has taken a fork
1464 72 has taken a fork
1465 76 has taken a fork
1465 85 has taken a fork
1465 53 is eating
1465 79 has taken a fork
1465 83 has taken a fork
1466 68 has taken a fork
1466 95 is thinking
1466 99 is thinking
1466 96 is thinking
1466 54 has taken a fork
1467 65 has taken a fork
1467 55 has taken a fork
1467 80 has taken a fork
1467 90 is thinking
1467 52 is eating
1467 93 is thinking
1467 60 has taken a fork
1467 180 is sleeping
1468 178 is sleeping
1468 187 is sleeping
1468 87 has taken a fork
1470 70 has taken a fork
1470 184 is sleeping
1470 183 is sleeping
1470 84 has taken a fork
1471 67 has taken a fork
1471 82 has taken a fork
1471 182 is sleeping
1471 103 is thinking
1471 102 is thinking
1472 78 has taken a fork
1473 100 is thinking
1473 109 is thinking
1473 107 is thinking
1473 105 is thinking
1473 108 is thinking
1473 104 is thinking
1473 189 is sleeping
1473 111 is thinking
1474 89 has taken a fork
1475 186 is sleeping
1475 106 is thinking
1475 188 is sleeping
1475 77 has taken a fork
1475 64 has taken a fork
1475 190 is sleeping
1475 191 is sleeping
1475 192 is sleeping
1475 86 has taken a fork
1476 91 has taken a fork
1476 62 has taken a fork
1476 125 is thinking
1476 113 is thinking
1477 98 is thinking
1477 71 has taken a fork
1477 88 has taken a fork
1477 73 has taken a fork
1477 56 has taken a fork
1477 119 is thinking
1477 97 has taken a fork
1477 92 has taken a fork
1477 94 has taken a fork
1477 69 has taken a fork
1477 115 is thinking
1477 197 is sleeping
1477 110 is thinking
1477 112 is thinking
1477 123 is thinking
1477 118 is thinking
1478 59 is eating
1478 57 is eating
1478 117 is thinking
1478 120 is thinking
1478 75 has taken a fork
1478 121 is thinking
1478 193 is sleeping
1479 196 is sleeping
1479 66 has taken a fork
1480 129 is thinking
1480 195 is sleeping
1480 63 is eating
1480 81 has taken a fork
1481 61 is eating
1482 101 has taken a fork
1482 198 is sleeping
1482 74 has taken a fork
1482 58 is eating
1482 72 has taken a fork
1482 76 has taken a fork
1482 85 has taken a fork
1483 79 has taken a fork
1483 83 has taken a fork
1483 68 is eating
1483 116 is thinking
1483 95 has taken a fork
1483 99 has taken a fork
1483 96 has taken a fork
1483 54 is eating
1483 65 is eating
1484 114 is thinking
1486 194 is sleeping
1487 55 is eating
1487 80 has taken a fork
1487 90 has taken a fork
1487 93 has taken a fork
1488 60 is eating
1488 2 is sleeping
1488 5 is sleeping
1489 87 has taken a fork
1489 70 has taken a fork
1489 84 has taken a fork
1489 67 is eating
1489 1 is sleeping
1489 82 has taken a fork
1489 103 has taken a fork
1489 102 has taken a fork
1489 135 is thinking
1489 132 is thinking
1490 128 is thinking
1490 3 is sleeping
1490 124 is thinking
1490 78 has taken a fork
1490 100 has taken a fork
1490 109 has taken a fork
1490 9 is sleeping
1490 107 has taken a fork
1490 13 is sleeping
1490 105 has taken a fork
1490 4 is sleeping
1490 7 is sleeping
1490 108 has taken a fork
1490 104 has taken a fork
1491 11 is sleeping
1491 10 is sleeping
1491 111 has taken a fork
1491 89 has taken a fork
1491 133 is thinking
1491 106 has taken a fork
1491 77 is eating
1491 64 is eating
1491 86 has taken a fork
1492 137 is thinking
1492 91 has taken a fork
1492 127 is thinking
1492 62 is eating
1492 71 is eating
1492 73 is eating
1493 126 is thinking
1493 56 is eating
1493 88 has taken a fork
1493 97 has taken a fork
1493 17 is sleeping
1493 92 has taken a fork
1493 125 has taken a fork
1493 94 has taken a fork
1493 69 is eating
1493 134 is thinking
1493 138 is thinking
1493 122 is thinking
1494 8 is sleeping
1494 15 is sleeping
1494 19 is sleeping
1494 131 is thinking
1494 113 has taken a fork
1495 98 has taken a fork
1495 6 is sleeping
1495 119 has taken a fork
1496 115 has taken a fork
1496 75 is eating
1497 136 is thinking
1497 139 is thinking
1497 143 is thinking
1497 66 is eating
1498 130 is thinking
1498 12 is sleeping
1498 14 is sleeping
1498 16 is sleeping
1498 21 is sleeping
1498 118 has taken a fork
1499 110 has taken a fork
1499 112 has taken a fork
1499 123 has taken a fork
1499 20 is sleeping
1499 117 has taken a fork
1499 81 is eating
1499 141 is thinking
1499 23 is sleeping
1501 142 is thinking
1501 147 is thinking
1502 25 is sleeping
1502 121 has taken a fork
1503 120 has taken a fork
1503 27 is sleeping
1503 144 is thinking
1503 129 has taken a fork
1503 101 has taken a fork
1503 18 is sleeping
1503 74 is eating
1503 76 is eating
1505 72 is eating
1505 85 is eating
1506 79 is eating
1506 83 is eating
1506 29 is sleeping
1507 116 has taken a fork
1507 95 has taken a fork
1508 99 has taken a fork
1509 96 has taken a fork
1510 114 has taken a fork
1510 24 is sleeping
1510 35 is sleeping
1510 30 is sleeping
1510 33 is sleeping
1511 38 is sleeping
1511 41 is sleeping
1511 26 is sleeping
1512 22 is sleeping
1513 80 is eating
1513 90 has taken a fork
1513 93 has taken a fork
1513 28 is sleeping
1514 145 is thinking
1514 40 is sleeping
1514 31 is sleeping
1515 87 is eating
1515 70 is eating
1515 84 is eating
1515 82 is eating
1516 103 has taken a fork
1517 102 has taken a fork
1517 135 has taken a fork
1518 132 has taken a fork
1519 128 has taken a fork
1519 39 is sleeping
1519 32 is sleeping
1520 124 has taken a fork
1520 78 is eating
1521 100 has taken a fork
1521 109 has taken a fork
1522 107 has taken a fork
1523 105 has taken a fork
1523 108 has taken a fork
1523 104 has taken a fork
1523 45 is sleeping
1524 37 is sleeping
1525 111 has taken a fork
1525 89 is eating
1526 133 has taken a fork
1526 106 has taken a fork
1526 86 is eating
1526 137 has taken a fork
1527 140 is thinking
1527 91 is eating
1527 151 is thinking
1528 127 has taken a fork
1528 126 has taken a fork
1528 88 is eating
1529 97 is eating
1529 92 is eating
1529 125 has taken a fork
1529 94 is eating
1529 134 has taken a fork
1530 138 has taken a fork
1530 122 has taken a fork
1530 34 is sleeping
1530 131 has taken a fork
1530 113 has taken a fork
1530 98 has taken a fork
1530 119 has taken a fork
1531 43 is sleeping
1531 44 is sleeping
1532 115 has taken a fork
1532 136 has taken a fork
1532 47 is sleeping
1533 42 is sleeping
1533 139 has taken a fork
1534 143 has taken a fork
1534 146 is thinking
1534 130 has taken a fork
1534 118 has taken a fork
1534 110 has taken a fork
1535 112 has taken a fork
1535 123 has taken a fork
1535 149 is thinking
1536 117 has taken a fork
1536 141 has taken a fork
1536 142 has taken a fork
1537 147 has taken a fork
1538 46 is sleeping
1538 121 has taken a fork
1539 120 has taken a fork
1540 144 has taken a fork
1540 129 has taken a fork
1540 101 is eating
1540 49 is sleeping
1541 36 is sleeping
1541 116 has taken a fork
1541 95 is eating
1542 99 is eating
1543 153 is thinking
1543 150 is thinking
1543 96 is eating
1543 114 has taken a fork
1543 155 is thinking
1543 90 is eating
1543 93 is eating
1543 145 has taken a fork
1543 103 is eating
1543 102 is eating
1544 135 has taken a fork
1544 132 has taken a fork
1544 128 has taken a fork
1545 50 is sleeping
1545 51 is sleeping
1545 124 has taken a fork
1545 148 is thinking
1545 100 is eating
1545 109 is eating
1546 107 is eating
1546 105 is eating
1547 108 is eating
1547 104 is eating
1548 154 is thinking
1548 152 is thinking
1548 158 is thinking
1548 111 is eating
1548 48 is sleeping
1548 159 is thinking
1548 133 has taken a fork
1548 106 is eating
1548 137 has taken a fork
1548 140 has taken a fork
1548 156 is thinking
1548 151 has taken a fork
1548 53 is sleeping
1548 127 has taken a fork
1549 126 has taken a fork
1549 125 is eating
1549 134 has taken a fork
1549 138 has taken a fork
1550 122 has taken a fork
1551 157 is thinking
1551 131 has taken a fork
1551 113 is eating
1552 98 is eating
1552 119 is eating
1552 163 is thinking
1552 52 is sleeping
1552 115 is eating
1552 136 has taken a fork
1553 139 has taken a fork
1553 143 has taken a fork
1553 146 has taken a fork
1553 161 is thinking
1554 130 has taken a fork
1554 118 is eating
1554 110 is eating
1554 112 is eating
1554 175 is thinking
1554 123 is eating
1554 167 is thinking
1555 149 has taken a fork
1555 165 is thinking
1555 117 is eating
1556 168 is thinking
1556 141 has taken a fork
1556 142 has taken a fork
1556 177 is thinking
1556 147 has taken a fork
1557 121 is eating
1557 59 is sleeping
1557 120 is eating
1558 144 has taken a fork
1558 129 is eating
1558 57 is sleeping
1558 116 is eating
1558 63 is sleeping
1558 169 is thinking
1558 150 has taken a fork
1559 114 is eating
1559 155 has taken a fork
1559 145 has taken a fork
1560 153 has taken a fork
1560 61 is sleeping
1561 135 is eating
1561 132 is eating
1561 128 is eating
1561 58 is sleeping
1561 124 is eating
1561 148 has taken a fork
1562 68 is sleeping
1562 173 is thinking
1562 166 is thinking
1562 54 is sleeping
1562 154 has taken a fork
1562 65 is sleeping
1562 152 has taken a fork
1562 158 has taken a fork
1562 159 has taken a fork
1564 133 is eating
1564 137 is eating
1564 140 has taken a fork
1564 156 has taken a fork
1564 151 has taken a fork
1564 127 is eating
1564 126 is eating
1564 134 is eating
1565 138 is eating
1565 122 is eating
1565 55 is sleeping
1566 157 has taken a fork
1566 131 is eating
1567 174 is thinking
1567 163 has taken a fork
1567 60 is sleeping
1567 136 is eating
1567 139 is eating
1567 67 is sleeping
1567 143 is eating
1568 146 has taken a fork
1568 161 has taken a fork
1570 130 is eating
1570 176 is thinking
1570 175 has taken a fork
1570 64 is sleeping
1571 77 is sleeping
1571 167 has taken a fork
1572 162 is thinking
1572 71 is sleeping
1573 149 has taken a fork
1573 62 is sleeping
1574 165 has taken a fork
1575 168 has taken a fork
1575 141 is eating
1575 73 is sleeping
1575 56 is sleeping
1576 142 is eating
1576 177 has taken a fork
1576 147 is eating
1577 171 is thinking
1577 144 is eating
1577 69 is sleeping
1577 169 has taken a fork
1577 150 has taken a fork
1577 172 is thinking
1577 160 is thinking
1577 179 is thinking
1578 155 has taken a fork
1578 145 is eating
1579 153 has taken a fork
1579 170 is thinking
1579 164 is thinking
1579 75 is sleeping
1579 181 is thinking
1579 148 has taken a fork
1579 173 has taken a fork
1580 166 has taken a fork
1580 154 has taken a fork
1580 152 has taken a fork
1580 158 has taken a fork
1580 159 has taken a fork
1580 185 is thinking
1580 66 is sleeping
1581 81 is sleeping
1581 140 is eating
1581 156 has taken a fork
1581 151 is eating
1581 157 has taken a fork
1581 180 is thinking
1581 174 has taken a fork
1581 163 has taken a fork
1582 74 is sleeping
1582 178 is thinking
1582 187 is thinking
1582 146 is eating
1582 161 has taken a fork
1583 76 is sleeping
1583 79 is sleeping
1583 184 is thinking
1583 183 is thinking
1583 83 is sleeping
1583 85 is sleeping
1583 72 is sleeping
1583 176 has taken a fork
1583 175 has taken a fork
1584 182 is thinking
1584 167 has taken a fork
1584 162 has taken a fork
1584 189 is thinking
1584 149 is eating
1584 165 has taken a fork
1585 186 is thinking
1585 192 is thinking
1585 191 is thinking
1585 188 is thinking
1585 190 is thinking
1585 168 has taken a fork
1586 80 is sleeping
1586 177 has taken a fork
1586 171 has taken a fork
1586 197 is thinking
1587 169 has taken a fork
1587 150 is eating
1587 172 has taken a fork
1587 160 has taken a fork
1587 179 has taken a fork
1588 193 is thinking
1588 155 is eating
1588 196 is thinking
1588 153 is eating
1588 170 has taken a fork
1588 164 has taken a fork
1588 181 has taken a fork
1588 148 is eating
1589 173 has taken a fork
1589 195 is thinking
1589 166 has taken a fork
1589 70 is sleeping
1590 154 is eating
1590 87 is sleeping
1591 152 is eating
1591 158 is eating
1591 159 is eating
1592 185 has taken a fork
1592 156 is eating
1592 157 is eating
1592 180 has taken a fork
1592 174 has taken a fork
1592 163 is eating
1592 178 has taken a fork
1592 84 is sleeping
1592 198 is thinking
1593 187 has taken a fork
1593 82 is sleeping
1594 161 is eating
1594 184 has taken a fork
1594 176 has taken a fork
1594 175 is eating
1594 167 is eating
1594 162 has taken a fork
1594 165 is eating
1595 168 is eating
1595 78 is sleeping
1595 183 has taken a fork
1596 177 is eating
1596 194 is thinking
1597 171 has taken a fork
1597 169 is eating
1597 172 has taken a fork
1597 160 has taken a fork
1597 179 has taken a fork
1597 2 is thinking
1598 5 is thinking
1598 170 has taken a fork
1598 164 has taken a fork
1598 181 has taken a fork
1598 173 is eating
1598 1 is thinking
1599 89 is sleeping
1599 166 is eating
1600 182 has taken a fork
1600 86 is sleeping
1600 189 has taken a fork
1600 7 is thinking
1600 3 is thinking
1600 91 is sleeping
1601 186 has taken a fork
1601 9 is thinking
1602 4 is thinking
1603 13 is thinking
1603 11 is thinking
1603 10 is thinking
1603 88 is sleeping
1604 192 has taken a fork
1604 185 has taken a fork
1604 180 has taken a fork
1604 174 is eating
1604 178 has taken a fork
1604 17 is thinking
1604 94 is sleeping
1604 191 has taken a fork
1605 97 is sleeping
1605 92 is sleeping
1605 188 has taken a fork
1606 190 has taken a fork
1606 187 has taken a fork
1606 15 is thinking
1606 8 is thinking
1607 184 has taken a fork
1608 176 is eating
1608 19 is thinking
1608 162 is eating
1608 6 is thinking
1608 183 has taken a fork
1609 171 is eating
1609 172 is eating
1609 160 is eating
1610 179 is eating
1610 16 is thinking
1610 21 is thinking
1611 14 is thinking
1611 12 is thinking
1611 170 is eating
1611 164 is eating
1612 181 is eating
1612 20 is thinking
1612 182 has taken a fork
1613 189 has taken a fork
1613 23 is thinking
1613 186 has taken a fork
1614 25 is thinking
1614 101 is sleeping
1614 197 has taken a fork
1614 18 is thinking
1615 27 is thinking
1615 95 is sleeping
1615 192 has taken a fork
1615 185 is eating
1615 193 has taken a fork
1615 99 is sleeping
1615 180 is eating
1615 178 is eating
1616 191 has taken a fork
1617 196 has taken a fork
1617 96 is sleeping
1618 195 has taken a fork
1618 90 is sleeping
1618 93 is sleeping
1618 198 has taken a fork
1619 188 has taken a fork
1619 190 has taken a fork
1620 29 is thinking
1620 194 has taken a fork
1620 187 is eating
1620 102 is sleeping
1621 184 is eating
1621 2 has taken a fork
1621 103 is sleeping
1621 5 has taken a fork
1621 183 is eating
1621 109 is sleeping
1621 1 has taken a fork
1622 7 has taken a fork
1623 100 is sleeping
1623 30 is thinking
1623 35 is thinking
1623 107 is sleeping
1624 3 has taken a fork
1624 105 is sleeping
1625 24 is thinking
1625 33 is thinking
1625 9 has taken a fork
1626 26 is thinking
1626 41 is thinking
1626 104 is sleeping
1626 4 has taken a fork
1627 38 is thinking
1627 108 is sleeping
1627 22 is thinking
1627 13 has taken a fork
1627 182 is eating
1627 106 is sleeping
1627 111 is sleeping
1628 125 is sleeping
1628 28 is thinking
1628 11 has taken a fork
1628 189 is eating
1628 17 has taken a fork
1628 186 is eating
1628 10 has taken a fork
1628 40 is thinking
1628 31 is thinking
1628 197 has taken a fork
1628 119 is sleeping
1628 15 has taken a fork
1628 113 is sleeping
1628 8 has taken a fork
1628 115 is sleeping
1628 98 is sleeping
1628 6 has taken a fork
1628 19 has taken a fork
1628 192 is eating
1628 193 has taken a fork
1628 191 is eating
1629 123 is sleeping
1629 112 is sleeping
1629 118 is sleeping
1632 21 has taken a fork
1632 196 has taken a fork
1632 14 has taken a fork
1632 117 is sleeping
1632 195 has taken a fork
1632 110 is sleeping
1633 16 has taken a fork
1633 198 has taken a fork
1633 121 is sleeping
1634 23 has taken a fork
1634 120 is sleeping
1635 25 has taken a fork
1635 39 is thinking
1635 20 has taken a fork
1636 12 has taken a fork
1636 32 is thinking
1637 188 is eating
1637 190 is eating
1637 129 is sleeping
1638 18 has taken a fork
1638 194 has taken a fork
1639 2 has taken a fork
1639 116 is sleeping
1639 5 has taken a fork
1640 27 has taken a fork
1640 1 has taken a fork
1640 114 is sleeping
1640 29 has taken a fork
1641 7 has taken a fork
1641 45 is thinking
1641 37 is thinking
1643 3 has taken a fork
1644 135 is sleeping
1644 132 is sleeping
1644 35 has taken a fork
1644 9 has taken a fork
1644 30 has taken a fork
1644 128 is sleeping
1644 24 has taken a fork
1644 124 is sleeping
1644 33 has taken a fork
1644 4 has taken a fork
1645 13 has taken a fork
1645 133 is sleeping
1645 127 is sleeping
1645 137 is sleeping
1646 11 has taken a fork
1646 17 has taken a fork
1646 10 has taken a fork
1647 197 is eating
1648 41 has taken a fork
1648 15 has taken a fork
1649 8 has taken a fork
1650 6 has taken a fork
1651 19 has taken a fork
1651 26 has taken a fork
1651 38 has taken a fork
1652 193 is eating
1652 134 is sleeping
1652 122 is sleeping
1652 138 is sleeping
1652 126 is sleeping
1653 22 has taken a fork
1653 31 has taken a fork
1654 131 is sleeping
1654 34 is thinking
1654 43 is thinking
1654 44 is thinking
1655 47 is thinking
1655 143 is sleeping
1655 136 is sleeping
1655 139 is sleeping
1655 28 has taken a fork
1656 21 has taken a fork
1660 40 has taken a fork
1660 196 is eating
1661 14 has taken a fork
1661 195 is eating
1662 42 is thinking
1662 16 has taken a fork
1662 198 is eating
1662 23 has taken a fork
1662 130 is sleeping
1662 25 has taken a fork
1662 39 has taken a fork
1662 20 has taken a fork
1662 12 has taken a fork
1662 32 has taken a fork
1662 141 is sleeping
1663 18 has taken a fork
1663 46 is thinking
1663 194 is eating
1663 142 is sleeping
1663 147 is sleeping
1663 2 is eating
1663 5 is eating
1663 49 is thinking
1663 144 is sleeping
1665 27 has taken a fork
1667 1 is eating
1668 29 has taken a fork
1670 7 is eating
1671 36 is thinking
1671 45 has taken a fork
1671 37 has taken a fork
1672 3 is eating
1672 35 has taken a fork
1673 9 is eating
1673 30 has taken a fork
1673 24 has taken a fork
1673 33 has taken a fork
1673 4 is eating
1673 51 is thinking
1674 50 is thinking
1674 13 is eating
1675 11 is eating
1676 17 is eating
1676 10 is eating
1677 145 is sleeping
1677 41 has taken a fork
1677 48 is thinking
1677 53 is thinking
1678 15 is eating
1678 8 is eating
1679 6 is eating
1679 19 is eating
1679 26 has taken a fork
1680 38 has taken a fork
1680 52 is thinking
1681 22 has taken a fork
1681 31 has taken a fork
1682 151 is sleeping
1682 140 is sleeping
1682 34 has taken a fork
1682 43 has taken a fork
1683 44 has taken a fork
1683 47 has taken a fork
1683 28 has taken a fork
1683 21 is eating
1683 146 is sleeping
1683 59 is thinking
1683 61 is thinking
1683 57 is thinking
1683 63 is thinking
1683 40 has taken a fork
1683 149 is sleeping
1683 14 is eating
1683 65 is thinking
1684 54 is thinking
1685 58 is thinking
1686 42 has taken a fork
1686 16 is eating
1686 68 is thinking
1686 23 is eating
1687 25 is eating
1688 39 has taken a fork
1689 20 is eating
1689 12 is eating
1689 32 has taken a fork
1690 18 is eating
1690 46 has taken a fork
1690 49 has taken a fork
1691 150 is sleeping
1691 55 is thinking
1691 155 is sleeping
1692 27 is eating
1692 153 is sleeping
1692 67 is thinking
1693 60 is thinking
1693 148 is sleeping
1694 29 is eating
1694 154 is sleeping
1694 156 is sleeping
1694 158 is sleeping
1694 152 is sleeping
1695 159 is sleeping
1695 77 is thinking
1695 64 is thinking
1696 36 has taken a fork
1696 45 has taken a fork
1696 37 has taken a fork
1696 157 is sleeping
1697 163 is sleeping
1697 71 is thinking
1698 35 is eating
1698 62 is thinking
1699 30 is eating
1699 24 is eating
1699 33 is eating
1700 51 has taken a fork
1700 50 has taken a fork
1700 161 is sleeping
1700 56 is thinking
1700 175 is sleeping
1700 73 is thinking
1700 165 is sleeping
1700 177 is sleeping
1700 168 is sleeping
1700 167 is sleeping
1700 41 is eating
1700 69 is thinking
1700 48 has taken a fork
1700 53 has taken a fork
1700 169 is sleeping
1700 75 is thinking
1700 26 is eating
1701 173 is sleeping
1702 38 is eating
1702 66 is thinking
1703 52 has taken a fork
1703 166 is sleeping
1703 22 is eating
1704 81 is thinking
1704 31 is eating
1704 74 is thinking
1705 34 has taken a fork
1705 43 has taken a fork
1705 79 is thinking
1705 44 has taken a fork
1705 76 is thinking
1705 47 has taken a fork
1705 28 is eating
1705 59 has taken a fork
1705 83 is thinking
1706 85 is thinking
1706 61 has taken a fork
1706 57 has taken a fork
1707 72 is thinking
1707 63 has taken a fork
1708 40 is eating
1708 65 has taken a fork
1709 54 has taken a fork
1709 58 has taken a fork
1710 174 is sleeping
1710 42 has taken a fork
1710 80 is thinking
1710 68 has taken a fork
1711 39 is eating
1711 176 is sleeping
1711 70 is thinking
1711 87 is thinking
1711 32 is eating
1712 162 is sleeping
1712 46 has taken a fork
1712 55 has taken a fork
1712 49 has taken a fork
1712 84 is thinking
1713 67 has taken a fork
1713 82 is thinking
1714 160 is sleeping
1715 171 is sleeping
1716 172 is sleeping
1716 60 has taken a fork
1716 179 is sleeping
1717 164 is sleeping
1717 78 is thinking
1717 170 is sleeping
1717 77 has taken a fork
1717 64 has taken a fork
1717 181 is sleeping
1717 36 has taken a fork
1718 45 is eating
1718 37 is eating
1718 71 has taken a fork
1719 62 has taken a fork
1719 180 is sleeping
1719 185 is sleeping
1719 89 is thinking
1719 178 is sleeping
1721 86 is thinking
1721 91 is thinking
1721 51 has taken a fork
1722 50 has taken a fork
1722 56 has taken a fork
1723 73 has taken a fork
1724 69 has taken a fork
1724 48 has taken a fork
1725 53 has taken a fork
1728 75 has taken a fork
1728 187 is sleeping
1729 184 is sleeping
1729 66 has taken a fork
1729 52 has taken a fork
1729 183 is sleeping
1729 94 is thinking
1729 88 is thinking
1729 81 has taken a fork
1729 74 has taken a fork
1729 34 is eating
1729 43 is eating
1729 92 is thinking
1729 79 has taken a fork
1729 44 is eating
1729 97 is thinking
1729 76 has taken a fork
1730 47 is eating
1730 59 has taken a fork
1730 83 has taken a fork
1730 85 has taken a fork
1730 61 has taken a fork
1731 57 has taken a fork
1731 72 has taken a fork
1732 63 has taken a fork
1732 182 is sleeping
1732 65 has taken a fork
1733 54 has taken a fork
1733 186 is sleeping
1733 189 is sleeping
1733 58 has taken a fork
1733 192 is sleeping
1734 42 is eating
1734 80 has taken a fork
1735 68 has taken a fork
1735 70 has taken a fork
1735 191 is sleeping
1735 87 has taken a fork
1736 46 is eating
1736 55 has taken a fork
1736 49 is eating
1736 84 has taken a fork
1736 67 has taken a fork
1736 82 has taken a fork
1736 101 is thinking
1736 99 is thinking
1736 190 is sleeping
1736 95 is thinking
1736 188 is sleeping
1736 60 has taken a fork
1736 78 has taken a fork
1736 77 has taken a fork
1736 64 has taken a fork
1736 96 is thinking
1736 36 is eating
1736 90 is thinking
1736 93 is thinking
1736 71 has taken a fork
1737 62 has taken a fork
1737 89 has taken a fork
1737 102 is thinking
1737 109 is thinking
1737 103 is thinking
1737 86 has taken a fork
1737 91 has taken a fork
1737 51 is eating
1738 50 is eating
1738 56 has taken a fork
1738 107 is thinking
1738 100 is thinking
1738 73 has taken a fork
1738 69 has taken a fork
1738 48 is eating
1738 105 is thinking
1738 197 is sleeping
1738 53 is eating
1738 104 is thinking
1739 108 is thinking
1739 111 is thinking
1739 106 is thinking
1739 125 is thinking
1739 115 is thinking
1739 98 is thinking
1739 113 is thinking
1739 119 is thinking
1740 75 has taken a fork
1740 193 is sleeping
1740 123 is thinking
1741 118 is thinking
1741 66 has taken a fork
1741 112 is thinking
1741 52 is eating
1741 94 has taken a fork
1741 88 has taken a fork
1742 81 has taken a fork
1742 74 has taken a fork
1742 92 has taken a fork
1742 79 has taken a fork
1742 97 has taken a fork
1742 76 has taken a fork
1742 59 is eating
1742 83 has taken a fork
1742 85 has taken a fork
1742 61 is eating
1742 57 is eating
1743 72 has taken a fork
1743 196 is sleeping
1743 110 is thinking
1743 117 is thinking
1743 63 is eating
1744 65 is eating
1744 195 is sleeping
1744 54 is eating
1744 58 is eating
1746 121 is thinking
1746 198 is sleeping
1746 120 is thinking
1746 80 has taken a fork
1747 2 is sleeping
1747 194 is sleeping
1747 68 is eating
1748 70 has taken a fork
1748 87 has taken a fork
1748 55 is eating
1748 84 has taken a fork
1748 67 is eating
1748 82 has taken a fork
1748 101 has taken a fork
1749 99 has taken a fork
1749 95 has taken a fork
1750 5 is sleeping
1750 60 is eating
1750 78 has taken a fork
1751 77 is eating
1751 64 is eating
1751 96 has taken a fork
1751 93 has taken a fork
1751 71 is eating
1751 90 has taken a fork
1751 62 is eating
1751 129 is thinking
1752 89 has taken a fork
1752 102 has taken a fork
1752 109 has taken a fork
1752 86 has taken a fork
1752 91 has taken a fork
1752 56 is eating
1753 73 is eating
1753 69 is eating
1753 1 is sleeping
1753 103 has taken a fork
1754 116 is thinking
1754 7 is sleeping
1754 114 is thinking
1754 107 has taken a fork
1755 75 is eating
1755 66 is eating
1755 3 is sleeping
1755 100 has taken a fork
1755 94 has taken a fork
1755 88 has taken a fork
1755 9 is sleeping
1755 4 is sleeping
1757 105 has taken a fork
1757 81 is eating
1757 74 is eating
1757 92 has taken a fork
1757 79 is eating
1758 97 has taken a fork
1758 104 has taken a fork
1758 76 is eating
1758 83 is eating
1758 85 is eating
1758 72 is eating
1758 13 is sleeping
1758 108 has taken a fork
1758 124 is thinking
1758 135 is thinking
1759 128 is thinking
1759 11 is sleeping
1760 111 has taken a fork
1760 132 is thinking
1761 10 is sleeping
1761 17 is sleeping
1762 137 is thinking
1763 133 is thinking
1763 127 is thinking
1764 106 has taken a fork
1765 125 has taken a fork
1765 80 is eating
1765 15 is sleeping
1765 6 is sleeping
1765 98 has taken a fork
1766 8 is sleeping
1766 19 is sleeping
1766 119 has taken a fork
1767 113 has taken a fork
1767 115 has taken a fork
1767 70 is eating
1769 87 is eating
1769 84 is eating
1769 82 is eating
1769 101 has taken a fork
1769 99 has taken a fork
1769 95 has taken a fork
1770 21 is sleeping
1770 14 is sleeping
1770 123 has taken a fork
1772 118 has taken a fork
1772 78 is eating
1773 96 has taken a fork
1774 93 has taken a fork
1776 90 has taken a fork
1776 16 is sleeping
1776 112 has taken a fork
1776 89 is eating
1777 122 is thinking
1777 102 has taken a fork
1778 109 has taken a fork
1778 86 is eating
1778 138 is thinking
1778 134 is thinking
1779 126 is thinking
1779 91 is eating
1779 23 is sleeping
1779 110 has taken a fork
1779 103 has taken a fork
1780 20 is sleeping
1780 12 is sleeping
1780 25 is sleeping
1780 120 has taken a fork
1780 131 is thinking
1780 117 has taken a fork
1780 121 has taken a fork
1781 107 has taken a fork
1781 18 is sleeping
1781 129 has taken a fork
1782 100 has taken a fork
1782 94 is eating
1783 88 is eating
1783 139 is thinking
1783 136 is thinking
1783 143 is thinking
1783 27 is sleeping
1783 116 has taken a fork
1783 105 has taken a fork
1783 92 is eating
1783 97 is eating
1783 29 is sleeping
1783 104 has taken a fork
1783 114 has taken a fork
1784 108 has taken a fork
1784 111 has taken a fork
1784 30 is sleeping
1784 130 is thinking
1786 124 has taken a fork
1787 141 is thinking
1787 35 is sleeping
1788 33 is sleeping
1788 142 is thinking
1788 147 is thinking
1788 144 is thinking
1788 135 has taken a fork
1788 24 is sleeping
1788 41 is sleeping
1788 26 is sleeping
1790 133 has taken a fork
1790 132 has taken a fork
1790 106 has taken a fork
1790 137 has taken a fork
1790 128 has taken a fork
1790 38 is sleeping
1790 125 has taken a fork
1790 127 has taken a fork
1790 98 has taken a fork
1790 22 is sleeping
1790 113 has taken a fork
1793 119 has taken a fork
1793 31 is sleeping
1793 115 has taken a fork
1793 28 is sleeping
1794 101 is eating
1794 99 is eating
1794 95 is eating
1794 40 is sleeping
1794 123 has taken a fork
1794 118 has taken a fork
1794 39 is sleeping
1795 96 is eating
1795 93 is eating
1795 32 is sleeping
1796 90 is eating
1796 112 has taken a fork
1797 145 is thinking
1797 122 has taken a fork
1797 102 is eating
1797 109 is eating
1797 138 has taken a fork
1797 134 has taken a fork
1798 126 has taken a fork
1798 110 has taken a fork
1798 103 is eating
1798 45 is sleeping
1798 37 is sleeping
1798 120 has taken a fork
1798 131 has taken a fork
1799 117 has taken a fork
1799 121 has taken a fork
1799 107 is eating
1799 129 has taken a fork
1800 151 is thinking
1800 140 is thinking
1801 100 is eating
1803 146 is thinking
1804 149 is thinking
1805 139 has taken a fork
1806 136 has taken a fork
1807 143 has taken a fork
1808 116 has taken a fork
1809 105 is eating
1810 104 is eating
1810 114 has taken a fork
1811 108 is eating
1812 111 is eating
1813 124 has taken a fork
1815 135 has taken a fork
1816 133 has taken a fork
1817 132 has taken a fork
1818 106 is eating
1819 137 has taken a fork
1820 128 has taken a fork
1820 125 is eating
1822 127 has taken a fork
1822 98 is eating
1822 113 is eating
1823 34 is sleeping
1823 44 is sleeping
1823 43 is sleeping
1824 155 is thinking
1824 153 is thinking
1825 150 is thinking
1825 148 is thinking
1826 119 is eating
1827 130 has taken a fork
1828 142 has taken a fork
1828 141 has taken a fork
1828 47 is sleeping
1828 115 is eating
1828 147 has taken a fork
1829 152 is thinking
1829 158 is thinking
1829 154 is thinking
1830 123 is eating
1830 118 is eating
1830 156 is thinking
1832 159 is thinking
1832 157 is thinking
1833 112 is eating
1833 163 is thinking
1833 122 has taken a fork
1833 138 has taken a fork
1833 134 has taken a fork
1834 42 is sleeping
1834 126 has taken a fork
1834 110 is eating
1834 144 has taken a fork
1834 120 is eating
1835 131 has taken a fork
1835 117 is eating
1836 129 is eating
1836 121 is eating
1836 49 is sleeping
1836 46 is sleeping
1837 167 is thinking
1837 175 is thinking
1837 165 is thinking
1837 145 has taken a fork
1837 168 is thinking
1838 151 has taken a fork
1838 177 is thinking
1838 169 is thinking
1839 161 is thinking
1840 173 is thinking
1840 166 is thinking
1840 36 is sleeping
1840 140 has taken a fork
1840 51 is sleeping
1840 146 has taken a fork
1840 139 has taken a fork
1840 50 is sleeping
1840 136 has taken a fork
1841 149 has taken a fork
1841 143 has taken a fork
1841 53 is sleeping
1842 48 is sleeping
1842 174 is thinking
1842 116 is eating
1842 114 is eating
1842 52 is sleeping
1842 176 is thinking
1843 162 is thinking
1843 57 is sleeping
1843 61 is sleeping
1843 59 is sleeping
1843 63 is sleeping
1843 124 is eating
1843 65 is sleeping
1843 160 is thinking
1843 58 is sleeping
1844 171 is thinking
1844 54 is sleeping
1844 172 is thinking
1845 179 is thinking
1845 135 is eating
1846 133 is eating
1846 68 is sleeping
1846 164 is thinking
1847 170 is thinking
1847 132 is eating
1847 181 is thinking
1848 185 is thinking
1848 178 is thinking
1850 180 is thinking
1850 55 is sleeping
1850 67 is sleeping
1850 137 is eating
1852 128 is eating
1853 127 is eating
1853 60 is sleeping
1853 64 is sleeping
1854 77 is sleeping
1854 155 has taken a fork
1854 153 has taken a fork
1854 62 is sleeping
1854 71 is sleeping
1854 150 has taken a fork
1855 148 has taken a fork
1855 56 is sleeping
1855 69 is sleeping
1855 73 is sleeping
1855 130 has taken a fork
1855 75 is sleeping
1855 142 has taken a fork
1855 141 has taken a fork
1855 187 is thinking
1855 147 has taken a fork
1855 66 is sleeping
1855 184 is thinking
1855 183 is thinking
1855 152 has taken a fork
1855 158 has taken a fork
1856 154 has taken a fork
1857 156 has taken a fork
1857 79 is sleeping
1858 81 is sleeping
1858 74 is sleeping
1858 85 is sleeping
1858 76 is sleeping
1859 83 is sleeping
1860 182 is thinking
1860 159 has taken a fork
1861 157 has taken a fork
1861 72 is sleeping
1861 163 has taken a fork
1862 122 is eating
1862 192 is thinking
1862 189 is thinking
1862 186 is thinking
1863 138 is eating
1863 134 is eating
1864 126 is eating
1864 144 has taken a fork
1864 191 is thinking
1865 131 is eating
1866 190 is thinking
1866 188 is thinking
1866 167 has taken a fork
1866 175 has taken a fork
1866 165 has taken a fork
1867 145 has taken a fork
1867 168 has taken a fork
1867 80 is sleeping
1867 197 is thinking
1867 151 has taken a fork
1868 177 has taken a fork
1868 169 has taken a fork
1868 70 is sleeping
1868 161 has taken a fork
1868 193 is thinking
1868 87 is sleeping
1868 173 has taken a fork
1868 166 has taken a fork
1868 140 has taken a fork
1868 146 has taken a fork
1868 139 is eating
1868 136 is eating
1868 82 is sleeping
1869 84 is sleeping
1869 149 has taken a fork
1869 143 is eating
1869 174 has taken a fork
1869 176 has taken a fork
1870 196 is thinking
1870 162 has taken a fork
1870 160 has taken a fork
1870 195 is thinking
1871 171 has taken a fork
1871 172 has taken a fork
1871 179 has taken a fork
1871 78 is sleeping
1871 198 is thinking
1871 164 has taken a fork
1872 2 is thinking
1873 194 is thinking
1873 170 has taken a fork
1873 181 has taken a fork
1873 89 is sleeping
1873 185 has taken a fork
1873 178 has taken a fork
1873 86 is sleeping
1873 5 is thinking
1873 180 has taken a fork
1873 91 is sleeping
1873 1 is thinking
1873 155 has taken a fork
1873 153 has taken a fork
1873 7 is thinking
1873 150 has taken a fork
1874 4 is thinking
1874 3 is thinking
1874 9 is thinking
1874 148 has taken a fork
1874 130 is eating
1874 142 is eating
1874 141 is eating
1874 187 has taken a fork
1874 147 is eating
1874 184 has taken a fork
1875 183 has taken a fork
1875 152 has taken a fork
1875 158 has taken a fork
1875 92 is sleeping
1876 94 is sleeping
1876 154 has taken a fork
1876 97 is sleeping
1876 156 has taken a fork
1876 88 is sleeping
1876 13 is thinking
1877 11 is thinking
1877 182 has taken a fork
1877 159 has taken a fork
1877 10 is thinking
1877 17 is thinking
1877 157 has taken a fork
1877 163 has taken a fork
1877 192 has taken a fork
1877 189 has taken a fork
1877 186 has taken a fork
1877 144 is eating
1877 191 has taken a fork
1877 6 is thinking
1878 15 is thinking
1878 101 is sleeping
1878 95 is sleeping
1878 99 is sleeping
1878 190 has taken a fork
1878 96 is sleeping
1879 93 is sleeping
1880 188 has taken a fork
1880 19 is thinking
1880 8 is thinking
1880 167 has taken a fork
1881 175 has taken a fork
1881 165 has taken a fork
1881 90 is sleeping
1882 102 is sleeping
1882 145 is eating
1882 109 is sleeping
1882 168 has taken a fork
1882 197 has taken a fork
1882 151 is eating
1882 177 has taken a fork
1882 103 is sleeping
1882 169 has taken a fork
1883 161 has taken a fork
1883 193 has taken a fork
1883 173 has taken a fork
1884 166 has taken a fork
1884 140 is eating
1884 146 is eating
1884 149 is eating
1884 174 has taken a fork
1885 176 has taken a fork
1885 14 is thinking
1885 107 is sleeping
1886 21 is thinking
1887 196 has taken a fork
1887 162 has taken a fork
1888 160 has taken a fork
1888 195 has taken a fork
1888 100 is sleeping
1888 171 has taken a fork
1889 172 has taken a fork
1889 179 has taken a fork
1890 198 has taken a fork
1890 164 has taken a fork
1891 2 has taken a fork
1891 170 has taken a fork
1891 194 has taken a fork
1891 181 has taken a fork
1891 185 has taken a fork
1891 178 has taken a fork
1892 5 has taken a fork
1892 180 has taken a fork
1892 1 has taken a fork
1892 155 is eating
1892 153 is eating
1892 7 has taken a fork
1892 150 is eating
1892 4 has taken a fork
1892 148 is eating
1892 187 has taken a fork
1892 184 has taken a fork
1892 152 is eating
1892 158 is eating
1892 154 is eating
1893 104 is sleeping
1893 3 has taken a fork
1893 183 has taken a fork
1893 156 is eating
1894 16 is thinking
1895 105 is sleeping
1895 9 has taken a fork
1895 108 is sleeping
1895 13 has taken a fork
1895 182 has taken a fork
1895 159 is eating
1895 157 is eating
1895 163 is eating
1895 192 has taken a fork
1895 189 has taken a fork
1895 186 has taken a fork
1895 191 has taken a fork
1895 111 is sleeping
1895 11 has taken a fork
1895 190 has taken a fork
1895 23 is thinking
1895 12 is thinking
1895 25 is thinking
1895 188 has taken a fork
1895 20 is thinking
1895 167 is eating
1895 175 is eating
1896 165 is eating
1896 106 is sleeping
1896 10 has taken a fork
1896 18 is thinking
1896 168 is eating
1896 197 has taken a fork
1897 177 is eating
1897 169 is eating
1897 27 is thinking
1897 161 is eating
1897 125 is sleeping
1897 193 has taken a fork
1897 173 is eating
1897 30 is thinking
1897 17 has taken a fork
1897 166 is eating
1897 29 is thinking
1897 174 is eating
1897 113 is sleeping
1898 176 is eating
1898 98 is sleeping
1898 15 has taken a fork
1898 6 has taken a fork
1898 119 is sleeping
1898 19 has taken a fork
1899 196 has taken a fork
1899 35 is thinking
1899 162 is eating
1900 33 is thinking
1900 115 is sleeping
1900 8 has taken a fork
1900 160 is eating
1901 24 is thinking
1902 41 is thinking
1902 195 has taken a fork
1902 171 is eating
1903 26 is thinking
1904 172 is eating
1904 179 is eating
1904 118 is sleeping
1904 14 has taken a fork
1904 22 is thinking
1905 123 is sleeping
1906 198 has taken a fork
1907 21 has taken a fork
1907 164 is eating
1907 38 is thinking
1907 170 is eating
1909 194 has taken a fork
1909 181 is eating
1909 185 is eating
1910 2 has taken a fork
1910 178 is eating
1910 5 has taken a fork
1911 180 is eating
1911 1 has taken a fork
1911 7 has taken a fork
1911 4 has taken a fork
1912 187 is eating
1912 184 is eating
1912 112 is sleeping
1912 3 has taken a fork
1914 28 is thinking
1914 183 is eating
1915 31 is thinking
1915 120 is sleeping
1915 110 is sleeping
1916 40 is thinking
1918 39 is thinking
1918 16 has taken a fork
1919 121 is sleeping
1919 117 is sleeping
1921 32 is thinking
1922 9 has taken a fork
1923 13 has taken a fork
1923 182 is eating
1923 192 is eating
1924 189 is eating
1924 186 is eating
1924 191 is eating
1924 11 has taken a fork
1925 190 is eating
1925 23 has taken a fork
1925 12 has taken a fork
1925 25 has taken a fork
1925 188 is eating
1925 20 has taken a fork
1925 10 has taken a fork
1925 129 is sleeping
1925 18 has taken a fork
1926 197 is eating
1926 193 is eating
1926 17 has taken a fork
1927 15 has taken a fork
1928 6 has taken a fork
1928 19 has taken a fork
1928 37 is thinking
1930 45 is thinking
1930 196 is eating
1931 114 is sleeping
1931 116 is sleeping
1931 27 has taken a fork
1931 30 has taken a fork
1931 8 has taken a fork
1931 195 is eating
1931 124 is sleeping
1932 29 has taken a fork
1932 14 has taken a fork
1933 135 is sleeping
1933 133 is sleeping
1933 33 has taken a fork
1934 132 is sleeping
1935 24 has taken a fork
1937 198 is eating
1939 35 has taken a fork
1939 21 has taken a fork
1939 137 is sleeping
1939 128 is sleeping
1939 194 is eating
1939 41 has taken a fork
1939 26 has taken a fork
1939 127 is sleeping
1939 22 has taken a fork
1940 2 is eating
1940 5 is eating
1940 1 is eating
1942 7 is eating
1943 4 is eating
1943 3 is eating
1943 16 has taken a fork
1943 122 is sleeping
1943 138 is sleeping
1944 134 is sleeping
1944 38 has taken a fork
1944 28 has taken a fork
1944 31 has taken a fork
1944 126 is sleeping
1945 9 is eating
1947 40 has taken a fork
1947 13 is eating
1948 131 is sleeping
1948 34 is thinking
1948 39 has taken a fork
1948 43 is thinking
1948 44 is thinking
1948 11 is eating
1952 23 has taken a fork
1952 12 has taken a fork
1953 25 has taken a fork
1953 20 has taken a fork
1953 10 is eating
1953 18 has taken a fork
1953 139 is sleeping
1953 136 is sleeping
1953 143 is sleeping
1954 32 has taken a fork
1955 17 is eating
1955 15 is eating
1956 6 is eating
1956 47 is thinking
1956 19 is eating
1956 37 has taken a fork
1956 45 has taken a fork
1956 27 has taken a fork
1956 30 has taken a fork
1956 8 is eating
1956 29 has taken a fork
1956 14 is eating
1956 33 has taken a fork
1956 147 is sleeping
1956 142 is sleeping
1956 141 is sleeping
1956 130 is sleeping
1956 42 is thinking
1956 24 has taken a fork
1956 49 is thinking
1956 46 is thinking
1956 144 is sleeping
1956 35 has taken a fork
1958 21 is eating
1959 41 has taken a fork
1961 26 has taken a fork
1962 22 has taken a fork
1962 50 is thinking
1963 36 is thinking
1963 51 is thinking
1963 151 is sleeping
1964 145 is sleeping
1964 53 is thinking
1965 48 is thinking
1965 63 is thinking
1966 52 is thinking
1967 59 is thinking
1969 61 is thinking
1971 16 is eating
1971 140 is sleeping
1971 38 has taken a fork
1972 28 has taken a fork
1972 31 has taken a fork
1973 54 is thinking
1974 57 is thinking
1974 58 is thinking
1975 65 is thinking
1975 146 is sleeping
1975 149 is sleeping
1975 68 is thinking
1975 40 has taken a fork
1976 34 has taken a fork
1976 39 has taken a fork
1976 43 has taken a fork
1976 44 has taken a fork
1976 67 is thinking
1977 55 is thinking
1978 23 is eating
1978 12 is eating
1978 64 is thinking
1978 25 is eating
1978 20 is eating
1978 60 is thinking
1978 18 is eating
1981 32 has taken a fork
1981 71 is thinking
1982 62 is thinking
1982 77 is thinking
1982 75 is thinking
1982 66 is thinking
1983 73 is thinking
1983 56 is thinking
1983 69 is thinking
1983 47 has taken a fork
1984 37 has taken a fork
1984 45 has taken a fork
1984 27 is eating
1984 30 is eating
1985 29 is eating
1985 33 is eating
1985 42 has taken a fork
1986 24 is eating
1987 49 has taken a fork
1988 46 has taken a fork
1988 35 is eating
1989 79 is thinking
1989 74 is thinking
1989 81 is thinking
1989 155 is sleeping
1989 153 is sleeping
1990 150 is sleeping
1990 148 is sleeping
1990 83 is thinking
1990 85 is thinking
1991 76 is thinking
1992 41 is eating
1993 158 is sleeping
1993 72 is thinking
1993 154 is sleeping
1993 152 is sleeping
1993 26 is eating
1993 156 is sleeping
1993 22 is eating
1993 50 has taken a fork
1994 36 has taken a fork
1994 51 has taken a fork
1994 157 is sleeping
1994 159 is sleeping
1994 163 is sleeping
1994 53 has taken a fork
1994 48 has taken a fork
1994 63 has taken a fork
1994 175 is sleeping
1994 167 is sleeping
1995 52 has taken a fork
1995 168 is sleeping
1995 80 is thinking
1995 165 is sleeping
1995 59 has taken a fork
1996 161 is sleeping
1996 70 is thinking
1996 87 is thinking
1996 169 is sleeping
1996 84 is thinking
1996 173 is sleeping
1996 82 is thinking
1996 177 is sleeping
1996 166 is sleeping
1996 61 has taken a fork
1996 174 is sleeping
1996 176 is sleeping
1997 162 is sleeping
1997 78 is thinking
1997 38 is eating
1998 160 is sleeping
1998 28 is eating
1998 31 is eating
1998 171 is sleeping
1998 54 has taken a fork
1998 91 is thinking
1998 89 is thinking
1999 86 is thinking
1999 57 has taken a fork
1999 58 has taken a fork
1999 65 has taken a fork
1999 179 is sleeping
1999 92 is thinking
1999 172 is sleeping
1999 68 has taken a fork
1999 40 is eating
1999 94 is thinking
2000 88 is thinking
2000 97 is thinking
2001 34 has taken a fork
2001 39 is eating
2001 43 has taken a fork
2001 44 has taken a fork
2001 67 has taken a fork
2001 164 is sleeping
2002 170 is sleeping
2002 55 has taken a fork
2002 95 is thinking
2002 101 is thinking
2002 99 is thinking
2002 96 is thinking
2003 181 is sleeping
2003 64 has taken a fork
2003 60 has taken a fork
2003 178 is sleeping
2004 185 is sleeping
2004 93 is thinking
2004 90 is thinking
2005 180 is sleeping
2005 32 is eating
2005 71 has taken a fork
2005 109 is thinking
2005 62 has taken a fork
2005 103 is thinking
2005 77 has taken a fork
2005 75 has taken a fork
2005 102 is thinking
2005 66 has taken a fork
2005 73 has taken a fork
2005 56 has taken a fork
2005 69 has taken a fork
2005 47 has taken a fork
2005 184 is sleeping
2005 187 is sleeping
2005 37 is eating
2005 45 is eating
2005 107 is thinking
2006 183 is sleeping
2006 42 has taken a fork
2006 49 has taken a fork
2006 100 is thinking
2006 46 has taken a fork
2006 79 has taken a fork
2006 74 has taken a fork
2006 81 has taken a fork
2006 83 has taken a fork
2007 85 has taken a fork
2007 76 has taken a fork
2007 182 is sleeping
2007 186 is sleeping
2007 189 is sleeping
2007 192 is sleeping
2007 104 is thinking
2007 72 has taken a fork
2007 50 has taken a fork
2007 36 has taken a fork
2007 191 is sleeping
2007 51 has taken a fork
2008 53 has taken a fork
2008 48 has taken a fork
2008 63 has taken a fork
2008 111 is thinking
2008 52 has taken a fork
2009 108 is thinking
2009 105 is thinking
2009 80 has taken a fork
2009 59 has taken a fork
2009 106 is thinking
2010 188 is sleeping
2010 70 has taken a fork
2010 87 has taken a fork
2010 190 is sleeping
2010 84 has taken a fork
2010 82 has taken a fork
2010 61 has taken a fork
2010 193 is sleeping
2010 197 is sleeping
2010 125 is thinking
2010 113 is thinking
2011 78 has taken a fork
2011 119 is thinking
2011 98 is thinking
2011 54 has taken a fork
2011 91 has taken a fork
2011 89 has taken a fork
2011 86 has taken a fork
2011 57 has taken a fork
2011 58 has taken a fork
2011 65 has taken a fork
2011 92 has taken a fork
2011 68 has taken a fork
2011 94 has taken a fork
2011 88 has taken a fork
2011 196 is sleeping
2011 97 has taken a fork
2011 115 is thinking
2011 34 is eating
2011 43 is eating
2011 44 is eating
2011 195 is sleeping
2011 67 has taken a fork
2011 55 has taken a fork
2011 95 has taken a fork
2011 101 has taken a fork
2011 99 has taken a fork
2011 96 has taken a fork
2012 64 has taken a fork
2012 60 has taken a fork
2012 198 is sleeping
2013 93 has taken a fork
2013 118 is thinking
2013 71 has taken a fork
2014 123 is thinking
2014 62 has taken a fork
2014 77 has taken a fork
2014 75 has taken a fork
2014 66 has taken a fork
2014 73 has taken a fork
2014 56 has taken a fork
2014 69 has taken a fork
2014 47 is eating
2014 194 is sleeping
2014 90 has taken a fork
2015 42 is eating
2015 49 is eating
2015 46 is eating
2015 79 has taken a fork
2015 74 has taken a fork
2016 81 has taken a fork
2016 83 has taken a fork
2016 1 is sleeping
2016 109 has taken a fork
2017 5 is sleeping
2017 103 has taken a fork
2017 85 has taken a fork
2018 2 is sleeping
2018 76 has taken a fork
2018 102 has taken a fork
2018 72 has taken a fork
2018 50 is eating
2018 36 is eating
2018 51 is eating
2019 53 is eating
2019 7 is sleeping
2019 107 has taken a fork
2019 48 is eating
2020 63 is eating
2020 52 is eating
2020 80 has taken a fork
2020 4 is sleeping
2020 59 is eating
2020 100 has taken a fork
2020 70 has taken a fork
2020 3 is sleeping
2021 104 has taken a fork
2021 87 has taken a fork
2022 84 has taken a fork
2022 82 has taken a fork
2022 61 is eating
2022 78 has taken a fork
2022 54 is eating
2022 91 has taken a fork
2022 89 has taken a fork
2022 86 has taken a fork
2022 57 is eating
2022 58 is eating
2022 9 is sleeping
2022 111 has taken a fork
2022 65 is eating
2022 92 has taken a fork
2023 68 is eating
2023 94 has taken a fork
2023 88 has taken a fork
2023 97 has taken a fork
2023 67 is eating
2023 55 is eating
2023 95 has taken a fork
2023 101 has taken a fork
2023 99 has taken a fork
2024 96 has taken a fork
2024 112 is thinking
2024 13 is sleeping
2024 64 is eating
2024 108 has taken a fork
2024 60 is eating
2025 93 has taken a fork
2025 11 is sleeping
2026 106 has taken a fork
2026 71 is eating
2026 62 is eating
2026 77 is eating
2026 75 is eating
2026 66 is eating
2026 73 is eating
2026 56 is eating
2026 69 is eating
2026 90 has taken a fork
2026 120 is thinking
2026 110 is thinking
2027 79 is eating
2027 74 is eating
2027 81 is eating
2027 83 is eating
2027 109 has taken a fork
2028 103 has taken a fork
2028 85 is eating
2028 76 is eating
2030 102 has taken a fork
2030 72 is eating
2030 10 is sleeping
2031 125 has taken a fork
2031 121 is thinking
2031 107 has taken a fork
2031 15 is sleeping
2031 17 is sleeping
2031 113 has taken a fork
2031 80 is eating
2031 105 has taken a fork
2031 100 has taken a fork
2031 117 is thinking
2031 70 is eating
2031 104 has taken a fork
2032 6 is sleeping
2032 87 is eating
2032 119 has taken a fork
2032 19 is sleeping
2032 84 is eating
2032 98 has taken a fork
2032 82 is eating
2032 78 is eating
2032 91 is eating
2032 89 is eating
2033 86 is eating
2033 111 has taken a fork
2033 8 is sleeping
2033 115 has taken a fork
2034 92 is eating
2034 94 is eating
2035 88 is eating
2035 97 is eating
2035 95 is eating
2035 101 is eating
2036 14 is sleeping
2036 99 is eating
2037 96 is eating
2037 21 is sleeping
2038 123 has taken a fork
2038 108 has taken a fork
2038 93 is eating
2042 129 is thinking
2043 118 has taken a fork
2044 106 has taken a fork
2044 90 is eating
2044 109 is eating
2044 103 is eating
2044 102 is eating
2044 124 is thinking
2044 125 has taken a fork
2044 116 is thinking
2045 114 is thinking
2045 107 is eating
2046 113 has taken a fork
2047 105 has taken a fork
2048 100 is eating
2048 104 is eating
2048 119 has taken a fork
2049 98 has taken a fork
2049 133 is thinking
2049 111 is eating
2050 16 is sleeping
2050 112 has taken a fork
2050 135 is thinking
2050 115 has taken a fork
2050 132 is thinking
2051 20 is sleeping
2051 12 is sleeping
2051 25 is sleeping
2052 23 is sleeping
2052 120 has taken a fork
2052 110 has taken a fork
2052 121 has taken a fork
2053 123 has taken a fork
2054 108 is eating
2054 18 is sleeping
2054 117 has taken a fork
2055 128 is thinking
2055 137 is thinking
2056 127 is thinking
2056 27 is sleeping
2057 30 is sleeping
2058 129 has taken a fork
2059 122 is thinking
2059 138 is thinking
2059 118 has taken a fork
2059 29 is sleeping
2060 134 is thinking
2060 106 is eating
2060 126 is thinking
2061 124 has taken a fork
2062 125 is eating
2062 116 has taken a fork
2063 33 is sleeping
2063 114 has taken a fork
2063 113 is eating
2064 24 is sleeping
2065 105 is eating
2066 35 is sleeping
2067 131 is thinking
2067 119 is eating
2068 98 is eating
2068 133 has taken a fork
2068 112 has taken a fork
2068 135 has taken a fork
2069 115 is eating
2070 132 has taken a fork
2070 41 is sleeping
2072 26 is sleeping
2072 22 is sleeping
2073 120 has taken a fork
2073 110 has taken a fork
2074 139 is thinking
2074 121 has taken a fork
2075 143 is thinking
2075 136 is thinking
2075 123 is eating
2075 117 has taken a fork
2075 128 has taken a fork
2075 137 has taken a fork
2075 147 is thinking
2075 144 is thinking
2075 142 is thinking
2076 127 has taken a fork
2076 141 is thinking
2076 130 is thinking
2076 129 has taken a fork
2076 118 is eating
2076 38 is sleeping
2076 122 has taken a fork
2076 28 is sleeping
2076 138 has taken a fork
2077 31 is sleeping
2077 134 has taken a fork
2077 124 has taken a fork
2077 40 is sleeping
2078 126 has taken a fork
2078 116 has taken a fork
2079 39 is sleeping
2080 151 is thinking
2081 114 has taken a fork
2083 145 is thinking
2083 32 is sleeping
2084 131 has taken a fork
2084 37 is sleeping
2085 45 is sleeping
2085 133 has taken a fork
2086 112 is eating
2086 135 has taken a fork
2087 132 has taken a fork
2087 140 is thinking
2088 120 is eating
2088 110 is eating
2088 139 has taken a fork
2088 121 is eating
2088 146 is thinking
2089 143 has taken a fork
2089 149 is thinking
2090 136 has taken a fork
2092 117 is eating
2093 128 has taken a fork
2093 137 has taken a fork
2093 127 has taken a fork
2093 129 is eating
2093 122 has taken a fork
2094 138 has taken a fork
2094 134 has taken a fork
2094 124 is eating
2095 126 has taken a fork
2095 116 is eating
2095 43 is sleeping
2096 44 is sleeping
2096 34 is sleeping
2096 147 has taken a fork
2096 144 has taken a fork
2096 142 has taken a fork
2099 114 is eating
2099 131 has taken a fork
2099 47 is sleeping
2100 141 has taken a fork
2100 133 is eating
2100 49 is sleeping
2100 46 is sleeping
2100 42 is sleeping
2103 130 has taken a fork
2103 151 has taken a fork
2103 135 is eating
2104 132 is eating
2104 145 has taken a fork
2104 139 has taken a fork
2104 143 has taken a fork
2104 155 is thinking
2104 153 is thinking
2104 150 is thinking
2104 136 has taken a fork
2104 50 is sleeping
2104 148 is thinking
2104 140 has taken a fork
2105 36 is sleeping
2105 51 is sleeping
2105 149 has taken a fork
2105 146 has taken a fork
2106 48 is sleeping
2106 53 is sleeping
2106 128 is eating
2106 63 is sleeping
2106 156 is thinking
2106 158 is thinking
2106 52 is sleeping
2106 152 is thinking
2106 154 is thinking
2106 137 is eating
2106 127 is eating
2106 122 is eating
2106 138 is eating
2106 163 is thinking
2107 167 is thinking
2107 59 is sleeping
2107 159 is thinking
2107 175 is thinking
2107 157 is thinking
2107 134 is eating
2108 126 is eating
2108 168 is thinking
2108 165 is thinking
2108 173 is thinking
2108 169 is thinking
2108 147 has taken a fork
2108 144 has taken a fork
2108 61 is sleeping
2108 166 is thinking
2109 161 is thinking
2109 176 is thinking
2109 142 has taken a fork
2109 174 is thinking
2109 177 is thinking
2110 171 is thinking
2110 160 is thinking
2110 58 is sleeping
2110 54 is sleeping
2111 68 is sleeping
2111 172 is thinking
2111 179 is thinking
2111 65 is sleeping
2111 162 is thinking
2113 57 is sleeping
2113 131 is eating
2113 55 is sleeping
2113 141 has taken a fork
2113 67 is sleeping
2113 64 is sleeping
2113 164 is thinking
2114 60 is sleeping
2114 170 is thinking
2114 178 is thinking
2114 181 is thinking
2114 130 has taken a fork
2115 151 has taken a fork
2115 62 is sleeping
2115 71 is sleeping
2115 185 is thinking
2115 66 is sleeping
2115 75 is sleeping
2115 145 has taken a fork
2117 77 is sleeping
2117 139 is eating
2117 143 is eating
2117 155 has taken a fork
2117 153 has taken a fork
2117 150 has taken a fork
2117 136 is eating
2117 148 has taken a fork
2117 140 has taken a fork
2118 184 is thinking
2118 69 is sleeping
2118 73 is sleeping
2119 187 is thinking
2119 180 is thinking
2119 56 is sleeping
2120 149 has taken a fork
2120 146 has taken a fork
2120 183 is thinking
2120 156 has taken a fork
2120 158 has taken a fork
2120 152 has taken a fork
2120 154 has taken a fork
2121 163 has taken a fork
2121 189 is thinking
2121 186 is thinking
2121 182 is thinking
2121 167 has taken a fork
2121 192 is thinking
2121 159 has taken a fork
2121 191 is thinking
2122 175 has taken a fork
2122 157 has taken a fork
2122 81 is sleeping
2122 168 has taken a fork
2123 165 has taken a fork
2123 173 has taken a fork
2123 74 is sleeping
2123 169 has taken a fork
2123 79 is sleeping
2123 147 is eating
2123 144 is eating
2123 166 has taken a fork
2123 83 is sleeping
2123 161 has taken a fork
2124 85 is sleeping
2124 176 has taken a fork
2125 142 is eating
2125 174 has taken a fork
2125 177 has taken a fork
2125 76 is sleeping
2125 193 is thinking
2125 190 is thinking
2125 171 has taken a fork
2125 188 is thinking
2125 197 is thinking
2126 160 has taken a fork
2126 196 is thinking
2126 172 has taken a fork
2126 179 has taken a fork
2126 162 has taken a fork
2126 72 is sleeping
2126 198 is thinking
2127 80 is sleeping
2128 195 is thinking
2128 141 is eating
2128 164 has taken a fork
2129 194 is thinking
2129 84 is sleeping
2129 70 is sleeping
2129 87 is sleeping
2129 82 is sleeping
2129 170 has taken a fork
2129 178 has taken a fork
2129 181 has taken a fork
2130 91 is sleeping
2130 130 is eating
2130 89 is sleeping
2131 78 is sleeping
2131 151 is eating
2131 185 has taken a fork
2131 1 is thinking
2131 86 is sleeping
2131 145 is eating
2131 94 is sleeping
2131 5 is thinking
2132 92 is sleeping
2132 155 has taken a fork
2132 153 has taken a fork
2132 150 has taken a fork
2132 148 has taken a fork
2132 140 is eating
2132 88 is sleeping
2133 184 has taken a fork
2133 97 is sleeping
2133 2 is thinking
2133 187 has taken a fork
2133 101 is sleeping
2133 95 is sleeping
2133 180 has taken a fork
2134 7 is thinking
2134 99 is sleeping
2134 3 is thinking
2134 149 is eating
2135 96 is sleeping
2135 4 is thinking
2135 146 is eating
2135 183 has taken a fork
2136 156 has taken a fork
2136 158 has taken a fork
2136 152 has taken a fork
2136 154 has taken a fork
2136 163 has taken a fork
2136 93 is sleeping
2136 189 has taken a fork
2136 186 has taken a fork
2136 182 has taken a fork
2136 167 has taken a fork
2136 192 has taken a fork
2136 159 has taken a fork
2137 191 has taken a fork
2137 175 has taken a fork
2137 9 is thinking
2137 157 has taken a fork
2137 168 has taken a fork
2137 165 has taken a fork
2137 173 has taken a fork
2137 169 has taken a fork
2137 166 has taken a fork
2137 161 has taken a fork
2137 13 is thinking
2137 176 has taken a fork
2137 90 is sleeping
2137 174 has taken a fork
2138 177 has taken a fork
2138 193 has taken a fork
2138 190 has taken a fork
2138 11 is thinking
2138 171 has taken a fork
2138 188 has taken a fork
2138 197 has taken a fork
2138 103 is sleeping
2138 102 is sleeping
2138 160 has taken a fork
2139 196 has taken a fork
2139 172 has taken a fork
2140 162 has taken a fork
2140 179 has taken a fork
2140 109 is sleeping
2140 198 has taken a fork
2141 195 has taken a fork
2141 107 is sleeping
2142 164 has taken a fork
2142 194 has taken a fork
2142 100 is sleeping
2143 104 is sleeping
2143 170 has taken a fork
2143 178 has taken a fork
2143 181 has taken a fork
2143 111 is sleeping
2143 10 is thinking
2143 15 is thinking
2143 17 is thinking
2143 185 has taken a fork
2143 1 has taken a fork
2143 5 has taken a fork
2144 19 is thinking
2144 6 is thinking
2145 155 is eating
2145 153 is eating
2145 150 is eating
2145 148 is eating
2145 8 is thinking
2146 108 is sleeping
2146 184 has taken a fork
2146 2 has taken a fork
2146 187 has taken a fork
2146 180 has taken a fork
2146 7 has taken a fork
2146 3 has taken a fork
2146 4 has taken a fork
2147 183 has taken a fork
2147 14 is thinking
2147 156 is eating
2147 158 is eating
2147 152 is eating
2147 154 is eating
2147 163 is eating
2147 189 has taken a fork
2147 186 has taken a fork
2147 182 has taken a fork
2148 167 is eating
2148 192 has taken a fork
2148 159 is eating
2148 21 is thinking
2148 191 has taken a fork
2148 175 is eating
2148 9 has taken a fork
2149 106 is sleeping
2149 157 is eating
2150 168 is eating
2151 165 is eating
2151 173 is eating
2151 169 is eating
2152 166 is eating
2152 161 is eating
2152 13 has taken a fork
2153 176 is eating
2153 174 is eating
2153 177 is eating
2153 193 has taken a fork
2153 190 has taken a fork
2153 11 has taken a fork
2154 171 is eating
2154 188 has taken a fork
2154 197 has taken a fork
2155 160 is eating
2155 196 has taken a fork
2155 172 is eating
2155 162 is eating
2155 125 is sleeping
2155 179 is eating
2159 198 has taken a fork
2159 195 has taken a fork
2159 113 is sleeping
2159 164 is eating
2159 194 has taken a fork
2159 105 is sleeping
2159 170 is eating
2159 178 is eating
2160 181 is eating
2161 10 has taken a fork
2161 15 has taken a fork
2162 17 has taken a fork
2163 185 is eating
2163 1 has taken a fork
2163 5 has taken a fork
2163 119 is sleeping
2164 19 has taken a fork
2164 98 is sleeping
2164 6 has taken a fork
2164 115 is sleeping
2164 8 has taken a fork
2165 184 is eating
2166 2 has taken a fork
2167 187 is eating
2167 180 is eating
2167 7 has taken a fork
2167 3 has taken a fork
2167 4 has taken a fork
2167 183 is eating
2167 189 is eating
2167 186 is eating
2167 182 is eating
2167 192 is eating
2167 191 is eating
2167 9 has taken a fork
2167 123 is sleeping
2167 14 has taken a fork
2167 12 is thinking
2167 16 is thinking
2167 20 is thinking
2167 23 is thinking
2167 118 is sleeping
2167 25 is thinking
2167 21 has taken a fork
2167 13 has taken a fork
2167 193 is eating
2167 190 is eating
2167 11 has taken a fork
2167 18 is thinking
2167 188 is eating
2167 197 is eating
2167 196 is eating
2167 27 is thinking
2167 30 is thinking
2167 29 is thinking
2167 198 is eating
2169 195 is eating
2170 194 is eating
2170 112 is sleeping
2170 10 has taken a fork
2171 15 has taken a fork
2171 17 has taken a fork
2171 120 is sleeping
2171 121 is sleeping
2171 110 is sleeping
2171 1 is eating
2171 5 is eating
2171 33 is thinking
2171 19 has taken a fork
2171 6 has taken a fork
2171 8 has taken a fork
2172 117 is sleeping
2172 24 is thinking
2172 35 is thinking
2173 2 is eating
2173 7 is eating
2174 3 is eating
2174 4 is eating
2174 9 is eating
2174 14 has taken a fork
2174 12 has taken a fork
2175 16 has taken a fork
2175 20 has taken a fork
2176 23 has taken a fork
2177 25 has taken a fork
2177 21 has taken a fork
2177 13 is eating
2177 11 is eating
2177 129 is sleeping
2177 18 has taken a fork
2178 124 is sleeping
2178 27 has taken a fork
2178 41 is thinking
2179 116 is sleeping
2179 30 has taken a fork
2179 10 is eating
2180 15 is eating
2180 17 is eating
2180 19 is eating
2181 6 is eating
2181 8 is eating
2181 114 is sleeping
2181 26 is thinking
2182 29 has taken a fork
2182 22 is thinking
2182 14 is eating
2182 12 has taken a fork
2183 133 is sleeping
2183 33 has taken a fork
2183 16 has taken a fork
2183 20 has taken a fork
2183 38 is thinking
2183 28 is thinking
2183 23 has taken a fork
2183 25 has taken a fork
2183 21 is eating
2183 40 is thinking
2183 132 is sleeping
2184 31 is thinking
2185 24 has taken a fork
2185 135 is sleeping
2185 35 has taken a fork
2185 18 has taken a fork
2185 27 has taken a fork
2185 30 has taken a fork
2185 39 is thinking
2187 128 is sleeping
2187 127 is sleeping
2187 26 has taken a fork
2187 41 has taken a fork
2188 29 has taken a fork
2188 137 is sleeping
2189 22 has taken a fork
2189 12 is eating
2189 33 has taken a fork
2189 16 is eating
2189 20 is eating
2189 122 is sleeping
2190 32 is thinking
2191 23 is eating
2191 38 has taken a fork
2191 25 is eating
2192 138 is sleeping
2192 28 has taken a fork
2192 134 is sleeping
2193 37 is thinking
2193 40 has taken a fork
2193 24 has taken a fork
2193 126 is sleeping
2193 31 has taken a fork
2193 45 is thinking
2194 35 has taken a fork
2195 18 is eating
2195 27 is eating
2195 30 is eating
2195 26 has taken a fork
2195 41 has taken a fork
2195 29 is eating
2196 22 has taken a fork
2197 33 is eating
2197 131 is sleeping
2197 39 has taken a fork
2199 38 has taken a fork
2199 28 has taken a fork
2199 40 has taken a fork
2200 24 is eating
2200 31 has taken a fork
2201 35 is eating
2201 26 is eating
2202 43 is thinking
2202 41 is eating
2202 139 is sleeping
2203 44 is thinking
2203 136 is sleeping
2204 37 has taken a fork
2204 45 has taken a fork
2205 143 is sleeping
2205 22 is eating
2205 32 has taken a fork
2206 34 is thinking
2207 39 has taken a fork
2207 38 is eating
2207 28 is eating
2208 40 is eating
2208 47 is thinking
2208 46 is thinking
2208 49 is thinking
2208 31 is eating
2209 42 is thinking
2209 144 is sleeping
2209 147 is sleeping
2209 43 has taken a fork
2209 142 is sleeping
2209 44 has taken a fork
2210 50 is thinking
2210 37 has taken a fork
2210 45 has taken a fork
2210 51 is thinking
2210 36 is thinking
2210 32 has taken a fork
2211 48 is thinking
2211 63 is thinking
2211 53 is thinking
2212 52 is thinking
2212 34 has taken a fork
2212 59 is thinking
2212 39 is eating
2212 141 is sleeping
2212 47 has taken a fork
2213 130 is sleeping
2215 61 is thinking
2215 46 has taken a fork
2215 145 is sleeping
2215 49 has taken a fork
2215 151 is sleeping
2215 42 has taken a fork
2216 43 has taken a fork
2216 44 has taken a fork
2217 58 is thinking
2217 37 is eating
2218 54 is thinking
2218 45 is eating
2219 32 is eating
2219 65 is thinking
2219 140 is sleeping
2219 50 has taken a fork
2220 68 is thinking
2221 34 has taken a fork
2221 47 has taken a fork
2222 64 is thinking
2223 67 is thinking
2223 55 is thinking
2223 146 is sleeping
2223 51 has taken a fork
2223 57 is thinking
2224 149 is sleeping
2224 36 has taken a fork
2225 60 is thinking
2225 46 has taken a fork
2225 49 has taken a fork
2226 66 is thinking
2226 75 is thinking
2226 62 is thinking
2226 71 is thinking
2226 42 has taken a fork
2227 43 is eating
2227 44 is eating
2227 77 is thinking
2227 69 is thinking
2227 73 is thinking
2228 56 is thinking
2228 50 has taken a fork
2228 34 is eating
2228 47 is eating
2228 81 is thinking
2228 83 is thinking
2229 79 is thinking
2229 74 is thinking
2229 51 has taken a fork
2229 85 is thinking
2229 36 has taken a fork
2229 155 is sleeping
2230 153 is sleeping
2230 48 has taken a fork
2230 63 has taken a fork
2230 150 is sleeping
2230 53 has taken a fork
2230 148 is sleeping
2230 76 is thinking
2230 46 is eating
2230 49 is eating
2231 52 has taken a fork
2231 72 is thinking
2231 154 is sleeping
2231 59 has taken a fork
2231 158 is sleeping
2233 61 has taken a fork
2233 152 is sleeping
2233 58 has taken a fork
2233 42 is eating
2234 156 is sleeping
2234 163 is sleeping
2234 80 is thinking
2234 65 has taken a fork
2234 54 has taken a fork
2234 167 is sleeping
2234 175 is sleeping
2234 159 is sleeping
2234 67 has taken a fork
2234 50 is eating
2235 157 is sleeping
2235 55 has taken a fork
2235 68 has taken a fork
2236 64 has taken a fork
2236 84 is thinking
2236 87 is thinking
2237 168 is sleeping
2237 70 is thinking
2237 82 is thinking
2238 57 has taken a fork
2238 51 is eating
2238 36 is eating
2238 166 is sleeping
2238 89 is thinking
2238 165 is sleeping
2238 91 is thinking
2238 169 is sleeping
2238 48 has taken a fork
2238 63 has taken a fork
2238 66 has taken a fork
2238 53 has taken a fork
2238 75 has taken a fork
2238 60 has taken a fork
2239 173 is sleeping
2239 62 has taken a fork
2239 86 is thinking
2239 176 is sleeping
2239 78 is thinking
2239 177 is sleeping
2239 77 has taken a fork
2239 174 is sleeping
2239 161 is sleeping
2240 73 has taken a fork
2240 69 has taken a fork
2240 71 has taken a fork
2240 52 has taken a fork
2240 94 is thinking
2240 59 has taken a fork
2240 171 is sleeping
2240 88 is thinking
2240 92 is thinking
2240 56 has taken a fork
2241 162 is sleeping
2242 61 has taken a fork
2242 58 has taken a fork
2242 95 is thinking
2242 101 is thinking
2242 160 is sleeping
2242 81 has taken a fork
2243 172 is sleeping
2243 97 is thinking
2243 179 is sleeping
2243 83 has taken a fork
2243 79 has taken a fork
2243 74 has taken a fork
2243 99 is thinking
2243 65 has taken a fork
2244 54 has taken a fork
2244 67 has taken a fork
2244 96 is thinking
2244 55 has taken a fork
2245 68 has taken a fork
2245 93 is thinking
2245 64 has taken a fork
2245 164 is sleeping
2245 85 has taken a fork
2245 178 is sleeping
2245 90 is thinking
2245 170 is sleeping
2245 72 has taken a fork
2245 181 is sleeping
2246 76 has taken a fork
2246 80 has taken a fork
2246 57 has taken a fork
2246 103 is thinking
2246 102 is thinking
2246 48 is eating
2246 63 is eating
2246 66 has taken a fork
2246 53 is eating
2247 75 has taken a fork
2248 60 has taken a fork
2248 185 is sleeping
2248 84 has taken a fork
2248 62 has taken a fork
2248 77 has taken a fork
2248 73 has taken a fork
2249 109 is thinking
2249 69 has taken a fork
2249 71 has taken a fork
2249 52 is eating
2250 59 is eating
2250 56 has taken a fork
2250 107 is thinking
2250 184 is sleeping
2250 61 is eating
2250 58 is eating
2251 87 has taken a fork
2251 100 is thinking
2251 81 has taken a fork
2251 104 is thinking
2251 187 is sleeping
2252 70 has taken a fork
2252 111 is thinking
2252 83 has taken a fork
2252 180 is sleeping
2252 79 has taken a fork
2252 74 has taken a fork
2253 82 has taken a fork
2253 65 is eating
2253 182 is sleeping
2253 186 is sleeping
2253 54 is eating
2254 89 has taken a fork
2254 189 is sleeping
2254 191 is sleeping
2254 86 has taken a fork
2254 67 is eating
2254 91 has taken a fork
2254 192 is sleeping
2254 94 has taken a fork
2254 78 has taken a fork
2254 183 is sleeping
2255 88 has taken a fork
2255 55 is eating
2255 68 is eating
2255 64 is eating
2255 85 has taken a fork
2256 72 has taken a fork
2256 197 is sleeping
2256 193 is sleeping
2256 190 is sleeping
2256 188 is sleeping
2256 92 has taken a fork
2256 97 has taken a fork
2257 95 has taken a fork
2257 76 has taken a fork
2257 80 has taken a fork
2257 108 is thinking
2257 57 is eating
2257 101 has taken a fork
2257 66 is eating
2257 198 is sleeping
2257 99 has taken a fork
2258 196 is sleeping
2258 96 has taken a fork
2258 75 is eating
2258 60 is eating
2259 84 has taken a fork
2259 62 is eating
2259 77 is eating
2259 73 is eating
2259 195 is sleeping
2259 93 has taken a fork
2259 71 is eating
2259 69 is eating
2259 106 is thinking
2259 194 is sleeping
2260 90 has taken a fork
2260 56 is eating
2260 1 is sleeping
2260 5 is sleeping
2260 103 has taken a fork
2261 87 has taken a fork
2261 102 has taken a fork
2262 81 is eating
2262 70 has taken a fork
2262 83 is eating
2262 79 is eating
2262 74 is eating
2262 82 has taken a fork
2262 2 is sleeping
2262 109 has taken a fork
2262 7 is sleeping
2262 3 is sleeping
2262 100 has taken a fork
2263 89 has taken a fork
2264 86 has taken a fork
2264 107 has taken a fork
2264 91 has taken a fork
2264 94 has taken a fork
2264 78 has taken a fork
2264 125 is thinking
2264 4 is sleeping
2264 88 has taken a fork
2264 104 has taken a fork
2264 85 is eating
2264 72 is eating
2264 9 is sleeping
2264 111 has taken a fork
2264 92 has taken a fork
2264 97 has taken a fork
2264 13 is sleeping
2264 95 has taken a fork
2264 76 is eating
2264 80 is eating
2266 108 has taken a fork
2266 101 has taken a fork
2266 99 has taken a fork
2266 11 is sleeping
2266 96 has taken a fork
2267 113 is thinking
2267 84 is eating
2268 105 is thinking
2268 93 has taken a fork
2269 106 has taken a fork
2269 90 has taken a fork
2269 103 has taken a fork
2270 10 is sleeping
2270 87 is eating
2271 102 has taken a fork
2271 15 is sleeping
2271 19 is sleeping
2271 17 is sleeping
2271 70 is eating
2271 82 is eating
2272 109 has taken a fork
2272 100 has taken a fork
2272 6 is sleeping
2272 119 is thinking
2273 89 is eating
2273 98 is thinking
2274 86 is eating
2274 107 has taken a fork
2276 115 is thinking
2277 91 is eating
2277 8 is sleeping
2277 94 is eating
2277 78 is eating
2277 125 has taken a fork
2277 88 is eating
2277 104 has taken a fork
2277 111 has taken a fork
2277 92 is eating
2277 97 is eating
2278 95 is eating
2280 14 is sleeping
2280 108 has taken a fork
2280 101 is eating
2280 99 is eating
2280 96 is eating
2280 113 has taken a fork
2280 123 is thinking
2281 118 is thinking
2281 21 is sleeping
2281 105 has taken a fork
2281 93 is eating
2281 106 has taken a fork
2281 90 is eating
2281 103 is eating
2281 112 is thinking
2281 110 is thinking
2281 120 is thinking
2281 102 is eating
2281 121 is thinking
2281 117 is thinking
2281 109 is eating
2281 100 is eating
2281 119 has taken a fork
2282 98 has taken a fork
2282 107 is eating
2282 115 has taken a fork
2282 129 is thinking
2282 125 has taken a fork
2282 104 is eating
2282 111 is eating
2282 124 is thinking
2283 20 is sleeping
2283 16 is sleeping
2284 12 is sleeping
2284 23 is sleeping
2284 25 is sleeping
2284 116 is thinking
2285 108 is eating
2285 113 has taken a fork
2285 123 has taken a fork
2285 118 has taken a fork
2286 105 has taken a fork
2286 106 is eating
2286 112 has taken a fork
2286 110 has taken a fork
2286 120 has taken a fork
2286 121 has taken a fork
2286 117 has taken a fork
2286 114 is thinking
2286 119 has taken a fork
2286 98 has taken a fork
2286 18 is sleeping
2286 115 has taken a fork
2287 129 has taken a fork
2287 125 is eating
2287 133 is thinking
2287 30 is sleeping
2288 27 is sleeping
2288 124 has taken a fork
2288 132 is thinking
2288 29 is sleeping
2288 116 has taken a fork
2288 113 is eating
2288 123 has taken a fork
2288 135 is thinking
2288 118 has taken a fork
2288 105 is eating
2288 33 is sleeping
2290 112 has taken a fork
2290 110 has taken a fork
2291 120 has taken a fork
2292 121 has taken a fork
2292 117 has taken a fork
2293 114 has taken a fork
2294 119 is eating
2294 98 is eating
2294 115 is eating
2294 128 is thinking
2295 127 is thinking
2296 129 has taken a fork
2296 133 has taken a fork
2296 137 is thinking
2296 124 has taken a fork
2297 116 has taken a fork
2297 123 is eating
2298 118 is eating
2298 122 is thinking
2298 24 is sleeping
2298 132 has taken a fork
2298 35 is sleeping
2299 112 is eating
2299 135 has taken a fork
2300 110 is eating
2300 26 is sleeping
2300 120 is eating
2301 121 is eating
2301 41 is sleeping
2301 138 is thinking
2301 117 is eating
2301 134 is thinking
2301 126 is thinking
2302 114 has taken a fork
2302 22 is sleeping
2303 128 has taken a fork
2303 38 is sleeping
2303 127 has taken a fork
2304 40 is sleeping
2304 28 is sleeping
2305 129 is eating
2306 133 has taken a fork
2306 137 has taken a fork
2306 124 is eating
2306 31 is sleeping
2308 131 is thinking
2308 116 is eating
2309 122 has taken a fork
2309 132 has taken a fork
2309 135 has taken a fork
2310 138 has taken a fork
2310 39 is sleeping
2310 134 has taken a fork
2310 126 has taken a fork
2310 139 is thinking
2310 114 is eating
2311 128 has taken a fork
2311 136 is thinking
2311 127 has taken a fork
2311 143 is thinking
2311 133 is eating
2311 137 has taken a fork
2311 37 is sleeping
2311 45 is sleeping
2311 32 is sleeping
2314 131 has taken a fork
2315 122 has taken a fork
2317 147 is thinking
2317 144 is thinking
2318 142 is thinking
2319 132 is eating
2319 135 is eating
2319 138 has taken a fork
2319 134 has taken a fork
2320 126 has taken a fork
2320 139 has taken a fork
2320 128 is eating
2320 136 has taken a fork
2320 127 is eating
2320 143 has taken a fork
2320 137 is eating
2321 130 is thinking
2321 131 has taken a fork
2322 141 is thinking
2322 43 is sleeping
2323 122 is eating
2324 145 is thinking
2325 151 is thinking
2326 44 is sleeping
2327 147 has taken a fork
2327 34 is sleeping
2327 144 has taken a fork
2327 142 has taken a fork
2330 47 is sleeping
2333 140 is thinking
2333 46 is sleeping
2334 138 is eating
2334 134 is eating
2334 126 is eating
2334 139 has taken a fork
2334 136 has taken a fork
2335 49 is sleeping
2335 143 has taken a fork
2335 42 is sleeping
2335 130 has taken a fork
2336 131 is eating
2337 141 has taken a fork
2337 146 is thinking
2337 50 is sleeping
2338 149 is thinking
2339 145 has taken a fork
2339 151 has taken a fork
2341 36 is sleeping
2341 51 is sleeping
2342 147 has taken a fork
2342 144 has taken a fork
2342 142 has taken a fork
2342 155 is thinking
2343 150 is thinking
2343 148 is thinking
2343 154 is thinking
2343 152 is thinking
2343 158 is thinking
2343 153 is thinking
2344 140 has taken a fork
2344 159 is thinking
2344 156 is thinking
2345 175 is thinking
2345 163 is thinking
2346 167 is thinking
2347 139 is eating
2347 136 is eating
2347 157 is thinking
2348 143 is eating
2348 130 has taken a fork
2348 48 is sleeping
2348 63 is sleeping
2348 53 is sleeping
2349 141 has taken a fork
2349 168 is thinking
2349 146 has taken a fork
2349 169 is thinking
2350 165 is thinking
2350 149 has taken a fork
2350 52 is sleeping
2350 166 is thinking
2351 174 is thinking
2351 58 is sleeping
2351 161 is thinking
2351 177 is thinking
2351 173 is thinking
2351 145 has taken a fork
2351 151 has taken a fork
2351 171 is thinking
2351 54 is sleeping
2351 59 is sleeping
2352 176 is thinking
2352 61 is sleeping
2352 65 is sleeping
2352 162 is thinking
2352 67 is sleeping
2353 160 is thinking
2353 55 is sleeping
2353 147 is eating
2353 64 is sleeping
2353 68 is sleeping
2353 144 is eating
2353 142 is eating
2353 155 has taken a fork
2353 57 is sleeping
2353 150 has taken a fork
2353 148 has taken a fork
2353 172 is thinking
2353 179 is thinking
2354 154 has taken a fork
2354 152 has taken a fork
2354 158 has taken a fork
2354 153 has taken a fork
2354 60 is sleeping
2354 140 has taken a fork
2354 75 is sleeping
2354 66 is sleeping
2354 159 has taken a fork
2354 156 has taken a fork
2355 170 is thinking
2355 73 is sleeping
2355 178 is thinking
2355 181 is thinking
2355 164 is thinking
2355 71 is sleeping
2355 69 is sleeping
2356 62 is sleeping
2356 77 is sleeping
2357 175 has taken a fork
2358 163 has taken a fork
2359 56 is sleeping
2359 167 has taken a fork
2359 157 has taken a fork
2359 83 is sleeping
2359 74 is sleeping
2359 79 is sleeping
2359 185 is thinking
2359 81 is sleeping
2359 130 is eating
2359 141 is eating
2359 168 has taken a fork
2359 146 has taken a fork
2360 169 has taken a fork
2360 165 has taken a fork
2360 184 is thinking
2360 149 has taken a fork
2360 85 is sleeping
2360 166 has taken a fork
2360 80 is sleeping
2360 174 has taken a fork
2360 72 is sleeping
2360 76 is sleeping
2361 161 has taken a fork
2361 177 has taken a fork
2361 173 has taken a fork
2361 145 is eating
2361 151 is eating
2361 171 has taken a fork
2363 176 has taken a fork
2363 187 is thinking
2363 180 is thinking
2364 162 has taken a fork
2364 160 has taken a fork
2364 186 is thinking
2364 84 is sleeping
2364 182 is thinking
2364 155 has taken a fork
2364 150 has taken a fork
2364 148 has taken a fork
2364 172 has taken a fork
2364 179 has taken a fork
2364 192 is thinking
2364 154 has taken a fork
2364 189 is thinking
2365 191 is thinking
2365 152 has taken a fork
2365 183 is thinking
2365 158 has taken a fork
2365 153 has taken a fork
2365 140 is eating
2365 159 has taken a fork
2365 156 has taken a fork
2365 170 has taken a fork
2365 178 has taken a fork
2365 181 has taken a fork
2365 164 has taken a fork
2365 197 is thinking
2365 190 is thinking
2365 188 is thinking
2365 193 is thinking
2365 87 is sleeping
2365 82 is sleeping
2365 70 is sleeping
2365 198 is thinking
2365 175 has taken a fork
2365 196 is thinking
2365 163 has taken a fork
2366 195 is thinking
2366 194 is thinking
2366 89 is sleeping
2366 86 is sleeping
2366 157 has taken a fork
2366 185 has taken a fork
2366 168 has taken a fork
2366 167 has taken a fork
2366 146 is eating
2366 1 is thinking
2366 169 has taken a fork
2366 5 is thinking
2366 165 has taken a fork
2366 184 has taken a fork
2366 149 is eating
2366 166 has taken a fork
2366 174 has taken a fork
2366 94 is sleeping
2366 88 is sleeping
2366 91 is sleeping
2366 78 is sleeping
2367 161 has taken a fork
2367 177 has taken a fork
2368 173 has taken a fork
2368 171 has taken a fork
2368 7 is thinking
2368 92 is sleeping
2368 2 is thinking
2369 3 is thinking
2369 97 is sleeping
2369 95 is sleeping
2369 101 is sleeping
2369 176 has taken a fork
2369 187 has taken a fork
2370 180 has taken a fork
2370 162 has taken a fork
2370 4 is thinking
2370 9 is thinking
2371 99 is sleeping
2371 13 is thinking
2371 96 is sleeping
2371 160 has taken a fork
2371 186 has taken a fork
2371 182 has taken a fork
2371 155 is eating
2372 150 is eating
2372 148 is eating
2372 172 has taken a fork
2372 179 has taken a fork
2372 192 has taken a fork
2373 154 is eating
2373 189 has taken a fork
2373 191 has taken a fork
2373 152 is eating
2373 183 has taken a fork
2373 158 is eating
2374 153 is eating
2374 159 is eating
2374 156 is eating
2374 170 has taken a fork
2374 178 has taken a fork
2375 181 has taken a fork
2375 164 has taken a fork
2375 93 is sleeping
2375 197 has taken a fork
2375 190 has taken a fork
2376 188 has taken a fork
2376 193 has taken a fork
2377 198 has taken a fork
2377 175 is eating
2377 196 has taken a fork
2377 102 is sleeping
2377 90 is sleeping
2377 195 has taken a fork
2378 194 has taken a fork
2378 103 is sleeping
2378 157 is eating
2378 185 has taken a fork
2378 11 is thinking
2378 168 is eating
2378 167 is eating
2379 1 has taken a fork
2379 163 is eating
2379 169 is eating
2380 5 has taken a fork
2380 165 is eating
2380 184 has taken a fork
2380 166 is eating
2380 174 is eating
2381 109 is sleeping
2382 161 is eating
2382 177 is eating
2382 107 is sleeping
2382 100 is sleeping
2382 173 is eating
2382 171 is eating
2382 7 has taken a fork
2382 2 has taken a fork
2382 111 is sleeping
2382 104 is sleeping
2383 3 has taken a fork
2383 176 is eating
2384 187 has taken a fork
2386 10 is thinking
2386 180 has taken a fork
2386 162 is eating
2387 4 has taken a fork
2388 9 has taken a fork
2388 15 is thinking
2388 17 is thinking
2389 108 is sleeping
2389 160 is eating
2389 186 has taken a fork
2389 182 has taken a fork
2390 19 is thinking
2392 13 has taken a fork
2392 6 is thinking
2394 172 is eating
2394 179 is eating
2394 192 has taken a fork
2394 106 is sleeping
2395 189 has taken a fork
2396 191 has taken a fork
2397 183 has taken a fork
2397 170 is eating
2397 178 is eating
2397 181 is eating
2398 164 is eating
2398 197 has taken a fork
2399 190 has taken a fork
2400 125 is sleeping
2400 188 has taken a fork
2402 193 has taken a fork
2403 198 has taken a fork
2403 8 is thinking
2404 196 has taken a fork
2404 195 has taken a fork
2404 113 is sleeping
2405 105 is sleeping
2406 194 has taken a fork
2407 185 is eating
2407 11 has taken a fork
2408 1 has taken a fork
2408 14 is thinking
2409 5 has taken a fork
2409 184 is eating
2410 21 is thinking
2410 7 has taken a fork
2411 2 has taken a fork
2412 119 is sleeping
2413 16 is thinking
2413 20 is thinking
2414 3 has taken a fork
2414 12 is thinking
2416 23 is thinking
2416 25 is thinking
2416 187 is eating
2416 115 is sleeping
2417 10 has taken a fork
2417 98 is sleeping
2417 180 is eating
2417 30 is thinking
2418 4 has taken a fork
2420 18 is thinking
2421 27 is thinking
2422 33 is thinking
2424 9 has taken a fork
2424 29 is thinking
2425 15 has taken a fork
2425 17 has taken a fork
2425 123 is sleeping
2427 186 is eating
2427 182 is eating
2427 112 is sleeping
2427 118 is sleeping
2427 19 has taken a fork
2428 117 is sleeping
2428 120 is sleeping
2428 121 is sleeping
2429 13 has taken a fork
2430 110 is sleeping
2430 6 has taken a fork
2430 192 is eating
2431 129 is sleeping
2432 189 is eating
2432 124 is sleeping
2432 116 is sleeping
2432 191 is eating
2432 183 is eating
2432 24 is thinking
2432 114 is sleeping
2432 197 is eating
2432 133 is sleeping
2432 35 is thinking
2432 26 is thinking
2434 190 is eating
2435 188 is eating
2436 41 is thinking
2437 193 is eating
2437 22 is thinking
2437 38 is thinking
2438 198 is eating
2438 8 has taken a fork
2439 196 is eating
2439 40 is thinking
2439 28 is thinking
2439 132 is sleeping
2439 195 is eating
2439 135 is sleeping
2439 194 is eating
2439 128 is sleeping
2439 31 is thinking
2439 11 has taken a fork
2439 137 is sleeping
2439 1 is eating
2439 127 is sleeping
2439 14 has taken a fork
2439 5 is eating
2439 21 has taken a fork
2439 45 is thinking
2439 7 is eating
2439 37 is thinking
2439 32 is thinking
2439 39 is thinking
2440 122 is sleeping
2441 2 is eating
2443 16 has taken a fork
2444 20 has taken a fork
2445 3 is eating
2445 12 has taken a fork
2446 23 has taken a fork
2447 25 has taken a fork
2448 10 has taken a fork
2448 30 has taken a fork
2448 126 is sleeping
2448 138 is sleeping
2449 134 is sleeping
2450 4 is eating
2451 18 has taken a fork
2452 27 has taken a fork
2452 131 is sleeping
2452 43 is thinking
2453 33 has taken a fork
2454 9 is eating
2454 29 has taken a fork
2454 15 has taken a fork
2454 17 has taken a fork
2455 44 is thinking
2456 34 is thinking
2456 19 has taken a fork
2456 136 is sleeping
2456 13 is eating
2456 139 is sleeping
2457 47 is thinking
2457 143 is sleeping
2457 6 has taken a fork
2458 24 has taken a fork
2459 35 has taken a fork
2459 26 has taken a fork
2459 46 is thinking
2459 147 is sleeping
2459 144 is sleeping
2460 49 is thinking
2461 42 is thinking
2461 142 is sleeping
2461 41 has taken a fork
2461 50 is thinking
2462 22 has taken a fork
2462 38 has taken a fork
2462 8 has taken a fork
2462 40 has taken a fork
2462 28 has taken a fork
2463 31 has taken a fork
2464 11 is eating
2464 14 has taken a fork
2464 21 has taken a fork
2464 45 has taken a fork
2464 37 has taken a fork
2464 32 has taken a fork
2464 39 has taken a fork
2464 51 is thinking
2464 141 is sleeping
2464 36 is thinking
2465 130 is sleeping
2466 16 has taken a fork
2466 151 is sleeping
2466 145 is sleeping
2466 20 has taken a fork
2466 12 has taken a fork
2466 23 has taken a fork
2466 25 has taken a fork
2466 10 is eating
2467 53 is thinking
2467 30 has taken a fork
2467 48 is thinking
2467 63 is thinking
2467 140 is sleeping
2467 52 is thinking
2468 58 is thinking
2468 54 is thinking
2468 59 is thinking
2468 61 is thinking
2468 65 is thinking
2469 18 has taken a fork
2469 149 is sleeping
2469 27 has taken a fork
2469 146 is sleeping
2469 43 has taken a fork
2469 64 is thinking
2469 57 is thinking
2469 33 has taken a fork
2470 68 is thinking
2470 67 is thinking
2470 55 is thinking
2470 29 has taken a fork
2470 75 is thinking
2470 60 is thinking
2471 66 is thinking
2471 15 is eating
2471 17 is eating
2471 69 is thinking
2471 44 has taken a fork
2471 73 is thinking
2471 71 is thinking
2471 34 has taken a fork
2471 19 is eating
2471 77 is thinking
2471 62 is thinking
2471 47 has taken a fork
2471 155 is sleeping
2471 6 is eating
2471 154 is sleeping
2471 152 is sleeping
2471 148 is sleeping
2471 150 is sleeping
2472 24 has taken a fork
2472 79 is thinking
2473 83 is thinking
2473 56 is thinking
2473 153 is sleeping
2473 158 is sleeping
2473 81 is thinking
2473 156 is sleeping
2473 159 is sleeping
2473 35 has taken a fork
2473 74 is thinking
2473 26 has taken a fork
2473 46 has taken a fork
2474 85 is thinking
2474 49 has taken a fork
2474 76 is thinking
2474 80 is thinking
2475 72 is thinking
2475 42 has taken a fork
2475 175 is sleeping
2475 41 has taken a fork
2475 50 has taken a fork
2475 163 is sleeping
2475 22 has taken a fork
2475 38 has taken a fork
2475 8 is eating
2475 40 has taken a fork
2475 28 has taken a fork
2475 157 is sleeping
2475 167 is sleeping
2477 31 has taken a fork
2477 84 is thinking
2477 169 is sleeping
2477 14 is eating
2477 168 is sleeping
2478 21 is eating
2478 45 has taken a fork
2478 37 has taken a fork
2478 32 has taken a fork
2478 39 has taken a fork
2478 51 has taken a fork
2478 36 has taken a fork
2478 82 is thinking
2478 166 is sleeping
2478 87 is thinking
2478 165 is sleeping
2479 70 is thinking
2479 174 is sleeping
2479 88 is thinking
2479 94 is thinking
2479 91 is thinking
2479 86 is thinking
2479 89 is thinking
2480 16 is eating
2480 20 is eating
2481 12 is eating
2481 23 is eating
2481 25 is eating
2481 161 is sleeping
2482 173 is sleeping
2482 177 is sleeping
2482 78 is thinking
2482 171 is sleeping
2482 53 has taken a fork
2482 30 is eating
2482 48 has taken a fork
2482 63 has taken a fork
2482 52 has taken a fork
2482 58 has taken a fork
2482 176 is sleeping
2482 92 is thinking
2482 54 has taken a fork
2482 59 has taken a fork
2482 61 has taken a fork
2482 65 has taken a fork
2483 162 is sleeping
2483 97 is thinking
2483 18 is eating
2483 101 is thinking
2484 95 is thinking
2484 27 is eating
2484 43 has taken a fork
2484 64 has taken a fork
2484 57 has taken a fork
2485 33 is eating
2485 68 has taken a fork
2485 67 has taken a fork
2486 55 has taken a fork
2486 29 is eating
2486 75 has taken a fork
2486 60 has taken a fork
2486 96 is thinking
2486 66 has taken a fork
2486 160 is sleeping
2486 69 has taken a fork
2486 44 has taken a fork
2486 73 has taken a fork
2487 71 has taken a fork
2487 99 is thinking
2487 34 has taken a fork
2487 77 has taken a fork
2488 62 has taken a fork
2488 47 has taken a fork
2488 24 is eating
2489 79 has taken a fork
2489 83 has taken a fork
2489 56 has taken a fork
2490 35 is eating
2490 26 is eating
2490 46 has taken a fork
2490 179 is sleeping
2490 81 has taken a fork
2490 172 is sleeping
2491 74 has taken a fork
2491 49 has taken a fork
2491 93 is thinking
2491 42 has taken a fork
2491 41 is eating
2491 50 has taken a fork
2491 22 is eating
2491 38 is eating
2492 40 is eating
2492 28 is eating
2492 170 is sleeping
2492 85 has taken a fork
2492 181 is sleeping
2492 178 is sleeping
2492 90 is thinking
2492 80 has taken a fork
2492 76 has taken a fork
2492 102 is thinking
2493 164 is sleeping
2493 31 is eating
2493 72 has taken a fork
2493 45 is eating
2493 37 is eating
2493 32 is eating
2493 39 is eating
2493 103 is thinking
2493 51 has taken a fork
2493 36 has taken a fork
2493 109 is thinking
2493 104 is thinking
2493 111 is thinking
2493 100 is thinking
2493 107 is thinking
2493 53 has taken a fork
2493 48 has taken a fork
2494 63 has taken a fork
2494 52 has taken a fork
2494 58 has taken a fork
2494 54 has taken a fork
2494 59 has taken a fork
2494 61 has taken a fork
2494 65 has taken a fork
2494 185 is sleeping
2494 84 has taken a fork
2494 43 is eating
2495 64 has taken a fork
2495 57 has taken a fork
2495 184 is sleeping
2495 82 has taken a fork
2495 68 has taken a fork
2495 67 has taken a fork
2495 55 has taken a fork
2495 75 has taken a fork
2495 60 has taken a fork
2495 66 has taken a fork
2495 69 has taken a fork
2495 44 is eating
2495 73 has taken a fork
2495 71 has taken a fork
2495 34 is eating
2496 77 has taken a fork
2496 62 has taken a fork
2496 47 is eating
2496 108 is thinking
2496 79 has taken a fork
2496 83 has taken a fork
2496 56 has taken a fork
2497 180 is sleeping
2497 87 has taken a fork
2497 46 is eating
2497 187 is sleeping
2497 81 has taken a fork
2497 74 has taken a fork
2497 49 is eating
2497 42 is eating
2497 70 has taken a fork
2497 50 is eating
2497 85 has taken a fork
2497 80 has taken a fork
2497 76 has taken a fork
2497 72 has taken a fork
2497 51 is eating
2497 36 is eating
2497 53 is eating
2498 48 is eating
2498 63 is eating
2498 52 is eating
2498 58 is eating
2498 106 is thinking
2498 54 is eating
2498 59 is eating
2498 61 is eating
2499 65 is eating
2499 84 has taken a fork
2499 64 is eating
2499 57 is eating
2499 82 has taken a fork
2499 68 is eating
2499 67 is eating
2499 55 is eating
2500 75 is eating
2500 60 is eating
2500 66 is eating
2500 69 is eating
2500 73 is eating
2500 71 is eating
2501 186 is sleeping
2502 182 is sleeping
2502 88 has taken a fork
2502 94 has taken a fork
2502 77 is eating
2502 62 is eating
2502 79 is eating
2502 83 is eating
2502 56 is eating
2502 87 has taken a fork
2502 81 is eating
2503 74 is eating
2503 70 has taken a fork
2503 85 is eating
2503 80 is eating
2503 76 is eating
2503 72 is eating
2503 91 has taken a fork
2503 192 is sleeping
2503 189 is sleeping
2503 86 has taken a fork
2504 191 is sleeping
2504 89 has taken a fork
2504 84 is eating
2504 78 has taken a fork
2505 197 is sleeping
2505 82 is eating
2506 125 is thinking
2507 183 is sleeping
2507 190 is sleeping
2507 92 has taken a fork
2507 97 has taken a fork
2507 193 is sleeping
2508 188 is sleeping
2509 101 has taken a fork
2510 95 has taken a fork
2510 88 has taken a fork
2510 198 is sleeping
2512 196 is sleeping
2512 99 has taken a fork
2512 96 has taken a fork
2513 94 has taken a fork
2513 87 is eating
2513 70 is eating
2513 91 has taken a fork
2514 194 is sleeping
2515 195 is sleeping
2515 103 has taken a fork
2515 90 has taken a fork
2516 86 has taken a fork
2516 93 has taken a fork
2516 102 has taken a fork
2516 89 has taken a fork
2516 78 has taken a fork
2517 105 is thinking
2518 113 is thinking
2519 109 has taken a fork
2519 104 has taken a fork
2520 92 has taken a fork
2520 111 has taken a fork
2520 97 has taken a fork
2520 101 has taken a fork
2521 95 has taken a fork
2521 88 is eating
2521 100 has taken a fork
2522 119 is thinking
2522 99 has taken a fork
2522 107 has taken a fork
2523 96 has taken a fork
2523 94 is eating
2523 91 is eating
2523 108 has taken a fork
2523 103 has taken a fork
2523 90 has taken a fork
2523 115 is thinking
2523 86 is eating
2523 93 has taken a fork
2523 102 has taken a fork
2524 89 is eating
2524 78 is eating
2525 98 is thinking
2526 109 has taken a fork
2526 104 has taken a fork
2526 92 is eating
2526 111 has taken a fork
2526 97 is eating
2526 101 is eating
2527 106 has taken a fork
2527 95 is eating
2528 100 has taken a fork
2528 99 is eating
2528 107 has taken a fork
2528 96 is eating
2528 108 has taken a fork
2528 103 is eating
2528 90 is eating
2529 93 is eating
2529 102 is eating
2530 109 is eating
2532 104 is eating
2532 111 is eating
2532 125 has taken a fork
2532 106 has taken a fork
2532 118 is thinking
2532 112 is thinking
2532 123 is thinking
2532 100 is eating
2533 117 is thinking
2533 107 is eating
2534 108 is eating
2535 129 is thinking
2537 120 is thinking
2538 110 is thinking
2539 121 is thinking
2539 133 is thinking
2539 125 has taken a fork
2539 106 is eating
2539 105 has taken a fork
2539 114 is thinking
2540 124 is thinking
2542 119 has taken a fork
2545 113 has taken a fork
2546 116 is thinking
2547 115 has taken a fork
2550 137 is thinking
2552 128 is thinking
2554 135 is thinking
2555 127 is thinking
2555 125 is eating
2557 105 has taken a fork
2558 132 is thinking
2559 98 has taken a fork
2559 122 is thinking
2559 119 has taken a fork
2559 113 has taken a fork
2560 118 has taken a fork
2560 123 has taken a fork
2560 115 has taken a fork
2560 117 has taken a fork
2560 138 is thinking
2560 129 has taken a fork
2560 112 has taken a fork
2560 134 is thinking
2560 126 is thinking
2561 120 has taken a fork
2562 110 has taken a fork
2563 131 is thinking
2563 121 has taken a fork
2564 133 has taken a fork
2564 114 has taken a fork
2565 116 has taken a fork
2565 124 has taken a fork
2566 136 is thinking
2567 139 is thinking
2567 143 is thinking
2567 105 is eating
2567 147 is thinking
2567 144 is thinking
2567 98 has taken a fork
2568 119 is eating
2568 113 is eating
2568 118 has taken a fork
2569 123 has taken a fork
2569 115 is eating
2569 117 has taken a fork
2570 129 has taken a fork
2571 137 has taken a fork
2572 112 has taken a fork
2572 120 has taken a fork
2573 142 is thinking
2574 128 has taken a fork
2574 110 has taken a fork
2574 135 has taken a fork
2574 121 has taken a fork
2575 141 is thinking
2575 133 has taken a fork
2575 132 has taken a fork
2577 114 has taken a fork
2577 127 has taken a fork
2578 130 is thinking
2579 116 has taken a fork
2579 122 has taken a fork
2579 124 has taken a fork
2579 136 has taken a fork
2581 138 has taken a fork
2581 145 is thinking
2581 140 is thinking
2581 134 has taken a fork
2581 126 has taken a fork
2581 131 has taken a fork
2581 151 is thinking
2581 139 has taken a fork
2581 143 has taken a fork
2581 98 is eating
2581 118 is eating
2581 146 is thinking
2581 149 is thinking
2581 123 is eating
2581 117 is eating
2581 129 is eating
2584 150 is thinking
2585 148 is thinking
2585 137 has taken a fork
2585 154 is thinking
2585 152 is thinking
2586 155 is thinking
2586 112 is eating
2586 120 is eating
2586 147 has taken a fork
2586 158 is thinking
2586 159 is thinking
2588 153 is thinking
2588 156 is thinking
2588 128 has taken a fork
2588 110 is eating
2588 121 is eating
2588 163 is thinking
2588 175 is thinking
2588 135 has taken a fork
2589 167 is thinking
2589 133 is eating
2589 157 is thinking
2589 132 has taken a fork
2589 168 is thinking
2589 144 has taken a fork
2590 169 is thinking
2590 114 is eating
2590 142 has taken a fork
2590 141 has taken a fork
2590 127 has taken a fork
2590 165 is thinking
2590 166 is thinking
2591 130 has taken a fork
2591 174 is thinking
2592 116 is eating
2592 122 has taken a fork
2592 124 is eating
2592 136 has taken a fork
2592 138 has taken a fork
2592 161 is thinking
2592 145 has taken a fork
2592 134 has taken a fork
2592 140 has taken a fork
2592 126 has taken a fork
2592 131 has taken a fork
2592 151 has taken a fork
2592 139 has taken a fork
2593 143 has taken a fork
2593 146 has taken a fork
2593 149 has taken a fork
2593 176 is thinking
2593 177 is thinking
2593 171 is thinking
2593 173 is thinking
2593 162 is thinking
2594 150 has taken a fork
2594 148 has taken a fork
2594 137 is eating
2594 154 has taken a fork
2594 152 has taken a fork
2594 160 is thinking
2594 155 has taken a fork
2594 147 has taken a fork
2594 158 has taken a fork
2594 159 has taken a fork
2595 153 has taken a fork
2595 156 has taken a fork
2595 128 is eating
2595 163 has taken a fork
2595 175 has taken a fork
2595 135 is eating
2595 167 has taken a fork
2595 132 is eating
2595 157 has taken a fork
2595 168 has taken a fork
2595 144 has taken a fork
2595 169 has taken a fork
2595 179 is thinking
2596 142 has taken a fork
2596 141 has taken a fork
2596 127 is eating
2596 165 has taken a fork
2596 166 has taken a fork
2596 172 is thinking
2596 130 has taken a fork
2596 174 has taken a fork
2596 170 is thinking
2596 178 is thinking
2596 181 is thinking
2596 122 is eating
2596 136 is eating
2596 138 is eating
2597 161 has taken a fork
2597 145 has taken a fork
2597 134 is eating
2597 140 has taken a fork
2597 126 is eating
2597 131 is eating
2597 151 has taken a fork
2597 139 is eating
2598 164 is thinking
2598 143 is eating
2598 146 has taken a fork
2598 149 has taken a fork
2598 176 has taken a fork
2598 177 has taken a fork
2598 171 has taken a fork
2598 173 has taken a fork
2598 162 has taken a fork
2598 150 has taken a fork
2598 148 has taken a fork
2598 154 has taken a fork
2598 185 is thinking
2599 152 has taken a fork
2599 160 has taken a fork
2600 155 has taken a fork
2600 147 is eating
2600 158 has taken a fork
2600 159 has taken a fork
2600 184 is thinking
2600 153 has taken a fork
2600 156 has taken a fork
2601 163 has taken a fork
2601 175 has taken a fork
2601 167 has taken a fork
2601 157 has taken a fork
2601 168 has taken a fork
2601 144 is eating
2601 169 has taken a fork
2601 179 has taken a fork
2601 142 is eating
2601 141 is eating
2602 165 has taken a fork
2602 166 has taken a fork
2602 172 has taken a fork
2602 130 is eating
2603 174 has taken a fork
2603 170 has taken a fork
2603 178 has taken a fork
2603 181 has taken a fork
2603 187 is thinking
2603 180 is thinking
2604 161 has taken a fork
2604 145 is eating
2604 140 is eating
2604 151 is eating
2604 164 has taken a fork
2604 146 is eating
2604 149 is eating
2604 176 has taken a fork
2604 177 has taken a fork
2604 171 has taken a fork
2605 173 has taken a fork
2605 162 has taken a fork
2605 150 is eating
2605 148 is eating
2605 154 is eating
2606 185 has taken a fork
2606 152 is eating
2606 160 has taken a fork
2606 155 is eating
2607 158 is eating
2607 159 is eating
2607 184 has taken a fork
2607 153 is eating
2608 156 is eating
2608 163 is eating
2608 175 is eating
2608 167 is eating
2608 157 is eating
2608 186 is thinking
2608 168 is eating
2608 169 is eating
2610 179 has taken a fork
2610 182 is thinking
2610 165 is eating
2610 166 is eating
2610 172 has taken a fork
2610 192 is thinking
2610 189 is thinking
2610 170 has taken a fork
2610 178 has taken a fork
2610 181 has taken a fork
2610 174 is eating
2610 187 has taken a fork
2610 180 has taken a fork
2610 191 is thinking
2611 161 is eating
2611 164 has taken a fork
2611 176 is eating
2611 177 is eating
2611 171 is eating
2611 173 is eating
2611 197 is thinking
2612 162 is eating
2612 185 has taken a fork
2612 160 is eating
2612 190 is thinking
2612 183 is thinking
2612 184 has taken a fork
2612 193 is thinking
2612 188 is thinking
2613 186 has taken a fork
2613 179 is eating
2613 198 is thinking
2613 182 has taken a fork
2614 172 is eating
2614 192 has taken a fork
2614 170 is eating
2614 178 is eating
2614 181 is eating
2614 187 has taken a fork
2614 180 has taken a fork
2614 189 has taken a fork
2614 164 is eating
2614 191 has taken a fork
2614 196 is thinking
2614 185 is eating
2615 197 has taken a fork
2615 184 is eating
2615 190 has taken a fork
2615 183 has taken a fork
2615 186 has taken a fork
2615 182 has taken a fork
2615 193 has taken a fork
2615 192 has taken a fork
2615 194 is thinking
2615 188 has taken a fork
2615 187 is eating
2615 180 is eating
2615 189 has taken a fork
2615 191 has taken a fork
2615 197 has taken a fork
2615 195 is thinking
2615 190 has taken a fork
2615 183 has taken a fork
2615 186 is eating
2616 182 is eating
2616 193 has taken a fork
2616 198 has taken a fork
2616 196 has taken a fork
2616 192 is eating
2616 188 has taken a fork
2616 189 is eating
2616 191 is eating
2616 197 is eating
2616 190 is eating
2616 183 is eating
2617 193 is eating
2617 194 has taken a fork
2617 198 has taken a fork
2617 196 has taken a fork
2617 195 has taken a fork
2617 188 is eating
2617 194 has taken a fork
2617 198 is eating
2617 196 is eating
2617 195 has taken a fork
2617 194 is eating
2617 195 is eating
