0 1 has taken a fork
0 1 has taken a fork
0 1 is eating
1 3 has taken a fork
1 3 has taken a fork
1 3 is eating
1 5 has taken a fork
1 5 has taken a fork
1 5 is eating
1 7 has taken a fork
1 7 has taken a fork
1 7 is eating
1 9 has taken a fork
1 9 has taken a fork
1 9 is eating
2 11 has taken a fork
2 11 has taken a fork
2 11 is eating
2 2 has taken a fork
2 2 has taken a fork
2 2 is eating
2 13 has taken a fork
2 13 has taken a fork
2 13 is eating
2 4 has taken a fork
2 4 has taken a fork
2 4 is eating
2 15 has taken a fork
2 15 has taken a fork
2 15 is eating
2 6 has taken a fork
2 6 has taken a fork
2 6 is eating
2 17 has taken a fork
2 17 has taken a fork
2 17 is eating
2 8 has taken a fork
2 8 has taken a fork
2 8 is eating
3 19 has taken a fork
3 10 has taken a fork
3 19 has taken a fork
3 10 has taken a fork
3 19 is eating
3 10 is eating
3 12 has taken a fork
3 12 has taken a fork
3 12 is eating
3 21 has taken a fork
3 21 has taken a fork
3 21 is eating
3 14 has taken a fork
3 14 has taken a fork
3 14 is eating
3 23 has taken a fork
3 23 has taken a fork
3 23 is eating
3 25 has taken a fork
3 25 has taken a fork
3 25 is eating
3 16 has taken a fork
3 16 has taken a fork
3 16 is eating
4 27 has taken a fork
4 27 has taken a fork
4 27 is eating
4 18 has taken a fork
4 18 has taken a fork
4 18 is eating
4 20 has taken a fork
4 20 has taken a fork
4 20 is eating
4 29 has taken a fork
4 29 has taken a fork
4 29 is eating
4 22 has taken a fork
4 22 has taken a fork
4 22 is eating
4 31 has taken a fork
4 31 has taken a fork
4 31 is eating
4 24 has taken a fork
4 24 has taken a fork
4 24 is eating
4 33 has taken a fork
4 33 has taken a fork
4 33 is eating
4 26 has taken a fork
5 26 has taken a fork
5 26 is eating
5 35 has taken a fork
5 28 has taken a fork
5 35 has taken a fork
5 28 has taken a fork
5 35 is eating
5 28 is eating
5 37 has taken a fork
5 37 has taken a fork
5 37 is eating
5 30 has taken a fork
5 30 has taken a fork
5 30 is eating
5 39 has taken a fork
5 39 has taken a fork
5 39 is eating
5 32 has taken a fork
5 32 has taken a fork
5 32 is eating
6 41 has taken a fork
6 41 has taken a fork
6 41 is eating
6 34 has taken a fork
6 34 has taken a fork
6 34 is eating
6 36 has taken a fork
6 36 has taken a fork
6 36 is eating
6 43 has taken a fork
6 43 has taken a fork
6 43 is eating
6 38 has taken a fork
6 38 has taken a fork
6 38 is eating
6 45 has taken a fork
6 45 has taken a fork
6 45 is eating
6 40 has taken a fork
7 40 has taken a fork
7 40 is eating
7 47 has taken a fork
7 47 has taken a fork
7 47 is eating
7 42 has taken a fork
7 42 has taken a fork
7 42 is eating
7 49 has taken a fork
7 49 has taken a fork
7 49 is eating
7 44 has taken a fork
7 44 has taken a fork
7 44 is eating
7 51 has taken a fork
7 51 has taken a fork
7 51 is eating
8 46 has taken a fork
8 46 has taken a fork
8 46 is eating
8 53 has taken a fork
8 53 has taken a fork
8 53 is eating
8 48 has taken a fork
8 48 has taken a fork
8 48 is eating
8 55 has taken a fork
8 55 has taken a fork
8 55 is eating
8 57 has taken a fork
8 57 has taken a fork
8 57 is eating
8 50 has taken a fork
8 50 has taken a fork
8 50 is eating
9 52 has taken a fork
9 52 has taken a fork
9 52 is eating
9 59 has taken a fork
9 59 has taken a fork
9 59 is eating
9 54 has taken a fork
9 54 has taken a fork
9 54 is eating
9 61 has taken a fork
9 61 has taken a fork
9 61 is eating
9 56 has taken a fork
9 56 has taken a fork
9 56 is eating
10 63 has taken a fork
10 63 has taken a fork
10 63 is eating
10 58 has taken a fork
10 58 has taken a fork
10 58 is eating
10 65 has taken a fork
10 65 has taken a fork
10 65 is eating
10 60 has taken a fork
10 60 has taken a fork
10 60 is eating
10 67 has taken a fork
10 67 has taken a fork
10 67 is eating
11 69 has taken a fork
11 69 has taken a fork
11 69 is eating
11 62 has taken a fork
11 71 has taken a fork
11 62 has taken a fork
11 71 has taken a fork
11 64 has taken a fork
11 62 is eating
11 71 is eating
11 64 has taken a fork
11 66 has taken a fork
12 73 has taken a fork
12 64 is eating
12 66 has taken a fork
12 73 has taken a fork
12 75 has taken a fork
12 68 has taken a fork
12 66 is eating
12 73 is eating
12 75 has taken a fork
12 77 has taken a fork
13 68 has taken a fork
13 70 has taken a fork
13 72 has taken a fork
13 79 has taken a fork
13 75 is eating
13 77 has taken a fork
13 74 has taken a fork
13 68 is eating
13 70 has taken a fork
13 72 has taken a fork
14 79 has taken a fork
14 76 has taken a fork
14 81 has taken a fork
14 77 is eating
14 74 has taken a fork
15 83 has taken a fork
15 70 is eating
15 72 is eating
15 78 has taken a fork
15 79 is eating
15 76 has taken a fork
15 81 has taken a fork
15 80 has taken a fork
15 85 has taken a fork
15 74 is eating
15 87 has taken a fork
15 82 has taken a fork
15 89 has taken a fork
15 83 has taken a fork
16 78 has taken a fork
16 91 has taken a fork
16 76 is eating
16 81 is eating
16 80 has taken a fork
16 85 has taken a fork
16 84 has taken a fork
17 87 has taken a fork
17 82 has taken a fork
17 89 has taken a fork
17 86 has taken a fork
17 83 is eating
17 88 has taken a fork
17 78 is eating
17 91 has taken a fork
17 93 has taken a fork
18 80 is eating
18 95 has taken a fork
18 85 is eating
18 90 has taken a fork
18 84 has taken a fork
18 87 is eating
18 82 is eating
19 89 is eating
19 86 has taken a fork
19 92 has taken a fork
19 97 has taken a fork
19 88 has taken a fork
19 91 is eating
20 99 has taken a fork
20 93 has taken a fork
20 94 has taken a fork
20 101 has taken a fork
21 96 has taken a fork
21 95 has taken a fork
21 90 has taken a fork
21 84 is eating
21 86 is eating
21 92 has taken a fork
22 97 has taken a fork
22 88 is eating
22 99 has taken a fork
22 93 is eating
22 94 has taken a fork
22 101 has taken a fork
22 96 has taken a fork
22 95 is eating
23 90 is eating
23 92 is eating
23 97 is eating
23 99 is eating
23 94 is eating
23 101 is eating
23 96 is eating
100 103 has taken a fork
100 1 is sleeping
101 103 has taken a fork
101 7 is sleeping
101 9 is sleeping
102 3 is sleeping
103 5 is sleeping
103 107 has taken a fork
103 105 has taken a fork
104 103 is eating
104 100 has taken a fork
104 98 has taken a fork
104 13 is sleeping
104 15 is sleeping
104 17 is sleeping
104 6 is sleeping
104 111 has taken a fork
105 2 is sleeping
105 102 has taken a fork
105 104 has taken a fork
105 113 has taken a fork
105 8 is sleeping
106 109 has taken a fork
106 11 is sleeping
106 4 is sleeping
106 108 has taken a fork
106 115 has taken a fork
106 106 has taken a fork
107 23 is sleeping
107 19 is sleeping
107 10 is sleeping
107 16 is sleeping
107 12 is sleeping
107 25 is sleeping
107 114 has taken a fork
107 112 has taken a fork
107 14 is sleeping
107 117 has taken a fork
108 110 has taken a fork
108 120 has taken a fork
108 116 has taken a fork
108 119 has taken a fork
108 118 has taken a fork
108 21 is sleeping
108 107 has taken a fork
108 105 has taken a fork
108 22 is sleeping
108 121 has taken a fork
108 27 is sleeping
109 20 is sleeping
109 24 is sleeping
109 33 is sleeping
109 29 is sleeping
109 124 has taken a fork
109 18 is sleeping
109 123 has taken a fork
109 125 has taken a fork
110 100 has taken a fork
110 122 has taken a fork
110 127 has taken a fork
110 129 has taken a fork
110 98 has taken a fork
110 111 has taken a fork
110 31 is sleeping
110 26 is sleeping
110 126 has taken a fork
110 30 is sleeping
110 28 is sleeping
110 131 has taken a fork
110 37 is sleeping
111 133 has taken a fork
111 130 has taken a fork
111 35 is sleeping
111 39 is sleeping
111 137 has taken a fork
111 135 has taken a fork
111 102 has taken a fork
111 128 has taken a fork
111 104 has taken a fork
111 113 has taken a fork
111 32 is sleeping
111 132 has taken a fork
112 109 has taken a fork
112 34 is sleeping
112 45 is sleeping
112 43 is sleeping
112 41 is sleeping
112 38 is sleeping
112 134 has taken a fork
112 36 is sleeping
112 136 has taken a fork
112 140 has taken a fork
112 139 has taken a fork
112 138 has taken a fork
113 141 has taken a fork
113 108 has taken a fork
113 115 has taken a fork
113 106 has taken a fork
113 42 is sleeping
113 47 is sleeping
113 44 is sleeping
113 51 is sleeping
113 143 has taken a fork
113 145 has taken a fork
113 49 is sleeping
113 40 is sleeping
113 142 has taken a fork
114 144 has taken a fork
114 147 has taken a fork
114 149 has taken a fork
114 114 has taken a fork
114 112 has taken a fork
114 117 has taken a fork
115 57 is sleeping
115 46 is sleeping
115 53 is sleeping
115 148 has taken a fork
115 55 is sleeping
115 50 is sleeping
115 151 has taken a fork
115 110 has taken a fork
115 146 has taken a fork
116 48 is sleeping
116 150 has taken a fork
116 152 has taken a fork
116 120 has taken a fork
116 153 has taken a fork
116 116 has taken a fork
116 119 has taken a fork
116 118 has taken a fork
116 107 is eating
116 105 is eating
116 121 has taken a fork
116 52 is sleeping
117 56 is sleeping
117 54 is sleeping
117 155 has taken a fork
117 157 has taken a fork
117 61 is sleeping
117 59 is sleeping
117 156 has taken a fork
118 159 has taken a fork
118 154 has taken a fork
118 124 has taken a fork
118 123 has taken a fork
118 125 has taken a fork
118 100 is eating
118 65 is sleeping
118 122 has taken a fork
118 127 has taken a fork
119 63 is sleeping
119 60 is sleeping
119 67 is sleeping
119 161 has taken a fork
119 58 is sleeping
119 158 has taken a fork
119 160 has taken a fork
119 129 has taken a fork
119 165 has taken a fork
119 163 has taken a fork
120 98 is eating
120 111 is eating
120 126 has taken a fork
120 131 has taken a fork
120 133 has taken a fork
120 130 has taken a fork
120 71 is sleeping
120 69 is sleeping
120 62 is sleeping
120 164 has taken a fork
121 137 has taken a fork
121 135 has taken a fork
121 162 has taken a fork
121 167 has taken a fork
121 102 is eating
121 128 has taken a fork
121 104 is eating
121 113 is eating
121 132 has taken a fork
121 73 is sleeping
122 64 is sleeping
122 109 is eating
122 66 is sleeping
122 166 has taken a fork
122 169 has taken a fork
122 168 has taken a fork
123 134 has taken a fork
123 136 has taken a fork
123 140 has taken a fork
123 139 has taken a fork
123 138 has taken a fork
123 75 is sleeping
123 171 has taken a fork
123 77 is sleeping
123 141 has taken a fork
124 170 has taken a fork
124 108 is eating
124 68 is sleeping
124 174 has taken a fork
124 115 is eating
124 106 is eating
124 143 has taken a fork
124 145 has taken a fork
124 142 has taken a fork
124 74 is sleeping
125 144 has taken a fork
125 172 has taken a fork
125 79 is sleeping
125 72 is sleeping
125 70 is sleeping
125 175 has taken a fork
125 177 has taken a fork
125 173 has taken a fork
125 147 has taken a fork
126 149 has taken a fork
126 114 is eating
126 112 is eating
126 117 is eating
126 76 is sleeping
126 81 is sleeping
126 78 is sleeping
126 179 has taken a fork
126 176 has taken a fork
126 83 is sleeping
126 181 has taken a fork
126 178 has taken a fork
126 148 has taken a fork
126 151 has taken a fork
127 110 is eating
127 146 has taken a fork
127 150 has taken a fork
127 85 is sleeping
127 80 is sleeping
127 180 has taken a fork
128 182 has taken a fork
128 152 has taken a fork
128 87 is sleeping
128 120 is eating
128 153 has taken a fork
128 116 is eating
129 119 is eating
129 183 has taken a fork
129 118 is eating
129 121 is eating
129 89 is sleeping
129 91 is sleeping
129 184 has taken a fork
129 82 is sleeping
129 185 has taken a fork
129 186 has taken a fork
129 155 has taken a fork
129 157 has taken a fork
129 156 has taken a fork
129 86 is sleeping
130 159 has taken a fork
130 187 has taken a fork
130 154 has taken a fork
130 84 is sleeping
130 124 is eating
130 189 has taken a fork
131 123 is eating
131 125 is eating
131 122 is eating
131 127 is eating
131 95 is sleeping
131 93 is sleeping
131 191 has taken a fork
131 88 is sleeping
131 188 has taken a fork
132 193 has taken a fork
132 161 has taken a fork
132 158 has taken a fork
132 160 has taken a fork
132 129 is eating
132 165 has taken a fork
132 99 is sleeping
132 163 has taken a fork
132 92 is sleeping
133 192 has taken a fork
133 94 is sleeping
133 195 has taken a fork
133 190 has taken a fork
133 97 is sleeping
134 194 has taken a fork
134 90 is sleeping
134 196 has taken a fork
134 126 is eating
134 131 is eating
135 133 is eating
135 130 is eating
135 164 has taken a fork
135 137 is eating
135 101 is sleeping
135 96 is sleeping
136 135 is eating
136 162 has taken a fork
136 167 has taken a fork
136 197 has taken a fork
137 128 is eating
137 198 has taken a fork
137 132 is eating
137 166 has taken a fork
137 169 has taken a fork
137 168 has taken a fork
138 134 is eating
138 136 is eating
139 140 is eating
140 139 is eating
140 138 is eating
140 171 has taken a fork
141 141 is eating
141 170 has taken a fork
141 174 has taken a fork
142 143 is eating
142 145 is eating
143 142 is eating
143 144 is eating
143 172 has taken a fork
144 175 has taken a fork
144 177 has taken a fork
144 173 has taken a fork
144 147 is eating
144 149 is eating
145 179 has taken a fork
145 176 has taken a fork
145 181 has taken a fork
145 178 has taken a fork
146 148 is eating
146 151 is eating
146 146 is eating
147 150 is eating
147 180 has taken a fork
147 182 has taken a fork
148 152 is eating
148 153 is eating
148 183 has taken a fork
148 184 has taken a fork
149 185 has taken a fork
149 186 has taken a fork
149 155 is eating
150 157 is eating
150 156 is eating
150 159 is eating
151 187 has taken a fork
151 154 is eating
151 189 has taken a fork
151 191 has taken a fork
151 188 has taken a fork
152 193 has taken a fork
152 161 is eating
152 158 is eating
152 160 is eating
152 165 is eating
152 163 is eating
152 192 has taken a fork
153 195 has taken a fork
153 190 has taken a fork
153 194 has taken a fork
153 196 has taken a fork
154 164 is eating
154 162 is eating
154 167 is eating
154 197 has taken a fork
155 198 has taken a fork
155 166 is eating
156 169 is eating
156 168 is eating
157 171 is eating
157 170 is eating
158 174 is eating
158 172 is eating
158 175 is eating
158 177 is eating
158 173 is eating
158 176 is eating
159 179 is eating
159 181 is eating
159 178 is eating
160 180 is eating
160 182 is eating
160 183 is eating
160 184 is eating
160 185 is eating
160 186 is eating
161 187 is eating
161 189 is eating
162 191 is eating
162 188 is eating
163 193 is eating
163 192 is eating
163 195 is eating
164 190 is eating
164 194 is eating
165 196 is eating
165 197 is eating
165 198 is eating
201 1 is thinking
201 7 is thinking
201 9 is thinking
202 103 is sleeping
202 3 is thinking
206 1 has taken a fork
206 1 has taken a fork
206 11 is thinking
208 8 is thinking
209 1 is eating
210 4 is thinking
210 2 is thinking
213 5 is thinking
214 15 is thinking
215 6 is thinking
215 13 is thinking
216 17 is thinking
216 12 is thinking
216 14 is thinking
217 22 is thinking
218 25 is thinking
218 23 is thinking
221 24 is thinking
221 21 is thinking
222 10 is thinking
222 20 is thinking
223 33 is thinking
223 29 is thinking
223 105 is sleeping
224 16 is thinking
224 18 is thinking
225 19 is thinking
225 27 is thinking
225 107 is sleeping
226 7 has taken a fork
227 100 is sleeping
227 37 is thinking
227 30 is thinking
227 28 is thinking
228 9 has taken a fork
228 31 is thinking
229 26 is thinking
229 3 has taken a fork
229 111 is sleeping
229 109 is sleeping
229 102 is sleeping
229 4 has taken a fork
229 113 is sleeping
229 106 is sleeping
229 104 is sleeping
229 115 is sleeping
230 108 is sleeping
230 32 is thinking
230 98 is sleeping
231 11 has taken a fork
231 8 has taken a fork
231 45 is thinking
232 47 is thinking
234 34 is thinking
234 49 is thinking
234 36 is thinking
234 39 is thinking
235 42 is thinking
237 44 is thinking
237 40 is thinking
237 51 is thinking
237 5 has taken a fork
237 38 is thinking
238 41 is thinking
239 43 is thinking
239 2 has taken a fork
240 35 is thinking
240 15 has taken a fork
240 114 is sleeping
240 112 is sleeping
240 110 is sleeping
240 55 is thinking
240 57 is thinking
240 46 is thinking
240 53 is thinking
240 6 has taken a fork
240 13 has taken a fork
240 117 is sleeping
240 50 is thinking
240 52 is thinking
240 116 is sleeping
240 17 has taken a fork
240 119 is sleeping
240 120 is sleeping
240 118 is sleeping
241 12 has taken a fork
241 48 is thinking
241 14 has taken a fork
241 121 is sleeping
241 124 is sleeping
241 54 is thinking
241 59 is thinking
241 22 has taken a fork
241 61 is thinking
241 56 is thinking
241 65 is thinking
241 129 is sleeping
241 125 is sleeping
241 123 is sleeping
241 122 is sleeping
241 23 has taken a fork
241 127 is sleeping
241 126 is sleeping
241 130 is sleeping
241 137 is sleeping
241 133 is sleeping
241 131 is sleeping
241 132 is sleeping
241 128 is sleeping
241 135 is sleeping
241 25 has taken a fork
241 24 has taken a fork
241 60 is thinking
241 62 is thinking
241 67 is thinking
241 58 is thinking
241 73 is thinking
241 69 is thinking
242 63 is thinking
242 71 is thinking
242 21 has taken a fork
242 136 is sleeping
242 134 is sleeping
242 64 is thinking
242 10 has taken a fork
242 66 is thinking
242 20 has taken a fork
242 140 is sleeping
242 139 is sleeping
242 138 is sleeping
242 77 is thinking
242 75 is thinking
242 33 has taken a fork
242 29 has taken a fork
242 141 is sleeping
242 68 is thinking
242 74 is thinking
242 16 has taken a fork
242 18 has taken a fork
242 145 is sleeping
242 144 is sleeping
242 142 is sleeping
242 143 is sleeping
243 70 is thinking
243 79 is thinking
243 72 is thinking
243 19 has taken a fork
243 27 has taken a fork
243 147 is sleeping
243 149 is sleeping
243 83 is thinking
243 78 is thinking
243 76 is thinking
243 81 is thinking
243 7 has taken a fork
243 151 is sleeping
243 148 is sleeping
243 85 is thinking
243 80 is thinking
243 30 has taken a fork
243 28 has taken a fork
244 37 has taken a fork
244 146 is sleeping
244 150 is sleeping
244 153 is sleeping
244 87 is thinking
244 9 has taken a fork
244 152 is sleeping
244 31 has taken a fork
244 155 is sleeping
244 86 is thinking
244 89 is thinking
244 82 is thinking
244 91 is thinking
244 26 has taken a fork
244 3 has taken a fork
244 4 has taken a fork
244 157 is sleeping
245 154 is sleeping
245 156 is sleeping
245 159 is sleeping
245 32 has taken a fork
246 84 is thinking
246 158 is sleeping
246 165 is sleeping
246 160 is sleeping
246 161 is sleeping
246 163 is sleeping
246 11 has taken a fork
247 93 is thinking
248 95 is thinking
248 8 has taken a fork
250 88 is thinking
250 45 has taken a fork
250 47 has taken a fork
250 99 is thinking
251 92 is thinking
251 164 is sleeping
251 162 is sleeping
251 167 is sleeping
251 168 is sleeping
252 169 is sleeping
252 166 is sleeping
252 97 is thinking
254 90 is thinking
254 94 is thinking
255 34 has taken a fork
255 49 has taken a fork
256 36 has taken a fork
256 101 is thinking
256 39 has taken a fork
256 171 is sleeping
256 170 is sleeping
256 96 is thinking
257 42 has taken a fork
257 174 is sleeping
257 172 is sleeping
257 175 is sleeping
257 177 is sleeping
257 173 is sleeping
257 179 is sleeping
257 176 is sleeping
257 181 is sleeping
258 44 has taken a fork
258 40 has taken a fork
258 51 has taken a fork
258 5 has taken a fork
258 38 has taken a fork
260 41 has taken a fork
260 183 is sleeping
260 180 is sleeping
260 178 is sleeping
260 182 is sleeping
260 186 is sleeping
260 184 is sleeping
260 185 is sleeping
261 43 has taken a fork
262 2 has taken a fork
262 189 is sleeping
262 187 is sleeping
262 35 has taken a fork
262 15 has taken a fork
263 55 has taken a fork
263 57 has taken a fork
263 46 has taken a fork
263 53 has taken a fork
263 6 has taken a fork
263 13 has taken a fork
264 50 has taken a fork
264 52 has taken a fork
264 17 has taken a fork
265 188 is sleeping
265 193 is sleeping
265 191 is sleeping
267 12 has taken a fork
267 48 has taken a fork
268 14 has taken a fork
268 54 has taken a fork
268 59 has taken a fork
269 22 has taken a fork
270 61 has taken a fork
270 56 has taken a fork
270 65 has taken a fork
270 23 has taken a fork
271 25 has taken a fork
271 24 has taken a fork
271 60 has taken a fork
271 62 has taken a fork
273 67 has taken a fork
273 58 has taken a fork
274 73 has taken a fork
274 69 has taken a fork
274 63 has taken a fork
274 71 has taken a fork
274 195 is sleeping
274 194 is sleeping
274 190 is sleeping
275 192 is sleeping
275 21 has taken a fork
276 64 has taken a fork
276 10 has taken a fork
276 66 has taken a fork
277 20 has taken a fork
278 77 has taken a fork
278 75 has taken a fork
278 33 has taken a fork
279 29 has taken a fork
281 68 has taken a fork
282 74 has taken a fork
284 16 has taken a fork
285 18 has taken a fork
285 197 is sleeping
286 196 is sleeping
286 198 is sleeping
286 70 has taken a fork
287 79 has taken a fork
287 72 has taken a fork
287 19 has taken a fork
288 27 has taken a fork
288 83 has taken a fork
288 78 has taken a fork
288 76 has taken a fork
289 81 has taken a fork
290 7 is eating
291 85 has taken a fork
291 80 has taken a fork
292 30 has taken a fork
292 28 has taken a fork
293 37 has taken a fork
293 87 has taken a fork
293 9 is eating
293 31 has taken a fork
293 86 has taken a fork
294 89 has taken a fork
294 82 has taken a fork
294 91 has taken a fork
295 26 has taken a fork
295 3 is eating
296 4 is eating
296 32 has taken a fork
296 84 has taken a fork
297 11 is eating
297 93 has taken a fork
298 95 has taken a fork
299 8 is eating
299 88 has taken a fork
299 45 has taken a fork
299 47 has taken a fork
299 99 has taken a fork
300 92 has taken a fork
301 97 has taken a fork
301 90 has taken a fork
302 94 has taken a fork
302 34 has taken a fork
302 49 has taken a fork
302 36 has taken a fork
303 101 has taken a fork
304 39 has taken a fork
304 96 has taken a fork
305 42 has taken a fork
305 44 has taken a fork
305 40 has taken a fork
305 51 has taken a fork
305 5 is eating
305 38 has taken a fork
305 41 has taken a fork
306 43 has taken a fork
306 2 is eating
306 35 has taken a fork
306 15 is eating
307 55 has taken a fork
307 57 has taken a fork
307 46 has taken a fork
308 53 has taken a fork
308 6 is eating
308 13 is eating
309 50 has taken a fork
309 52 has taken a fork
310 17 is eating
310 12 is eating
310 48 has taken a fork
310 14 is eating
310 54 has taken a fork
310 59 has taken a fork
310 22 is eating
310 61 has taken a fork
310 56 has taken a fork
310 65 has taken a fork
310 23 is eating
310 25 is eating
310 24 is eating
310 60 has taken a fork
310 62 has taken a fork
310 67 has taken a fork
311 58 has taken a fork
311 73 has taken a fork
311 69 has taken a fork
311 63 has taken a fork
311 71 has taken a fork
311 21 is eating
311 64 has taken a fork
311 10 is eating
311 66 has taken a fork
312 20 is eating
312 77 has taken a fork
312 75 has taken a fork
312 33 is eating
312 29 is eating
312 68 has taken a fork
313 74 has taken a fork
313 16 is eating
313 18 is eating
313 70 has taken a fork
313 79 has taken a fork
313 72 has taken a fork
313 19 is eating
313 27 is eating
314 83 has taken a fork
314 78 has taken a fork
314 76 has taken a fork
314 81 has taken a fork
314 85 has taken a fork
314 80 has taken a fork
314 30 is eating
314 28 is eating
314 37 is eating
314 87 has taken a fork
314 31 is eating
314 86 has taken a fork
315 89 has taken a fork
315 82 has taken a fork
315 91 has taken a fork
315 26 is eating
315 32 is eating
315 84 has taken a fork
315 93 has taken a fork
315 95 has taken a fork
315 45 is eating
315 88 has taken a fork
315 47 is eating
315 99 has taken a fork
315 92 has taken a fork
316 97 has taken a fork
316 90 has taken a fork
316 94 has taken a fork
316 34 is eating
316 103 is thinking
316 49 is eating
317 36 is eating
317 101 has taken a fork
317 96 has taken a fork
317 39 is eating
317 42 is eating
317 44 is eating
317 40 is eating
317 51 is eating
317 38 is eating
317 43 is eating
317 41 is eating
317 35 is eating
318 55 is eating
318 57 is eating
318 46 is eating
318 1 is sleeping
318 53 is eating
318 50 is eating
318 52 is eating
318 48 is eating
318 54 is eating
318 59 is eating
318 61 is eating
318 56 is eating
319 65 is eating
319 60 is eating
319 62 is eating
319 67 is eating
319 58 is eating
319 73 is eating
320 69 is eating
320 63 is eating
320 71 is eating
320 64 is eating
320 66 is eating
320 77 is eating
320 75 is eating
321 68 is eating
321 74 is eating
321 70 is eating
322 79 is eating
322 72 is eating
322 83 is eating
323 78 is eating
323 76 is eating
324 81 is eating
324 85 is eating
324 80 is eating
324 87 is eating
324 86 is eating
325 89 is eating
325 82 is eating
325 91 is eating
325 84 is eating
325 93 is eating
325 95 is eating
325 88 is eating
325 99 is eating
325 92 is eating
325 97 is eating
326 90 is eating
326 94 is eating
326 103 has taken a fork
326 101 is eating
326 96 is eating
327 105 is thinking
328 107 is thinking
328 103 has taken a fork
328 100 is thinking
329 103 is eating
329 106 is thinking
329 113 is thinking
330 115 is thinking
330 104 is thinking
331 109 is thinking
331 102 is thinking
332 111 is thinking
332 108 is thinking
332 98 is thinking
340 110 is thinking
340 112 is thinking
340 119 is thinking
340 116 is thinking
340 120 is thinking
340 118 is thinking
340 117 is thinking
340 114 is thinking
341 131 is thinking
341 125 is thinking
342 130 is thinking
342 127 is thinking
342 129 is thinking
342 126 is thinking
342 121 is thinking
342 123 is thinking
342 133 is thinking
343 122 is thinking
343 132 is thinking
343 124 is thinking
343 135 is thinking
343 128 is thinking
343 137 is thinking
343 142 is thinking
343 145 is thinking
343 134 is thinking
345 140 is thinking
345 144 is thinking
345 143 is thinking
345 136 is thinking
345 141 is thinking
346 139 is thinking
346 138 is thinking
346 151 is thinking
346 148 is thinking
346 147 is thinking
347 149 is thinking
347 150 is thinking
347 155 is thinking
347 153 is thinking
348 152 is thinking
348 146 is thinking
349 154 is thinking
349 156 is thinking
349 159 is thinking
350 157 is thinking
350 163 is thinking
350 161 is thinking
350 160 is thinking
350 158 is thinking
350 165 is thinking
350 7 is sleeping
351 105 has taken a fork
351 105 has taken a fork
351 105 is eating
351 167 is thinking
351 162 is thinking
351 164 is thinking
352 9 is sleeping
352 168 is thinking
352 169 is thinking
352 166 is thinking
353 107 has taken a fork
353 3 is sleeping
353 107 has taken a fork
353 100 has taken a fork
354 107 is eating
354 4 is sleeping
354 106 has taken a fork
354 106 has taken a fork
354 106 is eating
354 100 has taken a fork
354 100 is eating
355 11 is sleeping
355 113 has taken a fork
355 113 has taken a fork
355 113 is eating
356 8 is sleeping
356 171 is thinking
356 115 has taken a fork
356 115 has taken a fork
356 115 is eating
356 170 is thinking
357 176 is thinking
357 175 is thinking
357 174 is thinking
357 173 is thinking
357 177 is thinking
357 181 is thinking
357 172 is thinking
357 179 is thinking
359 5 is sleeping
359 104 has taken a fork
359 104 has taken a fork
359 104 is eating
360 185 is thinking
360 15 is sleeping
360 2 is sleeping
360 182 is thinking
361 178 is thinking
361 183 is thinking
362 180 is thinking
362 109 has taken a fork
362 102 has taken a fork
363 186 is thinking
363 184 is thinking
363 6 is sleeping
363 187 is thinking
363 13 is sleeping
363 189 is thinking
363 108 has taken a fork
363 111 has taken a fork
363 109 has taken a fork
363 102 has taken a fork
363 12 is sleeping
363 14 is sleeping
363 98 has taken a fork
364 17 is sleeping
364 110 has taken a fork
364 112 has taken a fork
364 108 has taken a fork
364 111 has taken a fork
364 109 is eating
365 102 is eating
365 98 has taken a fork
365 22 is sleeping
365 23 is sleeping
365 119 has taken a fork
365 110 has taken a fork
365 112 has taken a fork
366 116 has taken a fork
366 108 is eating
366 111 is eating
366 188 is thinking
367 193 is thinking
367 98 is eating
367 191 is thinking
367 119 has taken a fork
368 110 is eating
368 112 is eating
368 24 is sleeping
368 120 has taken a fork
368 116 has taken a fork
368 25 is sleeping
369 21 is sleeping
369 118 has taken a fork
369 117 has taken a fork
369 10 is sleeping
369 114 has taken a fork
369 20 is sleeping
369 131 has taken a fork
369 119 is eating
369 33 is sleeping
369 125 has taken a fork
369 29 is sleeping
369 120 has taken a fork
369 116 is eating
369 130 has taken a fork
369 118 has taken a fork
370 27 is sleeping
370 117 has taken a fork
370 127 has taken a fork
370 114 has taken a fork
370 18 is sleeping
370 16 is sleeping
370 19 is sleeping
370 121 has taken a fork
370 129 has taken a fork
370 126 has taken a fork
370 131 has taken a fork
371 125 has taken a fork
371 120 is eating
371 130 has taken a fork
371 118 is eating
371 117 is eating
371 127 has taken a fork
371 114 is eating
371 121 has taken a fork
371 129 has taken a fork
371 126 has taken a fork
371 131 is eating
372 125 is eating
372 30 is sleeping
372 37 is sleeping
372 28 is sleeping
372 123 has taken a fork
372 133 has taken a fork
372 122 has taken a fork
372 130 is eating
372 127 is eating
373 121 is eating
373 129 is eating
373 126 is eating
373 26 is sleeping
373 132 has taken a fork
373 31 is sleeping
373 123 has taken a fork
373 133 has taken a fork
373 124 has taken a fork
373 122 has taken a fork
374 32 is sleeping
374 45 is sleeping
374 135 has taken a fork
374 128 has taken a fork
375 132 has taken a fork
375 123 is eating
375 133 is eating
375 124 has taken a fork
375 194 is thinking
376 190 is thinking
377 122 is eating
377 47 is sleeping
377 137 has taken a fork
377 195 is thinking
377 135 has taken a fork
378 128 has taken a fork
379 132 is eating
379 34 is sleeping
379 192 is thinking
379 142 has taken a fork
379 49 is sleeping
379 145 has taken a fork
379 124 is eating
380 39 is sleeping
380 36 is sleeping
380 42 is sleeping
380 144 has taken a fork
381 38 is sleeping
381 44 is sleeping
381 51 is sleeping
381 40 is sleeping
381 141 has taken a fork
381 139 has taken a fork
381 143 has taken a fork
381 136 has taken a fork
381 140 has taken a fork
381 137 has taken a fork
381 134 has taken a fork
381 135 is eating
381 41 is sleeping
381 138 has taken a fork
381 128 is eating
382 43 is sleeping
382 46 is sleeping
382 57 is sleeping
382 50 is sleeping
382 53 is sleeping
383 148 has taken a fork
383 147 has taken a fork
383 52 is sleeping
383 155 has taken a fork
384 149 has taken a fork
384 35 is sleeping
384 151 has taken a fork
384 153 has taken a fork
384 55 is sleeping
384 152 has taken a fork
384 150 has taken a fork
384 142 has taken a fork
384 145 has taken a fork
384 60 is sleeping
385 146 has taken a fork
385 56 is sleeping
386 48 is sleeping
386 61 is sleeping
386 62 is sleeping
386 54 is sleeping
386 59 is sleeping
386 67 is sleeping
386 73 is sleeping
386 158 has taken a fork
387 58 is sleeping
387 65 is sleeping
387 156 has taken a fork
387 157 has taken a fork
387 159 has taken a fork
387 163 has taken a fork
387 161 has taken a fork
388 160 has taken a fork
388 144 has taken a fork
388 154 has taken a fork
388 165 has taken a fork
389 167 has taken a fork
389 69 is sleeping
389 162 has taken a fork
390 71 is sleeping
390 75 is sleeping
391 164 has taken a fork
391 66 is sleeping
391 169 has taken a fork
391 77 is sleeping
392 64 is sleeping
392 63 is sleeping
393 166 has taken a fork
394 168 has taken a fork
395 141 has taken a fork
395 139 has taken a fork
395 143 has taken a fork
395 136 has taken a fork
396 140 has taken a fork
396 137 is eating
399 134 has taken a fork
399 170 has taken a fork
399 171 has taken a fork
400 138 has taken a fork
400 74 is sleeping
400 68 is sleeping
401 70 is sleeping
401 176 has taken a fork
402 175 has taken a fork
402 174 has taken a fork
403 79 is sleeping
403 173 has taken a fork
403 72 is sleeping
403 83 is sleeping
403 177 has taken a fork
403 78 is sleeping
403 181 has taken a fork
405 172 has taken a fork
405 148 has taken a fork
405 76 is sleeping
405 147 has taken a fork
405 155 has taken a fork
405 179 has taken a fork
407 149 has taken a fork
407 151 has taken a fork
408 153 has taken a fork
408 152 has taken a fork
408 150 has taken a fork
408 87 is sleeping
408 80 is sleeping
408 85 is sleeping
408 86 is sleeping
408 81 is sleeping
408 185 has taken a fork
408 142 is eating
408 180 has taken a fork
408 145 is eating
409 182 has taken a fork
409 178 has taken a fork
409 183 has taken a fork
410 82 is sleeping
410 91 is sleeping
410 184 has taken a fork
410 197 is thinking
410 89 is sleeping
410 187 has taken a fork
411 186 has taken a fork
411 146 has taken a fork
411 84 is sleeping
412 93 is sleeping
412 198 is thinking
413 196 is thinking
414 188 has taken a fork
414 189 has taken a fork
414 158 has taken a fork
414 156 has taken a fork
414 95 is sleeping
414 193 has taken a fork
414 157 has taken a fork
414 159 has taken a fork
414 163 has taken a fork
414 161 has taken a fork
414 92 is sleeping
415 88 is sleeping
415 191 has taken a fork
415 194 has taken a fork
415 160 has taken a fork
415 144 is eating
415 99 is sleeping
415 190 has taken a fork
416 154 has taken a fork
416 165 has taken a fork
417 97 is sleeping
417 195 has taken a fork
418 167 has taken a fork
418 162 has taken a fork
418 94 is sleeping
419 90 is sleeping
419 192 has taken a fork
419 164 has taken a fork
419 101 is sleeping
421 169 has taken a fork
421 96 is sleeping
423 166 has taken a fork
423 168 has taken a fork
423 141 is eating
423 139 is eating
423 143 is eating
423 136 is eating
423 140 is eating
424 170 has taken a fork
424 171 has taken a fork
424 138 is eating
424 134 is eating
424 176 has taken a fork
425 175 has taken a fork
427 174 has taken a fork
427 173 has taken a fork
427 177 has taken a fork
427 181 has taken a fork
427 172 has taken a fork
427 148 is eating
427 147 is eating
427 155 is eating
428 179 has taken a fork
428 149 is eating
428 151 is eating
428 153 is eating
428 152 is eating
428 150 is eating
428 185 has taken a fork
429 180 has taken a fork
429 182 has taken a fork
429 178 has taken a fork
429 184 has taken a fork
429 197 has taken a fork
429 187 has taken a fork
433 183 has taken a fork
434 186 has taken a fork
434 146 is eating
434 198 has taken a fork
434 196 has taken a fork
434 188 has taken a fork
434 189 has taken a fork
436 158 is eating
436 156 is eating
437 193 has taken a fork
437 157 is eating
437 159 is eating
437 163 is eating
437 161 is eating
437 191 has taken a fork
438 194 has taken a fork
438 160 is eating
438 190 has taken a fork
439 154 is eating
439 165 is eating
440 195 has taken a fork
440 1 is thinking
440 167 is eating
440 162 is eating
440 192 has taken a fork
440 164 is eating
441 169 is eating
441 166 is eating
441 168 is eating
441 103 is sleeping
443 170 is eating
445 171 is eating
445 176 is eating
445 175 is eating
445 174 is eating
445 173 is eating
446 177 is eating
446 181 is eating
447 172 is eating
450 179 is eating
450 185 is eating
450 180 is eating
450 182 is eating
450 178 is eating
450 184 is eating
451 197 has taken a fork
451 187 is eating
451 183 is eating
453 186 is eating
454 198 has taken a fork
454 196 has taken a fork
456 188 is eating
460 189 is eating
463 193 is eating
463 191 is eating
463 194 is eating
465 190 is eating
466 195 is eating
466 1 has taken a fork
466 192 is eating
466 7 is thinking
466 105 is sleeping
466 197 is eating
466 107 is sleeping
466 9 is thinking
468 3 is thinking
468 198 is eating
468 196 is eating
468 100 is sleeping
468 106 is sleeping
469 113 is sleeping
469 11 is thinking
469 4 is thinking
469 115 is sleeping
471 8 is thinking
471 5 is thinking
471 104 is sleeping
472 15 is thinking
472 2 is thinking
472 109 is sleeping
472 14 is thinking
472 102 is sleeping
472 6 is thinking
473 13 is thinking
473 12 is thinking
473 111 is sleeping
474 108 is sleeping
478 17 is thinking
478 98 is sleeping
479 23 is thinking
479 22 is thinking
479 1 has taken a fork
479 7 has taken a fork
479 110 is sleeping
480 9 has taken a fork
481 112 is sleeping
481 116 is sleeping
481 119 is sleeping
482 3 has taken a fork
483 25 is thinking
484 24 is thinking
484 10 is thinking
484 21 is thinking
485 117 is sleeping
485 20 is thinking
485 29 is thinking
486 120 is sleeping
486 11 has taken a fork
486 4 has taken a fork
486 114 is sleeping
486 118 is sleeping
487 33 is thinking
487 125 is sleeping
487 18 is thinking
487 131 is sleeping
487 130 is sleeping
488 27 is thinking
488 19 is thinking
488 16 is thinking
489 129 is sleeping
489 121 is sleeping
489 8 has taken a fork
489 127 is sleeping
489 126 is sleeping
489 5 has taken a fork
489 37 is thinking
489 15 has taken a fork
489 2 has taken a fork
490 30 is thinking
490 28 is thinking
491 14 has taken a fork
491 6 has taken a fork
491 31 is thinking
491 123 is sleeping
492 133 is sleeping
492 13 has taken a fork
492 26 is thinking
493 12 has taken a fork
493 122 is sleeping
493 45 is thinking
494 135 is sleeping
494 17 has taken a fork
494 128 is sleeping
494 47 is thinking
494 124 is sleeping
494 34 is thinking
494 23 has taken a fork
494 49 is thinking
494 22 has taken a fork
495 1 is eating
495 7 has taken a fork
495 36 is thinking
495 42 is thinking
495 39 is thinking
496 9 has taken a fork
496 32 is thinking
497 132 is sleeping
497 51 is thinking
497 44 is thinking
497 38 is thinking
498 40 is thinking
498 41 is thinking
498 50 is thinking
499 43 is thinking
499 46 is thinking
499 53 is thinking
499 3 has taken a fork
499 57 is thinking
500 52 is thinking
500 25 has taken a fork
500 55 is thinking
500 35 is thinking
500 60 is thinking
500 24 has taken a fork
500 10 has taken a fork
500 21 has taken a fork
500 137 is sleeping
501 56 is thinking
501 20 has taken a fork
501 29 has taken a fork
501 54 is thinking
501 48 is thinking
501 73 is thinking
501 62 is thinking
501 67 is thinking
501 59 is thinking
501 11 has taken a fork
501 4 has taken a fork
501 61 is thinking
501 58 is thinking
502 65 is thinking
502 33 has taken a fork
502 18 has taken a fork
502 27 has taken a fork
502 19 has taken a fork
503 16 has taken a fork
503 69 is thinking
503 8 has taken a fork
503 5 has taken a fork
503 37 has taken a fork
503 15 has taken a fork
503 2 has taken a fork
503 30 has taken a fork
503 75 is thinking
504 71 is thinking
504 28 has taken a fork
504 14 has taken a fork
504 66 is thinking
504 77 is thinking
504 6 has taken a fork
504 31 has taken a fork
504 142 is sleeping
504 145 is sleeping
504 63 is thinking
504 64 is thinking
504 13 has taken a fork
505 26 has taken a fork
505 12 has taken a fork
505 45 has taken a fork
505 17 has taken a fork
505 47 has taken a fork
505 34 has taken a fork
505 23 has taken a fork
505 49 has taken a fork
505 22 has taken a fork
505 7 is eating
505 36 has taken a fork
505 144 is sleeping
505 42 has taken a fork
505 9 is eating
506 3 is eating
506 139 is sleeping
506 143 is sleeping
506 39 has taken a fork
507 32 has taken a fork
507 141 is sleeping
507 74 is thinking
507 51 has taken a fork
507 68 is thinking
508 25 has taken a fork
508 140 is sleeping
508 24 has taken a fork
508 10 has taken a fork
508 44 has taken a fork
508 21 has taken a fork
509 134 is sleeping
509 136 is sleeping
509 40 has taken a fork
509 38 has taken a fork
509 138 is sleeping
509 41 has taken a fork
509 70 is thinking
509 20 has taken a fork
509 29 has taken a fork
509 11 is eating
509 4 is eating
509 33 has taken a fork
510 18 has taken a fork
510 27 has taken a fork
510 147 is sleeping
510 19 has taken a fork
510 155 is sleeping
510 148 is sleeping
510 46 has taken a fork
511 72 is thinking
511 83 is thinking
511 50 has taken a fork
511 78 is thinking
511 43 has taken a fork
511 79 is thinking
511 16 has taken a fork
511 8 is eating
511 5 is eating
511 37 has taken a fork
511 15 is eating
511 2 is eating
512 30 has taken a fork
512 28 has taken a fork
512 14 is eating
512 151 is sleeping
513 153 is sleeping
513 150 is sleeping
513 152 is sleeping
513 6 is eating
513 31 has taken a fork
513 55 has taken a fork
513 149 is sleeping
513 35 has taken a fork
513 53 has taken a fork
514 57 has taken a fork
514 52 has taken a fork
514 13 is eating
514 76 is thinking
515 26 has taken a fork
515 12 is eating
515 45 has taken a fork
515 17 is eating
515 47 has taken a fork
515 34 has taken a fork
515 49 has taken a fork
515 23 is eating
516 22 is eating
516 36 has taken a fork
516 42 has taken a fork
516 39 has taken a fork
516 60 has taken a fork
516 146 is sleeping
516 32 has taken a fork
516 51 has taken a fork
516 81 is thinking
516 87 is thinking
516 80 is thinking
516 156 is sleeping
516 86 is thinking
516 85 is thinking
516 56 has taken a fork
518 25 is eating
518 24 is eating
518 158 is sleeping
518 54 has taken a fork
519 44 has taken a fork
519 10 is eating
519 21 is eating
519 159 is sleeping
519 48 has taken a fork
519 163 is sleeping
519 161 is sleeping
519 160 is sleeping
519 157 is sleeping
520 73 has taken a fork
520 62 has taken a fork
520 59 has taken a fork
520 67 has taken a fork
520 40 has taken a fork
520 38 has taken a fork
520 41 has taken a fork
520 20 is eating
520 29 is eating
520 33 is eating
520 91 is thinking
520 82 is thinking
520 18 is eating
520 89 is thinking
521 154 is sleeping
521 61 has taken a fork
521 27 is eating
522 19 is eating
522 46 has taken a fork
522 84 is thinking
522 164 is sleeping
522 169 is sleeping
523 58 has taken a fork
524 168 is sleeping
524 65 has taken a fork
524 69 has taken a fork
524 167 is sleeping
524 166 is sleeping
524 50 has taken a fork
525 162 is sleeping
525 71 has taken a fork
525 75 has taken a fork
525 165 is sleeping
525 66 has taken a fork
525 77 has taken a fork
525 43 has taken a fork
526 16 is eating
526 37 is eating
526 93 is thinking
527 170 is sleeping
527 63 has taken a fork
528 30 is eating
528 28 is eating
528 31 is eating
528 55 has taken a fork
528 35 has taken a fork
528 53 has taken a fork
528 176 is sleeping
528 95 is thinking
528 64 has taken a fork
528 173 is sleeping
528 74 has taken a fork
528 57 has taken a fork
529 174 is sleeping
529 175 is sleeping
529 70 has taken a fork
529 52 has taken a fork
529 171 is sleeping
529 68 has taken a fork
529 72 has taken a fork
529 181 is sleeping
529 177 is sleeping
530 88 is thinking
530 99 is thinking
530 83 has taken a fork
530 78 has taken a fork
530 26 is eating
530 172 is sleeping
531 92 is thinking
531 79 has taken a fork
531 45 is eating
531 47 is eating
531 34 is eating
531 49 is eating
531 36 is eating
532 42 is eating
532 39 is eating
532 60 has taken a fork
532 32 is eating
532 51 is eating
532 56 has taken a fork
532 182 is sleeping
533 178 is sleeping
533 81 has taken a fork
533 180 is sleeping
533 76 has taken a fork
533 87 has taken a fork
533 97 is thinking
533 185 is sleeping
533 80 has taken a fork
533 187 is sleeping
533 86 has taken a fork
533 184 is sleeping
533 85 has taken a fork
533 179 is sleeping
533 183 is sleeping
533 94 is thinking
533 54 has taken a fork
533 101 is thinking
533 90 is thinking
534 186 is sleeping
534 44 is eating
534 48 has taken a fork
534 73 has taken a fork
534 62 has taken a fork
534 59 has taken a fork
534 67 has taken a fork
535 40 is eating
535 38 is eating
535 41 is eating
535 91 has taken a fork
535 82 has taken a fork
535 89 has taken a fork
535 96 is thinking
536 188 is sleeping
536 61 has taken a fork
537 46 is eating
537 84 has taken a fork
537 58 has taken a fork
537 189 is sleeping
538 65 has taken a fork
538 69 has taken a fork
539 50 is eating
540 193 is sleeping
541 71 has taken a fork
541 75 has taken a fork
541 66 has taken a fork
541 77 has taken a fork
541 43 is eating
541 191 is sleeping
542 194 is sleeping
542 93 has taken a fork
542 190 is sleeping
542 63 has taken a fork
543 195 is sleeping
543 192 is sleeping
543 55 is eating
543 35 is eating
543 53 is eating
544 95 has taken a fork
544 64 has taken a fork
544 74 has taken a fork
544 57 is eating
544 70 has taken a fork
544 52 is eating
544 68 has taken a fork
544 72 has taken a fork
544 88 has taken a fork
544 99 has taken a fork
545 83 has taken a fork
545 78 has taken a fork
547 92 has taken a fork
547 79 has taken a fork
547 60 is eating
547 56 is eating
547 81 has taken a fork
547 76 has taken a fork
548 87 has taken a fork
548 97 has taken a fork
548 80 has taken a fork
548 86 has taken a fork
549 85 has taken a fork
549 94 has taken a fork
549 54 is eating
549 48 is eating
550 73 is eating
550 62 is eating
550 59 is eating
550 67 is eating
550 91 has taken a fork
550 82 has taken a fork
550 89 has taken a fork
550 61 is eating
550 84 has taken a fork
551 58 is eating
551 197 is sleeping
551 101 has taken a fork
551 65 is eating
551 69 is eating
551 198 is sleeping
551 90 has taken a fork
551 71 is eating
551 196 is sleeping
551 103 is thinking
551 96 has taken a fork
552 75 is eating
552 66 is eating
552 77 is eating
552 93 has taken a fork
552 63 is eating
552 95 has taken a fork
553 64 is eating
553 74 is eating
553 70 is eating
554 68 is eating
554 72 is eating
554 88 has taken a fork
554 99 has taken a fork
555 83 is eating
555 78 is eating
556 92 has taken a fork
556 79 is eating
556 81 is eating
556 87 is eating
556 97 has taken a fork
556 76 is eating
556 80 is eating
556 86 is eating
557 85 is eating
558 94 has taken a fork
558 91 is eating
558 82 is eating
558 89 is eating
558 84 is eating
558 101 has taken a fork
558 90 has taken a fork
558 96 has taken a fork
558 93 is eating
558 95 is eating
559 88 is eating
559 99 is eating
559 92 is eating
559 97 is eating
559 94 is eating
559 101 is eating
559 90 is eating
559 96 is eating
566 107 is thinking
566 105 is thinking
568 106 is thinking
568 100 is thinking
568 1 is sleeping
568 103 has taken a fork
568 103 has taken a fork
568 103 is eating
569 115 is thinking
569 113 is thinking
571 104 is thinking
572 102 is thinking
572 109 is thinking
573 111 is thinking
574 108 is thinking
579 98 is thinking
579 110 is thinking
581 119 is thinking
581 116 is thinking
581 112 is thinking
585 117 is thinking
586 114 is thinking
586 9 is sleeping
586 118 is thinking
586 120 is thinking
586 7 is sleeping
586 107 has taken a fork
586 107 has taken a fork
586 107 is eating
587 3 is sleeping
587 130 is thinking
587 100 has taken a fork
587 100 has taken a fork
587 100 is eating
587 105 has taken a fork
587 105 has taken a fork
587 105 is eating
588 125 is thinking
589 131 is thinking
589 127 is thinking
589 129 is thinking
589 121 is thinking
589 126 is thinking
590 11 is sleeping
590 4 is sleeping
590 106 has taken a fork
590 115 has taken a fork
590 106 has taken a fork
590 115 has taken a fork
590 106 is eating
590 115 is eating
591 123 is thinking
591 5 is sleeping
591 113 has taken a fork
591 113 has taken a fork
591 113 is eating
592 15 is sleeping
592 133 is thinking
592 104 has taken a fork
593 8 is sleeping
595 104 has taken a fork
595 14 is sleeping
595 109 has taken a fork
595 2 is sleeping
596 111 has taken a fork
597 102 has taken a fork
597 122 is thinking
597 6 is sleeping
598 108 has taken a fork
598 128 is thinking
598 124 is thinking
599 13 is sleeping
599 104 is eating
599 109 has taken a fork
600 12 is sleeping
601 98 has taken a fork
601 111 has taken a fork
601 135 is thinking
601 110 has taken a fork
601 102 has taken a fork
601 17 is sleeping
601 23 is sleeping
601 132 is thinking
602 119 has taken a fork
602 116 has taken a fork
602 108 has taken a fork
602 22 is sleeping
603 112 has taken a fork
603 109 is eating
603 137 is thinking
603 25 is sleeping
604 24 is sleeping
604 98 has taken a fork
604 114 has taken a fork
604 111 is eating
604 110 has taken a fork
604 102 is eating
604 119 has taken a fork
605 116 has taken a fork
605 108 is eating
607 21 is sleeping
607 10 is sleeping
607 117 has taken a fork
607 118 has taken a fork
607 20 is sleeping
607 29 is sleeping
607 120 has taken a fork
607 112 has taken a fork
607 130 has taken a fork
607 98 is eating
607 114 has taken a fork
607 18 is sleeping
607 142 is thinking
607 33 is sleeping
607 145 is thinking
607 125 has taken a fork
607 127 has taken a fork
607 131 has taken a fork
607 110 is eating
607 119 is eating
607 116 is eating
607 144 is thinking
607 19 is sleeping
607 27 is sleeping
607 129 has taken a fork
607 121 has taken a fork
607 139 is thinking
607 141 is thinking
609 143 is thinking
609 117 has taken a fork
609 118 has taken a fork
610 120 has taken a fork
610 112 is eating
610 130 has taken a fork
610 114 is eating
612 125 has taken a fork
613 127 has taken a fork
614 131 has taken a fork
614 129 has taken a fork
614 121 has taken a fork
614 16 is sleeping
614 37 is sleeping
614 140 is thinking
614 28 is sleeping
614 126 has taken a fork
614 123 has taken a fork
614 133 has taken a fork
614 138 is thinking
615 134 is thinking
615 136 is thinking
615 118 is eating
615 117 is eating
615 148 is thinking
615 155 is thinking
615 120 is eating
615 130 is eating
615 147 is thinking
615 31 is sleeping
615 30 is sleeping
615 26 is sleeping
615 122 has taken a fork
615 128 has taken a fork
615 124 has taken a fork
616 151 is thinking
616 125 is eating
619 152 is thinking
619 47 is sleeping
619 34 is sleeping
620 149 is thinking
620 45 is sleeping
620 49 is sleeping
620 132 has taken a fork
620 127 is eating
620 42 is sleeping
626 153 is thinking
627 36 is sleeping
628 150 is thinking
631 137 has taken a fork
633 142 has taken a fork
633 145 has taken a fork
635 135 has taken a fork
635 144 has taken a fork
636 131 is eating
636 129 is eating
636 121 is eating
636 126 has taken a fork
636 123 has taken a fork
636 133 has taken a fork
636 122 has taken a fork
636 128 has taken a fork
636 124 has taken a fork
637 146 is thinking
637 39 is sleeping
637 51 is sleeping
637 32 is sleeping
637 156 is thinking
637 44 is sleeping
637 140 has taken a fork
637 41 is sleeping
637 38 is sleeping
638 134 has taken a fork
638 40 is sleeping
638 158 is thinking
638 157 is thinking
638 141 has taken a fork
638 139 has taken a fork
638 138 has taken a fork
639 159 is thinking
640 160 is thinking
644 161 is thinking
644 163 is thinking
645 136 has taken a fork
646 143 has taken a fork
647 46 is sleeping
647 132 has taken a fork
647 50 is sleeping
648 155 has taken a fork
649 148 has taken a fork
649 154 is thinking
649 43 is sleeping
649 147 has taken a fork
649 164 is thinking
651 169 is thinking
651 52 is sleeping
652 35 is sleeping
652 166 is thinking
653 55 is sleeping
653 53 is sleeping
653 168 is thinking
653 149 has taken a fork
654 167 is thinking
654 162 is thinking
654 165 is thinking
654 153 has taken a fork
655 57 is sleeping
655 151 has taken a fork
655 152 has taken a fork
655 60 is sleeping
656 170 is thinking
656 176 is thinking
657 173 is thinking
657 56 is sleeping
657 150 has taken a fork
657 54 is sleeping
658 181 is thinking
658 48 is sleeping
658 171 is thinking
658 174 is thinking
658 62 is sleeping
658 67 is sleeping
658 73 is sleeping
659 172 is thinking
659 61 is sleeping
659 59 is sleeping
659 177 is thinking
659 71 is sleeping
659 65 is sleeping
659 58 is sleeping
659 69 is sleeping
659 137 has taken a fork
660 175 is thinking
660 75 is sleeping
661 66 is sleeping
661 77 is sleeping
661 63 is sleeping
661 182 is thinking
661 183 is thinking
661 178 is thinking
661 180 is thinking
661 185 is thinking
662 184 is thinking
662 187 is thinking
662 142 has taken a fork
662 179 is thinking
662 145 has taken a fork
662 72 is sleeping
662 74 is sleeping
662 64 is sleeping
662 186 is thinking
662 70 is sleeping
663 68 is sleeping
663 83 is sleeping
663 135 has taken a fork
663 78 is sleeping
664 144 has taken a fork
664 79 is sleeping
664 188 is thinking
664 126 is eating
664 123 is eating
665 133 is eating
665 122 is eating
665 128 is eating
665 124 is eating
666 87 is sleeping
666 86 is sleeping
667 146 has taken a fork
667 81 is sleeping
667 76 is sleeping
667 189 is thinking
667 80 is sleeping
669 156 has taken a fork
669 140 has taken a fork
670 85 is sleeping
671 134 has taken a fork
671 158 has taken a fork
672 157 has taken a fork
672 141 has taken a fork
673 139 has taken a fork
673 138 has taken a fork
673 89 is sleeping
673 82 is sleeping
674 91 is sleeping
675 159 has taken a fork
675 193 is thinking
675 160 has taken a fork
676 84 is sleeping
676 93 is sleeping
676 194 is thinking
677 190 is thinking
677 191 is thinking
677 192 is thinking
678 195 is thinking
678 95 is sleeping
680 161 has taken a fork
682 163 has taken a fork
683 92 is sleeping
683 136 has taken a fork
684 88 is sleeping
685 99 is sleeping
686 97 is sleeping
686 94 is sleeping
686 143 has taken a fork
686 132 is eating
686 155 has taken a fork
687 101 is sleeping
687 148 has taken a fork
687 154 has taken a fork
687 147 has taken a fork
688 164 has taken a fork
688 96 is sleeping
688 197 is thinking
688 169 has taken a fork
688 198 is thinking
688 90 is sleeping
688 196 is thinking
689 166 has taken a fork
689 168 has taken a fork
689 149 has taken a fork
689 167 has taken a fork
689 162 has taken a fork
689 165 has taken a fork
689 153 has taken a fork
689 151 has taken a fork
689 152 has taken a fork
689 170 has taken a fork
689 176 has taken a fork
689 173 has taken a fork
689 150 has taken a fork
690 181 has taken a fork
690 171 has taken a fork
690 174 has taken a fork
690 172 has taken a fork
690 177 has taken a fork
690 137 is eating
690 175 has taken a fork
690 182 has taken a fork
690 183 has taken a fork
690 178 has taken a fork
691 180 has taken a fork
691 185 has taken a fork
691 184 has taken a fork
691 187 has taken a fork
691 142 is eating
691 179 has taken a fork
691 145 is eating
691 186 has taken a fork
691 135 is eating
691 144 is eating
691 188 has taken a fork
691 146 has taken a fork
692 189 has taken a fork
692 103 is sleeping
692 1 is thinking
692 156 has taken a fork
692 140 is eating
692 134 is eating
692 158 has taken a fork
693 157 has taken a fork
693 141 is eating
693 139 is eating
693 138 is eating
695 159 has taken a fork
695 193 has taken a fork
696 160 has taken a fork
696 194 has taken a fork
696 190 has taken a fork
697 191 has taken a fork
697 192 has taken a fork
697 195 has taken a fork
697 161 has taken a fork
697 163 has taken a fork
697 136 is eating
698 107 is sleeping
699 7 is thinking
699 9 is thinking
699 143 is eating
699 155 is eating
699 100 is sleeping
699 3 is thinking
700 105 is sleeping
700 148 is eating
700 154 has taken a fork
700 147 is eating
700 164 has taken a fork
700 197 has taken a fork
700 169 has taken a fork
700 198 has taken a fork
701 196 has taken a fork
701 166 has taken a fork
701 168 has taken a fork
701 149 is eating
701 167 has taken a fork
701 162 has taken a fork
702 165 has taken a fork
702 153 is eating
702 151 is eating
702 152 is eating
703 170 has taken a fork
703 176 has taken a fork
703 173 has taken a fork
705 150 is eating
705 115 is sleeping
705 181 has taken a fork
705 106 is sleeping
706 171 has taken a fork
706 174 has taken a fork
707 4 is thinking
707 172 has taken a fork
707 177 has taken a fork
707 11 is thinking
707 175 has taken a fork
708 182 has taken a fork
708 183 has taken a fork
708 178 has taken a fork
709 180 has taken a fork
709 5 is thinking
709 185 has taken a fork
709 184 has taken a fork
709 187 has taken a fork
709 179 has taken a fork
709 186 has taken a fork
709 188 has taken a fork
709 146 is eating
709 15 is thinking
710 189 has taken a fork
710 1 has taken a fork
711 156 is eating
711 113 is sleeping
711 158 is eating
712 157 is eating
712 8 is thinking
712 159 is eating
712 14 is thinking
712 2 is thinking
712 193 has taken a fork
712 160 is eating
712 104 is sleeping
713 194 has taken a fork
713 190 has taken a fork
713 6 is thinking
713 191 has taken a fork
714 192 has taken a fork
714 195 has taken a fork
714 161 is eating
714 163 is eating
715 102 is sleeping
715 109 is sleeping
716 111 is sleeping
716 108 is sleeping
716 7 has taken a fork
717 13 is thinking
717 9 has taken a fork
717 3 has taken a fork
718 154 is eating
718 164 is eating
718 197 has taken a fork
719 12 is thinking
719 169 is eating
719 198 has taken a fork
719 23 is thinking
720 17 is thinking
720 196 has taken a fork
720 166 is eating
720 168 is eating
721 167 is eating
721 162 is eating
721 165 is eating
722 119 is sleeping
722 22 is thinking
723 116 is sleeping
723 25 is thinking
725 110 is sleeping
725 170 is eating
726 98 is sleeping
726 176 is eating
726 173 is eating
727 181 is eating
727 24 is thinking
727 112 is sleeping
727 171 is eating
727 114 is sleeping
727 174 is eating
727 10 is thinking
728 33 is thinking
730 4 has taken a fork
730 172 is eating
730 21 is thinking
731 177 is eating
731 29 is thinking
731 18 is thinking
731 11 has taken a fork
731 175 is eating
731 19 is thinking
732 27 is thinking
732 20 is thinking
732 182 is eating
732 183 is eating
732 178 is eating
732 180 is eating
732 5 has taken a fork
732 185 is eating
732 184 is eating
732 187 is eating
732 179 is eating
733 186 is eating
733 188 is eating
733 120 is sleeping
734 117 is sleeping
734 130 is sleeping
734 118 is sleeping
734 15 has taken a fork
734 189 is eating
736 1 has taken a fork
736 125 is sleeping
736 127 is sleeping
737 8 has taken a fork
738 14 has taken a fork
738 2 has taken a fork
738 193 is eating
738 194 is eating
738 190 is eating
738 6 has taken a fork
738 191 is eating
738 37 is thinking
739 192 is eating
740 16 is thinking
740 195 is eating
740 30 is thinking
740 31 is thinking
740 28 is thinking
740 26 is thinking
740 7 has taken a fork
740 13 has taken a fork
741 9 has taken a fork
741 3 has taken a fork
742 197 is eating
742 34 is thinking
742 47 is thinking
743 12 has taken a fork
743 198 is eating
744 23 has taken a fork
744 45 is thinking
744 49 is thinking
745 17 has taken a fork
746 196 is eating
746 131 is sleeping
746 42 is thinking
746 121 is sleeping
746 129 is sleeping
746 22 has taken a fork
747 25 has taken a fork
747 24 has taken a fork
747 10 has taken a fork
749 36 is thinking
750 33 has taken a fork
751 4 has taken a fork
752 21 has taken a fork
752 29 has taken a fork
752 18 has taken a fork
753 11 has taken a fork
753 19 has taken a fork
754 27 has taken a fork
754 20 has taken a fork
754 5 has taken a fork
754 15 has taken a fork
754 1 is eating
754 126 is sleeping
754 44 is thinking
754 133 is sleeping
754 123 is sleeping
754 51 is thinking
755 32 is thinking
755 39 is thinking
756 8 has taken a fork
756 41 is thinking
756 40 is thinking
756 14 has taken a fork
757 2 has taken a fork
757 38 is thinking
757 6 has taken a fork
757 37 has taken a fork
757 122 is sleeping
757 124 is sleeping
757 128 is sleeping
757 16 has taken a fork
757 30 has taken a fork
757 31 has taken a fork
757 28 has taken a fork
758 26 has taken a fork
758 7 is eating
758 13 has taken a fork
758 3 is eating
759 9 is eating
759 12 has taken a fork
760 23 has taken a fork
760 17 has taken a fork
760 22 has taken a fork
760 25 has taken a fork
761 46 is thinking
761 24 has taken a fork
761 10 has taken a fork
761 50 is thinking
761 43 is thinking
761 132 is sleeping
761 33 has taken a fork
762 34 has taken a fork
762 52 is thinking
763 4 is eating
763 35 is thinking
763 21 has taken a fork
764 137 is sleeping
764 29 has taken a fork
765 47 has taken a fork
765 18 has taken a fork
765 55 is thinking
767 53 is thinking
767 145 is sleeping
767 11 is eating
767 135 is sleeping
767 142 is sleeping
767 45 has taken a fork
768 144 is sleeping
768 19 has taken a fork
769 49 has taken a fork
770 36 has taken a fork
771 42 has taken a fork
771 27 has taken a fork
771 20 has taken a fork
771 5 is eating
771 15 is eating
772 57 is thinking
772 140 is sleeping
772 44 has taken a fork
773 134 is sleeping
773 51 has taken a fork
773 60 is thinking
774 8 is eating
774 138 is sleeping
774 32 has taken a fork
774 139 is sleeping
774 141 is sleeping
774 39 has taken a fork
774 41 has taken a fork
775 14 is eating
775 2 is eating
777 54 is thinking
777 6 is eating
778 37 has taken a fork
778 56 is thinking
778 16 has taken a fork
778 30 has taken a fork
780 31 has taken a fork
781 28 has taken a fork
781 48 is thinking
782 26 has taken a fork
783 136 is sleeping
783 40 has taken a fork
783 67 is thinking
783 13 is eating
783 73 is thinking
785 62 is thinking
785 71 is thinking
786 69 is thinking
786 143 is sleeping
787 38 has taken a fork
789 65 is thinking
789 61 is thinking
789 58 is thinking
789 59 is thinking
791 12 is eating
791 155 is sleeping
791 23 is eating
791 75 is thinking
791 17 is eating
792 22 is eating
792 25 is eating
792 148 is sleeping
792 66 is thinking
793 63 is thinking
793 147 is sleeping
793 77 is thinking
793 46 has taken a fork
793 24 is eating
793 10 is eating
794 50 has taken a fork
794 43 has taken a fork
794 33 is eating
794 64 is thinking
795 72 is thinking
795 74 is thinking
795 34 has taken a fork
795 70 is thinking
795 68 is thinking
796 78 is thinking
796 149 is sleeping
796 21 is eating
796 83 is thinking
796 52 has taken a fork
796 79 is thinking
796 152 is sleeping
796 35 has taken a fork
796 153 is sleeping
796 29 is eating
796 151 is sleeping
796 47 has taken a fork
796 18 is eating
797 55 has taken a fork
797 86 is thinking
798 87 is thinking
799 80 is thinking
799 150 is sleeping
799 76 is thinking
799 81 is thinking
800 53 has taken a fork
800 45 has taken a fork
800 19 is eating
800 49 has taken a fork
801 85 is thinking
801 42 has taken a fork
801 27 is eating
801 20 is eating
801 36 has taken a fork
803 57 has taken a fork
803 44 has taken a fork
803 146 is sleeping
803 82 is thinking
805 89 is thinking
805 51 has taken a fork
805 60 has taken a fork
806 91 is thinking
806 156 is sleeping
806 32 has taken a fork
806 39 has taken a fork
808 41 has taken a fork
808 158 is sleeping
808 157 is sleeping
809 93 is thinking
809 160 is sleeping
809 84 is thinking
809 159 is sleeping
809 54 has taken a fork
811 37 is eating
811 95 is thinking
811 56 has taken a fork
811 16 is eating
811 30 is eating
811 163 is sleeping
811 161 is sleeping
811 31 is eating
811 28 is eating
812 48 has taken a fork
812 26 is eating
813 40 has taken a fork
813 92 is thinking
814 67 has taken a fork
814 88 is thinking
814 154 is sleeping
814 164 is sleeping
815 169 is sleeping
815 99 is thinking
815 73 has taken a fork
815 62 has taken a fork
815 71 has taken a fork
816 97 is thinking
816 69 has taken a fork
816 94 is thinking
816 101 is thinking
816 168 is sleeping
816 166 is sleeping
816 38 has taken a fork
817 96 is thinking
819 90 is thinking
819 165 is sleeping
819 167 is sleeping
819 162 is sleeping
819 65 has taken a fork
820 61 has taken a fork
820 58 has taken a fork
821 59 has taken a fork
822 170 is sleeping
822 176 is sleeping
822 75 has taken a fork
823 173 is sleeping
823 103 is thinking
824 66 has taken a fork
824 174 is sleeping
825 63 has taken a fork
825 171 is sleeping
825 181 is sleeping
825 77 has taken a fork
825 46 has taken a fork
825 50 has taken a fork
826 43 has taken a fork
826 64 has taken a fork
826 177 is sleeping
827 172 is sleeping
827 72 has taken a fork
828 74 has taken a fork
828 34 is eating
828 70 has taken a fork
828 68 has taken a fork
828 78 has taken a fork
829 175 is sleeping
829 83 has taken a fork
829 52 has taken a fork
829 79 has taken a fork
829 35 has taken a fork
829 47 is eating
830 183 is sleeping
830 179 is sleeping
830 187 is sleeping
830 180 is sleeping
830 178 is sleeping
830 182 is sleeping
830 184 is sleeping
830 185 is sleeping
831 55 has taken a fork
831 86 has taken a fork
831 186 is sleeping
831 107 is thinking
831 87 has taken a fork
831 80 has taken a fork
831 188 is sleeping
832 100 is thinking
832 76 has taken a fork
832 81 has taken a fork
832 105 is thinking
833 45 is eating
833 53 has taken a fork
833 49 is eating
833 85 has taken a fork
833 42 is eating
833 189 is sleeping
834 36 is eating
834 57 has taken a fork
835 44 is eating
836 82 has taken a fork
837 106 is thinking
837 115 is thinking
837 89 has taken a fork
838 51 is eating
839 60 has taken a fork
839 91 has taken a fork
839 32 is eating
839 39 is eating
839 194 is sleeping
839 193 is sleeping
840 192 is sleeping
840 191 is sleeping
841 41 is eating
841 190 is sleeping
841 93 has taken a fork
842 195 is sleeping
842 84 has taken a fork
843 54 has taken a fork
843 95 has taken a fork
844 56 has taken a fork
846 113 is thinking
847 48 has taken a fork
848 104 is thinking
848 40 is eating
848 92 has taken a fork
848 67 has taken a fork
848 88 has taken a fork
848 102 is thinking
849 109 is thinking
849 99 has taken a fork
850 197 is sleeping
851 73 has taken a fork
851 62 has taken a fork
851 71 has taken a fork
852 198 is sleeping
852 97 has taken a fork
852 69 has taken a fork
852 111 is thinking
852 94 has taken a fork
852 108 is thinking
853 101 has taken a fork
853 38 is eating
853 196 is sleeping
853 96 has taken a fork
854 90 has taken a fork
854 65 has taken a fork
855 61 has taken a fork
855 58 has taken a fork
857 59 has taken a fork
858 119 is thinking
858 75 has taken a fork
858 1 is sleeping
859 116 is thinking
859 103 has taken a fork
859 66 has taken a fork
860 110 is thinking
860 63 has taken a fork
861 77 has taken a fork
861 46 is eating
862 50 is eating
862 98 is thinking
862 64 has taken a fork
863 43 is eating
864 114 is thinking
864 112 is thinking
865 72 has taken a fork
865 74 has taken a fork
865 70 has taken a fork
865 78 has taken a fork
865 7 is sleeping
866 9 is sleeping
866 68 has taken a fork
867 3 is sleeping
867 83 has taken a fork
867 52 is eating
867 79 has taken a fork
867 35 is eating
868 55 is eating
868 86 has taken a fork
868 107 has taken a fork
869 87 has taken a fork
869 80 has taken a fork
869 100 has taken a fork
869 76 has taken a fork
869 81 has taken a fork
869 105 has taken a fork
870 53 is eating
870 85 has taken a fork
870 120 is thinking
870 57 is eating
870 130 is thinking
870 4 is sleeping
871 117 is thinking
872 118 is thinking
872 125 is thinking
872 82 has taken a fork
872 11 is sleeping
873 127 is thinking
873 106 has taken a fork
873 115 has taken a fork
873 89 has taken a fork
873 60 is eating
873 91 has taken a fork
873 5 is sleeping
874 15 is sleeping
874 93 has taken a fork
875 84 has taken a fork
875 8 is sleeping
875 54 is eating
875 95 has taken a fork
875 2 is sleeping
875 14 is sleeping
875 56 is eating
876 6 is sleeping
876 131 is thinking
876 121 is thinking
877 129 is thinking
877 113 has taken a fork
878 48 is eating
878 104 has taken a fork
878 92 has taken a fork
878 67 is eating
878 88 has taken a fork
879 102 has taken a fork
879 109 has taken a fork
879 99 has taken a fork
880 13 is sleeping
880 73 is eating
880 62 is eating
883 71 is eating
883 97 has taken a fork
883 69 is eating
883 111 has taken a fork
884 94 has taken a fork
884 108 has taken a fork
885 101 has taken a fork
885 96 has taken a fork
885 133 is thinking
886 90 has taken a fork
887 123 is thinking
887 126 is thinking
887 65 is eating
887 23 is sleeping
887 12 is sleeping
888 61 is eating
888 58 is eating
888 17 is sleeping
888 22 is sleeping
889 124 is thinking
889 122 is thinking
890 59 is eating
890 128 is thinking
890 25 is sleeping
891 119 has taken a fork
891 75 is eating
892 116 has taken a fork
892 103 has taken a fork
892 10 is sleeping
892 24 is sleeping
892 110 has taken a fork
892 63 is eating
892 132 is thinking
892 33 is sleeping
893 66 is eating
893 77 is eating
894 98 has taken a fork
894 21 is sleeping
894 64 is eating
894 29 is sleeping
894 18 is sleeping
894 114 has taken a fork
895 137 is thinking
896 112 has taken a fork
897 72 is eating
898 74 is eating
898 70 is eating
898 78 is eating
898 19 is sleeping
898 27 is sleeping
898 20 is sleeping
898 145 is thinking
898 68 is eating
899 135 is thinking
899 142 is thinking
899 83 is eating
900 79 is eating
900 144 is thinking
900 86 is eating
900 107 has taken a fork
900 87 is eating
900 80 is eating
900 100 has taken a fork
901 76 is eating
901 81 is eating
901 105 has taken a fork
901 85 is eating
902 120 has taken a fork
903 130 has taken a fork
905 117 has taken a fork
906 140 is thinking
906 118 has taken a fork
906 82 is eating
906 134 is thinking
906 127 has taken a fork
907 125 has taken a fork
907 106 has taken a fork
908 115 has taken a fork
909 89 is eating
909 91 is eating
909 141 is thinking
909 138 is thinking
910 139 is thinking
910 93 is eating
910 84 is eating
910 37 is sleeping
910 95 is eating
910 31 is sleeping
910 30 is sleeping
911 26 is sleeping
911 16 is sleeping
911 28 is sleeping
911 131 has taken a fork
911 121 has taken a fork
911 129 has taken a fork
912 113 has taken a fork
912 104 has taken a fork
913 92 is eating
913 88 is eating
913 102 has taken a fork
914 109 has taken a fork
914 99 is eating
914 136 is thinking
916 97 is eating
917 111 has taken a fork
917 94 is eating
918 108 has taken a fork
918 101 is eating
918 96 is eating
918 133 has taken a fork
919 143 is thinking
919 90 is eating
920 126 has taken a fork
920 123 has taken a fork
920 124 has taken a fork
921 34 is sleeping
921 122 has taken a fork
921 128 has taken a fork
922 155 is thinking
922 47 is sleeping
923 119 has taken a fork
923 148 is thinking
923 116 has taken a fork
923 103 is eating
924 110 has taken a fork
925 132 has taken a fork
925 45 is sleeping
925 49 is sleeping
925 147 is thinking
926 42 is sleeping
927 98 has taken a fork
928 36 is sleeping
928 114 has taken a fork
928 137 has taken a fork
928 152 is thinking
928 149 is thinking
928 153 is thinking
929 151 is thinking
929 44 is sleeping
929 112 has taken a fork
929 51 is sleeping
930 39 is sleeping
930 32 is sleeping
930 145 has taken a fork
931 150 is thinking
931 41 is sleeping
931 135 has taken a fork
931 142 has taken a fork
931 144 has taken a fork
932 107 is eating
932 100 is eating
932 105 is eating
932 120 has taken a fork
932 40 is sleeping
933 130 has taken a fork
933 146 is thinking
934 117 has taken a fork
934 156 is thinking
934 140 has taken a fork
935 118 has taken a fork
935 38 is sleeping
935 134 has taken a fork
935 127 has taken a fork
935 125 has taken a fork
935 106 is eating
935 157 is thinking
936 115 is eating
936 158 is thinking
936 160 is thinking
936 159 is thinking
936 141 has taken a fork
936 138 has taken a fork
937 139 has taken a fork
938 161 is thinking
939 163 is thinking
939 121 has taken a fork
940 46 is sleeping
940 131 has taken a fork
940 129 has taken a fork
940 113 is eating
940 43 is sleeping
940 50 is sleeping
940 104 is eating
940 102 is eating
940 154 is thinking
940 164 is thinking
940 109 is eating
941 136 has taken a fork
941 52 is sleeping
941 169 is thinking
942 168 is thinking
942 166 is thinking
942 35 is sleeping
943 55 is sleeping
943 111 is eating
943 108 is eating
943 133 has taken a fork
943 162 is thinking
943 167 is thinking
943 165 is thinking
943 53 is sleeping
943 143 has taken a fork
944 126 has taken a fork
944 123 has taken a fork
944 124 has taken a fork
944 57 is sleeping
944 122 has taken a fork
944 128 has taken a fork
944 176 is thinking
944 170 is thinking
944 155 has taken a fork
944 173 is thinking
945 60 is sleeping
945 119 is eating
946 148 has taken a fork
946 116 is eating
946 174 is thinking
946 110 is eating
946 181 is thinking
947 171 is thinking
947 132 has taken a fork
947 147 has taken a fork
947 54 is sleeping
947 177 is thinking
947 98 is eating
947 56 is sleeping
947 114 is eating
947 137 has taken a fork
949 152 has taken a fork
949 172 is thinking
950 149 has taken a fork
950 153 has taken a fork
950 175 is thinking
950 151 has taken a fork
950 112 is eating
950 48 is sleeping
952 184 is thinking
952 180 is thinking
952 185 is thinking
952 178 is thinking
952 187 is thinking
952 182 is thinking
953 145 has taken a fork
953 179 is thinking
953 183 is thinking
953 150 has taken a fork
953 186 is thinking
953 67 is sleeping
953 135 has taken a fork
953 142 has taken a fork
954 188 is thinking
955 144 has taken a fork
955 120 is eating
957 189 is thinking
957 130 is eating
957 73 is sleeping
957 62 is sleeping
958 146 has taken a fork
958 117 is eating
958 156 has taken a fork
958 71 is sleeping
958 140 has taken a fork
958 118 is eating
959 69 is sleeping
959 134 has taken a fork
959 127 is eating
959 125 is eating
959 157 has taken a fork
959 158 has taken a fork
960 160 has taken a fork
960 159 has taken a fork
960 141 has taken a fork
960 138 has taken a fork
960 139 has taken a fork
960 65 is sleeping
961 161 has taken a fork
961 58 is sleeping
961 61 is sleeping
962 194 is thinking
962 163 has taken a fork
962 121 is eating
962 193 is thinking
962 59 is sleeping
962 131 is eating
963 192 is thinking
963 129 is eating
963 154 has taken a fork
963 164 has taken a fork
964 191 is thinking
964 75 is sleeping
964 136 has taken a fork
964 190 is thinking
964 169 has taken a fork
964 195 is thinking
964 168 has taken a fork
966 166 has taken a fork
966 63 is sleeping
966 133 is eating
966 77 is sleeping
966 162 has taken a fork
966 167 has taken a fork
966 66 is sleeping
966 165 has taken a fork
966 143 has taken a fork
966 126 is eating
966 123 is eating
966 124 is eating
967 122 is eating
967 128 is eating
968 64 is sleeping
968 176 has taken a fork
968 170 has taken a fork
968 155 has taken a fork
968 148 has taken a fork
968 72 is sleeping
968 173 has taken a fork
968 78 is sleeping
969 70 is sleeping
969 132 is eating
969 147 has taken a fork
969 68 is sleeping
969 74 is sleeping
970 171 has taken a fork
970 177 has taken a fork
970 137 is eating
970 174 has taken a fork
972 181 has taken a fork
972 79 is sleeping
972 83 is sleeping
972 87 is sleeping
972 86 is sleeping
973 152 has taken a fork
973 81 is sleeping
974 172 has taken a fork
974 80 is sleeping
974 197 is thinking
975 76 is sleeping
975 149 has taken a fork
976 153 has taken a fork
976 175 has taken a fork
977 151 has taken a fork
977 85 is sleeping
978 198 is thinking
978 184 has taken a fork
978 180 has taken a fork
978 185 has taken a fork
978 178 has taken a fork
978 187 has taken a fork
978 196 is thinking
979 182 has taken a fork
979 145 is eating
979 150 has taken a fork
980 135 is eating
980 142 is eating
981 82 is sleeping
981 144 is eating
981 179 has taken a fork
981 89 is sleeping
982 183 has taken a fork
982 146 has taken a fork
983 1 is thinking
983 156 has taken a fork
983 91 is sleeping
983 186 has taken a fork
984 140 is eating
984 134 is eating
984 157 has taken a fork
984 158 has taken a fork
984 93 is sleeping
985 188 has taken a fork
985 84 is sleeping
985 189 has taken a fork
986 160 has taken a fork
986 159 has taken a fork
986 141 is eating
987 138 is eating
987 139 is eating
987 95 is sleeping
987 161 has taken a fork
987 194 has taken a fork
989 163 has taken a fork
989 92 is sleeping
989 193 has taken a fork
989 154 has taken a fork
989 164 has taken a fork
989 88 is sleeping
989 136 is eating
989 169 has taken a fork
990 192 has taken a fork
990 168 has taken a fork
990 99 is sleeping
991 191 has taken a fork
991 97 is sleeping
991 190 has taken a fork
991 7 is thinking
991 9 is thinking
992 166 has taken a fork
992 162 has taken a fork
993 167 has taken a fork
993 165 has taken a fork
994 143 is eating
994 101 is sleeping
995 195 has taken a fork
996 94 is sleeping
997 3 is thinking
998 96 is sleeping
998 176 has taken a fork
998 170 has taken a fork
999 155 is eating
999 148 is eating
999 173 has taken a fork
1000 147 is eating
1000 171 has taken a fork
1001 4 is thinking
1002 90 is sleeping
1002 177 has taken a fork
1003 174 has taken a fork
1003 181 has taken a fork
1004 11 is thinking
1004 5 is thinking
1005 152 is eating
1005 103 is sleeping
1005 172 has taken a fork
1006 15 is thinking
1006 197 has taken a fork
1008 2 is thinking
1008 14 is thinking
1008 149 is eating
1008 8 is thinking
1008 153 is eating
1008 6 is thinking
1009 175 has taken a fork
1009 151 is eating
1010 198 has taken a fork
1010 184 has taken a fork
1012 180 has taken a fork
1012 185 has taken a fork
1012 178 has taken a fork
1012 187 has taken a fork
1013 196 has taken a fork
1013 182 has taken a fork
1013 150 is eating
1014 13 is thinking
1015 179 has taken a fork
1015 100 is sleeping
1015 107 is sleeping
1015 105 is sleeping
1015 146 is eating
1016 183 has taken a fork
1016 1 has taken a fork
1016 156 is eating
1016 186 has taken a fork
1017 157 is eating
1017 158 is eating
1018 188 has taken a fork
1018 189 has taken a fork
1018 106 is sleeping
1020 160 is eating
1020 159 is eating
1021 12 is thinking
1021 23 is thinking
1021 115 is sleeping
1021 161 is eating
1021 194 has taken a fork
1023 17 is thinking
1024 163 is eating
1025 193 has taken a fork
1025 154 is eating
1026 164 is eating
1026 22 is thinking
1027 169 is eating
1028 25 is thinking
1028 192 has taken a fork
1029 168 is eating
1029 191 has taken a fork
1029 190 has taken a fork
1029 7 has taken a fork
1029 9 has taken a fork
1030 10 is thinking
1030 24 is thinking
1030 166 is eating
1030 33 is thinking
1030 162 is eating
1030 113 is sleeping
1030 167 is eating
1031 165 is eating
1031 29 is thinking
1031 104 is sleeping
1031 102 is sleeping
1032 18 is thinking
1032 21 is thinking
1032 195 has taken a fork
1032 109 is sleeping
1032 3 has taken a fork
1032 108 is sleeping
1032 111 is sleeping
1032 176 is eating
1033 170 is eating
1033 27 is thinking
1034 20 is thinking
1034 19 is thinking
1034 173 is eating
1035 171 is eating
1035 4 has taken a fork
1035 119 is sleeping
1035 177 is eating
1036 174 is eating
1036 116 is sleeping
1036 110 is sleeping
1037 181 is eating
1037 11 has taken a fork
1038 5 has taken a fork
1038 98 is sleeping
1038 172 is eating
1038 114 is sleeping
1038 15 has taken a fork
1039 197 has taken a fork
1039 112 is sleeping
1039 14 has taken a fork
1039 8 has taken a fork
1041 2 has taken a fork
1041 6 has taken a fork
1042 175 is eating
1043 31 is thinking
1043 198 has taken a fork
1044 30 is thinking
1044 37 is thinking
1045 184 is eating
1045 28 is thinking
1045 16 is thinking
1045 26 is thinking
1047 180 is eating
1047 185 is eating
1047 178 is eating
1048 187 is eating
1048 120 is sleeping
1049 196 has taken a fork
1049 182 is eating
1050 130 is sleeping
1050 117 is sleeping
1050 13 has taken a fork
1051 118 is sleeping
1051 179 is eating
1052 183 is eating
1052 125 is sleeping
1052 127 is sleeping
1054 1 has taken a fork
1055 186 is eating
1056 188 is eating
1056 189 is eating
1057 131 is sleeping
1057 121 is sleeping
1058 129 is sleeping
1058 12 has taken a fork
1059 34 is thinking
1059 23 has taken a fork
1059 194 is eating
1059 47 is thinking
1060 17 has taken a fork
1060 45 is thinking
1060 193 is eating
1060 49 is thinking
1060 133 is sleeping
1060 42 is thinking
1060 22 has taken a fork
1061 123 is sleeping
1061 126 is sleeping
1061 124 is sleeping
1061 25 has taken a fork
1061 122 is sleeping
1061 36 is thinking
1062 192 is eating
1062 44 is thinking
1062 51 is thinking
1062 128 is sleeping
1062 191 is eating
1062 190 is eating
1062 7 has taken a fork
1062 9 has taken a fork
1063 10 has taken a fork
1063 39 is thinking
1063 24 has taken a fork
1063 32 is thinking
1063 33 has taken a fork
1063 132 is sleeping
1063 41 is thinking
1063 29 has taken a fork
1063 18 has taken a fork
1063 21 has taken a fork
1063 195 is eating
1063 3 has taken a fork
1063 137 is sleeping
1063 40 is thinking
1063 27 has taken a fork
1064 20 has taken a fork
1064 19 has taken a fork
1065 38 is thinking
1065 4 has taken a fork
1065 11 has taken a fork
1066 5 has taken a fork
1066 197 is eating
1066 145 is sleeping
1066 15 has taken a fork
1066 14 has taken a fork
1066 8 has taken a fork
1066 43 is thinking
1066 46 is thinking
1066 50 is thinking
1066 142 is sleeping
1066 135 is sleeping
1067 2 has taken a fork
1067 144 is sleeping
1067 52 is thinking
1067 6 has taken a fork
1067 55 is thinking
1068 53 is thinking
1068 35 is thinking
1068 31 has taken a fork
1068 198 is eating
1068 57 is thinking
1068 30 has taken a fork
1068 37 has taken a fork
1068 60 is thinking
1068 134 is sleeping
1068 140 is sleeping
1068 28 has taken a fork
1070 16 has taken a fork
1070 54 is thinking
1070 56 is thinking
1070 26 has taken a fork
1070 138 is sleeping
1070 141 is sleeping
1070 196 is eating
1070 139 is sleeping
1071 13 has taken a fork
1071 48 is thinking
1071 136 is sleeping
1071 67 is thinking
1071 1 is eating
1071 73 is thinking
1071 143 is sleeping
1071 62 is thinking
1071 71 is thinking
1071 12 has taken a fork
1071 34 has taken a fork
1072 69 is thinking
1072 23 has taken a fork
1072 47 has taken a fork
1072 65 is thinking
1072 17 has taken a fork
1072 45 has taken a fork
1072 49 has taken a fork
1073 42 has taken a fork
1074 22 has taken a fork
1074 58 is thinking
1074 148 is sleeping
1074 155 is sleeping
1075 25 has taken a fork
1075 36 has taken a fork
1075 61 is thinking
1076 59 is thinking
1076 44 has taken a fork
1076 51 has taken a fork
1076 7 is eating
1076 10 has taken a fork
1076 9 is eating
1077 147 is sleeping
1077 39 has taken a fork
1077 24 has taken a fork
1077 32 has taken a fork
1077 33 has taken a fork
1077 41 has taken a fork
1077 18 has taken a fork
1077 21 has taken a fork
1077 3 is eating
1077 29 has taken a fork
1077 40 has taken a fork
1077 27 has taken a fork
1077 75 is thinking
1077 20 has taken a fork
1078 19 has taken a fork
1078 38 has taken a fork
1079 4 is eating
1079 11 is eating
1079 5 is eating
1079 66 is thinking
1079 15 is eating
1079 14 is eating
1079 8 is eating
1079 63 is thinking
1079 43 has taken a fork
1079 46 has taken a fork
1079 50 has taken a fork
1079 77 is thinking
1079 152 is sleeping
1079 2 is eating
1079 52 has taken a fork
1079 6 is eating
1079 149 is sleeping
1080 64 is thinking
1080 153 is sleeping
1080 55 has taken a fork
1080 53 has taken a fork
1080 31 has taken a fork
1080 72 is thinking
1080 30 has taken a fork
1080 78 is thinking
1081 37 has taken a fork
1081 28 has taken a fork
1081 151 is sleeping
1081 74 is thinking
1081 35 has taken a fork
1082 16 has taken a fork
1083 68 is thinking
1083 70 is thinking
1083 26 has taken a fork
1083 13 is eating
1083 12 is eating
1083 34 has taken a fork
1084 86 is thinking
1084 150 is sleeping
1084 57 has taken a fork
1085 23 is eating
1085 47 has taken a fork
1085 87 is thinking
1085 83 is thinking
1085 17 is eating
1085 45 has taken a fork
1086 79 is thinking
1087 49 has taken a fork
1088 42 has taken a fork
1088 81 is thinking
1088 22 is eating
1089 80 is thinking
1089 146 is sleeping
1089 60 has taken a fork
1089 76 is thinking
1089 156 is sleeping
1089 54 has taken a fork
1089 25 is eating
1089 36 has taken a fork
1090 44 has taken a fork
1090 51 has taken a fork
1090 10 is eating
1090 85 is thinking
1090 39 has taken a fork
1090 24 is eating
1090 32 has taken a fork
1090 157 is sleeping
1090 56 has taken a fork
1090 33 is eating
1090 158 is sleeping
1090 41 has taken a fork
1090 18 is eating
1090 21 is eating
1090 48 has taken a fork
1090 29 is eating
1090 40 has taken a fork
1090 27 is eating
1090 20 is eating
1090 160 is sleeping
1090 159 is sleeping
1090 67 has taken a fork
1090 73 has taken a fork
1091 19 is eating
1091 38 has taken a fork
1092 43 has taken a fork
1092 46 has taken a fork
1092 50 has taken a fork
1092 52 has taken a fork
1092 55 has taken a fork
1092 53 has taken a fork
1092 31 is eating
1092 30 is eating
1092 82 is thinking
1092 37 is eating
1093 28 is eating
1093 35 has taken a fork
1093 161 is sleeping
1093 89 is thinking
1093 62 has taken a fork
1093 16 is eating
1093 164 is sleeping
1093 154 is sleeping
1093 71 has taken a fork
1093 69 has taken a fork
1093 26 is eating
1093 91 is thinking
1094 163 is sleeping
1095 34 is eating
1095 65 has taken a fork
1095 169 is sleeping
1095 58 has taken a fork
1095 57 has taken a fork
1095 47 is eating
1095 84 is thinking
1096 93 is thinking
1096 45 is eating
1096 168 is sleeping
1096 61 has taken a fork
1097 166 is sleeping
1098 59 has taken a fork
1098 167 is sleeping
1099 162 is sleeping
1099 75 has taken a fork
1099 66 has taken a fork
1100 165 is sleeping
1100 63 has taken a fork
1101 95 is thinking
1101 49 is eating
1102 42 is eating
1103 176 is sleeping
1103 77 has taken a fork
1103 88 is thinking
1104 170 is sleeping
1104 92 is thinking
1105 64 has taken a fork
1105 60 has taken a fork
1105 54 has taken a fork
1105 36 is eating
1105 173 is sleeping
1105 72 has taken a fork
1105 44 is eating
1106 51 is eating
1106 39 is eating
1107 32 is eating
1109 99 is thinking
1109 56 has taken a fork
1110 41 is eating
1111 48 has taken a fork
1111 40 is eating
1111 67 has taken a fork
1111 73 has taken a fork
1111 177 is sleeping
1113 97 is thinking
1114 171 is sleeping
1114 78 has taken a fork
1116 74 has taken a fork
1117 38 is eating
1118 174 is sleeping
1118 68 has taken a fork
1119 181 is sleeping
1119 43 is eating
1120 70 has taken a fork
1120 46 is eating
1120 50 is eating
1120 52 is eating
1121 55 is eating
1121 53 is eating
1121 35 is eating
1122 62 has taken a fork
1122 71 has taken a fork
1123 69 has taken a fork
1123 101 is thinking
1123 172 is sleeping
1123 86 has taken a fork
1124 65 has taken a fork
1124 58 has taken a fork
1124 57 is eating
1124 94 is thinking
1124 61 has taken a fork
1124 175 is sleeping
1124 96 is thinking
1124 59 has taken a fork
1124 87 has taken a fork
1124 184 is sleeping
1124 75 has taken a fork
1124 83 has taken a fork
1124 66 has taken a fork
1124 185 is sleeping
1124 79 has taken a fork
1124 178 is sleeping
1125 81 has taken a fork
1125 187 is sleeping
1125 80 has taken a fork
1126 180 is sleeping
1126 76 has taken a fork
1127 63 has taken a fork
1127 182 is sleeping
1127 85 has taken a fork
1127 90 is thinking
1127 77 has taken a fork
1127 179 is sleeping
1127 82 has taken a fork
1127 64 has taken a fork
1127 183 is sleeping
1127 60 is eating
1127 54 is eating
1128 103 is thinking
1129 72 has taken a fork
1130 89 has taken a fork
1131 186 is sleeping
1132 91 has taken a fork
1132 189 is sleeping
1132 84 has taken a fork
1132 188 is sleeping
1132 93 has taken a fork
1133 56 is eating
1133 194 is sleeping
1133 48 is eating
1133 67 is eating
1133 73 is eating
1133 193 is sleeping
1135 95 has taken a fork
1136 192 is sleeping
1138 88 has taken a fork
1138 191 is sleeping
1139 99 has taken a fork
1139 190 is sleeping
1140 97 has taken a fork
1143 92 has taken a fork
1143 195 is sleeping
1144 105 is thinking
1145 107 is thinking
1146 100 is thinking
1148 78 has taken a fork
1148 74 has taken a fork
1149 68 has taken a fork
1151 106 is thinking
1153 70 has taken a fork
1154 197 is sleeping
1154 115 is thinking
1154 62 is eating
1154 71 is eating
1154 198 is sleeping
1155 69 is eating
1156 101 has taken a fork
1156 86 has taken a fork
1157 65 is eating
1157 58 is eating
1157 94 has taken a fork
1157 61 is eating
1157 96 has taken a fork
1157 59 is eating
1157 87 has taken a fork
1157 75 is eating
1157 83 has taken a fork
1157 196 is sleeping
1157 66 is eating
1158 79 has taken a fork
1158 81 has taken a fork
1159 80 has taken a fork
1159 76 has taken a fork
1159 63 is eating
1160 85 has taken a fork
1161 90 has taken a fork
1161 77 is eating
1162 82 has taken a fork
1162 64 is eating
1163 1 is sleeping
1163 103 has taken a fork
1164 72 is eating
1164 113 is thinking
1164 89 has taken a fork
1164 104 is thinking
1164 111 is thinking
1165 109 is thinking
1166 102 is thinking
1167 108 is thinking
1167 91 has taken a fork
1167 84 has taken a fork
1167 93 has taken a fork
1168 9 is sleeping
1168 7 is sleeping
1168 119 is thinking
1168 95 has taken a fork
1168 110 is thinking
1169 116 is thinking
1169 3 is sleeping
1169 98 is thinking
1169 114 is thinking
1171 88 has taken a fork
1171 99 has taken a fork
1171 112 is thinking
1171 4 is sleeping
1171 97 has taken a fork
1171 5 is sleeping
1171 11 is sleeping
1171 15 is sleeping
1172 92 has taken a fork
1173 8 is sleeping
1173 14 is sleeping
1174 2 is sleeping
1175 6 is sleeping
1175 105 has taken a fork
1177 107 has taken a fork
1178 100 has taken a fork
1178 120 is thinking
1178 78 is eating
1179 74 is eating
1180 68 is eating
1180 13 is sleeping
1180 130 is thinking
1181 118 is thinking
1183 117 is thinking
1184 106 has taken a fork
1185 12 is sleeping
1185 127 is thinking
1185 23 is sleeping
1185 125 is thinking
1185 70 is eating
1185 115 has taken a fork
1185 17 is sleeping
1185 101 has taken a fork
1185 86 is eating
1186 131 is thinking
1186 22 is sleeping
1186 121 is thinking
1186 94 has taken a fork
1186 96 has taken a fork
1186 87 is eating
1186 83 is eating
1187 79 is eating
1187 81 is eating
1187 129 is thinking
1187 80 is eating
1187 76 is eating
1187 25 is sleeping
1187 10 is sleeping
1187 24 is sleeping
1187 133 is thinking
1187 33 is sleeping
1187 122 is thinking
1187 21 is sleeping
1188 124 is thinking
1188 126 is thinking
1188 90 has taken a fork
1188 123 is thinking
1188 18 is sleeping
1188 85 is eating
1188 29 is sleeping
1188 20 is sleeping
1188 27 is sleeping
1188 82 is eating
1188 128 is thinking
1189 132 is thinking
1189 137 is thinking
1189 19 is sleeping
1189 103 has taken a fork
1189 113 has taken a fork
1189 89 is eating
1189 104 has taken a fork
1189 111 has taken a fork
1189 109 has taken a fork
1190 142 is thinking
1190 145 is thinking
1190 135 is thinking
1191 102 has taken a fork
1191 108 has taken a fork
1191 91 is eating
1191 84 is eating
1191 144 is thinking
1191 93 is eating
1191 134 is thinking
1191 31 is sleeping
1192 30 is sleeping
1192 140 is thinking
1192 119 has taken a fork
1192 95 is eating
1192 110 has taken a fork
1192 16 is sleeping
1193 28 is sleeping
1193 37 is sleeping
1193 116 has taken a fork
1193 98 has taken a fork
1193 114 has taken a fork
1194 138 is thinking
1194 139 is thinking
1194 141 is thinking
1194 136 is thinking
1194 143 is thinking
1194 26 is sleeping
1194 88 is eating
1194 99 is eating
1194 112 has taken a fork
1194 97 is eating
1194 92 is eating
1194 148 is thinking
1194 155 is thinking
1194 147 is thinking
1195 34 is sleeping
1195 105 has taken a fork
1195 107 has taken a fork
1195 47 is sleeping
1195 120 has taken a fork
1195 45 is sleeping
1195 149 is thinking
1195 153 is thinking
1195 152 is thinking
1195 100 has taken a fork
1196 130 has taken a fork
1196 118 has taken a fork
1196 42 is sleeping
1196 151 is thinking
1196 49 is sleeping
1196 36 is sleeping
1196 117 has taken a fork
1197 51 is sleeping
1197 150 is thinking
1197 44 is sleeping
1197 106 has taken a fork
1197 39 is sleeping
1197 127 has taken a fork
1198 125 has taken a fork
1198 115 has taken a fork
1198 101 is eating
1198 32 is sleeping
1198 131 has taken a fork
1198 121 has taken a fork
1198 94 is eating
1198 96 is eating
1198 41 is sleeping
1198 40 is sleeping
1198 129 has taken a fork
1198 133 has taken a fork
1198 122 has taken a fork
1199 124 has taken a fork
1199 126 has taken a fork
1199 90 is eating
1199 123 has taken a fork
1199 156 is thinking
1199 128 has taken a fork
1199 146 is thinking
1199 132 has taken a fork
1199 137 has taken a fork
1199 103 is eating
1199 113 has taken a fork
1199 104 has taken a fork
1199 111 has taken a fork
1199 109 has taken a fork
1200 160 is thinking
1200 157 is thinking
1200 142 has taken a fork
1201 158 is thinking
1201 159 is thinking
1201 145 has taken a fork
1201 135 has taken a fork
1201 102 has taken a fork
1201 108 has taken a fork
1201 38 is sleeping
1201 144 has taken a fork
1201 134 has taken a fork
1201 140 has taken a fork
1202 119 has taken a fork
1202 110 has taken a fork
1202 164 is thinking
1202 50 is sleeping
1202 46 is sleeping
1202 154 is thinking
1202 161 is thinking
1202 43 is sleeping
1202 116 has taken a fork
1202 98 has taken a fork
1202 114 has taken a fork
1203 138 has taken a fork
1203 139 has taken a fork
1203 141 has taken a fork
1203 136 has taken a fork
1203 143 has taken a fork
1203 112 has taken a fork
1203 163 is thinking
1204 148 has taken a fork
1204 155 has taken a fork
1204 147 has taken a fork
1204 55 is sleeping
1204 169 is thinking
1204 35 is sleeping
1204 105 is eating
1204 107 is eating
1205 120 has taken a fork
1205 149 has taken a fork
1206 153 has taken a fork
1206 100 is eating
1207 53 is sleeping
1207 130 has taken a fork
1207 168 is thinking
1207 118 has taken a fork
1208 152 has taken a fork
1208 117 has taken a fork
1210 52 is sleeping
1210 151 has taken a fork
1210 166 is thinking
1211 106 is eating
1211 127 has taken a fork
1211 57 is sleeping
1211 150 has taken a fork
1212 167 is thinking
1212 125 has taken a fork
1213 115 is eating
1214 131 has taken a fork
1214 121 has taken a fork
1214 129 has taken a fork
1215 133 has taken a fork
1215 122 has taken a fork
1215 124 has taken a fork
1216 126 has taken a fork
1216 123 has taken a fork
1216 128 has taken a fork
1217 162 is thinking
1217 132 has taken a fork
1217 137 has taken a fork
1217 113 is eating
1217 104 is eating
1217 111 is eating
1217 109 is eating
1218 165 is thinking
1218 142 has taken a fork
1218 54 is sleeping
1219 156 has taken a fork
1219 145 has taken a fork
1219 135 has taken a fork
1219 102 is eating
1220 108 is eating
1220 144 has taken a fork
1220 134 has taken a fork
1220 60 is sleeping
1220 146 has taken a fork
1220 140 has taken a fork
1220 119 is eating
1220 110 is eating
1220 116 is eating
1221 98 is eating
1221 114 is eating
1222 138 has taken a fork
1222 139 has taken a fork
1222 141 has taken a fork
1222 136 has taken a fork
1222 143 has taken a fork
1222 112 is eating
1223 176 is thinking
1223 170 is thinking
1224 148 has taken a fork
1224 155 has taken a fork
1224 147 has taken a fork
1225 173 is thinking
1225 120 is eating
1225 56 is sleeping
1225 149 has taken a fork
1225 160 has taken a fork
1225 73 is sleeping
1226 153 has taken a fork
1226 157 has taken a fork
1226 67 is sleeping
1226 48 is sleeping
1226 158 has taken a fork
1226 159 has taken a fork
1227 130 is eating
1227 118 is eating
1227 152 has taken a fork
1227 117 is eating
1227 151 has taken a fork
1228 177 is thinking
1228 127 is eating
1228 150 has taken a fork
1229 125 is eating
1230 131 is eating
1231 171 is thinking
1231 121 is eating
1231 129 is eating
1231 133 is eating
1232 122 is eating
1232 124 is eating
1232 126 is eating
1233 123 is eating
1233 128 is eating
1233 132 is eating
1233 137 is eating
1233 174 is thinking
1233 62 is sleeping
1233 164 has taken a fork
1233 142 is eating
1233 69 is sleeping
1233 154 has taken a fork
1233 181 is thinking
1233 71 is sleeping
1234 161 has taken a fork
1234 156 has taken a fork
1235 145 is eating
1235 135 is eating
1235 144 is eating
1235 134 is eating
1235 146 has taken a fork
1236 140 is eating
1236 65 is sleeping
1236 58 is sleeping
1238 163 has taken a fork
1238 75 is sleeping
1239 169 has taken a fork
1239 138 is eating
1239 59 is sleeping
1239 61 is sleeping
1239 168 has taken a fork
1239 139 is eating
1240 167 has taken a fork
1241 166 has taken a fork
1241 141 is eating
1241 136 is eating
1242 143 is eating
1242 66 is sleeping
1243 162 has taken a fork
1243 63 is sleeping
1244 172 is thinking
1244 165 has taken a fork
1244 175 is thinking
1245 148 is eating
1245 184 is thinking
1246 185 is thinking
1247 178 is thinking
1248 155 is eating
1248 147 is eating
1248 77 is sleeping
1249 176 has taken a fork
1249 149 is eating
1249 160 has taken a fork
1250 64 is sleeping
1250 153 is eating
1250 170 has taken a fork
1250 157 has taken a fork
1250 180 is thinking
1251 158 has taken a fork
1252 187 is thinking
1253 159 has taken a fork
1253 182 is thinking
1253 183 is thinking
1253 72 is sleeping
1253 173 has taken a fork
1253 152 is eating
1254 179 is thinking
1255 151 is eating
1255 150 is eating
1257 186 is thinking
1257 188 is thinking
1258 189 is thinking
1259 193 is thinking
1261 194 is thinking
1262 164 has taken a fork
1262 154 has taken a fork
1262 161 has taken a fork
1262 156 is eating
1262 74 is sleeping
1262 177 has taken a fork
1262 78 is sleeping
1263 171 has taken a fork
1263 146 is eating
1263 68 is sleeping
1263 192 is thinking
1264 174 has taken a fork
1264 191 is thinking
1265 163 has taken a fork
1266 70 is sleeping
1266 169 has taken a fork
1266 181 has taken a fork
1266 168 has taken a fork
1266 190 is thinking
1266 86 is sleeping
1268 167 has taken a fork
1269 166 has taken a fork
1269 83 is sleeping
1269 87 is sleeping
1271 162 has taken a fork
1271 195 is thinking
1271 76 is sleeping
1271 81 is sleeping
1272 80 is sleeping
1272 79 is sleeping
1272 172 has taken a fork
1273 165 has taken a fork
1273 85 is sleeping
1273 175 has taken a fork
1273 184 has taken a fork
1273 82 is sleeping
1274 185 has taken a fork
1274 89 is sleeping
1275 178 has taken a fork
1276 91 is sleeping
1276 176 has taken a fork
1276 160 is eating
1277 93 is sleeping
1277 84 is sleeping
1277 170 has taken a fork
1277 157 is eating
1278 180 has taken a fork
1278 158 is eating
1278 187 has taken a fork
1278 159 is eating
1278 182 has taken a fork
1279 183 has taken a fork
1279 173 has taken a fork
1280 95 is sleeping
1280 92 is sleeping
1280 88 is sleeping
1281 99 is sleeping
1281 97 is sleeping
1281 197 is thinking
1283 198 is thinking
1285 179 has taken a fork
1286 196 is thinking
1286 186 has taken a fork
1287 188 has taken a fork
1287 189 has taken a fork
1287 193 has taken a fork
1287 101 is sleeping
1287 96 is sleeping
1287 94 is sleeping
1287 194 has taken a fork
1287 164 is eating
1288 154 is eating
1288 161 is eating
1288 177 has taken a fork
1288 171 has taken a fork
1288 90 is sleeping
1288 1 is thinking
1288 192 has taken a fork
1288 174 has taken a fork
1289 103 is sleeping
1290 191 has taken a fork
1291 163 is eating
1291 169 is eating
1291 181 has taken a fork
1292 168 is eating
1292 9 is thinking
1292 7 is thinking
1293 190 has taken a fork
1293 167 is eating
1293 166 is eating
1293 3 is thinking
1294 162 is eating
1294 4 is thinking
1294 5 is thinking
1295 11 is thinking
1295 15 is thinking
1295 195 has taken a fork
1295 172 has taken a fork
1295 14 is thinking
1295 165 is eating
1296 8 is thinking
1296 175 has taken a fork
1296 184 has taken a fork
1296 105 is sleeping
1298 185 has taken a fork
1298 2 is thinking
1298 6 is thinking
1298 107 is sleeping
1299 178 has taken a fork
1299 100 is sleeping
1300 176 is eating
1300 170 is eating
1300 180 has taken a fork
1300 187 has taken a fork
1300 182 has taken a fork
1301 183 has taken a fork
1301 173 is eating
1301 13 is thinking
1301 106 is sleeping
1301 197 has taken a fork
1301 198 has taken a fork
1301 115 is sleeping
1301 179 has taken a fork
1302 12 is thinking
1302 23 is thinking
1302 17 is thinking
1302 196 has taken a fork
1302 22 is thinking
1303 186 has taken a fork
1303 33 is thinking
1303 10 is thinking
1303 25 is thinking
1303 24 is thinking
1304 188 has taken a fork
1304 189 has taken a fork
1305 193 has taken a fork
1306 194 has taken a fork
1307 20 is thinking
1307 18 is thinking
1307 29 is thinking
1307 27 is thinking
1307 21 is thinking
1307 177 is eating
1307 171 is eating
1308 192 has taken a fork
1308 1 has taken a fork
1308 174 is eating
1308 19 is thinking
1308 191 has taken a fork
1308 31 is thinking
1308 113 is sleeping
1308 104 is sleeping
1308 111 is sleeping
1308 181 is eating
1308 30 is thinking
1309 109 is sleeping
1309 9 has taken a fork
1309 7 has taken a fork
1309 28 is thinking
1309 16 is thinking
1309 37 is thinking
1309 190 has taken a fork
1310 3 has taken a fork
1310 26 is thinking
1310 102 is sleeping
1311 108 is sleeping
1311 119 is sleeping
1311 110 is sleeping
1311 4 has taken a fork
1312 5 has taken a fork
1312 98 is sleeping
1312 114 is sleeping
1312 45 is thinking
1313 34 is thinking
1313 11 has taken a fork
1313 116 is sleeping
1314 15 has taken a fork
1314 195 has taken a fork
1314 47 is thinking
1314 172 is eating
1314 14 has taken a fork
1315 49 is thinking
1315 42 is thinking
1315 8 has taken a fork
1315 175 is eating
1316 36 is thinking
1316 184 is eating
1317 39 is thinking
1317 51 is thinking
1318 112 is sleeping
1318 44 is thinking
1318 185 is eating
1318 2 has taken a fork
1318 32 is thinking
1318 40 is thinking
1318 41 is thinking
1318 6 has taken a fork
1318 178 is eating
1318 180 is eating
1319 187 is eating
1319 182 is eating
1319 38 is thinking
1320 183 is eating
1320 13 has taken a fork
1320 197 has taken a fork
1320 198 has taken a fork
1320 179 is eating
1320 43 is thinking
1320 50 is thinking
1320 120 is sleeping
1320 12 has taken a fork
1320 46 is thinking
1320 23 has taken a fork
1320 17 has taken a fork
1320 196 has taken a fork
1320 22 has taken a fork
1320 186 is eating
1320 33 has taken a fork
1320 10 has taken a fork
1320 35 is thinking
1320 188 is eating
1321 118 is sleeping
1321 130 is sleeping
1322 55 is thinking
1322 25 has taken a fork
1322 189 is eating
1322 24 has taken a fork
1322 117 is sleeping
1322 193 is eating
1322 194 is eating
1322 127 is sleeping
1323 20 has taken a fork
1323 18 has taken a fork
1323 53 is thinking
1323 192 is eating
1323 1 has taken a fork
1323 125 is sleeping
1323 29 has taken a fork
1324 191 is eating
1325 131 is sleeping
1325 27 has taken a fork
1325 133 is sleeping
1325 21 has taken a fork
1326 9 has taken a fork
1326 7 has taken a fork
1326 129 is sleeping
1326 19 has taken a fork
1326 121 is sleeping
1326 31 has taken a fork
1326 190 is eating
1326 122 is sleeping
1326 3 has taken a fork
1326 124 is sleeping
1326 52 is thinking
1326 30 has taken a fork
1326 28 has taken a fork
1326 128 is sleeping
1326 57 is thinking
1326 37 has taken a fork
1326 137 is sleeping
1326 132 is sleeping
1328 16 has taken a fork
1329 126 is sleeping
1329 26 has taken a fork
1329 123 is sleeping
1329 4 has taken a fork
1330 142 is sleeping
1330 5 has taken a fork
1331 45 has taken a fork
1331 34 has taken a fork
1331 144 is sleeping
1331 145 is sleeping
1332 135 is sleeping
1332 134 is sleeping
1332 11 has taken a fork
1332 15 has taken a fork
1332 140 is sleeping
1332 195 is eating
1332 47 has taken a fork
1332 14 has taken a fork
1333 49 has taken a fork
1334 42 has taken a fork
1334 8 has taken a fork
1334 36 has taken a fork
1334 138 is sleeping
1334 39 has taken a fork
1335 139 is sleeping
1336 51 has taken a fork
1336 136 is sleeping
1337 143 is sleeping
1337 141 is sleeping
1338 44 has taken a fork
1338 2 has taken a fork
1338 32 has taken a fork
1339 40 has taken a fork
1339 41 has taken a fork
1339 6 has taken a fork
1339 54 is thinking
1339 38 has taken a fork
1340 13 has taken a fork
1340 197 is eating
1340 198 is eating
1341 60 is thinking
1341 148 is sleeping
1341 43 has taken a fork
1341 12 has taken a fork
1341 23 has taken a fork
1341 17 has taken a fork
1341 196 is eating
1341 22 has taken a fork
1341 33 has taken a fork
1341 10 has taken a fork
1341 155 is sleeping
1341 50 has taken a fork
1341 147 is sleeping
1342 46 has taken a fork
1342 149 is sleeping
1342 35 has taken a fork
1342 25 has taken a fork
1343 24 has taken a fork
1343 20 has taken a fork
1343 18 has taken a fork
1343 153 is sleeping
1344 55 has taken a fork
1344 1 is eating
1344 29 has taken a fork
1344 73 is thinking
1344 56 is thinking
1345 152 is sleeping
1345 53 has taken a fork
1345 27 has taken a fork
1345 21 has taken a fork
1345 67 is thinking
1346 9 is eating
1346 151 is sleeping
1346 7 is eating
1347 19 has taken a fork
1348 48 is thinking
1349 31 has taken a fork
1350 3 is eating
1350 52 has taken a fork
1350 30 has taken a fork
1350 28 has taken a fork
1351 37 has taken a fork
1351 150 is sleeping
1352 57 has taken a fork
1352 16 has taken a fork
1352 26 has taken a fork
1352 4 is eating
1352 5 is eating
1353 45 has taken a fork
1353 34 has taken a fork
1353 156 is sleeping
1353 11 is eating
1353 15 is eating
1353 47 has taken a fork
1353 14 is eating
1354 69 is thinking
1354 146 is sleeping
1354 49 has taken a fork
1354 62 is thinking
1354 71 is thinking
1354 42 has taken a fork
1354 8 is eating
1354 36 has taken a fork
1354 39 has taken a fork
1355 65 is thinking
1355 58 is thinking
1355 75 is thinking
1355 44 has taken a fork
1355 2 is eating
1356 32 has taken a fork
1356 59 is thinking
1357 40 has taken a fork
1357 51 has taken a fork
1357 41 has taken a fork
1357 61 is thinking
1357 6 is eating
1357 38 has taken a fork
1357 54 has taken a fork
1357 13 is eating
1357 160 is sleeping
1357 60 has taken a fork
1357 43 has taken a fork
1358 12 is eating
1358 23 is eating
1358 17 is eating
1358 22 is eating
1358 33 is eating
1359 10 is eating
1359 50 has taken a fork
1359 46 has taken a fork
1360 66 is thinking
1360 157 is sleeping
1360 35 has taken a fork
1361 25 is eating
1361 24 is eating
1361 158 is sleeping
1361 159 is sleeping
1362 63 is thinking
1363 20 is eating
1363 18 is eating
1364 55 has taken a fork
1365 29 is eating
1365 73 has taken a fork
1365 56 has taken a fork
1365 53 has taken a fork
1366 27 is eating
1366 21 is eating
1366 67 has taken a fork
1366 19 is eating
1366 48 has taken a fork
1367 77 is thinking
1367 31 is eating
1369 64 is thinking
1369 52 has taken a fork
1370 30 is eating
1371 28 is eating
1371 37 is eating
1372 57 has taken a fork
1373 16 is eating
1373 26 is eating
1374 45 is eating
1375 72 is thinking
1376 34 is eating
1376 164 is sleeping
1377 47 is eating
1377 161 is sleeping
1377 154 is sleeping
1377 69 has taken a fork
1378 49 is eating
1378 62 has taken a fork
1379 71 has taken a fork
1379 42 is eating
1381 36 is eating
1381 39 is eating
1383 44 is eating
1384 163 is sleeping
1385 32 is eating
1386 65 has taken a fork
1386 168 is sleeping
1386 169 is sleeping
1386 75 has taken a fork
1387 58 has taken a fork
1388 40 is eating
1388 51 is eating
1388 41 is eating
1388 38 is eating
1388 54 has taken a fork
1388 60 has taken a fork
1389 167 is sleeping
1389 43 is eating
1389 166 is sleeping
1389 59 has taken a fork
1389 61 has taken a fork
1390 162 is sleeping
1390 165 is sleeping
1390 50 is eating
1390 46 is eating
1390 66 has taken a fork
1390 35 is eating
1390 63 has taken a fork
1391 78 is thinking
1393 74 is thinking
1394 170 is sleeping
1394 68 is thinking
1394 176 is sleeping
1394 173 is sleeping
1394 55 is eating
1394 73 has taken a fork
1394 56 has taken a fork
1394 53 is eating
1396 70 is thinking
1398 86 is thinking
1398 67 has taken a fork
1399 48 has taken a fork
1399 77 has taken a fork
1400 64 has taken a fork
1401 52 is eating
1401 87 is thinking
1402 83 is thinking
1402 177 is sleeping
1403 171 is sleeping
1404 81 is thinking
1404 76 is thinking
1404 174 is sleeping
1405 79 is thinking
1406 57 is eating
1406 85 is thinking
1407 80 is thinking
1408 82 is thinking
1410 181 is sleeping
1411 89 is thinking
1413 72 has taken a fork
1413 69 has taken a fork
1414 84 is thinking
1417 93 is thinking
1419 91 is thinking
1419 62 has taken a fork
1419 71 has taken a fork
1419 172 is sleeping
1419 175 is sleeping
1419 99 is thinking
1419 184 is sleeping
1420 95 is thinking
1420 97 is thinking
1421 88 is thinking
1422 92 is thinking
1424 178 is sleeping
1426 185 is sleeping
1426 180 is sleeping
1426 187 is sleeping
1427 182 is sleeping
1427 65 has taken a fork
1427 183 is sleeping
1427 94 is thinking
1427 75 has taken a fork
1427 101 is thinking
1427 96 is thinking
1428 179 is sleeping
1428 58 has taken a fork
1428 90 is thinking
1428 54 is eating
1428 60 is eating
1428 188 is sleeping
1429 103 is thinking
1430 186 is sleeping
1431 59 has taken a fork
1431 61 has taken a fork
1431 189 is sleeping
1433 66 has taken a fork
1433 63 has taken a fork
1435 78 has taken a fork
1435 193 is sleeping
1435 192 is sleeping
1435 194 is sleeping
1435 74 has taken a fork
1435 68 has taken a fork
1435 73 is eating
1435 56 is eating
1435 191 is sleeping
1436 105 is thinking
1436 70 has taken a fork
1436 190 is sleeping
1436 86 has taken a fork
1436 67 is eating
1436 107 is thinking
1436 48 is eating
1436 77 has taken a fork
1436 100 is thinking
1437 64 has taken a fork
1437 106 is thinking
1437 115 is thinking
1437 87 has taken a fork
1437 83 has taken a fork
1437 195 is sleeping
1439 81 has taken a fork
1439 76 has taken a fork
1439 79 has taken a fork
1439 85 has taken a fork
1439 80 has taken a fork
1439 111 is thinking
1440 113 is thinking
1440 104 is thinking
1440 82 has taken a fork
1440 109 is thinking
1440 102 is thinking
1440 197 is sleeping
1440 119 is thinking
1440 110 is thinking
1440 108 is thinking
1440 89 has taken a fork
1440 198 is sleeping
1440 114 is thinking
1440 98 is thinking
1440 72 has taken a fork
1440 196 is sleeping
1440 69 is eating
1441 84 has taken a fork
1441 116 is thinking
1441 1 is sleeping
1441 93 has taken a fork
1442 9 is sleeping
1442 7 is sleeping
1442 112 is thinking
1442 91 has taken a fork
1442 62 is eating
1442 71 is eating
1442 99 has taken a fork
1443 95 has taken a fork
1443 120 is thinking
1443 97 has taken a fork
1443 88 has taken a fork
1443 130 is thinking
1443 118 is thinking
1444 127 is thinking
1444 92 has taken a fork
1444 3 is sleeping
1444 117 is thinking
1444 125 is thinking
1444 4 is sleeping
1444 5 is sleeping
1444 14 is sleeping
1444 15 is sleeping
1444 11 is sleeping
1444 8 is sleeping
1444 133 is thinking
1445 131 is thinking
1445 137 is thinking
1445 132 is thinking
1445 124 is thinking
1445 129 is thinking
1445 128 is thinking
1445 122 is thinking
1446 121 is thinking
1446 2 is sleeping
1446 65 is eating
1446 94 has taken a fork
1446 75 is eating
1446 101 has taken a fork
1446 96 has taken a fork
1447 6 is sleeping
1447 58 is eating
1447 90 has taken a fork
1447 123 is thinking
1447 126 is thinking
1447 13 is sleeping
1447 103 has taken a fork
1447 23 is sleeping
1447 142 is thinking
1447 12 is sleeping
1447 17 is sleeping
1447 22 is sleeping
1447 10 is sleeping
1447 145 is thinking
1447 144 is thinking
1447 33 is sleeping
1448 59 is eating
1448 61 is eating
1448 134 is thinking
1448 140 is thinking
1448 135 is thinking
1448 24 is sleeping
1448 25 is sleeping
1448 66 is eating
1448 63 is eating
1449 138 is thinking
1449 18 is sleeping
1449 20 is sleeping
1449 78 has taken a fork
1449 68 has taken a fork
1449 136 is thinking
1449 74 has taken a fork
1449 139 is thinking
1450 105 has taken a fork
1450 70 has taken a fork
1450 86 has taken a fork
1450 107 has taken a fork
1451 77 is eating
1451 100 has taken a fork
1451 64 is eating
1451 106 has taken a fork
1451 29 is sleeping
1451 141 is thinking
1452 143 is thinking
1452 115 has taken a fork
1452 87 has taken a fork
1452 27 is sleeping
1452 83 has taken a fork
1452 19 is sleeping
1452 81 has taken a fork
1452 31 is sleeping
1452 76 has taken a fork
1452 79 has taken a fork
1452 85 has taken a fork
1452 80 has taken a fork
1452 111 has taken a fork
1452 30 is sleeping
1452 113 has taken a fork
1452 104 has taken a fork
1452 82 has taken a fork
1452 109 has taken a fork
1452 102 has taken a fork
1452 119 has taken a fork
1452 110 has taken a fork
1453 108 has taken a fork
1453 89 has taken a fork
1453 114 has taken a fork
1453 98 has taken a fork
1453 72 is eating
1454 147 is thinking
1454 28 is sleeping
1454 84 has taken a fork
1454 155 is thinking
1454 116 has taken a fork
1454 148 is thinking
1454 93 has taken a fork
1454 149 is thinking
1455 26 is sleeping
1455 16 is sleeping
1455 112 has taken a fork
1455 91 has taken a fork
1455 99 has taken a fork
1455 95 has taken a fork
1455 45 is sleeping
1455 153 is thinking
1455 120 has taken a fork
1455 37 is sleeping
1455 97 has taken a fork
1455 88 has taken a fork
1455 130 has taken a fork
1455 118 has taken a fork
1455 92 has taken a fork
1455 127 has taken a fork
1455 117 has taken a fork
1455 125 has taken a fork
1455 21 is sleeping
1455 133 has taken a fork
1455 131 has taken a fork
1455 152 is thinking
1455 137 has taken a fork
1456 132 has taken a fork
1456 124 has taken a fork
1456 129 has taken a fork
1456 128 has taken a fork
1456 122 has taken a fork
1456 47 is sleeping
1456 121 has taken a fork
1456 151 is thinking
1456 34 is sleeping
1456 94 has taken a fork
1456 101 has taken a fork
1456 96 has taken a fork
1456 90 has taken a fork
1456 123 has taken a fork
1457 126 has taken a fork
1457 103 has taken a fork
1457 142 has taken a fork
1458 49 is sleeping
1458 145 has taken a fork
1458 42 is sleeping
1458 144 has taken a fork
1458 78 is eating
1458 68 is eating
1459 74 is eating
1459 39 is sleeping
1460 134 has taken a fork
1461 36 is sleeping
1461 140 has taken a fork
1461 105 has taken a fork
1461 70 is eating
1461 86 is eating
1461 44 is sleeping
1461 107 has taken a fork
1461 150 is thinking
1461 135 has taken a fork
1461 100 has taken a fork
1461 106 has taken a fork
1461 32 is sleeping
1461 138 has taken a fork
1461 115 has taken a fork
1462 87 is eating
1462 83 is eating
1462 81 is eating
1462 76 is eating
1462 79 is eating
1462 85 is eating
1462 80 is eating
1463 111 has taken a fork
1463 113 has taken a fork
1463 104 has taken a fork
1463 82 is eating
1463 109 has taken a fork
1463 102 has taken a fork
1463 119 has taken a fork
1463 110 has taken a fork
1463 108 has taken a fork
1463 156 is thinking
1463 41 is sleeping
1463 136 has taken a fork
1464 89 is eating
1464 114 has taken a fork
1464 98 has taken a fork
1464 51 is sleeping
1464 40 is sleeping
1464 38 is sleeping
1464 141 has taken a fork
1464 84 is eating
1465 139 has taken a fork
1465 146 is thinking
1466 143 has taken a fork
1466 116 has taken a fork
1466 93 is eating
1466 112 has taken a fork
1466 91 is eating
1466 99 is eating
1466 95 is eating
1466 43 is sleeping
1467 120 has taken a fork
1467 147 has taken a fork
1467 97 is eating
1467 88 is eating
1467 130 has taken a fork
1467 118 has taken a fork
1467 92 is eating
1467 127 has taken a fork
1467 117 has taken a fork
1467 125 has taken a fork
1467 133 has taken a fork
1467 131 has taken a fork
1468 137 has taken a fork
1468 132 has taken a fork
1468 50 is sleeping
1468 155 has taken a fork
1468 46 is sleeping
1468 124 has taken a fork
1468 148 has taken a fork
1469 129 has taken a fork
1469 128 has taken a fork
1469 122 has taken a fork
1469 121 has taken a fork
1470 94 is eating
1470 35 is sleeping
1470 101 is eating
1470 149 has taken a fork
1471 96 is eating
1471 90 is eating
1471 123 has taken a fork
1471 160 is thinking
1471 126 has taken a fork
1471 103 is eating
1471 142 has taken a fork
1472 145 has taken a fork
1473 144 has taken a fork
1473 55 is sleeping
1473 153 has taken a fork
1473 134 has taken a fork
1474 53 is sleeping
1474 152 has taken a fork
1474 158 is thinking
1474 159 is thinking
1474 157 is thinking
1474 140 has taken a fork
1474 105 is eating
1474 107 is eating
1474 135 has taken a fork
1474 100 is eating
1474 106 is eating
1474 138 has taken a fork
1478 115 is eating
1478 111 is eating
1478 113 is eating
1478 104 is eating
1478 109 is eating
1478 102 is eating
1478 119 is eating
1478 110 is eating
1479 108 is eating
1479 136 has taken a fork
1479 52 is sleeping
1479 151 has taken a fork
1479 114 is eating
1479 98 is eating
1480 141 has taken a fork
1482 139 has taken a fork
1484 143 has taken a fork
1485 116 is eating
1485 112 is eating
1485 120 is eating
1485 147 has taken a fork
1486 130 is eating
1486 118 is eating
1486 127 is eating
1486 117 is eating
1486 125 is eating
1486 133 is eating
1487 131 is eating
1487 137 is eating
1487 132 is eating
1487 155 has taken a fork
1487 124 is eating
1487 148 has taken a fork
1487 129 is eating
1488 57 is sleeping
1489 128 is eating
1489 150 has taken a fork
1489 122 is eating
1489 121 is eating
1490 149 has taken a fork
1490 123 is eating
1490 126 is eating
1490 142 is eating
1490 145 is eating
1490 144 is eating
1490 153 has taken a fork
1491 134 is eating
1491 152 has taken a fork
1491 140 is eating
1491 135 is eating
1491 138 is eating
1491 161 is thinking
1491 164 is thinking
1492 154 is thinking
1493 136 is eating
1493 151 has taken a fork
1493 141 is eating
1493 139 is eating
1493 54 is sleeping
1493 143 is eating
1493 156 has taken a fork
1493 163 is thinking
1494 60 is sleeping
1495 147 is eating
1495 169 is thinking
1497 168 is thinking
1498 146 has taken a fork
1498 155 is eating
1498 148 is eating
1499 167 is thinking
1500 166 is thinking
1500 150 has taken a fork
1501 149 is eating
1502 165 is thinking
1503 56 is sleeping
1503 162 is thinking
1503 73 is sleeping
1503 158 has taken a fork
1503 160 has taken a fork
1503 153 is eating
1503 67 is sleeping
1503 152 is eating
1503 159 has taken a fork
1503 48 is sleeping
1504 157 has taken a fork
1505 151 is eating
1505 156 has taken a fork
1506 170 is thinking
1507 176 is thinking
1509 173 is thinking
1510 69 is sleeping
1510 161 has taken a fork
1511 62 is sleeping
1512 146 has taken a fork
1513 71 is sleeping
1514 164 has taken a fork
1518 154 has taken a fork
1518 150 is eating
1519 65 is sleeping
1519 163 has taken a fork
1522 177 is thinking
1523 75 is sleeping
1524 58 is sleeping
1524 169 has taken a fork
1524 168 has taken a fork
1525 158 has taken a fork
1526 160 has taken a fork
1526 159 has taken a fork
1526 61 is sleeping
1526 59 is sleeping
1526 171 is thinking
1527 167 has taken a fork
1528 66 is sleeping
1530 174 is thinking
1531 157 has taken a fork
1532 166 has taken a fork
1533 63 is sleeping
1533 156 is eating
1533 165 has taken a fork
1533 162 has taken a fork
1533 77 is sleeping
1533 170 has taken a fork
1534 64 is sleeping
1534 181 is thinking
1534 161 has taken a fork
1536 176 has taken a fork
1538 146 is eating
1539 72 is sleeping
1540 164 has taken a fork
1541 173 has taken a fork
1542 154 has taken a fork
1543 175 is thinking
1543 172 is thinking
1543 163 has taken a fork
1544 184 is thinking
1545 169 has taken a fork
1545 178 is thinking
1545 168 has taken a fork
1545 78 is sleeping
1545 158 is eating
1546 177 has taken a fork
1547 74 is sleeping
1548 160 is eating
1548 159 is eating
1548 68 is sleeping
1551 171 has taken a fork
1552 182 is thinking
1552 167 has taken a fork
1552 183 is thinking
1552 185 is thinking
1552 180 is thinking
1552 187 is thinking
1552 179 is thinking
1553 188 is thinking
1553 70 is sleeping
1553 86 is sleeping
1555 174 has taken a fork
1555 189 is thinking
1555 186 is thinking
1556 157 is eating
1556 87 is sleeping
1557 83 is sleeping
1558 166 has taken a fork
1558 76 is sleeping
1559 81 is sleeping
1559 165 has taken a fork
1559 162 has taken a fork
1559 170 has taken a fork
1559 79 is sleeping
1560 85 is sleeping
1560 181 has taken a fork
1560 161 is eating
1560 193 is thinking
1560 191 is thinking
1560 80 is sleeping
1560 194 is thinking
1560 192 is thinking
1561 190 is thinking
1561 176 has taken a fork
1562 82 is sleeping
1562 195 is thinking
1562 89 is sleeping
1562 84 is sleeping
1563 196 is thinking
1563 197 is thinking
1563 198 is thinking
1563 1 is thinking
1563 164 is eating
1563 173 has taken a fork
1563 9 is thinking
1564 7 is thinking
1564 93 is sleeping
1564 154 is eating
1564 95 is sleeping
1564 175 has taken a fork
1564 172 has taken a fork
1564 163 is eating
1565 91 is sleeping
1565 99 is sleeping
1565 4 is thinking
1566 14 is thinking
1566 15 is thinking
1566 88 is sleeping
1566 97 is sleeping
1566 8 is thinking
1566 5 is thinking
1566 11 is thinking
1567 3 is thinking
1567 184 has taken a fork
1567 169 is eating
1567 92 is sleeping
1567 178 has taken a fork
1567 168 is eating
1568 177 has taken a fork
1568 2 is thinking
1568 23 is thinking
1568 10 is thinking
1568 6 is thinking
1568 22 is thinking
1568 33 is thinking
1568 17 is thinking
1568 13 is thinking
1569 12 is thinking
1569 25 is thinking
1569 24 is thinking
1569 20 is thinking
1569 96 is sleeping
1569 18 is thinking
1569 101 is sleeping
1569 103 is sleeping
1569 90 is sleeping
1569 29 is thinking
1569 171 has taken a fork
1569 182 has taken a fork
1570 30 is thinking
1570 19 is thinking
1570 167 is eating
1570 183 has taken a fork
1570 185 has taken a fork
1570 180 has taken a fork
1570 187 has taken a fork
1571 179 has taken a fork
1571 94 is sleeping
1571 27 is thinking
1571 31 is thinking
1572 188 has taken a fork
1573 28 is thinking
1573 21 is thinking
1573 105 is sleeping
1573 26 is thinking
1574 107 is sleeping
1574 45 is thinking
1574 37 is thinking
1574 100 is sleeping
1574 16 is thinking
1574 174 has taken a fork
1574 189 has taken a fork
1575 186 has taken a fork
1575 106 is sleeping
1575 34 is thinking
1576 47 is thinking
1576 42 is thinking
1576 115 is sleeping
1576 49 is thinking
1576 166 is eating
1576 102 is sleeping
1576 39 is thinking
1576 119 is sleeping
1576 113 is sleeping
1576 111 is sleeping
1576 104 is sleeping
1576 109 is sleeping
1576 165 is eating
1577 162 is eating
1577 170 is eating
1577 98 is sleeping
1577 114 is sleeping
1577 110 is sleeping
1577 108 is sleeping
1577 181 has taken a fork
1577 193 has taken a fork
1577 191 has taken a fork
1577 194 has taken a fork
1577 192 has taken a fork
1577 36 is thinking
1578 32 is thinking
1578 190 has taken a fork
1578 44 is thinking
1578 176 is eating
1579 195 has taken a fork
1579 196 has taken a fork
1579 116 is sleeping
1579 197 has taken a fork
1580 198 has taken a fork
1580 1 has taken a fork
1580 41 is thinking
1580 173 is eating
1580 9 has taken a fork
1580 120 is sleeping
1580 40 is thinking
1580 112 is sleeping
1581 7 has taken a fork
1581 38 is thinking
1583 51 is thinking
1583 175 has taken a fork
1584 172 has taken a fork
1584 117 is sleeping
1584 130 is sleeping
1584 4 has taken a fork
1584 125 is sleeping
1584 118 is sleeping
1585 133 is sleeping
1585 124 is sleeping
1585 137 is sleeping
1585 131 is sleeping
1585 132 is sleeping
1586 43 is thinking
1588 14 has taken a fork
1589 15 has taken a fork
1589 127 is sleeping
1589 8 has taken a fork
1590 5 has taken a fork
1590 11 has taken a fork
1590 129 is sleeping
1590 128 is sleeping
1590 122 is sleeping
1590 3 has taken a fork
1590 184 has taken a fork
1590 178 has taken a fork
1591 121 is sleeping
1591 46 is thinking
1591 177 is eating
1592 50 is thinking
1593 2 has taken a fork
1593 23 has taken a fork
1594 10 has taken a fork
1594 6 has taken a fork
1594 22 has taken a fork
1595 33 has taken a fork
1595 17 has taken a fork
1596 13 has taken a fork
1596 126 is sleeping
1596 145 is sleeping
1596 123 is sleeping
1597 12 has taken a fork
1597 144 is sleeping
1598 25 has taken a fork
1598 142 is sleeping
1598 24 has taken a fork
1598 20 has taken a fork
1599 18 has taken a fork
1599 29 has taken a fork
1600 171 is eating
1600 182 has taken a fork
1600 134 is sleeping
1600 30 has taken a fork
1600 19 has taken a fork
1600 140 is sleeping
1601 35 is thinking
1602 183 has taken a fork
1603 185 has taken a fork
1603 180 has taken a fork
1603 187 has taken a fork
1603 135 is sleeping
1604 179 has taken a fork
1604 27 has taken a fork
1604 31 has taken a fork
1604 138 is sleeping
1604 188 has taken a fork
1604 136 is sleeping
1605 28 has taken a fork
1606 21 has taken a fork
1606 55 is thinking
1606 26 has taken a fork
1607 139 is sleeping
1607 143 is sleeping
1607 45 has taken a fork
1608 37 has taken a fork
1610 53 is thinking
1613 141 is sleeping
1613 16 has taken a fork
1613 174 is eating
1613 189 has taken a fork
1613 147 is sleeping
1613 186 has taken a fork
1613 34 has taken a fork
1614 47 has taken a fork
1614 42 has taken a fork
1614 49 has taken a fork
1615 39 has taken a fork
1615 181 is eating
1615 193 has taken a fork
1616 191 has taken a fork
1616 155 is sleeping
1617 148 is sleeping
1617 194 has taken a fork
1618 192 has taken a fork
1618 36 has taken a fork
1618 32 has taken a fork
1620 190 has taken a fork
1620 44 has taken a fork
1620 52 is thinking
1620 149 is sleeping
1621 195 has taken a fork
1621 196 has taken a fork
1622 197 has taken a fork
1622 198 has taken a fork
1622 1 has taken a fork
1623 41 has taken a fork
1623 9 has taken a fork
1623 40 has taken a fork
1624 7 has taken a fork
1624 153 is sleeping
1625 38 has taken a fork
1625 152 is sleeping
1625 51 has taken a fork
1625 175 is eating
1625 172 is eating
1626 4 has taken a fork
1626 151 is sleeping
1627 43 has taken a fork
1627 57 is thinking
1628 14 has taken a fork
1629 15 has taken a fork
1629 8 has taken a fork
1629 5 has taken a fork
1629 11 has taken a fork
1629 3 has taken a fork
1631 184 is eating
1631 178 is eating
1631 46 has taken a fork
1631 50 has taken a fork
1632 54 is thinking
1632 2 has taken a fork
1632 23 has taken a fork
1632 150 is sleeping
1632 10 has taken a fork
1632 60 is thinking
1633 6 has taken a fork
1633 22 has taken a fork
1634 33 has taken a fork
1634 17 has taken a fork
1634 13 has taken a fork
1634 12 has taken a fork
1634 25 has taken a fork
1634 24 has taken a fork
1634 20 has taken a fork
1635 18 has taken a fork
1635 29 has taken a fork
1635 182 is eating
1635 30 has taken a fork
1635 19 has taken a fork
1636 35 has taken a fork
1636 183 is eating
1636 73 is thinking
1636 67 is thinking
1636 185 is eating
1637 180 is eating
1638 187 is eating
1639 48 is thinking
1639 56 is thinking
1640 179 is eating
1640 27 has taken a fork
1640 31 has taken a fork
1640 188 is eating
1640 28 has taken a fork
1641 21 has taken a fork
1641 55 has taken a fork
1642 26 has taken a fork
1642 45 has taken a fork
1642 37 has taken a fork
1642 156 is sleeping
1643 69 is thinking
1643 53 has taken a fork
1643 62 is thinking
1643 146 is sleeping
1643 71 is thinking
1643 16 has taken a fork
1644 189 is eating
1644 186 is eating
1645 34 has taken a fork
1646 47 has taken a fork
1646 42 has taken a fork
1646 49 has taken a fork
1646 39 has taken a fork
1646 193 is eating
1646 191 is eating
1646 194 is eating
1646 158 is sleeping
1646 192 is eating
1646 36 has taken a fork
1646 32 has taken a fork
1646 65 is thinking
1647 160 is sleeping
1648 190 is eating
1648 159 is sleeping
1648 44 has taken a fork
1649 52 has taken a fork
1650 195 is eating
1651 196 is eating
1652 197 is eating
1652 198 is eating
1653 1 is eating
1653 75 is thinking
1653 41 has taken a fork
1653 9 is eating
1653 40 has taken a fork
1653 58 is thinking
1653 7 is eating
1653 157 is sleeping
1654 38 has taken a fork
1654 51 has taken a fork
1654 61 is thinking
1654 59 is thinking
1654 4 is eating
1654 43 has taken a fork
1654 57 has taken a fork
1654 14 is eating
1654 66 is thinking
1655 15 is eating
1655 161 is sleeping
1655 8 is eating
1655 5 is eating
1655 11 is eating
1656 3 is eating
1656 46 has taken a fork
1657 50 has taken a fork
1658 54 has taken a fork
1658 2 is eating
1659 154 is sleeping
1659 23 is eating
1659 164 is sleeping
1659 10 is eating
1659 6 is eating
1659 163 is sleeping
1659 63 is thinking
1659 60 has taken a fork
1659 77 is thinking
1659 22 is eating
1659 33 is eating
1659 17 is eating
1659 13 is eating
1659 12 is eating
1659 25 is eating
1659 24 is eating
1660 64 is thinking
1660 20 is eating
1660 169 is sleeping
1660 18 is eating
1661 168 is sleeping
1662 29 is eating
1662 30 is eating
1662 19 is eating
1662 35 has taken a fork
1662 73 has taken a fork
1662 67 has taken a fork
1662 167 is sleeping
1662 72 is thinking
1662 48 has taken a fork
1663 56 has taken a fork
1663 27 is eating
1663 31 is eating
1664 28 is eating
1665 166 is sleeping
1666 21 is eating
1667 55 has taken a fork
1667 162 is sleeping
1669 165 is sleeping
1669 26 is eating
1670 45 is eating
1672 37 is eating
1672 69 has taken a fork
1672 170 is sleeping
1673 53 has taken a fork
1673 62 has taken a fork
1673 71 has taken a fork
1673 16 is eating
1674 78 is thinking
1674 176 is sleeping
1675 34 is eating
1676 47 is eating
1677 42 is eating
1677 49 is eating
1678 39 is eating
1678 36 is eating
1678 32 is eating
1678 65 has taken a fork
1679 74 is thinking
1679 173 is sleeping
1679 68 is thinking
1679 44 is eating
1679 52 has taken a fork
1680 70 is thinking
1680 75 has taken a fork
1680 41 is eating
1681 40 is eating
1681 58 has taken a fork
1682 86 is thinking
1684 38 is eating
1685 51 is eating
1685 61 has taken a fork
1686 59 has taken a fork
1686 57 has taken a fork
1686 43 is eating
1686 66 has taken a fork
1686 87 is thinking
1686 46 is eating
1686 83 is thinking
1686 76 is thinking
1687 50 is eating
1687 54 has taken a fork
1687 177 is sleeping
1687 63 has taken a fork
1687 81 is thinking
1687 60 has taken a fork
1687 77 has taken a fork
1687 85 is thinking
1688 79 is thinking
1688 80 is thinking
1688 64 has taken a fork
1688 84 is thinking
1688 82 is thinking
1688 89 is thinking
1688 35 is eating
1689 73 has taken a fork
1689 67 has taken a fork
1689 72 has taken a fork
1689 48 has taken a fork
1690 56 has taken a fork
1691 171 is sleeping
1691 95 is thinking
1691 93 is thinking
1691 91 is thinking
1691 99 is thinking
1691 88 is thinking
1692 97 is thinking
1692 92 is thinking
1692 55 is eating
1693 90 is thinking
1694 101 is thinking
1694 96 is thinking
1694 103 is thinking
1694 94 is thinking
1695 174 is sleeping
1695 69 has taken a fork
1695 62 has taken a fork
1695 105 is thinking
1695 71 has taken a fork
1695 100 is thinking
1695 78 has taken a fork
1695 107 is thinking
1696 53 is eating
1696 106 is thinking
1696 181 is sleeping
1696 119 is thinking
1697 104 is thinking
1697 115 is thinking
1698 109 is thinking
1698 111 is thinking
1698 113 is thinking
1699 102 is thinking
1699 108 is thinking
1699 114 is thinking
1699 98 is thinking
1699 110 is thinking
1700 65 has taken a fork
1700 74 has taken a fork
1700 116 is thinking
1700 68 has taken a fork
1700 52 is eating
1701 120 is thinking
1701 70 has taken a fork
1701 75 has taken a fork
1701 112 is thinking
1701 58 has taken a fork
1701 118 is thinking
1701 172 is sleeping
1702 130 is thinking
1702 175 is sleeping
1703 125 is thinking
1703 117 is thinking
1703 86 has taken a fork
1703 124 is thinking
1703 133 is thinking
1704 132 is thinking
1704 137 is thinking
1705 131 is thinking
1705 61 has taken a fork
1705 59 has taken a fork
1705 57 is eating
1705 66 has taken a fork
1705 87 has taken a fork
1705 54 is eating
1705 63 has taken a fork
1705 60 is eating
1705 77 has taken a fork
1705 184 is sleeping
1705 178 is sleeping
1705 83 has taken a fork
1705 76 has taken a fork
1706 64 has taken a fork
1706 127 is thinking
1706 73 is eating
1706 67 is eating
1706 72 has taken a fork
1706 48 is eating
1706 128 is thinking
1706 122 is thinking
1706 129 is thinking
1706 56 is eating
1706 121 is thinking
1706 182 is sleeping
1706 183 is sleeping
1706 81 has taken a fork
1706 85 has taken a fork
1706 185 is sleeping
1706 79 has taken a fork
1707 69 is eating
1707 180 is sleeping
1707 187 is sleeping
1707 80 has taken a fork
1707 84 has taken a fork
1707 62 is eating
1707 71 is eating
1707 78 has taken a fork
1708 145 is thinking
1708 179 is sleeping
1708 126 is thinking
1709 82 has taken a fork
1709 123 is thinking
1710 188 is sleeping
1710 144 is thinking
1710 89 has taken a fork
1710 142 is thinking
1710 140 is thinking
1711 189 is sleeping
1711 186 is sleeping
1711 95 has taken a fork
1711 134 is thinking
1711 93 has taken a fork
1711 65 is eating
1711 74 has taken a fork
1712 68 has taken a fork
1713 70 has taken a fork
1713 75 is eating
1713 58 is eating
1713 194 is sleeping
1713 91 has taken a fork
1713 135 is thinking
1714 191 is sleeping
1714 193 is sleeping
1715 99 has taken a fork
1715 88 has taken a fork
1715 86 has taken a fork
1715 192 is sleeping
1715 138 is thinking
1715 97 has taken a fork
1716 136 is thinking
1717 190 is sleeping
1718 92 has taken a fork
1718 61 is eating
1718 59 is eating
1718 66 is eating
1718 87 has taken a fork
1718 63 is eating
1718 77 is eating
1718 83 has taken a fork
1719 76 has taken a fork
1719 64 is eating
1719 72 is eating
1719 195 is sleeping
1719 90 has taken a fork
1719 81 has taken a fork
1719 79 has taken a fork
1720 196 is sleeping
1720 143 is thinking
1721 85 has taken a fork
1721 101 has taken a fork
1721 80 has taken a fork
1722 84 has taken a fork
1722 139 is thinking
1722 78 is eating
1722 197 is sleeping
1722 9 is sleeping
1722 1 is sleeping
1723 94 has taken a fork
1723 96 has taken a fork
1723 103 has taken a fork
1723 198 is sleeping
1723 82 has taken a fork
1723 7 is sleeping
1723 105 has taken a fork
1724 100 has taken a fork
1724 14 is sleeping
1724 107 has taken a fork
1724 89 has taken a fork
1725 4 is sleeping
1725 106 has taken a fork
1725 8 is sleeping
1725 11 is sleeping
1725 104 has taken a fork
1725 15 is sleeping
1725 115 has taken a fork
1725 95 has taken a fork
1725 93 has taken a fork
1725 119 has taken a fork
1725 5 is sleeping
1726 74 is eating
1726 109 has taken a fork
1726 68 is eating
1726 147 is thinking
1726 70 is eating
1726 2 is sleeping
1726 111 has taken a fork
1726 91 has taken a fork
1726 23 is sleeping
1726 6 is sleeping
1727 17 is sleeping
1727 13 is sleeping
1727 24 is sleeping
1727 10 is sleeping
1727 141 is thinking
1728 3 is sleeping
1728 22 is sleeping
1728 33 is sleeping
1728 25 is sleeping
1728 110 has taken a fork
1728 113 has taken a fork
1728 108 has taken a fork
1728 112 has taken a fork
1728 102 has taken a fork
1728 120 has taken a fork
1729 12 is sleeping
1729 118 has taken a fork
1729 98 has taken a fork
1729 116 has taken a fork
1729 114 has taken a fork
1729 130 has taken a fork
1730 20 is sleeping
1730 125 has taken a fork
1730 18 is sleeping
1730 117 has taken a fork
1730 99 has taken a fork
1730 88 has taken a fork
1730 86 is eating
1730 97 has taken a fork
1730 30 is sleeping
1730 19 is sleeping
1730 29 is sleeping
1730 124 has taken a fork
1730 133 has taken a fork
1731 132 has taken a fork
1731 155 is thinking
1731 148 is thinking
1731 27 is sleeping
1731 31 is sleeping
1732 137 has taken a fork
1732 131 has taken a fork
1732 92 has taken a fork
1733 87 is eating
1733 83 is eating
1733 76 is eating
1733 90 has taken a fork
1733 81 is eating
1733 79 is eating
1733 28 is sleeping
1734 21 is sleeping
1734 149 is thinking
1735 128 has taken a fork
1735 127 has taken a fork
1736 85 is eating
1736 101 has taken a fork
1737 80 is eating
1737 45 is sleeping
1737 84 is eating
1737 122 has taken a fork
1737 26 is sleeping
1737 129 has taken a fork
1737 37 is sleeping
1737 94 has taken a fork
1737 121 has taken a fork
1737 96 has taken a fork
1738 103 has taken a fork
1738 82 is eating
1738 105 has taken a fork
1738 16 is sleeping
1738 145 has taken a fork
1739 100 has taken a fork
1739 107 has taken a fork
1740 89 is eating
1740 152 is thinking
1740 106 has taken a fork
1740 104 has taken a fork
1740 34 is sleeping
1740 153 is thinking
1740 126 has taken a fork
1740 115 has taken a fork
1740 95 is eating
1740 93 is eating
1740 119 has taken a fork
1740 47 is sleeping
1740 123 has taken a fork
1740 109 has taken a fork
1741 151 is thinking
1742 111 has taken a fork
1742 91 is eating
1742 42 is sleeping
1742 49 is sleeping
1742 39 is sleeping
1742 142 has taken a fork
1742 140 has taken a fork
1742 36 is sleeping
1742 32 is sleeping
1743 144 has taken a fork
1743 134 has taken a fork
1744 135 has taken a fork
1744 110 has taken a fork
1744 113 has taken a fork
1744 108 has taken a fork
1745 112 has taken a fork
1745 102 has taken a fork
1745 120 has taken a fork
1745 44 is sleeping
1746 138 has taken a fork
1746 118 has taken a fork
1746 98 has taken a fork
1746 116 has taken a fork
1746 114 has taken a fork
1746 130 has taken a fork
1746 125 has taken a fork
1747 41 is sleeping
1747 117 has taken a fork
1747 99 is eating
1747 88 is eating
1748 97 is eating
1750 136 has taken a fork
1750 124 has taken a fork
1751 133 has taken a fork
1751 132 has taken a fork
1751 40 is sleeping
1754 143 has taken a fork
1754 150 is thinking
1756 137 has taken a fork
1757 131 has taken a fork
1758 92 is eating
1758 38 is sleeping
1759 139 has taken a fork
1759 90 is eating
1760 51 is sleeping
1760 147 has taken a fork
1760 128 has taken a fork
1760 127 has taken a fork
1760 43 is sleeping
1761 101 is eating
1762 141 has taken a fork
1762 122 has taken a fork
1762 129 has taken a fork
1762 94 is eating
1762 121 has taken a fork
1762 96 is eating
1762 103 is eating
1762 105 is eating
1763 145 has taken a fork
1763 46 is sleeping
1764 100 is eating
1764 107 is eating
1765 106 is eating
1766 155 has taken a fork
1766 104 is eating
1767 50 is sleeping
1768 148 has taken a fork
1768 126 has taken a fork
1768 115 is eating
1768 119 is eating
1768 109 is eating
1769 123 has taken a fork
1771 111 is eating
1772 156 is thinking
1772 142 has taken a fork
1773 140 has taken a fork
1773 146 is thinking
1774 144 has taken a fork
1774 134 has taken a fork
1774 135 has taken a fork
1775 110 is eating
1775 113 is eating
1775 108 is eating
1776 112 is eating
1777 102 is eating
1777 120 is eating
1777 158 is thinking
1777 138 has taken a fork
1777 118 is eating
1778 98 is eating
1778 116 is eating
1778 35 is sleeping
1778 149 has taken a fork
1779 114 is eating
1779 130 is eating
1779 125 is eating
1779 160 is thinking
1779 117 is eating
1780 159 is thinking
1781 55 is sleeping
1781 152 has taken a fork
1783 136 has taken a fork
1783 124 is eating
1784 133 is eating
1784 132 is eating
1784 157 is thinking
1784 143 has taken a fork
1785 53 is sleeping
1786 153 has taken a fork
1788 161 is thinking
1790 137 is eating
1790 131 is eating
1791 139 has taken a fork
1791 164 is thinking
1792 163 is thinking
1793 154 is thinking
1794 169 is thinking
1794 147 has taken a fork
1794 52 is sleeping
1795 127 is eating
1795 128 is eating
1796 168 is thinking
1796 167 is thinking
1797 141 has taken a fork
1798 151 has taken a fork
1799 122 is eating
1799 129 is eating
1799 121 is eating
1799 145 is eating
1800 166 is thinking
1800 57 is sleeping
1801 155 has taken a fork
1801 150 has taken a fork
1802 162 is thinking
1802 148 has taken a fork
1803 126 is eating
1804 165 is thinking
1804 54 is sleeping
1804 60 is sleeping
1806 123 is eating
1806 73 is sleeping
1808 67 is sleeping
1808 170 is thinking
1809 156 has taken a fork
1810 142 is eating
1810 48 is sleeping
1810 140 is eating
1810 146 has taken a fork
1810 56 is sleeping
1810 176 is thinking
1810 144 is eating
1810 134 is eating
1810 135 is eating
1810 71 is sleeping
1810 69 is sleeping
1810 62 is sleeping
1812 158 has taken a fork
1812 138 is eating
1813 149 has taken a fork
1813 65 is sleeping
1813 173 is thinking
1814 160 has taken a fork
1814 159 has taken a fork
1815 152 has taken a fork
1815 136 is eating
1815 58 is sleeping
1815 75 is sleeping
1815 157 has taken a fork
1817 143 is eating
1817 59 is sleeping
1818 61 is sleeping
1818 66 is sleeping
1818 153 has taken a fork
1819 177 is thinking
1819 161 has taken a fork
1820 77 is sleeping
1820 63 is sleeping
1821 64 is sleeping
1822 171 is thinking
1822 139 is eating
1822 72 is sleeping
1822 164 has taken a fork
1822 163 has taken a fork
1822 154 has taken a fork
1823 169 has taken a fork
1823 147 is eating
1824 174 is thinking
1824 181 is thinking
1824 168 has taken a fork
1824 167 has taken a fork
1824 141 is eating
1825 78 is sleeping
1826 151 has taken a fork
1828 166 has taken a fork
1828 155 is eating
1829 172 is thinking
1831 150 has taken a fork
1832 175 is thinking
1832 162 has taken a fork
1832 148 is eating
1832 74 is sleeping
1832 68 is sleeping
1832 70 is sleeping
1833 165 has taken a fork
1834 184 is thinking
1834 178 is thinking
1834 185 is thinking
1834 183 is thinking
1835 182 is thinking
1835 187 is thinking
1835 180 is thinking
1835 179 is thinking
1835 86 is sleeping
1836 170 has taken a fork
1837 156 has taken a fork
1837 188 is thinking
1837 87 is sleeping
1838 146 has taken a fork
1838 176 has taken a fork
1839 189 is thinking
1839 186 is thinking
1840 158 has taken a fork
1840 76 is sleeping
1840 83 is sleeping
1840 149 is eating
1840 194 is thinking
1841 193 is thinking
1841 173 has taken a fork
1842 160 has taken a fork
1842 191 is thinking
1843 79 is sleeping
1843 81 is sleeping
1843 159 has taken a fork
1844 85 is sleeping
1844 152 is eating
1844 192 is thinking
1845 157 has taken a fork
1845 84 is sleeping
1845 190 is thinking
1845 82 is sleeping
1845 80 is sleeping
1845 153 is eating
1846 195 is thinking
1846 177 has taken a fork
1847 89 is sleeping
1847 161 has taken a fork
1847 196 is thinking
1847 95 is sleeping
1848 93 is sleeping
1848 1 is thinking
1848 171 has taken a fork
1848 9 is thinking
1848 164 has taken a fork
1848 163 has taken a fork
1849 197 is thinking
1849 154 has taken a fork
1849 7 is thinking
1849 169 has taken a fork
1849 198 is thinking
1849 91 is sleeping
1849 14 is thinking
1849 174 has taken a fork
1849 181 has taken a fork
1850 168 has taken a fork
1850 167 has taken a fork
1850 4 is thinking
1850 88 is sleeping
1851 15 is thinking
1851 99 is sleeping
1851 8 is thinking
1851 11 is thinking
1852 5 is thinking
1852 23 is thinking
1852 2 is thinking
1852 151 is eating
1852 24 is thinking
1852 13 is thinking
1852 10 is thinking
1853 6 is thinking
1853 166 has taken a fork
1853 97 is sleeping
1855 3 is thinking
1855 22 is thinking
1855 25 is thinking
1855 17 is thinking
1855 33 is thinking
1856 12 is thinking
1856 172 has taken a fork
1856 30 is thinking
1856 19 is thinking
1856 29 is thinking
1856 18 is thinking
1856 31 is thinking
1856 20 is thinking
1856 150 is eating
1858 27 is thinking
1858 175 has taken a fork
1859 92 is sleeping
1859 162 has taken a fork
1859 90 is sleeping
1859 165 has taken a fork
1859 184 has taken a fork
1859 28 is thinking
1859 101 is sleeping
1860 21 is thinking
1860 178 has taken a fork
1860 185 has taken a fork
1860 94 is sleeping
1861 183 has taken a fork
1861 182 has taken a fork
1861 187 has taken a fork
1861 180 has taken a fork
1861 179 has taken a fork
1861 105 is sleeping
1861 103 is sleeping
1861 96 is sleeping
1862 170 has taken a fork
1862 100 is sleeping
1862 26 is thinking
1862 156 is eating
1862 107 is sleeping
1862 188 has taken a fork
1863 45 is thinking
1863 37 is thinking
1864 146 is eating
1864 106 is sleeping
1864 176 has taken a fork
1864 104 is sleeping
1864 189 has taken a fork
1864 186 has taken a fork
1864 109 is sleeping
1864 115 is sleeping
1864 34 is thinking
1864 119 is sleeping
1864 47 is thinking
1864 158 is eating
1864 16 is thinking
1865 194 has taken a fork
1865 193 has taken a fork
1865 173 has taken a fork
1865 32 is thinking
1865 42 is thinking
1865 39 is thinking
1865 49 is thinking
1865 111 is sleeping
1866 160 is eating
1866 191 has taken a fork
1866 159 is eating
1867 36 is thinking
1867 192 has taken a fork
1867 112 is sleeping
1867 157 is eating
1867 108 is sleeping
1867 44 is thinking
1867 110 is sleeping
1867 190 has taken a fork
1867 113 is sleeping
1867 98 is sleeping
1867 195 has taken a fork
1867 116 is sleeping
1868 120 is sleeping
1868 118 is sleeping
1868 102 is sleeping
1868 177 has taken a fork
1868 130 is sleeping
1868 117 is sleeping
1868 125 is sleeping
1868 114 is sleeping
1869 41 is thinking
1869 196 has taken a fork
1869 161 is eating
1870 1 has taken a fork
1870 171 has taken a fork
1870 9 has taken a fork
1870 164 is eating
1871 163 is eating
1872 197 has taken a fork
1873 154 is eating
1873 7 has taken a fork
1874 169 is eating
1875 198 has taken a fork
1875 14 has taken a fork
1877 174 has taken a fork
1877 181 has taken a fork
1877 132 is sleeping
1877 133 is sleeping
1877 124 is sleeping
1878 168 is eating
1879 167 is eating
1879 4 has taken a fork
1879 15 has taken a fork
1879 8 has taken a fork
1879 11 has taken a fork
1879 5 has taken a fork
1879 40 is thinking
1879 23 has taken a fork
1879 2 has taken a fork
1879 13 has taken a fork
1879 24 has taken a fork
1879 10 has taken a fork
1879 6 has taken a fork
1880 166 is eating
1880 131 is sleeping
1880 137 is sleeping
1881 22 has taken a fork
1882 3 has taken a fork
1882 25 has taken a fork
1882 17 has taken a fork
1882 33 has taken a fork
1882 12 has taken a fork
1882 172 has taken a fork
1883 30 has taken a fork
1883 19 has taken a fork
1883 29 has taken a fork
1883 18 has taken a fork
1883 31 has taken a fork
1883 20 has taken a fork
1883 128 is sleeping
1883 127 is sleeping
1883 38 is thinking
1884 27 has taken a fork
1884 175 has taken a fork
1884 162 is eating
1885 165 is eating
1885 184 has taken a fork
1885 28 has taken a fork
1885 21 has taken a fork
1885 178 has taken a fork
1885 185 has taken a fork
1885 121 is sleeping
1885 43 is thinking
1885 122 is sleeping
1885 129 is sleeping
1886 183 has taken a fork
1886 182 has taken a fork
1887 51 is thinking
1887 187 has taken a fork
1888 180 has taken a fork
1888 179 has taken a fork
1888 145 is sleeping
1888 170 is eating
1889 26 has taken a fork
1889 188 has taken a fork
1889 46 is thinking
1889 45 has taken a fork
1891 37 has taken a fork
1891 126 is sleeping
1891 176 is eating
1891 189 has taken a fork
1891 186 has taken a fork
1891 34 has taken a fork
1891 47 has taken a fork
1891 194 has taken a fork
1892 193 has taken a fork
1892 173 is eating
1892 123 is sleeping
1892 16 has taken a fork
1893 191 has taken a fork
1893 50 is thinking
1893 192 has taken a fork
1893 190 has taken a fork
1893 195 has taken a fork
1893 177 is eating
1893 140 is sleeping
1893 32 has taken a fork
1894 142 is sleeping
1894 42 has taken a fork
1895 135 is sleeping
1895 144 is sleeping
1895 39 has taken a fork
1895 49 has taken a fork
1895 196 has taken a fork
1895 1 has taken a fork
1896 134 is sleeping
1897 171 is eating
1897 36 has taken a fork
1897 9 has taken a fork
1898 138 is sleeping
1898 44 has taken a fork
1899 197 has taken a fork
1899 7 has taken a fork
1899 143 is sleeping
1899 41 has taken a fork
1900 198 has taken a fork
1901 136 is sleeping
1902 14 has taken a fork
1902 174 is eating
1903 181 is eating
1903 139 is sleeping
1903 35 is thinking
1903 147 is sleeping
1904 4 has taken a fork
1905 15 has taken a fork
1905 8 has taken a fork
1906 11 has taken a fork
1907 5 has taken a fork
1908 40 has taken a fork
1908 23 has taken a fork
1908 2 has taken a fork
1908 13 has taken a fork
1908 24 has taken a fork
1908 10 has taken a fork
1908 6 has taken a fork
1908 55 is thinking
1908 141 is sleeping
1909 22 has taken a fork
1910 3 has taken a fork
1910 25 has taken a fork
1910 17 has taken a fork
1910 33 has taken a fork
1910 12 has taken a fork
1911 172 is eating
1911 30 has taken a fork
1911 19 has taken a fork
1911 29 has taken a fork
1911 18 has taken a fork
1911 31 has taken a fork
1911 20 has taken a fork
1911 38 has taken a fork
1911 27 has taken a fork
1912 175 is eating
1912 53 is thinking
1912 155 is sleeping
1912 184 is eating
1912 28 has taken a fork
1912 21 has taken a fork
1912 178 is eating
1912 185 is eating
1912 43 has taken a fork
1912 183 is eating
1912 148 is sleeping
1912 182 is eating
1912 51 has taken a fork
1913 187 is eating
1913 180 is eating
1913 179 is eating
1914 26 has taken a fork
1914 188 is eating
1914 46 has taken a fork
1914 45 has taken a fork
1914 37 has taken a fork
1915 189 is eating
1915 186 is eating
1915 34 has taken a fork
1916 47 has taken a fork
1916 194 is eating
1917 193 is eating
1917 16 has taken a fork
1917 149 is sleeping
1917 191 is eating
1917 50 has taken a fork
1917 192 is eating
1917 190 is eating
1917 195 is eating
1918 32 has taken a fork
1918 52 is thinking
1918 42 has taken a fork
1918 39 has taken a fork
1918 49 has taken a fork
1918 196 is eating
1918 1 is eating
1918 152 is sleeping
1918 36 has taken a fork
1919 9 is eating
1919 44 has taken a fork
1919 197 is eating
1919 7 is eating
1919 41 has taken a fork
1919 57 is thinking
1920 198 is eating
1920 153 is sleeping
1920 14 is eating
1920 35 has taken a fork
1920 54 is thinking
1921 4 is eating
1921 60 is thinking
1921 15 is eating
1921 8 is eating
1921 11 is eating
1921 151 is sleeping
1922 73 is thinking
1922 5 is eating
1922 67 is thinking
1922 40 has taken a fork
1922 23 is eating
1922 2 is eating
1922 13 is eating
1923 24 is eating
1923 10 is eating
1923 6 is eating
1923 55 has taken a fork
1923 22 is eating
1924 71 is thinking
1924 3 is eating
1924 25 is eating
1925 69 is thinking
1925 17 is eating
1925 33 is eating
1925 56 is thinking
1926 62 is thinking
1926 48 is thinking
1926 12 is eating
1927 150 is sleeping
1927 30 is eating
1927 19 is eating
1927 29 is eating
1927 18 is eating
1928 31 is eating
1928 20 is eating
1928 38 has taken a fork
1930 27 is eating
1930 53 has taken a fork
1930 28 is eating
1931 21 is eating
1931 43 has taken a fork
1931 51 has taken a fork
1931 65 is thinking
1932 26 is eating
1932 46 has taken a fork
1932 45 is eating
1932 37 is eating
1932 75 is thinking
1932 58 is thinking
1933 34 is eating
1934 47 is eating
1934 156 is sleeping
1935 16 is eating
1936 59 is thinking
1936 50 has taken a fork
1936 32 is eating
1937 52 has taken a fork
1938 42 is eating
1939 66 is thinking
1939 39 is eating
1939 61 is thinking
1939 49 is eating
1940 36 is eating
1940 44 is eating
1940 146 is sleeping
1941 41 is eating
1941 57 has taken a fork
1941 63 is thinking
1942 77 is thinking
1942 35 has taken a fork
1943 54 has taken a fork
1943 64 is thinking
1944 60 has taken a fork
1944 158 is sleeping
1944 73 has taken a fork
1944 72 is thinking
1944 40 is eating
1944 159 is sleeping
1945 67 has taken a fork
1945 160 is sleeping
1946 55 has taken a fork
1947 71 has taken a fork
1947 78 is thinking
1947 157 is sleeping
1947 69 has taken a fork
1947 38 is eating
1948 161 is sleeping
1948 53 has taken a fork
1948 164 is sleeping
1948 56 has taken a fork
1948 43 is eating
1948 51 is eating
1948 62 has taken a fork
1948 70 is thinking
1948 68 is thinking
1948 163 is sleeping
1949 74 is thinking
1949 48 has taken a fork
1949 46 is eating
1949 154 is sleeping
1950 65 has taken a fork
1951 169 is sleeping
1951 75 has taken a fork
1951 86 is thinking
1951 50 is eating
1951 168 is sleeping
1952 87 is thinking
1952 58 has taken a fork
1953 52 has taken a fork
1953 167 is sleeping
1954 59 has taken a fork
1954 76 is thinking
1954 166 is sleeping
1954 66 has taken a fork
1955 83 is thinking
1955 57 has taken a fork
1956 35 is eating
1956 162 is sleeping
1956 79 is thinking
1956 61 has taken a fork
1957 81 is thinking
1957 54 has taken a fork
1958 60 has taken a fork
1958 85 is thinking
1958 73 has taken a fork
1959 80 is thinking
1960 84 is thinking
1960 82 is thinking
1960 165 is sleeping
1960 67 has taken a fork
1960 63 has taken a fork
1960 55 is eating
1960 71 has taken a fork
1960 89 is thinking
1960 69 has taken a fork
1960 53 is eating
1961 170 is sleeping
1962 56 has taken a fork
1962 93 is thinking
1963 95 is thinking
1963 62 has taken a fork
1964 77 has taken a fork
1964 91 is thinking
1965 48 has taken a fork
1966 88 is thinking
1966 65 has taken a fork
1967 176 is sleeping
1967 99 is thinking
1967 75 has taken a fork
1968 64 has taken a fork
1968 58 has taken a fork
1969 52 is eating
1970 97 is thinking
1972 173 is sleeping
1972 72 has taken a fork
1972 59 has taken a fork
1972 66 has taken a fork
1973 57 is eating
1973 177 is sleeping
1973 78 has taken a fork
1973 61 has taken a fork
1973 54 is eating
1973 60 is eating
1973 73 is eating
1973 101 is thinking
1974 90 is thinking
1975 92 is thinking
1975 171 is sleeping
1976 70 has taken a fork
1976 67 is eating
1977 63 has taken a fork
1977 71 is eating
1978 94 is thinking
1978 69 is eating
1978 96 is thinking
1978 103 is thinking
1981 105 is thinking
1981 56 is eating
1981 107 is thinking
1982 100 is thinking
1982 174 is sleeping
1983 62 is eating
1983 68 has taken a fork
1983 106 is thinking
1983 181 is sleeping
1983 119 is thinking
1984 115 is thinking
1984 104 is thinking
1985 77 has taken a fork
1986 109 is thinking
1987 74 has taken a fork
1987 48 is eating
1987 111 is thinking
1988 65 is eating
1988 108 is thinking
1988 113 is thinking
1989 112 is thinking
1989 75 is eating
1989 116 is thinking
1990 110 is thinking
1990 98 is thinking
1991 118 is thinking
1991 117 is thinking
1992 120 is thinking
1995 130 is thinking
1995 64 has taken a fork
1995 102 is thinking
1995 125 is thinking
1995 58 is eating
1996 114 is thinking
1996 172 is sleeping
1996 86 has taken a fork
1996 72 has taken a fork
1996 175 is sleeping
1996 59 is eating
1996 87 has taken a fork
1996 66 is eating
1996 185 is sleeping
1997 178 is sleeping
1997 184 is sleeping
1997 79 has taken a fork
1997 76 has taken a fork
1997 83 has taken a fork
1997 78 has taken a fork
1997 61 is eating
1997 187 is sleeping
1997 180 is sleeping
1997 182 is sleeping
1997 179 is sleeping
1997 183 is sleeping
1997 82 has taken a fork
1997 81 has taken a fork
1998 80 has taken a fork
1998 84 has taken a fork
1999 85 has taken a fork
1999 70 has taken a fork
1999 188 is sleeping
1999 186 is sleeping
1999 189 is sleeping
1999 89 has taken a fork
1999 63 is eating
1999 124 is thinking
1999 93 has taken a fork
2000 133 is thinking
2000 95 has taken a fork
2000 132 is thinking
2000 194 is sleeping
2000 91 has taken a fork
2001 193 is sleeping
2001 88 has taken a fork
2001 191 is sleeping
2001 99 has taken a fork
2001 131 is thinking
2001 192 is sleeping
2003 137 is thinking
2003 190 is sleeping
2003 101 has taken a fork
2003 195 is sleeping
2003 90 has taken a fork
2003 97 has taken a fork
2004 196 is sleeping
2004 1 is sleeping
2004 68 has taken a fork
2004 128 is thinking
2004 96 has taken a fork
2005 9 is sleeping
2005 92 has taken a fork
2006 127 is thinking
2006 7 is sleeping
2006 197 is sleeping
2006 103 has taken a fork
2008 105 has taken a fork
2009 94 has taken a fork
2009 14 is sleeping
2009 198 is sleeping
2009 107 has taken a fork
2012 100 has taken a fork
2012 122 is thinking
2012 77 is eating
2013 129 is thinking
2014 121 is thinking
2014 4 is sleeping
2014 8 is sleeping
2014 106 has taken a fork
2014 119 has taken a fork
2015 15 is sleeping
2015 115 has taken a fork
2015 23 is sleeping
2017 104 has taken a fork
2017 5 is sleeping
2019 109 has taken a fork
2027 11 is sleeping
2027 13 is sleeping
2028 74 has taken a fork
2028 2 is sleeping
2032 111 has taken a fork
2032 6 is sleeping
2032 10 is sleeping
2033 24 is sleeping
2033 108 has taken a fork
2033 145 is thinking
2033 113 has taken a fork
2033 112 has taken a fork
2033 22 is sleeping
2033 116 has taken a fork
2033 33 is sleeping
2033 17 is sleeping
2033 25 is sleeping
2034 3 is sleeping
2036 110 has taken a fork
2036 98 has taken a fork
2036 12 is sleeping
2036 126 is thinking
2036 118 has taken a fork
2038 117 has taken a fork
2038 31 is sleeping
2039 19 is sleeping
2039 29 is sleeping
2039 123 is thinking
2041 120 has taken a fork
2041 30 is sleeping
2041 20 is sleeping
2041 18 is sleeping
2042 140 is thinking
2042 142 is thinking
2043 28 is sleeping
2043 135 is thinking
2045 27 is sleeping
2046 130 has taken a fork
2047 144 is thinking
2048 64 is eating
2048 102 has taken a fork
2048 125 has taken a fork
2048 134 is thinking
2048 21 is sleeping
2049 114 has taken a fork
2049 86 has taken a fork
2049 72 is eating
2049 87 has taken a fork
2050 26 is sleeping
2050 79 has taken a fork
2051 76 has taken a fork
2051 83 has taken a fork
2051 78 is eating
2051 82 has taken a fork
2051 81 has taken a fork
2052 138 is thinking
2052 80 has taken a fork
2053 45 is sleeping
2054 37 is sleeping
2054 34 is sleeping
2055 84 has taken a fork
2055 47 is sleeping
2056 85 has taken a fork
2056 70 is eating
2057 143 is thinking
2057 89 has taken a fork
2058 124 has taken a fork
2058 93 has taken a fork
2058 133 has taken a fork
2058 95 has taken a fork
2058 132 has taken a fork
2058 91 has taken a fork
2058 136 is thinking
2059 88 has taken a fork
2059 99 has taken a fork
2059 16 is sleeping
2060 131 has taken a fork
2060 139 is thinking
2060 32 is sleeping
2061 137 has taken a fork
2061 147 is thinking
2061 101 has taken a fork
2061 90 has taken a fork
2062 97 has taken a fork
2062 39 is sleeping
2062 42 is sleeping
2062 49 is sleeping
2062 68 is eating
2062 128 has taken a fork
2062 96 has taken a fork
2062 36 is sleeping
2062 127 has taken a fork
2062 44 is sleeping
2063 92 has taken a fork
2063 103 has taken a fork
2063 141 is thinking
2063 41 is sleeping
2063 105 has taken a fork
2063 94 has taken a fork
2063 107 has taken a fork
2063 148 is thinking
2063 40 is sleeping
2064 100 has taken a fork
2064 155 is thinking
2064 122 has taken a fork
2064 129 has taken a fork
2064 121 has taken a fork
2064 106 has taken a fork
2064 119 has taken a fork
2064 38 is sleeping
2064 115 has taken a fork
2064 43 is sleeping
2064 149 is thinking
2064 104 has taken a fork
2064 51 is sleeping
2064 46 is sleeping
2065 152 is thinking
2065 151 is thinking
2065 153 is thinking
2065 50 is sleeping
2066 109 has taken a fork
2066 150 is thinking
2066 74 is eating
2066 35 is sleeping
2067 111 has taken a fork
2067 108 has taken a fork
2067 145 has taken a fork
2067 113 has taken a fork
2067 112 has taken a fork
2067 116 has taken a fork
2067 55 is sleeping
2067 156 is thinking
2067 53 is sleeping
2067 110 has taken a fork
2067 98 has taken a fork
2067 126 has taken a fork
2067 118 has taken a fork
2067 117 has taken a fork
2067 123 has taken a fork
2068 146 is thinking
2068 120 has taken a fork
2068 140 has taken a fork
2068 142 has taken a fork
2068 135 has taken a fork
2068 158 is thinking
2068 159 is thinking
2069 160 is thinking
2069 52 is sleeping
2069 57 is sleeping
2069 130 has taken a fork
2069 60 is sleeping
2069 157 is thinking
2069 54 is sleeping
2069 144 has taken a fork
2069 161 is thinking
2069 163 is thinking
2070 73 is sleeping
2070 164 is thinking
2070 102 has taken a fork
2070 125 has taken a fork
2070 134 has taken a fork
2070 154 is thinking
2070 114 has taken a fork
2070 86 is eating
2071 67 is sleeping
2071 87 is eating
2071 79 is eating
2071 76 is eating
2071 168 is thinking
2071 83 is eating
2072 169 is thinking
2072 71 is sleeping
2072 82 is eating
2072 81 is eating
2072 138 has taken a fork
2072 80 is eating
2072 69 is sleeping
2073 167 is thinking
2073 166 is thinking
2073 84 is eating
2073 162 is thinking
2073 56 is sleeping
2073 85 is eating
2073 143 has taken a fork
2073 89 is eating
2073 62 is sleeping
2073 124 has taken a fork
2073 93 is eating
2073 133 has taken a fork
2073 95 is eating
2073 132 has taken a fork
2073 91 is eating
2074 136 has taken a fork
2074 88 is eating
2074 99 is eating
2074 131 has taken a fork
2074 165 is thinking
2074 48 is sleeping
2074 139 has taken a fork
2075 137 has taken a fork
2075 65 is sleeping
2075 147 has taken a fork
2075 170 is thinking
2075 101 is eating
2075 90 is eating
2075 75 is sleeping
2075 97 is eating
2075 128 has taken a fork
2076 96 is eating
2076 127 has taken a fork
2076 92 is eating
2077 103 is eating
2077 141 has taken a fork
2077 105 is eating
2077 94 is eating
2077 107 is eating
2077 148 has taken a fork
2078 100 is eating
2078 155 has taken a fork
2078 122 has taken a fork
2078 129 has taken a fork
2079 121 has taken a fork
2079 106 is eating
2079 119 is eating
2080 115 is eating
2080 149 has taken a fork
2080 104 is eating
2080 152 has taken a fork
2080 151 has taken a fork
2081 153 has taken a fork
2081 109 is eating
2081 150 has taken a fork
2081 58 is sleeping
2081 111 is eating
2081 108 is eating
2081 59 is sleeping
2081 176 is thinking
2082 145 has taken a fork
2082 113 is eating
2082 112 is eating
2082 116 is eating
2082 156 has taken a fork
2082 110 is eating
2082 98 is eating
2082 126 has taken a fork
2082 118 is eating
2082 117 is eating
2082 123 has taken a fork
2082 146 has taken a fork
2082 120 is eating
2082 140 has taken a fork
2083 66 is sleeping
2084 142 has taken a fork
2084 135 has taken a fork
2084 158 has taken a fork
2084 159 has taken a fork
2084 160 has taken a fork
2085 130 is eating
2085 157 has taken a fork
2085 144 has taken a fork
2086 161 has taken a fork
2086 163 has taken a fork
2086 164 has taken a fork
2087 61 is sleeping
2087 102 is eating
2088 125 is eating
2088 134 has taken a fork
2088 154 has taken a fork
2088 114 is eating
2088 168 has taken a fork
2088 63 is sleeping
2088 173 is thinking
2090 169 has taken a fork
2090 138 has taken a fork
2091 167 has taken a fork
2091 166 has taken a fork
2092 162 has taken a fork
2092 143 has taken a fork
2092 124 is eating
2093 133 is eating
2093 132 is eating
2094 177 is thinking
2095 136 has taken a fork
2095 131 is eating
2095 165 has taken a fork
2095 139 has taken a fork
2095 137 is eating
2095 147 has taken a fork
2096 171 is thinking
2096 128 is eating
2096 127 is eating
2097 141 has taken a fork
2097 148 has taken a fork
2097 155 has taken a fork
2098 122 is eating
2098 129 is eating
2098 121 is eating
2098 149 has taken a fork
2098 152 has taken a fork
2098 151 has taken a fork
2098 153 has taken a fork
2098 77 is sleeping
2098 170 has taken a fork
2099 150 has taken a fork
2099 145 is eating
2100 174 is thinking
2100 156 has taken a fork
2101 126 is eating
2101 123 is eating
2101 146 has taken a fork
2101 140 is eating
2101 181 is thinking
2101 142 is eating
2102 135 is eating
2102 158 has taken a fork
2103 159 has taken a fork
2103 160 has taken a fork
2103 157 has taken a fork
2104 144 is eating
2104 161 has taken a fork
2105 163 has taken a fork
2105 164 has taken a fork
2106 134 is eating
2106 154 has taken a fork
2106 168 has taken a fork
2109 169 has taken a fork
2110 138 is eating
2111 166 has taken a fork
2112 167 has taken a fork
2112 162 has taken a fork
2113 143 is eating
2113 136 is eating
2114 165 has taken a fork
2114 139 is eating
2115 147 is eating
2116 185 is thinking
2118 175 is thinking
2118 172 is thinking
2119 183 is thinking
2122 184 is thinking
2122 141 is eating
2122 179 is thinking
2122 148 is eating
2122 178 is thinking
2122 187 is thinking
2122 155 is eating
2122 182 is thinking
2123 180 is thinking
2124 149 is eating
2124 152 is eating
2124 151 is eating
2124 153 is eating
2126 170 has taken a fork
2127 189 is thinking
2129 186 is thinking
2129 188 is thinking
2130 150 is eating
2130 64 is sleeping
2130 176 has taken a fork
2130 156 is eating
2130 194 is thinking
2130 192 is thinking
2131 72 is sleeping
2131 191 is thinking
2132 193 is thinking
2132 146 is eating
2133 173 has taken a fork
2133 158 is eating
2133 190 is thinking
2133 159 is eating
2133 160 is eating
2133 157 is eating
2133 195 is thinking
2133 78 is sleeping
2133 1 is thinking
2134 196 is thinking
2135 177 has taken a fork
2136 161 is eating
2136 163 is eating
2136 9 is thinking
2136 164 is eating
2136 7 is thinking
2137 154 is eating
2137 168 is eating
2137 197 is thinking
2137 70 is sleeping
2138 14 is thinking
2138 198 is thinking
2138 171 has taken a fork
2139 169 is eating
2139 166 is eating
2139 167 is eating
2140 162 is eating
2140 68 is sleeping
2140 174 has taken a fork
2140 165 is eating
2140 8 is thinking
2141 4 is thinking
2141 15 is thinking
2141 74 is sleeping
2142 23 is thinking
2143 181 has taken a fork
2144 5 is thinking
2144 86 is sleeping
2144 79 is sleeping
2144 76 is sleeping
2144 83 is sleeping
2144 183 has taken a fork
2144 185 has taken a fork
2145 87 is sleeping
2145 172 has taken a fork
2145 184 has taken a fork
2145 82 is sleeping
2145 81 is sleeping
2145 178 has taken a fork
2145 80 is sleeping
2145 187 has taken a fork
2145 179 has taken a fork
2146 175 has taken a fork
2147 85 is sleeping
2147 84 is sleeping
2147 182 has taken a fork
2147 89 is sleeping
2148 93 is sleeping
2148 95 is sleeping
2148 91 is sleeping
2148 170 is eating
2148 180 has taken a fork
2148 88 is sleeping
2148 11 is thinking
2149 99 is sleeping
2149 189 has taken a fork
2150 13 is thinking
2150 2 is thinking
2150 101 is sleeping
2150 90 is sleeping
2150 97 is sleeping
2150 186 has taken a fork
2150 188 has taken a fork
2150 96 is sleeping
2151 92 is sleeping
2151 176 has taken a fork
2151 194 has taken a fork
2152 192 has taken a fork
2152 94 is sleeping
2152 107 is sleeping
2152 103 is sleeping
2153 105 is sleeping
2153 191 has taken a fork
2155 193 has taken a fork
2155 6 is thinking
2156 100 is sleeping
2158 10 is thinking
2158 119 is sleeping
2158 33 is thinking
2158 173 has taken a fork
2158 106 is sleeping
2159 17 is thinking
2159 190 has taken a fork
2159 24 is thinking
2159 115 is sleeping
2159 22 is thinking
2159 195 has taken a fork
2160 1 has taken a fork
2160 25 is thinking
2161 111 is sleeping
2161 104 is sleeping
2161 3 is thinking
2161 109 is sleeping
2162 196 has taken a fork
2162 108 is sleeping
2163 177 has taken a fork
2164 110 is sleeping
2164 116 is sleeping
2164 113 is sleeping
2164 112 is sleeping
2165 12 is thinking
2165 98 is sleeping
2166 9 has taken a fork
2166 7 has taken a fork
2166 120 is sleeping
2166 118 is sleeping
2166 117 is sleeping
2166 197 has taken a fork
2167 14 has taken a fork
2167 31 is thinking
2169 198 has taken a fork
2169 171 has taken a fork
2170 19 is thinking
2170 29 is thinking
2170 174 has taken a fork
2171 130 is sleeping
2171 20 is thinking
2172 8 has taken a fork
2173 30 is thinking
2173 102 is sleeping
2173 4 has taken a fork
2173 18 is thinking
2174 15 has taken a fork
2174 114 is sleeping
2174 125 is sleeping
2175 23 has taken a fork
2176 28 is thinking
2177 181 has taken a fork
2177 5 has taken a fork
2177 183 has taken a fork
2178 185 has taken a fork
2178 27 is thinking
2178 172 has taken a fork
2179 184 has taken a fork
2179 178 has taken a fork
2180 187 has taken a fork
2180 179 has taken a fork
2180 124 is sleeping
2180 175 has taken a fork
2180 133 is sleeping
2180 132 is sleeping
2181 182 has taken a fork
2181 21 is thinking
2182 131 is sleeping
2185 180 has taken a fork
2185 11 has taken a fork
2185 137 is sleeping
2185 189 has taken a fork
2185 13 has taken a fork
2185 26 is thinking
2185 128 is sleeping
2186 188 has taken a fork
2187 2 has taken a fork
2187 127 is sleeping
2187 176 is eating
2187 186 has taken a fork
2188 194 has taken a fork
2188 192 has taken a fork
2188 45 is thinking
2188 191 has taken a fork
2189 37 is thinking
2189 34 is thinking
2189 193 has taken a fork
2189 122 is sleeping
2189 47 is thinking
2190 6 has taken a fork
2190 129 is sleeping
2190 121 is sleeping
2190 10 has taken a fork
2190 33 has taken a fork
2190 173 is eating
2191 17 has taken a fork
2191 190 has taken a fork
2191 24 has taken a fork
2191 22 has taken a fork
2192 16 is thinking
2192 195 has taken a fork
2192 32 is thinking
2192 1 has taken a fork
2192 25 has taken a fork
2192 3 has taken a fork
2193 49 is thinking
2193 36 is thinking
2194 42 is thinking
2194 44 is thinking
2194 196 has taken a fork
2194 39 is thinking
2194 41 is thinking
2194 40 is thinking
2194 177 is eating
2194 43 is thinking
2195 38 is thinking
2195 46 is thinking
2195 51 is thinking
2195 50 is thinking
2195 12 has taken a fork
2195 145 is sleeping
2196 9 has taken a fork
2196 7 has taken a fork
2197 35 is thinking
2197 197 has taken a fork
2197 55 is thinking
2197 53 is thinking
2198 14 has taken a fork
2198 31 has taken a fork
2198 126 is sleeping
2198 52 is thinking
2198 60 is thinking
2199 57 is thinking
2199 54 is thinking
2199 198 has taken a fork
2199 171 is eating
2200 73 is thinking
2200 19 has taken a fork
2200 29 has taken a fork
2200 174 is eating
2201 67 is thinking
2201 123 is sleeping
2201 20 has taken a fork
2201 140 is sleeping
2201 142 is sleeping
2202 71 is thinking
2203 69 is thinking
2203 8 has taken a fork
2204 30 has taken a fork
2204 135 is sleeping
2204 62 is thinking
2204 56 is thinking
2204 4 has taken a fork
2204 18 has taken a fork
2204 48 is thinking
2204 15 has taken a fork
2205 65 is thinking
2205 75 is thinking
2205 23 has taken a fork
2205 144 is sleeping
2205 28 has taken a fork
2206 134 is sleeping
2206 181 is eating
2207 5 has taken a fork
2207 183 is eating
2208 185 is eating
2208 27 has taken a fork
2208 172 is eating
2208 184 is eating
2208 178 is eating
2208 187 is eating
2208 179 is eating
2209 175 is eating
2209 138 is sleeping
2209 59 is thinking
2209 58 is thinking
2209 182 is eating
2209 21 has taken a fork
2209 66 is thinking
2209 180 is eating
2209 11 has taken a fork
2211 189 is eating
2211 13 has taken a fork
2212 26 has taken a fork
2212 143 is sleeping
2212 136 is sleeping
2214 188 is eating
2214 61 is thinking
2216 139 is sleeping
2216 2 has taken a fork
2216 186 is eating
2216 147 is sleeping
2216 63 is thinking
2217 194 is eating
2217 192 is eating
2217 45 has taken a fork
2219 191 is eating
2220 37 has taken a fork
2220 34 has taken a fork
2220 193 is eating
2220 47 has taken a fork
2221 6 has taken a fork
2221 10 has taken a fork
2221 33 has taken a fork
2221 17 has taken a fork
2221 24 has taken a fork
2221 190 is eating
2221 22 has taken a fork
2222 16 has taken a fork
2222 195 is eating
2222 32 has taken a fork
2222 1 is eating
2222 25 has taken a fork
2222 3 has taken a fork
2222 141 is sleeping
2222 155 is sleeping
2223 49 has taken a fork
2223 148 is sleeping
2224 36 has taken a fork
2224 149 is sleeping
2224 42 has taken a fork
2224 44 has taken a fork
2225 196 is eating
2226 39 has taken a fork
2226 41 has taken a fork
2226 40 has taken a fork
2226 43 has taken a fork
2227 151 is sleeping
2227 38 has taken a fork
2227 152 is sleeping
2227 153 is sleeping
2228 46 has taken a fork
2228 51 has taken a fork
2229 50 has taken a fork
2229 12 has taken a fork
2229 9 is eating
2229 7 is eating
2229 35 has taken a fork
2229 197 is eating
2231 55 has taken a fork
2232 53 has taken a fork
2232 150 is sleeping
2233 77 is thinking
2234 14 is eating
2234 31 has taken a fork
2234 52 has taken a fork
2234 60 has taken a fork
2234 156 is sleeping
2235 57 has taken a fork
2235 198 is eating
2235 146 is sleeping
2235 19 has taken a fork
2235 29 has taken a fork
2235 158 is sleeping
2235 157 is sleeping
2235 160 is sleeping
2235 54 has taken a fork
2236 159 is sleeping
2237 73 has taken a fork
2237 67 has taken a fork
2238 20 has taken a fork
2238 71 has taken a fork
2238 164 is sleeping
2239 161 is sleeping
2239 163 is sleeping
2239 69 has taken a fork
2239 8 is eating
2240 168 is sleeping
2240 154 is sleeping
2240 30 has taken a fork
2241 62 has taken a fork
2242 56 has taken a fork
2242 4 is eating
2242 18 has taken a fork
2242 48 has taken a fork
2242 15 is eating
2243 65 has taken a fork
2243 75 has taken a fork
2243 23 is eating
2243 28 has taken a fork
2243 166 is sleeping
2243 167 is sleeping
2244 169 is sleeping
2244 162 is sleeping
2246 165 is sleeping
2246 5 is eating
2247 27 has taken a fork
2247 59 has taken a fork
2247 58 has taken a fork
2247 21 has taken a fork
2247 66 has taken a fork
2247 11 is eating
2247 13 is eating
2247 26 has taken a fork
2248 61 has taken a fork
2248 170 is sleeping
2248 2 is eating
2248 63 has taken a fork
2248 45 has taken a fork
2248 37 has taken a fork
2248 34 has taken a fork
2248 47 has taken a fork
2249 6 is eating
2249 10 is eating
2249 33 is eating
2249 17 is eating
2249 24 is eating
2249 22 is eating
2250 16 has taken a fork
2250 32 has taken a fork
2250 25 is eating
2250 3 is eating
2252 49 has taken a fork
2252 36 has taken a fork
2253 42 has taken a fork
2253 44 has taken a fork
2254 39 has taken a fork
2255 41 has taken a fork
2255 40 has taken a fork
2255 43 has taken a fork
2256 38 has taken a fork
2256 46 has taken a fork
2257 51 has taken a fork
2257 50 has taken a fork
2257 12 is eating
2258 35 has taken a fork
2259 64 is thinking
2260 55 has taken a fork
2260 72 is thinking
2260 53 has taken a fork
2261 77 has taken a fork
2261 31 is eating
2262 78 is thinking
2262 52 has taken a fork
2262 60 has taken a fork
2262 57 has taken a fork
2262 19 is eating
2262 29 is eating
2262 54 has taken a fork
2262 70 is thinking
2263 73 has taken a fork
2263 67 has taken a fork
2263 20 is eating
2264 71 has taken a fork
2264 69 has taken a fork
2265 30 is eating
2265 68 is thinking
2266 62 has taken a fork
2266 74 is thinking
2268 56 has taken a fork
2268 18 is eating
2268 48 has taken a fork
2268 65 has taken a fork
2269 75 has taken a fork
2269 28 is eating
2269 176 is sleeping
2270 86 is thinking
2271 79 is thinking
2271 76 is thinking
2272 83 is thinking
2272 81 is thinking
2272 80 is thinking
2272 87 is thinking
2272 173 is sleeping
2273 82 is thinking
2273 27 is eating
2274 89 is thinking
2274 84 is thinking
2274 85 is thinking
2274 59 has taken a fork
2274 58 has taken a fork
2274 21 is eating
2274 66 has taken a fork
2274 26 is eating
2274 93 is thinking
2274 61 has taken a fork
2275 95 is thinking
2275 88 is thinking
2275 63 has taken a fork
2275 45 is eating
2277 37 is eating
2277 34 is eating
2277 91 is thinking
2277 47 is eating
2277 99 is thinking
2277 177 is sleeping
2278 97 is thinking
2280 16 is eating
2280 96 is thinking
2280 101 is thinking
2280 90 is thinking
2280 32 is eating
2281 92 is thinking
2281 107 is thinking
2281 49 is eating
2281 94 is thinking
2281 36 is eating
2281 103 is thinking
2281 105 is thinking
2281 42 is eating
2281 44 is eating
2281 171 is sleeping
2282 39 is eating
2282 41 is eating
2283 40 is eating
2283 43 is eating
2284 100 is thinking
2284 38 is eating
2284 46 is eating
2284 174 is sleeping
2285 51 is eating
2285 50 is eating
2285 35 is eating
2286 119 is thinking
2287 115 is thinking
2287 64 has taken a fork
2287 106 is thinking
2287 55 is eating
2288 72 has taken a fork
2289 53 is eating
2289 181 is sleeping
2290 77 has taken a fork
2290 111 is thinking
2291 104 is thinking
2291 109 is thinking
2291 78 has taken a fork
2291 108 is thinking
2291 52 is eating
2291 60 is eating
2292 57 is eating
2292 54 is eating
2292 70 has taken a fork
2292 73 is eating
2292 67 is eating
2292 112 is thinking
2292 116 is thinking
2292 71 is eating
2292 110 is thinking
2292 113 is thinking
2292 69 is eating
2292 98 is thinking
2292 183 is sleeping
2292 172 is sleeping
2293 184 is sleeping
2293 185 is sleeping
2293 68 has taken a fork
2294 178 is sleeping
2294 175 is sleeping
2294 117 is thinking
2294 120 is thinking
2294 187 is sleeping
2294 62 is eating
2294 118 is thinking
2294 74 has taken a fork
2295 179 is sleeping
2295 182 is sleeping
2295 56 is eating
2296 180 is sleeping
2296 48 is eating
2296 65 is eating
2296 75 is eating
2297 189 is sleeping
2298 86 has taken a fork
2298 130 is thinking
2298 79 has taken a fork
2298 76 has taken a fork
2299 188 is sleeping
2301 83 has taken a fork
2301 81 has taken a fork
2301 80 has taken a fork
2301 87 has taken a fork
2301 102 is thinking
2301 82 has taken a fork
2301 186 is sleeping
2302 194 is sleeping
2302 125 is thinking
2302 192 is sleeping
2302 114 is thinking
2302 84 has taken a fork
2303 85 has taken a fork
2303 59 is eating
2303 58 is eating
2304 89 has taken a fork
2305 66 is eating
2305 93 has taken a fork
2307 61 is eating
2307 95 has taken a fork
2307 88 has taken a fork
2308 191 is sleeping
2309 63 is eating
2309 193 is sleeping
2309 190 is sleeping
2311 91 has taken a fork
2311 99 has taken a fork
2311 1 is sleeping
2311 195 is sleeping
2312 97 has taken a fork
2312 124 is thinking
2312 196 is sleeping
2312 133 is thinking
2312 132 is thinking
2313 96 has taken a fork
2313 101 has taken a fork
2313 90 has taken a fork
2314 92 has taken a fork
2314 131 is thinking
2315 197 is sleeping
2315 7 is sleeping
2315 94 has taken a fork
2315 9 is sleeping
2316 103 has taken a fork
2317 107 has taken a fork
2318 128 is thinking
2318 137 is thinking
2318 14 is sleeping
2319 105 has taken a fork
2319 127 is thinking
2320 198 is sleeping
2320 100 has taken a fork
2320 64 has taken a fork
2320 72 has taken a fork
2320 122 is thinking
2320 121 is thinking
2320 77 is eating
2320 129 is thinking
2320 78 has taken a fork
2321 8 is sleeping
2321 119 has taken a fork
2321 4 is sleeping
2322 15 is sleeping
2324 115 has taken a fork
2324 70 has taken a fork
2324 106 has taken a fork
2324 23 is sleeping
2324 111 has taken a fork
2324 68 has taken a fork
2324 74 has taken a fork
2324 145 is thinking
2324 5 is sleeping
2324 104 has taken a fork
2325 126 is thinking
2325 11 is sleeping
2327 86 has taken a fork
2327 109 has taken a fork
2328 79 has taken a fork
2331 76 has taken a fork
2331 13 is sleeping
2331 108 has taken a fork
2331 2 is sleeping
2333 112 has taken a fork
2333 81 has taken a fork
2333 80 has taken a fork
2333 123 is thinking
2333 87 has taken a fork
2334 142 is thinking
2335 140 is thinking
2336 83 has taken a fork
2337 82 has taken a fork
2337 6 is sleeping
2338 116 has taken a fork
2338 84 has taken a fork
2338 85 has taken a fork
2339 10 is sleeping
2339 110 has taken a fork
2340 33 is sleeping
2340 113 has taken a fork
2340 135 is thinking
2340 24 is sleeping
2341 17 is sleeping
2341 98 has taken a fork
2341 117 has taken a fork
2341 22 is sleeping
2341 120 has taken a fork
2343 89 has taken a fork
2343 25 is sleeping
2343 118 has taken a fork
2343 144 is thinking
2344 93 has taken a fork
2344 134 is thinking
2344 3 is sleeping
2344 130 has taken a fork
2345 95 has taken a fork
2345 88 has taken a fork
2346 138 is thinking
2346 12 is sleeping
2347 91 has taken a fork
2347 99 has taken a fork
2348 102 has taken a fork
2348 97 has taken a fork
2349 143 is thinking
2350 136 is thinking
2350 96 has taken a fork
2350 101 has taken a fork
2350 90 has taken a fork
2351 92 has taken a fork
2351 31 is sleeping
2351 125 has taken a fork
2351 94 has taken a fork
2351 147 is thinking
2351 103 has taken a fork
2351 29 is sleeping
2352 114 has taken a fork
2352 139 is thinking
2352 19 is sleeping
2352 20 is sleeping
2352 107 has taken a fork
2352 124 has taken a fork
2353 133 has taken a fork
2353 30 is sleeping
2353 105 has taken a fork
2353 132 has taken a fork
2353 100 has taken a fork
2354 64 is eating
2354 72 is eating
2354 78 is eating
2354 18 is sleeping
2354 131 has taken a fork
2354 119 has taken a fork
2354 28 is sleeping
2354 149 is thinking
2354 148 is thinking
2354 155 is thinking
2355 128 has taken a fork
2355 141 is thinking
2356 115 has taken a fork
2356 70 is eating
2356 106 has taken a fork
2356 111 has taken a fork
2356 68 is eating
2356 74 is eating
2356 104 has taken a fork
2356 27 is sleeping
2356 151 is thinking
2356 153 is thinking
2357 152 is thinking
2357 137 has taken a fork
2358 86 is eating
2358 109 has taken a fork
2358 21 is sleeping
2358 79 is eating
2358 26 is sleeping
2358 122 has taken a fork
2359 127 has taken a fork
2359 76 is eating
2359 108 has taken a fork
2359 150 is thinking
2359 47 is sleeping
2359 37 is sleeping
2360 45 is sleeping
2361 112 has taken a fork
2362 34 is sleeping
2362 81 is eating
2363 121 has taken a fork
2363 80 is eating
2363 145 has taken a fork
2364 126 has taken a fork
2365 129 has taken a fork
2365 87 is eating
2366 156 is thinking
2367 146 is thinking
2368 157 is thinking
2368 160 is thinking
2369 159 is thinking
2369 32 is sleeping
2369 16 is sleeping
2369 83 is eating
2369 123 has taken a fork
2370 142 has taken a fork
2370 158 is thinking
2370 82 is eating
2370 49 is sleeping
2370 36 is sleeping
2370 44 is sleeping
2370 41 is sleeping
2370 42 is sleeping
2370 39 is sleeping
2371 164 is thinking
2371 140 has taken a fork
2371 116 has taken a fork
2371 84 is eating
2371 85 is eating
2372 43 is sleeping
2372 40 is sleeping
2374 163 is thinking
2374 161 is thinking
2374 110 has taken a fork
2374 50 is sleeping
2374 38 is sleeping
2375 46 is sleeping
2375 51 is sleeping
2375 154 is thinking
2377 168 is thinking
2377 113 has taken a fork
2378 135 has taken a fork
2378 35 is sleeping
2378 98 has taken a fork
2378 117 has taken a fork
2378 120 has taken a fork
2379 166 is thinking
2379 55 is sleeping
2379 53 is sleeping
2379 167 is thinking
2380 89 is eating
2380 118 has taken a fork
2381 144 has taken a fork
2381 93 is eating
2381 169 is thinking
2382 134 has taken a fork
2382 162 is thinking
2382 130 has taken a fork
2383 95 is eating
2383 60 is sleeping
2383 88 is eating
2383 52 is sleeping
2383 165 is thinking
2383 57 is sleeping
2383 138 has taken a fork
2383 67 is sleeping
2383 73 is sleeping
2383 54 is sleeping
2383 71 is sleeping
2383 91 is eating
2383 99 is eating
2384 170 is thinking
2384 69 is sleeping
2385 102 has taken a fork
2385 97 is eating
2385 62 is sleeping
2385 143 has taken a fork
2385 56 is sleeping
2385 48 is sleeping
2385 136 has taken a fork
2385 96 is eating
2386 101 is eating
2386 90 is eating
2386 65 is sleeping
2386 75 is sleeping
2387 92 is eating
2388 125 has taken a fork
2390 94 is eating
2390 147 has taken a fork
2390 103 is eating
2390 139 has taken a fork
2390 114 has taken a fork
2390 107 is eating
2390 124 has taken a fork
2391 133 has taken a fork
2391 105 is eating
2392 132 has taken a fork
2393 100 is eating
2393 131 has taken a fork
2394 119 is eating
2394 149 has taken a fork
2394 148 has taken a fork
2396 155 has taken a fork
2397 128 has taken a fork
2397 141 has taken a fork
2397 58 is sleeping
2397 59 is sleeping
2398 115 is eating
2398 106 is eating
2398 111 is eating
2398 104 is eating
2399 151 has taken a fork
2399 153 has taken a fork
2399 66 is sleeping
2399 152 has taken a fork
2399 137 has taken a fork
2399 109 is eating
2400 122 has taken a fork
2401 127 has taken a fork
2402 150 has taken a fork
2403 108 is eating
2403 61 is sleeping
2404 112 is eating
2404 63 is sleeping
2405 121 has taken a fork
2405 145 has taken a fork
2406 126 has taken a fork
2406 129 has taken a fork
2407 156 has taken a fork
2407 146 has taken a fork
2408 157 has taken a fork
2409 160 has taken a fork
2409 159 has taken a fork
2410 176 is thinking
2411 123 has taken a fork
2413 142 has taken a fork
2414 158 has taken a fork
2414 164 has taken a fork
2415 140 has taken a fork
2415 116 is eating
2415 173 is thinking
2416 163 has taken a fork
2416 161 has taken a fork
2416 110 is eating
2416 154 has taken a fork
2416 177 is thinking
2416 168 has taken a fork
2417 77 is sleeping
2417 113 is eating
2418 135 has taken a fork
2418 98 is eating
2418 117 is eating
2419 120 is eating
2419 166 has taken a fork
2420 167 has taken a fork
2421 118 is eating
2421 144 has taken a fork
2421 171 is thinking
2422 169 has taken a fork
2422 134 has taken a fork
2423 162 has taken a fork
2423 130 is eating
2423 165 has taken a fork
2423 138 has taken a fork
2423 174 is thinking
2423 170 has taken a fork
2425 102 is eating
2425 143 has taken a fork
2426 136 has taken a fork
2427 125 is eating
2427 181 is thinking
2427 147 has taken a fork
2427 139 has taken a fork
2428 114 is eating
2429 124 is eating
2430 133 is eating
2430 183 is thinking
2430 132 is eating
2431 172 is thinking
2431 185 is thinking
2431 184 is thinking
2431 131 is eating
2431 175 is thinking
2432 178 is thinking
2434 187 is thinking
2434 149 has taken a fork
2434 182 is thinking
2435 148 has taken a fork
2435 179 is thinking
2435 155 has taken a fork
2435 180 is thinking
2435 128 is eating
2436 189 is thinking
2436 141 has taken a fork
2436 151 has taken a fork
2436 153 has taken a fork
2436 152 has taken a fork
2436 137 is eating
2436 188 is thinking
2436 122 is eating
2437 186 is thinking
2437 127 is eating
2437 194 is thinking
2437 192 is thinking
2437 150 has taken a fork
2437 121 is eating
2437 145 is eating
2437 126 is eating
2437 129 is eating
2437 64 is sleeping
2437 72 is sleeping
2437 156 has taken a fork
2437 146 has taken a fork
2437 191 is thinking
2437 157 has taken a fork
2437 78 is sleeping
2437 70 is sleeping
2437 193 is thinking
2438 160 has taken a fork
2438 159 has taken a fork
2438 190 is thinking
2438 176 has taken a fork
2438 74 is sleeping
2438 68 is sleeping
2438 123 is eating
2438 1 is thinking
2440 196 is thinking
2442 195 is thinking
2442 142 is eating
2442 86 is sleeping
2442 158 has taken a fork
2442 164 has taken a fork
2444 7 is thinking
2446 9 is thinking
2450 197 is thinking
2450 79 is sleeping
2450 140 is eating
2450 173 has taken a fork
2450 163 has taken a fork
2450 76 is sleeping
2452 161 has taken a fork
2453 154 has taken a fork
2453 177 has taken a fork
2453 168 has taken a fork
2453 81 is sleeping
2453 80 is sleeping
2453 14 is thinking
2453 135 is eating
2453 87 is sleeping
2454 166 has taken a fork
2454 198 is thinking
2454 167 has taken a fork
2454 83 is sleeping
2454 4 is thinking
2454 8 is thinking
2454 144 is eating
2454 171 has taken a fork
2454 15 is thinking
2454 169 has taken a fork
2454 82 is sleeping
2454 85 is sleeping
2454 84 is sleeping
2454 134 is eating
2454 162 has taken a fork
2454 165 has taken a fork
2454 138 is eating
2454 174 has taken a fork
2454 5 is thinking
2455 11 is thinking
2455 170 has taken a fork
2455 23 is thinking
2455 143 is eating
2455 136 is eating
2455 181 has taken a fork
2455 147 is eating
2455 89 is sleeping
2455 139 is eating
2456 93 is sleeping
2456 88 is sleeping
2456 99 is sleeping
2456 95 is sleeping
2456 183 has taken a fork
2456 91 is sleeping
2456 2 is thinking
2457 13 is thinking
2457 172 has taken a fork
2457 185 has taken a fork
2457 184 has taken a fork
2457 175 has taken a fork
2457 97 is sleeping
2457 178 has taken a fork
2457 90 is sleeping
2457 96 is sleeping
2457 101 is sleeping
2457 92 is sleeping
2457 187 has taken a fork
2457 149 is eating
2458 182 has taken a fork
2459 148 is eating
2459 179 has taken a fork
2459 155 is eating
2459 180 has taken a fork
2459 189 has taken a fork
2459 141 is eating
2459 151 is eating
2459 153 is eating
2460 152 is eating
2460 188 has taken a fork
2460 6 is thinking
2461 186 has taken a fork
2462 107 is sleeping
2463 94 is sleeping
2464 103 is sleeping
2464 194 has taken a fork
2464 192 has taken a fork
2464 150 is eating
2465 156 is eating
2465 146 is eating
2465 191 has taken a fork
2465 157 is eating
2468 193 has taken a fork
2468 160 is eating
2468 159 is eating
2468 190 has taken a fork
2469 176 has taken a fork
2469 1 has taken a fork
2469 105 is sleeping
2469 10 is thinking
2469 100 is sleeping
2470 24 is thinking
2470 33 is thinking
2470 196 has taken a fork
2471 17 is thinking
2471 195 has taken a fork
2473 22 is thinking
2475 158 is eating
2477 164 is eating
2477 119 is sleeping
2477 25 is thinking
2477 3 is thinking
2477 106 is sleeping
2477 115 is sleeping
2477 111 is sleeping
2477 12 is thinking
2477 7 has taken a fork
2477 104 is sleeping
2477 9 has taken a fork
2478 109 is sleeping
2482 197 has taken a fork
2483 163 is eating
2483 173 has taken a fork
2483 31 is thinking
2483 108 is sleeping
2484 20 is thinking
2484 112 is sleeping
2485 19 is thinking
2486 29 is thinking
2486 161 is eating
2488 30 is thinking
2489 154 is eating
2489 177 has taken a fork
2489 168 is eating
2490 14 has taken a fork
2492 166 is eating
2493 198 has taken a fork
2493 167 is eating
2494 4 has taken a fork
2497 8 has taken a fork
2497 171 has taken a fork
2497 18 is thinking
2499 15 has taken a fork
2500 28 is thinking
2500 169 is eating
2500 162 is eating
2500 165 is eating
2500 174 has taken a fork
2501 5 has taken a fork
2501 11 has taken a fork
2501 170 is eating
2501 23 has taken a fork
2505 181 has taken a fork
2506 183 has taken a fork
2507 27 is thinking
2507 2 has taken a fork
2507 13 has taken a fork
2507 172 has taken a fork
2507 185 has taken a fork
2510 184 has taken a fork
2510 175 has taken a fork
2510 178 has taken a fork
2510 187 has taken a fork
2510 21 is thinking
2512 26 is thinking
2512 182 has taken a fork
2513 116 is sleeping
2513 47 is thinking
2513 179 has taken a fork
2513 37 is thinking
2513 180 has taken a fork
2513 189 has taken a fork
2513 110 is sleeping
2513 45 is thinking
2514 188 has taken a fork
2514 6 has taken a fork
2514 98 is sleeping
2514 117 is sleeping
2514 113 is sleeping
2515 186 has taken a fork
2515 120 is sleeping
2515 34 is thinking
2515 118 is sleeping
2516 194 has taken a fork
2516 192 has taken a fork
2516 130 is sleeping
2516 191 has taken a fork
2517 193 has taken a fork
2517 102 is sleeping
2517 190 has taken a fork
2517 176 is eating
2517 1 has taken a fork
2518 16 is thinking
2518 32 is thinking
2518 10 has taken a fork
2518 39 is thinking
2518 36 is thinking
2519 49 is thinking
2520 24 has taken a fork
2520 42 is thinking
2520 33 has taken a fork
2520 44 is thinking
2520 41 is thinking
2522 196 has taken a fork
2522 17 has taken a fork
2522 125 is sleeping
2522 195 has taken a fork
2523 114 is sleeping
2523 43 is thinking
2523 40 is thinking
2523 124 is sleeping
2523 22 has taken a fork
2524 25 has taken a fork
2524 3 has taken a fork
2524 12 has taken a fork
2525 7 has taken a fork
2525 131 is sleeping
2525 9 has taken a fork
2525 133 is sleeping
2525 46 is thinking
2525 38 is thinking
2525 51 is thinking
2525 50 is thinking
2525 132 is sleeping
2525 128 is sleeping
2526 53 is thinking
2526 55 is thinking
2526 35 is thinking
2526 137 is sleeping
2526 197 has taken a fork
2526 54 is thinking
2526 71 is thinking
2527 57 is thinking
2527 73 is thinking
2527 60 is thinking
2527 67 is thinking
2527 52 is thinking
2527 173 is eating
2527 31 has taken a fork
2527 122 is sleeping
2528 69 is thinking
2528 20 has taken a fork
2528 127 is sleeping
2528 121 is sleeping
2528 126 is sleeping
2529 145 is sleeping
2529 129 is sleeping
2529 48 is thinking
2529 62 is thinking
2529 56 is thinking
2531 19 has taken a fork
2531 75 is thinking
2532 65 is thinking
2533 29 has taken a fork
2533 123 is sleeping
2534 30 has taken a fork
2534 177 is eating
2534 142 is sleeping
2534 14 has taken a fork
2535 198 has taken a fork
2536 140 is sleeping
2537 4 has taken a fork
2537 59 is thinking
2537 135 is sleeping
2537 171 is eating
2538 18 has taken a fork
2538 8 has taken a fork
2538 58 is thinking
2539 66 is thinking
2539 15 has taken a fork
2539 144 is sleeping
2539 134 is sleeping
2540 138 is sleeping
2540 28 has taken a fork
2540 174 is eating
2541 5 has taken a fork
2541 23 has taken a fork
2541 143 is sleeping
2542 11 has taken a fork
2542 61 is thinking
2542 147 is sleeping
2542 136 is sleeping
2542 63 is thinking
2543 139 is sleeping
2543 149 is sleeping
2543 181 is eating
2543 183 is eating
2543 155 is sleeping
2544 148 is sleeping
2546 27 has taken a fork
2546 141 is sleeping
2546 13 has taken a fork
2546 172 is eating
2546 185 is eating
2546 152 is sleeping
2547 2 has taken a fork
2547 184 is eating
2547 153 is sleeping
2547 151 is sleeping
2548 175 is eating
2548 178 is eating
2548 187 is eating
2548 21 has taken a fork
2548 150 is sleeping
2548 26 has taken a fork
2548 182 is eating
2548 47 has taken a fork
2549 179 is eating
2550 37 has taken a fork
2550 180 is eating
2551 189 is eating
2551 45 has taken a fork
2554 188 is eating
2554 6 has taken a fork
2556 186 is eating
2556 34 has taken a fork
2556 146 is sleeping
2556 156 is sleeping
2557 194 is eating
2557 192 is eating
2557 191 is eating
2557 157 is sleeping
2557 77 is thinking
2558 193 is eating
2559 190 is eating
2559 1 is eating
2559 16 has taken a fork
2560 32 has taken a fork
2560 10 has taken a fork
2560 39 has taken a fork
2560 36 has taken a fork
2560 159 is sleeping
2560 160 is sleeping
2560 49 has taken a fork
2560 24 has taken a fork
2560 42 has taken a fork
2560 33 has taken a fork
2560 44 has taken a fork
2560 41 has taken a fork
2560 196 is eating
2560 17 has taken a fork
2561 195 is eating
2561 43 has taken a fork
2561 40 has taken a fork
2561 158 is sleeping
2561 22 has taken a fork
2561 164 is sleeping
2561 25 has taken a fork
2561 3 has taken a fork
2562 12 has taken a fork
2562 7 is eating
2562 9 is eating
2562 46 has taken a fork
2562 38 has taken a fork
2562 51 has taken a fork
2562 50 has taken a fork
2562 53 has taken a fork
2562 55 has taken a fork
2562 35 has taken a fork
2563 197 is eating
2563 54 has taken a fork
2563 71 has taken a fork
2563 57 has taken a fork
2563 73 has taken a fork
2563 60 has taken a fork
2563 67 has taken a fork
2563 52 has taken a fork
2563 31 has taken a fork
2564 69 has taken a fork
2564 20 has taken a fork
2564 163 is sleeping
2564 48 has taken a fork
2564 62 has taken a fork
2564 161 is sleeping
2564 19 has taken a fork
2564 56 has taken a fork
2565 154 is sleeping
2565 168 is sleeping
2565 75 has taken a fork
2565 65 has taken a fork
2565 29 has taken a fork
2565 30 has taken a fork
2565 14 is eating
2565 198 is eating
2565 167 is sleeping
2565 166 is sleeping
2565 64 is thinking
2566 78 is thinking
2566 70 is thinking
2567 72 is thinking
2567 4 is eating
2567 59 has taken a fork
2567 68 is thinking
2567 74 is thinking
2567 18 has taken a fork
2567 8 is eating
2567 58 has taken a fork
2567 15 is eating
2567 28 has taken a fork
2568 169 is sleeping
2568 66 has taken a fork
2568 162 is sleeping
2568 5 is eating
2568 23 is eating
2568 165 is sleeping
2568 86 is thinking
2568 11 is eating
2568 61 has taken a fork
2569 170 is sleeping
2569 63 has taken a fork
2569 27 has taken a fork
2569 13 is eating
2569 2 is eating
2569 21 has taken a fork
2569 26 has taken a fork
2569 47 has taken a fork
2569 37 has taken a fork
2569 76 is thinking
2570 79 is thinking
2570 45 has taken a fork
2570 80 is thinking
2570 84 is thinking
2570 87 is thinking
2570 82 is thinking
2570 83 is thinking
2570 85 is thinking
2570 81 is thinking
2570 89 is thinking
2570 88 is thinking
2570 95 is thinking
2571 93 is thinking
2571 99 is thinking
2571 91 is thinking
2572 6 is eating
2572 34 has taken a fork
2572 97 is thinking
2572 92 is thinking
2572 101 is thinking
2572 90 is thinking
2572 96 is thinking
2572 77 has taken a fork
2572 16 has taken a fork
2572 10 is eating
2573 39 has taken a fork
2573 32 has taken a fork
2573 36 has taken a fork
2573 49 has taken a fork
2573 24 is eating
2573 42 has taken a fork
2573 33 is eating
2573 44 has taken a fork
2573 41 has taken a fork
2573 17 is eating
2573 43 has taken a fork
2573 40 has taken a fork
2573 22 is eating
2573 25 is eating
2574 3 is eating
2574 107 is thinking
2575 12 is eating
2575 46 has taken a fork
2575 38 has taken a fork
2576 51 has taken a fork
2576 50 has taken a fork
2576 53 has taken a fork
2576 55 has taken a fork
2576 35 has taken a fork
2576 94 is thinking
2576 54 has taken a fork
2576 71 has taken a fork
2576 57 has taken a fork
2576 73 has taken a fork
2576 60 has taken a fork
2576 67 has taken a fork
2576 52 has taken a fork
2576 31 is eating
2577 103 is thinking
2577 176 is sleeping
2577 69 has taken a fork
2577 20 is eating
2578 48 has taken a fork
2578 62 has taken a fork
2579 19 is eating
2579 56 has taken a fork
2579 75 has taken a fork
2579 65 has taken a fork
2579 29 is eating
2579 30 is eating
2579 64 has taken a fork
2579 59 has taken a fork
2580 18 is eating
2580 58 has taken a fork
2580 28 is eating
2580 66 has taken a fork
2581 61 has taken a fork
2581 105 is thinking
2581 100 is thinking
2581 63 has taken a fork
2581 27 is eating
2582 21 is eating
2582 26 is eating
2583 47 is eating
2584 37 is eating
2584 45 is eating
2584 173 is sleeping
2584 34 is eating
2585 78 has taken a fork
2585 77 has taken a fork
2585 16 is eating
2585 39 is eating
2585 32 is eating
2585 36 is eating
2585 49 is eating
2585 42 is eating
2585 44 is eating
2585 41 is eating
2586 43 is eating
2586 40 is eating
2586 177 is sleeping
2587 70 has taken a fork
2587 46 is eating
2587 38 is eating
2588 51 is eating
2588 50 is eating
2589 53 is eating
2589 55 is eating
2589 35 is eating
2590 54 is eating
2590 71 is eating
2591 57 is eating
2591 73 is eating
2591 60 is eating
2591 67 is eating
2591 52 is eating
2591 111 is thinking
2592 106 is thinking
2593 115 is thinking
2593 104 is thinking
2593 119 is thinking
2593 69 is eating
2593 48 is eating
2593 62 is eating
2594 56 is eating
2594 75 is eating
2594 65 is eating
2595 171 is sleeping
2595 72 has taken a fork
2595 64 has taken a fork
2595 59 is eating
2595 58 is eating
2595 109 is thinking
2595 66 is eating
2596 61 is eating
2596 63 is eating
2596 112 is thinking
2596 174 is sleeping
2596 108 is thinking
2596 78 has taken a fork
2597 77 is eating
2597 181 is sleeping
2597 74 has taken a fork
2597 68 has taken a fork
2597 70 has taken a fork
2597 183 is sleeping
2597 86 has taken a fork
2597 172 is sleeping
2597 76 has taken a fork
2598 184 is sleeping
2598 185 is sleeping
2598 80 has taken a fork
2598 175 is sleeping
2598 84 has taken a fork
2599 79 has taken a fork
2599 187 is sleeping
2599 178 is sleeping
2599 87 has taken a fork
2600 82 has taken a fork
2600 182 is sleeping
2600 179 is sleeping
2600 83 has taken a fork
2600 180 is sleeping
2601 85 has taken a fork
2601 81 has taken a fork
2601 189 is sleeping
2602 89 has taken a fork
2602 188 is sleeping
2603 72 has taken a fork
2603 64 is eating
2603 88 has taken a fork
2603 78 is eating
2603 191 is sleeping
2604 194 is sleeping
2605 93 has taken a fork
2605 186 is sleeping
2606 192 is sleeping
2606 99 has taken a fork
2606 95 has taken a fork
2606 91 has taken a fork
2607 74 has taken a fork
2607 68 has taken a fork
2607 70 is eating
2607 86 has taken a fork
2607 76 has taken a fork
2607 80 has taken a fork
2608 193 is sleeping
2608 97 has taken a fork
2609 84 has taken a fork
2609 190 is sleeping
2609 92 has taken a fork
2610 101 has taken a fork
2610 79 has taken a fork
2611 87 has taken a fork
2611 196 is sleeping
2612 90 has taken a fork
2612 82 has taken a fork
2612 83 has taken a fork
2613 85 has taken a fork
2613 81 has taken a fork
2614 195 is sleeping
2614 89 has taken a fork
2614 72 is eating
2614 88 has taken a fork
2615 96 has taken a fork
2615 107 has taken a fork
2615 93 has taken a fork
2615 94 has taken a fork
2615 99 has taken a fork
2615 95 has taken a fork
2615 91 has taken a fork
2615 74 is eating
2616 197 is sleeping
2617 68 is eating
2617 103 has taken a fork
2617 76 is eating
2618 80 is eating
2618 86 is eating
2618 97 has taken a fork
2619 84 is eating
2619 105 has taken a fork
2619 92 has taken a fork
2620 101 has taken a fork
2620 198 is sleeping
2621 100 has taken a fork
2621 79 is eating
2621 111 has taken a fork
2621 87 is eating
2621 115 has taken a fork
2621 104 has taken a fork
2622 90 has taken a fork
2622 109 has taken a fork
2623 82 is eating
2623 83 is eating
2623 85 is eating
2624 106 has taken a fork
2625 119 has taken a fork
2625 110 is thinking
2625 116 is thinking
2625 81 is eating
2625 117 is thinking
2625 112 has taken a fork
2626 89 is eating
2626 98 is thinking
2626 113 is thinking
2626 88 is eating
2626 118 is thinking
2626 120 is thinking
2626 108 has taken a fork
2627 96 has taken a fork
2627 107 has taken a fork
2627 93 is eating
2627 94 has taken a fork
2627 99 is eating
2627 95 is eating
2627 91 is eating
2628 130 is thinking
2628 103 has taken a fork
2628 102 is thinking
2628 97 is eating
2628 105 has taken a fork
2629 92 is eating
2629 101 is eating
2629 100 has taken a fork
2629 111 has taken a fork
2630 115 has taken a fork
2630 104 has taken a fork
2630 125 is thinking
2630 90 is eating
2631 109 has taken a fork
2631 124 is thinking
2631 114 is thinking
2633 106 has taken a fork
2633 133 is thinking
2634 131 is thinking
2634 132 is thinking
2634 119 has taken a fork
2634 128 is thinking
2634 110 has taken a fork
2635 116 has taken a fork
2635 112 has taken a fork
2635 117 has taken a fork
2636 137 is thinking
2636 98 has taken a fork
2636 113 has taken a fork
2636 118 has taken a fork
2637 120 has taken a fork
2637 108 has taken a fork
2637 96 is eating
2637 107 is eating
2637 94 is eating
2637 122 is thinking
2637 130 has taken a fork
2637 127 is thinking
2637 121 is thinking
2637 103 is eating
2637 102 has taken a fork
2637 105 is eating
2637 145 is thinking
2638 129 is thinking
2638 100 is eating
2638 111 is eating
2640 126 is thinking
2640 115 is eating
2640 104 is eating
2640 125 has taken a fork
2641 109 is eating
2641 124 has taken a fork
2641 114 has taken a fork
2642 106 is eating
2642 123 is thinking
2643 133 has taken a fork
2643 119 is eating
2643 142 is thinking
2643 110 has taken a fork
2643 116 has taken a fork
2643 131 has taken a fork
2643 112 is eating
2643 117 has taken a fork
2643 140 is thinking
2643 98 has taken a fork
2643 113 has taken a fork
2644 118 has taken a fork
2644 135 is thinking
2644 120 has taken a fork
2645 108 is eating
2645 130 has taken a fork
2645 102 has taken a fork
2645 134 is thinking
2645 132 has taken a fork
2645 128 has taken a fork
2646 138 is thinking
2646 144 is thinking
2646 125 has taken a fork
2646 124 has taken a fork
2646 143 is thinking
2647 114 has taken a fork
2647 147 is thinking
2647 136 is thinking
2647 133 has taken a fork
2648 149 is thinking
2648 139 is thinking
2648 110 is eating
2648 116 is eating
2648 131 has taken a fork
2648 117 is eating
2648 98 is eating
2648 113 is eating
2649 118 is eating
2649 155 is thinking
2649 148 is thinking
2650 120 is eating
2650 137 has taken a fork
2650 130 is eating
2650 102 is eating
2650 132 has taken a fork
2650 128 has taken a fork
2650 141 is thinking
2650 152 is thinking
2650 122 has taken a fork
2650 125 is eating
2650 124 is eating
2650 153 is thinking
2651 151 is thinking
2652 114 is eating
2652 127 has taken a fork
2652 133 is eating
2653 131 is eating
2653 121 has taken a fork
2654 150 is thinking
2654 145 has taken a fork
2654 129 has taken a fork
2654 126 has taken a fork
2654 137 has taken a fork
2654 132 is eating
2655 128 is eating
2655 122 has taken a fork
2656 123 has taken a fork
2656 142 has taken a fork
2656 127 has taken a fork
2656 140 has taken a fork
2656 135 has taken a fork
2656 143 has taken a fork
2656 134 has taken a fork
2656 138 has taken a fork
2657 144 has taken a fork
2659 121 has taken a fork
2660 145 has taken a fork
2660 129 has taken a fork
2660 126 has taken a fork
2660 137 is eating
2660 147 has taken a fork
2660 136 has taken a fork
2660 122 is eating
2660 156 is thinking
2661 123 has taken a fork
2661 146 is thinking
2661 149 has taken a fork
2661 142 has taken a fork
2661 139 has taken a fork
2661 127 is eating
2661 140 has taken a fork
2661 135 has taken a fork
2662 143 has taken a fork
2662 134 has taken a fork
2662 138 has taken a fork
2662 148 has taken a fork
2662 157 is thinking
2662 155 has taken a fork
2662 144 has taken a fork
2663 151 has taken a fork
2663 141 has taken a fork
2663 152 has taken a fork
2663 153 has taken a fork
2663 150 has taken a fork
2664 121 is eating
2664 145 is eating
2664 129 is eating
2664 126 is eating
2664 159 is thinking
2664 160 is thinking
2664 147 has taken a fork
2664 136 has taken a fork
2664 158 is thinking
2664 164 is thinking
2665 156 has taken a fork
2667 123 is eating
2667 146 has taken a fork
2667 149 has taken a fork
2667 142 is eating
2667 139 has taken a fork
2667 140 is eating
2667 135 is eating
2667 143 is eating
2667 138 is eating
2667 134 is eating
2668 148 has taken a fork
2668 157 has taken a fork
2668 155 has taken a fork
2669 144 is eating
2669 151 has taken a fork
2669 141 has taken a fork
2669 152 has taken a fork
2669 153 has taken a fork
2671 150 has taken a fork
2671 161 is thinking
2671 163 is thinking
2671 159 has taken a fork
2671 160 has taken a fork
2671 147 is eating
2671 136 is eating
2671 158 has taken a fork
2671 164 has taken a fork
2672 168 is thinking
2672 166 is thinking
2672 154 is thinking
2672 156 has taken a fork
2672 167 is thinking
2672 146 has taken a fork
2672 149 is eating
2672 139 is eating
2672 165 is thinking
2672 162 is thinking
2672 148 is eating
2672 169 is thinking
2672 157 has taken a fork
2672 155 is eating
2672 170 is thinking
2674 151 is eating
2674 141 is eating
2674 152 is eating
2674 153 is eating
2676 150 is eating
2676 161 has taken a fork
2676 159 has taken a fork
2676 163 has taken a fork
2676 160 has taken a fork
2677 158 has taken a fork
2677 164 has taken a fork
2677 168 has taken a fork
2677 166 has taken a fork
2677 154 has taken a fork
2681 156 is eating
2681 146 is eating
2681 167 has taken a fork
2681 165 has taken a fork
2681 162 has taken a fork
2681 169 has taken a fork
2682 157 is eating
2682 161 has taken a fork
2682 159 is eating
2683 163 has taken a fork
2683 160 is eating
2683 176 is thinking
2683 158 is eating
2683 170 has taken a fork
2683 164 is eating
2683 168 has taken a fork
2683 166 has taken a fork
2684 154 has taken a fork
2684 167 has taken a fork
2684 165 has taken a fork
2684 162 has taken a fork
2684 169 has taken a fork
2684 161 is eating
2685 163 is eating
2685 170 has taken a fork
2685 168 is eating
2685 166 is eating
2685 154 is eating
2685 167 is eating
2685 165 is eating
2685 173 is thinking
2685 176 has taken a fork
2685 162 is eating
2685 169 is eating
2685 170 is eating
2686 176 has taken a fork
2686 176 is eating
2687 177 is thinking
2688 173 has taken a fork
2688 173 has taken a fork
2688 173 is eating
2691 177 has taken a fork
2691 177 has taken a fork
2691 177 is eating
2695 171 is thinking
2696 174 is thinking
2697 181 is thinking
2697 171 has taken a fork
2697 171 has taken a fork
2697 171 is eating
2697 183 is thinking
2697 172 is thinking
2698 175 is thinking
2698 184 is thinking
2698 185 is thinking
2699 187 is thinking
2701 178 is thinking
2701 179 is thinking
2701 182 is thinking
2702 180 is thinking
2702 174 has taken a fork
2702 189 is thinking
2702 181 has taken a fork
2702 188 is thinking
2702 174 has taken a fork
2703 181 has taken a fork
2703 174 is eating
2703 181 is eating
2703 183 has taken a fork
2703 183 has taken a fork
2703 183 is eating
2703 191 is thinking
2703 172 has taken a fork
2703 172 has taken a fork
2703 172 is eating
2704 175 has taken a fork
2704 175 has taken a fork
2704 175 is eating
2704 194 is thinking
2705 186 is thinking
2705 184 has taken a fork
2705 184 has taken a fork
2705 184 is eating
2706 185 has taken a fork
2706 185 has taken a fork
2706 185 is eating
2706 192 is thinking
2707 187 has taken a fork
2707 187 has taken a fork
2707 187 is eating
2707 178 has taken a fork
2707 178 has taken a fork
2707 178 is eating
2708 193 is thinking
2708 179 has taken a fork
2708 179 has taken a fork
2708 179 is eating
2709 190 is thinking
2709 182 has taken a fork
2709 182 has taken a fork
2709 182 is eating
2709 180 has taken a fork
2709 180 has taken a fork
2709 180 is eating
2711 196 is thinking
2711 188 has taken a fork
2711 188 has taken a fork
2711 188 is eating
2711 189 has taken a fork
2711 189 has taken a fork
2711 189 is eating
2712 191 has taken a fork
2712 191 has taken a fork
2712 191 is eating
2712 186 has taken a fork
2712 186 has taken a fork
2712 186 is eating
2712 194 has taken a fork
2712 194 has taken a fork
2712 194 is eating
2712 192 has taken a fork
2712 192 has taken a fork
2712 192 is eating
2713 193 has taken a fork
2713 193 has taken a fork
2713 193 is eating
2714 190 has taken a fork
2714 190 has taken a fork
2714 190 is eating
2714 195 is thinking
2714 196 has taken a fork
2714 196 has taken a fork
2714 196 is eating
2715 195 has taken a fork
2715 195 has taken a fork
2715 195 is eating
2716 197 is thinking
2720 198 is thinking
2720 197 has taken a fork
2720 197 has taken a fork
2720 197 is eating
2721 198 has taken a fork
2721 198 has taken a fork
2721 198 is eating
