0 1 has taken a fork
1 1 has taken a fork
1 1 is eating
1 3 has taken a fork
1 3 has taken a fork
1 3 is eating
1 5 has taken a fork
1 5 has taken a fork
1 5 is eating
1 7 has taken a fork
1 7 has taken a fork
1 7 is eating
2 9 has taken a fork
2 9 has taken a fork
2 9 is eating
2 2 has taken a fork
2 2 has taken a fork
2 2 is eating
2 11 has taken a fork
2 11 has taken a fork
2 11 is eating
2 13 has taken a fork
2 13 has taken a fork
2 13 is eating
2 4 has taken a fork
2 4 has taken a fork
2 4 is eating
2 6 has taken a fork
2 6 has taken a fork
2 6 is eating
2 15 has taken a fork
2 15 has taken a fork
2 15 is eating
2 8 has taken a fork
3 8 has taken a fork
3 8 is eating
3 17 has taken a fork
3 10 has taken a fork
3 17 has taken a fork
3 10 has taken a fork
3 17 is eating
3 10 is eating
3 12 has taken a fork
3 12 has taken a fork
3 12 is eating
3 19 has taken a fork
3 19 has taken a fork
3 19 is eating
3 14 has taken a fork
3 14 has taken a fork
3 14 is eating
4 21 has taken a fork
4 21 has taken a fork
4 21 is eating
4 16 has taken a fork
4 16 has taken a fork
4 16 is eating
4 23 has taken a fork
4 23 has taken a fork
4 23 is eating
4 25 has taken a fork
4 25 has taken a fork
4 25 is eating
4 18 has taken a fork
4 18 has taken a fork
4 18 is eating
4 27 has taken a fork
4 27 has taken a fork
4 27 is eating
4 29 has taken a fork
5 29 has taken a fork
5 29 is eating
5 20 has taken a fork
5 20 has taken a fork
5 20 is eating
5 22 has taken a fork
5 22 has taken a fork
5 22 is eating
5 31 has taken a fork
5 31 has taken a fork
5 31 is eating
5 24 has taken a fork
5 24 has taken a fork
5 24 is eating
5 33 has taken a fork
5 33 has taken a fork
5 33 is eating
5 26 has taken a fork
5 26 has taken a fork
5 26 is eating
5 35 has taken a fork
5 35 has taken a fork
5 35 is eating
5 28 has taken a fork
5 28 has taken a fork
6 28 is eating
6 37 has taken a fork
6 37 has taken a fork
6 37 is eating
6 30 has taken a fork
6 30 has taken a fork
6 30 is eating
6 39 has taken a fork
6 39 has taken a fork
6 39 is eating
6 32 has taken a fork
6 32 has taken a fork
6 32 is eating
6 41 has taken a fork
6 41 has taken a fork
6 41 is eating
6 34 has taken a fork
6 34 has taken a fork
6 34 is eating
6 43 has taken a fork
6 43 has taken a fork
6 43 is eating
7 36 has taken a fork
7 36 has taken a fork
7 36 is eating
7 45 has taken a fork
7 45 has taken a fork
7 45 is eating
7 38 has taken a fork
7 47 has taken a fork
7 38 has taken a fork
7 47 has taken a fork
7 38 is eating
7 47 is eating
7 40 has taken a fork
7 40 has taken a fork
7 40 is eating
7 49 has taken a fork
7 49 has taken a fork
7 49 is eating
7 42 has taken a fork
7 42 has taken a fork
7 42 is eating
8 51 has taken a fork
8 51 has taken a fork
8 51 is eating
8 44 has taken a fork
8 44 has taken a fork
8 44 is eating
8 53 has taken a fork
8 53 has taken a fork
8 53 is eating
8 46 has taken a fork
8 46 has taken a fork
8 46 is eating
8 55 has taken a fork
8 55 has taken a fork
8 55 is eating
8 48 has taken a fork
8 48 has taken a fork
8 48 is eating
9 57 has taken a fork
9 57 has taken a fork
9 57 is eating
9 50 has taken a fork
9 50 has taken a fork
9 50 is eating
9 52 has taken a fork
9 52 has taken a fork
9 52 is eating
9 59 has taken a fork
9 59 has taken a fork
9 59 is eating
9 54 has taken a fork
9 54 has taken a fork
9 54 is eating
9 61 has taken a fork
9 61 has taken a fork
9 61 is eating
10 56 has taken a fork
10 56 has taken a fork
10 56 is eating
10 58 has taken a fork
10 58 has taken a fork
10 58 is eating
10 63 has taken a fork
10 63 has taken a fork
10 63 is eating
10 65 has taken a fork
10 65 has taken a fork
10 65 is eating
10 60 has taken a fork
10 60 has taken a fork
10 60 is eating
11 67 has taken a fork
11 67 has taken a fork
11 67 is eating
11 62 has taken a fork
11 62 has taken a fork
11 62 is eating
11 64 has taken a fork
11 64 has taken a fork
11 64 is eating
11 69 has taken a fork
11 69 has taken a fork
11 69 is eating
12 66 has taken a fork
12 66 has taken a fork
12 66 is eating
12 71 has taken a fork
12 71 has taken a fork
12 71 is eating
12 68 has taken a fork
12 68 has taken a fork
12 68 is eating
12 73 has taken a fork
12 73 has taken a fork
12 73 is eating
13 75 has taken a fork
13 75 has taken a fork
13 75 is eating
13 70 has taken a fork
13 70 has taken a fork
13 70 is eating
13 77 has taken a fork
13 77 has taken a fork
13 77 is eating
14 72 has taken a fork
14 72 has taken a fork
14 72 is eating
14 79 has taken a fork
14 79 has taken a fork
14 79 is eating
14 74 has taken a fork
14 74 has taken a fork
14 74 is eating
14 81 has taken a fork
14 81 has taken a fork
14 81 is eating
14 76 has taken a fork
14 76 has taken a fork
14 76 is eating
15 78 has taken a fork
15 78 has taken a fork
15 78 is eating
15 83 has taken a fork
15 83 has taken a fork
15 83 is eating
15 80 has taken a fork
15 80 has taken a fork
15 80 is eating
16 85 has taken a fork
16 85 has taken a fork
16 85 is eating
16 82 has taken a fork
16 82 has taken a fork
16 82 is eating
16 87 has taken a fork
16 87 has taken a fork
16 87 is eating
17 89 has taken a fork
17 89 has taken a fork
17 89 is eating
17 86 has taken a fork
17 86 has taken a fork
17 86 is eating
17 84 has taken a fork
17 84 has taken a fork
17 84 is eating
17 91 has taken a fork
17 91 has taken a fork
17 91 is eating
17 88 has taken a fork
17 88 has taken a fork
17 88 is eating
18 93 has taken a fork
18 93 has taken a fork
18 93 is eating
18 90 has taken a fork
18 90 has taken a fork
18 90 is eating
18 95 has taken a fork
18 95 has taken a fork
18 95 is eating
19 92 has taken a fork
19 92 has taken a fork
19 92 is eating
19 97 has taken a fork
19 97 has taken a fork
19 97 is eating
19 94 has taken a fork
19 94 has taken a fork
19 94 is eating
20 99 has taken a fork
20 96 has taken a fork
20 99 has taken a fork
20 96 has taken a fork
20 99 is eating
20 96 is eating
20 101 has taken a fork
20 101 has taken a fork
20 101 is eating
101 7 is sleeping
101 1 is sleeping
101 103 has taken a fork
101 103 has taken a fork
101 5 is sleeping
101 98 has taken a fork
101 103 is eating
101 105 has taken a fork
102 3 is sleeping
102 98 has taken a fork
103 100 has taken a fork
103 11 is sleeping
103 15 is sleeping
103 105 has taken a fork
103 6 is sleeping
104 9 is sleeping
104 102 has taken a fork
104 2 is sleeping
104 107 has taken a fork
104 13 is sleeping
105 4 is sleeping
105 108 has taken a fork
105 104 has taken a fork
105 106 has taken a fork
105 111 has taken a fork
105 109 has taken a fork
105 98 is eating
105 19 is sleeping
106 14 is sleeping
106 100 has taken a fork
106 17 is sleeping
106 12 is sleeping
106 8 is sleeping
106 10 is sleeping
106 119 has taken a fork
107 110 has taken a fork
107 113 has taken a fork
107 115 has taken a fork
107 112 has taken a fork
107 117 has taken a fork
107 105 is eating
107 25 is sleeping
107 18 is sleeping
107 23 is sleeping
108 27 is sleeping
108 21 is sleeping
108 114 has taken a fork
108 121 has taken a fork
108 16 is sleeping
108 102 has taken a fork
108 116 has taken a fork
108 118 has taken a fork
108 120 has taken a fork
109 123 has taken a fork
109 107 has taken a fork
109 31 is sleeping
109 24 is sleeping
109 33 is sleeping
109 35 is sleeping
109 20 is sleeping
109 127 has taken a fork
109 124 has taken a fork
110 22 is sleeping
110 108 has taken a fork
110 129 has taken a fork
110 125 has taken a fork
110 29 is sleeping
110 26 is sleeping
110 126 has taken a fork
110 122 has taken a fork
110 104 has taken a fork
111 106 has taken a fork
111 131 has taken a fork
111 111 has taken a fork
111 128 has taken a fork
111 109 has taken a fork
111 32 is sleeping
111 39 is sleeping
111 133 has taken a fork
112 28 is sleeping
112 130 has taken a fork
112 37 is sleeping
112 34 is sleeping
112 41 is sleeping
112 135 has taken a fork
112 137 has taken a fork
112 132 has taken a fork
112 30 is sleeping
112 139 has taken a fork
112 43 is sleeping
112 134 has taken a fork
112 141 has taken a fork
112 100 is eating
112 119 has taken a fork
113 45 is sleeping
113 110 has taken a fork
113 42 is sleeping
113 49 is sleeping
113 40 is sleeping
113 36 is sleeping
113 38 is sleeping
113 47 is sleeping
114 143 has taken a fork
114 113 has taken a fork
114 136 has taken a fork
114 140 has taken a fork
114 138 has taken a fork
114 142 has taken a fork
114 145 has taken a fork
114 144 has taken a fork
114 115 has taken a fork
114 112 has taken a fork
114 117 has taken a fork
114 44 is sleeping
115 46 is sleeping
115 51 is sleeping
115 48 is sleeping
115 148 has taken a fork
115 55 is sleeping
115 149 has taken a fork
115 147 has taken a fork
115 53 is sleeping
115 153 has taken a fork
115 114 has taken a fork
116 151 has taken a fork
116 121 has taken a fork
116 146 has taken a fork
116 102 is eating
116 116 has taken a fork
116 118 has taken a fork
116 120 has taken a fork
116 50 is sleeping
116 61 is sleeping
116 150 has taken a fork
116 123 has taken a fork
116 54 is sleeping
116 57 is sleeping
116 155 has taken a fork
116 154 has taken a fork
116 52 is sleeping
116 107 is eating
117 152 has taken a fork
117 157 has taken a fork
117 127 has taken a fork
117 124 has taken a fork
117 58 is sleeping
117 156 has taken a fork
117 63 is sleeping
117 159 has taken a fork
117 60 is sleeping
118 65 is sleeping
118 108 is eating
118 129 has taken a fork
118 56 is sleeping
118 161 has taken a fork
118 158 has taken a fork
118 160 has taken a fork
118 125 has taken a fork
119 126 has taken a fork
119 122 has taken a fork
119 104 is eating
119 59 is sleeping
119 62 is sleeping
119 162 has taken a fork
120 106 is eating
120 67 is sleeping
120 69 is sleeping
120 64 is sleeping
120 163 has taken a fork
120 131 has taken a fork
120 167 has taken a fork
120 165 has taken a fork
120 164 has taken a fork
120 111 is eating
121 128 has taken a fork
121 109 is eating
121 133 has taken a fork
121 68 is sleeping
121 71 is sleeping
121 66 is sleeping
121 166 has taken a fork
121 130 has taken a fork
122 168 has taken a fork
122 169 has taken a fork
122 135 has taken a fork
122 137 has taken a fork
122 132 has taken a fork
122 139 has taken a fork
122 134 has taken a fork
122 141 has taken a fork
122 119 is eating
122 70 is sleeping
123 75 is sleeping
123 171 has taken a fork
123 173 has taken a fork
123 77 is sleeping
123 73 is sleeping
123 175 has taken a fork
123 177 has taken a fork
123 110 is eating
123 76 is sleeping
123 72 is sleeping
123 74 is sleeping
124 79 is sleeping
124 81 is sleeping
124 179 has taken a fork
124 143 has taken a fork
124 174 has taken a fork
124 176 has taken a fork
124 172 has taken a fork
125 170 has taken a fork
125 113 is eating
125 136 has taken a fork
125 140 has taken a fork
125 138 has taken a fork
125 142 has taken a fork
125 145 has taken a fork
125 144 has taken a fork
125 115 is eating
126 112 is eating
126 117 is eating
126 78 is sleeping
126 83 is sleeping
126 181 has taken a fork
126 178 has taken a fork
126 80 is sleeping
126 183 has taken a fork
126 148 has taken a fork
126 149 has taken a fork
127 147 has taken a fork
127 153 has taken a fork
127 114 is eating
127 151 has taken a fork
127 85 is sleeping
128 87 is sleeping
128 121 is eating
128 146 has taken a fork
128 116 is eating
128 118 is eating
129 120 is eating
129 180 has taken a fork
129 182 has taken a fork
129 150 has taken a fork
129 123 is eating
129 184 has taken a fork
129 155 has taken a fork
130 154 has taken a fork
130 82 is sleeping
130 152 has taken a fork
130 84 is sleeping
130 88 is sleeping
130 86 is sleeping
130 185 has taken a fork
130 89 is sleeping
130 157 has taken a fork
131 186 has taken a fork
131 187 has taken a fork
131 91 is sleeping
131 191 has taken a fork
131 189 has taken a fork
132 127 is eating
132 124 is eating
132 156 has taken a fork
132 159 has taken a fork
132 95 is sleeping
132 90 is sleeping
132 193 has taken a fork
132 188 has taken a fork
133 93 is sleeping
133 129 is eating
133 190 has taken a fork
133 161 has taken a fork
133 158 has taken a fork
133 160 has taken a fork
133 125 is eating
133 126 is eating
133 92 is sleeping
133 97 is sleeping
133 122 is eating
134 94 is sleeping
134 195 has taken a fork
134 197 has taken a fork
134 192 has taken a fork
134 162 has taken a fork
135 99 is sleeping
135 96 is sleeping
135 194 has taken a fork
135 196 has taken a fork
135 163 has taken a fork
135 131 is eating
135 167 has taken a fork
135 165 has taken a fork
135 164 has taken a fork
135 128 is eating
136 101 is sleeping
136 198 has taken a fork
136 133 is eating
136 166 has taken a fork
137 130 is eating
137 168 has taken a fork
137 169 has taken a fork
137 135 is eating
137 137 is eating
137 132 is eating
137 139 is eating
137 134 is eating
137 141 is eating
137 171 has taken a fork
137 173 has taken a fork
137 175 has taken a fork
138 177 has taken a fork
138 179 has taken a fork
138 143 is eating
138 174 has taken a fork
138 176 has taken a fork
139 172 has taken a fork
139 170 has taken a fork
139 136 is eating
139 140 is eating
139 138 is eating
140 142 is eating
140 145 is eating
140 144 is eating
140 181 has taken a fork
140 178 has taken a fork
140 183 has taken a fork
140 148 is eating
140 149 is eating
141 147 is eating
141 153 is eating
141 151 is eating
141 146 is eating
142 180 has taken a fork
142 182 has taken a fork
142 150 is eating
142 184 has taken a fork
142 155 is eating
142 154 is eating
142 152 is eating
143 185 has taken a fork
143 157 is eating
143 186 has taken a fork
143 187 has taken a fork
143 191 has taken a fork
143 189 has taken a fork
143 156 is eating
143 159 is eating
143 193 has taken a fork
143 188 has taken a fork
144 190 has taken a fork
144 161 is eating
144 158 is eating
144 160 is eating
144 195 has taken a fork
145 197 has taken a fork
145 192 has taken a fork
145 162 is eating
146 194 has taken a fork
146 196 has taken a fork
146 163 is eating
146 165 is eating
146 167 is eating
146 164 is eating
147 198 has taken a fork
147 166 is eating
148 168 is eating
148 169 is eating
148 171 is eating
148 175 is eating
148 173 is eating
148 177 is eating
148 179 is eating
148 174 is eating
149 176 is eating
149 172 is eating
149 170 is eating
149 181 is eating
149 178 is eating
149 183 is eating
149 180 is eating
149 182 is eating
150 184 is eating
150 185 is eating
151 186 is eating
151 187 is eating
152 191 is eating
152 189 is eating
153 193 is eating
153 188 is eating
154 190 is eating
154 195 is eating
155 197 is eating
155 192 is eating
156 194 is eating
156 196 is eating
157 198 is eating
201 5 is thinking
201 7 is thinking
201 1 is thinking
201 103 is sleeping
202 5 has taken a fork
202 5 has taken a fork
202 5 is eating
202 3 is thinking
203 11 is thinking
203 15 is thinking
203 6 is thinking
203 98 is sleeping
204 7 has taken a fork
204 2 is thinking
204 7 has taken a fork
204 13 is thinking
205 105 is sleeping
205 9 is thinking
205 7 is eating
206 1 has taken a fork
206 19 is thinking
206 17 is thinking
206 14 is thinking
207 12 is thinking
208 8 is thinking
208 10 is thinking
208 1 has taken a fork
210 4 is thinking
210 23 is thinking
211 100 is sleeping
211 3 has taken a fork
212 25 is thinking
212 18 is thinking
212 27 is thinking
212 16 is thinking
212 21 is thinking
213 1 is eating
213 107 is sleeping
214 35 is thinking
214 31 is thinking
214 24 is thinking
214 20 is thinking
214 102 is sleeping
215 15 has taken a fork
215 11 has taken a fork
215 33 is thinking
215 29 is thinking
216 26 is thinking
216 108 is sleeping
216 22 is thinking
216 6 has taken a fork
217 104 is sleeping
217 2 has taken a fork
217 111 is sleeping
217 32 is thinking
217 39 is thinking
217 106 is sleeping
218 3 has taken a fork
218 13 has taken a fork
218 9 has taken a fork
218 43 is thinking
219 37 is thinking
219 109 is sleeping
219 41 is thinking
220 19 has taken a fork
220 34 is thinking
221 30 is thinking
221 45 is thinking
221 40 is thinking
221 36 is thinking
221 42 is thinking
222 119 is sleeping
222 38 is thinking
222 110 is sleeping
222 49 is thinking
224 28 is thinking
224 17 has taken a fork
224 14 has taken a fork
224 47 is thinking
225 44 is thinking
225 113 is sleeping
225 12 has taken a fork
225 115 is sleeping
225 8 has taken a fork
225 112 is sleeping
225 10 has taken a fork
225 48 is thinking
225 46 is thinking
226 117 is sleeping
226 15 has taken a fork
226 51 is thinking
226 11 has taken a fork
226 53 is thinking
226 121 is sleeping
226 52 is thinking
227 23 has taken a fork
227 61 is thinking
227 54 is thinking
227 55 is thinking
227 57 is thinking
227 50 is thinking
227 116 is sleeping
227 114 is sleeping
228 118 is sleeping
228 25 has taken a fork
228 18 has taken a fork
228 27 has taken a fork
229 6 has taken a fork
229 58 is thinking
229 63 is thinking
229 2 has taken a fork
229 123 is sleeping
229 120 is sleeping
229 16 has taken a fork
229 21 has taken a fork
229 4 has taken a fork
230 3 is eating
230 60 is thinking
230 65 is thinking
230 56 is thinking
230 13 has taken a fork
230 9 has taken a fork
230 59 is thinking
230 127 is sleeping
230 35 has taken a fork
230 129 is sleeping
230 125 is sleeping
230 62 is thinking
231 126 is sleeping
231 122 is sleeping
231 31 has taken a fork
231 124 is sleeping
231 24 has taken a fork
231 20 has taken a fork
231 33 has taken a fork
232 29 has taken a fork
232 67 is thinking
232 131 is sleeping
232 69 is thinking
232 26 has taken a fork
232 19 has taken a fork
232 128 is sleeping
232 22 has taken a fork
232 64 is thinking
232 71 is thinking
232 68 is thinking
232 66 is thinking
232 133 is sleeping
232 32 has taken a fork
232 130 is sleeping
232 132 is sleeping
232 139 is sleeping
232 70 is thinking
232 141 is sleeping
233 137 is sleeping
233 39 has taken a fork
233 135 is sleeping
233 134 is sleeping
233 43 has taken a fork
233 37 has taken a fork
233 45 has taken a fork
233 41 has taken a fork
234 34 has taken a fork
234 30 has taken a fork
234 74 is thinking
234 77 is thinking
234 75 is thinking
234 72 is thinking
234 73 is thinking
234 76 is thinking
234 136 is sleeping
234 143 is sleeping
234 140 is sleeping
234 36 has taken a fork
234 138 is sleeping
235 40 has taken a fork
235 42 has taken a fork
235 38 has taken a fork
235 79 is thinking
235 144 is sleeping
235 49 has taken a fork
235 81 is thinking
235 148 is sleeping
235 142 is sleeping
235 145 is sleeping
235 149 is sleeping
235 28 has taken a fork
236 17 has taken a fork
236 14 has taken a fork
236 47 has taken a fork
236 153 is sleeping
236 151 is sleeping
236 44 has taken a fork
236 147 is sleeping
236 146 is sleeping
237 12 has taken a fork
237 8 has taken a fork
237 10 has taken a fork
237 48 has taken a fork
237 46 has taken a fork
237 78 is thinking
237 150 is sleeping
237 157 is sleeping
237 152 is sleeping
237 80 is thinking
237 83 is thinking
238 155 is sleeping
238 154 is sleeping
238 15 is eating
238 51 has taken a fork
238 11 is eating
238 53 has taken a fork
238 52 has taken a fork
238 156 is sleeping
238 160 is sleeping
238 161 is sleeping
238 23 has taken a fork
239 61 has taken a fork
239 158 is sleeping
239 85 is thinking
239 159 is sleeping
239 54 has taken a fork
239 55 has taken a fork
239 57 has taken a fork
239 50 has taken a fork
239 162 is sleeping
239 87 is thinking
240 25 has taken a fork
240 18 has taken a fork
240 27 has taken a fork
240 163 is sleeping
240 6 is eating
240 167 is sleeping
241 58 has taken a fork
241 165 is sleeping
241 164 is sleeping
241 63 has taken a fork
241 2 is eating
241 16 has taken a fork
241 21 has taken a fork
242 4 has taken a fork
242 82 is thinking
242 89 is thinking
242 168 is sleeping
242 169 is sleeping
243 88 is thinking
243 86 is thinking
243 65 has taken a fork
243 60 has taken a fork
243 56 has taken a fork
243 13 is eating
244 59 has taken a fork
244 9 is eating
244 35 has taken a fork
244 84 is thinking
244 62 has taken a fork
244 166 is sleeping
244 171 is sleeping
244 175 is sleeping
244 173 is sleeping
245 179 is sleeping
245 177 is sleeping
245 91 is thinking
245 174 is sleeping
245 31 has taken a fork
245 24 has taken a fork
245 20 has taken a fork
245 33 has taken a fork
245 172 is sleeping
246 90 is thinking
246 95 is thinking
246 178 is sleeping
246 176 is sleeping
246 181 is sleeping
246 170 is sleeping
246 29 has taken a fork
246 183 is sleeping
247 67 has taken a fork
247 69 has taken a fork
247 26 has taken a fork
247 19 is eating
247 22 has taken a fork
247 64 has taken a fork
247 71 has taken a fork
247 68 has taken a fork
247 66 has taken a fork
247 32 has taken a fork
247 70 has taken a fork
247 97 is thinking
248 180 is sleeping
248 92 is thinking
248 184 is sleeping
248 93 is thinking
248 39 has taken a fork
248 182 is sleeping
248 43 has taken a fork
249 37 has taken a fork
249 45 has taken a fork
249 41 has taken a fork
249 34 has taken a fork
249 94 is thinking
249 30 has taken a fork
249 185 is sleeping
249 187 is sleeping
250 186 is sleeping
250 74 has taken a fork
250 77 has taken a fork
250 75 has taken a fork
250 72 has taken a fork
250 73 has taken a fork
251 76 has taken a fork
251 36 has taken a fork
251 40 has taken a fork
251 191 is sleeping
251 96 is thinking
251 99 is thinking
251 189 is sleeping
251 42 has taken a fork
252 38 has taken a fork
252 79 has taken a fork
252 49 has taken a fork
252 81 has taken a fork
252 28 has taken a fork
252 101 is thinking
252 188 is sleeping
252 17 is eating
253 190 is sleeping
253 193 is sleeping
253 14 is eating
254 47 has taken a fork
255 44 has taken a fork
255 12 is eating
255 197 is sleeping
256 195 is sleeping
256 192 is sleeping
256 8 is eating
256 10 is eating
257 48 has taken a fork
257 46 has taken a fork
258 78 has taken a fork
258 80 has taken a fork
258 83 has taken a fork
258 196 is sleeping
259 194 is sleeping
259 51 has taken a fork
259 53 has taken a fork
259 52 has taken a fork
259 23 is eating
259 61 has taken a fork
260 198 is sleeping
260 85 has taken a fork
260 54 has taken a fork
260 55 has taken a fork
260 57 has taken a fork
260 50 has taken a fork
260 87 has taken a fork
260 25 is eating
260 18 is eating
260 27 is eating
260 58 has taken a fork
260 63 has taken a fork
261 16 is eating
261 21 is eating
263 4 is eating
263 82 has taken a fork
263 89 has taken a fork
263 88 has taken a fork
263 86 has taken a fork
263 65 has taken a fork
263 60 has taken a fork
263 56 has taken a fork
263 59 has taken a fork
263 35 is eating
263 84 has taken a fork
263 62 has taken a fork
263 91 has taken a fork
263 31 is eating
263 24 is eating
264 20 is eating
264 33 is eating
264 90 has taken a fork
264 95 has taken a fork
264 29 is eating
264 67 has taken a fork
264 69 has taken a fork
264 26 is eating
264 22 is eating
264 64 has taken a fork
264 71 has taken a fork
264 68 has taken a fork
264 66 has taken a fork
264 32 is eating
264 70 has taken a fork
264 97 has taken a fork
264 92 has taken a fork
264 93 has taken a fork
264 39 is eating
264 43 is eating
264 37 is eating
264 45 is eating
264 41 is eating
264 34 is eating
264 94 has taken a fork
265 30 is eating
265 74 has taken a fork
265 77 has taken a fork
265 75 has taken a fork
265 72 has taken a fork
265 73 has taken a fork
265 76 has taken a fork
265 36 is eating
265 40 is eating
265 96 has taken a fork
266 99 has taken a fork
266 42 is eating
266 38 is eating
266 79 has taken a fork
266 49 is eating
266 81 has taken a fork
266 101 has taken a fork
267 28 is eating
267 47 is eating
267 44 is eating
267 48 is eating
268 46 is eating
268 78 has taken a fork
268 80 has taken a fork
268 83 has taken a fork
268 51 is eating
268 53 is eating
268 52 is eating
268 61 is eating
268 85 has taken a fork
268 54 is eating
268 55 is eating
268 57 is eating
268 50 is eating
269 87 has taken a fork
269 58 is eating
270 63 is eating
271 82 has taken a fork
271 89 has taken a fork
272 88 has taken a fork
273 86 has taken a fork
273 65 is eating
273 60 is eating
273 56 is eating
273 59 is eating
273 84 has taken a fork
273 62 is eating
273 91 has taken a fork
274 90 has taken a fork
274 95 has taken a fork
275 67 is eating
275 69 is eating
275 64 is eating
275 71 is eating
276 68 is eating
276 66 is eating
277 70 is eating
277 97 has taken a fork
277 92 has taken a fork
282 93 has taken a fork
282 94 has taken a fork
283 74 is eating
283 77 is eating
283 75 is eating
283 72 is eating
283 73 is eating
283 76 is eating
284 96 has taken a fork
285 99 has taken a fork
285 79 is eating
285 81 is eating
286 101 has taken a fork
287 78 is eating
287 80 is eating
287 83 is eating
288 85 is eating
288 87 is eating
288 82 is eating
288 89 is eating
293 88 is eating
296 86 is eating
296 84 is eating
297 91 is eating
298 90 is eating
299 95 is eating
300 97 is eating
300 92 is eating
301 93 is eating
301 94 is eating
301 96 is eating
301 99 is eating
301 101 is eating
302 103 is thinking
303 5 is sleeping
304 7 is sleeping
304 98 is thinking
304 98 has taken a fork
304 98 has taken a fork
304 98 is eating
304 103 has taken a fork
304 103 has taken a fork
304 103 is eating
305 105 is thinking
311 1 is sleeping
311 100 is thinking
312 105 has taken a fork
312 105 has taken a fork
312 105 is eating
314 107 is thinking
314 102 is thinking
317 111 is thinking
317 108 is thinking
317 106 is thinking
317 104 is thinking
320 3 is sleeping
320 109 is thinking
321 100 has taken a fork
322 100 has taken a fork
322 100 is eating
322 119 is thinking
322 110 is thinking
324 15 is sleeping
324 11 is sleeping
325 112 is thinking
325 115 is thinking
325 6 is sleeping
325 107 has taken a fork
325 107 has taken a fork
325 107 is eating
325 102 has taken a fork
325 102 has taken a fork
325 102 is eating
325 113 is thinking
327 111 has taken a fork
327 111 has taken a fork
327 13 is sleeping
327 2 is sleeping
327 116 is thinking
327 117 is thinking
330 121 is thinking
330 111 is eating
330 9 is sleeping
332 104 has taken a fork
333 106 has taken a fork
333 108 has taken a fork
334 114 is thinking
336 118 is thinking
339 120 is thinking
340 19 is sleeping
340 123 is thinking
340 125 is thinking
340 132 is thinking
342 122 is thinking
342 129 is thinking
343 127 is thinking
343 141 is thinking
345 130 is thinking
346 109 has taken a fork
346 124 is thinking
347 133 is thinking
347 126 is thinking
348 104 has taken a fork
348 128 is thinking
348 139 is thinking
349 131 is thinking
349 14 is sleeping
349 17 is sleeping
349 137 is thinking
350 106 has taken a fork
350 135 is thinking
350 108 has taken a fork
350 134 is thinking
350 143 is thinking
350 136 is thinking
351 119 has taken a fork
351 110 has taken a fork
351 138 is thinking
351 140 is thinking
351 12 is sleeping
351 112 has taken a fork
351 144 is thinking
351 8 is sleeping
351 115 has taken a fork
351 153 is thinking
352 149 is thinking
352 151 is thinking
352 146 is thinking
352 147 is thinking
352 142 is thinking
352 148 is thinking
353 145 is thinking
353 10 is sleeping
353 113 has taken a fork
353 18 is sleeping
353 116 has taken a fork
353 23 is sleeping
353 117 has taken a fork
353 27 is sleeping
354 156 is thinking
354 25 is sleeping
354 114 has taken a fork
354 159 is thinking
354 21 is sleeping
354 16 is sleeping
354 162 is thinking
354 160 is thinking
354 152 is thinking
354 154 is thinking
354 158 is thinking
354 118 has taken a fork
355 157 is thinking
355 150 is thinking
355 121 has taken a fork
355 120 has taken a fork
355 155 is thinking
355 163 is thinking
355 167 is thinking
355 161 is thinking
355 4 is sleeping
355 31 is sleeping
355 165 is thinking
355 35 is sleeping
355 24 is sleeping
356 132 has taken a fork
356 125 has taken a fork
356 20 is sleeping
356 122 has taken a fork
356 168 is thinking
357 164 is thinking
357 123 has taken a fork
357 169 is thinking
357 26 is sleeping
357 33 is sleeping
357 29 is sleeping
357 22 is sleeping
358 129 has taken a fork
358 34 is sleeping
358 45 is sleeping
358 127 has taken a fork
358 141 has taken a fork
358 39 is sleeping
359 37 is sleeping
359 32 is sleeping
359 43 is sleeping
359 41 is sleeping
359 166 is thinking
359 36 is sleeping
359 175 is thinking
359 171 is thinking
359 42 is sleeping
359 173 is thinking
360 174 is thinking
360 38 is sleeping
360 49 is sleeping
360 179 is thinking
360 177 is thinking
360 40 is sleeping
360 30 is sleeping
361 130 has taken a fork
361 48 is sleeping
361 47 is sleeping
361 181 is thinking
361 183 is thinking
361 170 is thinking
361 44 is sleeping
361 178 is thinking
361 172 is thinking
361 176 is thinking
362 109 has taken a fork
362 28 is sleeping
362 124 has taken a fork
362 46 is sleeping
362 133 has taken a fork
362 51 is sleeping
362 52 is sleeping
362 53 is sleeping
363 126 has taken a fork
363 50 is sleeping
363 61 is sleeping
363 57 is sleeping
363 180 is thinking
363 54 is sleeping
363 184 is thinking
363 55 is sleeping
364 104 is eating
365 182 is thinking
365 128 has taken a fork
365 139 has taken a fork
365 185 is thinking
366 131 has taken a fork
367 137 has taken a fork
367 186 is thinking
367 63 is sleeping
367 58 is sleeping
367 187 is thinking
367 106 is eating
367 135 has taken a fork
367 108 is eating
367 134 has taken a fork
367 143 has taken a fork
368 136 has taken a fork
368 191 is thinking
368 189 is thinking
368 119 has taken a fork
368 110 has taken a fork
368 138 has taken a fork
369 140 has taken a fork
369 112 has taken a fork
369 144 has taken a fork
370 115 has taken a fork
370 153 has taken a fork
370 59 is sleeping
370 56 is sleeping
370 65 is sleeping
370 60 is sleeping
370 62 is sleeping
370 188 is thinking
370 149 has taken a fork
371 151 has taken a fork
371 146 has taken a fork
371 147 has taken a fork
372 142 has taken a fork
373 148 has taken a fork
373 190 is thinking
373 145 has taken a fork
373 193 is thinking
373 113 has taken a fork
374 116 has taken a fork
374 117 has taken a fork
374 156 has taken a fork
374 71 is sleeping
374 69 is sleeping
374 64 is sleeping
374 66 is sleeping
374 68 is sleeping
374 114 has taken a fork
374 159 has taken a fork
374 162 has taken a fork
374 67 is sleeping
375 160 has taken a fork
375 152 has taken a fork
375 154 has taken a fork
375 158 has taken a fork
420 118 has taken a fork
420 70 is sleeping
420 197 is thinking
420 157 has taken a fork
420 150 has taken a fork
420 121 has taken a fork
421 120 has taken a fork
421 155 has taken a fork
421 163 has taken a fork
421 167 has taken a fork
421 161 has taken a fork
421 165 has taken a fork
421 195 is thinking
421 132 has taken a fork
421 192 is thinking
421 125 has taken a fork
421 122 has taken a fork
421 168 has taken a fork
421 164 has taken a fork
421 123 has taken a fork
421 196 is thinking
421 169 has taken a fork
421 129 has taken a fork
421 127 has taken a fork
421 141 has taken a fork
421 77 is sleeping
421 73 is sleeping
421 72 is sleeping
421 75 is sleeping
421 76 is sleeping
421 74 is sleeping
421 166 has taken a fork
421 194 is thinking
421 175 has taken a fork
421 171 has taken a fork
422 173 has taken a fork
422 79 is sleeping
422 198 is thinking
422 81 is sleeping
423 174 has taken a fork
423 179 has taken a fork
423 177 has taken a fork
423 130 has taken a fork
423 181 has taken a fork
423 183 has taken a fork
423 170 has taken a fork
424 83 is sleeping
424 78 is sleeping
424 80 is sleeping
424 178 has taken a fork
424 176 has taken a fork
424 172 has taken a fork
424 109 is eating
424 124 has taken a fork
424 133 has taken a fork
424 126 has taken a fork
424 85 is sleeping
424 180 has taken a fork
424 82 is sleeping
424 87 is sleeping
424 184 has taken a fork
424 182 has taken a fork
425 128 has taken a fork
425 139 has taken a fork
425 131 has taken a fork
425 137 has taken a fork
425 135 has taken a fork
425 134 has taken a fork
425 143 has taken a fork
425 89 is sleeping
426 185 has taken a fork
426 88 is sleeping
426 186 has taken a fork
426 136 has taken a fork
426 119 is eating
426 110 is eating
426 138 has taken a fork
426 140 has taken a fork
426 112 is eating
426 144 has taken a fork
426 115 is eating
426 86 is sleeping
426 187 has taken a fork
426 84 is sleeping
426 191 has taken a fork
426 153 has taken a fork
426 149 has taken a fork
426 151 has taken a fork
427 91 is sleeping
427 146 has taken a fork
428 189 has taken a fork
428 147 has taken a fork
428 90 is sleeping
428 188 has taken a fork
428 142 has taken a fork
428 148 has taken a fork
428 95 is sleeping
428 190 has taken a fork
428 145 has taken a fork
428 113 is eating
428 97 is sleeping
428 92 is sleeping
428 116 is eating
428 117 is eating
429 156 has taken a fork
429 193 has taken a fork
429 114 is eating
429 159 has taken a fork
429 162 has taken a fork
429 94 is sleeping
429 93 is sleeping
429 160 has taken a fork
429 152 has taken a fork
429 154 has taken a fork
429 158 has taken a fork
429 96 is sleeping
429 101 is sleeping
429 99 is sleeping
429 5 is thinking
429 103 is sleeping
429 98 is sleeping
429 118 is eating
429 197 has taken a fork
429 157 has taken a fork
429 150 has taken a fork
429 121 is eating
429 3 is thinking
429 7 is thinking
429 1 is thinking
429 105 is sleeping
429 120 is eating
429 155 has taken a fork
429 163 has taken a fork
429 167 has taken a fork
429 161 has taken a fork
429 165 has taken a fork
429 195 has taken a fork
429 132 is eating
429 192 has taken a fork
429 125 is eating
429 122 is eating
429 168 has taken a fork
429 164 has taken a fork
429 123 is eating
434 196 has taken a fork
434 169 has taken a fork
434 129 is eating
434 127 is eating
434 141 is eating
434 166 has taken a fork
434 194 has taken a fork
434 175 has taken a fork
434 171 has taken a fork
443 100 is sleeping
444 173 has taken a fork
444 198 has taken a fork
444 174 has taken a fork
444 179 has taken a fork
444 177 has taken a fork
444 130 is eating
445 181 has taken a fork
446 183 has taken a fork
446 170 has taken a fork
446 15 is thinking
446 11 is thinking
447 178 has taken a fork
447 176 has taken a fork
447 172 has taken a fork
447 124 is eating
447 133 is eating
448 126 is eating
454 180 has taken a fork
455 184 has taken a fork
457 182 has taken a fork
457 128 is eating
457 139 is eating
457 6 is thinking
457 107 is sleeping
457 131 is eating
458 137 is eating
460 135 is eating
461 134 is eating
461 143 is eating
462 102 is sleeping
463 185 has taken a fork
463 186 has taken a fork
463 136 is eating
464 138 is eating
464 140 is eating
465 144 is eating
465 187 has taken a fork
465 191 has taken a fork
465 153 is eating
466 149 is eating
466 151 is eating
466 2 is thinking
466 13 is thinking
466 146 is eating
466 189 has taken a fork
466 147 is eating
466 188 has taken a fork
466 142 is eating
467 148 is eating
467 190 has taken a fork
467 145 is eating
467 156 is eating
467 193 has taken a fork
467 111 is sleeping
467 159 is eating
467 162 is eating
467 160 is eating
467 152 is eating
467 154 is eating
467 158 is eating
468 5 has taken a fork
468 197 has taken a fork
470 157 is eating
470 150 is eating
470 3 has taken a fork
470 7 has taken a fork
471 1 has taken a fork
471 155 is eating
471 163 is eating
471 167 is eating
471 161 is eating
471 165 is eating
471 195 has taken a fork
472 192 has taken a fork
472 168 is eating
472 164 is eating
472 196 has taken a fork
472 169 is eating
472 166 is eating
472 194 has taken a fork
472 175 is eating
472 171 is eating
472 19 is thinking
472 9 is thinking
472 173 is eating
473 198 has taken a fork
473 174 is eating
474 179 is eating
474 177 is eating
474 181 is eating
475 183 is eating
475 170 is eating
475 15 has taken a fork
475 11 has taken a fork
476 178 is eating
476 176 is eating
476 172 is eating
476 104 is sleeping
476 108 is sleeping
477 106 is sleeping
477 180 is eating
477 10 is thinking
477 27 is thinking
478 14 is thinking
478 18 is thinking
478 17 is thinking
479 21 is thinking
480 16 is thinking
480 25 is thinking
480 8 is thinking
481 12 is thinking
481 23 is thinking
481 184 is eating
482 35 is thinking
482 4 is thinking
483 31 is thinking
483 33 is thinking
483 26 is thinking
484 182 is eating
484 29 is thinking
486 20 is thinking
486 24 is thinking
486 22 is thinking
487 6 has taken a fork
487 45 is thinking
487 49 is thinking
487 38 is thinking
487 36 is thinking
487 30 is thinking
487 41 is thinking
487 42 is thinking
487 32 is thinking
487 37 is thinking
488 39 is thinking
488 43 is thinking
488 40 is thinking
488 48 is thinking
489 34 is thinking
489 44 is thinking
489 47 is thinking
490 51 is thinking
491 53 is thinking
491 28 is thinking
491 52 is thinking
491 55 is thinking
491 57 is thinking
491 61 is thinking
492 54 is thinking
492 50 is thinking
493 46 is thinking
493 185 is eating
493 186 is eating
494 187 is eating
495 191 is eating
495 2 has taken a fork
495 13 has taken a fork
495 189 is eating
495 188 is eating
495 63 is thinking
495 58 is thinking
495 190 is eating
495 193 is eating
495 5 has taken a fork
495 56 is thinking
499 197 is eating
499 60 is thinking
500 3 has taken a fork
500 65 is thinking
501 59 is thinking
501 62 is thinking
502 7 has taken a fork
502 1 has taken a fork
502 195 is eating
502 192 is eating
502 196 is eating
502 194 is eating
502 19 has taken a fork
502 198 is eating
502 67 is thinking
502 71 is thinking
503 68 is thinking
503 64 is thinking
503 69 is thinking
503 66 is thinking
503 15 has taken a fork
503 11 has taken a fork
503 109 is sleeping
503 9 has taken a fork
503 110 is sleeping
503 10 has taken a fork
503 119 is sleeping
503 27 has taken a fork
503 112 is sleeping
503 115 is sleeping
503 14 has taken a fork
503 18 has taken a fork
503 116 is sleeping
503 113 is sleeping
503 121 is sleeping
503 114 is sleeping
503 117 is sleeping
503 118 is sleeping
503 120 is sleeping
503 17 has taken a fork
503 21 has taken a fork
504 16 has taken a fork
504 25 has taken a fork
504 8 has taken a fork
504 125 is sleeping
504 35 has taken a fork
504 132 is sleeping
504 4 has taken a fork
504 122 is sleeping
504 123 is sleeping
506 31 has taken a fork
507 33 has taken a fork
508 23 has taken a fork
508 12 has taken a fork
509 6 has taken a fork
509 129 is sleeping
509 26 has taken a fork
509 141 is sleeping
509 127 is sleeping
509 20 has taken a fork
509 29 has taken a fork
509 2 has taken a fork
510 13 has taken a fork
510 5 is eating
512 133 is sleeping
512 126 is sleeping
512 22 has taken a fork
514 130 is sleeping
514 45 has taken a fork
514 124 is sleeping
514 49 has taken a fork
514 24 has taken a fork
514 3 is eating
514 7 is eating
514 1 is eating
514 19 has taken a fork
514 15 is eating
514 11 is eating
514 9 has taken a fork
514 10 has taken a fork
515 27 has taken a fork
516 14 has taken a fork
517 18 has taken a fork
517 17 has taken a fork
517 21 has taken a fork
517 16 has taken a fork
517 25 has taken a fork
517 137 is sleeping
517 38 has taken a fork
519 8 has taken a fork
519 139 is sleeping
519 36 has taken a fork
519 128 is sleeping
519 35 has taken a fork
519 131 is sleeping
519 4 has taken a fork
519 41 has taken a fork
521 135 is sleeping
521 42 has taken a fork
521 134 is sleeping
521 32 has taken a fork
521 143 is sleeping
521 30 has taken a fork
521 37 has taken a fork
521 31 has taken a fork
522 136 is sleeping
522 39 has taken a fork
522 33 has taken a fork
522 23 has taken a fork
522 153 is sleeping
522 43 has taken a fork
522 144 is sleeping
523 40 has taken a fork
523 140 is sleeping
523 138 is sleeping
523 34 has taken a fork
523 12 has taken a fork
523 147 is sleeping
523 48 has taken a fork
523 6 is eating
523 44 has taken a fork
524 146 is sleeping
524 151 is sleeping
524 47 has taken a fork
524 142 is sleeping
525 149 is sleeping
525 51 has taken a fork
525 53 has taken a fork
525 28 has taken a fork
525 26 has taken a fork
525 20 has taken a fork
525 29 has taken a fork
525 2 is eating
525 13 is eating
525 145 is sleeping
525 52 has taken a fork
525 148 is sleeping
525 55 has taken a fork
525 159 is sleeping
525 156 is sleeping
525 152 is sleeping
525 61 has taken a fork
525 160 is sleeping
525 54 has taken a fork
525 57 has taken a fork
526 154 is sleeping
526 162 is sleeping
526 63 has taken a fork
526 58 has taken a fork
527 46 has taken a fork
527 158 is sleeping
527 50 has taken a fork
527 22 has taken a fork
527 161 is sleeping
527 165 is sleeping
527 157 is sleeping
527 155 is sleeping
527 59 has taken a fork
527 56 has taken a fork
527 60 has taken a fork
527 65 has taken a fork
527 168 is sleeping
528 163 is sleeping
528 62 has taken a fork
528 67 has taken a fork
528 45 has taken a fork
529 167 is sleeping
529 71 has taken a fork
529 49 has taken a fork
529 24 has taken a fork
529 150 is sleeping
529 68 has taken a fork
529 19 is eating
529 10 is eating
529 164 is sleeping
529 27 is eating
530 64 has taken a fork
530 169 is sleeping
530 175 is sleeping
531 173 is sleeping
531 9 is eating
532 69 has taken a fork
532 14 is eating
532 171 is sleeping
532 166 is sleeping
532 177 is sleeping
532 18 is eating
532 174 is sleeping
532 179 is sleeping
532 17 is eating
532 21 is eating
533 66 has taken a fork
533 25 is eating
533 16 is eating
533 38 has taken a fork
534 181 is sleeping
534 170 is sleeping
534 183 is sleeping
534 178 is sleeping
534 172 is sleeping
536 8 is eating
536 36 has taken a fork
536 35 is eating
536 4 is eating
536 41 has taken a fork
537 72 is thinking
537 76 is thinking
538 70 is thinking
538 73 is thinking
538 42 has taken a fork
538 74 is thinking
538 75 is thinking
538 180 is sleeping
538 77 is thinking
539 32 has taken a fork
539 37 has taken a fork
539 30 has taken a fork
540 176 is sleeping
540 31 is eating
541 81 is thinking
542 79 is thinking
542 39 has taken a fork
542 33 is eating
542 23 is eating
542 43 has taken a fork
543 40 has taken a fork
543 184 is sleeping
543 34 has taken a fork
544 12 is eating
546 48 has taken a fork
546 44 has taken a fork
546 78 is thinking
546 87 is thinking
546 80 is thinking
546 85 is thinking
546 82 is thinking
546 83 is thinking
546 47 has taken a fork
547 51 has taken a fork
548 53 has taken a fork
548 28 has taken a fork
548 26 is eating
548 20 is eating
548 182 is sleeping
548 29 is eating
548 52 has taken a fork
548 55 has taken a fork
549 89 is thinking
549 61 has taken a fork
549 54 has taken a fork
549 57 has taken a fork
549 88 is thinking
549 84 is thinking
549 86 is thinking
550 63 has taken a fork
550 58 has taken a fork
550 46 has taken a fork
550 91 is thinking
550 50 has taken a fork
550 22 is eating
550 59 has taken a fork
550 56 has taken a fork
550 60 has taken a fork
550 65 has taken a fork
550 95 is thinking
551 97 is thinking
551 92 is thinking
551 62 has taken a fork
551 67 has taken a fork
551 45 is eating
553 90 is thinking
553 99 is thinking
553 98 is thinking
553 94 is thinking
553 96 is thinking
555 105 is thinking
556 101 is thinking
556 93 is thinking
557 103 is thinking
557 71 has taken a fork
557 49 is eating
557 24 is eating
558 68 has taken a fork
558 64 has taken a fork
558 186 is sleeping
559 185 is sleeping
559 69 has taken a fork
559 187 is sleeping
559 66 has taken a fork
560 191 is sleeping
560 189 is sleeping
561 38 is eating
561 190 is sleeping
561 188 is sleeping
562 193 is sleeping
562 36 is eating
562 41 is eating
562 72 has taken a fork
562 76 has taken a fork
565 70 has taken a fork
565 73 has taken a fork
566 42 is eating
566 74 has taken a fork
566 75 has taken a fork
567 77 has taken a fork
567 32 is eating
568 37 is eating
568 30 is eating
568 81 has taken a fork
568 79 has taken a fork
568 39 is eating
568 43 is eating
568 100 is thinking
569 40 is eating
569 34 is eating
569 48 is eating
569 44 is eating
570 78 has taken a fork
570 87 has taken a fork
571 80 has taken a fork
571 85 has taken a fork
573 82 has taken a fork
573 83 has taken a fork
573 47 is eating
574 51 is eating
574 53 is eating
574 28 is eating
574 52 is eating
574 55 is eating
575 89 has taken a fork
575 61 is eating
575 54 is eating
575 57 is eating
575 88 has taken a fork
576 84 has taken a fork
576 86 has taken a fork
576 63 is eating
576 58 is eating
576 46 is eating
577 91 has taken a fork
577 50 is eating
577 59 is eating
577 56 is eating
577 60 is eating
577 65 is eating
578 95 has taken a fork
579 92 has taken a fork
579 62 is eating
583 97 has taken a fork
583 67 is eating
583 107 is thinking
583 71 is eating
583 68 is eating
584 64 is eating
586 69 is eating
587 66 is eating
587 197 is sleeping
588 90 has taken a fork
588 192 is sleeping
589 198 is sleeping
589 98 has taken a fork
589 196 is sleeping
589 94 has taken a fork
589 195 is sleeping
589 99 has taken a fork
589 194 is sleeping
589 96 has taken a fork
591 105 has taken a fork
592 72 has taken a fork
592 76 has taken a fork
592 102 is thinking
592 70 has taken a fork
594 73 has taken a fork
594 74 has taken a fork
594 75 has taken a fork
595 77 has taken a fork
595 111 is thinking
598 81 has taken a fork
599 79 has taken a fork
599 5 is sleeping
600 101 has taken a fork
600 78 has taken a fork
601 87 has taken a fork
602 80 has taken a fork
603 1 is sleeping
603 3 is sleeping
603 7 is sleeping
604 85 has taken a fork
605 93 has taken a fork
605 103 has taken a fork
606 100 has taken a fork
606 82 has taken a fork
609 83 has taken a fork
622 89 has taken a fork
622 88 has taken a fork
622 104 is thinking
622 108 is thinking
622 84 has taken a fork
624 86 has taken a fork
624 91 has taken a fork
624 106 is thinking
625 95 has taken a fork
625 92 has taken a fork
625 11 is sleeping
625 15 is sleeping
625 97 has taken a fork
625 107 has taken a fork
625 90 has taken a fork
626 98 has taken a fork
626 94 has taken a fork
626 99 has taken a fork
630 96 has taken a fork
631 6 is sleeping
631 105 has taken a fork
631 72 is eating
632 76 is eating
632 102 has taken a fork
632 70 is eating
632 73 is eating
632 74 is eating
632 75 is eating
632 77 is eating
632 111 has taken a fork
632 2 is sleeping
632 13 is sleeping
632 81 is eating
632 79 is eating
632 101 has taken a fork
632 78 is eating
632 19 is sleeping
632 87 is eating
632 80 is eating
632 115 is thinking
632 114 is thinking
632 118 is thinking
632 109 is thinking
632 121 is thinking
633 116 is thinking
633 110 is thinking
633 119 is thinking
633 117 is thinking
633 112 is thinking
633 113 is thinking
633 120 is thinking
633 132 is thinking
633 85 is eating
633 123 is thinking
633 125 is thinking
633 122 is thinking
633 9 is sleeping
633 93 has taken a fork
633 10 is sleeping
634 27 is sleeping
634 103 has taken a fork
634 100 has taken a fork
634 18 is sleeping
634 14 is sleeping
634 17 is sleeping
634 21 is sleeping
634 16 is sleeping
635 127 is thinking
635 82 is eating
635 129 is thinking
635 25 is sleeping
636 141 is thinking
636 83 is eating
636 35 is sleeping
636 4 is sleeping
637 126 is thinking
637 124 is thinking
637 33 is sleeping
637 23 is sleeping
637 26 is sleeping
637 131 is thinking
638 128 is thinking
638 29 is sleeping
638 20 is sleeping
638 143 is thinking
639 153 is thinking
639 136 is thinking
639 144 is thinking
639 89 is eating
639 134 is thinking
640 133 is thinking
640 8 is sleeping
640 130 is thinking
641 88 is eating
641 137 is thinking
641 135 is thinking
641 104 has taken a fork
641 31 is sleeping
641 108 has taken a fork
642 12 is sleeping
642 139 is thinking
642 84 is eating
642 147 is thinking
642 151 is thinking
642 138 is thinking
642 146 is thinking
642 142 is thinking
642 140 is thinking
642 86 is eating
642 91 is eating
643 106 has taken a fork
643 145 is thinking
643 149 is thinking
643 159 is thinking
643 148 is thinking
643 152 is thinking
643 95 is eating
643 156 is thinking
643 92 is eating
643 160 is thinking
644 45 is sleeping
644 97 is eating
644 22 is sleeping
644 107 has taken a fork
644 90 is eating
644 98 is eating
644 94 is eating
644 99 is eating
644 161 is thinking
644 155 is thinking
644 168 is thinking
644 157 is thinking
644 165 is thinking
645 49 is sleeping
645 164 is thinking
645 24 is sleeping
645 169 is thinking
645 162 is thinking
645 154 is thinking
645 163 is thinking
645 175 is thinking
645 158 is thinking
646 96 is eating
646 167 is thinking
646 173 is thinking
646 179 is thinking
646 177 is thinking
646 174 is thinking
647 105 is eating
647 166 is thinking
647 102 has taken a fork
647 171 is thinking
647 150 is thinking
647 111 has taken a fork
648 101 is eating
648 115 has taken a fork
648 114 has taken a fork
648 118 has taken a fork
648 109 has taken a fork
648 121 has taken a fork
648 36 is sleeping
648 116 has taken a fork
649 38 is sleeping
649 110 has taken a fork
649 41 is sleeping
649 119 has taken a fork
649 117 has taken a fork
649 112 has taken a fork
649 113 has taken a fork
649 120 has taken a fork
649 132 has taken a fork
649 123 has taken a fork
650 125 has taken a fork
650 122 has taken a fork
650 93 is eating
650 183 is thinking
650 172 is thinking
651 178 is thinking
651 170 is thinking
651 181 is thinking
653 103 is eating
654 100 is eating
654 127 has taken a fork
654 129 has taken a fork
654 141 has taken a fork
654 42 is sleeping
654 126 has taken a fork
655 30 is sleeping
655 32 is sleeping
655 124 has taken a fork
655 37 is sleeping
656 131 has taken a fork
656 128 has taken a fork
656 43 is sleeping
656 39 is sleeping
656 180 is thinking
656 143 has taken a fork
656 34 is sleeping
656 40 is sleeping
657 44 is sleeping
657 48 is sleeping
657 153 has taken a fork
657 136 has taken a fork
657 144 has taken a fork
657 134 has taken a fork
657 176 is thinking
658 133 has taken a fork
658 130 has taken a fork
658 47 is sleeping
658 137 has taken a fork
659 135 has taken a fork
659 104 has taken a fork
659 108 has taken a fork
660 51 is sleeping
660 55 is sleeping
660 53 is sleeping
660 139 has taken a fork
660 28 is sleeping
660 147 has taken a fork
660 151 has taken a fork
660 138 has taken a fork
660 146 has taken a fork
660 142 has taken a fork
662 52 is sleeping
662 140 has taken a fork
662 106 has taken a fork
662 145 has taken a fork
662 54 is sleeping
662 184 is thinking
662 61 is sleeping
663 57 is sleeping
663 149 has taken a fork
663 159 has taken a fork
663 148 has taken a fork
663 152 has taken a fork
664 58 is sleeping
664 160 has taken a fork
664 107 is eating
664 63 is sleeping
664 161 has taken a fork
664 155 has taken a fork
664 65 is sleeping
665 56 is sleeping
665 46 is sleeping
665 168 has taken a fork
665 50 is sleeping
665 164 has taken a fork
665 157 has taken a fork
665 165 has taken a fork
666 60 is sleeping
666 169 has taken a fork
666 59 is sleeping
667 162 has taken a fork
667 154 has taken a fork
667 62 is sleeping
668 102 is eating
669 111 is eating
669 115 has taken a fork
669 182 is thinking
669 114 has taken a fork
669 118 has taken a fork
670 109 has taken a fork
670 121 has taken a fork
670 116 has taken a fork
670 67 is sleeping
670 163 has taken a fork
671 71 is sleeping
671 175 has taken a fork
671 68 is sleeping
671 158 has taken a fork
671 110 has taken a fork
672 119 has taken a fork
672 117 has taken a fork
673 112 has taken a fork
673 113 has taken a fork
673 120 has taken a fork
674 132 has taken a fork
674 123 has taken a fork
674 125 has taken a fork
675 122 has taken a fork
675 64 is sleeping
676 156 has taken a fork
677 69 is sleeping
678 167 has taken a fork
678 66 is sleeping
680 127 has taken a fork
680 173 has taken a fork
681 129 has taken a fork
681 141 has taken a fork
681 126 has taken a fork
681 124 has taken a fork
682 131 has taken a fork
682 128 has taken a fork
682 143 has taken a fork
682 153 has taken a fork
683 136 has taken a fork
683 144 has taken a fork
683 134 has taken a fork
683 186 is thinking
683 133 has taken a fork
684 130 has taken a fork
684 137 has taken a fork
684 185 is thinking
684 187 is thinking
684 135 has taken a fork
684 104 is eating
685 108 is eating
686 191 is thinking
686 189 is thinking
686 139 has taken a fork
686 147 has taken a fork
686 151 has taken a fork
686 138 has taken a fork
686 146 has taken a fork
687 142 has taken a fork
687 190 is thinking
687 188 is thinking
688 140 has taken a fork
688 193 is thinking
688 106 is eating
688 145 has taken a fork
689 149 has taken a fork
690 159 has taken a fork
690 148 has taken a fork
691 152 has taken a fork
691 160 has taken a fork
691 161 has taken a fork
691 155 has taken a fork
692 168 has taken a fork
693 164 has taken a fork
693 157 has taken a fork
693 165 has taken a fork
694 169 has taken a fork
694 162 has taken a fork
695 154 has taken a fork
695 115 is eating
695 114 is eating
695 118 is eating
695 109 is eating
695 121 is eating
695 116 is eating
695 163 has taken a fork
695 175 has taken a fork
695 158 has taken a fork
695 110 is eating
695 119 is eating
695 117 is eating
695 112 is eating
696 113 is eating
696 120 is eating
696 132 is eating
696 123 is eating
696 125 is eating
696 122 is eating
696 167 has taken a fork
696 127 is eating
696 173 has taken a fork
696 129 is eating
696 141 is eating
696 126 is eating
696 124 is eating
696 131 is eating
696 156 has taken a fork
697 128 is eating
697 143 is eating
697 153 is eating
697 136 is eating
697 144 is eating
697 134 is eating
698 133 is eating
698 130 is eating
698 72 is sleeping
698 179 has taken a fork
698 137 is eating
698 135 is eating
698 74 is sleeping
698 75 is sleeping
698 174 has taken a fork
698 70 is sleeping
698 73 is sleeping
698 171 has taken a fork
699 77 is sleeping
699 150 has taken a fork
699 177 has taken a fork
699 76 is sleeping
700 166 has taken a fork
700 183 has taken a fork
700 139 is eating
700 147 is eating
700 151 is eating
701 138 is eating
701 146 is eating
701 142 is eating
702 197 is thinking
702 81 is sleeping
702 172 has taken a fork
702 79 is sleeping
703 178 has taken a fork
703 140 is eating
703 192 is thinking
704 145 is eating
704 87 is sleeping
704 194 is thinking
704 78 is sleeping
704 149 is eating
704 180 has taken a fork
704 80 is sleeping
705 196 is thinking
705 195 is thinking
705 198 is thinking
705 170 has taken a fork
706 181 has taken a fork
706 159 is eating
706 85 is sleeping
706 176 has taken a fork
707 148 is eating
707 152 is eating
707 82 is sleeping
708 83 is sleeping
708 160 is eating
708 182 has taken a fork
708 184 has taken a fork
709 161 is eating
709 155 is eating
709 168 is eating
709 164 is eating
709 157 is eating
709 165 is eating
709 169 is eating
709 89 is sleeping
710 162 is eating
710 88 is sleeping
710 154 is eating
711 185 has taken a fork
711 163 is eating
712 175 is eating
712 158 is eating
712 186 has taken a fork
712 84 is sleeping
713 86 is sleeping
714 187 has taken a fork
714 191 has taken a fork
714 167 is eating
715 173 is eating
716 156 is eating
716 95 is sleeping
716 91 is sleeping
716 190 has taken a fork
716 92 is sleeping
716 188 has taken a fork
716 189 has taken a fork
717 97 is sleeping
717 193 has taken a fork
717 179 has taken a fork
717 174 has taken a fork
717 171 has taken a fork
717 5 is thinking
717 150 has taken a fork
717 177 has taken a fork
718 166 has taken a fork
718 183 has taken a fork
718 172 has taken a fork
719 3 is thinking
719 99 is sleeping
719 1 is thinking
720 178 has taken a fork
721 197 has taken a fork
729 90 is sleeping
732 7 is thinking
733 94 is sleeping
744 98 is sleeping
744 192 has taken a fork
744 96 is sleeping
744 194 has taken a fork
744 180 has taken a fork
744 196 has taken a fork
744 195 has taken a fork
744 105 is sleeping
745 170 has taken a fork
745 198 has taken a fork
745 181 has taken a fork
746 176 has taken a fork
748 182 has taken a fork
753 184 has taken a fork
754 101 is sleeping
754 185 has taken a fork
755 93 is sleeping
755 186 has taken a fork
755 103 is sleeping
755 100 is sleeping
756 187 has taken a fork
757 191 has taken a fork
757 190 has taken a fork
758 188 has taken a fork
760 189 has taken a fork
760 193 has taken a fork
760 179 is eating
760 174 is eating
760 171 is eating
760 5 has taken a fork
760 150 is eating
761 177 is eating
761 166 is eating
761 183 is eating
762 172 is eating
762 3 has taken a fork
762 1 has taken a fork
762 178 is eating
762 197 has taken a fork
763 11 is thinking
763 15 is thinking
763 107 is sleeping
763 7 has taken a fork
763 102 is sleeping
763 111 is sleeping
764 6 is thinking
764 13 is thinking
764 19 is thinking
764 2 is thinking
765 9 is thinking
765 4 is thinking
765 18 is thinking
765 21 is thinking
765 25 is thinking
765 16 is thinking
766 35 is thinking
766 27 is thinking
770 10 is thinking
770 17 is thinking
770 14 is thinking
770 8 is thinking
771 12 is thinking
772 33 is thinking
772 31 is thinking
772 45 is thinking
773 29 is thinking
773 26 is thinking
773 20 is thinking
773 23 is thinking
774 192 has taken a fork
774 180 is eating
774 196 has taken a fork
774 195 has taken a fork
774 170 is eating
774 198 has taken a fork
774 181 is eating
774 22 is thinking
774 176 is eating
774 24 is thinking
774 49 is thinking
774 182 is eating
774 194 has taken a fork
774 41 is thinking
775 38 is thinking
775 104 is sleeping
775 36 is thinking
775 184 is eating
775 108 is sleeping
775 42 is thinking
775 185 is eating
775 32 is thinking
776 30 is thinking
776 186 is eating
776 37 is thinking
776 43 is thinking
776 187 is eating
776 40 is thinking
776 39 is thinking
777 34 is thinking
777 191 is eating
777 48 is thinking
777 44 is thinking
777 106 is sleeping
777 190 is eating
777 188 is eating
777 47 is thinking
777 55 is thinking
777 28 is thinking
778 53 is thinking
778 189 is eating
778 51 is thinking
778 193 is eating
779 5 has taken a fork
779 54 is thinking
779 61 is thinking
779 52 is thinking
779 3 has taken a fork
779 1 has taken a fork
779 197 is eating
779 57 is thinking
779 11 has taken a fork
780 15 has taken a fork
780 7 has taken a fork
780 112 is sleeping
780 119 is sleeping
780 110 is sleeping
780 109 is sleeping
780 115 is sleeping
781 58 is thinking
781 116 is sleeping
781 6 has taken a fork
781 121 is sleeping
781 114 is sleeping
781 117 is sleeping
781 65 is thinking
782 63 is thinking
782 118 is sleeping
782 13 has taken a fork
782 19 has taken a fork
782 2 has taken a fork
782 122 is sleeping
782 125 is sleeping
782 113 is sleeping
782 120 is sleeping
783 123 is sleeping
783 56 is thinking
783 46 is thinking
783 50 is thinking
783 132 is sleeping
783 9 has taken a fork
783 4 has taken a fork
784 18 has taken a fork
784 21 has taken a fork
784 25 has taken a fork
784 16 has taken a fork
785 127 is sleeping
785 60 is thinking
785 141 is sleeping
785 59 is thinking
785 35 has taken a fork
785 129 is sleeping
785 27 has taken a fork
785 144 is sleeping
785 134 is sleeping
785 133 is sleeping
785 130 is sleeping
785 135 is sleeping
785 124 is sleeping
785 153 is sleeping
785 10 has taken a fork
785 137 is sleeping
785 131 is sleeping
785 128 is sleeping
785 62 is thinking
786 67 is thinking
786 143 is sleeping
786 14 has taken a fork
786 17 has taken a fork
787 136 is sleeping
787 126 is sleeping
787 8 has taken a fork
787 147 is sleeping
787 139 is sleeping
787 151 is sleeping
788 71 is thinking
788 12 has taken a fork
788 68 is thinking
788 146 is sleeping
788 142 is sleeping
788 33 has taken a fork
788 138 is sleeping
789 31 has taken a fork
789 45 has taken a fork
789 140 is sleeping
789 29 has taken a fork
789 26 has taken a fork
789 20 has taken a fork
789 23 has taken a fork
790 192 is eating
790 149 is sleeping
790 145 is sleeping
791 196 is eating
791 195 is eating
791 198 is eating
792 22 has taken a fork
792 49 has taken a fork
792 24 has taken a fork
793 194 is eating
793 152 is sleeping
793 41 has taken a fork
794 148 is sleeping
795 64 is thinking
795 159 is sleeping
795 36 has taken a fork
795 38 has taken a fork
796 42 has taken a fork
796 32 has taken a fork
796 160 is sleeping
796 30 has taken a fork
796 37 has taken a fork
796 43 has taken a fork
797 40 has taken a fork
797 39 has taken a fork
797 155 is sleeping
798 169 is sleeping
798 161 is sleeping
798 165 is sleeping
798 164 is sleeping
798 157 is sleeping
799 34 has taken a fork
799 69 is thinking
799 168 is sleeping
799 48 has taken a fork
800 44 has taken a fork
800 47 has taken a fork
801 55 has taken a fork
801 162 is sleeping
801 28 has taken a fork
801 66 is thinking
802 53 has taken a fork
802 51 has taken a fork
802 154 is sleeping
802 5 is eating
802 54 has taken a fork
802 61 has taken a fork
803 52 has taken a fork
803 3 is eating
803 1 is eating
803 57 has taken a fork
804 11 has taken a fork
804 15 has taken a fork
804 163 is sleeping
804 7 is eating
804 58 has taken a fork
804 175 is sleeping
804 158 is sleeping
805 6 has taken a fork
805 65 has taken a fork
805 63 has taken a fork
806 13 has taken a fork
806 19 has taken a fork
806 2 has taken a fork
806 167 is sleeping
806 156 is sleeping
807 56 has taken a fork
807 46 has taken a fork
807 50 has taken a fork
807 9 has taken a fork
807 4 has taken a fork
807 18 has taken a fork
807 21 has taken a fork
807 25 has taken a fork
807 16 has taken a fork
807 173 is sleeping
808 60 has taken a fork
808 59 has taken a fork
808 35 has taken a fork
808 27 has taken a fork
808 10 has taken a fork
808 67 has taken a fork
808 62 has taken a fork
808 14 has taken a fork
809 17 has taken a fork
809 8 has taken a fork
809 71 has taken a fork
809 12 has taken a fork
809 68 has taken a fork
809 33 has taken a fork
809 45 has taken a fork
810 31 has taken a fork
810 29 has taken a fork
811 26 has taken a fork
811 20 has taken a fork
811 23 has taken a fork
812 22 has taken a fork
812 49 has taken a fork
813 24 has taken a fork
813 41 has taken a fork
813 64 has taken a fork
814 36 has taken a fork
814 38 has taken a fork
815 42 has taken a fork
815 32 has taken a fork
815 30 has taken a fork
816 37 has taken a fork
816 43 has taken a fork
816 40 has taken a fork
816 39 has taken a fork
816 73 is thinking
816 74 is thinking
816 70 is thinking
816 72 is thinking
816 75 is thinking
816 77 is thinking
817 76 is thinking
817 34 has taken a fork
817 69 has taken a fork
818 48 has taken a fork
818 44 has taken a fork
818 47 has taken a fork
818 55 has taken a fork
819 28 has taken a fork
819 66 has taken a fork
819 81 is thinking
819 53 has taken a fork
820 79 is thinking
820 51 has taken a fork
821 54 has taken a fork
821 61 has taken a fork
821 52 has taken a fork
821 57 has taken a fork
821 11 is eating
822 87 is thinking
822 15 is eating
822 78 is thinking
822 80 is thinking
822 58 has taken a fork
822 6 is eating
823 65 has taken a fork
823 63 has taken a fork
824 13 is eating
824 85 is thinking
825 19 is eating
825 2 is eating
825 82 is thinking
825 56 has taken a fork
825 46 has taken a fork
825 50 has taken a fork
826 9 is eating
826 4 is eating
826 18 is eating
826 21 is eating
826 16 is eating
827 25 is eating
827 60 has taken a fork
827 59 has taken a fork
827 35 is eating
828 83 is thinking
828 27 is eating
828 10 is eating
828 67 has taken a fork
829 62 has taken a fork
829 14 is eating
829 89 is thinking
829 17 is eating
829 8 is eating
830 71 has taken a fork
830 12 is eating
830 68 has taken a fork
830 33 is eating
831 45 is eating
831 88 is thinking
831 31 is eating
831 29 is eating
831 26 is eating
832 20 is eating
832 23 is eating
832 84 is thinking
832 22 is eating
832 49 is eating
832 86 is thinking
832 24 is eating
833 41 is eating
833 64 has taken a fork
834 36 is eating
834 38 is eating
834 42 is eating
834 32 is eating
835 30 is eating
835 95 is thinking
835 91 is thinking
835 37 is eating
835 92 is thinking
836 40 is eating
837 43 is eating
837 39 is eating
837 97 is thinking
837 34 is eating
837 69 has taken a fork
838 48 is eating
839 47 is eating
839 44 is eating
839 55 is eating
840 99 is thinking
840 28 is eating
840 66 has taken a fork
840 53 is eating
841 51 is eating
841 54 is eating
841 61 is eating
842 52 is eating
842 57 is eating
843 179 is sleeping
843 73 has taken a fork
843 58 is eating
843 150 is sleeping
843 74 has taken a fork
843 177 is sleeping
844 183 is sleeping
844 70 has taken a fork
844 171 is sleeping
844 65 is eating
844 166 is sleeping
845 72 has taken a fork
845 75 has taken a fork
846 63 is eating
846 77 has taken a fork
846 174 is sleeping
847 76 has taken a fork
847 172 is sleeping
848 178 is sleeping
848 81 has taken a fork
849 79 has taken a fork
850 56 is eating
850 46 is eating
850 50 is eating
851 60 is eating
852 59 is eating
853 67 is eating
853 90 is thinking
854 62 is eating
854 71 is eating
855 68 is eating
855 176 is sleeping
855 87 has taken a fork
855 180 is sleeping
855 170 is sleeping
855 80 has taken a fork
857 181 is sleeping
857 85 has taken a fork
858 78 has taken a fork
858 182 is sleeping
858 82 has taken a fork
859 184 is sleeping
859 94 is thinking
860 83 has taken a fork
861 64 is eating
862 185 is sleeping
862 89 has taken a fork
863 88 has taken a fork
863 186 is sleeping
864 187 is sleeping
864 188 is sleeping
864 190 is sleeping
865 191 is sleeping
865 84 has taken a fork
865 91 has taken a fork
865 86 has taken a fork
865 69 is eating
866 95 has taken a fork
866 193 is sleeping
867 92 has taken a fork
867 189 is sleeping
868 97 has taken a fork
869 66 is eating
869 197 is sleeping
869 99 has taken a fork
869 73 has taken a fork
869 74 has taken a fork
870 70 has taken a fork
870 98 is thinking
871 96 is thinking
871 105 is thinking
872 72 has taken a fork
874 75 has taken a fork
875 77 has taken a fork
875 192 is sleeping
875 76 has taken a fork
876 195 is sleeping
876 196 is sleeping
876 81 has taken a fork
877 79 has taken a fork
877 198 is sleeping
878 194 is sleeping
878 90 has taken a fork
879 101 is thinking
879 93 is thinking
879 100 is thinking
879 103 is thinking
880 87 has taken a fork
880 80 has taken a fork
880 85 has taken a fork
881 78 has taken a fork
881 82 has taken a fork
881 94 has taken a fork
882 83 has taken a fork
882 5 is sleeping
882 3 is sleeping
883 1 is sleeping
883 89 has taken a fork
883 111 is thinking
883 102 is thinking
883 107 is thinking
883 88 has taken a fork
883 84 has taken a fork
883 91 has taken a fork
883 86 has taken a fork
883 95 has taken a fork
883 92 has taken a fork
883 7 is sleeping
883 97 has taken a fork
884 99 has taken a fork
884 73 is eating
885 74 is eating
885 70 is eating
885 98 has taken a fork
885 96 has taken a fork
885 105 has taken a fork
885 72 is eating
885 75 is eating
885 77 is eating
885 104 is thinking
885 108 is thinking
885 76 is eating
885 81 is eating
885 79 is eating
885 106 is thinking
885 90 has taken a fork
886 101 has taken a fork
886 93 has taken a fork
886 100 has taken a fork
886 103 has taken a fork
887 110 is thinking
887 119 is thinking
887 87 is eating
887 112 is thinking
888 115 is thinking
888 109 is thinking
888 80 is eating
888 85 is eating
889 121 is thinking
889 114 is thinking
889 117 is thinking
889 116 is thinking
889 78 is eating
889 82 is eating
889 94 has taken a fork
890 120 is thinking
890 125 is thinking
890 113 is thinking
890 122 is thinking
890 118 is thinking
890 83 is eating
890 89 is eating
891 123 is thinking
891 132 is thinking
891 88 is eating
891 84 is eating
892 91 is eating
892 86 is eating
892 95 is eating
893 92 is eating
893 97 is eating
893 99 is eating
893 124 is thinking
893 129 is thinking
893 153 is thinking
893 137 is thinking
893 98 has taken a fork
893 128 is thinking
894 96 has taken a fork
894 105 has taken a fork
894 127 is thinking
895 131 is thinking
895 144 is thinking
896 133 is thinking
896 135 is thinking
897 130 is thinking
897 134 is thinking
898 141 is thinking
898 90 is eating
899 101 has taken a fork
899 143 is thinking
899 93 has taken a fork
899 100 has taken a fork
899 103 has taken a fork
899 126 is thinking
899 136 is thinking
899 147 is thinking
899 139 is thinking
899 151 is thinking
899 138 is thinking
899 146 is thinking
899 142 is thinking
899 140 is thinking
899 94 is eating
899 149 is thinking
900 145 is thinking
900 15 is sleeping
900 152 is thinking
900 111 has taken a fork
900 6 is sleeping
900 107 has taken a fork
900 102 has taken a fork
900 98 is eating
901 11 is sleeping
901 148 is thinking
901 96 is eating
901 104 has taken a fork
901 105 is eating
901 13 is sleeping
901 159 is thinking
901 2 is sleeping
902 19 is sleeping
902 108 has taken a fork
902 106 has taken a fork
902 21 is sleeping
902 16 is sleeping
902 110 has taken a fork
902 119 has taken a fork
902 4 is sleeping
902 25 is sleeping
902 115 has taken a fork
902 18 is sleeping
902 9 is sleeping
902 160 is thinking
902 109 has taken a fork
902 121 has taken a fork
902 112 has taken a fork
902 155 is thinking
905 27 is sleeping
905 114 has taken a fork
905 35 is sleeping
905 117 has taken a fork
905 164 is thinking
905 169 is thinking
906 161 is thinking
906 165 is thinking
906 168 is thinking
906 157 is thinking
907 10 is sleeping
907 116 has taken a fork
907 101 is eating
907 93 is eating
907 100 is eating
907 103 is eating
907 17 is sleeping
907 8 is sleeping
908 120 has taken a fork
908 14 is sleeping
908 111 has taken a fork
908 107 has taken a fork
908 102 has taken a fork
908 125 has taken a fork
908 113 has taken a fork
908 162 is thinking
909 33 is sleeping
909 122 has taken a fork
909 12 is sleeping
909 118 has taken a fork
909 104 has taken a fork
910 108 has taken a fork
910 106 has taken a fork
910 31 is sleeping
910 123 has taken a fork
910 110 has taken a fork
910 119 has taken a fork
910 29 is sleeping
910 26 is sleeping
910 132 has taken a fork
910 124 has taken a fork
910 115 has taken a fork
911 154 is thinking
911 45 is sleeping
911 129 has taken a fork
911 109 has taken a fork
911 121 has taken a fork
912 112 has taken a fork
912 20 is sleeping
914 23 is sleeping
914 22 is sleeping
914 128 has taken a fork
914 24 is sleeping
914 153 has taken a fork
915 137 has taken a fork
915 127 has taken a fork
915 41 is sleeping
916 131 has taken a fork
916 158 is thinking
917 175 is thinking
917 49 is sleeping
919 163 is thinking
919 38 is sleeping
919 32 is sleeping
919 42 is sleeping
919 36 is sleeping
919 114 has taken a fork
919 117 has taken a fork
919 37 is sleeping
920 141 has taken a fork
920 133 has taken a fork
921 130 has taken a fork
921 134 has taken a fork
922 30 is sleeping
922 156 is thinking
923 167 is thinking
923 135 has taken a fork
923 43 is sleeping
923 126 has taken a fork
923 34 is sleeping
923 136 has taken a fork
923 39 is sleeping
923 147 has taken a fork
923 116 has taken a fork
923 47 is sleeping
924 139 has taken a fork
924 55 is sleeping
924 151 has taken a fork
924 48 is sleeping
925 138 has taken a fork
925 44 is sleeping
926 40 is sleeping
926 143 has taken a fork
926 173 is thinking
926 144 has taken a fork
927 120 has taken a fork
927 111 is eating
927 107 is eating
927 102 is eating
927 125 has taken a fork
928 113 has taken a fork
928 146 has taken a fork
928 142 has taken a fork
929 53 is sleeping
929 28 is sleeping
929 149 has taken a fork
930 140 has taken a fork
930 122 has taken a fork
931 118 has taken a fork
931 104 is eating
931 108 is eating
931 54 is sleeping
931 145 has taken a fork
931 51 is sleeping
932 106 is eating
932 152 has taken a fork
932 123 has taken a fork
932 110 is eating
932 119 is eating
932 132 has taken a fork
932 124 has taken a fork
932 115 is eating
932 52 is sleeping
932 57 is sleeping
932 61 is sleeping
932 159 has taken a fork
932 160 has taken a fork
932 148 has taken a fork
933 129 has taken a fork
933 109 is eating
933 121 is eating
933 58 is sleeping
933 112 is eating
934 155 has taken a fork
934 65 is sleeping
934 164 has taken a fork
935 63 is sleeping
935 169 has taken a fork
935 128 has taken a fork
935 153 has taken a fork
935 137 has taken a fork
935 127 has taken a fork
935 131 has taken a fork
936 56 is sleeping
936 46 is sleeping
936 161 has taken a fork
936 50 is sleeping
936 165 has taken a fork
936 168 has taken a fork
936 60 is sleeping
936 157 has taken a fork
936 59 is sleeping
936 162 has taken a fork
936 114 is eating
936 117 is eating
936 62 is sleeping
938 154 has taken a fork
938 67 is sleeping
938 158 has taken a fork
938 141 has taken a fork
939 133 has taken a fork
939 130 has taken a fork
939 134 has taken a fork
939 68 is sleeping
939 71 is sleeping
940 175 has taken a fork
940 163 has taken a fork
940 135 has taken a fork
941 126 has taken a fork
941 136 has taken a fork
941 147 has taken a fork
941 116 is eating
941 139 has taken a fork
941 151 has taken a fork
941 138 has taken a fork
941 143 has taken a fork
941 144 has taken a fork
942 120 is eating
942 125 is eating
942 64 is sleeping
942 156 has taken a fork
942 113 is eating
943 146 has taken a fork
943 142 has taken a fork
943 149 has taken a fork
943 140 has taken a fork
943 122 is eating
943 118 is eating
943 145 has taken a fork
943 69 is sleeping
943 152 has taken a fork
943 123 is eating
943 132 is eating
943 124 is eating
944 167 has taken a fork
944 160 has taken a fork
944 159 has taken a fork
944 148 has taken a fork
944 129 is eating
944 155 has taken a fork
944 164 has taken a fork
944 169 has taken a fork
945 66 is sleeping
945 128 is eating
945 153 is eating
945 137 is eating
945 127 is eating
945 173 has taken a fork
945 131 is eating
946 161 has taken a fork
946 165 has taken a fork
946 168 has taken a fork
946 157 has taken a fork
946 162 has taken a fork
947 154 has taken a fork
947 158 has taken a fork
947 141 is eating
947 133 is eating
947 130 is eating
947 134 is eating
948 175 has taken a fork
949 163 has taken a fork
949 135 is eating
949 126 is eating
949 136 is eating
949 147 is eating
949 139 is eating
949 151 is eating
950 138 is eating
951 143 is eating
951 144 is eating
951 156 has taken a fork
951 150 is thinking
951 146 is eating
952 142 is eating
952 149 is eating
954 140 is eating
954 179 is thinking
954 145 is eating
954 177 is thinking
954 152 is eating
954 166 is thinking
954 171 is thinking
955 167 has taken a fork
955 160 is eating
955 159 is eating
956 148 is eating
956 155 is eating
956 164 is eating
956 169 is eating
957 183 is thinking
958 173 has taken a fork
958 161 is eating
958 165 is eating
958 168 is eating
959 157 is eating
959 162 is eating
959 174 is thinking
960 154 is eating
961 172 is thinking
962 158 is eating
963 178 is thinking
963 175 is eating
964 163 is eating
964 156 is eating
965 77 is sleeping
965 74 is sleeping
965 150 has taken a fork
965 179 has taken a fork
966 70 is sleeping
966 72 is sleeping
966 73 is sleeping
966 75 is sleeping
966 177 has taken a fork
967 166 has taken a fork
967 171 has taken a fork
967 170 is thinking
967 81 is sleeping
968 76 is sleeping
968 79 is sleeping
969 180 is thinking
970 176 is thinking
970 167 is eating
970 181 is thinking
970 183 has taken a fork
970 182 is thinking
970 173 is eating
970 184 is thinking
970 174 has taken a fork
970 80 is sleeping
970 85 is sleeping
970 87 is sleeping
970 78 is sleeping
971 172 has taken a fork
971 82 is sleeping
972 185 is thinking
972 83 is sleeping
972 89 is sleeping
972 178 has taken a fork
972 186 is thinking
972 84 is sleeping
972 190 is thinking
972 188 is thinking
973 88 is sleeping
973 187 is thinking
974 95 is sleeping
974 150 has taken a fork
974 91 is sleeping
974 191 is thinking
975 179 has taken a fork
975 193 is thinking
975 97 is sleeping
975 92 is sleeping
975 86 is sleeping
976 177 has taken a fork
976 166 has taken a fork
976 99 is sleeping
976 171 has taken a fork
976 189 is thinking
976 170 has taken a fork
977 197 is thinking
977 180 has taken a fork
978 176 has taken a fork
978 181 has taken a fork
978 183 has taken a fork
978 182 has taken a fork
978 184 has taken a fork
978 174 has taken a fork
978 172 has taken a fork
979 185 has taken a fork
979 178 has taken a fork
979 186 has taken a fork
979 190 has taken a fork
979 188 has taken a fork
979 187 has taken a fork
979 150 is eating
980 191 has taken a fork
980 179 is eating
980 192 is thinking
980 193 has taken a fork
980 177 is eating
980 90 is sleeping
980 196 is thinking
980 166 is eating
980 195 is thinking
981 171 is eating
981 189 has taken a fork
981 170 has taken a fork
982 197 has taken a fork
982 180 has taken a fork
982 194 is thinking
983 176 has taken a fork
983 181 has taken a fork
983 183 is eating
983 182 has taken a fork
984 198 is thinking
984 184 has taken a fork
984 174 is eating
985 172 is eating
986 185 has taken a fork
986 178 is eating
986 94 is sleeping
986 186 has taken a fork
986 190 has taken a fork
986 188 has taken a fork
986 187 has taken a fork
986 191 has taken a fork
986 192 has taken a fork
987 193 has taken a fork
987 196 has taken a fork
987 189 has taken a fork
988 170 is eating
988 3 is thinking
988 5 is thinking
989 197 has taken a fork
989 180 is eating
989 7 is thinking
989 1 is thinking
991 176 is eating
991 181 is eating
992 182 is eating
992 184 is eating
992 98 is sleeping
992 195 has taken a fork
993 105 is sleeping
994 185 is eating
994 96 is sleeping
994 186 is eating
994 190 is eating
995 194 has taken a fork
995 188 is eating
995 198 has taken a fork
995 187 is eating
995 191 is eating
996 192 has taken a fork
996 193 is eating
996 196 has taken a fork
996 189 is eating
996 197 is eating
996 195 has taken a fork
996 93 is sleeping
998 101 is sleeping
998 103 is sleeping
998 3 has taken a fork
998 100 is sleeping
998 1 has taken a fork
998 5 has taken a fork
998 7 has taken a fork
998 194 has taken a fork
998 198 has taken a fork
998 192 is eating
999 196 is eating
999 195 is eating
999 3 has taken a fork
1000 1 has taken a fork
1000 5 has taken a fork
1000 7 has taken a fork
1000 194 is eating
1001 198 is eating
1001 3 is eating
1001 6 is thinking
1001 15 is thinking
1002 1 is eating
1002 5 is eating
1002 7 is eating
1002 13 is thinking
1002 11 is thinking
1003 21 is thinking
1003 4 is thinking
1004 19 is thinking
1004 18 is thinking
1004 25 is thinking
1004 9 is thinking
1004 2 is thinking
1004 16 is thinking
1005 27 is thinking
1005 35 is thinking
1007 10 is thinking
1007 17 is thinking
1007 8 is thinking
1008 14 is thinking
1009 33 is thinking
1009 12 is thinking
1010 111 is sleeping
1010 31 is thinking
1010 107 is sleeping
1010 102 is sleeping
1010 13 has taken a fork
1011 26 is thinking
1011 13 has taken a fork
1012 15 has taken a fork
1013 29 is thinking
1014 6 has taken a fork
1014 45 is thinking
1015 13 is eating
1015 20 is thinking
1015 15 has taken a fork
1015 104 is sleeping
1015 11 has taken a fork
1016 108 is sleeping
1016 21 has taken a fork
1017 23 is thinking
1017 6 has taken a fork
1019 115 is sleeping
1019 106 is sleeping
1019 110 is sleeping
1019 22 is thinking
1020 4 has taken a fork
1021 19 has taken a fork
1021 109 is sleeping
1022 25 has taken a fork
1022 121 is sleeping
1022 9 has taken a fork
1022 112 is sleeping
1022 2 has taken a fork
1022 41 is thinking
1022 15 is eating
1022 11 has taken a fork
1024 119 is sleeping
1024 18 has taken a fork
1025 16 has taken a fork
1025 21 has taken a fork
1025 114 is sleeping
1026 27 has taken a fork
1026 117 is sleeping
1026 49 is thinking
1027 35 has taken a fork
1027 38 is thinking
1027 6 is eating
1028 24 is thinking
1028 42 is thinking
1028 32 is thinking
1028 36 is thinking
1028 37 is thinking
1028 116 is sleeping
1029 4 has taken a fork
1029 19 has taken a fork
1029 113 is sleeping
1029 120 is sleeping
1029 10 has taken a fork
1029 125 is sleeping
1029 14 has taken a fork
1029 30 is thinking
1029 118 is sleeping
1029 122 is sleeping
1029 8 has taken a fork
1029 25 has taken a fork
1030 17 has taken a fork
1030 9 has taken a fork
1030 33 has taken a fork
1030 2 has taken a fork
1030 12 has taken a fork
1030 11 is eating
1030 34 is thinking
1030 124 is sleeping
1031 132 is sleeping
1031 31 has taken a fork
1031 129 is sleeping
1031 123 is sleeping
1031 45 has taken a fork
1031 47 is thinking
1031 39 is thinking
1031 26 has taken a fork
1031 43 is thinking
1031 48 is thinking
1031 128 is sleeping
1031 137 is sleeping
1031 153 is sleeping
1031 127 is sleeping
1031 55 is thinking
1032 29 has taken a fork
1032 20 has taken a fork
1032 23 has taken a fork
1033 22 has taken a fork
1033 41 has taken a fork
1033 18 has taken a fork
1033 44 is thinking
1033 131 is sleeping
1033 16 has taken a fork
1033 21 is eating
1034 40 is thinking
1034 133 is sleeping
1034 27 has taken a fork
1034 49 has taken a fork
1034 35 has taken a fork
1034 141 is sleeping
1034 38 has taken a fork
1034 134 is sleeping
1034 130 is sleeping
1034 147 is sleeping
1034 136 is sleeping
1034 144 is sleeping
1034 135 is sleeping
1034 126 is sleeping
1036 24 has taken a fork
1036 42 has taken a fork
1036 32 has taken a fork
1037 36 has taken a fork
1037 37 has taken a fork
1037 139 is sleeping
1037 28 is thinking
1037 138 is sleeping
1037 151 is sleeping
1037 53 is thinking
1037 4 is eating
1037 19 is eating
1037 10 has taken a fork
1038 14 has taken a fork
1038 30 has taken a fork
1038 8 has taken a fork
1038 25 is eating
1038 142 is sleeping
1038 143 is sleeping
1038 17 has taken a fork
1038 146 is sleeping
1038 9 is eating
1038 33 has taken a fork
1038 2 is eating
1038 12 has taken a fork
1038 34 has taken a fork
1039 31 has taken a fork
1039 51 is thinking
1039 45 has taken a fork
1039 149 is sleeping
1039 47 has taken a fork
1039 39 has taken a fork
1039 26 has taken a fork
1039 54 is thinking
1039 43 has taken a fork
1039 48 has taken a fork
1039 55 has taken a fork
1039 145 is sleeping
1040 61 is thinking
1040 140 is sleeping
1040 57 is thinking
1041 29 has taken a fork
1042 152 is sleeping
1042 52 is thinking
1043 20 has taken a fork
1043 23 has taken a fork
1043 22 has taken a fork
1044 41 has taken a fork
1044 58 is thinking
1044 160 is sleeping
1044 159 is sleeping
1044 18 is eating
1044 44 has taken a fork
1044 16 is eating
1044 40 has taken a fork
1044 148 is sleeping
1044 27 is eating
1044 65 is thinking
1044 49 has taken a fork
1044 35 is eating
1044 38 has taken a fork
1044 169 is sleeping
1044 155 is sleeping
1044 164 is sleeping
1044 63 is thinking
1045 24 has taken a fork
1045 60 is thinking
1046 62 is thinking
1046 59 is thinking
1046 56 is thinking
1046 42 has taken a fork
1047 32 has taken a fork
1048 46 is thinking
1049 50 is thinking
1049 36 has taken a fork
1049 37 has taken a fork
1049 28 has taken a fork
1049 53 has taken a fork
1049 10 is eating
1050 161 is sleeping
1050 165 is sleeping
1050 168 is sleeping
1050 14 is eating
1050 67 is thinking
1050 30 has taken a fork
1050 8 is eating
1050 17 is eating
1050 33 is eating
1050 12 is eating
1050 34 has taken a fork
1050 68 is thinking
1050 162 is sleeping
1050 31 is eating
1050 71 is thinking
1050 157 is sleeping
1051 51 has taken a fork
1051 45 is eating
1052 47 has taken a fork
1052 39 has taken a fork
1052 26 is eating
1053 54 has taken a fork
1053 43 has taken a fork
1053 48 has taken a fork
1054 55 has taken a fork
1054 154 is sleeping
1054 61 has taken a fork
1054 57 has taken a fork
1054 158 is sleeping
1054 29 is eating
1055 64 is thinking
1055 52 has taken a fork
1055 69 is thinking
1055 20 is eating
1055 175 is sleeping
1055 23 is eating
1055 22 is eating
1055 163 is sleeping
1055 41 is eating
1056 58 has taken a fork
1056 44 has taken a fork
1056 40 has taken a fork
1056 65 has taken a fork
1056 49 is eating
1056 38 is eating
1056 63 has taken a fork
1056 66 is thinking
1056 60 has taken a fork
1057 24 is eating
1057 62 has taken a fork
1058 156 is sleeping
1058 59 has taken a fork
1058 56 has taken a fork
1058 42 is eating
1058 32 is eating
1059 46 has taken a fork
1059 50 has taken a fork
1059 36 is eating
1059 37 is eating
1060 28 has taken a fork
1060 53 has taken a fork
1060 67 has taken a fork
1060 30 is eating
1060 34 is eating
1060 68 has taken a fork
1060 71 has taken a fork
1061 51 has taken a fork
1061 167 is sleeping
1061 47 is eating
1061 39 is eating
1061 173 is sleeping
1062 54 has taken a fork
1062 43 is eating
1062 48 is eating
1062 55 is eating
1062 61 has taken a fork
1062 57 has taken a fork
1062 64 has taken a fork
1062 52 has taken a fork
1062 69 has taken a fork
1063 58 has taken a fork
1063 44 is eating
1063 40 is eating
1063 65 has taken a fork
1063 63 has taken a fork
1063 60 has taken a fork
1063 66 has taken a fork
1063 62 has taken a fork
1064 59 has taken a fork
1064 56 has taken a fork
1064 46 has taken a fork
1065 50 has taken a fork
1066 28 is eating
1066 53 is eating
1066 67 has taken a fork
1066 68 has taken a fork
1066 71 has taken a fork
1066 51 is eating
1066 54 is eating
1066 61 is eating
1066 57 is eating
1067 64 has taken a fork
1067 52 is eating
1067 69 has taken a fork
1067 58 is eating
1068 65 is eating
1068 63 is eating
1069 60 is eating
1069 66 has taken a fork
1069 62 is eating
1069 59 is eating
1070 56 is eating
1070 46 is eating
1070 77 is thinking
1071 74 is thinking
1072 50 is eating
1073 75 is thinking
1073 72 is thinking
1073 67 is eating
1073 68 is eating
1073 71 is eating
1073 70 is thinking
1073 166 is sleeping
1073 64 is eating
1073 177 is sleeping
1074 81 is thinking
1074 73 is thinking
1077 69 is eating
1078 179 is sleeping
1078 150 is sleeping
1078 79 is thinking
1078 171 is sleeping
1079 76 is thinking
1079 66 is eating
1080 87 is thinking
1080 78 is thinking
1081 80 is thinking
1081 183 is sleeping
1081 85 is thinking
1081 77 has taken a fork
1082 82 is thinking
1082 74 has taken a fork
1082 89 is thinking
1082 84 is thinking
1082 83 is thinking
1082 174 is sleeping
1082 75 has taken a fork
1082 72 has taken a fork
1082 88 is thinking
1083 172 is sleeping
1084 70 has taken a fork
1084 81 has taken a fork
1084 95 is thinking
1084 91 is thinking
1085 97 is thinking
1085 92 is thinking
1085 86 is thinking
1086 178 is sleeping
1086 99 is thinking
1088 73 has taken a fork
1088 170 is sleeping
1088 79 has taken a fork
1088 180 is sleeping
1089 76 has taken a fork
1089 87 has taken a fork
1090 90 is thinking
1090 78 has taken a fork
1090 176 is sleeping
1090 80 has taken a fork
1091 182 is sleeping
1091 181 is sleeping
1091 85 has taken a fork
1091 77 has taken a fork
1093 184 is sleeping
1093 82 has taken a fork
1094 74 has taken a fork
1094 89 has taken a fork
1094 75 has taken a fork
1095 72 has taken a fork
1095 185 is sleeping
1096 190 is sleeping
1096 186 is sleeping
1096 84 has taken a fork
1096 83 has taken a fork
1096 88 has taken a fork
1096 188 is sleeping
1097 187 is sleeping
1097 70 has taken a fork
1097 81 has taken a fork
1097 95 has taken a fork
1097 91 has taken a fork
1097 191 is sleeping
1097 97 has taken a fork
1097 94 is thinking
1097 189 is sleeping
1097 193 is sleeping
1098 92 has taken a fork
1098 86 has taken a fork
1099 197 is sleeping
1099 73 has taken a fork
1100 79 has taken a fork
1101 99 has taken a fork
1101 192 is sleeping
1101 76 has taken a fork
1101 87 has taken a fork
1101 196 is sleeping
1102 90 has taken a fork
1102 78 has taken a fork
1102 80 has taken a fork
1102 85 has taken a fork
1103 77 is eating
1103 98 is thinking
1103 105 is thinking
1105 195 is sleeping
1107 82 has taken a fork
1107 194 is sleeping
1107 74 is eating
1108 96 is thinking
1109 89 has taken a fork
1109 198 is sleeping
1110 75 is eating
1110 72 is eating
1110 93 is thinking
1110 84 has taken a fork
1111 83 has taken a fork
1111 88 has taken a fork
1111 70 is eating
1111 81 is eating
1111 95 has taken a fork
1111 91 has taken a fork
1112 3 is sleeping
1112 97 has taken a fork
1112 94 has taken a fork
1112 7 is sleeping
1112 103 is thinking
1112 92 has taken a fork
1112 100 is thinking
1112 86 has taken a fork
1113 1 is sleeping
1113 101 is thinking
1113 5 is sleeping
1115 73 is eating
1115 79 is eating
1115 99 has taken a fork
1116 76 is eating
1116 87 is eating
1116 78 is eating
1116 90 has taken a fork
1117 80 is eating
1117 85 is eating
1117 98 has taken a fork
1118 105 has taken a fork
1119 82 is eating
1120 96 has taken a fork
1120 89 is eating
1120 107 is thinking
1121 102 is thinking
1121 111 is thinking
1121 93 has taken a fork
1121 84 is eating
1122 83 is eating
1123 88 is eating
1123 95 is eating
1124 91 is eating
1124 97 is eating
1124 94 has taken a fork
1124 103 has taken a fork
1125 92 is eating
1125 100 has taken a fork
1125 13 is sleeping
1125 86 is eating
1126 101 has taken a fork
1126 104 is thinking
1127 15 is sleeping
1127 108 is thinking
1127 99 is eating
1128 90 is eating
1128 98 has taken a fork
1128 105 has taken a fork
1128 115 is thinking
1129 106 is thinking
1130 6 is sleeping
1130 110 is thinking
1130 96 has taken a fork
1130 107 has taken a fork
1130 102 has taken a fork
1130 109 is thinking
1130 93 has taken a fork
1130 111 has taken a fork
1130 121 is thinking
1130 112 is thinking
1130 11 is sleeping
1130 21 is sleeping
1130 119 is thinking
1130 94 is eating
1130 103 has taken a fork
1131 114 is thinking
1131 100 has taken a fork
1131 117 is thinking
1131 4 is sleeping
1131 19 is sleeping
1131 101 has taken a fork
1131 104 has taken a fork
1131 9 is sleeping
1131 2 is sleeping
1131 108 has taken a fork
1132 25 is sleeping
1133 98 is eating
1133 105 is eating
1133 115 has taken a fork
1133 116 is thinking
1133 106 has taken a fork
1134 120 is thinking
1135 122 is thinking
1135 118 is thinking
1136 113 is thinking
1136 125 is thinking
1137 124 is thinking
1137 16 is sleeping
1137 110 has taken a fork
1137 96 is eating
1137 107 has taken a fork
1137 18 is sleeping
1137 102 has taken a fork
1138 109 has taken a fork
1138 93 is eating
1139 111 has taken a fork
1139 121 has taken a fork
1139 112 has taken a fork
1139 119 has taken a fork
1139 103 is eating
1139 129 is thinking
1139 137 is thinking
1139 100 is eating
1140 153 is thinking
1140 123 is thinking
1141 128 is thinking
1142 127 is thinking
1143 132 is thinking
1143 35 is sleeping
1143 27 is sleeping
1143 114 has taken a fork
1143 101 is eating
1144 104 has taken a fork
1144 117 has taken a fork
1145 108 has taken a fork
1146 131 is thinking
1147 115 has taken a fork
1147 106 has taken a fork
1147 144 is thinking
1147 126 is thinking
1147 134 is thinking
1147 141 is thinking
1148 133 is thinking
1148 130 is thinking
1148 135 is thinking
1148 10 is sleeping
1148 147 is thinking
1148 136 is thinking
1149 12 is sleeping
1149 120 has taken a fork
1149 33 is sleeping
1149 122 has taken a fork
1149 8 is sleeping
1149 14 is sleeping
1149 17 is sleeping
1150 116 has taken a fork
1150 113 has taken a fork
1151 118 has taken a fork
1153 125 has taken a fork
1153 139 is thinking
1153 151 is thinking
1153 138 is thinking
1154 110 has taken a fork
1154 107 is eating
1154 102 is eating
1154 31 is sleeping
1154 26 is sleeping
1155 146 is thinking
1155 142 is thinking
1156 45 is sleeping
1157 124 has taken a fork
1157 109 has taken a fork
1157 143 is thinking
1157 29 is sleeping
1158 111 is eating
1158 121 has taken a fork
1158 112 has taken a fork
1158 119 has taken a fork
1158 129 has taken a fork
1158 137 has taken a fork
1158 145 is thinking
1158 149 is thinking
1158 20 is sleeping
1159 23 is sleeping
1159 140 is thinking
1159 41 is sleeping
1159 22 is sleeping
1159 153 has taken a fork
1159 123 has taken a fork
1159 128 has taken a fork
1159 49 is sleeping
1159 152 is thinking
1160 127 has taken a fork
1160 38 is sleeping
1160 42 is sleeping
1160 32 is sleeping
1160 132 has taken a fork
1160 24 is sleeping
1160 114 has taken a fork
1160 159 is thinking
1161 160 is thinking
1162 169 is thinking
1162 148 is thinking
1162 164 is thinking
1163 37 is sleeping
1163 155 is thinking
1163 36 is sleeping
1163 104 is eating
1163 117 has taken a fork
1163 34 is sleeping
1163 30 is sleeping
1163 108 is eating
1164 47 is sleeping
1164 39 is sleeping
1164 131 has taken a fork
1165 48 is sleeping
1165 55 is sleeping
1166 43 is sleeping
1167 115 is eating
1168 106 is eating
1168 144 has taken a fork
1170 126 has taken a fork
1170 134 has taken a fork
1170 141 has taken a fork
1170 133 has taken a fork
1170 130 has taken a fork
1171 44 is sleeping
1171 135 has taken a fork
1172 147 has taken a fork
1172 136 has taken a fork
1172 40 is sleeping
1172 120 has taken a fork
1172 122 has taken a fork
1173 165 is thinking
1174 157 is thinking
1174 161 is thinking
1174 162 is thinking
1174 168 is thinking
1175 116 has taken a fork
1175 113 has taken a fork
1175 118 has taken a fork
1175 28 is sleeping
1175 53 is sleeping
1175 57 is sleeping
1176 61 is sleeping
1176 51 is sleeping
1177 54 is sleeping
1178 125 has taken a fork
1178 139 has taken a fork
1178 151 has taken a fork
1178 138 has taken a fork
1178 158 is thinking
1178 110 is eating
1178 154 is thinking
1178 163 is thinking
1178 146 has taken a fork
1178 175 is thinking
1179 52 is sleeping
1179 63 is sleeping
1180 142 has taken a fork
1180 65 is sleeping
1180 58 is sleeping
1181 60 is sleeping
1181 124 has taken a fork
1181 109 is eating
1181 143 has taken a fork
1181 59 is sleeping
1181 56 is sleeping
1181 156 is thinking
1181 121 is eating
1182 62 is sleeping
1182 112 is eating
1182 119 is eating
1183 129 has taken a fork
1183 137 has taken a fork
1184 145 has taken a fork
1185 149 has taken a fork
1185 140 has taken a fork
1185 153 has taken a fork
1186 123 has taken a fork
1186 128 has taken a fork
1186 152 has taken a fork
1186 46 is sleeping
1186 127 has taken a fork
1186 132 has taken a fork
1186 114 is eating
1186 159 has taken a fork
1186 167 is thinking
1186 173 is thinking
1186 50 is sleeping
1186 160 has taken a fork
1186 68 is sleeping
1187 67 is sleeping
1187 71 is sleeping
1187 169 has taken a fork
1187 148 has taken a fork
1187 164 has taken a fork
1187 155 has taken a fork
1188 117 is eating
1188 64 is sleeping
1188 131 has taken a fork
1188 69 is sleeping
1189 66 is sleeping
1189 144 has taken a fork
1189 126 has taken a fork
1189 141 has taken a fork
1189 134 has taken a fork
1189 133 has taken a fork
1189 130 has taken a fork
1189 135 has taken a fork
1189 147 has taken a fork
1189 136 has taken a fork
1189 120 is eating
1191 122 is eating
1191 166 is thinking
1192 165 has taken a fork
1192 177 is thinking
1193 157 has taken a fork
1193 162 has taken a fork
1193 168 has taken a fork
1194 161 has taken a fork
1194 116 is eating
1194 113 is eating
1194 118 is eating
1194 125 is eating
1194 139 has taken a fork
1195 151 has taken a fork
1195 138 has taken a fork
1195 158 has taken a fork
1195 171 is thinking
1195 154 has taken a fork
1195 163 has taken a fork
1195 146 has taken a fork
1195 179 is thinking
1195 150 is thinking
1196 175 has taken a fork
1196 142 has taken a fork
1196 183 is thinking
1197 124 is eating
1197 143 has taken a fork
1197 156 has taken a fork
1198 174 is thinking
1198 172 is thinking
1198 129 is eating
1199 137 is eating
1199 145 has taken a fork
1201 149 has taken a fork
1202 140 has taken a fork
1203 153 is eating
1203 123 is eating
1203 178 is thinking
1203 128 is eating
1203 152 has taken a fork
1204 127 is eating
1204 132 is eating
1205 159 has taken a fork
1205 167 has taken a fork
1206 173 has taken a fork
1206 160 has taken a fork
1206 77 is sleeping
1207 169 has taken a fork
1207 148 has taken a fork
1207 164 has taken a fork
1208 155 has taken a fork
1208 170 is thinking
1209 131 is eating
1209 180 is thinking
1209 74 is sleeping
1209 144 is eating
1210 126 is eating
1210 141 is eating
1210 134 is eating
1210 133 is eating
1210 130 is eating
1210 135 is eating
1210 147 is eating
1210 136 is eating
1211 176 is thinking
1211 182 is thinking
1211 181 is thinking
1211 166 has taken a fork
1211 70 is sleeping
1211 72 is sleeping
1211 75 is sleeping
1211 165 has taken a fork
1211 177 has taken a fork
1211 81 is sleeping
1211 184 is thinking
1212 157 has taken a fork
1212 162 has taken a fork
1212 168 has taken a fork
1212 161 has taken a fork
1212 139 is eating
1213 185 is thinking
1213 151 is eating
1213 138 is eating
1213 158 has taken a fork
1213 171 has taken a fork
1213 154 has taken a fork
1213 163 has taken a fork
1214 146 is eating
1214 179 has taken a fork
1214 150 has taken a fork
1214 186 is thinking
1214 190 is thinking
1214 188 is thinking
1214 73 is sleeping
1215 175 has taken a fork
1215 142 is eating
1216 183 has taken a fork
1216 191 is thinking
1216 187 is thinking
1216 193 is thinking
1216 189 is thinking
1216 79 is sleeping
1216 143 is eating
1217 156 has taken a fork
1217 174 has taken a fork
1217 78 is sleeping
1217 76 is sleeping
1217 172 has taken a fork
1217 87 is sleeping
1217 197 is thinking
1217 80 is sleeping
1217 85 is sleeping
1218 145 is eating
1218 89 is sleeping
1218 192 is thinking
1218 196 is thinking
1218 82 is sleeping
1218 149 is eating
1218 140 is eating
1218 84 is sleeping
1219 88 is sleeping
1219 83 is sleeping
1219 178 has taken a fork
1219 152 is eating
1219 95 is sleeping
1219 91 is sleeping
1219 195 is thinking
1219 97 is sleeping
1219 159 is eating
1219 167 has taken a fork
1219 173 has taken a fork
1219 92 is sleeping
1219 86 is sleeping
1221 160 is eating
1221 194 is thinking
1221 169 is eating
1221 148 is eating
1221 164 is eating
1221 155 is eating
1221 170 has taken a fork
1221 99 is sleeping
1221 90 is sleeping
1221 198 is thinking
1221 180 has taken a fork
1221 176 has taken a fork
1221 182 has taken a fork
1221 181 has taken a fork
1221 166 has taken a fork
1221 165 is eating
1221 177 has taken a fork
1222 184 has taken a fork
1222 3 is thinking
1222 7 is thinking
1222 157 is eating
1222 162 is eating
1223 168 is eating
1224 161 is eating
1224 185 has taken a fork
1224 5 is thinking
1224 1 is thinking
1224 158 is eating
1224 171 has taken a fork
1225 154 is eating
1225 163 is eating
1225 94 is sleeping
1225 179 has taken a fork
1226 150 has taken a fork
1226 186 has taken a fork
1226 190 has taken a fork
1226 188 has taken a fork
1227 175 is eating
1227 183 has taken a fork
1227 191 has taken a fork
1227 187 has taken a fork
1227 193 has taken a fork
1227 189 has taken a fork
1229 156 is eating
1229 174 has taken a fork
1229 172 has taken a fork
1229 197 has taken a fork
1229 98 is sleeping
1229 192 has taken a fork
1229 196 has taken a fork
1229 105 is sleeping
1229 178 has taken a fork
1230 195 has taken a fork
1230 167 is eating
1230 173 is eating
1230 194 has taken a fork
1230 170 has taken a fork
1231 180 has taken a fork
1231 176 has taken a fork
1231 182 has taken a fork
1232 181 has taken a fork
1232 166 is eating
1232 177 is eating
1232 184 has taken a fork
1232 96 is sleeping
1232 198 has taken a fork
1233 93 is sleeping
1233 3 has taken a fork
1233 185 has taken a fork
1233 171 is eating
1233 13 is thinking
1233 179 is eating
1233 103 is sleeping
1233 7 has taken a fork
1233 150 is eating
1233 186 has taken a fork
1234 100 is sleeping
1234 190 has taken a fork
1234 5 has taken a fork
1235 188 has taken a fork
1235 15 is thinking
1235 183 is eating
1235 191 has taken a fork
1235 187 has taken a fork
1236 193 has taken a fork
1236 189 has taken a fork
1236 101 is sleeping
1236 1 has taken a fork
1236 174 is eating
1237 172 is eating
1237 197 has taken a fork
1238 192 has taken a fork
1238 196 has taken a fork
1238 178 is eating
1238 21 is thinking
1238 195 has taken a fork
1238 11 is thinking
1238 6 is thinking
1238 194 has taken a fork
1238 170 is eating
1238 9 is thinking
1238 2 is thinking
1238 19 is thinking
1238 4 is thinking
1238 180 is eating
1238 176 is eating
1239 182 is eating
1239 181 is eating
1239 25 is thinking
1239 184 is eating
1239 198 has taken a fork
1239 3 has taken a fork
1240 185 is eating
1240 7 has taken a fork
1240 186 is eating
1240 190 is eating
1240 5 has taken a fork
1241 188 is eating
1242 191 is eating
1242 187 is eating
1242 193 is eating
1242 189 is eating
1243 1 has taken a fork
1243 18 is thinking
1243 16 is thinking
1243 107 is sleeping
1244 13 has taken a fork
1244 197 is eating
1244 192 is eating
1244 102 is sleeping
1244 15 has taken a fork
1244 196 is eating
1244 195 is eating
1244 194 is eating
1244 198 is eating
1244 3 is eating
1244 111 is sleeping
1244 21 has taken a fork
1244 7 is eating
1245 5 is eating
1245 1 is eating
1245 27 is thinking
1245 35 is thinking
1245 13 has taken a fork
1245 15 has taken a fork
1245 21 has taken a fork
1245 13 is eating
1245 15 is eating
1245 21 is eating
1245 104 is sleeping
1245 108 is sleeping
1246 11 has taken a fork
1246 11 has taken a fork
1246 11 is eating
1246 6 has taken a fork
1246 6 has taken a fork
1246 6 is eating
1248 10 is thinking
1249 115 is sleeping
1249 14 is thinking
1249 33 is thinking
1249 106 is sleeping
1249 12 is thinking
1249 17 is thinking
1249 8 is thinking
1249 9 has taken a fork
1249 9 has taken a fork
1249 9 is eating
1251 2 has taken a fork
1251 2 has taken a fork
1251 2 is eating
1254 31 is thinking
1254 26 is thinking
1255 110 is sleeping
1256 19 has taken a fork
1257 109 is sleeping
1258 4 has taken a fork
1258 121 is sleeping
1258 25 has taken a fork
1258 119 is sleeping
1258 18 has taken a fork
1259 45 is thinking
1259 19 has taken a fork
1260 29 is thinking
1260 112 is sleeping
1261 16 has taken a fork
1261 4 has taken a fork
1261 25 has taken a fork
1261 20 is thinking
1261 18 has taken a fork
1261 49 is thinking
1262 114 is sleeping
1262 22 is thinking
1262 27 has taken a fork
1262 23 is thinking
1263 41 is thinking
1264 19 is eating
1265 42 is thinking
1265 117 is sleeping
1265 35 has taken a fork
1266 24 is thinking
1266 32 is thinking
1266 38 is thinking
1267 16 has taken a fork
1267 4 is eating
1270 25 is eating
1270 18 is eating
1270 27 has taken a fork
1270 36 is thinking
1270 37 is thinking
1271 120 is sleeping
1271 34 is thinking
1272 10 has taken a fork
1272 30 is thinking
1272 122 is sleeping
1272 14 has taken a fork
1272 47 is thinking
1272 39 is thinking
1273 55 is thinking
1274 48 is thinking
1274 113 is sleeping
1274 33 has taken a fork
1274 116 is sleeping
1274 12 has taken a fork
1274 118 is sleeping
1274 17 has taken a fork
1274 125 is sleeping
1274 8 has taken a fork
1274 35 has taken a fork
1274 43 is thinking
1274 16 is eating
1274 124 is sleeping
1274 137 is sleeping
1274 31 has taken a fork
1274 129 is sleeping
1274 26 has taken a fork
1274 45 has taken a fork
1274 27 is eating
1274 44 is thinking
1274 10 has taken a fork
1274 14 has taken a fork
1274 128 is sleeping
1274 40 is thinking
1275 153 is sleeping
1275 123 is sleeping
1275 49 has taken a fork
1276 20 has taken a fork
1277 29 has taken a fork
1277 127 is sleeping
1277 22 has taken a fork
1278 132 is sleeping
1278 23 has taken a fork
1279 33 has taken a fork
1279 12 has taken a fork
1280 17 has taken a fork
1280 8 has taken a fork
1280 35 is eating
1280 31 has taken a fork
1280 26 has taken a fork
1280 45 has taken a fork
1280 10 is eating
1281 14 is eating
1281 28 is thinking
1281 53 is thinking
1282 49 has taken a fork
1282 61 is thinking
1282 51 is thinking
1283 57 is thinking
1283 20 has taken a fork
1283 29 has taken a fork
1283 54 is thinking
1283 22 has taken a fork
1283 144 is sleeping
1284 41 has taken a fork
1284 131 is sleeping
1285 23 has taken a fork
1285 141 is sleeping
1285 126 is sleeping
1285 130 is sleeping
1285 42 has taken a fork
1285 134 is sleeping
1286 135 is sleeping
1286 33 is eating
1286 147 is sleeping
1286 133 is sleeping
1286 30 has taken a fork
1286 52 is thinking
1286 24 has taken a fork
1286 32 has taken a fork
1286 36 has taken a fork
1286 37 has taken a fork
1287 136 is sleeping
1287 47 has taken a fork
1287 34 has taken a fork
1287 12 is eating
1288 38 has taken a fork
1288 65 is thinking
1288 63 is thinking
1288 17 is eating
1289 8 is eating
1289 31 is eating
1289 58 is thinking
1289 26 is eating
1290 45 is eating
1290 60 is thinking
1291 59 is thinking
1291 56 is thinking
1291 49 is eating
1291 62 is thinking
1292 138 is sleeping
1292 139 is sleeping
1292 39 has taken a fork
1292 151 is sleeping
1292 55 has taken a fork
1292 48 has taken a fork
1292 20 is eating
1292 29 is eating
1293 22 is eating
1293 41 has taken a fork
1293 146 is sleeping
1293 43 has taken a fork
1294 23 is eating
1294 68 is thinking
1294 142 is sleeping
1294 30 has taken a fork
1294 44 has taken a fork
1295 24 has taken a fork
1295 46 is thinking
1295 32 has taken a fork
1295 36 has taken a fork
1295 50 is thinking
1302 42 has taken a fork
1302 37 has taken a fork
1303 71 is thinking
1303 143 is sleeping
1303 40 has taken a fork
1303 47 has taken a fork
1303 34 has taken a fork
1303 67 is thinking
1303 38 has taken a fork
1303 149 is sleeping
1304 28 has taken a fork
1304 145 is sleeping
1304 53 has taken a fork
1305 64 is thinking
1305 152 is sleeping
1305 61 has taken a fork
1305 140 is sleeping
1308 51 has taken a fork
1308 66 is thinking
1308 69 is thinking
1308 159 is sleeping
1309 160 is sleeping
1311 57 has taken a fork
1311 54 has taken a fork
1311 164 is sleeping
1312 39 has taken a fork
1312 52 has taken a fork
1312 169 is sleeping
1312 148 is sleeping
1312 155 is sleeping
1312 58 has taken a fork
1312 55 has taken a fork
1312 65 has taken a fork
1312 48 has taken a fork
1312 63 has taken a fork
1314 41 is eating
1314 43 has taken a fork
1314 30 is eating
1314 44 has taken a fork
1314 24 is eating
1315 32 is eating
1315 36 is eating
1315 157 is sleeping
1315 165 is sleeping
1315 60 has taken a fork
1316 59 has taken a fork
1316 161 is sleeping
1316 168 is sleeping
1316 154 is sleeping
1316 158 is sleeping
1316 162 is sleeping
1316 163 is sleeping
1316 56 has taken a fork
1316 42 is eating
1316 37 is eating
1316 46 has taken a fork
1316 50 has taken a fork
1317 175 is sleeping
1317 71 has taken a fork
1317 40 has taken a fork
1317 47 is eating
1317 34 is eating
1317 62 has taken a fork
1317 67 has taken a fork
1317 38 is eating
1317 28 has taken a fork
1317 53 has taken a fork
1317 156 is sleeping
1317 64 has taken a fork
1317 61 has taken a fork
1317 77 is thinking
1317 167 is sleeping
1318 173 is sleeping
1318 68 has taken a fork
1318 51 has taken a fork
1318 66 has taken a fork
1318 69 has taken a fork
1318 74 is thinking
1318 70 is thinking
1318 72 is thinking
1318 81 is thinking
1318 75 is thinking
1318 57 has taken a fork
1318 54 has taken a fork
1318 39 is eating
1318 177 is sleeping
1318 166 is sleeping
1318 52 has taken a fork
1318 58 has taken a fork
1318 55 is eating
1318 65 has taken a fork
1319 48 is eating
1319 63 has taken a fork
1320 73 is thinking
1320 179 is sleeping
1320 150 is sleeping
1320 171 is sleeping
1321 43 is eating
1321 44 is eating
1321 60 has taken a fork
1322 183 is sleeping
1322 79 is thinking
1322 59 has taken a fork
1322 56 has taken a fork
1322 46 has taken a fork
1322 50 has taken a fork
1322 78 is thinking
1322 71 has taken a fork
1323 40 is eating
1323 62 has taken a fork
1323 67 has taken a fork
1323 28 is eating
1324 80 is thinking
1324 53 is eating
1324 85 is thinking
1324 76 is thinking
1325 87 is thinking
1325 64 has taken a fork
1325 61 is eating
1326 77 has taken a fork
1326 68 has taken a fork
1326 51 is eating
1326 66 has taken a fork
1327 69 has taken a fork
1327 74 has taken a fork
1327 70 has taken a fork
1327 72 has taken a fork
1328 81 has taken a fork
1328 75 has taken a fork
1328 172 is sleeping
1328 57 is eating
1328 174 is sleeping
1328 54 is eating
1328 52 is eating
1328 82 is thinking
1328 84 is thinking
1330 89 is thinking
1330 58 is eating
1331 91 is thinking
1331 65 is eating
1331 97 is thinking
1331 92 is thinking
1332 95 is thinking
1332 88 is thinking
1332 83 is thinking
1333 86 is thinking
1333 63 is eating
1334 73 has taken a fork
1334 178 is sleeping
1334 99 is thinking
1334 90 is thinking
1334 60 is eating
1334 79 has taken a fork
1334 59 is eating
1335 56 is eating
1335 46 is eating
1335 50 is eating
1335 78 has taken a fork
1336 71 is eating
1336 170 is sleeping
1337 62 is eating
1337 67 is eating
1337 180 is sleeping
1337 80 has taken a fork
1338 85 has taken a fork
1338 184 is sleeping
1338 76 has taken a fork
1339 94 is thinking
1339 182 is sleeping
1339 181 is sleeping
1339 176 is sleeping
1340 64 is eating
1340 87 has taken a fork
1340 77 has taken a fork
1342 68 is eating
1343 66 is eating
1343 186 is sleeping
1343 185 is sleeping
1344 190 is sleeping
1344 69 is eating
1344 74 has taken a fork
1345 70 has taken a fork
1346 72 has taken a fork
1346 188 is sleeping
1346 81 has taken a fork
1348 75 has taken a fork
1350 82 has taken a fork
1350 84 has taken a fork
1350 193 is sleeping
1350 98 is thinking
1350 191 is sleeping
1351 105 is thinking
1351 187 is sleeping
1352 189 is sleeping
1352 197 is sleeping
1352 89 has taken a fork
1353 91 has taken a fork
1354 192 is sleeping
1354 196 is sleeping
1355 97 has taken a fork
1355 92 has taken a fork
1355 96 is thinking
1355 195 is sleeping
1356 95 has taken a fork
1356 88 has taken a fork
1356 83 has taken a fork
1356 194 is sleeping
1357 93 is thinking
1357 86 has taken a fork
1357 103 is thinking
1358 3 is sleeping
1358 198 is sleeping
1359 100 is thinking
1359 73 has taken a fork
1359 99 has taken a fork
1360 90 has taken a fork
1361 79 has taken a fork
1361 7 is sleeping
1361 78 has taken a fork
1362 5 is sleeping
1362 101 is thinking
1363 1 is sleeping
1363 80 has taken a fork
1363 85 has taken a fork
1364 76 has taken a fork
1364 94 has taken a fork
1365 87 has taken a fork
1366 77 is eating
1366 13 is sleeping
1367 15 is sleeping
1367 107 is thinking
1367 21 is sleeping
1367 102 is thinking
1367 111 is thinking
1367 74 is eating
1367 108 is thinking
1368 104 is thinking
1368 70 is eating
1368 72 is eating
1368 11 is sleeping
1368 6 is sleeping
1368 81 is eating
1368 75 is eating
1368 106 is thinking
1369 115 is thinking
1370 82 has taken a fork
1371 84 has taken a fork
1371 9 is sleeping
1371 98 has taken a fork
1372 105 has taken a fork
1372 2 is sleeping
1373 89 has taken a fork
1373 91 has taken a fork
1373 110 is thinking
1373 97 has taken a fork
1374 92 has taken a fork
1374 96 has taken a fork
1374 95 has taken a fork
1374 88 has taken a fork
1374 83 has taken a fork
1374 93 has taken a fork
1375 109 is thinking
1375 86 has taken a fork
1377 103 has taken a fork
1377 121 is thinking
1377 119 is thinking
1377 100 has taken a fork
1378 73 is eating
1378 99 has taken a fork
1378 112 is thinking
1378 19 is sleeping
1378 90 has taken a fork
1378 79 is eating
1378 78 is eating
1379 4 is sleeping
1379 114 is thinking
1379 101 has taken a fork
1380 18 is sleeping
1380 25 is sleeping
1380 80 is eating
1381 85 is eating
1381 76 is eating
1381 94 has taken a fork
1382 117 is thinking
1382 87 is eating
1382 16 is sleeping
1382 27 is sleeping
1382 107 has taken a fork
1382 102 has taken a fork
1383 111 has taken a fork
1383 108 has taken a fork
1383 104 has taken a fork
1383 115 has taken a fork
1383 106 has taken a fork
1383 82 is eating
1383 35 is sleeping
1383 120 is thinking
1383 84 is eating
1383 98 has taken a fork
1383 122 is thinking
1384 105 has taken a fork
1384 10 is sleeping
1384 89 is eating
1384 91 is eating
1384 110 has taken a fork
1384 14 is sleeping
1384 97 is eating
1384 128 is thinking
1384 118 is thinking
1384 137 is thinking
1384 116 is thinking
1385 124 is thinking
1385 113 is thinking
1386 92 is eating
1386 96 has taken a fork
1387 95 is eating
1387 125 is thinking
1387 129 is thinking
1388 88 is eating
1388 83 is eating
1388 93 has taken a fork
1388 123 is thinking
1388 153 is thinking
1388 109 has taken a fork
1388 86 is eating
1388 12 is sleeping
1388 33 is sleeping
1388 127 is thinking
1388 103 has taken a fork
1388 121 has taken a fork
1389 119 has taken a fork
1390 8 is sleeping
1390 17 is sleeping
1390 100 has taken a fork
1390 132 is thinking
1390 99 is eating
1390 112 has taken a fork
1390 90 is eating
1390 114 has taken a fork
1391 101 has taken a fork
1391 31 is sleeping
1392 26 is sleeping
1392 45 is sleeping
1392 94 is eating
1392 117 has taken a fork
1392 49 is sleeping
1392 20 is sleeping
1392 29 is sleeping
1392 107 has taken a fork
1393 102 has taken a fork
1393 111 has taken a fork
1393 108 has taken a fork
1393 104 has taken a fork
1393 115 has taken a fork
1394 106 has taken a fork
1395 144 is thinking
1395 22 is sleeping
1395 120 has taken a fork
1395 98 is eating
1395 122 has taken a fork
1395 23 is sleeping
1395 131 is thinking
1395 105 is eating
1395 110 has taken a fork
1396 128 has taken a fork
1396 118 has taken a fork
1396 137 has taken a fork
1396 116 has taken a fork
1396 141 is thinking
1396 124 has taken a fork
1397 130 is thinking
1397 126 is thinking
1398 134 is thinking
1399 113 has taken a fork
1399 135 is thinking
1399 133 is thinking
1399 96 is eating
1399 147 is thinking
1399 136 is thinking
1399 125 has taken a fork
1399 129 has taken a fork
1399 93 is eating
1400 123 has taken a fork
1400 153 has taken a fork
1400 109 has taken a fork
1400 127 has taken a fork
1400 103 is eating
1401 121 has taken a fork
1401 119 has taken a fork
1401 100 is eating
1401 132 has taken a fork
1401 112 has taken a fork
1401 114 has taken a fork
1401 101 is eating
1401 151 is thinking
1401 138 is thinking
1402 139 is thinking
1402 117 has taken a fork
1403 107 is eating
1403 102 is eating
1403 111 is eating
1403 108 is eating
1403 104 is eating
1403 115 is eating
1404 146 is thinking
1404 142 is thinking
1404 106 is eating
1405 120 has taken a fork
1405 122 has taken a fork
1405 110 is eating
1405 41 is sleeping
1405 128 has taken a fork
1405 118 has taken a fork
1405 137 has taken a fork
1405 116 has taken a fork
1405 144 has taken a fork
1405 124 has taken a fork
1405 32 is sleeping
1406 30 is sleeping
1406 131 has taken a fork
1406 141 has taken a fork
1406 24 is sleeping
1406 36 is sleeping
1407 130 has taken a fork
1407 126 has taken a fork
1407 47 is sleeping
1407 34 is sleeping
1407 38 is sleeping
1408 37 is sleeping
1408 134 has taken a fork
1408 42 is sleeping
1408 113 has taken a fork
1408 135 has taken a fork
1408 133 has taken a fork
1408 147 has taken a fork
1409 136 has taken a fork
1409 125 has taken a fork
1409 129 has taken a fork
1409 123 has taken a fork
1409 153 has taken a fork
1409 109 is eating
1410 127 has taken a fork
1410 55 is sleeping
1410 121 is eating
1410 119 is eating
1410 39 is sleeping
1410 132 has taken a fork
1411 112 is eating
1411 114 is eating
1411 151 has taken a fork
1412 48 is sleeping
1412 138 has taken a fork
1412 139 has taken a fork
1414 117 is eating
1414 143 is thinking
1414 43 is sleeping
1414 149 is thinking
1414 145 is thinking
1414 44 is sleeping
1416 146 has taken a fork
1416 142 has taken a fork
1416 120 is eating
1417 152 is thinking
1417 140 is thinking
1417 122 is eating
1419 40 is sleeping
1419 128 is eating
1419 118 is eating
1420 137 is eating
1420 116 is eating
1420 144 has taken a fork
1422 124 is eating
1422 28 is sleeping
1422 131 has taken a fork
1422 53 is sleeping
1422 141 has taken a fork
1422 61 is sleeping
1423 130 has taken a fork
1423 126 has taken a fork
1423 51 is sleeping
1423 134 has taken a fork
1424 159 is thinking
1425 113 is eating
1425 135 has taken a fork
1425 133 has taken a fork
1425 147 has taken a fork
1425 136 has taken a fork
1425 125 is eating
1425 160 is thinking
1425 129 is eating
1425 123 is eating
1425 153 is eating
1426 127 is eating
1426 57 is sleeping
1426 52 is sleeping
1426 54 is sleeping
1426 132 is eating
1426 164 is thinking
1426 58 is sleeping
1426 151 has taken a fork
1426 65 is sleeping
1426 155 is thinking
1426 169 is thinking
1426 148 is thinking
1426 138 has taken a fork
1426 139 has taken a fork
1426 63 is sleeping
1427 143 has taken a fork
1427 149 has taken a fork
1428 145 has taken a fork
1428 157 is thinking
1428 165 is thinking
1428 158 is thinking
1429 168 is thinking
1430 154 is thinking
1431 161 is thinking
1432 146 has taken a fork
1432 162 is thinking
1432 163 is thinking
1433 142 has taken a fork
1433 152 has taken a fork
1433 175 is thinking
1433 140 has taken a fork
1434 156 is thinking
1435 167 is thinking
1435 173 is thinking
1435 177 is thinking
1435 166 is thinking
1435 59 is sleeping
1435 60 is sleeping
1436 56 is sleeping
1436 46 is sleeping
1436 50 is sleeping
1436 67 is sleeping
1436 62 is sleeping
1436 71 is sleeping
1436 144 is eating
1436 150 is thinking
1436 179 is thinking
1436 171 is thinking
1436 183 is thinking
1436 131 is eating
1436 141 is eating
1436 64 is sleeping
1439 130 is eating
1440 126 is eating
1440 134 is eating
1441 159 has taken a fork
1441 68 is sleeping
1441 135 is eating
1441 133 is eating
1442 147 is eating
1442 136 is eating
1442 160 has taken a fork
1443 69 is sleeping
1443 164 has taken a fork
1443 66 is sleeping
1443 155 has taken a fork
1445 169 has taken a fork
1445 148 has taken a fork
1446 138 is eating
1447 139 is eating
1451 151 is eating
1451 143 has taken a fork
1451 149 has taken a fork
1451 145 has taken a fork
1451 157 has taken a fork
1453 165 has taken a fork
1455 174 is thinking
1455 158 has taken a fork
1458 172 is thinking
1464 168 has taken a fork
1467 154 has taken a fork
1468 161 has taken a fork
1468 146 is eating
1469 162 has taken a fork
1469 163 has taken a fork
1469 142 is eating
1469 152 has taken a fork
1470 175 has taken a fork
1470 140 has taken a fork
1470 178 is thinking
1471 156 has taken a fork
1471 167 has taken a fork
1471 173 has taken a fork
1472 170 is thinking
1473 180 is thinking
1473 176 is thinking
1473 182 is thinking
1474 184 is thinking
1474 181 is thinking
1475 159 has taken a fork
1475 77 is sleeping
1475 177 has taken a fork
1475 160 has taken a fork
1476 74 is sleeping
1476 72 is sleeping
1476 70 is sleeping
1476 164 has taken a fork
1476 150 has taken a fork
1476 185 is thinking
1476 75 is sleeping
1476 155 has taken a fork
1476 166 has taken a fork
1476 81 is sleeping
1477 186 is thinking
1477 169 has taken a fork
1477 190 is thinking
1478 171 has taken a fork
1478 183 has taken a fork
1478 179 has taken a fork
1478 148 has taken a fork
1479 73 is sleeping
1479 79 is sleeping
1479 193 is thinking
1479 78 is sleeping
1479 191 is thinking
1479 187 is thinking
1480 188 is thinking
1480 143 is eating
1480 149 is eating
1480 145 is eating
1480 157 has taken a fork
1481 197 is thinking
1481 189 is thinking
1481 80 is sleeping
1481 165 has taken a fork
1481 85 is sleeping
1481 87 is sleeping
1482 196 is thinking
1482 76 is sleeping
1482 174 has taken a fork
1482 195 is thinking
1482 158 has taken a fork
1482 192 is thinking
1482 194 is thinking
1482 84 is sleeping
1483 82 is sleeping
1483 3 is thinking
1483 198 is thinking
1483 97 is sleeping
1483 91 is sleeping
1483 89 is sleeping
1484 92 is sleeping
1486 95 is sleeping
1486 88 is sleeping
1487 172 has taken a fork
1487 86 is sleeping
1487 7 is thinking
1487 90 is sleeping
1488 99 is sleeping
1488 5 is thinking
1488 1 is thinking
1488 83 is sleeping
1488 168 has taken a fork
1488 94 is sleeping
1489 13 is thinking
1489 21 is thinking
1490 154 has taken a fork
1490 15 is thinking
1491 11 is thinking
1491 6 is thinking
1491 161 has taken a fork
1491 162 has taken a fork
1491 163 has taken a fork
1494 152 is eating
1494 175 has taken a fork
1494 140 is eating
1494 178 has taken a fork
1494 9 is thinking
1494 156 has taken a fork
1494 167 has taken a fork
1494 173 has taken a fork
1494 2 is thinking
1494 170 has taken a fork
1494 105 is sleeping
1494 98 is sleeping
1494 180 has taken a fork
1494 176 has taken a fork
1494 182 has taken a fork
1497 184 has taken a fork
1497 181 has taken a fork
1497 159 is eating
1497 177 has taken a fork
1497 160 is eating
1499 164 is eating
1501 150 has taken a fork
1502 185 has taken a fork
1502 155 is eating
1502 166 has taken a fork
1502 96 is sleeping
1502 186 has taken a fork
1502 169 is eating
1502 190 has taken a fork
1502 93 is sleeping
1502 19 is thinking
1502 171 has taken a fork
1502 183 has taken a fork
1502 179 has taken a fork
1502 148 is eating
1502 4 is thinking
1502 103 is sleeping
1502 193 has taken a fork
1502 191 has taken a fork
1502 187 has taken a fork
1502 100 is sleeping
1503 18 is thinking
1503 188 has taken a fork
1505 25 is thinking
1505 157 is eating
1505 197 has taken a fork
1507 189 has taken a fork
1508 165 is eating
1508 27 is thinking
1508 16 is thinking
1508 196 has taken a fork
1508 101 is sleeping
1508 174 has taken a fork
1508 195 has taken a fork
1508 158 is eating
1508 192 has taken a fork
1508 194 has taken a fork
1508 35 is thinking
1508 3 has taken a fork
1508 198 has taken a fork
1508 14 is thinking
1508 10 is thinking
1508 102 is sleeping
1508 107 is sleeping
1509 108 is sleeping
1509 111 is sleeping
1509 172 has taken a fork
1509 106 is sleeping
1509 7 has taken a fork
1509 115 is sleeping
1509 104 is sleeping
1509 5 has taken a fork
1509 1 has taken a fork
1509 12 is thinking
1509 33 is thinking
1510 168 is eating
1510 13 has taken a fork
1510 110 is sleeping
1510 21 has taken a fork
1510 17 is thinking
1510 8 is thinking
1510 154 is eating
1510 15 has taken a fork
1510 31 is thinking
1510 11 has taken a fork
1510 6 has taken a fork
1510 161 is eating
1510 162 is eating
1510 163 is eating
1510 109 is sleeping
1510 45 is thinking
1511 175 is eating
1511 178 has taken a fork
1511 49 is thinking
1511 9 has taken a fork
1511 121 is sleeping
1512 156 is eating
1512 167 is eating
1512 20 is thinking
1512 29 is thinking
1512 173 is eating
1512 2 has taken a fork
1512 170 has taken a fork
1512 26 is thinking
1512 119 is sleeping
1512 180 has taken a fork
1512 176 has taken a fork
1512 182 has taken a fork
1512 114 is sleeping
1513 22 is thinking
1513 23 is thinking
1513 112 is sleeping
1513 184 has taken a fork
1513 181 has taken a fork
1513 177 is eating
1513 117 is sleeping
1514 122 is sleeping
1514 120 is sleeping
1514 150 is eating
1514 185 has taken a fork
1514 166 is eating
1514 186 has taken a fork
1515 190 has taken a fork
1515 128 is sleeping
1515 19 has taken a fork
1515 171 is eating
1515 183 is eating
1515 179 is eating
1515 4 has taken a fork
1515 118 is sleeping
1515 116 is sleeping
1515 193 has taken a fork
1515 137 is sleeping
1515 191 has taken a fork
1515 187 has taken a fork
1515 18 has taken a fork
1515 188 has taken a fork
1515 124 is sleeping
1515 41 is thinking
1515 32 is thinking
1515 113 is sleeping
1515 25 has taken a fork
1515 197 has taken a fork
1515 125 is sleeping
1515 24 is thinking
1515 129 is sleeping
1515 30 is thinking
1516 153 is sleeping
1516 189 has taken a fork
1516 36 is thinking
1516 47 is thinking
1516 38 is thinking
1516 123 is sleeping
1516 34 is thinking
1516 132 is sleeping
1516 127 is sleeping
1516 37 is thinking
1516 27 has taken a fork
1516 16 has taken a fork
1516 196 has taken a fork
1517 174 is eating
1517 195 has taken a fork
1517 192 has taken a fork
1517 194 has taken a fork
1517 35 has taken a fork
1517 3 has taken a fork
1518 198 has taken a fork
1518 14 has taken a fork
1518 10 has taken a fork
1519 42 is thinking
1519 172 is eating
1519 7 has taken a fork
1520 5 has taken a fork
1520 1 has taken a fork
1521 12 has taken a fork
1522 33 has taken a fork
1522 13 has taken a fork
1523 21 has taken a fork
1523 17 has taken a fork
1525 8 has taken a fork
1526 39 is thinking
1526 55 is thinking
1528 15 has taken a fork
1528 31 has taken a fork
1529 11 has taken a fork
1529 6 has taken a fork
1529 45 has taken a fork
1529 178 is eating
1529 49 has taken a fork
1529 9 has taken a fork
1531 48 is thinking
1532 20 has taken a fork
1532 29 has taken a fork
1532 2 has taken a fork
1533 170 is eating
1533 26 has taken a fork
1534 180 is eating
1534 176 is eating
1534 182 is eating
1534 22 has taken a fork
1534 23 has taken a fork
1534 184 is eating
1535 181 is eating
1535 44 is thinking
1535 43 is thinking
1535 185 is eating
1535 186 is eating
1535 190 is eating
1535 19 has taken a fork
1535 4 has taken a fork
1535 193 is eating
1536 191 is eating
1536 187 is eating
1536 18 has taken a fork
1536 188 is eating
1536 25 has taken a fork
1536 197 is eating
1536 144 is sleeping
1536 41 has taken a fork
1536 189 is eating
1536 27 has taken a fork
1536 16 has taken a fork
1536 196 is eating
1536 131 is sleeping
1536 32 has taken a fork
1536 141 is sleeping
1536 195 is eating
1536 192 is eating
1536 24 has taken a fork
1537 194 is eating
1537 35 has taken a fork
1537 3 is eating
1537 198 is eating
1537 130 is sleeping
1537 14 has taken a fork
1538 30 has taken a fork
1538 10 has taken a fork
1538 126 is sleeping
1538 134 is sleeping
1538 40 is thinking
1539 36 has taken a fork
1539 7 is eating
1539 47 has taken a fork
1540 5 is eating
1540 1 is eating
1540 135 is sleeping
1540 133 is sleeping
1540 12 has taken a fork
1540 147 is sleeping
1541 136 is sleeping
1541 38 has taken a fork
1541 28 is thinking
1541 33 has taken a fork
1541 53 is thinking
1542 61 is thinking
1542 37 has taken a fork
1542 34 has taken a fork
1542 13 is eating
1542 51 is thinking
1543 21 is eating
1543 42 has taken a fork
1543 17 has taken a fork
1543 139 is sleeping
1543 138 is sleeping
1543 8 has taken a fork
1544 58 is thinking
1545 52 is thinking
1545 57 is thinking
1546 63 is thinking
1546 39 has taken a fork
1546 151 is sleeping
1546 65 is thinking
1546 54 is thinking
1546 55 has taken a fork
1546 15 is eating
1547 31 has taken a fork
1547 11 is eating
1547 6 is eating
1547 45 has taken a fork
1547 49 has taken a fork
1547 9 is eating
1549 48 has taken a fork
1549 20 has taken a fork
1549 29 has taken a fork
1550 2 is eating
1550 26 has taken a fork
1550 22 has taken a fork
1550 23 has taken a fork
1551 59 is thinking
1553 60 is thinking
1555 19 is eating
1559 4 is eating
1559 67 is thinking
1560 62 is thinking
1560 56 is thinking
1561 46 is thinking
1561 18 is eating
1561 146 is sleeping
1561 71 is thinking
1562 44 has taken a fork
1563 64 is thinking
1564 50 is thinking
1564 25 is eating
1565 41 has taken a fork
1565 27 is eating
1566 16 is eating
1566 32 has taken a fork
1567 24 has taken a fork
1568 35 is eating
1568 142 is sleeping
1569 43 has taken a fork
1569 14 is eating
1569 30 has taken a fork
1569 10 is eating
1569 36 has taken a fork
1570 47 has taken a fork
1570 12 is eating
1570 68 is thinking
1570 38 has taken a fork
1570 33 is eating
1570 37 has taken a fork
1570 34 has taken a fork
1570 69 is thinking
1571 66 is thinking
1571 17 is eating
1574 42 has taken a fork
1575 8 is eating
1575 39 has taken a fork
1575 55 has taken a fork
1575 31 is eating
1575 145 is sleeping
1576 149 is sleeping
1576 143 is sleeping
1576 28 has taken a fork
1576 53 has taken a fork
1576 40 has taken a fork
1576 45 is eating
1576 49 is eating
1577 48 has taken a fork
1577 20 is eating
1578 29 is eating
1578 26 is eating
1579 22 is eating
1579 23 is eating
1579 152 is sleeping
1579 140 is sleeping
1579 51 has taken a fork
1579 61 has taken a fork
1580 160 is sleeping
1580 58 has taken a fork
1580 159 is sleeping
1580 52 has taken a fork
1580 44 has taken a fork
1581 164 is sleeping
1581 57 has taken a fork
1581 155 is sleeping
1581 148 is sleeping
1582 169 is sleeping
1582 63 has taken a fork
1582 54 has taken a fork
1582 65 has taken a fork
1582 41 is eating
1583 32 is eating
1583 24 is eating
1583 157 is sleeping
1583 59 has taken a fork
1583 165 is sleeping
1583 60 has taken a fork
1583 158 is sleeping
1584 67 has taken a fork
1584 43 has taken a fork
1585 30 is eating
1585 36 is eating
1585 47 is eating
1585 38 is eating
1585 168 is sleeping
1585 62 has taken a fork
1586 37 is eating
1586 34 is eating
1586 162 is sleeping
1586 56 has taken a fork
1586 161 is sleeping
1587 46 has taken a fork
1587 163 is sleeping
1587 71 has taken a fork
1587 175 is sleeping
1587 64 has taken a fork
1588 167 is sleeping
1588 50 has taken a fork
1589 173 is sleeping
1589 154 is sleeping
1589 156 is sleeping
1590 42 is eating
1590 69 has taken a fork
1590 66 has taken a fork
1590 68 has taken a fork
1590 77 is thinking
1590 39 is eating
1591 55 is eating
1591 72 is thinking
1591 74 is thinking
1591 81 is thinking
1591 70 is thinking
1591 75 is thinking
1591 28 has taken a fork
1592 53 has taken a fork
1592 40 has taken a fork
1592 48 is eating
1592 177 is sleeping
1592 79 is thinking
1592 150 is sleeping
1592 166 is sleeping
1592 78 is thinking
1593 73 is thinking
1593 51 has taken a fork
1593 61 has taken a fork
1594 183 is sleeping
1594 58 has taken a fork
1594 179 is sleeping
1594 171 is sleeping
1594 52 has taken a fork
1594 44 is eating
1594 87 is thinking
1595 80 is thinking
1595 85 is thinking
1595 57 has taken a fork
1595 76 is thinking
1596 84 is thinking
1596 63 has taken a fork
1597 54 has taken a fork
1597 65 has taken a fork
1597 97 is thinking
1597 91 is thinking
1597 82 is thinking
1597 59 has taken a fork
1597 60 has taken a fork
1598 89 is thinking
1598 67 has taken a fork
1598 92 is thinking
1599 43 is eating
1599 62 has taken a fork
1599 174 is sleeping
1599 88 is thinking
1599 95 is thinking
1600 56 has taken a fork
1600 46 has taken a fork
1600 86 is thinking
1600 90 is thinking
1600 71 has taken a fork
1600 64 has taken a fork
1600 83 is thinking
1600 99 is thinking
1600 94 is thinking
1601 50 has taken a fork
1601 172 is sleeping
1601 69 has taken a fork
1601 66 has taken a fork
1602 68 has taken a fork
1602 77 has taken a fork
1602 72 has taken a fork
1602 74 has taken a fork
1603 81 has taken a fork
1603 70 has taken a fork
1604 75 has taken a fork
1604 28 is eating
1605 53 is eating
1605 40 is eating
1605 79 has taken a fork
1606 78 has taken a fork
1606 51 is eating
1606 61 is eating
1606 58 is eating
1607 105 is thinking
1607 52 is eating
1608 98 is thinking
1608 57 is eating
1608 63 is eating
1609 54 is eating
1609 65 is eating
1609 59 is eating
1609 60 is eating
1610 67 is eating
1610 62 is eating
1610 178 is sleeping
1610 56 is eating
1610 46 is eating
1611 71 is eating
1611 64 is eating
1611 73 has taken a fork
1612 50 is eating
1612 69 is eating
1612 66 is eating
1612 100 is thinking
1612 68 is eating
1612 93 is thinking
1612 96 is thinking
1613 103 is thinking
1613 77 has taken a fork
1613 72 has taken a fork
1613 74 has taken a fork
1613 170 is sleeping
1613 81 has taken a fork
1613 87 has taken a fork
1613 70 has taken a fork
1613 180 is sleeping
1614 80 has taken a fork
1614 176 is sleeping
1614 184 is sleeping
1614 75 has taken a fork
1614 182 is sleeping
1614 85 has taken a fork
1614 76 has taken a fork
1614 84 has taken a fork
1614 181 is sleeping
1614 97 has taken a fork
1614 79 has taken a fork
1614 190 is sleeping
1614 185 is sleeping
1614 78 has taken a fork
1614 82 has taken a fork
1614 186 is sleeping
1615 91 has taken a fork
1615 89 has taken a fork
1615 193 is sleeping
1615 92 has taken a fork
1616 101 is thinking
1616 102 is thinking
1616 191 is sleeping
1616 188 is sleeping
1616 187 is sleeping
1616 95 has taken a fork
1616 88 has taken a fork
1616 86 has taken a fork
1616 195 is sleeping
1617 104 is thinking
1617 192 is sleeping
1617 107 is thinking
1617 189 is sleeping
1617 196 is sleeping
1617 111 is thinking
1617 106 is thinking
1618 90 has taken a fork
1618 99 has taken a fork
1618 94 has taken a fork
1618 108 is thinking
1618 115 is thinking
1618 197 is sleeping
1618 105 has taken a fork
1618 83 has taken a fork
1618 198 is sleeping
1619 98 has taken a fork
1620 3 is sleeping
1620 110 is thinking
1620 194 is sleeping
1620 109 is thinking
1620 121 is thinking
1620 73 has taken a fork
1621 119 is thinking
1621 114 is thinking
1621 100 has taken a fork
1621 93 has taken a fork
1621 117 is thinking
1621 7 is sleeping
1621 96 has taken a fork
1622 112 is thinking
1622 77 is eating
1622 72 is eating
1622 74 is eating
1623 81 is eating
1623 87 has taken a fork
1624 70 is eating
1624 120 is thinking
1624 5 is sleeping
1624 80 has taken a fork
1625 103 has taken a fork
1625 122 is thinking
1625 1 is sleeping
1625 75 is eating
1625 85 has taken a fork
1626 76 has taken a fork
1626 84 has taken a fork
1626 97 has taken a fork
1626 79 is eating
1626 78 is eating
1626 82 has taken a fork
1626 128 is thinking
1626 124 is thinking
1626 91 has taken a fork
1626 129 is thinking
1626 113 is thinking
1626 137 is thinking
1626 116 is thinking
1627 89 has taken a fork
1627 118 is thinking
1627 92 has taken a fork
1628 123 is thinking
1628 127 is thinking
1628 21 is sleeping
1628 101 has taken a fork
1629 132 is thinking
1629 13 is sleeping
1629 102 has taken a fork
1629 153 is thinking
1630 125 is thinking
1630 95 has taken a fork
1630 88 has taken a fork
1630 86 has taken a fork
1631 104 has taken a fork
1631 90 has taken a fork
1631 15 is sleeping
1631 107 has taken a fork
1631 99 has taken a fork
1631 94 has taken a fork
1631 105 has taken a fork
1631 83 has taken a fork
1631 6 is sleeping
1632 11 is sleeping
1632 106 has taken a fork
1632 111 has taken a fork
1634 98 has taken a fork
1634 73 is eating
1634 9 is sleeping
1636 100 has taken a fork
1636 108 has taken a fork
1637 93 has taken a fork
1637 96 has taken a fork
1637 2 is sleeping
1637 115 has taken a fork
1638 87 is eating
1638 80 is eating
1638 103 has taken a fork
1638 85 is eating
1638 76 is eating
1638 84 is eating
1638 82 is eating
1638 97 is eating
1638 91 is eating
1638 89 is eating
1639 92 is eating
1639 101 has taken a fork
1639 102 has taken a fork
1639 19 is sleeping
1639 110 has taken a fork
1639 95 is eating
1639 88 is eating
1640 86 is eating
1640 4 is sleeping
1640 109 has taken a fork
1640 104 has taken a fork
1640 90 is eating
1640 107 has taken a fork
1641 99 is eating
1641 94 is eating
1641 105 is eating
1641 83 is eating
1642 106 has taken a fork
1642 18 is sleeping
1642 111 has taken a fork
1642 121 has taken a fork
1642 98 is eating
1642 131 is thinking
1643 100 is eating
1646 25 is sleeping
1646 144 is thinking
1647 141 is thinking
1647 119 has taken a fork
1647 108 has taken a fork
1648 16 is sleeping
1648 130 is thinking
1648 93 is eating
1648 27 is sleeping
1648 96 is eating
1648 117 has taken a fork
1648 114 has taken a fork
1648 115 has taken a fork
1649 35 is sleeping
1649 112 has taken a fork
1649 103 is eating
1649 134 is thinking
1650 126 is thinking
1650 14 is sleeping
1650 10 is sleeping
1650 122 has taken a fork
1651 120 has taken a fork
1651 101 is eating
1651 102 is eating
1651 110 has taken a fork
1651 33 is sleeping
1651 12 is sleeping
1651 124 has taken a fork
1651 128 has taken a fork
1651 109 has taken a fork
1652 135 is thinking
1652 147 is thinking
1652 133 is thinking
1652 104 is eating
1652 107 is eating
1652 17 is sleeping
1653 129 has taken a fork
1653 136 is thinking
1653 106 is eating
1654 111 is eating
1654 121 has taken a fork
1654 45 is sleeping
1655 113 has taken a fork
1655 139 is thinking
1655 31 is sleeping
1655 137 has taken a fork
1655 138 is thinking
1655 8 is sleeping
1655 116 has taken a fork
1655 49 is sleeping
1655 118 has taken a fork
1655 26 is sleeping
1656 20 is sleeping
1656 29 is sleeping
1656 123 has taken a fork
1656 127 has taken a fork
1656 132 has taken a fork
1656 23 is sleeping
1656 22 is sleeping
1656 151 is thinking
1657 125 has taken a fork
1657 153 has taken a fork
1658 119 has taken a fork
1658 108 is eating
1659 117 has taken a fork
1659 114 has taken a fork
1659 115 is eating
1660 41 is sleeping
1660 131 has taken a fork
1660 112 has taken a fork
1660 24 is sleeping
1660 32 is sleeping
1660 141 has taken a fork
1660 122 has taken a fork
1660 144 has taken a fork
1660 120 has taken a fork
1661 110 is eating
1661 124 has taken a fork
1662 128 has taken a fork
1662 109 is eating
1662 30 is sleeping
1662 130 has taken a fork
1662 36 is sleeping
1662 134 has taken a fork
1662 47 is sleeping
1662 126 has taken a fork
1662 129 has taken a fork
1662 38 is sleeping
1663 135 has taken a fork
1663 34 is sleeping
1663 37 is sleeping
1663 133 has taken a fork
1663 147 has taken a fork
1664 121 is eating
1664 113 has taken a fork
1665 137 has taken a fork
1665 116 has taken a fork
1665 118 has taken a fork
1665 123 has taken a fork
1665 127 has taken a fork
1666 132 has taken a fork
1666 42 is sleeping
1666 125 has taken a fork
1666 136 has taken a fork
1666 153 has taken a fork
1666 39 is sleeping
1666 119 is eating
1666 139 has taken a fork
1667 117 is eating
1667 55 is sleeping
1667 138 has taken a fork
1668 114 is eating
1668 131 has taken a fork
1668 112 is eating
1668 141 has taken a fork
1669 122 is eating
1669 144 has taken a fork
1669 120 is eating
1669 146 is thinking
1669 124 is eating
1670 128 is eating
1670 130 has taken a fork
1671 134 has taken a fork
1672 48 is sleeping
1672 151 has taken a fork
1672 126 has taken a fork
1672 129 is eating
1672 135 has taken a fork
1673 133 has taken a fork
1674 147 has taken a fork
1674 113 is eating
1674 44 is sleeping
1675 137 is eating
1675 116 is eating
1675 118 is eating
1675 123 is eating
1676 127 is eating
1676 132 is eating
1677 125 is eating
1678 136 has taken a fork
1678 153 is eating
1680 139 has taken a fork
1680 138 has taken a fork
1681 131 is eating
1681 43 is sleeping
1681 142 is thinking
1681 141 is eating
1682 144 is eating
1682 146 has taken a fork
1683 130 is eating
1684 134 is eating
1684 151 has taken a fork
1684 126 is eating
1685 135 is eating
1685 133 is eating
1685 147 is eating
1686 145 is thinking
1687 143 is thinking
1687 40 is sleeping
1687 149 is thinking
1687 53 is sleeping
1688 28 is sleeping
1688 136 is eating
1688 140 is thinking
1688 159 is thinking
1688 139 is eating
1688 160 is thinking
1688 152 is thinking
1688 138 is eating
1688 164 is thinking
1688 155 is thinking
1688 142 has taken a fork
1689 51 is sleeping
1689 169 is thinking
1689 148 is thinking
1689 146 has taken a fork
1689 61 is sleeping
1689 165 is thinking
1689 157 is thinking
1689 158 is thinking
1689 52 is sleeping
1689 58 is sleeping
1689 151 is eating
1689 168 is thinking
1689 63 is sleeping
1689 57 is sleeping
1689 161 is thinking
1689 145 has taken a fork
1689 162 is thinking
1689 163 is thinking
1689 65 is sleeping
1689 54 is sleeping
1689 175 is thinking
1689 143 has taken a fork
1689 149 has taken a fork
1689 167 is thinking
1689 59 is sleeping
1690 140 has taken a fork
1690 159 has taken a fork
1690 160 has taken a fork
1690 152 has taken a fork
1690 164 has taken a fork
1690 155 has taken a fork
1690 142 has taken a fork
1690 173 is thinking
1690 156 is thinking
1690 169 has taken a fork
1690 148 has taken a fork
1690 146 is eating
1690 165 has taken a fork
1690 145 has taken a fork
1690 143 has taken a fork
1690 157 has taken a fork
1690 149 has taken a fork
1690 60 is sleeping
1690 67 is sleeping
1690 158 has taken a fork
1690 140 has taken a fork
1690 62 is sleeping
1690 159 has taken a fork
1690 168 has taken a fork
1691 160 has taken a fork
1691 152 has taken a fork
1691 164 has taken a fork
1691 155 has taken a fork
1692 142 is eating
1692 169 has taken a fork
1692 148 has taken a fork
1692 165 has taken a fork
1693 145 is eating
1694 143 is eating
1694 157 has taken a fork
1695 149 is eating
1695 158 has taken a fork
1695 140 is eating
1696 159 is eating
1696 168 has taken a fork
1697 46 is sleeping
1697 161 has taken a fork
1697 56 is sleeping
1697 160 is eating
1697 162 has taken a fork
1697 154 is thinking
1697 152 is eating
1697 164 is eating
1698 155 is eating
1698 150 is thinking
1699 166 is thinking
1699 71 is sleeping
1700 163 has taken a fork
1701 169 is eating
1702 177 is thinking
1703 64 is sleeping
1703 175 has taken a fork
1704 148 is eating
1704 165 is eating
1704 179 is thinking
1704 171 is thinking
1705 68 is sleeping
1705 69 is sleeping
1707 183 is thinking
1707 173 has taken a fork
1709 157 is eating
1709 66 is sleeping
1710 167 has taken a fork
1710 158 is eating
1711 50 is sleeping
1712 156 has taken a fork
1712 168 is eating
1712 161 has taken a fork
1712 162 has taken a fork
1712 154 has taken a fork
1712 174 is thinking
1713 163 has taken a fork
1713 172 is thinking
1713 175 has taken a fork
1713 77 is sleeping
1714 150 has taken a fork
1714 81 is sleeping
1714 72 is sleeping
1714 74 is sleeping
1714 179 has taken a fork
1714 166 has taken a fork
1714 173 has taken a fork
1716 177 has taken a fork
1717 70 is sleeping
1717 75 is sleeping
1718 183 has taken a fork
1718 171 has taken a fork
1718 78 is sleeping
1718 79 is sleeping
1719 178 is thinking
1719 167 has taken a fork
1720 156 has taken a fork
1720 161 is eating
1720 162 is eating
1720 154 has taken a fork
1720 174 has taken a fork
1720 180 is thinking
1720 170 is thinking
1721 163 is eating
1721 172 has taken a fork
1722 175 is eating
1722 185 is thinking
1723 150 has taken a fork
1723 176 is thinking
1723 186 is thinking
1723 184 is thinking
1724 190 is thinking
1724 182 is thinking
1725 181 is thinking
1725 179 has taken a fork
1726 166 has taken a fork
1726 173 is eating
1726 193 is thinking
1726 191 is thinking
1726 188 is thinking
1727 187 is thinking
1727 177 has taken a fork
1727 195 is thinking
1727 73 is sleeping
1727 189 is thinking
1728 196 is thinking
1728 192 is thinking
1729 183 has taken a fork
1729 171 has taken a fork
1730 197 is thinking
1731 198 is thinking
1731 178 has taken a fork
1731 167 is eating
1731 3 is thinking
1731 194 is thinking
1731 156 is eating
1731 154 is eating
1731 174 has taken a fork
1732 84 is sleeping
1732 87 is sleeping
1732 76 is sleeping
1733 85 is sleeping
1733 170 has taken a fork
1733 80 is sleeping
1733 7 is thinking
1733 180 has taken a fork
1734 172 has taken a fork
1734 82 is sleeping
1734 91 is sleeping
1734 97 is sleeping
1734 185 has taken a fork
1734 150 is eating
1734 176 has taken a fork
1734 92 is sleeping
1734 89 is sleeping
1734 186 has taken a fork
1734 184 has taken a fork
1734 86 is sleeping
1734 88 is sleeping
1734 190 has taken a fork
1735 5 is thinking
1735 95 is sleeping
1735 182 has taken a fork
1735 105 is sleeping
1735 83 is sleeping
1735 90 is sleeping
1735 94 is sleeping
1735 99 is sleeping
1735 1 is thinking
1735 181 has taken a fork
1735 179 is eating
1735 166 is eating
1736 98 is sleeping
1737 193 has taken a fork
1738 191 has taken a fork
1738 188 has taken a fork
1739 187 has taken a fork
1739 177 is eating
1740 195 has taken a fork
1740 189 has taken a fork
1740 196 has taken a fork
1740 21 is thinking
1740 100 is sleeping
1740 192 has taken a fork
1740 13 is thinking
1740 183 is eating
1740 171 is eating
1741 93 is sleeping
1741 197 has taken a fork
1741 15 is thinking
1741 6 is thinking
1741 96 is sleeping
1741 198 has taken a fork
1741 178 has taken a fork
1741 3 has taken a fork
1741 194 has taken a fork
1741 174 is eating
1741 11 is thinking
1741 103 is sleeping
1741 170 has taken a fork
1741 7 has taken a fork
1741 180 has taken a fork
1741 102 is sleeping
1741 9 is thinking
1742 101 is sleeping
1743 172 is eating
1743 185 has taken a fork
1743 176 has taken a fork
1743 186 has taken a fork
1743 184 has taken a fork
1743 190 has taken a fork
1744 104 is sleeping
1744 5 has taken a fork
1744 182 has taken a fork
1745 1 has taken a fork
1747 181 has taken a fork
1748 107 is sleeping
1748 106 is sleeping
1748 2 is thinking
1749 111 is sleeping
1749 193 has taken a fork
1749 191 has taken a fork
1749 188 has taken a fork
1749 19 is thinking
1750 187 has taken a fork
1751 4 is thinking
1751 108 is sleeping
1751 195 has taken a fork
1751 189 has taken a fork
1752 196 has taken a fork
1752 21 has taken a fork
1752 192 has taken a fork
1752 13 has taken a fork
1753 115 is sleeping
1753 197 has taken a fork
1753 15 has taken a fork
1753 6 has taken a fork
1754 198 has taken a fork
1754 178 is eating
1754 3 has taken a fork
1754 194 has taken a fork
1755 11 has taken a fork
1755 170 is eating
1755 7 has taken a fork
1755 180 is eating
1755 9 has taken a fork
1755 18 is thinking
1755 185 is eating
1755 176 is eating
1755 186 is eating
1755 184 is eating
1755 190 is eating
1755 5 has taken a fork
1755 182 is eating
1756 110 is sleeping
1757 1 has taken a fork
1758 25 is thinking
1759 109 is sleeping
1759 181 is eating
1759 27 is thinking
1760 16 is thinking
1760 121 is sleeping
1760 2 has taken a fork
1760 35 is thinking
1760 193 is eating
1760 191 is eating
1760 188 is eating
1760 19 has taken a fork
1760 10 is thinking
1761 14 is thinking
1761 187 is eating
1761 4 has taken a fork
1761 119 is sleeping
1761 33 is thinking
1761 12 is thinking
1761 195 is eating
1761 189 is eating
1761 196 is eating
1761 117 is sleeping
1762 21 has taken a fork
1762 17 is thinking
1762 192 is eating
1762 13 has taken a fork
1763 114 is sleeping
1763 112 is sleeping
1763 197 is eating
1763 15 has taken a fork
1763 6 has taken a fork
1763 45 is thinking
1763 120 is sleeping
1763 122 is sleeping
1763 198 is eating
1763 3 is eating
1763 194 is eating
1763 26 is thinking
1763 11 has taken a fork
1763 7 is eating
1763 128 is sleeping
1764 9 has taken a fork
1764 8 is thinking
1764 18 has taken a fork
1764 124 is sleeping
1765 5 is eating
1765 31 is thinking
1765 49 is thinking
1765 22 is thinking
1766 20 is thinking
1767 23 is thinking
1767 29 is thinking
1767 129 is sleeping
1767 1 is eating
1767 25 has taken a fork
1767 113 is sleeping
1767 137 is sleeping
1767 116 is sleeping
1768 27 has taken a fork
1768 32 is thinking
1769 118 is sleeping
1769 16 has taken a fork
1769 41 is thinking
1769 24 is thinking
1770 123 is sleeping
1770 2 has taken a fork
1771 35 has taken a fork
1771 19 has taken a fork
1771 10 has taken a fork
1771 14 has taken a fork
1771 132 is sleeping
1771 127 is sleeping
1772 4 has taken a fork
1772 33 has taken a fork
1772 12 has taken a fork
1772 21 is eating
1772 125 is sleeping
1772 47 is thinking
1772 153 is sleeping
1772 30 is thinking
1773 17 has taken a fork
1773 38 is thinking
1773 36 is thinking
1774 13 is eating
1774 37 is thinking
1774 34 is thinking
1774 15 is eating
1774 6 is eating
1774 45 has taken a fork
1774 26 has taken a fork
1774 11 is eating
1775 9 is eating
1775 8 has taken a fork
1775 18 has taken a fork
1775 131 is sleeping
1775 31 has taken a fork
1776 49 has taken a fork
1776 22 has taken a fork
1776 144 is sleeping
1776 42 is thinking
1776 39 is thinking
1776 20 has taken a fork
1777 141 is sleeping
1777 23 has taken a fork
1777 55 is thinking
1777 29 has taken a fork
1777 25 has taken a fork
1778 27 has taken a fork
1778 130 is sleeping
1778 134 is sleeping
1779 32 has taken a fork
1779 126 is sleeping
1779 135 is sleeping
1779 16 has taken a fork
1779 41 has taken a fork
1779 24 has taken a fork
1779 133 is sleeping
1779 147 is sleeping
1779 2 is eating
1779 35 has taken a fork
1779 19 is eating
1779 10 has taken a fork
1779 14 has taken a fork
1779 4 is eating
1780 33 has taken a fork
1780 12 has taken a fork
1780 47 has taken a fork
1781 30 has taken a fork
1781 48 is thinking
1782 139 is sleeping
1782 17 has taken a fork
1782 136 is sleeping
1782 38 has taken a fork
1782 36 has taken a fork
1782 138 is sleeping
1782 37 has taken a fork
1782 44 is thinking
1783 34 has taken a fork
1783 45 has taken a fork
1784 26 has taken a fork
1784 8 has taken a fork
1784 18 is eating
1785 31 has taken a fork
1785 49 has taken a fork
1785 22 has taken a fork
1785 151 is sleeping
1785 42 has taken a fork
1786 39 has taken a fork
1787 20 has taken a fork
1787 23 has taken a fork
1787 55 has taken a fork
1787 29 has taken a fork
1788 25 is eating
1788 27 is eating
1788 32 has taken a fork
1788 16 is eating
1789 41 has taken a fork
1789 24 has taken a fork
1789 35 is eating
1789 10 is eating
1789 14 is eating
1789 33 is eating
1789 146 is sleeping
1789 12 is eating
1790 47 has taken a fork
1790 43 is thinking
1790 30 has taken a fork
1791 48 has taken a fork
1791 17 is eating
1791 38 has taken a fork
1791 36 has taken a fork
1792 37 has taken a fork
1792 44 has taken a fork
1792 34 has taken a fork
1792 45 is eating
1793 26 is eating
1793 8 is eating
1793 31 is eating
1794 49 is eating
1794 22 is eating
1794 42 has taken a fork
1794 39 has taken a fork
1795 53 is thinking
1795 40 is thinking
1795 20 is eating
1796 142 is sleeping
1797 23 is eating
1797 55 has taken a fork
1797 29 is eating
1797 28 is thinking
1798 32 is eating
1798 63 is thinking
1798 52 is thinking
1799 41 is eating
1799 59 is thinking
1799 58 is thinking
1802 61 is thinking
1802 24 is eating
1803 65 is thinking
1803 51 is thinking
1805 57 is thinking
1805 54 is thinking
1806 145 is sleeping
1806 47 is eating
1807 43 has taken a fork
1807 30 is eating
1807 62 is thinking
1807 60 is thinking
1807 143 is sleeping
1807 67 is thinking
1807 48 has taken a fork
1807 149 is sleeping
1807 38 is eating
1807 36 is eating
1808 140 is sleeping
1808 159 is sleeping
1808 37 is eating
1808 44 has taken a fork
1808 34 is eating
1809 155 is sleeping
1809 160 is sleeping
1809 164 is sleeping
1809 152 is sleeping
1810 42 is eating
1811 39 is eating
1811 169 is sleeping
1812 53 has taken a fork
1812 40 has taken a fork
1813 56 is thinking
1814 46 is thinking
1815 165 is sleeping
1815 148 is sleeping
1817 55 is eating
1817 28 has taken a fork
1817 63 has taken a fork
1817 52 has taken a fork
1818 71 is thinking
1818 157 is sleeping
1819 59 has taken a fork
1820 58 has taken a fork
1821 158 is sleeping
1821 168 is sleeping
1822 61 has taken a fork
1823 64 is thinking
1823 65 has taken a fork
1823 51 has taken a fork
1824 68 is thinking
1824 57 has taken a fork
1825 69 is thinking
1825 54 has taken a fork
1825 161 is sleeping
1825 162 is sleeping
1825 163 is sleeping
1826 43 has taken a fork
1826 62 has taken a fork
1826 60 has taken a fork
1826 175 is sleeping
1826 67 has taken a fork
1826 48 is eating
1826 44 is eating
1827 66 is thinking
1827 173 is sleeping
1828 50 is thinking
1828 53 has taken a fork
1828 40 has taken a fork
1829 167 is sleeping
1829 77 is thinking
1829 156 is sleeping
1829 81 is thinking
1829 74 is thinking
1829 46 has taken a fork
1832 72 is thinking
1833 154 is sleeping
1835 56 has taken a fork
1835 75 is thinking
1835 70 is thinking
1835 28 has taken a fork
1836 63 has taken a fork
1837 52 has taken a fork
1837 79 is thinking
1837 78 is thinking
1838 71 has taken a fork
1838 59 has taken a fork
1838 150 is sleeping
1838 58 has taken a fork
1838 179 is sleeping
1839 166 is sleeping
1839 61 has taken a fork
1839 64 has taken a fork
1839 65 has taken a fork
1839 51 has taken a fork
1839 183 is sleeping
1840 177 is sleeping
1840 68 has taken a fork
1841 57 has taken a fork
1841 171 is sleeping
1842 69 has taken a fork
1842 54 has taken a fork
1842 43 is eating
1843 62 has taken a fork
1843 60 has taken a fork
1843 67 has taken a fork
1843 73 is thinking
1843 66 has taken a fork
1843 50 has taken a fork
1843 172 is sleeping
1844 53 is eating
1845 174 is sleeping
1845 40 is eating
1845 77 has taken a fork
1845 81 has taken a fork
1846 74 has taken a fork
1846 46 has taken a fork
1846 84 is thinking
1846 87 is thinking
1846 76 is thinking
1847 72 has taken a fork
1848 85 is thinking
1848 80 is thinking
1848 89 is thinking
1848 97 is thinking
1848 86 is thinking
1848 91 is thinking
1848 88 is thinking
1848 95 is thinking
1849 83 is thinking
1849 90 is thinking
1849 99 is thinking
1850 105 is thinking
1850 82 is thinking
1850 92 is thinking
1850 56 has taken a fork
1851 75 has taken a fork
1851 94 is thinking
1851 70 has taken a fork
1851 28 is eating
1852 63 is eating
1852 178 is sleeping
1852 98 is thinking
1852 52 is eating
1852 79 has taken a fork
1852 78 has taken a fork
1852 71 has taken a fork
1852 180 is sleeping
1852 59 is eating
1852 58 is eating
1852 170 is sleeping
1853 186 is sleeping
1853 185 is sleeping
1853 184 is sleeping
1853 176 is sleeping
1854 61 is eating
1854 64 has taken a fork
1854 65 is eating
1854 51 is eating
1854 190 is sleeping
1855 182 is sleeping
1855 100 is thinking
1855 68 has taken a fork
1855 103 is thinking
1855 96 is thinking
1855 102 is thinking
1855 93 is thinking
1856 57 is eating
1856 181 is sleeping
1856 101 is thinking
1857 69 has taken a fork
1857 54 is eating
1857 193 is sleeping
1857 191 is sleeping
1857 188 is sleeping
1857 62 is eating
1858 60 is eating
1858 67 is eating
1858 73 has taken a fork
1858 66 has taken a fork
1858 50 has taken a fork
1858 187 is sleeping
1858 189 is sleeping
1859 104 is thinking
1859 195 is sleeping
1859 196 is sleeping
1859 192 is sleeping
1859 77 has taken a fork
1859 81 has taken a fork
1859 74 has taken a fork
1859 46 is eating
1859 84 has taken a fork
1859 87 has taken a fork
1859 76 has taken a fork
1860 198 is sleeping
1860 194 is sleeping
1861 197 is sleeping
1861 3 is sleeping
1861 72 has taken a fork
1861 107 is thinking
1861 7 is sleeping
1861 85 has taken a fork
1862 80 has taken a fork
1862 89 has taken a fork
1862 97 has taken a fork
1862 106 is thinking
1862 86 has taken a fork
1862 91 has taken a fork
1862 88 has taken a fork
1863 95 has taken a fork
1863 111 is thinking
1863 83 has taken a fork
1863 90 has taken a fork
1863 99 has taken a fork
1863 5 is sleeping
1863 105 has taken a fork
1863 82 has taken a fork
1863 92 has taken a fork
1863 56 is eating
1863 75 has taken a fork
1863 108 is thinking
1863 1 is sleeping
1863 94 has taken a fork
1864 70 has taken a fork
1864 98 has taken a fork
1864 79 has taken a fork
1864 78 has taken a fork
1864 71 is eating
1864 115 is thinking
1864 64 is eating
1864 100 has taken a fork
1864 68 is eating
1864 103 has taken a fork
1864 96 has taken a fork
1865 102 has taken a fork
1865 93 has taken a fork
1865 21 is sleeping
1865 110 is thinking
1865 101 has taken a fork
1865 13 is sleeping
1866 69 is eating
1867 6 is sleeping
1867 11 is sleeping
1867 15 is sleeping
1867 9 is sleeping
1867 73 has taken a fork
1867 66 is eating
1867 50 is eating
1867 104 has taken a fork
1868 109 is thinking
1868 77 is eating
1868 81 is eating
1868 74 is eating
1868 84 has taken a fork
1868 87 has taken a fork
1869 76 has taken a fork
1869 121 is thinking
1869 119 is thinking
1869 117 is thinking
1869 72 is eating
1869 107 has taken a fork
1870 85 has taken a fork
1870 80 has taken a fork
1870 89 has taken a fork
1870 97 has taken a fork
1870 106 has taken a fork
1870 86 has taken a fork
1870 91 has taken a fork
1870 88 has taken a fork
1870 122 is thinking
1870 112 is thinking
1870 128 is thinking
1870 120 is thinking
1870 95 has taken a fork
1870 111 has taken a fork
1871 114 is thinking
1871 83 has taken a fork
1871 90 has taken a fork
1872 99 has taken a fork
1872 105 has taken a fork
1872 82 has taken a fork
1872 92 has taken a fork
1872 75 is eating
1873 108 has taken a fork
1873 70 is eating
1873 2 is sleeping
1873 19 is sleeping
1873 94 has taken a fork
1874 124 is thinking
1874 98 has taken a fork
1874 79 is eating
1874 78 is eating
1874 115 has taken a fork
1874 100 has taken a fork
1874 103 has taken a fork
1874 96 has taken a fork
1874 4 is sleeping
1875 102 has taken a fork
1875 93 has taken a fork
1875 110 has taken a fork
1875 101 has taken a fork
1875 113 is thinking
1876 116 is thinking
1876 129 is thinking
1876 137 is thinking
1876 73 is eating
1876 104 has taken a fork
1876 109 has taken a fork
1876 84 is eating
1876 87 is eating
1876 118 is thinking
1877 76 is eating
1877 107 has taken a fork
1877 85 is eating
1877 123 is thinking
1877 18 is sleeping
1877 121 has taken a fork
1878 80 is eating
1878 89 is eating
1878 97 is eating
1878 106 has taken a fork
1878 86 is eating
1878 91 is eating
1878 88 is eating
1879 95 is eating
1879 111 has taken a fork
1879 132 is thinking
1879 127 is thinking
1879 83 is eating
1879 90 is eating
1879 153 is thinking
1879 125 is thinking
1880 99 is eating
1880 105 is eating
1880 82 is eating
1881 92 is eating
1882 108 has taken a fork
1882 25 is sleeping
1883 119 has taken a fork
1883 94 is eating
1883 16 is sleeping
1883 117 has taken a fork
1883 27 is sleeping
1883 98 is eating
1884 122 has taken a fork
1884 115 has taken a fork
1884 100 is eating
1884 103 is eating
1884 96 is eating
1884 33 is sleeping
1884 112 has taken a fork
1885 131 is thinking
1885 10 is sleeping
1885 128 has taken a fork
1885 35 is sleeping
1885 14 is sleeping
1885 120 has taken a fork
1886 102 is eating
1886 114 has taken a fork
1886 12 is sleeping
1886 124 has taken a fork
1887 93 is eating
1887 110 has taken a fork
1887 101 is eating
1887 144 is thinking
1887 104 is eating
1887 109 has taken a fork
1887 141 is thinking
1887 107 is eating
1887 17 is sleeping
1888 113 has taken a fork
1888 121 has taken a fork
1888 134 is thinking
1889 26 is sleeping
1889 45 is sleeping
1889 130 is thinking
1889 129 has taken a fork
1889 116 has taken a fork
1889 106 is eating
1889 126 is thinking
1890 147 is thinking
1890 135 is thinking
1891 133 is thinking
1892 8 is sleeping
1892 31 is sleeping
1893 111 is eating
1893 137 has taken a fork
1893 118 has taken a fork
1893 49 is sleeping
1893 22 is sleeping
1894 132 has taken a fork
1895 123 has taken a fork
1895 20 is sleeping
1895 127 has taken a fork
1895 138 is thinking
1896 29 is sleeping
1896 136 is thinking
1896 139 is thinking
1896 108 is eating
1896 153 has taken a fork
1896 23 is sleeping
1896 32 is sleeping
1897 119 has taken a fork
1898 125 has taken a fork
1898 41 is sleeping
1898 122 has taken a fork
1898 115 is eating
1899 112 has taken a fork
1899 151 is thinking
1900 117 has taken a fork
1900 131 has taken a fork
1901 128 has taken a fork
1901 120 has taken a fork
1901 24 is sleeping
1902 114 has taken a fork
1902 124 has taken a fork
1902 110 is eating
1902 144 has taken a fork
1903 109 is eating
1903 141 has taken a fork
1903 113 has taken a fork
1904 121 is eating
1904 146 is thinking
1904 129 has taken a fork
1904 47 is sleeping
1904 134 has taken a fork
1904 116 has taken a fork
1904 30 is sleeping
1904 36 is sleeping
1904 126 has taken a fork
1905 38 is sleeping
1905 130 has taken a fork
1906 147 has taken a fork
1906 37 is sleeping
1907 34 is sleeping
1907 133 has taken a fork
1908 135 has taken a fork
1908 137 has taken a fork
1909 42 is sleeping
1909 118 has taken a fork
1909 39 is sleeping
1909 132 has taken a fork
1909 123 has taken a fork
1909 127 has taken a fork
1911 138 has taken a fork
1911 142 is thinking
1911 136 has taken a fork
1912 153 has taken a fork
1912 55 is sleeping
1912 139 has taken a fork
1913 119 is eating
1914 125 has taken a fork
1914 122 is eating
1915 112 is eating
1915 117 is eating
1915 131 has taken a fork
1915 120 is eating
1915 114 is eating
1915 124 is eating
1915 128 is eating
1915 144 has taken a fork
1915 141 has taken a fork
1916 113 is eating
1916 48 is sleeping
1916 44 is sleeping
1916 146 has taken a fork
1916 129 is eating
1916 151 has taken a fork
1916 134 has taken a fork
1916 116 is eating
1916 126 has taken a fork
1916 130 has taken a fork
1916 145 is thinking
1917 147 has taken a fork
1918 143 is thinking
1918 149 is thinking
1919 133 has taken a fork
1919 140 is thinking
1920 159 is thinking
1920 135 has taken a fork
1920 137 is eating
1920 164 is thinking
1920 160 is thinking
1920 155 is thinking
1920 118 is eating
1920 152 is thinking
1921 132 is eating
1922 123 is eating
1923 127 is eating
1926 138 has taken a fork
1927 169 is thinking
1928 136 has taken a fork
1929 153 is eating
1929 139 has taken a fork
1931 125 is eating
1931 165 is thinking
1932 148 is thinking
1932 131 is eating
1932 144 is eating
1932 141 is eating
1932 146 has taken a fork
1932 151 has taken a fork
1933 134 is eating
1933 126 is eating
1933 130 is eating
1933 43 is sleeping
1933 142 has taken a fork
1934 147 is eating
1934 157 is thinking
1935 133 is eating
1935 40 is sleeping
1937 135 is eating
1937 53 is sleeping
1937 145 has taken a fork
1937 143 has taken a fork
1937 158 is thinking
1937 168 is thinking
1938 28 is sleeping
1938 63 is sleeping
1938 161 is thinking
1938 52 is sleeping
1938 162 is thinking
1939 140 has taken a fork
1939 175 is thinking
1940 58 is sleeping
1940 149 has taken a fork
1940 159 has taken a fork
1943 138 is eating
1946 163 is thinking
1946 59 is sleeping
1947 160 has taken a fork
1947 164 has taken a fork
1947 173 is thinking
1947 61 is sleeping
1948 136 is eating
1949 51 is sleeping
1949 156 is thinking
1949 155 has taken a fork
1949 167 is thinking
1949 65 is sleeping
1949 152 has taken a fork
1950 139 is eating
1950 169 has taken a fork
1950 54 is sleeping
1951 57 is sleeping
1951 165 has taken a fork
1951 62 is sleeping
1952 148 has taken a fork
1952 146 is eating
1952 151 is eating
1952 154 is thinking
1952 67 is sleeping
1953 60 is sleeping
1953 142 has taken a fork
1953 157 has taken a fork
1953 46 is sleeping
1954 145 has taken a fork
1954 143 has taken a fork
1954 158 has taken a fork
1954 168 has taken a fork
1955 150 is thinking
1955 179 is thinking
1955 161 has taken a fork
1955 166 is thinking
1956 140 has taken a fork
1956 183 is thinking
1956 177 is thinking
1956 56 is sleeping
1956 149 has taken a fork
1956 159 has taken a fork
1956 162 has taken a fork
1957 171 is thinking
1957 71 is sleeping
1957 175 has taken a fork
1957 68 is sleeping
1957 174 is thinking
1957 64 is sleeping
1958 172 is thinking
1958 69 is sleeping
1958 163 has taken a fork
1958 160 has taken a fork
1958 66 is sleeping
1958 164 has taken a fork
1958 173 has taken a fork
1959 50 is sleeping
1959 77 is sleeping
1959 81 is sleeping
1959 156 has taken a fork
1959 74 is sleeping
1960 155 has taken a fork
1960 167 has taken a fork
1960 152 has taken a fork
1960 169 has taken a fork
1960 72 is sleeping
1961 165 has taken a fork
1961 148 has taken a fork
1961 180 is thinking
1961 170 is thinking
1961 178 is thinking
1962 154 has taken a fork
1962 176 is thinking
1962 185 is thinking
1962 142 is eating
1962 157 has taken a fork
1962 186 is thinking
1962 184 is thinking
1962 70 is sleeping
1962 145 is eating
1962 143 is eating
1962 158 has taken a fork
1962 168 has taken a fork
1962 150 has taken a fork
1962 190 is thinking
1962 182 is thinking
1962 179 has taken a fork
1963 161 has taken a fork
1963 166 has taken a fork
1963 79 is sleeping
1963 78 is sleeping
1963 140 is eating
1963 183 has taken a fork
1964 177 has taken a fork
1964 149 is eating
1964 159 is eating
1964 162 has taken a fork
1964 171 has taken a fork
1964 191 is thinking
1964 188 is thinking
1966 75 is sleeping
1966 175 has taken a fork
1967 181 is thinking
1967 193 is thinking
1967 174 has taken a fork
1967 172 has taken a fork
1967 163 has taken a fork
1967 160 is eating
1967 189 is thinking
1967 164 is eating
1968 173 has taken a fork
1968 196 is thinking
1968 195 is thinking
1968 192 is thinking
1968 156 has taken a fork
1968 187 is thinking
1969 73 is sleeping
1970 155 is eating
1970 194 is thinking
1970 198 is thinking
1970 167 has taken a fork
1970 152 is eating
1970 169 is eating
1970 84 is sleeping
1971 165 is eating
1971 3 is thinking
1971 148 is eating
1971 180 has taken a fork
1971 197 is thinking
1971 7 is thinking
1972 170 has taken a fork
1972 87 is sleeping
1972 154 has taken a fork
1972 157 is eating
1972 158 is eating
1972 168 is eating
1972 150 has taken a fork
1972 179 has taken a fork
1972 76 is sleeping
1973 178 has taken a fork
1973 161 is eating
1973 5 is thinking
1973 1 is thinking
1973 176 has taken a fork
1973 97 is sleeping
1973 185 has taken a fork
1973 166 has taken a fork
1973 85 is sleeping
1973 186 has taken a fork
1973 89 is sleeping
1973 86 is sleeping
1973 80 is sleeping
1973 88 is sleeping
1973 91 is sleeping
1973 190 has taken a fork
1973 182 has taken a fork
1973 184 has taken a fork
1973 183 has taken a fork
1973 177 has taken a fork
1973 95 is sleeping
1973 90 is sleeping
1973 83 is sleeping
1974 162 is eating
1974 171 has taken a fork
1974 191 has taken a fork
1974 188 has taken a fork
1974 99 is sleeping
1974 105 is sleeping
1975 13 is thinking
1975 82 is sleeping
1976 21 is thinking
1976 92 is sleeping
1977 175 is eating
1977 94 is sleeping
1977 181 has taken a fork
1977 6 is thinking
1977 15 is thinking
1977 9 is thinking
1978 11 is thinking
1978 174 has taken a fork
1978 172 has taken a fork
1978 163 is eating
1979 189 has taken a fork
1979 193 has taken a fork
1980 98 is sleeping
1980 173 is eating
1980 196 has taken a fork
1980 195 has taken a fork
1981 192 has taken a fork
1981 187 has taken a fork
1981 156 is eating
1981 100 is sleeping
1981 103 is sleeping
1981 194 has taken a fork
1981 96 is sleeping
1981 198 has taken a fork
1981 167 is eating
1982 3 has taken a fork
1982 102 is sleeping
1982 180 has taken a fork
1982 197 has taken a fork
1982 7 has taken a fork
1982 101 is sleeping
1982 170 has taken a fork
1982 93 is sleeping
1982 154 is eating
1982 150 is eating
1982 179 is eating
1982 19 is thinking
1982 104 is sleeping
1982 2 is thinking
1983 178 has taken a fork
1984 5 has taken a fork
1984 1 has taken a fork
1984 176 has taken a fork
1984 185 has taken a fork
1984 166 is eating
1984 186 has taken a fork
1984 190 has taken a fork
1984 182 has taken a fork
1984 184 has taken a fork
1985 183 is eating
1985 177 is eating
1985 4 is thinking
1986 107 is sleeping
1987 171 is eating
1987 191 has taken a fork
1987 188 has taken a fork
1987 13 has taken a fork
1988 106 is sleeping
1988 21 has taken a fork
1989 18 is thinking
1989 181 has taken a fork
1989 6 has taken a fork
1990 15 has taken a fork
1990 174 is eating
1990 172 is eating
1991 111 is sleeping
1991 9 has taken a fork
1991 189 has taken a fork
1991 193 has taken a fork
1991 108 is sleeping
1991 11 has taken a fork
1992 196 has taken a fork
1992 195 has taken a fork
1992 115 is sleeping
1992 192 has taken a fork
1993 187 has taken a fork
1993 194 has taken a fork
1993 198 has taken a fork
1993 3 has taken a fork
1993 180 is eating
1993 197 has taken a fork
1993 7 has taken a fork
1994 170 is eating
1994 25 is thinking
1994 19 has taken a fork
1994 16 is thinking
1994 27 is thinking
1996 178 is eating
1996 33 is thinking
1997 5 has taken a fork
1997 1 has taken a fork
1997 176 is eating
1997 110 is sleeping
1997 185 is eating
1997 2 has taken a fork
1998 186 is eating
1998 190 is eating
1998 182 is eating
1998 184 is eating
1998 10 is thinking
1999 35 is thinking
1999 14 is thinking
1999 12 is thinking
1999 109 is sleeping
1999 4 has taken a fork
1999 17 is thinking
1999 191 is eating
1999 188 is eating
2000 121 is sleeping
2000 13 has taken a fork
2001 21 has taken a fork
2001 26 is thinking
2002 45 is thinking
2002 18 has taken a fork
2003 181 is eating
2003 6 has taken a fork
2003 15 has taken a fork
2004 9 has taken a fork
2004 189 is eating
2004 193 is eating
2004 11 has taken a fork
2004 31 is thinking
2005 196 is eating
2005 8 is thinking
2005 195 is eating
2005 192 is eating
2005 49 is thinking
2005 22 is thinking
2005 187 is eating
2005 194 is eating
2005 198 is eating
2006 3 is eating
2006 197 is eating
2006 7 is eating
2006 119 is sleeping
2006 122 is sleeping
2006 25 has taken a fork
2006 19 has taken a fork
2006 16 has taken a fork
2007 114 is sleeping
2007 120 is sleeping
2007 27 has taken a fork
2007 20 is thinking
2008 124 is sleeping
2008 29 is thinking
2008 32 is thinking
2008 23 is thinking
2008 117 is sleeping
2008 112 is sleeping
2008 128 is sleeping
2008 33 has taken a fork
2008 5 is eating
2008 113 is sleeping
2009 116 is sleeping
2009 129 is sleeping
2009 1 is eating
2009 2 has taken a fork
2009 41 is thinking
2010 10 has taken a fork
2010 35 has taken a fork
2010 14 has taken a fork
2010 12 has taken a fork
2010 4 has taken a fork
2010 17 has taken a fork
2011 118 is sleeping
2011 137 is sleeping
2011 13 is eating
2011 24 is thinking
2011 123 is sleeping
2012 132 is sleeping
2012 21 is eating
2012 26 has taken a fork
2012 127 is sleeping
2012 45 has taken a fork
2012 18 has taken a fork
2012 6 is eating
2012 15 is eating
2012 36 is thinking
2012 47 is thinking
2012 9 is eating
2012 11 is eating
2013 30 is thinking
2013 31 has taken a fork
2013 38 is thinking
2013 8 has taken a fork
2013 49 has taken a fork
2013 22 has taken a fork
2013 153 is sleeping
2014 37 is thinking
2014 25 has taken a fork
2014 19 is eating
2014 34 is thinking
2014 16 has taken a fork
2014 125 is sleeping
2014 27 has taken a fork
2014 20 has taken a fork
2015 29 has taken a fork
2015 32 has taken a fork
2015 33 has taken a fork
2015 42 is thinking
2015 131 is sleeping
2015 39 is thinking
2015 2 is eating
2015 23 has taken a fork
2015 141 is sleeping
2016 10 has taken a fork
2016 144 is sleeping
2016 41 has taken a fork
2016 35 has taken a fork
2016 14 has taken a fork
2016 12 has taken a fork
2016 4 is eating
2016 17 has taken a fork
2017 134 is sleeping
2017 24 has taken a fork
2017 130 is sleeping
2017 26 has taken a fork
2017 55 is thinking
2018 147 is sleeping
2018 126 is sleeping
2018 45 has taken a fork
2018 18 is eating
2019 36 has taken a fork
2019 47 has taken a fork
2020 30 has taken a fork
2020 31 has taken a fork
2020 38 has taken a fork
2020 8 has taken a fork
2021 49 has taken a fork
2021 22 has taken a fork
2021 133 is sleeping
2022 37 has taken a fork
2022 25 is eating
2023 16 is eating
2023 27 is eating
2023 20 has taken a fork
2023 29 has taken a fork
2024 32 has taken a fork
2024 33 is eating
2024 23 has taken a fork
2024 135 is sleeping
2024 34 has taken a fork
2024 10 is eating
2024 41 has taken a fork
2024 35 is eating
2024 14 is eating
2024 12 is eating
2024 44 is thinking
2025 48 is thinking
2025 17 is eating
2026 24 has taken a fork
2026 26 is eating
2027 45 is eating
2027 36 has taken a fork
2027 47 has taken a fork
2028 138 is sleeping
2028 30 has taken a fork
2029 31 is eating
2029 42 has taken a fork
2029 38 has taken a fork
2029 8 is eating
2029 49 is eating
2029 22 is eating
2029 136 is sleeping
2029 37 has taken a fork
2029 39 has taken a fork
2030 20 is eating
2030 29 is eating
2030 32 is eating
2030 23 is eating
2030 34 has taken a fork
2030 139 is sleeping
2031 55 has taken a fork
2031 41 is eating
2031 24 is eating
2031 36 is eating
2031 47 is eating
2032 151 is sleeping
2032 44 has taken a fork
2032 30 is eating
2033 146 is sleeping
2034 42 has taken a fork
2034 38 is eating
2035 48 has taken a fork
2035 37 is eating
2035 39 has taken a fork
2036 34 is eating
2036 55 has taken a fork
2036 44 has taken a fork
2036 43 is thinking
2036 42 is eating
2037 40 is thinking
2037 48 has taken a fork
2037 39 is eating
2038 55 is eating
2038 44 is eating
2040 48 is eating
2041 53 is thinking
2041 28 is thinking
2041 63 is thinking
2041 52 is thinking
2041 58 is thinking
2041 142 is sleeping
2042 43 has taken a fork
2042 143 is sleeping
2042 145 is sleeping
2042 53 has taken a fork
2043 40 has taken a fork
2043 43 has taken a fork
2043 53 has taken a fork
2043 40 has taken a fork
2043 43 is eating
2043 53 is eating
2043 40 is eating
2045 159 is sleeping
2045 28 has taken a fork
2045 140 is sleeping
2045 28 has taken a fork
2045 63 has taken a fork
2046 149 is sleeping
2047 28 is eating
2047 52 has taken a fork
2047 63 has taken a fork
2047 59 is thinking
2048 160 is sleeping
2048 164 is sleeping
2048 52 has taken a fork
2048 61 is thinking
2048 58 has taken a fork
2049 63 is eating
2049 59 has taken a fork
2049 52 is eating
2049 58 has taken a fork
2049 65 is thinking
2050 51 is thinking
2050 59 has taken a fork
2050 58 is eating
2050 54 is thinking
2050 169 is sleeping
2051 61 has taken a fork
2051 59 is eating
2051 152 is sleeping
2051 65 has taken a fork
2052 155 is sleeping
2052 51 has taken a fork
2052 165 is sleeping
2052 57 is thinking
2052 61 has taken a fork
2053 54 has taken a fork
2053 65 has taken a fork
2054 62 is thinking
2055 67 is thinking
2055 51 has taken a fork
2056 148 is sleeping
2056 57 has taken a fork
2057 61 is eating
2057 46 is thinking
2057 60 is thinking
2058 54 has taken a fork
2058 65 is eating
2058 157 is sleeping
2059 62 has taken a fork
2060 158 is sleeping
2060 67 has taken a fork
2060 168 is sleeping
2060 51 is eating
2061 161 is sleeping
2061 56 is thinking
2061 57 has taken a fork
2061 64 is thinking
2062 46 has taken a fork
2062 71 is thinking
2062 60 has taken a fork
2063 68 is thinking
2063 54 is eating
2063 66 is thinking
2063 162 is sleeping
2063 175 is sleeping
2063 50 is thinking
2063 81 is thinking
2064 74 is thinking
2065 77 is thinking
2065 69 is thinking
2067 62 has taken a fork
2069 72 is thinking
2069 67 has taken a fork
2070 56 has taken a fork
2070 57 is eating
2070 64 has taken a fork
2070 70 is thinking
2070 163 is sleeping
2070 46 has taken a fork
2070 71 has taken a fork
2071 60 has taken a fork
2071 78 is thinking
2071 79 is thinking
2071 173 is sleeping
2072 156 is sleeping
2072 167 is sleeping
2072 50 has taken a fork
2072 66 has taken a fork
2073 68 has taken a fork
2073 75 is thinking
2074 62 is eating
2076 154 is sleeping
2076 81 has taken a fork
2076 73 is thinking
2076 179 is sleeping
2076 150 is sleeping
2076 77 has taken a fork
2077 74 has taken a fork
2077 67 is eating
2077 56 has taken a fork
2077 64 has taken a fork
2077 46 is eating
2077 166 is sleeping
2077 71 has taken a fork
2077 84 is thinking
2077 177 is sleeping
2077 60 is eating
2077 171 is sleeping
2077 76 is thinking
2077 87 is thinking
2077 70 has taken a fork
2077 50 has taken a fork
2077 66 has taken a fork
2077 69 has taken a fork
2078 183 is sleeping
2078 72 has taken a fork
2078 83 is thinking
2078 95 is thinking
2078 80 is thinking
2079 90 is thinking
2079 86 is thinking
2079 89 is thinking
2079 97 is thinking
2079 88 is thinking
2079 85 is thinking
2079 78 has taken a fork
2080 91 is thinking
2080 68 has taken a fork
2080 172 is sleeping
2080 79 has taken a fork
2080 99 is thinking
2080 105 is thinking
2080 174 is sleeping
2080 75 has taken a fork
2080 82 is thinking
2080 81 has taken a fork
2081 77 has taken a fork
2082 74 has taken a fork
2082 56 is eating
2082 64 is eating
2082 71 is eating
2082 92 is thinking
2082 70 has taken a fork
2082 50 is eating
2082 180 is sleeping
2083 94 is thinking
2083 66 is eating
2084 69 has taken a fork
2085 73 has taken a fork
2085 170 is sleeping
2085 84 has taken a fork
2086 72 has taken a fork
2086 178 is sleeping
2086 76 has taken a fork
2087 78 has taken a fork
2087 98 is thinking
2087 176 is sleeping
2087 68 is eating
2087 87 has taken a fork
2089 79 has taken a fork
2089 185 is sleeping
2089 83 has taken a fork
2089 75 has taken a fork
2089 103 is thinking
2089 186 is sleeping
2089 100 is thinking
2090 81 is eating
2090 184 is sleeping
2091 80 has taken a fork
2091 190 is sleeping
2091 96 is thinking
2091 182 is sleeping
2091 90 has taken a fork
2092 95 has taken a fork
2092 188 is sleeping
2093 86 has taken a fork
2093 101 is thinking
2093 74 is eating
2093 191 is sleeping
2094 77 is eating
2094 93 is thinking
2094 97 has taken a fork
2094 104 is thinking
2094 89 has taken a fork
2094 102 is thinking
2094 70 is eating
2095 69 is eating
2095 181 is sleeping
2095 88 has taken a fork
2096 73 has taken a fork
2096 84 has taken a fork
2096 85 has taken a fork
2096 193 is sleeping
2096 189 is sleeping
2096 107 is thinking
2096 91 has taken a fork
2097 72 is eating
2097 76 has taken a fork
2098 187 is sleeping
2098 195 is sleeping
2098 196 is sleeping
2099 105 has taken a fork
2099 78 is eating
2099 82 has taken a fork
2099 192 is sleeping
2099 99 has taken a fork
2099 92 has taken a fork
2100 87 has taken a fork
2100 198 is sleeping
2101 94 has taken a fork
2101 194 is sleeping
2101 106 is thinking
2102 98 has taken a fork
2102 79 is eating
2102 197 is sleeping
2102 3 is sleeping
2103 7 is sleeping
2103 83 has taken a fork
2103 75 is eating
2103 103 has taken a fork
2104 100 has taken a fork
2104 1 is sleeping
2104 80 has taken a fork
2104 108 is thinking
2105 111 is thinking
2105 5 is sleeping
2105 96 has taken a fork
2105 90 has taken a fork
2105 95 has taken a fork
2105 13 is sleeping
2106 115 is thinking
2106 86 has taken a fork
2106 101 has taken a fork
2106 93 has taken a fork
2107 97 has taken a fork
2107 104 has taken a fork
2107 89 has taken a fork
2108 21 is sleeping
2108 102 has taken a fork
2108 15 is sleeping
2108 6 is sleeping
2108 9 is sleeping
2108 88 has taken a fork
2109 73 is eating
2109 11 is sleeping
2109 84 is eating
2109 85 has taken a fork
2109 107 has taken a fork
2109 91 has taken a fork
2109 110 is thinking
2110 76 is eating
2110 19 is sleeping
2110 105 has taken a fork
2110 109 is thinking
2110 82 has taken a fork
2110 99 has taken a fork
2110 92 has taken a fork
2110 87 is eating
2110 121 is thinking
2110 2 is sleeping
2111 4 is sleeping
2111 94 has taken a fork
2111 106 has taken a fork
2111 98 has taken a fork
2111 83 is eating
2111 103 has taken a fork
2111 100 has taken a fork
2111 18 is sleeping
2111 80 is eating
2112 108 has taken a fork
2112 111 has taken a fork
2112 96 has taken a fork
2112 90 is eating
2112 95 is eating
2112 115 has taken a fork
2112 86 is eating
2112 119 is thinking
2112 122 is thinking
2113 101 has taken a fork
2113 93 has taken a fork
2113 114 is thinking
2113 97 is eating
2113 104 has taken a fork
2113 89 is eating
2113 112 is thinking
2113 117 is thinking
2113 113 is thinking
2113 128 is thinking
2113 25 is sleeping
2114 124 is thinking
2114 120 is thinking
2114 102 has taken a fork
2114 88 is eating
2114 116 is thinking
2114 27 is sleeping
2114 129 is thinking
2114 16 is sleeping
2114 85 is eating
2114 107 has taken a fork
2114 91 is eating
2114 110 has taken a fork
2115 105 is eating
2115 109 has taken a fork
2115 82 is eating
2115 99 is eating
2116 92 is eating
2116 121 has taken a fork
2116 137 is thinking
2116 10 is sleeping
2117 123 is thinking
2117 33 is sleeping
2117 118 is thinking
2117 94 is eating
2117 106 has taken a fork
2117 98 is eating
2117 103 is eating
2118 100 is eating
2118 14 is sleeping
2119 17 is sleeping
2119 127 is thinking
2119 35 is sleeping
2119 108 has taken a fork
2119 111 has taken a fork
2120 96 is eating
2120 132 is thinking
2120 12 is sleeping
2121 115 has taken a fork
2122 119 has taken a fork
2122 122 has taken a fork
2122 101 is eating
2122 93 is eating
2122 114 has taken a fork
2122 104 is eating
2122 112 has taken a fork
2122 117 has taken a fork
2122 113 has taken a fork
2122 128 has taken a fork
2122 26 is sleeping
2124 125 is thinking
2124 124 has taken a fork
2124 153 is thinking
2125 120 has taken a fork
2125 102 is eating
2125 116 has taken a fork
2125 107 is eating
2126 110 has taken a fork
2126 45 is sleeping
2127 141 is thinking
2127 131 is thinking
2127 129 has taken a fork
2127 109 has taken a fork
2127 121 has taken a fork
2128 144 is thinking
2128 130 is thinking
2128 31 is sleeping
2128 22 is sleeping
2128 123 has taken a fork
2128 137 has taken a fork
2128 8 is sleeping
2128 118 has taken a fork
2128 106 is eating
2128 49 is sleeping
2128 134 is thinking
2128 126 is thinking
2128 147 is thinking
2128 20 is sleeping
2128 127 has taken a fork
2128 29 is sleeping
2129 32 is sleeping
2129 108 is eating
2129 111 is eating
2129 23 is sleeping
2129 132 has taken a fork
2129 41 is sleeping
2129 24 is sleeping
2129 115 is eating
2131 133 is thinking
2131 119 has taken a fork
2131 122 has taken a fork
2132 114 has taken a fork
2132 36 is sleeping
2132 112 has taken a fork
2132 117 has taken a fork
2132 113 has taken a fork
2132 128 has taken a fork
2132 47 is sleeping
2132 30 is sleeping
2132 125 has taken a fork
2133 135 is thinking
2134 38 is sleeping
2134 124 has taken a fork
2135 153 has taken a fork
2135 37 is sleeping
2135 120 has taken a fork
2135 116 has taken a fork
2135 110 is eating
2135 34 is sleeping
2136 141 has taken a fork
2136 131 has taken a fork
2136 129 has taken a fork
2136 109 is eating
2137 121 is eating
2138 144 has taken a fork
2139 130 has taken a fork
2139 123 has taken a fork
2139 137 has taken a fork
2139 118 has taken a fork
2140 42 is sleeping
2140 134 has taken a fork
2140 138 is thinking
2140 126 has taken a fork
2140 147 has taken a fork
2141 127 has taken a fork
2141 132 has taken a fork
2141 136 is thinking
2141 139 is thinking
2141 39 is sleeping
2141 55 is sleeping
2142 133 has taken a fork
2143 119 is eating
2143 122 is eating
2143 151 is thinking
2143 114 is eating
2143 112 is eating
2143 117 is eating
2143 113 is eating
2144 128 is eating
2144 125 has taken a fork
2144 135 has taken a fork
2144 44 is sleeping
2144 146 is thinking
2144 124 is eating
2144 153 has taken a fork
2145 120 is eating
2146 116 is eating
2146 141 has taken a fork
2146 131 has taken a fork
2146 129 is eating
2146 48 is sleeping
2146 144 has taken a fork
2146 130 has taken a fork
2146 123 is eating
2147 137 is eating
2147 118 is eating
2147 134 has taken a fork
2148 138 has taken a fork
2148 126 has taken a fork
2148 147 has taken a fork
2148 127 is eating
2148 132 is eating
2148 142 is thinking
2148 136 has taken a fork
2148 139 has taken a fork
2148 40 is sleeping
2148 145 is thinking
2148 53 is sleeping
2148 143 is thinking
2148 133 has taken a fork
2148 43 is sleeping
2148 151 has taken a fork
2148 125 is eating
2149 135 has taken a fork
2149 146 has taken a fork
2149 153 is eating
2149 140 is thinking
2150 159 is thinking
2150 149 is thinking
2150 28 is sleeping
2151 141 is eating
2151 131 is eating
2151 144 is eating
2151 130 is eating
2151 52 is sleeping
2151 63 is sleeping
2151 134 is eating
2152 160 is thinking
2152 138 has taken a fork
2152 126 is eating
2152 164 is thinking
2152 147 is eating
2152 142 has taken a fork
2153 136 has taken a fork
2153 139 has taken a fork
2153 145 has taken a fork
2153 143 has taken a fork
2153 133 is eating
2153 151 has taken a fork
2153 135 is eating
2153 59 is sleeping
2154 58 is sleeping
2154 146 has taken a fork
2154 140 has taken a fork
2154 159 has taken a fork
2154 149 has taken a fork
2154 169 is thinking
2155 152 is thinking
2155 160 has taken a fork
2155 138 is eating
2155 165 is thinking
2156 155 is thinking
2156 164 has taken a fork
2156 142 has taken a fork
2156 136 is eating
2157 139 is eating
2157 145 has taken a fork
2157 143 has taken a fork
2157 151 is eating
2157 65 is sleeping
2157 146 is eating
2157 140 has taken a fork
2158 159 has taken a fork
2158 149 has taken a fork
2158 61 is sleeping
2159 169 has taken a fork
2159 152 has taken a fork
2159 160 has taken a fork
2160 51 is sleeping
2160 165 has taken a fork
2161 148 is thinking
2161 164 has taken a fork
2161 142 is eating
2161 145 is eating
2162 143 is eating
2162 54 is sleeping
2162 155 has taken a fork
2162 140 is eating
2162 157 is thinking
2163 159 is eating
2164 149 is eating
2165 169 has taken a fork
2165 152 has taken a fork
2165 160 is eating
2166 158 is thinking
2166 165 has taken a fork
2166 57 is sleeping
2166 161 is thinking
2166 168 is thinking
2166 148 has taken a fork
2166 164 is eating
2166 155 has taken a fork
2166 162 is thinking
2168 175 is thinking
2169 62 is sleeping
2169 157 has taken a fork
2169 169 is eating
2169 152 is eating
2169 165 is eating
2170 148 has taken a fork
2170 155 is eating
2170 158 has taken a fork
2170 67 is sleeping
2170 60 is sleeping
2170 161 has taken a fork
2170 46 is sleeping
2171 168 has taken a fork
2171 157 has taken a fork
2171 163 is thinking
2171 148 is eating
2171 158 has taken a fork
2171 161 has taken a fork
2171 173 is thinking
2171 168 has taken a fork
2171 157 is eating
2171 158 is eating
2172 161 is eating
2172 168 is eating
2172 56 is sleeping
2172 167 is thinking
2173 71 is sleeping
2173 162 has taken a fork
2173 175 has taken a fork
2174 162 has taken a fork
2174 64 is sleeping
2174 156 is thinking
2174 175 has taken a fork
2174 50 is sleeping
2174 162 is eating
2175 175 is eating
2175 173 has taken a fork
2176 163 has taken a fork
2176 66 is sleeping
2177 167 has taken a fork
2177 173 has taken a fork
2177 68 is sleeping
2177 156 has taken a fork
2177 179 is thinking
2177 154 is thinking
2177 150 is thinking
2178 163 has taken a fork
2178 167 has taken a fork
2178 173 is eating
2178 156 has taken a fork
2179 166 is thinking
2179 177 is thinking
2179 171 is thinking
2179 183 is thinking
2180 163 is eating
2180 167 is eating
2180 156 is eating
2180 81 is sleeping
2180 179 has taken a fork
2180 172 is thinking
2180 174 is thinking
2180 179 has taken a fork
2180 179 is eating
2181 74 is sleeping
2181 154 has taken a fork
2181 154 has taken a fork
2181 154 is eating
2182 77 is sleeping
2182 180 is thinking
2182 150 has taken a fork
2182 150 has taken a fork
2182 150 is eating
2183 70 is sleeping
2183 166 has taken a fork
2183 166 has taken a fork
2183 166 is eating
2184 69 is sleeping
2184 177 has taken a fork
2184 177 has taken a fork
2184 177 is eating
2185 170 is thinking
2185 72 is sleeping
2185 171 has taken a fork
2185 171 has taken a fork
2185 171 is eating
2186 178 is thinking
2186 78 is sleeping
2186 183 has taken a fork
2186 183 has taken a fork
2186 183 is eating
2187 176 is thinking
2188 79 is sleeping
2189 186 is thinking
2189 172 has taken a fork
2189 172 has taken a fork
2189 172 is eating
2189 75 is sleeping
2189 185 is thinking
2189 174 has taken a fork
2190 174 has taken a fork
2190 174 is eating
2190 184 is thinking
2191 190 is thinking
2191 182 is thinking
2193 73 is sleeping
2193 180 has taken a fork
2193 191 is thinking
2193 180 has taken a fork
2193 180 is eating
2194 84 is sleeping
2194 170 has taken a fork
2196 188 is thinking
2197 76 is sleeping
2197 178 has taken a fork
2197 87 is sleeping
2198 176 has taken a fork
2198 80 is sleeping
2198 186 has taken a fork
2199 83 is sleeping
2199 189 is thinking
2199 185 has taken a fork
2199 170 has taken a fork
2199 181 is thinking
2199 193 is thinking
2199 90 is sleeping
2199 95 is sleeping
2199 86 is sleeping
2199 178 has taken a fork
2200 184 has taken a fork
2200 190 has taken a fork
2201 89 is sleeping
2201 191 has taken a fork
2201 176 has taken a fork
2201 195 is thinking
2201 97 is sleeping
2201 196 is thinking
2203 187 is thinking
2203 182 has taken a fork
2205 186 has taken a fork
2206 192 is thinking
2207 188 has taken a fork
2207 185 has taken a fork
2207 170 is eating
2207 178 is eating
2207 91 is sleeping
2208 184 has taken a fork
2208 88 is sleeping
2208 198 is thinking
2208 85 is sleeping
2208 189 has taken a fork
2208 190 has taken a fork
2208 194 is thinking
2208 191 has taken a fork
2208 105 is sleeping
2208 176 is eating
2208 195 has taken a fork
2208 82 is sleeping
2208 99 is sleeping
2208 196 has taken a fork
2208 197 is thinking
2208 92 is sleeping
2208 3 is thinking
2208 7 is thinking
2208 98 is sleeping
2208 103 is sleeping
2208 94 is sleeping
2208 181 has taken a fork
2208 193 has taken a fork
2208 187 has taken a fork
2208 182 has taken a fork
2208 100 is sleeping
2208 13 is thinking
2208 5 is thinking
2208 186 is eating
2208 1 is thinking
2208 96 is sleeping
2208 192 has taken a fork
2208 188 has taken a fork
2208 185 is eating
2209 104 is sleeping
2209 184 is eating
2209 9 is thinking
2209 198 has taken a fork
2210 189 has taken a fork
2210 101 is sleeping
2210 6 is thinking
2210 93 is sleeping
2211 190 is eating
2211 21 is thinking
2211 194 has taken a fork
2211 191 is eating
2211 15 is thinking
2211 195 has taken a fork
2211 196 has taken a fork
2211 197 has taken a fork
2211 3 has taken a fork
2212 7 has taken a fork
2213 181 has taken a fork
2215 193 has taken a fork
2215 187 has taken a fork
2216 182 is eating
2216 13 has taken a fork
2216 5 has taken a fork
2216 1 has taken a fork
2216 192 has taken a fork
2216 188 is eating
2216 11 is thinking
2216 198 has taken a fork
2217 19 is thinking
2217 2 is thinking
2217 189 is eating
2217 102 is sleeping
2217 9 has taken a fork
2217 4 is thinking
2217 107 is sleeping
2217 18 is thinking
2217 6 has taken a fork
2217 194 has taken a fork
2217 195 is eating
2217 196 is eating
2217 197 has taken a fork
2217 3 has taken a fork
2218 7 has taken a fork
2218 25 is thinking
2218 181 is eating
2219 27 is thinking
2219 16 is thinking
2219 193 is eating
2219 106 is sleeping
2219 21 has taken a fork
2219 187 is eating
2219 10 is thinking
2219 13 has taken a fork
2219 5 has taken a fork
2221 1 has taken a fork
2221 192 is eating
2221 198 is eating
2221 33 is thinking
2221 108 is sleeping
2221 111 is sleeping
2221 11 has taken a fork
2221 9 has taken a fork
2222 6 has taken a fork
2222 194 is eating
2222 197 is eating
2222 3 is eating
2222 115 is sleeping
2223 19 has taken a fork
2223 7 is eating
2224 14 is thinking
2224 15 has taken a fork
2224 35 is thinking
2224 17 is thinking
2226 21 has taken a fork
2226 13 is eating
2226 5 is eating
2226 12 is thinking
2226 1 is eating
2226 11 has taken a fork
2226 9 is eating
2227 110 is sleeping
2227 2 has taken a fork
2228 26 is thinking
2228 6 is eating
2228 109 is sleeping
2228 4 has taken a fork
2228 19 has taken a fork
2228 121 is sleeping
2228 15 has taken a fork
2229 18 has taken a fork
2229 45 is thinking
2230 21 is eating
2230 11 is eating
2231 2 has taken a fork
2231 117 is sleeping
2231 22 is thinking
2232 119 is sleeping
2232 27 has taken a fork
2232 20 is thinking
2233 8 is thinking
2233 49 is thinking
2233 122 is sleeping
2233 25 has taken a fork
2233 114 is sleeping
2233 113 is sleeping
2234 33 has taken a fork
2234 16 has taken a fork
2234 112 is sleeping
2234 14 has taken a fork
2234 31 is thinking
2235 4 has taken a fork
2235 19 is eating
2235 10 has taken a fork
2235 15 is eating
2235 128 is sleeping
2235 35 has taken a fork
2235 32 is thinking
2235 41 is thinking
2235 124 is sleeping
2235 24 is thinking
2236 17 has taken a fork
2236 23 is thinking
2236 29 is thinking
2237 18 has taken a fork
2237 116 is sleeping
2238 120 is sleeping
2238 26 has taken a fork
2239 12 has taken a fork
2239 2 is eating
2239 129 is sleeping
2239 45 has taken a fork
2239 123 is sleeping
2240 22 has taken a fork
2240 137 is sleeping
2240 118 is sleeping
2240 30 is thinking
2240 47 is thinking
2241 36 is thinking
2241 27 has taken a fork
2241 20 has taken a fork
2241 8 has taken a fork
2241 25 has taken a fork
2241 127 is sleeping
2241 49 has taken a fork
2241 33 has taken a fork
2241 132 is sleeping
2242 16 has taken a fork
2243 14 has taken a fork
2243 31 has taken a fork
2243 38 is thinking
2244 37 is thinking
2244 34 is thinking
2245 4 is eating
2245 10 has taken a fork
2245 35 has taken a fork
2245 125 is sleeping
2245 17 has taken a fork
2246 32 has taken a fork
2246 18 is eating
2246 153 is sleeping
2246 41 has taken a fork
2246 26 has taken a fork
2246 141 is sleeping
2246 12 has taken a fork
2246 24 has taken a fork
2246 131 is sleeping
2247 23 has taken a fork
2247 45 has taken a fork
2247 42 is thinking
2247 147 is sleeping
2247 22 has taken a fork
2247 29 has taken a fork
2247 134 is sleeping
2247 126 is sleeping
2248 30 has taken a fork
2249 144 is sleeping
2249 47 has taken a fork
2249 130 is sleeping
2249 36 has taken a fork
2249 27 is eating
2249 55 is thinking
2249 20 has taken a fork
2249 8 has taken a fork
2249 39 is thinking
2249 25 is eating
2249 49 has taken a fork
2249 33 is eating
2249 16 is eating
2249 133 is sleeping
2249 14 is eating
2249 31 has taken a fork
2250 135 is sleeping
2250 38 has taken a fork
2250 44 is thinking
2251 37 has taken a fork
2251 34 has taken a fork
2251 10 is eating
2251 35 is eating
2251 17 is eating
2251 32 has taken a fork
2251 41 has taken a fork
2251 26 is eating
2251 48 is thinking
2251 12 is eating
2251 24 has taken a fork
2252 23 has taken a fork
2252 45 is eating
2252 22 is eating
2252 29 has taken a fork
2253 53 is thinking
2253 40 is thinking
2253 30 has taken a fork
2253 138 is sleeping
2253 42 has taken a fork
2253 139 is sleeping
2253 43 is thinking
2254 47 has taken a fork
2254 36 has taken a fork
2254 55 has taken a fork
2255 136 is sleeping
2255 20 is eating
2255 8 is eating
2255 39 has taken a fork
2255 49 is eating
2255 31 is eating
2256 28 is thinking
2256 151 is sleeping
2256 38 has taken a fork
2256 44 has taken a fork
2257 37 has taken a fork
2257 34 has taken a fork
2258 146 is sleeping
2258 52 is thinking
2258 32 is eating
2259 41 is eating
2259 48 has taken a fork
2259 24 is eating
2259 63 is thinking
2259 23 is eating
2259 29 is eating
2260 59 is thinking
2260 30 is eating
2260 42 has taken a fork
2260 47 is eating
2261 58 is thinking
2261 36 is eating
2261 55 has taken a fork
2261 145 is sleeping
2262 142 is sleeping
2262 53 has taken a fork
2262 143 is sleeping
2262 40 has taken a fork
2262 39 has taken a fork
2262 43 has taken a fork
2262 140 is sleeping
2262 28 has taken a fork
2262 38 is eating
2262 44 has taken a fork
2263 65 is thinking
2264 149 is sleeping
2265 159 is sleeping
2265 37 is eating
2265 34 is eating
2265 61 is thinking
2265 52 has taken a fork
2265 48 has taken a fork
2265 63 has taken a fork
2266 160 is sleeping
2266 164 is sleeping
2266 59 has taken a fork
2266 42 is eating
2266 51 is thinking
2266 58 has taken a fork
2266 55 is eating
2266 169 is sleeping
2266 152 is sleeping
2266 54 is thinking
2267 53 has taken a fork
2267 40 has taken a fork
2267 39 is eating
2267 43 has taken a fork
2267 28 has taken a fork
2267 44 is eating
2269 165 is sleeping
2269 65 has taken a fork
2269 155 is sleeping
2269 61 has taken a fork
2269 52 has taken a fork
2269 48 is eating
2269 63 has taken a fork
2270 57 is thinking
2270 148 is sleeping
2270 59 has taken a fork
2270 51 has taken a fork
2270 58 has taken a fork
2270 54 has taken a fork
2270 53 is eating
2270 40 is eating
2270 43 is eating
2270 28 is eating
2270 157 is sleeping
2270 65 has taken a fork
2270 62 is thinking
2270 61 has taken a fork
2270 52 is eating
2270 158 is sleeping
2270 63 is eating
2270 46 is thinking
2270 60 is thinking
2270 168 is sleeping
2270 67 is thinking
2272 57 has taken a fork
2272 59 is eating
2273 51 has taken a fork
2273 58 is eating
2273 54 has taken a fork
2274 65 is eating
2274 62 has taken a fork
2274 61 is eating
2274 46 has taken a fork
2276 60 has taken a fork
2276 161 is sleeping
2276 67 has taken a fork
2277 57 has taken a fork
2277 56 is thinking
2277 162 is sleeping
2278 71 is thinking
2278 51 is eating
2279 54 is eating
2279 64 is thinking
2279 50 is thinking
2279 62 has taken a fork
2279 46 has taken a fork
2279 175 is sleeping
2280 60 has taken a fork
2280 173 is sleeping
2281 66 is thinking
2281 67 has taken a fork
2282 57 is eating
2282 56 has taken a fork
2283 163 is sleeping
2283 68 is thinking
2283 71 has taken a fork
2284 167 is sleeping
2284 156 is sleeping
2285 64 has taken a fork
2285 50 has taken a fork
2285 62 is eating
2285 46 is eating
2286 60 is eating
2288 179 is sleeping
2289 81 is thinking
2290 74 is thinking
2290 66 has taken a fork
2291 154 is sleeping
2291 67 is eating
2292 150 is sleeping
2293 77 is thinking
2294 56 has taken a fork
2295 70 is thinking
2296 68 has taken a fork
2297 71 has taken a fork
2297 166 is sleeping
2298 177 is sleeping
2298 69 is thinking
2298 64 has taken a fork
2303 171 is sleeping
2305 50 has taken a fork
2305 72 is thinking
2305 183 is sleeping
2305 78 is thinking
2305 79 is thinking
2305 172 is sleeping
2305 75 is thinking
2305 81 has taken a fork
2305 74 has taken a fork
2305 66 has taken a fork
2306 174 is sleeping
2306 180 is sleeping
2307 73 is thinking
2307 77 has taken a fork
2308 84 is thinking
2308 56 is eating
2308 70 has taken a fork
2308 68 has taken a fork
2308 76 is thinking
2308 87 is thinking
2309 71 is eating
2309 69 has taken a fork
2309 64 is eating
2309 80 is thinking
2309 83 is thinking
2309 90 is thinking
2309 176 is sleeping
2309 95 is thinking
2309 178 is sleeping
2309 170 is sleeping
2309 89 is thinking
2309 184 is sleeping
2310 86 is thinking
2310 97 is thinking
2310 190 is sleeping
2310 185 is sleeping
2310 186 is sleeping
2311 50 is eating
2311 191 is sleeping
2312 72 has taken a fork
2312 79 has taken a fork
2313 78 has taken a fork
2313 75 has taken a fork
2314 81 has taken a fork
2314 74 has taken a fork
2314 66 is eating
2314 73 has taken a fork
2314 182 is sleeping
2314 91 is thinking
2314 77 has taken a fork
2314 98 is thinking
2314 105 is thinking
2314 88 is thinking
2314 85 is thinking
2314 84 has taken a fork
2315 99 is thinking
2315 82 is thinking
2315 70 has taken a fork
2315 68 is eating
2315 76 has taken a fork
2315 188 is sleeping
2315 87 has taken a fork
2315 96 is thinking
2315 100 is thinking
2316 92 is thinking
2316 94 is thinking
2317 103 is thinking
2317 196 is sleeping
2317 189 is sleeping
2318 195 is sleeping
2318 104 is thinking
2318 69 has taken a fork
2319 80 has taken a fork
2320 83 has taken a fork
2320 90 has taken a fork
2320 95 has taken a fork
2321 89 has taken a fork
2321 93 is thinking
2321 86 has taken a fork
2321 97 has taken a fork
2322 101 is thinking
2322 181 is sleeping
2322 187 is sleeping
2322 193 is sleeping
2322 72 has taken a fork
2322 79 has taken a fork
2322 78 has taken a fork
2322 75 has taken a fork
2323 81 is eating
2324 192 is sleeping
2324 74 is eating
2324 73 has taken a fork
2324 91 has taken a fork
2324 77 is eating
2324 98 has taken a fork
2324 105 has taken a fork
2324 88 has taken a fork
2324 85 has taken a fork
2324 84 has taken a fork
2324 99 has taken a fork
2325 82 has taken a fork
2325 70 is eating
2325 76 has taken a fork
2325 87 has taken a fork
2326 197 is sleeping
2326 194 is sleeping
2326 198 is sleeping
2326 96 has taken a fork
2326 92 has taken a fork
2326 100 has taken a fork
2326 94 has taken a fork
2326 107 is thinking
2326 103 has taken a fork
2326 102 is thinking
2326 104 has taken a fork
2326 69 is eating
2326 106 is thinking
2327 80 has taken a fork
2327 83 has taken a fork
2327 90 has taken a fork
2327 95 has taken a fork
2327 108 is thinking
2327 111 is thinking
2327 89 has taken a fork
2327 93 has taken a fork
2327 86 has taken a fork
2328 97 has taken a fork
2328 101 has taken a fork
2328 115 is thinking
2329 72 is eating
2329 79 is eating
2329 78 is eating
2330 75 is eating
2330 73 is eating
2330 91 has taken a fork
2330 98 has taken a fork
2330 105 has taken a fork
2330 88 has taken a fork
2330 85 has taken a fork
2330 84 is eating
2330 99 has taken a fork
2330 82 has taken a fork
2330 76 is eating
2331 87 is eating
2331 96 has taken a fork
2331 92 has taken a fork
2331 100 has taken a fork
2331 94 has taken a fork
2331 107 has taken a fork
2331 103 has taken a fork
2332 102 has taken a fork
2332 104 has taken a fork
2332 106 has taken a fork
2333 80 is eating
2333 83 is eating
2333 110 is thinking
2334 90 is eating
2334 95 is eating
2334 108 has taken a fork
2334 111 has taken a fork
2334 89 is eating
2334 93 has taken a fork
2334 86 is eating
2334 97 is eating
2334 101 has taken a fork
2334 109 is thinking
2334 121 is thinking
2334 115 has taken a fork
2334 91 is eating
2334 98 is eating
2334 105 is eating
2334 88 is eating
2334 85 is eating
2334 99 is eating
2334 82 is eating
2335 96 is eating
2336 92 is eating
2336 100 is eating
2336 94 is eating
2337 107 has taken a fork
2337 117 is thinking
2337 103 is eating
2338 119 is thinking
2338 102 has taken a fork
2339 104 is eating
2339 106 has taken a fork
2340 114 is thinking
2340 122 is thinking
2340 113 is thinking
2340 110 has taken a fork
2340 112 is thinking
2341 108 has taken a fork
2341 111 has taken a fork
2341 93 is eating
2341 101 is eating
2341 109 has taken a fork
2341 115 has taken a fork
2341 124 is thinking
2341 128 is thinking
2341 121 has taken a fork
2341 107 is eating
2341 116 is thinking
2341 120 is thinking
2341 102 is eating
2342 117 has taken a fork
2342 129 is thinking
2342 119 has taken a fork
2342 123 is thinking
2342 106 is eating
2342 114 has taken a fork
2343 122 has taken a fork
2343 137 is thinking
2344 113 has taken a fork
2344 118 is thinking
2344 110 has taken a fork
2344 112 has taken a fork
2344 111 is eating
2344 108 is eating
2345 127 is thinking
2345 109 has taken a fork
2345 115 is eating
2345 124 has taken a fork
2346 128 has taken a fork
2346 121 has taken a fork
2346 116 has taken a fork
2346 120 has taken a fork
2346 132 is thinking
2347 117 has taken a fork
2347 129 has taken a fork
2347 119 has taken a fork
2347 123 has taken a fork
2347 114 has taken a fork
2348 122 has taken a fork
2348 137 has taken a fork
2349 113 has taken a fork
2350 118 has taken a fork
2350 110 is eating
2350 112 has taken a fork
2350 125 is thinking
2350 109 is eating
2350 127 has taken a fork
2350 124 has taken a fork
2350 153 is thinking
2351 141 is thinking
2351 128 has taken a fork
2351 121 is eating
2351 116 has taken a fork
2351 120 has taken a fork
2351 132 has taken a fork
2351 147 is thinking
2352 131 is thinking
2352 117 is eating
2352 129 has taken a fork
2353 126 is thinking
2353 119 is eating
2353 134 is thinking
2353 123 has taken a fork
2353 114 is eating
2354 122 is eating
2354 137 has taken a fork
2354 144 is thinking
2354 135 is thinking
2354 133 is thinking
2355 130 is thinking
2355 113 is eating
2355 118 has taken a fork
2355 112 is eating
2356 125 has taken a fork
2356 127 has taken a fork
2356 124 is eating
2356 153 has taken a fork
2356 141 has taken a fork
2356 128 is eating
2356 116 is eating
2356 120 is eating
2356 132 has taken a fork
2356 147 has taken a fork
2356 131 has taken a fork
2356 129 is eating
2356 126 has taken a fork
2356 134 has taken a fork
2356 138 is thinking
2356 139 is thinking
2357 123 is eating
2357 137 is eating
2357 144 has taken a fork
2357 135 has taken a fork
2357 136 is thinking
2357 133 has taken a fork
2358 130 has taken a fork
2358 118 is eating
2358 151 is thinking
2359 125 has taken a fork
2359 127 is eating
2359 153 has taken a fork
2359 141 has taken a fork
2359 132 is eating
2359 147 has taken a fork
2359 131 has taken a fork
2359 126 has taken a fork
2360 134 has taken a fork
2360 138 has taken a fork
2360 144 has taken a fork
2360 135 has taken a fork
2360 133 has taken a fork
2360 139 has taken a fork
2360 146 is thinking
2361 136 has taken a fork
2361 130 has taken a fork
2362 125 is eating
2362 151 has taken a fork
2362 153 is eating
2362 141 is eating
2362 147 is eating
2363 131 is eating
2363 126 is eating
2364 134 is eating
2364 138 has taken a fork
2364 144 is eating
2364 135 is eating
2364 133 is eating
2364 139 has taken a fork
2364 146 has taken a fork
2364 136 has taken a fork
2365 145 is thinking
2366 130 is eating
2366 142 is thinking
2366 151 has taken a fork
2366 143 is thinking
2367 140 is thinking
2367 138 is eating
2368 149 is thinking
2368 139 is eating
2368 146 has taken a fork
2368 136 is eating
2368 159 is thinking
2368 145 has taken a fork
2368 169 is thinking
2368 152 is thinking
2369 160 is thinking
2370 164 is thinking
2371 142 has taken a fork
2371 151 is eating
2371 143 has taken a fork
2372 140 has taken a fork
2372 149 has taken a fork
2372 146 is eating
2372 159 has taken a fork
2372 145 has taken a fork
2372 169 has taken a fork
2372 152 has taken a fork
2373 165 is thinking
2373 155 is thinking
2374 160 has taken a fork
2374 168 is thinking
2374 157 is thinking
2374 158 is thinking
2374 148 is thinking
2374 164 has taken a fork
2374 142 has taken a fork
2374 143 has taken a fork
2374 140 has taken a fork
2374 149 has taken a fork
2374 159 has taken a fork
2375 145 is eating
2375 169 has taken a fork
2375 152 has taken a fork
2375 165 has taken a fork
2376 155 has taken a fork
2376 160 has taken a fork
2377 164 has taken a fork
2377 142 is eating
2377 143 is eating
2377 140 is eating
2377 149 is eating
2378 159 is eating
2378 169 is eating
2378 152 is eating
2378 165 has taken a fork
2378 168 has taken a fork
2378 161 is thinking
2378 155 has taken a fork
2378 160 is eating
2379 164 is eating
2379 162 is thinking
2380 157 has taken a fork
2380 158 has taken a fork
2380 168 has taken a fork
2380 165 is eating
2380 148 has taken a fork
2381 155 is eating
2381 175 is thinking
2381 157 has taken a fork
2381 173 is thinking
2381 158 has taken a fork
2381 168 is eating
2382 148 has taken a fork
2382 161 has taken a fork
2382 157 is eating
2382 158 is eating
2382 148 is eating
2382 161 has taken a fork
2382 161 is eating
2383 163 is thinking
2384 156 is thinking
2386 167 is thinking
2388 179 is thinking
2391 154 is thinking
2392 150 is thinking
2393 162 has taken a fork
2393 162 has taken a fork
2393 162 is eating
2394 175 has taken a fork
2394 175 has taken a fork
2394 175 is eating
2394 173 has taken a fork
2394 173 has taken a fork
2394 173 is eating
2395 163 has taken a fork
2395 163 has taken a fork
2395 163 is eating
2398 156 has taken a fork
2398 156 has taken a fork
2398 156 is eating
2398 166 is thinking
2398 177 is thinking
2399 167 has taken a fork
2399 167 has taken a fork
2399 167 is eating
2403 171 is thinking
2405 172 is thinking
2406 174 is thinking
2406 179 has taken a fork
2406 179 has taken a fork
2406 179 is eating
2406 180 is thinking
2406 183 is thinking
2407 154 has taken a fork
2407 154 has taken a fork
2407 154 is eating
2409 150 has taken a fork
2409 150 has taken a fork
2409 150 is eating
2409 184 is thinking
2409 170 is thinking
2409 178 is thinking
2409 176 is thinking
2410 186 is thinking
2410 190 is thinking
2410 185 is thinking
2410 166 has taken a fork
2410 166 has taken a fork
2410 166 is eating
2411 191 is thinking
2413 177 has taken a fork
2413 177 has taken a fork
2413 177 is eating
2414 182 is thinking
2415 188 is thinking
2417 189 is thinking
2417 196 is thinking
2417 171 has taken a fork
2417 171 has taken a fork
2417 171 is eating
2417 174 has taken a fork
2417 174 has taken a fork
2417 174 is eating
2417 172 has taken a fork
2417 172 has taken a fork
2417 172 is eating
2418 180 has taken a fork
2418 180 has taken a fork
2418 180 is eating
2418 195 is thinking
2419 184 has taken a fork
2419 184 has taken a fork
2419 184 is eating
2419 170 has taken a fork
2419 170 has taken a fork
2419 170 is eating
2419 183 has taken a fork
2419 183 has taken a fork
2420 183 is eating
2420 178 has taken a fork
2420 178 has taken a fork
2420 178 is eating
2421 176 has taken a fork
2421 176 has taken a fork
2421 176 is eating
2421 186 has taken a fork
2421 186 has taken a fork
2421 186 is eating
2422 181 is thinking
2422 187 is thinking
2422 193 is thinking
2422 191 has taken a fork
2422 191 has taken a fork
2422 191 is eating
2422 182 has taken a fork
2422 182 has taken a fork
2422 182 is eating
2422 190 has taken a fork
2422 185 has taken a fork
2422 190 has taken a fork
2422 185 has taken a fork
2422 190 is eating
2422 188 has taken a fork
2422 185 is eating
2423 188 has taken a fork
2423 188 is eating
2424 189 has taken a fork
2424 189 has taken a fork
2424 189 is eating
2424 195 has taken a fork
2424 196 has taken a fork
2424 195 has taken a fork
2424 196 has taken a fork
2424 187 has taken a fork
2424 181 has taken a fork
2424 192 is thinking
2425 195 is eating
2425 196 is eating
2425 187 has taken a fork
2425 181 has taken a fork
2425 193 has taken a fork
2426 192 has taken a fork
2426 187 is eating
2426 181 is eating
2426 193 has taken a fork
2426 198 is thinking
2426 194 is thinking
2426 197 is thinking
2426 192 has taken a fork
2426 193 is eating
2426 198 has taken a fork
2426 194 has taken a fork
2426 197 has taken a fork
2428 192 is eating
2428 198 has taken a fork
2428 194 has taken a fork
2428 197 has taken a fork
2428 198 is eating
2428 194 is eating
2428 197 is eating
