0 1 has taken a fork
0 1 has taken a fork
0 1 is eating
1 5 has taken a fork
1 5 has taken a fork
1 5 is eating
1 3 has taken a fork
1 3 has taken a fork
1 3 is eating
1 7 has taken a fork
1 7 has taken a fork
1 7 is eating
1 9 has taken a fork
1 9 has taken a fork
1 9 is eating
1 2 has taken a fork
1 2 has taken a fork
1 2 is eating
2 11 has taken a fork
2 11 has taken a fork
2 11 is eating
2 4 has taken a fork
2 4 has taken a fork
2 4 is eating
2 6 has taken a fork
2 6 has taken a fork
2 6 is eating
2 8 has taken a fork
2 8 has taken a fork
2 8 is eating
2 13 has taken a fork
2 13 has taken a fork
2 13 is eating
2 10 has taken a fork
2 10 has taken a fork
2 10 is eating
3 15 has taken a fork
3 15 has taken a fork
3 15 is eating
3 12 has taken a fork
3 12 has taken a fork
3 12 is eating
3 17 has taken a fork
3 17 has taken a fork
3 17 is eating
4 19 has taken a fork
4 19 has taken a fork
4 19 is eating
4 14 has taken a fork
4 14 has taken a fork
4 14 is eating
4 16 has taken a fork
4 16 has taken a fork
4 16 is eating
4 18 has taken a fork
4 18 has taken a fork
4 18 is eating
5 21 has taken a fork
5 21 has taken a fork
5 21 is eating
5 23 has taken a fork
5 23 has taken a fork
5 23 is eating
6 20 has taken a fork
6 20 has taken a fork
6 20 is eating
6 25 has taken a fork
6 25 has taken a fork
6 25 is eating
6 22 has taken a fork
6 22 has taken a fork
6 22 is eating
7 24 has taken a fork
7 24 has taken a fork
7 24 is eating
7 27 has taken a fork
7 27 has taken a fork
7 27 is eating
8 26 has taken a fork
8 26 has taken a fork
8 26 is eating
8 29 has taken a fork
8 29 has taken a fork
8 29 is eating
8 28 has taken a fork
8 28 has taken a fork
8 28 is eating
9 31 has taken a fork
9 31 has taken a fork
9 31 is eating
9 33 has taken a fork
9 33 has taken a fork
9 33 is eating
10 30 has taken a fork
10 30 has taken a fork
10 30 is eating
10 35 has taken a fork
10 35 has taken a fork
10 35 is eating
10 32 has taken a fork
10 32 has taken a fork
10 32 is eating
11 34 has taken a fork
11 34 has taken a fork
11 34 is eating
11 36 has taken a fork
11 37 has taken a fork
11 36 has taken a fork
11 37 has taken a fork
11 36 is eating
11 37 is eating
14 39 has taken a fork
14 39 has taken a fork
14 39 is eating
14 38 has taken a fork
14 38 has taken a fork
14 38 is eating
16 41 has taken a fork
16 41 has taken a fork
16 41 is eating
17 40 has taken a fork
17 40 has taken a fork
17 40 is eating
18 42 has taken a fork
18 43 has taken a fork
18 42 has taken a fork
18 43 has taken a fork
18 42 is eating
18 43 is eating
20 45 has taken a fork
20 45 has taken a fork
20 45 is eating
21 44 has taken a fork
21 44 has taken a fork
21 44 is eating
22 46 has taken a fork
22 46 has taken a fork
22 46 is eating
23 47 has taken a fork
23 47 has taken a fork
23 47 is eating
23 49 has taken a fork
23 49 has taken a fork
23 49 is eating
24 51 has taken a fork
24 51 has taken a fork
24 51 is eating
24 48 has taken a fork
24 48 has taken a fork
24 48 is eating
25 50 has taken a fork
25 50 has taken a fork
25 50 is eating
25 53 has taken a fork
25 53 has taken a fork
25 53 is eating
26 55 has taken a fork
26 55 has taken a fork
26 55 is eating
26 52 has taken a fork
26 52 has taken a fork
26 52 is eating
26 57 has taken a fork
26 57 has taken a fork
26 57 is eating
27 54 has taken a fork
27 54 has taken a fork
27 54 is eating
27 59 has taken a fork
27 59 has taken a fork
27 59 is eating
27 56 has taken a fork
27 56 has taken a fork
27 56 is eating
28 61 has taken a fork
28 61 has taken a fork
28 61 is eating
28 58 has taken a fork
28 58 has taken a fork
28 58 is eating
29 63 has taken a fork
29 60 has taken a fork
29 63 has taken a fork
29 60 has taken a fork
29 63 is eating
29 62 has taken a fork
29 60 is eating
29 62 has taken a fork
29 65 has taken a fork
29 65 has taken a fork
29 65 is eating
29 62 is eating
30 64 has taken a fork
30 64 has taken a fork
30 64 is eating
32 67 has taken a fork
32 67 has taken a fork
32 67 is eating
32 66 has taken a fork
32 66 has taken a fork
32 66 is eating
33 69 has taken a fork
33 69 has taken a fork
33 69 is eating
33 68 has taken a fork
34 68 has taken a fork
34 68 is eating
35 71 has taken a fork
35 71 has taken a fork
35 71 is eating
35 70 has taken a fork
35 70 has taken a fork
35 70 is eating
36 73 has taken a fork
36 73 has taken a fork
36 73 is eating
37 72 has taken a fork
37 72 has taken a fork
37 72 is eating
37 75 has taken a fork
37 75 has taken a fork
37 75 is eating
38 77 has taken a fork
38 77 has taken a fork
38 77 is eating
38 74 has taken a fork
38 74 has taken a fork
38 74 is eating
38 79 has taken a fork
38 79 has taken a fork
38 79 is eating
39 76 has taken a fork
39 76 has taken a fork
39 76 is eating
39 81 has taken a fork
39 81 has taken a fork
39 81 is eating
40 78 has taken a fork
40 78 has taken a fork
40 78 is eating
40 80 has taken a fork
40 80 has taken a fork
40 80 is eating
41 82 has taken a fork
41 82 has taken a fork
41 82 is eating
41 83 has taken a fork
41 83 has taken a fork
41 83 is eating
44 85 has taken a fork
44 85 has taken a fork
44 85 is eating
44 84 has taken a fork
44 84 has taken a fork
44 84 is eating
44 87 has taken a fork
44 87 has taken a fork
44 87 is eating
45 86 has taken a fork
45 86 has taken a fork
45 86 is eating
45 89 has taken a fork
45 89 has taken a fork
45 89 is eating
46 88 has taken a fork
46 88 has taken a fork
46 88 is eating
46 91 has taken a fork
46 91 has taken a fork
46 91 is eating
46 93 has taken a fork
46 93 has taken a fork
46 93 is eating
47 90 has taken a fork
47 90 has taken a fork
47 90 is eating
47 92 has taken a fork
47 92 has taken a fork
47 92 is eating
49 95 has taken a fork
49 95 has taken a fork
49 95 is eating
50 94 has taken a fork
50 94 has taken a fork
50 94 is eating
50 97 has taken a fork
50 97 has taken a fork
50 97 is eating
51 96 has taken a fork
51 96 has taken a fork
51 96 is eating
53 99 has taken a fork
53 99 has taken a fork
53 99 is eating
55 98 has taken a fork
55 98 has taken a fork
55 98 is eating
56 100 has taken a fork
56 100 has taken a fork
56 100 is eating
100 101 has taken a fork
100 101 has taken a fork
100 101 is eating
100 1 is sleeping
102 103 has taken a fork
102 103 has taken a fork
102 103 is eating
102 13 is sleeping
102 4 is sleeping
102 102 has taken a fork
102 102 has taken a fork
102 102 is eating
102 8 is sleeping
102 10 is sleeping
102 3 is sleeping
102 104 has taken a fork
103 6 is sleeping
104 9 is sleeping
104 105 has taken a fork
105 7 is sleeping
106 2 is sleeping
106 104 has taken a fork
107 11 is sleeping
107 109 has taken a fork
108 107 has taken a fork
108 108 has taken a fork
108 106 has taken a fork
108 110 has taken a fork
108 111 has taken a fork
109 5 is sleeping
109 17 is sleeping
110 12 is sleeping
111 15 is sleeping
111 114 has taken a fork
111 112 has taken a fork
111 115 has taken a fork
112 113 has taken a fork
112 16 is sleeping
112 116 has taken a fork
114 14 is sleeping
115 19 is sleeping
116 18 is sleeping
116 105 has taken a fork
116 117 has taken a fork
116 119 has taken a fork
116 118 has taken a fork
116 23 is sleeping
116 120 has taken a fork
117 21 is sleeping
117 121 has taken a fork
117 123 has taken a fork
117 20 is sleeping
118 25 is sleeping
118 122 has taken a fork
119 22 is sleeping
119 104 is eating
119 125 has taken a fork
119 109 has taken a fork
119 108 has taken a fork
119 107 has taken a fork
120 26 is sleeping
120 124 has taken a fork
120 106 has taken a fork
120 28 is sleeping
120 126 has taken a fork
120 110 has taken a fork
120 111 has taken a fork
121 27 is sleeping
121 29 is sleeping
121 127 has taken a fork
121 128 has taken a fork
122 24 is sleeping
122 129 has taken a fork
122 33 is sleeping
122 130 has taken a fork
123 35 is sleeping
123 131 has taken a fork
124 31 is sleeping
124 32 is sleeping
124 132 has taken a fork
124 133 has taken a fork
124 134 has taken a fork
125 30 is sleeping
125 34 is sleeping
126 36 is sleeping
126 37 is sleeping
126 135 has taken a fork
126 136 has taken a fork
126 137 has taken a fork
126 114 has taken a fork
126 112 has taken a fork
126 115 has taken a fork
126 113 has taken a fork
126 116 has taken a fork
126 38 is sleeping
126 39 is sleeping
126 138 has taken a fork
126 139 has taken a fork
126 41 is sleeping
126 141 has taken a fork
126 105 is eating
126 117 has taken a fork
126 119 has taken a fork
126 118 has taken a fork
126 120 has taken a fork
127 40 is sleeping
127 143 has taken a fork
127 121 has taken a fork
127 123 has taken a fork
127 43 is sleeping
127 140 has taken a fork
127 122 has taken a fork
127 42 is sleeping
128 142 has taken a fork
128 125 has taken a fork
128 109 is eating
128 108 is eating
128 107 is eating
128 45 is sleeping
128 124 has taken a fork
128 145 has taken a fork
128 106 is eating
128 126 has taken a fork
128 110 is eating
128 111 is eating
129 44 is sleeping
129 144 has taken a fork
129 127 has taken a fork
129 128 has taken a fork
130 46 is sleeping
130 147 has taken a fork
130 129 has taken a fork
130 130 has taken a fork
130 49 is sleeping
130 149 has taken a fork
130 47 is sleeping
130 146 has taken a fork
131 131 has taken a fork
131 51 is sleeping
132 151 has taken a fork
132 48 is sleeping
132 148 has taken a fork
132 132 has taken a fork
132 133 has taken a fork
132 134 has taken a fork
133 53 is sleeping
133 150 has taken a fork
133 50 is sleeping
133 152 has taken a fork
133 55 is sleeping
133 52 is sleeping
133 153 has taken a fork
133 155 has taken a fork
133 135 has taken a fork
133 136 has taken a fork
133 137 has taken a fork
133 114 is eating
134 112 is eating
134 115 is eating
134 113 is eating
134 116 is eating
134 138 has taken a fork
135 139 has taken a fork
135 141 has taken a fork
135 117 is eating
135 119 is eating
135 118 is eating
135 120 is eating
135 54 is sleeping
136 56 is sleeping
136 157 has taken a fork
136 154 has taken a fork
137 59 is sleeping
137 143 has taken a fork
138 156 has taken a fork
138 121 is eating
138 123 is eating
138 158 has taken a fork
138 57 is sleeping
138 140 has taken a fork
138 122 is eating
138 142 has taken a fork
138 58 is sleeping
138 125 is eating
139 159 has taken a fork
139 161 has taken a fork
139 61 is sleeping
139 124 is eating
139 145 has taken a fork
140 126 is eating
140 62 is sleeping
140 160 has taken a fork
141 60 is sleeping
141 162 has taken a fork
142 65 is sleeping
142 163 has taken a fork
142 63 is sleeping
143 164 has taken a fork
143 144 has taken a fork
143 127 is eating
143 128 is eating
143 147 has taken a fork
143 129 is eating
143 130 is eating
143 64 is sleeping
144 165 has taken a fork
144 149 has taken a fork
144 146 has taken a fork
144 131 is eating
145 67 is sleeping
145 166 has taken a fork
145 151 has taken a fork
145 66 is sleeping
145 167 has taken a fork
145 148 has taken a fork
145 132 is eating
145 133 is eating
145 134 is eating
145 150 has taken a fork
146 69 is sleeping
146 152 has taken a fork
146 168 has taken a fork
146 153 has taken a fork
146 155 has taken a fork
146 135 is eating
146 136 is eating
146 137 is eating
146 68 is sleeping
147 169 has taken a fork
147 138 is eating
147 139 is eating
148 71 is sleeping
149 141 is eating
149 171 has taken a fork
149 170 has taken a fork
149 70 is sleeping
152 73 is sleeping
152 172 has taken a fork
152 157 has taken a fork
152 154 has taken a fork
153 72 is sleeping
154 75 is sleeping
154 173 has taken a fork
155 143 is eating
155 156 has taken a fork
155 77 is sleeping
155 158 has taken a fork
157 79 is sleeping
159 74 is sleeping
159 140 is eating
159 142 is eating
159 175 has taken a fork
159 81 is sleeping
159 174 has taken a fork
159 159 has taken a fork
159 161 has taken a fork
160 76 is sleeping
160 145 is eating
161 80 is sleeping
161 78 is sleeping
161 176 has taken a fork
162 160 has taken a fork
162 177 has taken a fork
162 83 is sleeping
163 82 is sleeping
163 162 has taken a fork
163 163 has taken a fork
163 164 has taken a fork
166 144 is eating
167 147 is eating
167 178 has taken a fork
167 179 has taken a fork
167 165 has taken a fork
168 87 is sleeping
169 84 is sleeping
173 85 is sleeping
173 149 is eating
173 146 is eating
175 89 is sleeping
175 166 has taken a fork
176 151 is eating
176 167 has taken a fork
176 148 is eating
177 86 is sleeping
178 150 is eating
178 180 has taken a fork
178 93 is sleeping
181 88 is sleeping
186 91 is sleeping
186 152 is eating
186 168 has taken a fork
187 181 has taken a fork
187 153 is eating
187 155 is eating
187 169 has taken a fork
187 90 is sleeping
190 92 is sleeping
190 171 has taken a fork
190 170 has taken a fork
190 182 has taken a fork
192 95 is sleeping
193 183 has taken a fork
193 184 has taken a fork
193 185 has taken a fork
193 97 is sleeping
196 94 is sleeping
198 96 is sleeping
198 172 has taken a fork
199 154 is eating
199 157 is eating
200 99 is sleeping
200 187 has taken a fork
201 186 has taken a fork
201 173 has taken a fork
201 156 is eating
201 98 is sleeping
201 158 is eating
202 100 is sleeping
202 188 has taken a fork
202 189 has taken a fork
202 191 has taken a fork
202 190 has taken a fork
203 175 has taken a fork
203 174 has taken a fork
203 159 is eating
203 161 is eating
203 192 has taken a fork
204 193 has taken a fork
204 176 has taken a fork
204 160 is eating
204 177 has taken a fork
204 162 is eating
204 163 is eating
204 194 has taken a fork
204 195 has taken a fork
204 164 is eating
204 197 has taken a fork
204 178 has taken a fork
204 196 has taken a fork
204 179 has taken a fork
204 165 is eating
204 198 has taken a fork
204 199 has taken a fork
204 200 has taken a fork
204 166 is eating
204 167 is eating
204 180 has taken a fork
204 168 is eating
204 181 has taken a fork
204 169 is eating
204 171 is eating
204 170 is eating
204 182 has taken a fork
205 183 has taken a fork
205 184 has taken a fork
205 185 has taken a fork
205 172 is eating
206 101 is sleeping
208 187 has taken a fork
208 186 has taken a fork
209 1 is thinking
209 173 is eating
211 103 is sleeping
216 102 is sleeping
216 188 has taken a fork
216 189 has taken a fork
216 13 is thinking
216 4 is thinking
216 3 is thinking
218 10 is thinking
218 8 is thinking
218 191 has taken a fork
218 190 has taken a fork
218 175 is eating
218 174 is eating
218 192 has taken a fork
218 193 has taken a fork
218 176 is eating
218 177 is eating
218 194 has taken a fork
218 195 has taken a fork
218 197 has taken a fork
218 178 is eating
218 196 has taken a fork
218 179 is eating
218 198 has taken a fork
218 199 has taken a fork
218 200 has taken a fork
221 9 is thinking
221 180 is eating
221 181 is eating
221 182 is eating
221 183 is eating
221 184 is eating
221 185 is eating
223 2 is thinking
226 6 is thinking
229 7 is thinking
229 187 is eating
229 186 is eating
232 11 is thinking
233 17 is thinking
233 1 has taken a fork
233 5 is thinking
233 104 is sleeping
235 12 is thinking
236 15 is thinking
236 14 is thinking
237 16 is thinking
238 105 is sleeping
238 19 is thinking
240 108 is sleeping
241 106 is sleeping
243 111 is sleeping
245 18 is thinking
246 110 is sleeping
247 23 is thinking
248 109 is sleeping
248 107 is sleeping
248 188 is eating
248 189 is eating
251 13 has taken a fork
252 4 has taken a fork
252 3 has taken a fork
253 10 has taken a fork
253 8 has taken a fork
253 191 is eating
253 190 is eating
253 192 is eating
253 193 is eating
253 194 is eating
253 195 is eating
253 197 is eating
253 196 is eating
253 198 is eating
254 199 is eating
254 200 is eating
254 115 is sleeping
255 26 is thinking
256 118 is sleeping
257 120 is sleeping
257 119 is sleeping
257 25 is thinking
257 20 is thinking
259 21 is thinking
260 22 is thinking
261 27 is thinking
261 114 is sleeping
263 113 is sleeping
264 112 is sleeping
265 9 has taken a fork
266 117 is sleeping
266 116 is sleeping
267 28 is thinking
267 33 is thinking
267 29 is thinking
267 125 is sleeping
268 35 is thinking
268 24 is thinking
268 2 has taken a fork
269 123 is sleeping
269 121 is sleeping
269 122 is sleeping
270 31 is thinking
270 126 is sleeping
271 30 is thinking
271 32 is thinking
271 128 is sleeping
271 6 has taken a fork
272 130 is sleeping
272 124 is sleeping
272 34 is thinking
273 37 is thinking
273 41 is thinking
273 36 is thinking
273 38 is thinking
273 40 is thinking
273 129 is sleeping
274 39 is thinking
274 131 is sleeping
275 127 is sleeping
275 132 is sleeping
275 45 is thinking
275 42 is thinking
275 134 is sleeping
278 136 is sleeping
278 133 is sleeping
281 44 is thinking
281 7 has taken a fork
281 43 is thinking
281 135 is sleeping
282 137 is sleeping
282 46 is thinking
282 138 is sleeping
282 139 is sleeping
283 51 is thinking
283 49 is thinking
283 11 has taken a fork
283 48 is thinking
284 47 is thinking
284 141 is sleeping
284 52 is thinking
284 55 is thinking
284 17 has taken a fork
284 50 is thinking
284 53 is thinking
284 5 has taken a fork
284 54 is thinking
284 1 has taken a fork
285 143 is sleeping
285 12 has taken a fork
285 15 has taken a fork
285 56 is thinking
286 14 has taken a fork
286 59 is thinking
287 16 has taken a fork
287 57 is thinking
287 58 is thinking
288 19 has taken a fork
288 140 is sleeping
288 142 is sleeping
288 61 is thinking
288 145 is sleeping
288 62 is thinking
288 60 is thinking
288 65 is thinking
288 63 is thinking
288 144 is sleeping
288 147 is sleeping
288 66 is thinking
288 18 has taken a fork
288 64 is thinking
289 67 is thinking
289 69 is thinking
289 68 is thinking
290 23 has taken a fork
291 71 is thinking
291 146 is sleeping
291 70 is thinking
292 149 is sleeping
292 148 is sleeping
292 151 is sleeping
292 13 has taken a fork
292 150 is sleeping
292 73 is thinking
292 4 has taken a fork
292 3 has taken a fork
292 10 has taken a fork
293 8 has taken a fork
293 72 is thinking
293 75 is thinking
293 26 has taken a fork
293 77 is thinking
293 153 is sleeping
293 155 is sleeping
293 152 is sleeping
294 79 is thinking
294 25 has taken a fork
294 20 has taken a fork
294 21 has taken a fork
295 81 is thinking
295 74 is thinking
295 76 is thinking
296 22 has taken a fork
297 78 is thinking
298 27 has taken a fork
298 83 is thinking
298 157 is sleeping
298 154 is sleeping
298 80 is thinking
298 82 is thinking
298 158 is sleeping
298 156 is sleeping
298 9 has taken a fork
298 161 is sleeping
298 159 is sleeping
298 163 is sleeping
298 164 is sleeping
298 165 is sleeping
298 160 is sleeping
298 162 is sleeping
298 28 has taken a fork
298 33 has taken a fork
298 29 has taken a fork
298 167 is sleeping
299 35 has taken a fork
300 166 is sleeping
301 24 has taken a fork
302 2 has taken a fork
303 87 is thinking
303 169 is sleeping
303 168 is sleeping
304 84 is thinking
304 171 is sleeping
304 170 is sleeping
306 31 has taken a fork
306 172 is sleeping
307 30 has taken a fork
307 32 has taken a fork
308 6 has taken a fork
309 34 has taken a fork
309 173 is sleeping
309 85 is thinking
309 37 has taken a fork
310 41 has taken a fork
310 36 has taken a fork
310 40 has taken a fork
310 38 has taken a fork
311 39 has taken a fork
312 89 is thinking
312 45 has taken a fork
312 175 is sleeping
313 42 has taken a fork
314 86 is thinking
315 93 is thinking
315 177 is sleeping
315 176 is sleeping
315 174 is sleeping
315 179 is sleeping
315 178 is sleeping
316 88 is thinking
316 44 has taken a fork
316 7 has taken a fork
317 46 has taken a fork
317 51 has taken a fork
317 49 has taken a fork
318 11 has taken a fork
318 43 has taken a fork
318 48 has taken a fork
318 180 is sleeping
318 181 is sleeping
319 47 has taken a fork
319 52 has taken a fork
319 55 has taken a fork
320 17 has taken a fork
321 50 has taken a fork
322 53 has taken a fork
322 5 has taken a fork
323 54 has taken a fork
324 1 is eating
324 12 has taken a fork
324 182 is sleeping
325 15 has taken a fork
325 183 is sleeping
325 184 is sleeping
325 91 is thinking
326 56 has taken a fork
327 14 has taken a fork
327 59 has taken a fork
327 16 has taken a fork
328 90 is thinking
329 185 is sleeping
329 57 has taken a fork
329 58 has taken a fork
329 19 has taken a fork
329 61 has taken a fork
329 62 has taken a fork
329 60 has taken a fork
329 65 has taken a fork
329 63 has taken a fork
329 66 has taken a fork
329 18 has taken a fork
329 64 has taken a fork
329 69 has taken a fork
329 67 has taken a fork
329 68 has taken a fork
329 92 is thinking
329 23 has taken a fork
329 187 is sleeping
329 71 has taken a fork
329 70 has taken a fork
329 186 is sleeping
330 95 is thinking
330 13 is eating
330 73 has taken a fork
330 4 is eating
330 3 is eating
330 10 is eating
330 8 is eating
330 72 has taken a fork
330 26 has taken a fork
330 77 has taken a fork
330 75 has taken a fork
330 97 is thinking
330 79 has taken a fork
330 25 has taken a fork
330 20 has taken a fork
330 21 has taken a fork
330 81 has taken a fork
330 74 has taken a fork
330 76 has taken a fork
331 94 is thinking
331 22 has taken a fork
331 78 has taken a fork
331 96 is thinking
331 27 has taken a fork
331 83 has taken a fork
331 80 has taken a fork
331 82 has taken a fork
331 9 is eating
331 28 has taken a fork
331 33 has taken a fork
331 29 has taken a fork
331 35 has taken a fork
331 99 is thinking
331 24 has taken a fork
332 98 is thinking
332 188 is sleeping
332 189 is sleeping
332 100 is thinking
332 2 is eating
332 87 has taken a fork
332 84 has taken a fork
332 190 is sleeping
332 191 is sleeping
332 31 has taken a fork
333 101 is thinking
333 192 is sleeping
333 193 is sleeping
333 30 has taken a fork
333 32 has taken a fork
333 6 is eating
333 194 is sleeping
333 195 is sleeping
334 34 has taken a fork
334 85 has taken a fork
334 37 has taken a fork
334 196 is sleeping
335 197 is sleeping
335 41 has taken a fork
335 36 has taken a fork
335 40 has taken a fork
335 38 has taken a fork
335 198 is sleeping
335 39 has taken a fork
335 89 has taken a fork
335 103 is thinking
335 199 is sleeping
335 45 has taken a fork
335 200 is sleeping
335 42 has taken a fork
335 86 has taken a fork
335 93 has taken a fork
335 88 has taken a fork
335 44 has taken a fork
335 7 is eating
335 102 is thinking
335 46 has taken a fork
336 51 has taken a fork
336 49 has taken a fork
336 11 is eating
336 43 has taken a fork
336 48 has taken a fork
336 47 has taken a fork
336 52 has taken a fork
336 55 has taken a fork
336 17 is eating
336 50 has taken a fork
336 53 has taken a fork
336 5 is eating
336 54 has taken a fork
336 12 is eating
336 15 is eating
336 56 has taken a fork
336 14 is eating
336 59 has taken a fork
336 91 has taken a fork
336 16 is eating
336 90 has taken a fork
336 57 has taken a fork
336 58 has taken a fork
336 19 is eating
336 61 has taken a fork
336 62 has taken a fork
337 60 has taken a fork
337 65 has taken a fork
337 63 has taken a fork
337 66 has taken a fork
337 18 is eating
337 64 has taken a fork
337 69 has taken a fork
337 67 has taken a fork
337 68 has taken a fork
337 92 has taken a fork
337 23 is eating
337 71 has taken a fork
337 70 has taken a fork
337 95 has taken a fork
337 73 has taken a fork
337 72 has taken a fork
337 26 is eating
337 77 has taken a fork
337 75 has taken a fork
337 97 has taken a fork
337 79 has taken a fork
337 25 is eating
337 20 is eating
337 21 is eating
338 81 has taken a fork
338 74 has taken a fork
338 76 has taken a fork
338 94 has taken a fork
338 22 is eating
338 78 has taken a fork
338 96 has taken a fork
338 27 is eating
338 83 has taken a fork
339 80 has taken a fork
339 82 has taken a fork
339 28 is eating
339 33 is eating
339 29 is eating
339 35 is eating
339 99 has taken a fork
339 24 is eating
339 98 has taken a fork
340 100 has taken a fork
340 87 has taken a fork
340 84 has taken a fork
340 31 is eating
340 104 is thinking
340 30 is eating
340 32 is eating
340 34 is eating
340 85 has taken a fork
342 37 is eating
342 41 is eating
343 36 is eating
343 40 is eating
343 38 is eating
343 39 is eating
343 89 has taken a fork
343 45 is eating
343 42 is eating
343 86 has taken a fork
343 93 has taken a fork
343 88 has taken a fork
343 44 is eating
343 46 is eating
344 51 is eating
344 49 is eating
344 43 is eating
344 48 is eating
344 47 is eating
344 52 is eating
344 55 is eating
345 50 is eating
346 53 is eating
346 54 is eating
346 56 is eating
346 59 is eating
346 91 has taken a fork
347 90 has taken a fork
348 57 is eating
348 58 is eating
348 61 is eating
348 62 is eating
348 65 is eating
348 63 is eating
348 66 is eating
348 64 is eating
348 69 is eating
348 67 is eating
348 68 is eating
348 92 has taken a fork
349 71 is eating
349 70 is eating
349 95 has taken a fork
349 73 is eating
350 72 is eating
350 77 is eating
350 75 is eating
351 60 is eating
351 97 has taken a fork
352 79 is eating
352 81 is eating
352 74 is eating
352 76 is eating
352 94 has taken a fork
352 105 is thinking
352 78 is eating
352 96 has taken a fork
352 83 is eating
353 80 is eating
353 82 is eating
354 99 has taken a fork
354 98 has taken a fork
355 108 is thinking
357 100 has taken a fork
357 87 is eating
360 84 is eating
360 85 is eating
360 106 is thinking
360 89 is eating
360 86 is eating
361 93 is eating
361 88 is eating
361 111 is thinking
361 110 is thinking
361 91 is eating
361 90 is eating
361 107 is thinking
361 109 is thinking
362 92 is eating
363 95 is eating
363 97 is eating
363 94 is eating
364 96 is eating
364 99 is eating
365 98 is eating
366 115 is thinking
366 120 is thinking
368 100 is eating
368 118 is thinking
369 119 is thinking
370 114 is thinking
370 113 is thinking
371 112 is thinking
371 116 is thinking
373 117 is thinking
374 1 is sleeping
374 125 is thinking
374 101 has taken a fork
374 121 is thinking
374 123 is thinking
375 122 is thinking
376 126 is thinking
376 128 is thinking
377 124 is thinking
377 4 is sleeping
377 129 is thinking
377 13 is sleeping
379 130 is thinking
379 3 is sleeping
379 8 is sleeping
379 10 is sleeping
380 108 has taken a fork
380 101 has taken a fork
380 131 is thinking
380 103 has taken a fork
382 102 has taken a fork
382 104 has taken a fork
383 105 has taken a fork
383 132 is thinking
384 127 is thinking
384 9 is sleeping
384 106 has taken a fork
385 134 is thinking
385 2 is sleeping
385 136 is thinking
387 111 has taken a fork
387 133 is thinking
388 108 has taken a fork
388 101 is eating
390 103 has taken a fork
390 6 is sleeping
391 135 is thinking
391 138 is thinking
391 102 has taken a fork
392 139 is thinking
392 110 has taken a fork
393 137 is thinking
393 7 is sleeping
394 104 has taken a fork
395 107 has taken a fork
395 105 has taken a fork
396 11 is sleeping
397 109 has taken a fork
398 141 is thinking
399 106 has taken a fork
399 5 is sleeping
400 115 has taken a fork
401 143 is thinking
401 17 is sleeping
401 120 has taken a fork
402 12 is sleeping
402 15 is sleeping
403 16 is sleeping
403 114 has taken a fork
403 19 is sleeping
403 14 is sleeping
404 113 has taken a fork
404 112 has taken a fork
404 111 has taken a fork
404 118 has taken a fork
404 119 has taken a fork
404 147 is thinking
404 108 is eating
404 140 is thinking
404 142 is thinking
405 145 is thinking
405 144 is thinking
406 103 is eating
406 102 is eating
406 18 is sleeping
406 116 has taken a fork
406 23 is sleeping
406 148 is thinking
406 149 is thinking
406 146 is thinking
406 150 is thinking
406 151 is thinking
407 117 has taken a fork
407 110 has taken a fork
409 153 is thinking
409 152 is thinking
410 155 is thinking
411 104 is eating
414 107 has taken a fork
415 105 is eating
415 26 is sleeping
415 125 has taken a fork
416 109 has taken a fork
416 25 is sleeping
416 121 has taken a fork
416 21 is sleeping
417 20 is sleeping
419 156 is thinking
419 157 is thinking
421 160 is thinking
422 167 is thinking
422 163 is thinking
422 122 has taken a fork
423 165 is thinking
423 123 has taken a fork
424 161 is thinking
425 154 is thinking
426 158 is thinking
427 162 is thinking
427 164 is thinking
428 159 is thinking
428 22 is sleeping
428 126 has taken a fork
428 106 is eating
428 27 is sleeping
428 128 has taken a fork
428 115 has taken a fork
429 166 is thinking
429 120 has taken a fork
429 28 is sleeping
430 29 is sleeping
430 33 is sleeping
430 124 has taken a fork
430 129 has taken a fork
430 114 has taken a fork
431 168 is thinking
432 169 is thinking
432 130 has taken a fork
432 24 is sleeping
432 131 has taken a fork
432 113 has taken a fork
432 112 has taken a fork
433 111 is eating
434 118 has taken a fork
434 119 has taken a fork
434 35 is sleeping
435 132 has taken a fork
435 171 is thinking
435 170 is thinking
435 31 is sleeping
435 127 has taken a fork
435 34 is sleeping
436 134 has taken a fork
436 32 is sleeping
436 30 is sleeping
436 136 has taken a fork
436 133 has taken a fork
436 116 has taken a fork
436 117 has taken a fork
437 110 is eating
437 41 is sleeping
437 36 is sleeping
437 40 is sleeping
437 135 has taken a fork
437 45 is sleeping
437 137 has taken a fork
437 38 is sleeping
438 141 has taken a fork
438 39 is sleeping
438 42 is sleeping
438 143 has taken a fork
438 147 has taken a fork
439 138 has taken a fork
440 37 is sleeping
440 140 has taken a fork
440 139 has taken a fork
440 172 is thinking
440 173 is thinking
441 175 is thinking
441 44 is sleeping
441 142 has taken a fork
441 46 is sleeping
442 145 has taken a fork
442 52 is sleeping
443 48 is sleeping
444 148 has taken a fork
445 47 is sleeping
446 55 is sleeping
446 144 has taken a fork
446 149 has taken a fork
446 146 has taken a fork
446 51 is sleeping
446 150 has taken a fork
446 49 is sleeping
446 43 is sleeping
447 107 is eating
447 54 is sleeping
447 50 is sleeping
449 151 has taken a fork
449 153 has taken a fork
450 53 is sleeping
450 177 is thinking
451 178 is thinking
452 179 is thinking
452 174 is thinking
453 176 is thinking
454 125 has taken a fork
454 152 has taken a fork
454 155 has taken a fork
454 56 is sleeping
455 59 is sleeping
455 109 is eating
455 121 has taken a fork
455 64 is sleeping
455 180 is thinking
455 181 is thinking
456 63 is sleeping
456 65 is sleeping
456 66 is sleeping
456 61 is sleeping
456 58 is sleeping
457 57 is sleeping
457 62 is sleeping
457 156 has taken a fork
457 157 has taken a fork
457 68 is sleeping
457 69 is sleeping
457 67 is sleeping
458 70 is sleeping
458 71 is sleeping
458 60 is sleeping
458 73 is sleeping
458 160 has taken a fork
458 72 is sleeping
459 75 is sleeping
459 77 is sleeping
459 167 has taken a fork
460 163 has taken a fork
460 122 has taken a fork
460 79 is sleeping
461 165 has taken a fork
461 123 has taken a fork
461 76 is sleeping
461 74 is sleeping
462 81 is sleeping
462 182 is thinking
463 161 has taken a fork
463 83 is sleeping
463 78 is sleeping
463 183 is thinking
463 184 is thinking
463 154 has taken a fork
463 82 is sleeping
463 80 is sleeping
463 158 has taken a fork
464 162 has taken a fork
464 164 has taken a fork
465 159 has taken a fork
466 126 has taken a fork
466 128 has taken a fork
466 115 is eating
466 185 is thinking
466 187 is thinking
466 166 has taken a fork
466 120 is eating
466 87 is sleeping
466 124 has taken a fork
466 129 has taken a fork
466 186 is thinking
466 114 is eating
468 168 has taken a fork
468 191 is thinking
469 169 has taken a fork
469 188 is thinking
469 189 is thinking
470 84 is sleeping
470 190 is thinking
470 130 has taken a fork
470 131 has taken a fork
470 113 is eating
471 112 is eating
471 194 is thinking
471 192 is thinking
471 193 is thinking
471 195 is thinking
471 196 is thinking
472 118 is eating
473 119 is eating
473 132 has taken a fork
473 198 is thinking
474 85 is sleeping
474 199 is thinking
474 200 is thinking
474 197 is thinking
474 171 has taken a fork
475 170 has taken a fork
475 127 has taken a fork
475 89 is sleeping
475 134 has taken a fork
475 136 has taken a fork
476 133 has taken a fork
476 116 is eating
476 117 is eating
476 86 is sleeping
476 135 has taken a fork
476 137 has taken a fork
477 93 is sleeping
478 141 has taken a fork
478 143 has taken a fork
478 147 has taken a fork
478 88 is sleeping
478 138 has taken a fork
478 140 has taken a fork
479 139 has taken a fork
480 172 has taken a fork
482 173 has taken a fork
482 175 has taken a fork
483 142 has taken a fork
483 145 has taken a fork
483 91 is sleeping
483 148 has taken a fork
484 90 is sleeping
484 144 has taken a fork
484 149 has taken a fork
484 146 has taken a fork
484 92 is sleeping
484 150 has taken a fork
484 95 is sleeping
484 97 is sleeping
484 94 is sleeping
484 96 is sleeping
485 99 is sleeping
485 98 is sleeping
485 151 has taken a fork
485 153 has taken a fork
486 100 is sleeping
486 177 has taken a fork
486 178 has taken a fork
487 179 has taken a fork
488 174 has taken a fork
489 176 has taken a fork
489 125 is eating
490 152 has taken a fork
490 155 has taken a fork
490 121 is eating
491 180 has taken a fork
492 181 has taken a fork
492 156 has taken a fork
492 157 has taken a fork
494 160 has taken a fork
495 167 has taken a fork
496 163 has taken a fork
496 122 is eating
498 165 has taken a fork
499 123 is eating
499 182 has taken a fork
500 161 has taken a fork
500 183 has taken a fork
500 184 has taken a fork
501 154 has taken a fork
501 158 has taken a fork
501 162 has taken a fork
501 164 has taken a fork
501 159 has taken a fork
501 126 is eating
502 128 is eating
502 185 has taken a fork
502 187 has taken a fork
502 166 has taken a fork
502 124 is eating
503 129 is eating
503 186 has taken a fork
505 168 has taken a fork
505 191 has taken a fork
506 169 has taken a fork
506 188 has taken a fork
507 189 has taken a fork
507 190 has taken a fork
507 130 is eating
508 131 is eating
508 194 has taken a fork
508 192 has taken a fork
508 193 has taken a fork
509 195 has taken a fork
509 196 has taken a fork
509 132 is eating
510 198 has taken a fork
510 199 has taken a fork
510 200 has taken a fork
511 197 has taken a fork
511 171 has taken a fork
511 1 is thinking
511 170 has taken a fork
511 127 is eating
511 134 is eating
511 136 is eating
511 133 is eating
511 135 is eating
511 137 is eating
511 13 is thinking
512 141 is eating
512 101 is sleeping
512 4 is thinking
512 143 is eating
512 147 is eating
512 138 is eating
512 140 is eating
512 139 is eating
512 3 is thinking
513 8 is thinking
513 172 has taken a fork
513 10 is thinking
513 173 has taken a fork
513 175 has taken a fork
513 142 is eating
513 145 is eating
514 148 is eating
514 144 is eating
514 149 is eating
514 146 is eating
514 150 is eating
515 9 is thinking
515 2 is thinking
515 151 is eating
515 153 is eating
515 177 has taken a fork
515 178 has taken a fork
515 179 has taken a fork
515 174 has taken a fork
515 108 is sleeping
516 176 has taken a fork
516 102 is sleeping
517 152 is eating
517 103 is sleeping
517 6 is thinking
517 155 is eating
517 180 has taken a fork
517 181 has taken a fork
518 156 is eating
518 157 is eating
519 7 is thinking
519 104 is sleeping
520 160 is eating
521 105 is sleeping
521 167 is eating
522 11 is thinking
523 163 is eating
525 165 is eating
526 182 has taken a fork
526 5 is thinking
528 161 is eating
528 183 has taken a fork
529 184 has taken a fork
530 17 is thinking
530 154 is eating
530 158 is eating
532 162 is eating
532 164 is eating
532 159 is eating
532 15 is thinking
533 106 is sleeping
534 12 is thinking
534 185 has taken a fork
534 187 has taken a fork
534 166 is eating
535 14 is thinking
535 16 is thinking
536 19 is thinking
537 186 has taken a fork
538 168 is eating
538 191 has taken a fork
538 23 is thinking
538 18 is thinking
538 111 is sleeping
540 169 is eating
540 188 has taken a fork
540 189 has taken a fork
540 190 has taken a fork
541 194 has taken a fork
541 192 has taken a fork
542 193 has taken a fork
542 195 has taken a fork
542 196 has taken a fork
542 198 has taken a fork
542 199 has taken a fork
542 200 has taken a fork
542 197 has taken a fork
542 171 is eating
542 1 has taken a fork
544 170 is eating
545 13 has taken a fork
545 110 is sleeping
545 4 has taken a fork
546 3 has taken a fork
547 8 has taken a fork
550 172 is eating
551 10 has taken a fork
552 173 is eating
554 175 is eating
554 9 has taken a fork
554 2 has taken a fork
555 177 is eating
555 178 is eating
556 179 is eating
556 174 is eating
556 107 is sleeping
559 26 is thinking
559 25 is thinking
559 176 is eating
560 21 is thinking
560 6 has taken a fork
561 180 is eating
561 20 is thinking
561 181 is eating
562 7 has taken a fork
562 109 is sleeping
562 11 has taken a fork
562 115 is sleeping
562 120 is sleeping
562 182 is eating
563 5 has taken a fork
563 114 is sleeping
563 22 is thinking
564 27 is thinking
564 183 is eating
569 28 is thinking
569 112 is sleeping
569 184 is eating
569 113 is sleeping
569 17 has taken a fork
569 29 is thinking
569 118 is sleeping
569 33 is thinking
570 119 is sleeping
570 24 is thinking
571 15 has taken a fork
571 117 is sleeping
571 35 is thinking
571 12 has taken a fork
571 185 is eating
571 187 is eating
572 116 is sleeping
572 14 has taken a fork
572 16 has taken a fork
572 31 is thinking
572 34 is thinking
572 30 is thinking
573 19 has taken a fork
574 32 is thinking
574 40 is thinking
574 38 is thinking
574 186 is eating
575 36 is thinking
575 45 is thinking
575 41 is thinking
575 39 is thinking
577 42 is thinking
579 191 is eating
579 23 has taken a fork
579 18 has taken a fork
579 37 is thinking
579 188 is eating
579 189 is eating
579 190 is eating
581 46 is thinking
581 44 is thinking
581 194 is eating
581 192 is eating
581 52 is thinking
581 193 is eating
581 195 is eating
581 196 is eating
581 198 is eating
581 199 is eating
581 200 is eating
581 197 is eating
581 1 has taken a fork
581 48 is thinking
581 125 is sleeping
581 121 is sleeping
582 47 is thinking
582 13 has taken a fork
583 4 has taken a fork
583 55 is thinking
583 43 is thinking
583 49 is thinking
583 51 is thinking
583 3 has taken a fork
583 50 is thinking
583 122 is sleeping
583 54 is thinking
584 8 has taken a fork
584 123 is sleeping
584 126 is sleeping
584 53 is thinking
584 10 has taken a fork
584 128 is sleeping
584 124 is sleeping
584 129 is sleeping
584 56 is thinking
584 9 has taken a fork
584 2 has taken a fork
588 130 is sleeping
588 64 is thinking
588 59 is thinking
588 66 is thinking
589 61 is thinking
589 58 is thinking
589 131 is sleeping
590 63 is thinking
590 65 is thinking
590 68 is thinking
590 132 is sleeping
591 62 is thinking
591 67 is thinking
592 69 is thinking
593 57 is thinking
593 70 is thinking
593 72 is thinking
593 60 is thinking
593 73 is thinking
593 127 is sleeping
593 71 is thinking
593 133 is sleeping
594 77 is thinking
594 134 is sleeping
594 136 is sleeping
594 75 is thinking
594 26 has taken a fork
594 25 has taken a fork
594 137 is sleeping
594 135 is sleeping
595 79 is thinking
595 21 has taken a fork
595 6 has taken a fork
595 143 is sleeping
595 140 is sleeping
595 138 is sleeping
595 76 is thinking
595 139 is sleeping
596 147 is sleeping
596 141 is sleeping
596 74 is thinking
596 20 has taken a fork
596 7 has taken a fork
597 81 is thinking
597 11 has taken a fork
597 145 is sleeping
598 78 is thinking
598 82 is thinking
599 142 is sleeping
599 83 is thinking
599 80 is thinking
600 5 has taken a fork
601 22 has taken a fork
601 144 is sleeping
601 27 has taken a fork
602 149 is sleeping
602 148 is sleeping
602 146 is sleeping
602 150 is sleeping
602 153 is sleeping
602 151 is sleeping
603 152 is sleeping
603 155 is sleeping
604 87 is thinking
605 156 is sleeping
605 157 is sleeping
605 28 has taken a fork
605 17 has taken a fork
606 29 has taken a fork
607 33 has taken a fork
607 84 is thinking
608 24 has taken a fork
608 160 is sleeping
609 15 has taken a fork
609 35 has taken a fork
609 12 has taken a fork
610 14 has taken a fork
611 16 has taken a fork
612 31 has taken a fork
613 34 has taken a fork
613 30 has taken a fork
614 167 is sleeping
615 163 is sleeping
615 19 has taken a fork
615 85 is thinking
616 32 has taken a fork
617 40 has taken a fork
617 38 has taken a fork
618 36 has taken a fork
618 165 is sleeping
619 89 is thinking
620 45 has taken a fork
620 86 is thinking
620 161 is sleeping
620 93 is thinking
621 39 has taken a fork
621 88 is thinking
621 154 is sleeping
622 158 is sleeping
622 41 has taken a fork
623 42 has taken a fork
624 23 has taken a fork
624 18 has taken a fork
624 37 has taken a fork
624 162 is sleeping
625 159 is sleeping
625 164 is sleeping
625 46 has taken a fork
626 44 has taken a fork
626 52 has taken a fork
626 1 is eating
627 48 has taken a fork
627 47 has taken a fork
627 13 is eating
628 91 is thinking
628 166 is sleeping
628 4 is eating
628 55 has taken a fork
628 43 has taken a fork
629 49 has taken a fork
629 51 has taken a fork
629 3 is eating
629 50 has taken a fork
629 54 has taken a fork
631 8 is eating
631 94 is thinking
631 53 has taken a fork
631 90 is thinking
631 97 is thinking
631 96 is thinking
631 10 is eating
632 56 has taken a fork
632 9 is eating
632 2 is eating
632 92 is thinking
632 95 is thinking
632 99 is thinking
633 98 is thinking
634 168 is sleeping
634 100 is thinking
635 169 is sleeping
635 64 has taken a fork
635 59 has taken a fork
636 66 has taken a fork
636 171 is sleeping
636 61 has taken a fork
636 58 has taken a fork
636 170 is sleeping
636 63 has taken a fork
637 65 has taken a fork
637 68 has taken a fork
637 62 has taken a fork
638 67 has taken a fork
638 69 has taken a fork
638 57 has taken a fork
638 70 has taken a fork
639 72 has taken a fork
640 60 has taken a fork
640 26 has taken a fork
640 25 has taken a fork
640 21 has taken a fork
640 6 is eating
641 172 is sleeping
641 73 has taken a fork
641 173 is sleeping
642 71 has taken a fork
643 20 has taken a fork
643 7 is eating
643 11 is eating
643 175 is sleeping
643 77 has taken a fork
643 5 is eating
643 22 has taken a fork
643 27 has taken a fork
643 178 is sleeping
643 177 is sleeping
643 75 has taken a fork
643 179 is sleeping
644 76 has taken a fork
645 79 has taken a fork
645 174 is sleeping
646 28 has taken a fork
646 74 has taken a fork
647 17 is eating
647 176 is sleeping
647 29 has taken a fork
647 81 has taken a fork
647 33 has taken a fork
647 180 is sleeping
647 181 is sleeping
647 24 has taken a fork
647 82 has taken a fork
648 78 has taken a fork
648 15 is eating
648 35 has taken a fork
649 12 is eating
650 16 is eating
651 14 is eating
651 182 is sleeping
651 101 is thinking
651 31 has taken a fork
652 34 has taken a fork
653 83 has taken a fork
653 30 has taken a fork
653 183 is sleeping
654 80 has taken a fork
655 108 is thinking
656 19 is eating
656 184 is sleeping
658 87 has taken a fork
659 32 has taken a fork
659 102 is thinking
660 40 has taken a fork
660 103 is thinking
661 38 has taken a fork
661 36 has taken a fork
661 187 is sleeping
661 185 is sleeping
662 104 is thinking
662 85 has taken a fork
662 186 is sleeping
663 84 has taken a fork
664 45 has taken a fork
664 89 has taken a fork
665 39 has taken a fork
666 105 is thinking
667 41 has taken a fork
668 42 has taken a fork
668 23 is eating
669 18 is eating
669 189 is sleeping
669 191 is sleeping
669 188 is sleeping
671 37 has taken a fork
672 86 has taken a fork
672 190 is sleeping
672 93 has taken a fork
673 88 has taken a fork
675 46 has taken a fork
675 194 is sleeping
675 193 is sleeping
675 196 is sleeping
675 195 is sleeping
675 192 is sleeping
676 44 has taken a fork
677 52 has taken a fork
677 198 is sleeping
678 48 has taken a fork
678 47 has taken a fork
678 197 is sleeping
679 200 is sleeping
679 199 is sleeping
680 91 has taken a fork
680 55 has taken a fork
681 43 has taken a fork
682 49 has taken a fork
682 51 has taken a fork
682 50 has taken a fork
683 54 has taken a fork
683 94 has taken a fork
684 53 has taken a fork
685 90 has taken a fork
685 97 has taken a fork
686 96 has taken a fork
686 56 has taken a fork
687 92 has taken a fork
687 95 has taken a fork
688 99 has taken a fork
689 106 is thinking
689 98 has taken a fork
690 100 has taken a fork
690 64 has taken a fork
691 59 has taken a fork
692 66 has taken a fork
692 61 has taken a fork
692 58 has taken a fork
692 63 has taken a fork
692 65 has taken a fork
693 68 has taken a fork
693 62 has taken a fork
693 67 has taken a fork
694 69 has taken a fork
694 111 is thinking
695 57 has taken a fork
695 70 has taken a fork
696 72 has taken a fork
697 60 has taken a fork
699 26 is eating
699 25 is eating
699 21 is eating
699 73 has taken a fork
699 71 has taken a fork
700 20 is eating
700 77 has taken a fork
700 22 is eating
701 27 is eating
701 75 has taken a fork
702 76 has taken a fork
702 110 is thinking
702 79 has taken a fork
703 28 is eating
704 74 has taken a fork
704 29 is eating
704 81 has taken a fork
704 33 is eating
704 24 is eating
704 82 has taken a fork
704 78 has taken a fork
704 35 is eating
704 31 is eating
704 34 is eating
704 83 has taken a fork
704 30 is eating
704 80 has taken a fork
705 107 is thinking
705 87 has taken a fork
705 32 is eating
705 40 is eating
705 38 is eating
705 36 is eating
705 109 is thinking
705 115 is thinking
705 120 is thinking
705 85 has taken a fork
706 114 is thinking
706 84 has taken a fork
706 45 is eating
706 89 has taken a fork
706 39 is eating
706 41 is eating
706 42 is eating
706 112 is thinking
706 1 is sleeping
706 113 is thinking
706 13 is sleeping
706 101 has taken a fork
707 108 has taken a fork
707 117 is thinking
707 3 is sleeping
708 37 is eating
708 118 is thinking
708 119 is thinking
708 4 is sleeping
708 86 has taken a fork
708 116 is thinking
708 103 has taken a fork
708 93 has taken a fork
709 102 has taken a fork
709 10 is sleeping
710 8 is sleeping
710 88 has taken a fork
710 105 has taken a fork
710 2 is sleeping
710 9 is sleeping
712 104 has taken a fork
712 46 is eating
712 44 is eating
712 52 is eating
712 48 is eating
712 47 is eating
712 6 is sleeping
712 91 has taken a fork
712 55 is eating
713 121 is thinking
714 7 is sleeping
715 125 is thinking
715 43 is eating
715 49 is eating
715 51 is eating
715 50 is eating
715 122 is thinking
716 11 is sleeping
716 54 is eating
717 128 is thinking
717 94 has taken a fork
718 123 is thinking
718 129 is thinking
719 126 is thinking
719 124 is thinking
719 53 is eating
720 5 is sleeping
720 90 has taken a fork
720 97 has taken a fork
720 96 has taken a fork
720 56 is eating
720 92 has taken a fork
720 95 has taken a fork
720 99 has taken a fork
721 130 is thinking
721 106 has taken a fork
721 17 is sleeping
722 131 is thinking
722 98 has taken a fork
723 132 is thinking
723 100 has taken a fork
723 64 is eating
724 15 is sleeping
724 59 is eating
725 66 is eating
725 61 is eating
725 58 is eating
725 63 is eating
725 65 is eating
725 133 is thinking
727 127 is thinking
727 12 is sleeping
727 14 is sleeping
727 68 is eating
727 16 is sleeping
727 62 is eating
728 67 is eating
728 136 is thinking
730 134 is thinking
730 69 is eating
731 137 is thinking
731 111 has taken a fork
732 140 is thinking
733 139 is thinking
733 138 is thinking
734 143 is thinking
736 135 is thinking
736 57 is eating
736 70 is eating
738 141 is thinking
738 19 is sleeping
739 147 is thinking
739 72 is eating
740 145 is thinking
740 60 is eating
740 142 is thinking
740 73 is eating
740 71 is eating
740 77 is eating
741 144 is thinking
741 75 is eating
743 146 is thinking
743 151 is thinking
743 150 is thinking
744 153 is thinking
745 149 is thinking
746 148 is thinking
746 76 is eating
747 110 has taken a fork
747 79 is eating
747 155 is thinking
747 23 is sleeping
747 152 is thinking
747 74 is eating
747 18 is sleeping
748 81 is eating
748 82 is eating
748 78 is eating
749 83 is eating
749 80 is eating
749 157 is thinking
749 107 has taken a fork
749 87 is eating
749 156 is thinking
749 109 has taken a fork
750 115 has taken a fork
750 120 has taken a fork
751 85 is eating
751 114 has taken a fork
751 84 is eating
751 89 is eating
751 112 has taken a fork
751 113 has taken a fork
751 101 has taken a fork
751 108 has taken a fork
752 117 has taken a fork
752 160 is thinking
752 118 has taken a fork
752 119 has taken a fork
752 86 is eating
752 116 has taken a fork
752 103 has taken a fork
752 93 is eating
753 102 has taken a fork
754 88 is eating
754 105 has taken a fork
754 104 has taken a fork
755 91 is eating
756 167 is thinking
756 163 is thinking
756 94 is eating
757 165 is thinking
757 161 is thinking
757 90 is eating
757 97 is eating
757 96 is eating
757 92 is eating
758 95 is eating
758 99 is eating
758 154 is thinking
758 106 has taken a fork
758 158 is thinking
759 98 is eating
759 100 is eating
759 159 is thinking
759 162 is thinking
759 164 is thinking
760 166 is thinking
761 25 is sleeping
762 121 has taken a fork
763 26 is sleeping
764 125 has taken a fork
764 21 is sleeping
764 20 is sleeping
764 122 has taken a fork
764 111 has taken a fork
764 22 is sleeping
765 123 has taken a fork
767 128 has taken a fork
767 27 is sleeping
768 168 is thinking
770 129 has taken a fork
770 169 is thinking
770 171 is thinking
770 28 is sleeping
771 170 is thinking
772 126 has taken a fork
772 29 is sleeping
772 124 has taken a fork
773 24 is sleeping
773 130 has taken a fork
773 33 is sleeping
774 131 has taken a fork
774 31 is sleeping
774 30 is sleeping
774 35 is sleeping
775 34 is sleeping
775 133 has taken a fork
775 38 is sleeping
775 40 is sleeping
776 36 is sleeping
776 32 is sleeping
777 132 has taken a fork
781 127 has taken a fork
781 45 is sleeping
781 136 has taken a fork
781 139 has taken a fork
781 137 has taken a fork
781 134 has taken a fork
782 172 is thinking
782 39 is sleeping
782 173 is thinking
782 41 is sleeping
783 175 is thinking
783 42 is sleeping
785 179 is thinking
785 177 is thinking
786 178 is thinking
788 138 has taken a fork
788 143 has taken a fork
789 37 is sleeping
789 140 has taken a fork
789 135 has taken a fork
790 174 is thinking
791 141 has taken a fork
791 147 has taken a fork
793 181 is thinking
793 44 is sleeping
794 176 is thinking
794 110 has taken a fork
794 52 is sleeping
794 46 is sleeping
794 47 is sleeping
794 48 is sleeping
794 180 is thinking
795 151 has taken a fork
796 145 has taken a fork
797 144 has taken a fork
798 146 has taken a fork
799 142 has taken a fork
799 55 is sleeping
799 150 has taken a fork
799 43 is sleeping
799 50 is sleeping
799 51 is sleeping
799 49 is sleeping
800 107 has taken a fork
800 153 has taken a fork
800 109 has taken a fork
801 149 has taken a fork
801 54 is sleeping
801 115 has taken a fork
801 120 has taken a fork
801 148 has taken a fork
801 114 has taken a fork
801 112 has taken a fork
801 113 has taken a fork
802 101 is eating
802 108 is eating
802 182 is thinking
803 155 has taken a fork
803 56 is sleeping
803 53 is sleeping
803 152 has taken a fork
804 156 has taken a fork
805 117 has taken a fork
806 118 has taken a fork
806 119 has taken a fork
806 157 has taken a fork
807 116 has taken a fork
807 103 is eating
807 102 is eating
809 183 is thinking
809 105 is eating
811 104 is eating
811 64 is sleeping
811 59 is sleeping
811 160 has taken a fork
811 167 has taken a fork
812 184 is thinking
812 66 is sleeping
812 58 is sleeping
812 61 is sleeping
813 165 has taken a fork
814 163 has taken a fork
814 161 has taken a fork
815 63 is sleeping
815 65 is sleeping
815 154 has taken a fork
815 106 is eating
815 158 has taken a fork
815 62 is sleeping
815 68 is sleeping
815 159 has taken a fork
816 162 has taken a fork
816 67 is sleeping
816 164 has taken a fork
816 69 is sleeping
816 187 is thinking
816 185 is thinking
816 166 has taken a fork
817 186 is thinking
818 121 has taken a fork
819 125 has taken a fork
819 122 has taken a fork
819 111 is eating
820 70 is sleeping
820 57 is sleeping
822 123 has taken a fork
822 72 is sleeping
822 60 is sleeping
822 128 has taken a fork
822 73 is sleeping
822 71 is sleeping
823 168 has taken a fork
823 77 is sleeping
824 191 is thinking
825 129 has taken a fork
825 188 is thinking
825 189 is thinking
825 169 has taken a fork
825 171 has taken a fork
825 170 has taken a fork
826 190 is thinking
826 126 has taken a fork
826 75 is sleeping
827 124 has taken a fork
828 130 has taken a fork
828 131 has taken a fork
828 192 is thinking
829 194 is thinking
829 195 is thinking
829 193 is thinking
830 196 is thinking
831 76 is sleeping
831 133 has taken a fork
831 74 is sleeping
831 79 is sleeping
831 81 is sleeping
831 198 is thinking
832 132 has taken a fork
832 78 is sleeping
832 82 is sleeping
832 199 is thinking
832 200 is thinking
832 83 is sleeping
833 197 is thinking
833 127 has taken a fork
833 136 has taken a fork
834 139 has taken a fork
834 137 has taken a fork
834 134 has taken a fork
834 80 is sleeping
834 172 has taken a fork
834 173 has taken a fork
834 87 is sleeping
834 175 has taken a fork
834 85 is sleeping
834 179 has taken a fork
834 177 has taken a fork
834 84 is sleeping
834 89 is sleeping
834 178 has taken a fork
834 86 is sleeping
834 138 has taken a fork
834 143 has taken a fork
834 93 is sleeping
835 140 has taken a fork
835 135 has taken a fork
835 88 is sleeping
835 174 has taken a fork
835 141 has taken a fork
836 147 has taken a fork
836 91 is sleeping
836 181 has taken a fork
837 94 is sleeping
837 97 is sleeping
837 90 is sleeping
837 96 is sleeping
837 176 has taken a fork
837 110 is eating
838 180 has taken a fork
838 99 is sleeping
838 92 is sleeping
838 95 is sleeping
838 151 has taken a fork
838 98 is sleeping
838 145 has taken a fork
839 100 is sleeping
839 144 has taken a fork
839 146 has taken a fork
839 142 has taken a fork
839 150 has taken a fork
839 107 is eating
839 153 has taken a fork
839 109 is eating
839 149 has taken a fork
839 115 is eating
839 120 is eating
840 148 has taken a fork
840 114 is eating
840 112 is eating
840 113 is eating
840 182 has taken a fork
840 155 has taken a fork
841 152 has taken a fork
841 156 has taken a fork
841 117 is eating
841 13 is thinking
841 118 is eating
841 119 is eating
842 1 is thinking
842 157 has taken a fork
842 116 is eating
843 3 is thinking
843 10 is thinking
843 4 is thinking
843 183 has taken a fork
843 2 is thinking
843 8 is thinking
844 9 is thinking
844 160 has taken a fork
844 167 has taken a fork
845 6 is thinking
845 184 has taken a fork
845 165 has taken a fork
845 163 has taken a fork
846 7 is thinking
846 161 has taken a fork
846 154 has taken a fork
847 158 has taken a fork
847 159 has taken a fork
847 162 has taken a fork
848 164 has taken a fork
848 187 has taken a fork
849 185 has taken a fork
849 11 is thinking
849 166 has taken a fork
850 186 has taken a fork
851 121 is eating
851 125 is eating
851 122 is eating
854 5 is thinking
854 123 is eating
855 17 is thinking
856 128 is eating
856 168 has taken a fork
856 15 is thinking
856 191 has taken a fork
856 129 is eating
857 188 has taken a fork
858 189 has taken a fork
858 169 has taken a fork
860 171 has taken a fork
860 170 has taken a fork
860 190 has taken a fork
860 126 is eating
861 16 is thinking
863 14 is thinking
864 12 is thinking
864 124 is eating
865 130 is eating
865 131 is eating
865 192 has taken a fork
865 194 has taken a fork
866 195 has taken a fork
866 193 has taken a fork
867 196 has taken a fork
867 133 is eating
867 198 has taken a fork
868 132 is eating
868 199 has taken a fork
868 200 has taken a fork
869 197 has taken a fork
869 127 is eating
869 136 is eating
869 139 is eating
869 137 is eating
870 134 is eating
870 172 has taken a fork
870 173 has taken a fork
871 175 has taken a fork
871 179 has taken a fork
871 177 has taken a fork
872 178 has taken a fork
872 138 is eating
873 143 is eating
873 140 is eating
873 135 is eating
874 174 has taken a fork
874 141 is eating
875 108 is sleeping
875 147 is eating
875 101 is sleeping
876 181 has taken a fork
877 176 has taken a fork
877 180 has taken a fork
878 19 is thinking
878 151 is eating
878 145 is eating
878 144 is eating
878 146 is eating
878 142 is eating
878 150 is eating
878 153 is eating
879 149 is eating
879 148 is eating
880 102 is sleeping
880 103 is sleeping
880 182 has taken a fork
880 155 is eating
880 152 is eating
880 156 is eating
882 105 is sleeping
884 13 has taken a fork
885 1 has taken a fork
885 157 is eating
885 3 has taken a fork
885 104 is sleeping
885 10 has taken a fork
885 4 has taken a fork
885 183 has taken a fork
886 2 has taken a fork
886 160 is eating
887 167 is eating
887 165 is eating
888 184 has taken a fork
888 163 is eating
888 161 is eating
888 154 is eating
888 158 is eating
888 159 is eating
891 18 is thinking
892 162 is eating
894 23 is thinking
894 164 is eating
895 187 has taken a fork
895 185 has taken a fork
895 166 is eating
895 186 has taken a fork
896 106 is sleeping
896 8 has taken a fork
896 168 is eating
897 191 has taken a fork
898 111 is sleeping
898 9 has taken a fork
898 188 has taken a fork
903 189 has taken a fork
903 169 is eating
904 171 is eating
904 170 is eating
904 190 has taken a fork
905 25 is thinking
906 26 is thinking
907 192 has taken a fork
907 194 has taken a fork
907 22 is thinking
908 21 is thinking
909 20 is thinking
910 195 has taken a fork
910 193 has taken a fork
911 27 is thinking
912 196 has taken a fork
912 198 has taken a fork
912 199 has taken a fork
912 200 has taken a fork
914 197 has taken a fork
914 110 is sleeping
914 172 is eating
914 6 has taken a fork
917 28 is thinking
918 175 is eating
918 173 is eating
919 179 is eating
919 177 is eating
919 120 is sleeping
919 109 is sleeping
919 115 is sleeping
919 29 is thinking
920 178 is eating
920 7 has taken a fork
921 107 is sleeping
921 11 has taken a fork
922 5 has taken a fork
923 24 is thinking
923 114 is sleeping
923 113 is sleeping
923 112 is sleeping
923 15 has taken a fork
924 117 is sleeping
924 174 is eating
925 17 has taken a fork
925 30 is thinking
926 35 is thinking
927 33 is thinking
927 31 is thinking
928 14 has taken a fork
928 16 has taken a fork
928 34 is thinking
928 119 is sleeping
929 38 is thinking
929 40 is thinking
930 116 is sleeping
930 118 is sleeping
930 36 is thinking
930 32 is thinking
930 181 is eating
930 176 is eating
930 12 has taken a fork
931 180 is eating
931 19 has taken a fork
931 182 is eating
932 45 is thinking
934 39 is thinking
936 41 is thinking
937 42 is thinking
937 13 has taken a fork
937 1 has taken a fork
938 3 has taken a fork
938 10 has taken a fork
938 4 has taken a fork
938 183 is eating
938 2 has taken a fork
939 184 is eating
939 37 is thinking
939 125 is sleeping
939 121 is sleeping
940 18 has taken a fork
940 122 is sleeping
941 44 is thinking
941 123 is sleeping
941 23 has taken a fork
941 52 is thinking
941 46 is thinking
942 128 is sleeping
942 48 is thinking
942 47 is thinking
942 187 is eating
942 129 is sleeping
942 185 is eating
943 186 is eating
943 8 has taken a fork
946 191 is eating
946 126 is sleeping
946 9 has taken a fork
947 188 is eating
947 55 is thinking
947 51 is thinking
948 49 is thinking
948 43 is thinking
948 50 is thinking
948 130 is sleeping
949 124 is sleeping
949 131 is sleeping
949 133 is sleeping
949 53 is thinking
949 56 is thinking
952 189 is eating
954 54 is thinking
954 190 is eating
954 132 is sleeping
954 136 is sleeping
954 139 is sleeping
954 137 is sleeping
954 127 is sleeping
954 25 has taken a fork
954 134 is sleeping
954 26 has taken a fork
954 192 is eating
954 194 is eating
954 22 has taken a fork
954 138 is sleeping
954 143 is sleeping
955 21 has taken a fork
955 135 is sleeping
956 140 is sleeping
956 20 has taken a fork
956 141 is sleeping
956 195 is eating
956 193 is eating
956 59 is thinking
956 64 is thinking
956 147 is sleeping
956 27 has taken a fork
956 61 is thinking
956 58 is thinking
956 66 is thinking
956 196 is eating
956 198 is eating
956 199 is eating
956 200 is eating
956 142 is sleeping
956 146 is sleeping
956 144 is sleeping
956 145 is sleeping
956 150 is sleeping
956 151 is sleeping
957 197 is eating
957 153 is sleeping
957 6 has taken a fork
957 62 is thinking
958 63 is thinking
958 149 is sleeping
958 65 is thinking
959 148 is sleeping
959 155 is sleeping
959 152 is sleeping
959 156 is sleeping
959 69 is thinking
959 68 is thinking
959 67 is thinking
960 28 has taken a fork
961 157 is sleeping
961 29 has taken a fork
961 70 is thinking
962 57 is thinking
962 7 has taken a fork
962 160 is sleeping
962 11 has taken a fork
963 73 is thinking
963 60 is thinking
964 71 is thinking
964 165 is sleeping
964 167 is sleeping
964 72 is thinking
964 5 has taken a fork
965 77 is thinking
965 24 has taken a fork
965 158 is sleeping
965 15 has taken a fork
965 161 is sleeping
966 154 is sleeping
966 163 is sleeping
966 159 is sleeping
966 17 has taken a fork
966 30 has taken a fork
966 162 is sleeping
966 35 has taken a fork
966 75 is thinking
967 33 has taken a fork
967 31 has taken a fork
967 14 has taken a fork
968 16 has taken a fork
968 34 has taken a fork
968 164 is sleeping
968 166 is sleeping
969 38 has taken a fork
970 40 has taken a fork
971 36 has taken a fork
971 32 has taken a fork
971 12 has taken a fork
972 81 is thinking
972 74 is thinking
973 79 is thinking
974 19 has taken a fork
974 76 is thinking
975 82 is thinking
975 83 is thinking
975 45 has taken a fork
975 168 is sleeping
975 78 is thinking
976 85 is thinking
976 87 is thinking
978 84 is thinking
978 89 is thinking
978 86 is thinking
979 80 is thinking
979 93 is thinking
979 39 has taken a fork
980 88 is thinking
982 91 is thinking
983 41 has taken a fork
984 97 is thinking
984 90 is thinking
984 169 is sleeping
984 94 is thinking
984 171 is sleeping
985 96 is thinking
985 42 has taken a fork
985 13 is eating
985 1 is eating
985 3 is eating
985 170 is sleeping
985 99 is thinking
986 95 is thinking
986 92 is thinking
986 10 is eating
988 98 is thinking
988 4 is eating
988 2 is eating
988 100 is thinking
989 37 has taken a fork
989 18 has taken a fork
989 44 has taken a fork
990 23 has taken a fork
990 52 has taken a fork
990 46 has taken a fork
991 48 has taken a fork
992 47 has taken a fork
992 8 is eating
992 9 is eating
992 55 has taken a fork
993 51 has taken a fork
994 172 is sleeping
995 49 has taken a fork
995 43 has taken a fork
995 50 has taken a fork
996 53 has taken a fork
997 56 has taken a fork
997 173 is sleeping
997 175 is sleeping
997 177 is sleeping
997 179 is sleeping
997 178 is sleeping
997 54 has taken a fork
997 25 has taken a fork
998 26 has taken a fork
999 22 has taken a fork
1000 21 has taken a fork
1000 20 has taken a fork
1000 59 has taken a fork
1001 64 has taken a fork
1002 27 has taken a fork
1006 61 has taken a fork
1007 58 has taken a fork
1011 66 has taken a fork
1011 174 is sleeping
1011 6 is eating
1012 62 has taken a fork
1014 63 has taken a fork
1016 65 has taken a fork
1017 69 has taken a fork
1017 68 has taken a fork
1017 67 has taken a fork
1019 28 has taken a fork
1020 29 has taken a fork
1020 70 has taken a fork
1020 176 is sleeping
1020 181 is sleeping
1022 57 has taken a fork
1022 7 is eating
1022 11 is eating
1022 180 is sleeping
1022 73 has taken a fork
1022 60 has taken a fork
1023 71 has taken a fork
1023 72 has taken a fork
1023 5 is eating
1024 77 has taken a fork
1024 24 has taken a fork
1025 15 is eating
1025 17 is eating
1026 30 has taken a fork
1027 35 has taken a fork
1027 75 has taken a fork
1027 182 is sleeping
1030 33 has taken a fork
1031 31 has taken a fork
1032 14 is eating
1032 16 is eating
1032 34 has taken a fork
1033 38 has taken a fork
1033 40 has taken a fork
1034 36 has taken a fork
1035 32 has taken a fork
1035 12 is eating
1036 81 has taken a fork
1036 74 has taken a fork
1036 79 has taken a fork
1036 19 is eating
1036 183 is sleeping
1038 76 has taken a fork
1039 101 is thinking
1039 108 is thinking
1040 82 has taken a fork
1041 83 has taken a fork
1041 45 has taken a fork
1041 78 has taken a fork
1041 184 is sleeping
1041 85 has taken a fork
1041 87 has taken a fork
1041 187 is sleeping
1042 185 is sleeping
1042 39 has taken a fork
1043 103 is thinking
1044 84 has taken a fork
1045 89 has taken a fork
1046 102 is thinking
1046 186 is sleeping
1046 86 has taken a fork
1046 105 is thinking
1047 41 has taken a fork
1047 191 is sleeping
1047 42 has taken a fork
1047 104 is thinking
1048 80 has taken a fork
1048 188 is sleeping
1049 93 has taken a fork
1049 189 is sleeping
1050 37 has taken a fork
1051 88 has taken a fork
1051 18 is eating
1051 44 has taken a fork
1052 23 is eating
1052 190 is sleeping
1052 52 has taken a fork
1053 46 has taken a fork
1053 91 has taken a fork
1054 48 has taken a fork
1054 192 is sleeping
1054 194 is sleeping
1055 47 has taken a fork
1055 97 has taken a fork
1055 90 has taken a fork
1055 55 has taken a fork
1055 193 is sleeping
1056 196 is sleeping
1056 96 has taken a fork
1056 195 is sleeping
1057 99 has taken a fork
1057 94 has taken a fork
1057 51 has taken a fork
1057 198 is sleeping
1057 200 is sleeping
1057 199 is sleeping
1058 95 has taken a fork
1058 92 has taken a fork
1058 197 is sleeping
1058 49 has taken a fork
1059 43 has taken a fork
1059 100 has taken a fork
1059 98 has taken a fork
1059 50 has taken a fork
1059 53 has taken a fork
1059 106 is thinking
1060 56 has taken a fork
1060 54 has taken a fork
1060 25 is eating
1060 111 is thinking
1060 26 is eating
1060 22 is eating
1060 21 is eating
1060 20 is eating
1061 59 has taken a fork
1061 64 has taken a fork
1061 27 is eating
1061 61 has taken a fork
1061 58 has taken a fork
1062 66 has taken a fork
1062 62 has taken a fork
1063 13 is sleeping
1063 3 is sleeping
1063 1 is sleeping
1063 63 has taken a fork
1063 10 is sleeping
1063 2 is sleeping
1063 4 is sleeping
1064 110 is thinking
1065 65 has taken a fork
1065 69 has taken a fork
1065 68 has taken a fork
1065 67 has taken a fork
1066 28 is eating
1066 29 is eating
1066 70 has taken a fork
1066 107 is thinking
1066 109 is thinking
1066 115 is thinking
1066 8 is sleeping
1066 57 has taken a fork
1067 73 has taken a fork
1067 60 has taken a fork
1070 113 is thinking
1071 120 is thinking
1073 112 is thinking
1075 114 is thinking
1075 71 has taken a fork
1075 72 has taken a fork
1075 117 is thinking
1076 77 has taken a fork
1076 24 is eating
1076 9 is sleeping
1076 30 is eating
1076 35 is eating
1076 75 has taken a fork
1076 118 is thinking
1077 116 is thinking
1077 33 is eating
1077 31 is eating
1077 119 is thinking
1078 34 is eating
1078 38 is eating
1079 40 is eating
1079 36 is eating
1079 32 is eating
1079 81 has taken a fork
1079 74 has taken a fork
1079 79 has taken a fork
1079 76 has taken a fork
1079 121 is thinking
1079 101 has taken a fork
1080 125 is thinking
1080 108 has taken a fork
1080 82 has taken a fork
1080 122 is thinking
1080 6 is sleeping
1080 83 has taken a fork
1080 123 is thinking
1080 45 is eating
1080 78 has taken a fork
1081 85 has taken a fork
1081 87 has taken a fork
1081 128 is thinking
1081 129 is thinking
1081 39 is eating
1081 103 has taken a fork
1081 84 has taken a fork
1081 89 has taken a fork
1081 126 is thinking
1082 102 has taken a fork
1082 86 has taken a fork
1082 105 has taken a fork
1082 11 is sleeping
1082 7 is sleeping
1082 41 is eating
1082 42 is eating
1082 104 has taken a fork
1082 80 has taken a fork
1082 5 is sleeping
1083 130 is thinking
1085 131 is thinking
1085 15 is sleeping
1086 133 is thinking
1086 93 has taken a fork
1086 124 is thinking
1086 37 is eating
1087 17 is sleeping
1088 88 has taken a fork
1088 44 is eating
1088 52 is eating
1088 16 is sleeping
1088 14 is sleeping
1088 46 is eating
1088 91 has taken a fork
1089 139 is thinking
1090 136 is thinking
1090 127 is thinking
1090 132 is thinking
1090 138 is thinking
1090 137 is thinking
1091 134 is thinking
1091 48 is eating
1095 143 is thinking
1097 135 is thinking
1097 47 is eating
1097 97 has taken a fork
1097 90 has taken a fork
1097 55 is eating
1097 12 is sleeping
1100 142 is thinking
1102 145 is thinking
1103 151 is thinking
1103 140 is thinking
1104 144 is thinking
1105 147 is thinking
1106 146 is thinking
1106 141 is thinking
1107 150 is thinking
1107 96 has taken a fork
1108 19 is sleeping
1109 153 is thinking
1109 99 has taken a fork
1109 94 has taken a fork
1109 51 is eating
1109 95 has taken a fork
1109 92 has taken a fork
1111 149 is thinking
1111 49 is eating
1111 148 is thinking
1112 156 is thinking
1114 152 is thinking
1114 43 is eating
1115 155 is thinking
1115 100 has taken a fork
1116 98 has taken a fork
1116 50 is eating
1117 53 is eating
1117 106 has taken a fork
1118 56 is eating
1118 54 is eating
1118 111 has taken a fork
1118 157 is thinking
1119 59 is eating
1119 64 is eating
1119 61 is eating
1120 58 is eating
1121 160 is thinking
1122 66 is eating
1123 62 is eating
1123 63 is eating
1126 167 is thinking
1127 165 is thinking
1127 158 is thinking
1127 110 has taken a fork
1127 65 is eating
1127 69 is eating
1129 161 is thinking
1129 68 is eating
1129 67 is eating
1130 159 is thinking
1132 154 is thinking
1133 163 is thinking
1134 162 is thinking
1134 70 is eating
1135 107 has taken a fork
1136 109 has taken a fork
1137 115 has taken a fork
1137 57 is eating
1137 73 is eating
1138 60 is eating
1139 166 is thinking
1141 164 is thinking
1141 113 has taken a fork
1142 18 is sleeping
1142 23 is sleeping
1143 120 has taken a fork
1143 112 has taken a fork
1144 168 is thinking
1144 114 has taken a fork
1144 71 is eating
1144 72 is eating
1144 117 has taken a fork
1144 77 is eating
1144 75 is eating
1145 118 has taken a fork
1145 116 has taken a fork
1146 119 has taken a fork
1146 81 is eating
1147 74 is eating
1147 79 is eating
1147 76 is eating
1147 101 has taken a fork
1147 108 has taken a fork
1147 82 is eating
1147 83 is eating
1148 78 is eating
1148 85 is eating
1148 87 is eating
1148 103 has taken a fork
1148 84 is eating
1148 89 is eating
1149 102 has taken a fork
1149 86 is eating
1149 105 has taken a fork
1150 104 has taken a fork
1150 80 is eating
1150 25 is sleeping
1151 121 has taken a fork
1151 26 is sleeping
1151 22 is sleeping
1151 21 is sleeping
1151 125 has taken a fork
1151 122 has taken a fork
1151 20 is sleeping
1152 128 has taken a fork
1153 170 is thinking
1153 169 is thinking
1156 123 has taken a fork
1156 171 is thinking
1157 27 is sleeping
1157 129 has taken a fork
1157 93 is eating
1158 88 is eating
1158 91 is eating
1158 28 is sleeping
1159 126 has taken a fork
1159 172 is thinking
1159 29 is sleeping
1159 130 has taken a fork
1159 97 is eating
1159 90 is eating
1159 175 is thinking
1160 178 is thinking
1161 179 is thinking
1162 177 is thinking
1164 173 is thinking
1164 24 is sleeping
1164 35 is sleeping
1166 133 has taken a fork
1166 30 is sleeping
1166 124 has taken a fork
1166 33 is sleeping
1167 139 has taken a fork
1168 131 has taken a fork
1168 34 is sleeping
1168 31 is sleeping
1169 136 has taken a fork
1170 127 has taken a fork
1170 38 is sleeping
1170 40 is sleeping
1170 132 has taken a fork
1171 36 is sleeping
1171 32 is sleeping
1171 137 has taken a fork
1171 45 is sleeping
1172 134 has taken a fork
1174 138 has taken a fork
1175 143 has taken a fork
1175 96 is eating
1175 39 is sleeping
1175 41 is sleeping
1178 135 has taken a fork
1178 99 is eating
1178 94 is eating
1179 95 is eating
1180 92 is eating
1180 42 is sleeping
1180 142 has taken a fork
1180 145 has taken a fork
1183 174 is thinking
1183 37 is sleeping
1184 151 has taken a fork
1185 44 is sleeping
1186 46 is sleeping
1186 52 is sleeping
1186 100 is eating
1186 98 is eating
1186 48 is sleeping
1186 106 has taken a fork
1186 111 has taken a fork
1187 140 has taken a fork
1188 147 has taken a fork
1189 144 has taken a fork
1189 47 is sleeping
1190 176 is thinking
1191 181 is thinking
1191 146 has taken a fork
1192 55 is sleeping
1192 141 has taken a fork
1192 150 has taken a fork
1194 180 is thinking
1195 182 is thinking
1195 110 has taken a fork
1196 51 is sleeping
1196 153 has taken a fork
1197 49 is sleeping
1197 43 is sleeping
1198 149 has taken a fork
1198 50 is sleeping
1200 148 has taken a fork
1200 53 is sleeping
1203 156 has taken a fork
1203 56 is sleeping
1205 152 has taken a fork
1205 155 has taken a fork
1205 107 has taken a fork
1205 54 is sleeping
1205 109 has taken a fork
1205 183 is thinking
1205 157 has taken a fork
1205 115 has taken a fork
1205 64 is sleeping
1205 61 is sleeping
1206 58 is sleeping
1206 59 is sleeping
1206 66 is sleeping
1208 161 has taken a fork
1208 167 has taken a fork
1208 165 has taken a fork
1209 158 has taken a fork
1209 160 has taken a fork
1209 62 is sleeping
1210 159 has taken a fork
1210 187 is thinking
1210 184 is thinking
1210 63 is sleeping
1210 113 has taken a fork
1210 185 is thinking
1210 154 has taken a fork
1210 65 is sleeping
1210 69 is sleeping
1210 120 has taken a fork
1211 162 has taken a fork
1211 163 has taken a fork
1211 112 has taken a fork
1212 68 is sleeping
1212 67 is sleeping
1212 114 has taken a fork
1212 117 has taken a fork
1212 166 has taken a fork
1213 164 has taken a fork
1213 118 has taken a fork
1213 116 has taken a fork
1213 119 has taken a fork
1213 186 is thinking
1213 191 is thinking
1213 101 is eating
1213 108 is eating
1213 188 is thinking
1213 70 is sleeping
1213 103 is eating
1213 102 is eating
1213 105 is eating
1214 57 is sleeping
1214 104 is eating
1214 189 is thinking
1214 168 has taken a fork
1214 121 has taken a fork
1214 60 is sleeping
1214 73 is sleeping
1214 125 has taken a fork
1214 122 has taken a fork
1214 128 has taken a fork
1216 190 is thinking
1217 170 has taken a fork
1218 169 has taken a fork
1218 71 is sleeping
1219 194 is thinking
1219 72 is sleeping
1219 75 is sleeping
1219 77 is sleeping
1220 193 is thinking
1221 195 is thinking
1221 192 is thinking
1222 123 has taken a fork
1222 196 is thinking
1222 171 has taken a fork
1223 199 is thinking
1224 200 is thinking
1225 129 has taken a fork
1225 198 is thinking
1225 197 is thinking
1225 126 has taken a fork
1225 81 is sleeping
1226 172 has taken a fork
1226 130 has taken a fork
1226 175 has taken a fork
1226 74 is sleeping
1226 79 is sleeping
1227 178 has taken a fork
1227 76 is sleeping
1227 83 is sleeping
1227 82 is sleeping
1231 179 has taken a fork
1231 78 is sleeping
1231 85 is sleeping
1231 87 is sleeping
1232 177 has taken a fork
1232 13 is thinking
1233 3 is thinking
1234 2 is thinking
1234 4 is thinking
1235 1 is thinking
1235 84 is sleeping
1235 89 is sleeping
1235 10 is thinking
1235 173 has taken a fork
1235 86 is sleeping
1235 8 is thinking
1235 133 has taken a fork
1235 124 has taken a fork
1237 139 has taken a fork
1237 80 is sleeping
1237 131 has taken a fork
1237 136 has taken a fork
1239 127 has taken a fork
1239 132 has taken a fork
1239 137 has taken a fork
1240 93 is sleeping
1241 134 has taken a fork
1241 91 is sleeping
1241 88 is sleeping
1242 138 has taken a fork
1244 143 has taken a fork
1244 90 is sleeping
1244 97 is sleeping
1244 9 is thinking
1245 135 has taken a fork
1249 6 is thinking
1251 142 has taken a fork
1252 7 is thinking
1253 11 is thinking
1253 5 is thinking
1253 145 has taken a fork
1253 174 has taken a fork
1253 96 is sleeping
1253 151 has taken a fork
1253 15 is thinking
1253 99 is sleeping
1253 94 is sleeping
1253 106 is eating
1253 111 is eating
1253 95 is sleeping
1253 17 is thinking
1253 92 is sleeping
1254 140 has taken a fork
1254 16 is thinking
1254 14 is thinking
1255 147 has taken a fork
1255 144 has taken a fork
1259 176 has taken a fork
1259 100 is sleeping
1259 98 is sleeping
1261 181 has taken a fork
1262 146 has taken a fork
1262 141 has taken a fork
1263 150 has taken a fork
1265 180 has taken a fork
1266 182 has taken a fork
1266 110 is eating
1269 153 has taken a fork
1269 12 is thinking
1271 149 has taken a fork
1271 148 has taken a fork
1276 156 has taken a fork
1279 152 has taken a fork
1279 155 has taken a fork
1280 107 is eating
1280 109 is eating
1280 183 has taken a fork
1280 157 has taken a fork
1280 115 is eating
1284 161 has taken a fork
1284 167 has taken a fork
1285 165 has taken a fork
1286 19 is thinking
1287 158 has taken a fork
1289 160 has taken a fork
1290 159 has taken a fork
1291 187 has taken a fork
1292 184 has taken a fork
1293 113 is eating
1293 185 has taken a fork
1296 154 has taken a fork
1297 120 is eating
1298 162 has taken a fork
1298 163 has taken a fork
1298 112 is eating
1298 114 is eating
1298 117 is eating
1298 166 has taken a fork
1298 164 has taken a fork
1298 118 is eating
1298 116 is eating
1299 119 is eating
1299 186 has taken a fork
1302 191 has taken a fork
1305 188 has taken a fork
1306 189 has taken a fork
1306 168 has taken a fork
1306 121 is eating
1306 125 is eating
1306 122 is eating
1306 128 is eating
1306 190 has taken a fork
1307 170 has taken a fork
1307 169 has taken a fork
1309 194 has taken a fork
1309 193 has taken a fork
1309 195 has taken a fork
1309 192 has taken a fork
1309 123 is eating
1309 196 has taken a fork
1309 171 has taken a fork
1310 199 has taken a fork
1310 200 has taken a fork
1310 129 is eating
1311 198 has taken a fork
1311 197 has taken a fork
1311 126 is eating
1311 101 is sleeping
1311 108 is sleeping
1311 172 has taken a fork
1311 175 has taken a fork
1311 130 is eating
1311 178 has taken a fork
1312 103 is sleeping
1312 102 is sleeping
1312 105 is sleeping
1312 104 is sleeping
1313 179 has taken a fork
1313 177 has taken a fork
1313 13 has taken a fork
1314 3 has taken a fork
1314 2 has taken a fork
1314 4 has taken a fork
1314 1 has taken a fork
1314 10 has taken a fork
1314 173 has taken a fork
1314 133 is eating
1314 124 is eating
1315 139 is eating
1315 131 is eating
1315 136 is eating
1316 127 is eating
1316 132 is eating
1316 137 is eating
1316 134 is eating
1316 23 is thinking
1316 18 is thinking
1316 138 is eating
1316 143 is eating
1318 135 is eating
1318 25 is thinking
1318 22 is thinking
1318 21 is thinking
1318 26 is thinking
1318 20 is thinking
1318 142 is eating
1318 145 is eating
1318 174 has taken a fork
1318 151 is eating
1318 140 is eating
1318 147 is eating
1318 144 is eating
1318 106 is sleeping
1318 111 is sleeping
1319 9 has taken a fork
1319 27 is thinking
1319 28 is thinking
1320 176 has taken a fork
1320 29 is thinking
1321 8 has taken a fork
1322 181 has taken a fork
1322 146 is eating
1322 141 is eating
1322 150 is eating
1322 24 is thinking
1322 35 is thinking
1325 180 has taken a fork
1325 33 is thinking
1326 182 has taken a fork
1327 30 is thinking
1327 110 is sleeping
1328 31 is thinking
1329 153 is eating
1329 6 has taken a fork
1329 34 is thinking
1329 40 is thinking
1329 32 is thinking
1329 149 is eating
1329 148 is eating
1329 45 is thinking
1329 36 is thinking
1329 38 is thinking
1330 41 is thinking
1330 39 is thinking
1330 156 is eating
1330 152 is eating
1330 155 is eating
1330 107 is sleeping
1330 109 is sleeping
1330 183 has taken a fork
1330 157 is eating
1330 115 is sleeping
1330 7 has taken a fork
1330 11 has taken a fork
1331 42 is thinking
1331 37 is thinking
1331 5 has taken a fork
1331 161 is eating
1331 167 is eating
1332 44 is thinking
1332 165 is eating
1332 48 is thinking
1332 46 is thinking
1332 52 is thinking
1332 158 is eating
1332 47 is thinking
1332 160 is eating
1332 159 is eating
1332 187 has taken a fork
1332 55 is thinking
1332 184 has taken a fork
1332 113 is sleeping
1332 185 has taken a fork
1333 15 has taken a fork
1333 51 is thinking
1333 154 is eating
1334 49 is thinking
1335 43 is thinking
1335 120 is sleeping
1337 50 is thinking
1337 17 has taken a fork
1337 162 is eating
1337 163 is eating
1337 112 is sleeping
1337 114 is sleeping
1337 117 is sleeping
1337 14 has taken a fork
1337 166 is eating
1337 164 is eating
1337 118 is sleeping
1337 116 is sleeping
1337 119 is sleeping
1337 186 has taken a fork
1337 16 has taken a fork
1337 19 has taken a fork
1338 53 is thinking
1338 191 has taken a fork
1338 12 has taken a fork
1340 56 is thinking
1340 64 is thinking
1341 61 is thinking
1342 188 has taken a fork
1342 54 is thinking
1342 59 is thinking
1343 66 is thinking
1344 58 is thinking
1344 189 has taken a fork
1344 168 is eating
1344 121 is sleeping
1344 125 is sleeping
1344 122 is sleeping
1344 128 is sleeping
1344 190 has taken a fork
1344 170 is eating
1344 169 is eating
1344 62 is thinking
1344 194 has taken a fork
1344 193 has taken a fork
1344 195 has taken a fork
1344 192 has taken a fork
1344 123 is sleeping
1344 196 has taken a fork
1344 171 is eating
1346 69 is thinking
1346 199 has taken a fork
1348 63 is thinking
1349 65 is thinking
1349 200 has taken a fork
1349 129 is sleeping
1349 198 has taken a fork
1349 197 has taken a fork
1349 126 is sleeping
1349 172 is eating
1349 175 is eating
1349 130 is sleeping
1349 178 is eating
1350 68 is thinking
1352 67 is thinking
1353 70 is thinking
1353 179 is eating
1353 177 is eating
1353 13 has taken a fork
1353 3 has taken a fork
1353 73 is thinking
1357 60 is thinking
1357 57 is thinking
1357 2 has taken a fork
1358 4 has taken a fork
1358 1 has taken a fork
1358 10 has taken a fork
1358 173 is eating
1358 133 is sleeping
1358 124 is sleeping
1358 139 is sleeping
1358 131 is sleeping
1358 136 is sleeping
1358 127 is sleeping
1359 132 is sleeping
1359 137 is sleeping
1359 134 is sleeping
1359 23 has taken a fork
1359 18 has taken a fork
1359 138 is sleeping
1359 143 is sleeping
1359 71 is thinking
1359 135 is sleeping
1360 25 has taken a fork
1360 22 has taken a fork
1360 21 has taken a fork
1360 26 has taken a fork
1360 20 has taken a fork
1360 142 is sleeping
1360 145 is sleeping
1360 174 is eating
1360 151 is sleeping
1360 72 is thinking
1363 77 is thinking
1363 140 is sleeping
1364 75 is thinking
1364 147 is sleeping
1364 9 has taken a fork
1364 27 has taken a fork
1366 28 has taken a fork
1367 144 is sleeping
1367 176 is eating
1367 29 has taken a fork
1367 8 has taken a fork
1367 181 is eating
1367 146 is sleeping
1367 141 is sleeping
1367 150 is sleeping
1367 24 has taken a fork
1368 35 has taken a fork
1369 81 is thinking
1369 180 is eating
1369 33 has taken a fork
1370 79 is thinking
1372 74 is thinking
1372 182 is eating
1372 82 is thinking
1373 76 is thinking
1373 83 is thinking
1374 30 has taken a fork
1374 31 has taken a fork
1375 153 is sleeping
1375 6 has taken a fork
1377 34 has taken a fork
1377 40 has taken a fork
1378 32 has taken a fork
1378 45 has taken a fork
1380 36 has taken a fork
1382 38 has taken a fork
1382 149 is sleeping
1384 41 has taken a fork
1386 39 has taken a fork
1386 183 is eating
1387 7 has taken a fork
1387 11 has taken a fork
1388 42 has taken a fork
1389 148 is sleeping
1389 37 has taken a fork
1390 5 has taken a fork
1390 85 is thinking
1391 78 is thinking
1392 87 is thinking
1392 155 is sleeping
1392 156 is sleeping
1392 152 is sleeping
1392 44 has taken a fork
1392 48 has taken a fork
1392 46 has taken a fork
1392 52 has taken a fork
1392 47 has taken a fork
1392 187 is eating
1395 55 has taken a fork
1395 184 is eating
1396 185 is eating
1396 157 is sleeping
1398 15 has taken a fork
1400 51 has taken a fork
1401 49 has taken a fork
1401 167 is sleeping
1402 161 is sleeping
1408 89 is thinking
1410 84 is thinking
1414 86 is thinking
1415 43 has taken a fork
1415 158 is sleeping
1415 165 is sleeping
1417 160 is sleeping
1417 159 is sleeping
1420 80 is thinking
1421 50 has taken a fork
1423 17 has taken a fork
1424 14 has taken a fork
1424 186 is eating
1425 16 has taken a fork
1425 19 has taken a fork
1425 154 is sleeping
1426 53 has taken a fork
1427 191 is eating
1428 12 has taken a fork
1428 162 is sleeping
1428 163 is sleeping
1429 93 is thinking
1431 56 has taken a fork
1432 64 has taken a fork
1432 91 is thinking
1432 164 is sleeping
1432 166 is sleeping
1433 88 is thinking
1434 61 has taken a fork
1434 188 is eating
1435 54 has taken a fork
1435 59 has taken a fork
1435 66 has taken a fork
1435 58 has taken a fork
1436 189 is eating
1436 190 is eating
1440 62 has taken a fork
1440 194 is eating
1440 193 is eating
1440 195 is eating
1440 192 is eating
1440 196 is eating
1441 97 is thinking
1442 90 is thinking
1442 69 has taken a fork
1442 199 is eating
1442 168 is sleeping
1442 63 has taken a fork
1442 169 is sleeping
1442 170 is sleeping
1444 65 has taken a fork
1444 200 is eating
1444 198 is eating
1444 197 is eating
1444 68 has taken a fork
1444 171 is sleeping
1444 67 has taken a fork
1444 95 is thinking
1445 99 is thinking
1446 94 is thinking
1447 96 is thinking
1447 92 is thinking
1448 70 has taken a fork
1449 13 is eating
1449 3 is eating
1451 73 has taken a fork
1451 175 is sleeping
1451 172 is sleeping
1451 178 is sleeping
1451 179 is sleeping
1452 2 is eating
1452 4 is eating
1452 1 is eating
1453 177 is sleeping
1453 10 is eating
1454 23 has taken a fork
1454 18 has taken a fork
1454 100 is thinking
1454 98 is thinking
1454 60 has taken a fork
1454 25 has taken a fork
1454 22 has taken a fork
1454 21 has taken a fork
1454 26 has taken a fork
1454 20 has taken a fork
1454 173 is sleeping
1454 57 has taken a fork
1454 71 has taken a fork
1455 72 has taken a fork
1455 9 is eating
1455 27 has taken a fork
1455 28 has taken a fork
1457 77 has taken a fork
1457 29 has taken a fork
1457 8 is eating
1457 24 has taken a fork
1457 75 has taken a fork
1457 35 has taken a fork
1457 81 has taken a fork
1457 33 has taken a fork
1458 79 has taken a fork
1458 174 is sleeping
1458 74 has taken a fork
1458 30 has taken a fork
1458 31 has taken a fork
1458 6 is eating
1458 34 has taken a fork
1458 40 has taken a fork
1458 32 has taken a fork
1458 45 has taken a fork
1458 176 is sleeping
1458 181 is sleeping
1458 36 has taken a fork
1459 82 has taken a fork
1459 180 is sleeping
1459 38 has taken a fork
1459 76 has taken a fork
1459 182 is sleeping
1459 83 has taken a fork
1459 41 has taken a fork
1459 39 has taken a fork
1459 7 is eating
1459 11 is eating
1459 42 has taken a fork
1459 37 has taken a fork
1459 5 is eating
1459 85 has taken a fork
1459 44 has taken a fork
1459 48 has taken a fork
1459 46 has taken a fork
1460 52 has taken a fork
1460 47 has taken a fork
1460 55 has taken a fork
1460 183 is sleeping
1460 78 has taken a fork
1460 15 is eating
1460 51 has taken a fork
1460 187 is sleeping
1460 87 has taken a fork
1460 49 has taken a fork
1460 185 is sleeping
1460 184 is sleeping
1460 89 has taken a fork
1461 84 has taken a fork
1461 105 is thinking
1461 101 is thinking
1461 108 is thinking
1461 104 is thinking
1461 103 is thinking
1461 102 is thinking
1462 43 has taken a fork
1462 111 is thinking
1462 106 is thinking
1463 50 has taken a fork
1463 17 is eating
1463 14 is eating
1463 186 is sleeping
1463 16 is eating
1464 86 has taken a fork
1464 19 is eating
1464 53 has taken a fork
1466 110 is thinking
1466 191 is sleeping
1467 80 has taken a fork
1467 12 is eating
1468 109 is thinking
1469 115 is thinking
1470 107 is thinking
1471 56 has taken a fork
1472 113 is thinking
1472 64 has taken a fork
1472 61 has taken a fork
1472 188 is sleeping
1472 120 is thinking
1472 93 has taken a fork
1472 54 has taken a fork
1473 59 has taken a fork
1475 66 has taken a fork
1475 58 has taken a fork
1475 189 is sleeping
1475 190 is sleeping
1476 117 is thinking
1477 116 is thinking
1477 112 is thinking
1477 114 is thinking
1477 118 is thinking
1477 119 is thinking
1477 91 has taken a fork
1478 88 has taken a fork
1478 62 has taken a fork
1478 194 is sleeping
1478 193 is sleeping
1478 195 is sleeping
1478 192 is sleeping
1478 196 is sleeping
1479 97 has taken a fork
1481 90 has taken a fork
1481 69 has taken a fork
1481 199 is sleeping
1482 63 has taken a fork
1482 125 is thinking
1483 128 is thinking
1485 123 is thinking
1486 121 is thinking
1487 122 is thinking
1488 65 has taken a fork
1488 200 is sleeping
1488 198 is sleeping
1488 68 has taken a fork
1488 197 is sleeping
1489 67 has taken a fork
1490 95 has taken a fork
1492 99 has taken a fork
1492 94 has taken a fork
1496 96 has taken a fork
1496 92 has taken a fork
1498 70 has taken a fork
1499 126 is thinking
1499 129 is thinking
1500 130 is thinking
1500 3 is sleeping
1500 13 is sleeping
1501 73 has taken a fork
1501 2 is sleeping
1501 4 is sleeping
1501 1 is sleeping
1501 10 is sleeping
1501 23 is eating
1501 18 is eating
1503 100 has taken a fork
1503 98 has taken a fork
1504 60 has taken a fork
1504 25 is eating
1504 22 is eating
1504 21 is eating
1504 26 is eating
1504 20 is eating
1505 57 has taken a fork
1507 71 has taken a fork
1510 72 has taken a fork
1510 27 is eating
1510 28 is eating
1510 9 is sleeping
1514 77 has taken a fork
1514 29 is eating
1514 24 is eating
1517 75 has taken a fork
1517 35 is eating
1517 81 has taken a fork
1518 33 is eating
1518 8 is sleeping
1518 79 has taken a fork
1518 127 is thinking
1518 139 is thinking
1518 74 has taken a fork
1518 131 is thinking
1518 136 is thinking
1518 124 is thinking
1518 133 is thinking
1518 30 is eating
1518 31 is eating
1518 34 is eating
1518 40 is eating
1518 32 is eating
1519 45 is eating
1519 36 is eating
1519 143 is thinking
1519 132 is thinking
1522 138 is thinking
1523 135 is thinking
1524 82 has taken a fork
1524 38 is eating
1526 76 has taken a fork
1526 83 has taken a fork
1527 41 is eating
1527 39 is eating
1527 42 is eating
1528 37 is eating
1528 85 has taken a fork
1528 44 is eating
1528 48 is eating
1528 46 is eating
1529 142 is thinking
1532 137 is thinking
1533 134 is thinking
1534 151 is thinking
1535 145 is thinking
1535 52 is eating
1536 47 is eating
1536 55 is eating
1536 78 has taken a fork
1536 51 is eating
1537 87 has taken a fork
1537 49 is eating
1537 89 has taken a fork
1538 84 has taken a fork
1539 105 has taken a fork
1539 101 has taken a fork
1539 108 has taken a fork
1540 104 has taken a fork
1540 103 has taken a fork
1540 102 has taken a fork
1541 43 is eating
1541 111 has taken a fork
1542 106 has taken a fork
1542 50 is eating
1542 6 is sleeping
1543 86 has taken a fork
1544 147 is thinking
1545 140 is thinking
1545 53 is eating
1550 110 has taken a fork
1554 80 has taken a fork
1556 150 is thinking
1557 144 is thinking
1558 141 is thinking
1558 146 is thinking
1558 11 is sleeping
1558 7 is sleeping
1559 115 has taken a fork
1561 109 has taken a fork
1561 56 is eating
1561 5 is sleeping
1562 64 is eating
1563 61 is eating
1563 93 has taken a fork
1563 54 is eating
1563 107 has taken a fork
1563 59 is eating
1564 153 is thinking
1564 66 is eating
1565 58 is eating
1565 15 is sleeping
1566 113 has taken a fork
1566 91 has taken a fork
1568 88 has taken a fork
1568 62 is eating
1569 97 has taken a fork
1569 17 is sleeping
1569 14 is sleeping
1570 90 has taken a fork
1571 69 is eating
1571 117 has taken a fork
1571 16 is sleeping
1571 19 is sleeping
1571 63 is eating
1572 149 is thinking
1572 120 has taken a fork
1572 116 has taken a fork
1572 112 has taken a fork
1572 12 is sleeping
1572 114 has taken a fork
1573 65 is eating
1573 68 is eating
1573 67 is eating
1574 148 is thinking
1574 95 has taken a fork
1574 152 is thinking
1574 156 is thinking
1574 99 has taken a fork
1575 94 has taken a fork
1575 155 is thinking
1576 96 has taken a fork
1577 157 is thinking
1577 92 has taken a fork
1578 70 is eating
1579 167 is thinking
1579 73 is eating
1579 161 is thinking
1579 100 has taken a fork
1579 98 has taken a fork
1579 60 is eating
1579 57 is eating
1579 71 is eating
1579 23 is sleeping
1579 18 is sleeping
1579 72 is eating
1579 118 has taken a fork
1580 119 has taken a fork
1580 21 is sleeping
1580 22 is sleeping
1580 26 is sleeping
1580 20 is sleeping
1580 25 is sleeping
1581 125 has taken a fork
1582 77 is eating
1582 128 has taken a fork
1583 121 has taken a fork
1583 122 has taken a fork
1584 123 has taken a fork
1584 28 is sleeping
1584 27 is sleeping
1584 159 is thinking
1584 158 is thinking
1584 165 is thinking
1585 75 is eating
1585 126 has taken a fork
1586 129 has taken a fork
1586 29 is sleeping
1586 160 is thinking
1586 81 is eating
1587 130 has taken a fork
1587 24 is sleeping
1587 79 is eating
1587 127 has taken a fork
1587 74 is eating
1587 35 is sleeping
1587 33 is sleeping
1587 139 has taken a fork
1588 131 has taken a fork
1588 31 is sleeping
1588 30 is sleeping
1590 124 has taken a fork
1591 136 has taken a fork
1591 40 is sleeping
1591 32 is sleeping
1592 133 has taken a fork
1593 36 is sleeping
1593 34 is sleeping
1593 45 is sleeping
1593 138 has taken a fork
1593 143 has taken a fork
1593 132 has taken a fork
1593 82 is eating
1593 154 is thinking
1593 135 has taken a fork
1593 76 is eating
1593 83 is eating
1593 38 is sleeping
1594 85 is eating
1594 42 is sleeping
1594 41 is sleeping
1594 39 is sleeping
1595 163 is thinking
1595 162 is thinking
1595 142 has taken a fork
1595 44 is sleeping
1595 48 is sleeping
1595 37 is sleeping
1595 46 is sleeping
1596 137 has taken a fork
1596 166 is thinking
1597 164 is thinking
1597 134 has taken a fork
1598 151 has taken a fork
1598 145 has taken a fork
1598 52 is sleeping
1598 47 is sleeping
1599 55 is sleeping
1599 78 is eating
1599 51 is sleeping
1599 87 is eating
1599 49 is sleeping
1599 89 is eating
1599 84 is eating
1599 105 has taken a fork
1599 101 has taken a fork
1599 108 has taken a fork
1599 104 has taken a fork
1599 103 has taken a fork
1599 102 has taken a fork
1599 43 is sleeping
1600 170 is thinking
1600 111 has taken a fork
1601 169 is thinking
1602 106 has taken a fork
1602 50 is sleeping
1602 168 is thinking
1603 86 is eating
1603 171 is thinking
1604 147 has taken a fork
1604 140 has taken a fork
1605 53 is sleeping
1605 110 has taken a fork
1605 175 is thinking
1606 179 is thinking
1608 178 is thinking
1608 172 is thinking
1609 177 is thinking
1610 173 is thinking
1610 80 is eating
1612 150 has taken a fork
1612 144 has taken a fork
1613 174 is thinking
1613 176 is thinking
1613 181 is thinking
1613 141 has taken a fork
1614 146 has taken a fork
1615 182 is thinking
1617 180 is thinking
1617 115 has taken a fork
1617 185 is thinking
1617 184 is thinking
1617 183 is thinking
1617 187 is thinking
1618 109 has taken a fork
1619 56 is sleeping
1620 64 is sleeping
1621 186 is thinking
1621 61 is sleeping
1621 93 is eating
1621 54 is sleeping
1622 59 is sleeping
1622 153 has taken a fork
1622 107 has taken a fork
1623 66 is sleeping
1623 58 is sleeping
1623 191 is thinking
1627 113 has taken a fork
1627 91 is eating
1628 88 is eating
1629 62 is sleeping
1630 97 is eating
1634 90 is eating
1635 69 is sleeping
1637 117 has taken a fork
1637 63 is sleeping
1637 188 is thinking
1641 149 has taken a fork
1644 120 has taken a fork
1645 116 has taken a fork
1645 112 has taken a fork
1646 114 has taken a fork
1647 65 is sleeping
1647 68 is sleeping
1647 67 is sleeping
1647 148 has taken a fork
1647 95 is eating
1648 152 has taken a fork
1648 156 has taken a fork
1649 99 is eating
1651 189 is thinking
1651 190 is thinking
1653 94 is eating
1654 155 has taken a fork
1655 96 is eating
1656 157 has taken a fork
1656 92 is eating
1657 195 is thinking
1659 196 is thinking
1660 194 is thinking
1660 192 is thinking
1663 193 is thinking
1664 70 is sleeping
1665 167 has taken a fork
1666 73 is sleeping
1666 161 has taken a fork
1667 100 is eating
1669 98 is eating
1669 60 is sleeping
1669 57 is sleeping
1669 71 is sleeping
1669 72 is sleeping
1670 118 has taken a fork
1670 119 has taken a fork
1672 125 has taken a fork
1672 199 is thinking
1673 77 is sleeping
1673 128 has taken a fork
1673 121 has taken a fork
1673 122 has taken a fork
1677 123 has taken a fork
1679 159 has taken a fork
1679 158 has taken a fork
1680 165 has taken a fork
1681 75 is sleeping
1681 126 has taken a fork
1681 129 has taken a fork
1681 160 has taken a fork
1682 81 is sleeping
1686 130 has taken a fork
1688 79 is sleeping
1688 127 has taken a fork
1688 74 is sleeping
1688 139 has taken a fork
1690 131 has taken a fork
1693 198 is thinking
1694 197 is thinking
1696 200 is thinking
1696 124 has taken a fork
1696 136 has taken a fork
1697 133 has taken a fork
1697 138 has taken a fork
1697 143 has taken a fork
1697 132 has taken a fork
1697 82 is sleeping
1697 154 has taken a fork
1698 135 has taken a fork
1698 76 is sleeping
1698 83 is sleeping
1698 85 is sleeping
1698 163 has taken a fork
1698 142 has taken a fork
1699 162 has taken a fork
1699 137 has taken a fork
1699 166 has taken a fork
1699 164 has taken a fork
1699 134 has taken a fork
1700 151 has taken a fork
1701 145 has taken a fork
1701 78 is sleeping
1701 105 is eating
1701 101 is eating
1701 108 is eating
1701 104 is eating
1701 103 is eating
1701 102 is eating
1702 170 has taken a fork
1702 13 is thinking
1702 3 is thinking
1703 87 is sleeping
1703 111 is eating
1704 4 is thinking
1704 169 has taken a fork
1704 2 is thinking
1705 1 is thinking
1706 10 is thinking
1706 106 is eating
1706 168 has taken a fork
1706 171 has taken a fork
1706 89 is sleeping
1706 147 has taken a fork
1706 140 has taken a fork
1707 110 is eating
1707 84 is sleeping
1707 175 has taken a fork
1708 179 has taken a fork
1709 178 has taken a fork
1709 172 has taken a fork
1710 177 has taken a fork
1711 173 has taken a fork
1711 9 is thinking
1711 150 has taken a fork
1711 144 has taken a fork
1711 174 has taken a fork
1712 176 has taken a fork
1712 181 has taken a fork
1713 141 has taken a fork
1713 146 has taken a fork
1713 86 is sleeping
1714 182 has taken a fork
1715 180 has taken a fork
1715 115 is eating
1716 185 has taken a fork
1716 184 has taken a fork
1717 183 has taken a fork
1717 187 has taken a fork
1717 8 is thinking
1717 109 is eating
1717 80 is sleeping
1717 186 has taken a fork
1717 153 has taken a fork
1717 107 is eating
1719 191 has taken a fork
1720 113 is eating
1720 93 is sleeping
1720 91 is sleeping
1720 88 is sleeping
1720 97 is sleeping
1720 117 is eating
1720 188 has taken a fork
1721 90 is sleeping
1721 149 has taken a fork
1722 120 is eating
1722 6 is thinking
1722 116 is eating
1723 112 is eating
1723 114 is eating
1723 148 has taken a fork
1723 95 is sleeping
1723 152 has taken a fork
1723 156 has taken a fork
1723 99 is sleeping
1723 189 has taken a fork
1725 190 has taken a fork
1725 94 is sleeping
1725 155 has taken a fork
1725 96 is sleeping
1726 157 has taken a fork
1726 92 is sleeping
1727 195 has taken a fork
1728 11 is thinking
1729 7 is thinking
1729 196 has taken a fork
1731 194 has taken a fork
1732 192 has taken a fork
1733 5 is thinking
1733 15 is thinking
1734 167 has taken a fork
1734 193 has taken a fork
1736 161 has taken a fork
1736 100 is sleeping
1736 98 is sleeping
1737 17 is thinking
1737 14 is thinking
1738 118 is eating
1738 119 is eating
1738 16 is thinking
1738 19 is thinking
1739 125 is eating
1739 12 is thinking
1739 199 has taken a fork
1740 128 is eating
1740 121 is eating
1741 122 is eating
1741 123 is eating
1745 23 is thinking
1745 18 is thinking
1745 159 has taken a fork
1745 158 has taken a fork
1746 20 is thinking
1747 22 is thinking
1748 21 is thinking
1749 25 is thinking
1750 26 is thinking
1750 165 has taken a fork
1751 126 is eating
1752 129 is eating
1752 160 has taken a fork
1753 27 is thinking
1756 28 is thinking
1757 29 is thinking
1758 33 is thinking
1760 24 is thinking
1761 35 is thinking
1762 31 is thinking
1763 30 is thinking
1763 127 is eating
1763 139 is eating
1764 130 is eating
1764 131 is eating
1766 40 is thinking
1766 32 is thinking
1766 36 is thinking
1767 34 is thinking
1768 45 is thinking
1769 38 is thinking
1770 198 has taken a fork
1771 41 is thinking
1771 39 is thinking
1772 42 is thinking
1775 197 has taken a fork
1779 44 is thinking
1780 46 is thinking
1781 48 is thinking
1782 37 is thinking
1782 200 has taken a fork
1782 124 is eating
1783 136 is eating
1783 133 is eating
1783 138 is eating
1783 143 is eating
1783 132 is eating
1784 154 has taken a fork
1785 52 is thinking
1785 135 is eating
1785 163 has taken a fork
1785 142 is eating
1785 55 is thinking
1785 162 has taken a fork
1785 51 is thinking
1785 47 is thinking
1787 49 is thinking
1787 137 is eating
1787 43 is thinking
1788 166 has taken a fork
1788 164 has taken a fork
1789 134 is eating
1789 151 is eating
1790 145 is eating
1790 105 is sleeping
1790 101 is sleeping
1790 108 is sleeping
1790 102 is sleeping
1790 104 is sleeping
1790 103 is sleeping
1791 50 is thinking
1792 170 has taken a fork
1794 3 has taken a fork
1795 13 has taken a fork
1795 111 is sleeping
1797 4 has taken a fork
1797 169 has taken a fork
1800 2 has taken a fork
1800 53 is thinking
1803 1 has taken a fork
1809 10 has taken a fork
1809 106 is sleeping
1809 168 has taken a fork
1809 171 has taken a fork
1809 147 is eating
1809 140 is eating
1810 110 is sleeping
1812 175 has taken a fork
1814 179 has taken a fork
1814 178 has taken a fork
1815 172 has taken a fork
1816 177 has taken a fork
1816 173 has taken a fork
1817 9 has taken a fork
1818 150 is eating
1819 144 is eating
1822 174 has taken a fork
1823 176 has taken a fork
1823 181 has taken a fork
1823 141 is eating
1823 146 is eating
1823 182 has taken a fork
1824 180 has taken a fork
1825 115 is sleeping
1826 185 has taken a fork
1828 184 has taken a fork
1828 183 has taken a fork
1828 8 has taken a fork
1829 187 has taken a fork
1829 109 is sleeping
1829 153 is eating
1829 107 is sleeping
1829 56 is thinking
1829 186 has taken a fork
1829 191 has taken a fork
1829 64 is thinking
1829 113 is sleeping
1829 117 is sleeping
1829 188 has taken a fork
1829 54 is thinking
1829 61 is thinking
1829 149 is eating
1829 120 is sleeping
1829 59 is thinking
1829 6 has taken a fork
1829 116 is sleeping
1829 66 is thinking
1829 112 is sleeping
1830 58 is thinking
1831 114 is sleeping
1831 148 is eating
1831 152 is eating
1831 156 is eating
1831 190 has taken a fork
1831 155 is eating
1831 189 has taken a fork
1831 157 is eating
1832 195 has taken a fork
1832 11 has taken a fork
1832 62 is thinking
1832 7 has taken a fork
1832 196 has taken a fork
1832 194 has taken a fork
1832 192 has taken a fork
1832 5 has taken a fork
1832 15 has taken a fork
1832 167 is eating
1833 69 is thinking
1833 193 has taken a fork
1833 161 is eating
1833 17 has taken a fork
1833 14 has taken a fork
1833 63 is thinking
1833 118 is sleeping
1833 119 is sleeping
1833 16 has taken a fork
1833 19 has taken a fork
1833 125 is sleeping
1833 12 has taken a fork
1834 199 has taken a fork
1834 128 is sleeping
1834 121 is sleeping
1834 122 is sleeping
1834 123 is sleeping
1834 23 has taken a fork
1834 18 has taken a fork
1834 159 is eating
1834 158 is eating
1834 20 has taken a fork
1835 65 is thinking
1835 22 has taken a fork
1835 67 is thinking
1835 68 is thinking
1835 21 has taken a fork
1837 25 has taken a fork
1837 165 is eating
1837 126 is sleeping
1839 26 has taken a fork
1839 129 is sleeping
1839 160 is eating
1840 27 has taken a fork
1841 28 has taken a fork
1841 139 is sleeping
1841 127 is sleeping
1841 33 has taken a fork
1841 130 is sleeping
1842 29 has taken a fork
1842 131 is sleeping
1842 70 is thinking
1844 24 has taken a fork
1845 35 has taken a fork
1845 73 is thinking
1846 60 is thinking
1846 57 is thinking
1846 71 is thinking
1846 72 is thinking
1846 198 has taken a fork
1846 77 is thinking
1846 197 has taken a fork
1846 75 is thinking
1846 81 is thinking
1846 200 has taken a fork
1846 124 is sleeping
1846 136 is sleeping
1846 31 has taken a fork
1846 133 is sleeping
1846 40 has taken a fork
1846 138 is sleeping
1846 143 is sleeping
1846 132 is sleeping
1848 34 has taken a fork
1848 154 is eating
1848 135 is sleeping
1848 163 is eating
1848 142 is sleeping
1848 162 is eating
1848 30 has taken a fork
1848 137 is sleeping
1848 166 is eating
1849 74 is thinking
1849 79 is thinking
1849 164 is eating
1849 38 has taken a fork
1849 134 is sleeping
1849 151 is sleeping
1850 32 has taken a fork
1851 145 is sleeping
1852 36 has taken a fork
1852 45 has taken a fork
1852 170 is eating
1853 3 has taken a fork
1855 41 has taken a fork
1856 39 has taken a fork
1856 13 has taken a fork
1858 42 has taken a fork
1859 82 is thinking
1860 4 has taken a fork
1860 169 is eating
1860 83 is thinking
1861 76 is thinking
1861 85 is thinking
1862 44 has taken a fork
1862 2 has taken a fork
1863 78 is thinking
1863 87 is thinking
1864 1 has taken a fork
1864 89 is thinking
1867 84 is thinking
1867 10 has taken a fork
1867 168 is eating
1867 171 is eating
1867 147 is sleeping
1867 140 is sleeping
1867 46 has taken a fork
1869 48 has taken a fork
1869 175 is eating
1869 86 is thinking
1869 179 is eating
1869 178 is eating
1870 172 is eating
1870 177 is eating
1870 173 is eating
1873 80 is thinking
1873 9 has taken a fork
1873 150 is sleeping
1873 144 is sleeping
1874 88 is thinking
1875 97 is thinking
1875 91 is thinking
1876 93 is thinking
1877 90 is thinking
1877 174 is eating
1879 37 has taken a fork
1885 52 has taken a fork
1886 99 is thinking
1887 95 is thinking
1888 176 is eating
1888 181 is eating
1888 141 is sleeping
1888 146 is sleeping
1891 55 has taken a fork
1892 182 is eating
1894 96 is thinking
1894 94 is thinking
1894 92 is thinking
1894 180 is eating
1895 185 is eating
1896 51 has taken a fork
1896 184 is eating
1897 183 is eating
1897 8 has taken a fork
1897 187 is eating
1897 153 is sleeping
1898 186 is eating
1898 191 is eating
1898 188 is eating
1898 149 is sleeping
1900 47 has taken a fork
1900 6 has taken a fork
1901 49 has taken a fork
1901 148 is sleeping
1901 152 is sleeping
1901 156 is sleeping
1902 43 has taken a fork
1902 50 has taken a fork
1903 190 is eating
1903 53 has taken a fork
1903 155 is sleeping
1904 189 is eating
1904 56 has taken a fork
1904 157 is sleeping
1904 195 is eating
1905 64 has taken a fork
1905 11 has taken a fork
1905 7 has taken a fork
1906 196 is eating
1906 194 is eating
1906 192 is eating
1906 5 has taken a fork
1906 15 has taken a fork
1906 167 is sleeping
1906 193 is eating
1906 161 is sleeping
1906 61 has taken a fork
1907 17 has taken a fork
1907 14 has taken a fork
1907 54 has taken a fork
1907 16 has taken a fork
1907 19 has taken a fork
1907 12 has taken a fork
1908 199 is eating
1908 23 has taken a fork
1908 159 is sleeping
1909 59 has taken a fork
1909 158 is sleeping
1909 66 has taken a fork
1909 18 has taken a fork
1910 20 has taken a fork
1910 22 has taken a fork
1911 21 has taken a fork
1911 25 has taken a fork
1913 100 is thinking
1915 98 is thinking
1915 165 is sleeping
1916 26 has taken a fork
1919 58 has taken a fork
1919 160 is sleeping
1919 62 has taken a fork
1919 27 has taken a fork
1920 28 has taken a fork
1920 33 has taken a fork
1922 29 has taken a fork
1925 24 has taken a fork
1926 35 has taken a fork
1927 198 is eating
1927 197 is eating
1928 200 is eating
1928 31 has taken a fork
1929 40 has taken a fork
1931 34 has taken a fork
1931 154 is sleeping
1931 163 is sleeping
1931 162 is sleeping
1932 166 is sleeping
1932 164 is sleeping
1932 38 has taken a fork
1932 65 has taken a fork
1932 63 has taken a fork
1933 69 has taken a fork
1933 67 has taken a fork
1933 68 has taken a fork
1935 30 has taken a fork
1937 32 has taken a fork
1937 36 has taken a fork
1937 45 has taken a fork
1937 170 is sleeping
1937 3 is eating
1937 70 has taken a fork
1937 41 has taken a fork
1938 39 has taken a fork
1939 13 is eating
1939 42 has taken a fork
1939 4 is eating
1940 169 is sleeping
1941 73 has taken a fork
1943 44 has taken a fork
1943 2 is eating
1944 1 is eating
1944 10 is eating
1944 168 is sleeping
1944 171 is sleeping
1945 46 has taken a fork
1945 57 has taken a fork
1946 60 has taken a fork
1946 48 has taken a fork
1946 175 is sleeping
1946 71 has taken a fork
1946 179 is sleeping
1947 72 has taken a fork
1947 178 is sleeping
1947 77 has taken a fork
1947 172 is sleeping
1948 75 has taken a fork
1948 177 is sleeping
1948 81 has taken a fork
1948 173 is sleeping
1948 74 has taken a fork
1951 9 is eating
1951 174 is sleeping
1951 79 has taken a fork
1952 37 has taken a fork
1952 52 has taken a fork
1952 176 is sleeping
1953 181 is sleeping
1953 103 is thinking
1953 102 is thinking
1953 105 is thinking
1955 108 is thinking
1955 101 is thinking
1955 104 is thinking
1955 82 has taken a fork
1955 55 has taken a fork
1955 83 has taken a fork
1955 182 is sleeping
1955 76 has taken a fork
1956 180 is sleeping
1956 111 is thinking
1956 85 has taken a fork
1956 185 is sleeping
1956 51 has taken a fork
1956 78 has taken a fork
1956 184 is sleeping
1956 183 is sleeping
1957 89 has taken a fork
1957 8 is eating
1958 187 is sleeping
1959 87 has taken a fork
1959 186 is sleeping
1959 86 has taken a fork
1959 191 is sleeping
1959 84 has taken a fork
1959 188 is sleeping
1960 80 has taken a fork
1960 47 has taken a fork
1961 88 has taken a fork
1961 6 is eating
1961 49 has taken a fork
1961 43 has taken a fork
1961 50 has taken a fork
1961 190 is sleeping
1961 53 has taken a fork
1961 189 is sleeping
1961 56 has taken a fork
1961 195 is sleeping
1962 97 has taken a fork
1962 91 has taken a fork
1962 64 has taken a fork
1962 93 has taken a fork
1962 11 is eating
1962 7 is eating
1962 196 is sleeping
1963 194 is sleeping
1963 99 has taken a fork
1963 192 is sleeping
1963 15 is eating
1963 193 is sleeping
1963 90 has taken a fork
1963 5 is eating
1963 61 has taken a fork
1963 17 is eating
1963 14 is eating
1963 16 is eating
1963 19 is eating
1964 12 is eating
1964 96 has taken a fork
1964 199 is sleeping
1964 23 is eating
1965 94 has taken a fork
1965 59 has taken a fork
1965 66 has taken a fork
1965 18 is eating
1965 106 is thinking
1965 54 has taken a fork
1965 20 is eating
1965 95 has taken a fork
1965 22 is eating
1966 110 is thinking
1966 21 is eating
1966 25 is eating
1966 26 is eating
1966 58 has taken a fork
1966 62 has taken a fork
1967 27 is eating
1967 28 is eating
1967 33 is eating
1967 29 is eating
1967 115 is thinking
1967 24 is eating
1967 35 is eating
1968 92 has taken a fork
1968 198 is sleeping
1968 197 is sleeping
1968 200 is sleeping
1969 98 has taken a fork
1969 31 is eating
1970 113 is thinking
1970 109 is thinking
1971 117 is thinking
1971 120 is thinking
1972 116 is thinking
1972 112 is thinking
1973 107 is thinking
1973 100 has taken a fork
1973 40 is eating
1973 114 is thinking
1974 34 is eating
1974 38 is eating
1974 65 has taken a fork
1974 63 has taken a fork
1975 125 is thinking
1977 119 is thinking
1978 118 is thinking
1978 69 has taken a fork
1979 67 has taken a fork
1979 68 has taken a fork
1979 128 is thinking
1980 121 is thinking
1981 122 is thinking
1981 123 is thinking
1982 126 is thinking
1982 30 is eating
1982 32 is eating
1982 36 is eating
1982 45 is eating
1982 3 is sleeping
1982 70 has taken a fork
1982 41 is eating
1982 39 is eating
1983 129 is thinking
1983 13 is sleeping
1983 42 is eating
1983 127 is thinking
1984 139 is thinking
1984 130 is thinking
1984 4 is sleeping
1984 73 has taken a fork
1984 131 is thinking
1984 44 is eating
1985 2 is sleeping
1985 1 is sleeping
1985 10 is sleeping
1985 46 is eating
1985 57 has taken a fork
1985 132 is thinking
1986 138 is thinking
1988 136 is thinking
1988 143 is thinking
1989 133 is thinking
1990 124 is thinking
1990 60 has taken a fork
1990 48 is eating
1990 71 has taken a fork
1990 72 has taken a fork
1991 77 has taken a fork
1991 75 has taken a fork
1991 135 is thinking
1991 137 is thinking
1992 142 is thinking
1992 81 has taken a fork
1992 74 has taken a fork
1992 151 is thinking
1992 134 is thinking
1992 145 is thinking
1992 9 is sleeping
1992 79 has taken a fork
1992 37 is eating
1992 52 is eating
1993 103 has taken a fork
1993 102 has taken a fork
1994 105 has taken a fork
1994 108 has taken a fork
1994 101 has taken a fork
1994 104 has taken a fork
1995 82 has taken a fork
1996 55 is eating
1996 83 has taken a fork
1998 76 has taken a fork
2002 111 has taken a fork
2002 85 has taken a fork
2002 51 is eating
2004 78 has taken a fork
2005 89 has taken a fork
2007 8 is sleeping
2010 87 has taken a fork
2011 86 has taken a fork
2012 84 has taken a fork
2013 80 has taken a fork
2014 47 is eating
2015 88 has taken a fork
2015 6 is sleeping
2016 49 is eating
2016 43 is eating
2016 50 is eating
2016 53 is eating
2016 56 is eating
2017 97 has taken a fork
2017 64 is eating
2018 93 has taken a fork
2018 11 is sleeping
2018 7 is sleeping
2019 91 has taken a fork
2023 99 has taken a fork
2023 15 is sleeping
2023 90 has taken a fork
2023 5 is sleeping
2023 61 is eating
2023 17 is sleeping
2023 14 is sleeping
2023 16 is sleeping
2023 19 is sleeping
2023 12 is sleeping
2024 96 has taken a fork
2025 23 is sleeping
2025 94 has taken a fork
2026 59 is eating
2026 66 is eating
2027 18 is sleeping
2027 106 has taken a fork
2028 54 is eating
2029 20 is sleeping
2029 95 has taken a fork
2029 22 is sleeping
2029 110 has taken a fork
2030 21 is sleeping
2031 25 is sleeping
2031 26 is sleeping
2031 58 is eating
2031 62 is eating
2031 27 is sleeping
2031 33 is sleeping
2032 28 is sleeping
2032 29 is sleeping
2032 115 has taken a fork
2033 24 is sleeping
2033 35 is sleeping
2034 140 is thinking
2035 147 is thinking
2035 92 has taken a fork
2035 98 has taken a fork
2035 109 has taken a fork
2037 113 has taken a fork
2038 120 has taken a fork
2038 117 has taken a fork
2038 116 has taken a fork
2038 112 has taken a fork
2038 144 is thinking
2040 107 has taken a fork
2040 150 is thinking
2040 100 has taken a fork
2040 114 has taken a fork
2040 65 is eating
2040 63 is eating
2041 125 has taken a fork
2042 31 is sleeping
2044 119 has taken a fork
2044 40 is sleeping
2044 118 has taken a fork
2044 69 is eating
2045 67 is eating
2046 34 is sleeping
2047 68 is eating
2048 128 has taken a fork
2050 121 has taken a fork
2050 123 has taken a fork
2051 122 has taken a fork
2051 38 is sleeping
2052 126 has taken a fork
2052 70 is eating
2053 129 has taken a fork
2054 127 has taken a fork
2055 139 has taken a fork
2056 130 has taken a fork
2056 73 is eating
2056 131 has taken a fork
2057 30 is sleeping
2057 57 is eating
2057 132 has taken a fork
2058 32 is sleeping
2059 36 is sleeping
2061 138 has taken a fork
2062 45 is sleeping
2064 146 is thinking
2064 141 is thinking
2065 136 has taken a fork
2065 39 is sleeping
2065 41 is sleeping
2066 143 has taken a fork
2066 133 has taken a fork
2066 42 is sleeping
2066 124 has taken a fork
2066 60 is eating
2066 71 is eating
2066 72 is eating
2066 77 is eating
2066 75 is eating
2068 135 has taken a fork
2072 137 has taken a fork
2076 142 has taken a fork
2076 81 is eating
2077 74 is eating
2081 151 has taken a fork
2082 145 has taken a fork
2082 79 is eating
2082 44 is sleeping
2082 103 has taken a fork
2082 102 has taken a fork
2082 105 has taken a fork
2085 134 has taken a fork
2085 108 has taken a fork
2085 101 has taken a fork
2085 104 has taken a fork
2086 82 is eating
2086 83 is eating
2086 46 is sleeping
2086 76 is eating
2086 149 is thinking
2086 153 is thinking
2086 156 is thinking
2087 148 is thinking
2088 152 is thinking
2088 111 has taken a fork
2088 85 is eating
2088 48 is sleeping
2088 155 is thinking
2088 78 is eating
2089 157 is thinking
2089 37 is sleeping
2089 52 is sleeping
2091 167 is thinking
2091 161 is thinking
2091 89 is eating
2092 159 is thinking
2092 158 is thinking
2092 55 is sleeping
2092 87 is eating
2092 86 is eating
2092 84 is eating
2092 80 is eating
2092 51 is sleeping
2093 165 is thinking
2093 88 is eating
2093 97 is eating
2093 93 is eating
2093 160 is thinking
2093 91 is eating
2093 47 is sleeping
2093 49 is sleeping
2093 99 is eating
2094 90 is eating
2094 53 is sleeping
2094 50 is sleeping
2094 43 is sleeping
2094 56 is sleeping
2094 96 is eating
2094 64 is sleeping
2094 94 is eating
2094 106 has taken a fork
2094 61 is sleeping
2095 95 is eating
2095 110 has taken a fork
2095 59 is sleeping
2095 66 is sleeping
2095 54 is sleeping
2096 154 is thinking
2097 163 is thinking
2097 164 is thinking
2098 166 is thinking
2098 162 is thinking
2098 115 has taken a fork
2099 140 has taken a fork
2099 62 is sleeping
2099 58 is sleeping
2100 147 has taken a fork
2100 92 is eating
2101 98 is eating
2101 109 has taken a fork
2102 170 is thinking
2102 113 has taken a fork
2103 120 has taken a fork
2105 117 has taken a fork
2105 116 has taken a fork
2106 112 has taken a fork
2106 144 has taken a fork
2107 169 is thinking
2107 107 has taken a fork
2107 150 has taken a fork
2107 100 is eating
2108 114 has taken a fork
2108 125 has taken a fork
2108 171 is thinking
2109 168 is thinking
2111 119 has taken a fork
2112 118 has taken a fork
2112 63 is sleeping
2112 65 is sleeping
2114 175 is thinking
2115 179 is thinking
2115 178 is thinking
2115 69 is sleeping
2115 67 is sleeping
2117 172 is thinking
2119 177 is thinking
2119 68 is sleeping
2121 173 is thinking
2123 128 has taken a fork
2123 121 has taken a fork
2123 123 has taken a fork
2123 174 is thinking
2124 122 has taken a fork
2125 126 has taken a fork
2125 176 is thinking
2125 70 is sleeping
2125 129 has taken a fork
2125 181 is thinking
2125 127 has taken a fork
2126 182 is thinking
2126 139 has taken a fork
2126 180 is thinking
2126 130 has taken a fork
2127 183 is thinking
2127 185 is thinking
2128 184 is thinking
2128 131 has taken a fork
2128 132 has taken a fork
2128 73 is sleeping
2129 187 is thinking
2129 191 is thinking
2130 186 is thinking
2130 188 is thinking
2131 190 is thinking
2131 189 is thinking
2132 195 is thinking
2132 138 has taken a fork
2133 193 is thinking
2133 192 is thinking
2134 194 is thinking
2134 196 is thinking
2134 57 is sleeping
2134 199 is thinking
2135 146 has taken a fork
2135 141 has taken a fork
2135 136 has taken a fork
2135 133 has taken a fork
2136 143 has taken a fork
2136 124 has taken a fork
2136 60 is sleeping
2136 197 is thinking
2136 71 is sleeping
2136 72 is sleeping
2136 75 is sleeping
2136 198 is thinking
2136 77 is sleeping
2137 200 is thinking
2137 135 has taken a fork
2137 137 has taken a fork
2137 142 has taken a fork
2137 81 is sleeping
2137 74 is sleeping
2138 151 has taken a fork
2138 145 has taken a fork
2138 79 is sleeping
2138 103 is eating
2138 102 is eating
2138 105 is eating
2138 4 is thinking
2138 13 is thinking
2139 1 is thinking
2139 10 is thinking
2140 3 is thinking
2141 134 has taken a fork
2141 108 is eating
2141 101 is eating
2141 104 is eating
2141 149 has taken a fork
2142 153 has taken a fork
2143 2 is thinking
2143 156 has taken a fork
2143 148 has taken a fork
2144 152 has taken a fork
2144 111 is eating
2144 155 has taken a fork
2145 82 is sleeping
2145 83 is sleeping
2146 157 has taken a fork
2146 76 is sleeping
2146 167 has taken a fork
2146 161 has taken a fork
2146 85 is sleeping
2146 159 has taken a fork
2148 158 has taken a fork
2148 9 is thinking
2148 165 has taken a fork
2148 78 is sleeping
2148 160 has taken a fork
2149 89 is sleeping
2150 106 is eating
2150 86 is sleeping
2150 84 is sleeping
2151 87 is sleeping
2151 110 is eating
2151 80 is sleeping
2151 154 has taken a fork
2151 163 has taken a fork
2152 88 is sleeping
2152 164 has taken a fork
2153 166 has taken a fork
2153 162 has taken a fork
2153 115 is eating
2155 97 is sleeping
2157 91 is sleeping
2157 93 is sleeping
2157 140 has taken a fork
2157 90 is sleeping
2157 99 is sleeping
2157 147 has taken a fork
2159 94 is sleeping
2159 96 is sleeping
2160 109 is eating
2160 170 has taken a fork
2160 113 is eating
2160 95 is sleeping
2162 120 is eating
2162 117 is eating
2162 116 is eating
2162 112 is eating
2162 144 has taken a fork
2162 169 has taken a fork
2163 107 is eating
2163 150 has taken a fork
2163 114 is eating
2163 125 is eating
2163 171 has taken a fork
2165 8 is thinking
2167 168 has taken a fork
2168 119 is eating
2170 118 is eating
2170 175 has taken a fork
2170 92 is sleeping
2171 98 is sleeping
2173 179 has taken a fork
2174 6 is thinking
2176 178 has taken a fork
2179 172 has taken a fork
2181 100 is sleeping
2182 177 has taken a fork
2182 11 is thinking
2184 7 is thinking
2185 173 has taken a fork
2186 16 is thinking
2187 19 is thinking
2187 5 is thinking
2189 14 is thinking
2190 128 is eating
2191 17 is thinking
2193 15 is thinking
2194 12 is thinking
2195 121 is eating
2195 123 is eating
2195 174 has taken a fork
2197 122 is eating
2197 23 is thinking
2198 126 is eating
2198 176 has taken a fork
2200 129 is eating
2200 181 has taken a fork
2200 127 is eating
2202 182 has taken a fork
2203 139 is eating
2203 180 has taken a fork
2203 130 is eating
2203 18 is thinking
2203 183 has taken a fork
2204 185 has taken a fork
2204 184 has taken a fork
2204 131 is eating
2204 132 is eating
2205 20 is thinking
2206 22 is thinking
2206 187 has taken a fork
2206 191 has taken a fork
2206 21 is thinking
2206 186 has taken a fork
2206 188 has taken a fork
2208 33 is thinking
2208 25 is thinking
2209 27 is thinking
2209 26 is thinking
2209 190 has taken a fork
2209 189 has taken a fork
2210 29 is thinking
2211 28 is thinking
2211 195 has taken a fork
2212 138 is eating
2214 24 is thinking
2215 35 is thinking
2215 193 has taken a fork
2215 192 has taken a fork
2215 194 has taken a fork
2215 196 has taken a fork
2215 199 has taken a fork
2215 146 has taken a fork
2216 141 has taken a fork
2217 136 is eating
2218 133 is eating
2218 143 is eating
2219 124 is eating
2219 197 has taken a fork
2219 198 has taken a fork
2219 200 has taken a fork
2219 135 is eating
2219 137 is eating
2220 142 is eating
2220 151 is eating
2220 145 is eating
2220 134 is eating
2220 149 has taken a fork
2220 31 is thinking
2220 153 has taken a fork
2220 156 has taken a fork
2220 148 has taken a fork
2220 40 is thinking
2220 152 has taken a fork
2220 155 has taken a fork
2220 103 is sleeping
2220 34 is thinking
2220 105 is sleeping
2220 102 is sleeping
2221 13 has taken a fork
2221 1 has taken a fork
2221 157 has taken a fork
2221 4 has taken a fork
2222 167 has taken a fork
2222 161 has taken a fork
2222 159 has taken a fork
2222 104 is sleeping
2222 101 is sleeping
2222 108 is sleeping
2222 158 has taken a fork
2222 2 has taken a fork
2222 10 has taken a fork
2222 3 has taken a fork
2222 165 has taken a fork
2222 160 has taken a fork
2222 111 is sleeping
2223 9 has taken a fork
2223 154 has taken a fork
2223 163 has taken a fork
2223 38 is thinking
2223 164 has taken a fork
2223 166 has taken a fork
2223 162 has taken a fork
2224 30 is thinking
2224 140 is eating
2224 147 is eating
2225 32 is thinking
2225 106 is sleeping
2225 36 is thinking
2225 110 is sleeping
2226 170 has taken a fork
2226 115 is sleeping
2226 144 is eating
2226 169 has taken a fork
2226 45 is thinking
2226 150 is eating
2227 171 has taken a fork
2227 109 is sleeping
2228 41 is thinking
2228 39 is thinking
2229 8 has taken a fork
2232 42 is thinking
2232 112 is sleeping
2233 116 is sleeping
2236 113 is sleeping
2237 117 is sleeping
2237 120 is sleeping
2237 168 has taken a fork
2237 107 is sleeping
2237 114 is sleeping
2238 125 is sleeping
2238 175 has taken a fork
2239 179 has taken a fork
2239 119 is sleeping
2243 6 has taken a fork
2243 178 has taken a fork
2244 118 is sleeping
2244 172 has taken a fork
2245 44 is thinking
2245 177 has taken a fork
2245 11 has taken a fork
2246 7 has taken a fork
2246 173 has taken a fork
2247 46 is thinking
2247 16 has taken a fork
2248 19 has taken a fork
2249 5 has taken a fork
2249 48 is thinking
2250 37 is thinking
2251 14 has taken a fork
2252 52 is thinking
2252 128 is sleeping
2253 51 is thinking
2254 55 is thinking
2255 47 is thinking
2255 49 is thinking
2255 17 has taken a fork
2256 15 has taken a fork
2256 64 is thinking
2256 43 is thinking
2257 50 is thinking
2258 56 is thinking
2258 53 is thinking
2259 61 is thinking
2259 12 has taken a fork
2261 59 is thinking
2261 66 is thinking
2262 54 is thinking
2263 121 is sleeping
2263 123 is sleeping
2263 174 has taken a fork
2264 122 is sleeping
2265 23 has taken a fork
2267 126 is sleeping
2267 176 has taken a fork
2272 58 is thinking
2278 62 is thinking
2278 129 is sleeping
2278 181 has taken a fork
2278 127 is sleeping
2278 182 has taken a fork
2278 139 is sleeping
2278 180 has taken a fork
2278 130 is sleeping
2279 18 has taken a fork
2279 183 has taken a fork
2279 185 has taken a fork
2279 184 has taken a fork
2279 131 is sleeping
2279 132 is sleeping
2282 20 has taken a fork
2282 22 has taken a fork
2282 187 has taken a fork
2282 191 has taken a fork
2282 21 has taken a fork
2283 186 has taken a fork
2283 188 has taken a fork
2283 33 has taken a fork
2284 25 has taken a fork
2284 27 has taken a fork
2285 26 has taken a fork
2285 190 has taken a fork
2285 189 has taken a fork
2287 29 has taken a fork
2288 28 has taken a fork
2288 195 has taken a fork
2288 138 is sleeping
2288 24 has taken a fork
2288 65 is thinking
2288 63 is thinking
2291 67 is thinking
2293 35 has taken a fork
2293 193 has taken a fork
2293 192 has taken a fork
2293 194 has taken a fork
2293 196 has taken a fork
2293 199 has taken a fork
2293 146 is eating
2293 141 is eating
2293 136 is sleeping
2294 133 is sleeping
2294 143 is sleeping
2295 69 is thinking
2296 124 is sleeping
2296 197 has taken a fork
2296 198 has taken a fork
2296 200 has taken a fork
2296 135 is sleeping
2296 137 is sleeping
2297 142 is sleeping
2297 151 is sleeping
2298 145 is sleeping
2300 134 is sleeping
2300 149 is eating
2304 31 has taken a fork
2304 153 is eating
2304 156 is eating
2305 148 is eating
2305 40 has taken a fork
2306 152 is eating
2306 155 is eating
2308 34 has taken a fork
2309 68 is thinking
2309 13 has taken a fork
2310 1 has taken a fork
2310 157 is eating
2310 4 has taken a fork
2310 167 is eating
2310 161 is eating
2310 159 is eating
2310 158 is eating
2313 2 has taken a fork
2314 10 has taken a fork
2315 3 has taken a fork
2315 165 is eating
2315 160 is eating
2315 9 has taken a fork
2315 154 is eating
2315 163 is eating
2315 164 is eating
2315 166 is eating
2315 162 is eating
2316 38 has taken a fork
2316 30 has taken a fork
2318 70 is thinking
2320 32 has taken a fork
2321 36 has taken a fork
2322 170 is eating
2323 169 is eating
2324 45 has taken a fork
2324 171 is eating
2327 73 is thinking
2328 41 has taken a fork
2328 39 has taken a fork
2328 140 is sleeping
2328 8 has taken a fork
2328 147 is sleeping
2328 42 has taken a fork
2329 144 is sleeping
2329 150 is sleeping
2329 57 is thinking
2329 75 is thinking
2329 77 is thinking
2329 72 is thinking
2332 71 is thinking
2333 60 is thinking
2333 168 is eating
2334 175 is eating
2334 79 is thinking
2334 81 is thinking
2334 74 is thinking
2334 179 is eating
2335 6 has taken a fork
2335 178 is eating
2335 172 is eating
2335 83 is thinking
2336 82 is thinking
2336 44 has taken a fork
2336 177 is eating
2336 11 has taken a fork
2338 76 is thinking
2338 7 has taken a fork
2338 173 is eating
2338 85 is thinking
2338 46 has taken a fork
2339 16 has taken a fork
2339 78 is thinking
2339 19 has taken a fork
2340 5 has taken a fork
2340 89 is thinking
2340 48 has taken a fork
2340 84 is thinking
2340 37 has taken a fork
2341 86 is thinking
2342 87 is thinking
2342 14 has taken a fork
2343 80 is thinking
2344 88 is thinking
2344 52 has taken a fork
2344 97 is thinking
2344 17 has taken a fork
2345 15 has taken a fork
2345 93 is thinking
2345 99 is thinking
2346 91 is thinking
2346 90 is thinking
2346 94 is thinking
2346 96 is thinking
2346 12 has taken a fork
2346 95 is thinking
2346 174 is eating
2346 23 has taken a fork
2346 176 is eating
2346 92 is thinking
2346 98 is thinking
2346 181 is eating
2346 182 is eating
2346 180 is eating
2346 183 is eating
2346 185 is eating
2346 18 has taken a fork
2346 184 is eating
2347 100 is thinking
2347 20 has taken a fork
2347 22 has taken a fork
2347 187 is eating
2347 191 is eating
2347 21 has taken a fork
2347 186 is eating
2347 33 has taken a fork
2347 188 is eating
2347 25 has taken a fork
2347 27 has taken a fork
2347 26 has taken a fork
2347 190 is eating
2347 189 is eating
2348 29 has taken a fork
2348 28 has taken a fork
2348 195 is eating
2348 24 has taken a fork
2348 35 has taken a fork
2349 193 is eating
2349 192 is eating
2349 194 is eating
2349 196 is eating
2349 199 is eating
2349 146 is sleeping
2349 141 is sleeping
2349 51 has taken a fork
2349 55 has taken a fork
2349 197 is eating
2349 198 is eating
2349 200 is eating
2349 149 is sleeping
2349 31 has taken a fork
2349 47 has taken a fork
2349 153 is sleeping
2349 156 is sleeping
2349 148 is sleeping
2349 40 has taken a fork
2349 152 is sleeping
2349 155 is sleeping
2350 34 has taken a fork
2351 50 has taken a fork
2351 64 has taken a fork
2351 49 has taken a fork
2352 43 has taken a fork
2352 56 has taken a fork
2352 13 is eating
2352 1 is eating
2352 157 is sleeping
2352 4 is eating
2353 167 is sleeping
2353 61 has taken a fork
2353 161 is sleeping
2353 159 is sleeping
2353 158 is sleeping
2353 54 has taken a fork
2354 53 has taken a fork
2354 59 has taken a fork
2355 2 is eating
2355 66 has taken a fork
2355 10 is eating
2355 3 is eating
2355 165 is sleeping
2355 160 is sleeping
2357 62 has taken a fork
2357 9 is eating
2358 154 is sleeping
2358 163 is sleeping
2359 63 has taken a fork
2359 164 is sleeping
2360 67 has taken a fork
2360 166 is sleeping
2360 162 is sleeping
2361 69 has taken a fork
2361 38 has taken a fork
2361 30 has taken a fork
2362 68 has taken a fork
2364 65 has taken a fork
2364 58 has taken a fork
2364 103 is thinking
2365 102 is thinking
2366 105 is thinking
2366 32 has taken a fork
2366 36 has taken a fork
2366 101 is thinking
2367 108 is thinking
2370 111 is thinking
2370 104 is thinking
2371 170 is sleeping
2371 169 is sleeping
2371 45 has taken a fork
2371 70 has taken a fork
2374 110 is thinking
2374 106 is thinking
2376 115 is thinking
2380 109 is thinking
2385 171 is sleeping
2386 73 has taken a fork
2387 41 has taken a fork
2387 39 has taken a fork
2387 8 is eating
2388 42 has taken a fork
2391 57 has taken a fork
2394 112 is thinking
2394 116 is thinking
2395 168 is sleeping
2395 175 is sleeping
2395 75 has taken a fork
2395 77 has taken a fork
2395 179 is sleeping
2396 72 has taken a fork
2396 6 is eating
2396 178 is sleeping
2396 172 is sleeping
2397 113 is thinking
2397 71 has taken a fork
2397 44 has taken a fork
2398 177 is sleeping
2398 11 is eating
2398 117 is thinking
2398 120 is thinking
2399 125 is thinking
2400 60 has taken a fork
2400 79 has taken a fork
2401 114 is thinking
2401 107 is thinking
2401 173 is sleeping
2402 7 is eating
2402 81 has taken a fork
2403 46 has taken a fork
2403 16 is eating
2403 119 is thinking
2403 19 is eating
2403 5 is eating
2404 48 has taken a fork
2404 37 has taken a fork
2405 14 is eating
2405 118 is thinking
2405 52 has taken a fork
2405 17 is eating
2406 15 is eating
2406 12 is eating
2406 174 is sleeping
2409 23 is eating
2411 74 has taken a fork
2412 176 is sleeping
2412 83 has taken a fork
2412 181 is sleeping
2412 182 is sleeping
2412 180 is sleeping
2412 185 is sleeping
2412 183 is sleeping
2414 85 has taken a fork
2415 18 is eating
2415 78 has taken a fork
2416 184 is sleeping
2418 82 has taken a fork
2418 76 has taken a fork
2423 89 has taken a fork
2424 84 has taken a fork
2425 20 is eating
2425 22 is eating
2425 187 is sleeping
2425 21 is eating
2425 191 is sleeping
2425 186 is sleeping
2426 33 is eating
2426 188 is sleeping
2429 87 has taken a fork
2434 86 has taken a fork
2435 25 is eating
2436 27 is eating
2436 26 is eating
2436 190 is sleeping
2436 189 is sleeping
2436 29 is eating
2436 28 is eating
2436 195 is sleeping
2436 80 has taken a fork
2439 88 has taken a fork
2439 24 is eating
2439 35 is eating
2440 193 is sleeping
2440 192 is sleeping
2442 97 has taken a fork
2446 93 has taken a fork
2446 194 is sleeping
2446 196 is sleeping
2446 199 is sleeping
2446 51 has taken a fork
2447 55 has taken a fork
2447 197 is sleeping
2447 200 is sleeping
2447 198 is sleeping
2448 31 is eating
2448 47 has taken a fork
2450 99 has taken a fork
2450 40 is eating
2450 34 is eating
2451 91 has taken a fork
2452 90 has taken a fork
2452 95 has taken a fork
2453 50 has taken a fork
2453 64 has taken a fork
2454 94 has taken a fork
2454 49 has taken a fork
2454 128 is thinking
2454 96 has taken a fork
2454 43 has taken a fork
2454 56 has taken a fork
2454 13 is sleeping
2454 1 is sleeping
2454 4 is sleeping
2454 92 has taken a fork
2454 61 has taken a fork
2455 54 has taken a fork
2455 98 has taken a fork
2455 53 has taken a fork
2455 100 has taken a fork
2455 59 has taken a fork
2455 2 is sleeping
2455 66 has taken a fork
2455 10 is sleeping
2455 3 is sleeping
2455 62 has taken a fork
2455 9 is sleeping
2455 63 has taken a fork
2455 67 has taken a fork
2455 69 has taken a fork
2455 38 is eating
2456 30 is eating
2456 68 has taken a fork
2456 121 is thinking
2456 65 has taken a fork
2456 122 is thinking
2456 58 has taken a fork
2456 123 is thinking
2456 103 has taken a fork
2456 102 has taken a fork
2456 32 is eating
2457 105 has taken a fork
2457 36 is eating
2457 101 has taken a fork
2457 126 is thinking
2457 108 has taken a fork
2457 111 has taken a fork
2458 104 has taken a fork
2458 45 is eating
2458 70 has taken a fork
2458 127 is thinking
2458 139 is thinking
2459 129 is thinking
2459 132 is thinking
2459 130 is thinking
2459 131 is thinking
2459 73 has taken a fork
2459 41 is eating
2459 39 is eating
2459 8 is sleeping
2459 42 is eating
2460 138 is thinking
2460 110 has taken a fork
2460 57 has taken a fork
2461 133 is thinking
2461 136 is thinking
2461 143 is thinking
2461 75 has taken a fork
2461 77 has taken a fork
2461 72 has taken a fork
2461 124 is thinking
2461 135 is thinking
2461 6 is sleeping
2461 137 is thinking
2461 142 is thinking
2461 71 has taken a fork
2462 44 is eating
2462 145 is thinking
2462 11 is sleeping
2462 151 is thinking
2463 106 has taken a fork
2463 134 is thinking
2463 60 has taken a fork
2464 115 has taken a fork
2464 79 has taken a fork
2464 7 is sleeping
2464 81 has taken a fork
2464 46 is eating
2464 16 is sleeping
2464 19 is sleeping
2464 5 is sleeping
2464 48 is eating
2464 112 has taken a fork
2464 37 is eating
2464 14 is sleeping
2464 116 has taken a fork
2464 113 has taken a fork
2465 52 is eating
2465 17 is sleeping
2465 15 is sleeping
2465 12 is sleeping
2465 109 has taken a fork
2465 117 has taken a fork
2465 120 has taken a fork
2465 23 is sleeping
2465 125 has taken a fork
2465 74 has taken a fork
2465 83 has taken a fork
2466 85 has taken a fork
2466 18 is sleeping
2466 114 has taken a fork
2466 78 has taken a fork
2466 119 has taken a fork
2466 82 has taken a fork
2466 107 has taken a fork
2466 76 has taken a fork
2466 89 has taken a fork
2466 84 has taken a fork
2466 20 is sleeping
2467 22 is sleeping
2467 21 is sleeping
2467 118 has taken a fork
2467 33 is sleeping
2467 140 is thinking
2467 147 is thinking
2469 144 is thinking
2469 150 is thinking
2469 87 has taken a fork
2469 86 has taken a fork
2469 25 is sleeping
2469 27 is sleeping
2469 26 is sleeping
2470 29 is sleeping
2470 28 is sleeping
2470 80 has taken a fork
2470 88 has taken a fork
2470 24 is sleeping
2470 35 is sleeping
2470 97 has taken a fork
2470 93 has taken a fork
2470 51 is eating
2470 55 is eating
2470 31 is sleeping
2471 47 is eating
2471 148 is thinking
2472 156 is thinking
2473 146 is thinking
2474 155 is thinking
2477 141 is thinking
2477 153 is thinking
2478 152 is thinking
2480 149 is thinking
2481 99 has taken a fork
2481 40 is sleeping
2482 34 is sleeping
2482 91 has taken a fork
2483 157 is thinking
2483 90 has taken a fork
2483 95 has taken a fork
2484 159 is thinking
2485 167 is thinking
2485 158 is thinking
2488 161 is thinking
2489 50 is eating
2490 64 is eating
2490 94 has taken a fork
2491 49 is eating
2492 96 has taken a fork
2492 128 has taken a fork
2492 43 is eating
2492 56 is eating
2493 92 has taken a fork
2493 61 is eating
2494 165 is thinking
2495 160 is thinking
2495 54 is eating
2495 98 has taken a fork
2496 53 is eating
2497 100 has taken a fork
2497 59 is eating
2497 66 is eating
2497 62 is eating
2497 63 is eating
2497 67 is eating
2497 69 is eating
2498 38 is sleeping
2498 30 is sleeping
2499 68 is eating
2499 121 has taken a fork
2499 65 is eating
2499 122 has taken a fork
2501 58 is eating
2501 123 has taken a fork
2501 103 has taken a fork
2504 102 has taken a fork
2505 32 is sleeping
2507 105 has taken a fork
2507 36 is sleeping
2512 101 has taken a fork
2512 126 has taken a fork
2517 108 has taken a fork
2518 111 has taken a fork
2519 163 is thinking
2519 154 is thinking
2519 104 has taken a fork
2519 45 is sleeping
2519 70 is eating
2520 139 has taken a fork
2520 127 has taken a fork
2521 129 has taken a fork
2521 132 has taken a fork
2521 164 is thinking
2523 130 has taken a fork
2523 131 has taken a fork
2523 73 is eating
2524 41 is sleeping
2524 39 is sleeping
2524 42 is sleeping
2524 138 has taken a fork
2525 162 is thinking
2527 166 is thinking
2528 110 has taken a fork
2529 57 is eating
2529 133 has taken a fork
2529 136 has taken a fork
2529 143 has taken a fork
2529 75 is eating
2529 77 is eating
2529 72 is eating
2530 124 has taken a fork
2530 135 has taken a fork
2531 137 has taken a fork
2531 142 has taken a fork
2532 71 is eating
2532 44 is sleeping
2532 145 has taken a fork
2533 151 has taken a fork
2534 106 has taken a fork
2534 60 is eating
2534 134 has taken a fork
2535 115 has taken a fork
2535 79 is eating
2535 81 is eating
2535 46 is sleeping
2536 48 is sleeping
2537 112 has taken a fork
2537 37 is sleeping
2537 116 has taken a fork
2537 113 has taken a fork
2537 52 is sleeping
2537 109 has taken a fork
2537 117 has taken a fork
2537 120 has taken a fork
2537 125 has taken a fork
2537 74 is eating
2538 83 is eating
2538 85 is eating
2538 114 has taken a fork
2539 78 is eating
2539 119 has taken a fork
2539 82 is eating
2540 107 has taken a fork
2540 76 is eating
2540 89 is eating
2540 84 is eating
2541 118 has taken a fork
2542 140 has taken a fork
2544 147 has taken a fork
2544 144 has taken a fork
2547 150 has taken a fork
2547 87 is eating
2547 86 is eating
2547 80 is eating
2547 88 is eating
2547 97 is eating
2547 93 is eating
2547 170 is thinking
2548 169 is thinking
2548 99 is eating
2549 91 is eating
2549 51 is sleeping
2549 55 is sleeping
2549 148 has taken a fork
2550 156 has taken a fork
2550 90 is eating
2550 95 is eating
2551 171 is thinking
2551 47 is sleeping
2551 146 has taken a fork
2551 94 is eating
2551 96 is eating
2552 128 has taken a fork
2552 92 is eating
2552 168 is thinking
2553 175 is thinking
2554 179 is thinking
2555 98 is eating
2555 172 is thinking
2556 178 is thinking
2556 100 is eating
2556 177 is thinking
2556 50 is sleeping
2556 121 has taken a fork
2557 64 is sleeping
2557 122 has taken a fork
2558 155 has taken a fork
2559 141 has taken a fork
2559 123 has taken a fork
2560 43 is sleeping
2560 103 is eating
2561 56 is sleeping
2561 49 is sleeping
2561 61 is sleeping
2561 54 is sleeping
2562 173 is thinking
2562 102 is eating
2562 153 has taken a fork
2562 152 has taken a fork
2563 149 has taken a fork
2563 69 is sleeping
2563 66 is sleeping
2563 62 is sleeping
2564 53 is sleeping
2564 59 is sleeping
2564 67 is sleeping
2565 174 is thinking
2565 105 is eating
2566 159 has taken a fork
2566 65 is sleeping
2566 181 is thinking
2566 63 is sleeping
2567 185 is thinking
2567 180 is thinking
2567 182 is thinking
2568 176 is thinking
2568 183 is thinking
2569 101 is eating
2569 157 has taken a fork
2569 126 has taken a fork
2569 58 is sleeping
2569 68 is sleeping
2570 184 is thinking
2570 108 is eating
2571 158 has taken a fork
2571 167 has taken a fork
2572 161 has taken a fork
2572 111 is eating
2574 165 has taken a fork
2575 160 has taken a fork
2575 104 is eating
2576 163 has taken a fork
2576 139 has taken a fork
2576 154 has taken a fork
2577 127 has taken a fork
2577 129 has taken a fork
2578 132 has taken a fork
2579 164 has taken a fork
2579 70 is sleeping
2580 130 has taken a fork
2580 131 has taken a fork
2580 138 has taken a fork
2580 187 is thinking
2580 191 is thinking
2581 186 is thinking
2581 162 has taken a fork
2581 73 is sleeping
2581 188 is thinking
2582 166 has taken a fork
2582 110 is eating
2582 57 is sleeping
2582 133 has taken a fork
2582 136 has taken a fork
2582 143 has taken a fork
2583 124 has taken a fork
2583 135 has taken a fork
2583 137 has taken a fork
2583 142 has taken a fork
2583 75 is sleeping
2583 77 is sleeping
2583 72 is sleeping
2584 145 has taken a fork
2584 151 has taken a fork
2584 106 is eating
2584 71 is sleeping
2584 134 has taken a fork
2585 115 is eating
2585 195 is thinking
2585 189 is thinking
2585 60 is sleeping
2587 190 is thinking
2587 79 is sleeping
2587 81 is sleeping
2588 112 is eating
2588 116 is eating
2588 113 is eating
2588 109 is eating
2588 117 is eating
2588 120 is eating
2588 125 is eating
2588 114 is eating
2588 119 is eating
2590 193 is thinking
2591 107 is eating
2592 192 is thinking
2592 118 is eating
2592 74 is sleeping
2592 85 is sleeping
2592 83 is sleeping
2593 140 has taken a fork
2593 78 is sleeping
2593 82 is sleeping
2593 89 is sleeping
2593 76 is sleeping
2594 84 is sleeping
2594 147 has taken a fork
2594 144 has taken a fork
2595 199 is thinking
2596 194 is thinking
2597 196 is thinking
2599 198 is thinking
2601 200 is thinking
2602 197 is thinking
2602 150 has taken a fork
2602 87 is sleeping
2603 86 is sleeping
2603 170 has taken a fork
2603 80 is sleeping
2603 93 is sleeping
2603 97 is sleeping
2603 88 is sleeping
2603 169 has taken a fork
2604 148 has taken a fork
2604 91 is sleeping
2604 99 is sleeping
2605 156 has taken a fork
2605 90 is sleeping
2605 95 is sleeping
2606 171 has taken a fork
2606 146 has taken a fork
2607 94 is sleeping
2607 96 is sleeping
2608 128 is eating
2608 168 has taken a fork
2608 92 is sleeping
2609 175 has taken a fork
2609 4 is thinking
2610 13 is thinking
2610 1 is thinking
2610 179 has taken a fork
2611 3 is thinking
2611 2 is thinking
2612 10 is thinking
2613 9 is thinking
2614 98 is sleeping
2614 172 has taken a fork
2616 178 has taken a fork
2616 100 is sleeping
2616 177 has taken a fork
2616 121 is eating
2617 122 is eating
2617 155 has taken a fork
2617 8 is thinking
2617 141 has taken a fork
2618 123 is eating
2619 6 is thinking
2619 173 has taken a fork
2620 11 is thinking
2620 153 has taken a fork
2622 152 has taken a fork
2623 103 is sleeping
2623 149 has taken a fork
2623 14 is thinking
2625 16 is thinking
2625 7 is thinking
2626 102 is sleeping
2627 19 is thinking
2628 5 is thinking
2629 15 is thinking
2630 23 is thinking
2630 12 is thinking
2633 17 is thinking
2633 174 has taken a fork
2633 20 is thinking
2633 159 has taken a fork
2633 18 is thinking
2633 181 has taken a fork
2634 105 is sleeping
2635 33 is thinking
2636 185 has taken a fork
2636 21 is thinking
2637 22 is thinking
2638 180 has taken a fork
2639 182 has taken a fork
2639 176 has taken a fork
2640 183 has taken a fork
2640 27 is thinking
2642 101 is sleeping
2643 26 is thinking
2655 25 is thinking
2656 157 has taken a fork
2656 126 is eating
2659 28 is thinking
2660 31 is thinking
2663 24 is thinking
2664 29 is thinking
2666 35 is thinking
2666 184 has taken a fork
2667 108 is sleeping
2669 158 has taken a fork
2670 167 has taken a fork
2676 161 has taken a fork
2678 111 is sleeping
2684 165 has taken a fork
2688 160 has taken a fork
2689 104 is sleeping
2690 163 has taken a fork
2690 139 is eating
2691 154 has taken a fork
2692 127 is eating
2693 129 is eating
2693 132 is eating
2695 164 has taken a fork
2695 130 is eating
2696 131 is eating
2696 138 is eating
2696 187 has taken a fork
2697 191 has taken a fork
2697 186 has taken a fork
2700 40 is thinking
2704 162 has taken a fork
2704 188 has taken a fork
2704 166 has taken a fork
2704 133 is eating
2705 143 is eating
2705 136 is eating
2705 34 is thinking
2705 124 is eating
2705 135 is eating
2705 137 is eating
2705 142 is eating
2705 151 is eating
2705 145 is eating
2705 134 is eating
2706 195 has taken a fork
2706 189 has taken a fork
2706 110 is sleeping
2706 190 has taken a fork
2706 193 has taken a fork
2706 192 has taken a fork
2706 106 is sleeping
2706 115 is sleeping
2706 140 is eating
2706 147 is eating
2707 144 is eating
2709 199 has taken a fork
2710 194 has taken a fork
2711 112 is sleeping
2711 116 is sleeping
2711 113 is sleeping
2712 196 has taken a fork
2712 109 is sleeping
2712 30 is thinking
2714 198 has taken a fork
2715 38 is thinking
2715 120 is sleeping
2715 117 is sleeping
2715 125 is sleeping
2717 200 has taken a fork
2717 119 is sleeping
2717 197 has taken a fork
2717 114 is sleeping
2717 150 is eating
2717 170 has taken a fork
2718 169 has taken a fork
2719 148 is eating
2719 156 is eating
2719 32 is thinking
2720 107 is sleeping
2720 171 has taken a fork
2720 146 is eating
2722 36 is thinking
2722 168 has taken a fork
2722 118 is sleeping
2722 175 has taken a fork
2723 4 has taken a fork
2723 13 has taken a fork
2723 1 has taken a fork
2724 179 has taken a fork
2726 3 has taken a fork
2726 2 has taken a fork
2727 10 has taken a fork
2727 9 has taken a fork
2727 172 has taken a fork
2727 178 has taken a fork
2727 177 has taken a fork
2727 155 is eating
2728 8 has taken a fork
2728 141 is eating
2729 45 is thinking
2729 6 has taken a fork
2729 173 has taken a fork
2731 11 has taken a fork
2731 153 is eating
2732 152 is eating
2732 149 is eating
2733 14 has taken a fork
2733 42 is thinking
2734 39 is thinking
2734 41 is thinking
2734 16 has taken a fork
2734 7 has taken a fork
2735 19 has taken a fork
2736 5 has taken a fork
2736 15 has taken a fork
2737 23 has taken a fork
2737 12 has taken a fork
2737 128 is sleeping
2737 44 is thinking
2737 17 has taken a fork
2738 174 has taken a fork
2738 20 has taken a fork
2738 159 is eating
2738 18 has taken a fork
2739 181 has taken a fork
2740 46 is thinking
2740 33 has taken a fork
2740 48 is thinking
2740 185 has taken a fork
2740 121 is sleeping
2741 37 is thinking
2741 52 is thinking
2741 21 has taken a fork
2741 122 is sleeping
2741 123 is sleeping
2741 22 has taken a fork
2741 180 has taken a fork
2741 182 has taken a fork
2741 176 has taken a fork
2742 183 has taken a fork
2742 27 has taken a fork
2742 51 is thinking
2743 55 is thinking
2743 47 is thinking
2743 50 is thinking
2743 157 is eating
2744 126 is sleeping
2744 64 is thinking
2744 26 has taken a fork
2744 43 is thinking
2744 54 is thinking
2744 56 is thinking
2744 49 is thinking
2744 61 is thinking
2744 69 is thinking
2746 66 is thinking
2746 53 is thinking
2746 62 is thinking
2746 59 is thinking
2746 67 is thinking
2746 63 is thinking
2747 65 is thinking
2747 184 has taken a fork
2747 158 is eating
2747 68 is thinking
2747 58 is thinking
2749 167 is eating
2750 70 is thinking
2751 73 is thinking
2751 57 is thinking
2753 72 is thinking
2753 77 is thinking
2753 75 is thinking
2753 71 is thinking
2753 161 is eating
2754 165 is eating
2755 60 is thinking
2755 81 is thinking
2757 79 is thinking
2757 160 is eating
2758 163 is eating
2758 139 is sleeping
2759 25 has taken a fork
2759 154 is eating
2761 83 is thinking
2762 85 is thinking
2762 74 is thinking
2762 127 is sleeping
2763 78 is thinking
2765 89 is thinking
2765 76 is thinking
2765 129 is sleeping
2765 132 is sleeping
2766 84 is thinking
2767 82 is thinking
2768 164 is eating
2769 28 has taken a fork
2771 31 has taken a fork
2774 24 has taken a fork
2774 130 is sleeping
2774 131 is sleeping
2774 138 is sleeping
2775 187 has taken a fork
2775 29 has taken a fork
2778 35 has taken a fork
2778 191 has taken a fork
2778 186 has taken a fork
2780 40 has taken a fork
2781 87 is thinking
2783 97 is thinking
2784 88 is thinking
2785 93 is thinking
2789 86 is thinking
2792 80 is thinking
2793 162 is eating
2793 188 has taken a fork
2794 166 is eating
2794 99 is thinking
2795 91 is thinking
2795 133 is sleeping
2795 143 is sleeping
2795 136 is sleeping
2796 95 is thinking
2796 34 has taken a fork
2796 124 is sleeping
2796 135 is sleeping
2796 137 is sleeping
2796 142 is sleeping
2796 151 is sleeping
2796 145 is sleeping
2796 134 is sleeping
2797 195 has taken a fork
2799 90 is thinking
2803 189 has taken a fork
2804 190 has taken a fork
2806 193 has taken a fork
2814 192 has taken a fork
2814 140 is sleeping
2814 147 is sleeping
2814 144 is sleeping
2814 94 is thinking
2814 92 is thinking
2814 199 has taken a fork
2814 96 is thinking
2814 194 has taken a fork
2825 196 has taken a fork
2828 30 has taken a fork
2830 98 is thinking
2830 198 has taken a fork
2830 100 is thinking
2830 38 has taken a fork
2832 200 has taken a fork
2832 197 has taken a fork
2832 150 is sleeping
2832 170 is eating
2832 169 is eating
2832 148 is sleeping
2832 156 is sleeping
2832 171 is eating
2832 146 is sleeping
2832 32 has taken a fork
2832 36 has taken a fork
2832 168 is eating
2832 175 is eating
2832 103 is thinking
2832 13 has taken a fork
2832 1 has taken a fork
2832 179 is eating
2832 3 has taken a fork
2833 102 is thinking
2833 2 has taken a fork
2833 4 has taken a fork
2833 10 has taken a fork
2833 9 has taken a fork
2833 172 is eating
2833 177 is eating
2833 178 is eating
2833 155 is sleeping
2833 8 has taken a fork
2834 141 is sleeping
2834 45 has taken a fork
2834 6 has taken a fork
2834 173 is eating
2834 11 has taken a fork
2834 153 is sleeping
2834 152 is sleeping
2835 149 is sleeping
2835 14 has taken a fork
2835 42 has taken a fork
2836 105 is thinking
2836 39 has taken a fork
2836 41 has taken a fork
2836 16 has taken a fork
2836 7 has taken a fork
2836 19 has taken a fork
2837 5 has taken a fork
2837 15 has taken a fork
2838 23 has taken a fork
2839 12 has taken a fork
2839 44 has taken a fork
2839 17 has taken a fork
2839 174 is eating
2839 20 has taken a fork
2839 159 is sleeping
2840 18 has taken a fork
2840 181 is eating
2840 46 has taken a fork
2842 33 has taken a fork
2842 48 has taken a fork
2842 185 is eating
2842 52 has taken a fork
2842 37 has taken a fork
2843 21 has taken a fork
2843 22 has taken a fork
2843 180 is eating
2843 182 is eating
2843 183 is eating
2843 101 is thinking
2843 176 is eating
2844 27 has taken a fork
2845 51 has taken a fork
2845 55 has taken a fork
2845 47 has taken a fork
2845 50 has taken a fork
2845 157 is sleeping
2845 64 has taken a fork
2846 26 has taken a fork
2846 43 has taken a fork
2846 54 has taken a fork
2846 56 has taken a fork
2846 49 has taken a fork
2846 61 has taken a fork
2846 184 is eating
2846 158 is sleeping
2846 69 has taken a fork
2846 167 is sleeping
2846 66 has taken a fork
2846 53 has taken a fork
2846 165 is sleeping
2846 62 has taken a fork
2847 161 is sleeping
2847 160 is sleeping
2847 59 has taken a fork
2847 25 has taken a fork
2847 163 is sleeping
2847 67 has taken a fork
2847 63 has taken a fork
2848 154 is sleeping
2849 108 is thinking
2849 164 is sleeping
2849 65 has taken a fork
2849 28 has taken a fork
2850 31 has taken a fork
2850 24 has taken a fork
2851 187 is eating
2851 29 has taken a fork
2851 35 has taken a fork
2852 111 is thinking
2852 191 is eating
2853 186 is eating
2855 40 has taken a fork
2856 104 is thinking
2856 162 is sleeping
2856 188 is eating
2857 68 has taken a fork
2857 166 is sleeping
2857 58 has taken a fork
2858 34 has taken a fork
2858 195 is eating
2858 190 is eating
2858 189 is eating
2860 110 is thinking
2860 115 is thinking
2861 106 is thinking
2861 193 is eating
2862 109 is thinking
2862 112 is thinking
2862 192 is eating
2863 199 is eating
2863 194 is eating
2864 120 is thinking
2867 119 is thinking
2869 125 is thinking
2870 114 is thinking
2871 117 is thinking
2872 116 is thinking
2873 113 is thinking
2876 107 is thinking
2878 118 is thinking
2879 196 is eating
2879 30 has taken a fork
2880 198 is eating
2881 38 has taken a fork
2881 200 is eating
2881 197 is eating
2881 170 is sleeping
2881 169 is sleeping
2881 171 is sleeping
2881 57 has taken a fork
2881 32 has taken a fork
2881 36 has taken a fork
2881 168 is sleeping
2882 72 has taken a fork
2883 175 is sleeping
2883 13 is eating
2883 1 is eating
2883 179 is sleeping
2883 3 is eating
2883 2 is eating
2884 4 is eating
2884 10 is eating
2884 9 is eating
2884 172 is sleeping
2884 177 is sleeping
2887 60 has taken a fork
2887 178 is sleeping
2890 8 is eating
2890 45 has taken a fork
2891 73 has taken a fork
2892 6 is eating
2892 173 is sleeping
2892 11 is eating
2893 70 has taken a fork
2894 14 is eating
2895 42 has taken a fork
2896 75 has taken a fork
2897 39 has taken a fork
2897 41 has taken a fork
2897 16 is eating
2899 77 has taken a fork
2900 7 is eating
2900 71 has taken a fork
2901 19 is eating
2902 5 is eating
2902 15 is eating
2903 81 has taken a fork
2908 128 is thinking
2910 79 has taken a fork
2912 23 is eating
2912 44 has taken a fork
2914 12 is eating
2916 17 is eating
2916 174 is sleeping
2916 20 is eating
2920 83 has taken a fork
2922 18 is eating
2925 121 is thinking
2925 181 is sleeping
2925 46 has taken a fork
2925 33 is eating
2926 48 has taken a fork
2926 185 is sleeping
2926 85 has taken a fork
2927 122 is thinking
2927 52 has taken a fork
2928 37 has taken a fork
2928 74 has taken a fork
2928 21 is eating
2928 22 is eating
2928 180 is sleeping
2928 123 is thinking
2929 182 is sleeping
2929 183 is sleeping
2929 76 has taken a fork
2930 78 has taken a fork
2932 89 has taken a fork
2932 176 is sleeping
2932 84 has taken a fork
2933 27 is eating
2935 126 is thinking
2935 51 has taken a fork
2935 55 has taken a fork
2936 47 has taken a fork
2936 50 has taken a fork
2936 64 has taken a fork
2937 26 is eating
2937 43 has taken a fork
2937 54 has taken a fork
2937 56 has taken a fork
2937 49 has taken a fork
2937 61 has taken a fork
2937 184 is sleeping
2941 82 has taken a fork
2942 69 has taken a fork
2942 66 has taken a fork
2942 53 has taken a fork
2942 62 has taken a fork
2942 59 has taken a fork
2942 25 is eating
2942 67 has taken a fork
2942 63 has taken a fork
2942 65 has taken a fork
2942 28 is eating
2944 31 is eating
2944 24 is eating
2944 187 is sleeping
2944 87 has taken a fork
2944 29 is eating
2946 35 is eating
2946 191 is sleeping
2946 186 is sleeping
2947 40 is eating
2948 97 has taken a fork
2948 88 has taken a fork
2948 188 is sleeping
2948 68 has taken a fork
2948 58 has taken a fork
2948 34 is eating
2948 195 is sleeping
2948 190 is sleeping
2949 189 is sleeping
2949 139 is thinking
2949 93 has taken a fork
2949 80 has taken a fork
2949 86 has taken a fork
2951 99 has taken a fork
2951 193 is sleeping
2951 91 has taken a fork
2951 192 is sleeping
2951 199 is sleeping
2951 127 is thinking
2951 95 has taken a fork
2953 194 is sleeping
2953 94 has taken a fork
2954 90 has taken a fork
2954 129 is thinking
2954 132 is thinking
2954 138 is thinking
2954 131 is thinking
2954 130 is thinking
2954 196 is sleeping
2954 30 is eating
2954 92 has taken a fork
2954 198 is sleeping
2954 38 is eating
2954 200 is sleeping
2954 98 has taken a fork
2954 197 is sleeping
2955 100 has taken a fork
2955 57 has taken a fork
2955 32 is eating
2955 36 is eating
2955 96 has taken a fork
2955 72 has taken a fork
2955 13 is sleeping
2955 1 is sleeping
2955 103 has taken a fork
2955 3 is sleeping
2955 2 is sleeping
2955 102 has taken a fork
2955 105 has taken a fork
2956 4 is sleeping
2956 101 has taken a fork
2956 10 is sleeping
2956 9 is sleeping
2956 108 has taken a fork
2956 60 has taken a fork
2956 8 is sleeping
2956 111 has taken a fork
2956 45 is eating
2956 104 has taken a fork
2956 73 has taken a fork
2957 6 is sleeping
2958 110 has taken a fork
2958 11 is sleeping
2959 115 has taken a fork
2960 70 has taken a fork
2960 106 has taken a fork
2960 14 is sleeping
2961 143 is thinking
2963 136 is thinking
2964 133 is thinking
2964 42 is eating
2967 142 is thinking
2969 134 is thinking
2970 137 is thinking
2970 151 is thinking
2971 145 is thinking
2975 135 is thinking
2979 124 is thinking
2980 75 has taken a fork
2980 109 has taken a fork
2980 39 is eating
2980 41 is eating
2980 16 is sleeping
2981 112 has taken a fork
2981 77 has taken a fork
2982 7 is sleeping
2982 71 has taken a fork
2983 120 has taken a fork
2983 19 is sleeping
2983 5 is sleeping
2985 125 has taken a fork
2986 119 has taken a fork
2986 15 is sleeping
2986 81 has taken a fork
2988 114 has taken a fork
2988 79 has taken a fork
2988 23 is sleeping
2988 44 is eating
2989 144 is thinking
2990 140 is thinking
2993 147 is thinking
2994 12 is sleeping
2994 117 has taken a fork
2995 17 is sleeping
2996 20 is sleeping
2998 113 has taken a fork
3000 116 has taken a fork
3001 107 has taken a fork
3003 83 has taken a fork
3003 18 is sleeping
3003 46 is eating
3003 48 is eating
3004 33 is sleeping
3005 118 has taken a fork
3009 85 has taken a fork
3011 128 has taken a fork
3011 52 is eating
3011 37 is eating
3014 74 has taken a fork
3014 21 is sleeping
3015 121 has taken a fork
3015 22 is sleeping
3016 122 has taken a fork
3016 76 has taken a fork
3018 78 has taken a fork
3021 148 is thinking
3022 150 is thinking
3023 156 is thinking
3024 146 is thinking
3028 89 has taken a fork
3028 84 has taken a fork
3032 155 is thinking
3033 27 is sleeping
3037 123 has taken a fork
3040 141 is thinking
3041 153 is thinking
3042 152 is thinking
3044 149 is thinking
3044 51 is eating
3044 55 is eating
3044 47 is eating
3044 50 is eating
3045 64 is eating
3045 26 is sleeping
3045 43 is eating
3048 126 has taken a fork
3048 54 is eating
3048 56 is eating
3048 49 is eating
3048 61 is eating
3054 159 is thinking
3055 82 has taken a fork
3055 69 is eating
3055 66 is eating
3055 53 is eating
3055 62 is eating
3055 59 is eating
3055 25 is sleeping
3055 67 is eating
3055 63 is eating
3055 65 is eating
3055 28 is sleeping
3055 31 is sleeping
3055 24 is sleeping
3056 87 has taken a fork
3056 29 is sleeping
3056 157 is thinking
3056 165 is thinking
3056 35 is sleeping
3058 158 is thinking
3058 167 is thinking
3058 161 is thinking
3059 160 is thinking
3059 163 is thinking
3059 40 is sleeping
3060 154 is thinking
3060 97 has taken a fork
3060 88 has taken a fork
3060 68 is eating
3060 58 is eating
3060 34 is sleeping
3060 139 has taken a fork
3061 164 is thinking
3061 93 has taken a fork
3061 80 has taken a fork
3062 86 has taken a fork
3062 99 has taken a fork
3062 91 has taken a fork
3062 127 has taken a fork
3062 95 has taken a fork
3062 94 has taken a fork
3062 90 has taken a fork
3062 129 has taken a fork
3062 132 has taken a fork
3062 138 has taken a fork
3062 131 has taken a fork
3062 130 has taken a fork
3062 30 is sleeping
3062 92 has taken a fork
3062 38 is sleeping
3062 98 has taken a fork
3063 100 has taken a fork
3063 57 is eating
3063 32 is sleeping
3063 36 is sleeping
3063 96 has taken a fork
3063 72 is eating
3063 103 has taken a fork
3063 102 has taken a fork
3063 105 has taken a fork
3063 101 has taken a fork
3065 162 is thinking
3065 108 has taken a fork
3065 60 is eating
3065 111 has taken a fork
3065 45 is sleeping
3065 104 has taken a fork
3065 73 is eating
3066 166 is thinking
3066 110 has taken a fork
3066 115 has taken a fork
3067 70 is eating
3067 106 has taken a fork
3068 143 has taken a fork
3068 136 has taken a fork
3069 133 has taken a fork
3069 42 is sleeping
3070 142 has taken a fork
3070 134 has taken a fork
3071 137 has taken a fork
3071 151 has taken a fork
3071 75 is eating
3071 109 has taken a fork
3071 39 is sleeping
3071 41 is sleeping
3071 112 has taken a fork
3071 77 is eating
3072 71 is eating
3073 145 has taken a fork
3075 135 has taken a fork
3079 120 has taken a fork
3079 171 is thinking
3079 175 is thinking
3079 179 is thinking
3079 168 is thinking
3080 170 is thinking
3080 169 is thinking
3080 125 has taken a fork
3080 119 has taken a fork
3080 172 is thinking
3081 177 is thinking
3081 81 is eating
3081 114 has taken a fork
3081 178 is thinking
3081 79 is eating
3082 44 is sleeping
3082 124 has taken a fork
3083 173 is thinking
3083 117 has taken a fork
3083 113 has taken a fork
3084 116 has taken a fork
3084 107 has taken a fork
3084 83 is eating
3084 46 is sleeping
3084 48 is sleeping
3084 118 has taken a fork
3085 85 is eating
3086 140 has taken a fork
3089 144 has taken a fork
3089 128 has taken a fork
3089 52 is sleeping
3089 37 is sleeping
3089 74 is eating
3093 147 has taken a fork
3093 121 has taken a fork
3094 122 has taken a fork
3095 174 is thinking
3095 76 is eating
3095 78 is eating
3095 148 has taken a fork
3095 89 is eating
3095 180 is thinking
3095 84 is eating
3095 181 is thinking
3096 185 is thinking
3096 183 is thinking
3097 182 is thinking
3097 176 is thinking
3097 184 is thinking
3097 123 has taken a fork
3098 187 is thinking
3098 51 is sleeping
3098 55 is sleeping
3099 47 is sleeping
3099 50 is sleeping
3099 64 is sleeping
3099 43 is sleeping
3100 186 is thinking
3102 191 is thinking
3105 195 is thinking
3108 188 is thinking
3108 190 is thinking
3116 146 has taken a fork
3121 156 has taken a fork
3122 153 has taken a fork
3122 54 is sleeping
3122 56 is sleeping
3122 49 is sleeping
3122 61 is sleeping
3123 189 is thinking
3123 192 is thinking
3125 193 is thinking
3126 199 is thinking
3127 194 is thinking
3127 126 has taken a fork
3131 200 is thinking
3132 141 has taken a fork
3132 198 is thinking
3133 197 is thinking
3134 196 is thinking
3135 13 is thinking
3136 2 is thinking
3136 1 is thinking
3136 3 is thinking
3136 82 is eating
3136 69 is sleeping
3136 66 is sleeping
3136 53 is sleeping
3136 62 is sleeping
3136 59 is sleeping
3136 67 is sleeping
3136 63 is sleeping
3136 65 is sleeping
3137 9 is thinking
3137 10 is thinking
3137 4 is thinking
3137 8 is thinking
3138 155 has taken a fork
3138 87 is eating
3138 150 has taken a fork
3139 152 has taken a fork
3139 149 has taken a fork
3139 159 has taken a fork
3140 6 is thinking
3140 11 is thinking
3140 157 has taken a fork
3140 158 has taken a fork
3141 165 has taken a fork
3141 167 has taken a fork
3141 161 has taken a fork
3142 160 has taken a fork
3143 163 has taken a fork
3143 14 is thinking
3143 154 has taken a fork
3144 97 is eating
3144 88 is eating
3144 68 is sleeping
3144 58 is sleeping
3144 139 has taken a fork
3144 164 has taken a fork
3144 80 is eating
3145 93 is eating
3145 86 is eating
3145 99 is eating
3145 91 is eating
3145 127 has taken a fork
3145 95 is eating
3145 94 is eating
3146 90 is eating
3146 129 has taken a fork
3146 132 has taken a fork
3147 138 has taken a fork
3147 131 has taken a fork
3147 130 has taken a fork
3147 92 is eating
3147 98 is eating
3147 100 is eating
3147 57 is sleeping
3147 96 is eating
3147 72 is sleeping
3147 103 is eating
3147 102 is eating
3147 105 is eating
3148 101 is eating
3150 162 has taken a fork
3151 108 is eating
3151 60 is sleeping
3151 111 is eating
3151 104 is eating
3152 73 is sleeping
3152 166 has taken a fork
3152 110 is eating
3152 115 is eating
3152 70 is sleeping
3153 106 is eating
3154 143 has taken a fork
3154 136 has taken a fork
3155 133 has taken a fork
3156 142 has taken a fork
3159 134 has taken a fork
3160 137 has taken a fork
3161 151 has taken a fork
3161 75 is sleeping
3161 109 is eating
3161 112 is eating
3162 77 is sleeping
3162 71 is sleeping
3164 145 has taken a fork
3165 135 has taken a fork
3165 120 is eating
3166 171 has taken a fork
3166 175 has taken a fork
3167 179 has taken a fork
3167 168 has taken a fork
3168 170 has taken a fork
3169 16 is thinking
3169 169 has taken a fork
3169 125 is eating
3169 119 is eating
3169 172 has taken a fork
3170 177 has taken a fork
3170 114 is eating
3170 81 is sleeping
3171 178 has taken a fork
3171 79 is sleeping
3172 124 has taken a fork
3173 19 is thinking
3173 5 is thinking
3175 173 has taken a fork
3175 117 is eating
3177 113 is eating
3182 116 is eating
3182 107 is eating
3185 83 is sleeping
3185 118 is eating
3187 7 is thinking
3187 85 is sleeping
3192 140 has taken a fork
3196 15 is thinking
3200 23 is thinking
3203 144 has taken a fork
3204 128 is eating
3204 74 is sleeping
3204 147 has taken a fork
3204 121 is eating
3204 122 is eating
3204 17 is thinking
3205 174 has taken a fork
3205 12 is thinking
3205 76 is sleeping
3205 78 is sleeping
3205 148 has taken a fork
3205 89 is sleeping
3205 180 has taken a fork
3205 84 is sleeping
3205 181 has taken a fork
3205 185 has taken a fork
3206 20 is thinking
3206 183 has taken a fork
3207 182 has taken a fork
3207 176 has taken a fork
3207 123 is eating
3207 18 is thinking
3207 33 is thinking
3208 146 has taken a fork
3213 21 is thinking
3214 22 is thinking
3215 156 has taken a fork
3215 153 has taken a fork
3216 126 is eating
3216 141 has taken a fork
3216 27 is thinking
3216 82 is sleeping
3219 184 has taken a fork
3219 155 has taken a fork
3220 87 is sleeping
3220 150 has taken a fork
3220 187 has taken a fork
3220 152 has taken a fork
3220 149 has taken a fork
3220 159 has taken a fork
3220 157 has taken a fork
3220 158 has taken a fork
3220 165 has taken a fork
3220 167 has taken a fork
3220 161 has taken a fork
3221 160 has taken a fork
3221 163 has taken a fork
3221 154 has taken a fork
3221 88 is sleeping
3221 139 is eating
3221 164 has taken a fork
3221 97 is sleeping
3221 80 is sleeping
3221 26 is thinking
3222 191 has taken a fork
3223 186 has taken a fork
3223 93 is sleeping
3224 86 is sleeping
3224 99 is sleeping
3226 195 has taken a fork
3226 127 is eating
3226 91 is sleeping
3226 95 is sleeping
3226 94 is sleeping
3226 90 is sleeping
3226 129 is eating
3226 132 is eating
3227 199 has taken a fork
3227 188 has taken a fork
3227 190 has taken a fork
3227 189 has taken a fork
3227 193 has taken a fork
3230 192 has taken a fork
3230 138 is eating
3230 131 is eating
3230 130 is eating
3230 92 is sleeping
3230 98 is sleeping
3230 100 is sleeping
3230 96 is sleeping
3230 196 has taken a fork
3231 194 has taken a fork
3231 103 is sleeping
3231 102 is sleeping
3233 200 has taken a fork
3237 198 has taken a fork
3239 197 has taken a fork
3245 105 is sleeping
3246 101 is sleeping
3247 2 has taken a fork
3249 13 has taken a fork
3254 3 has taken a fork
3254 162 has taken a fork
3259 1 has taken a fork
3259 108 is sleeping
3259 111 is sleeping
3259 104 is sleeping
3259 166 has taken a fork
3261 4 has taken a fork
3262 9 has taken a fork
3263 10 has taken a fork
3263 115 is sleeping
3263 110 is sleeping
3264 106 is sleeping
3264 11 has taken a fork
3265 6 has taken a fork
3265 143 is eating
3267 8 has taken a fork
3268 136 is eating
3271 31 is thinking
3273 24 is thinking
3278 28 is thinking
3279 25 is thinking
3280 133 is eating
3288 29 is thinking
3288 142 is eating
3290 35 is thinking
3290 134 is eating
3290 40 is thinking
3292 34 is thinking
3292 137 is eating
3293 151 is eating
3294 109 is sleeping
3294 112 is sleeping
3295 38 is thinking
3300 30 is thinking
3300 14 has taken a fork
3303 36 is thinking
3303 32 is thinking
3303 145 is eating
3303 135 is eating
3303 45 is thinking
3304 120 is sleeping
3304 171 has taken a fork
3304 175 has taken a fork
3305 179 has taken a fork
3305 168 has taken a fork
3305 170 has taken a fork
3306 16 has taken a fork
3307 42 is thinking
3307 169 has taken a fork
3307 125 is sleeping
3307 119 is sleeping
3307 172 has taken a fork
3307 177 has taken a fork
3307 41 is thinking
3307 39 is thinking
3308 114 is sleeping
3309 178 has taken a fork
3309 124 is eating
3309 19 has taken a fork
3309 173 has taken a fork
3310 5 has taken a fork
3310 117 is sleeping
3311 113 is sleeping
3311 44 is thinking
3311 107 is sleeping
3312 46 is thinking
3312 48 is thinking
3312 118 is sleeping
3313 116 is sleeping
3314 7 has taken a fork
3314 52 is thinking
3315 37 is thinking
3315 140 is eating
3315 15 has taken a fork
3317 51 is thinking
3320 47 is thinking
3321 64 is thinking
3321 43 is thinking
3321 50 is thinking
3323 55 is thinking
3323 144 is eating
3323 128 is sleeping
3323 147 is eating
3323 121 is sleeping
3323 122 is sleeping
3324 23 has taken a fork
3324 174 has taken a fork
3324 17 has taken a fork
3324 12 has taken a fork
3325 148 is eating
3325 180 has taken a fork
3325 181 has taken a fork
3325 185 has taken a fork
3325 20 has taken a fork
3326 183 has taken a fork
3326 182 has taken a fork
3326 176 has taken a fork
3326 123 is sleeping
3326 18 has taken a fork
3326 33 has taken a fork
3327 146 is eating
3328 21 has taken a fork
3328 156 is eating
3328 153 is eating
3328 22 has taken a fork
3329 126 is sleeping
3329 141 is eating
3329 27 has taken a fork
3329 184 has taken a fork
3329 155 is eating
3329 150 is eating
3330 187 has taken a fork
3330 152 is eating
3330 149 is eating
3330 159 is eating
3330 157 is eating
3330 158 is eating
3330 167 is eating
3330 165 is eating
3330 161 is eating
3330 160 is eating
3330 163 is eating
3330 154 is eating
3330 139 is sleeping
3330 164 is eating
3331 26 has taken a fork
3331 49 is thinking
3332 61 is thinking
3332 191 has taken a fork
3332 54 is thinking
3333 56 is thinking
3333 186 has taken a fork
3333 127 is sleeping
3333 129 is sleeping
3333 132 is sleeping
3333 199 has taken a fork
3333 188 has taken a fork
3334 190 has taken a fork
3334 189 has taken a fork
3335 193 has taken a fork
3335 195 has taken a fork
3335 192 has taken a fork
3335 138 is sleeping
3335 131 is sleeping
3335 130 is sleeping
3335 196 has taken a fork
3335 194 has taken a fork
3336 200 has taken a fork
3336 69 is thinking
3336 67 is thinking
3336 63 is thinking
3337 53 is thinking
3337 65 is thinking
3337 66 is thinking
3338 62 is thinking
3338 59 is thinking
3338 198 has taken a fork
3339 58 is thinking
3339 68 is thinking
3339 197 has taken a fork
3339 72 is thinking
3339 57 is thinking
3340 2 has taken a fork
3341 13 has taken a fork
3341 60 is thinking
3341 73 is thinking
3342 70 is thinking
3344 3 has taken a fork
3344 162 is eating
3344 1 has taken a fork
3344 166 is eating
3344 4 has taken a fork
3345 75 is thinking
3345 77 is thinking
3345 71 is thinking
3346 9 has taken a fork
3346 10 has taken a fork
3347 11 has taken a fork
3347 6 has taken a fork
3347 143 is sleeping
3348 8 has taken a fork
3348 136 is sleeping
3349 81 is thinking
3349 79 is thinking
3349 31 has taken a fork
3349 24 has taken a fork
3350 28 has taken a fork
3350 25 has taken a fork
3350 133 is sleeping
3351 83 is thinking
3351 85 is thinking
3353 29 has taken a fork
3353 142 is sleeping
3353 35 has taken a fork
3353 134 is sleeping
3353 40 has taken a fork
3353 34 has taken a fork
3353 137 is sleeping
3353 151 is sleeping
3354 38 has taken a fork
3355 30 has taken a fork
3355 14 has taken a fork
3355 36 has taken a fork
3355 32 has taken a fork
3355 135 is sleeping
3355 45 has taken a fork
3355 145 is sleeping
3357 74 is thinking
3357 171 is eating
3357 175 is eating
3358 89 is thinking
3360 78 is thinking
3360 84 is thinking
3361 76 is thinking
3362 168 is eating
3362 170 is eating
3362 179 is eating
3363 16 has taken a fork
3363 42 has taken a fork
3364 169 is eating
3364 172 is eating
3364 177 is eating
3365 178 is eating
3365 124 is sleeping
3366 41 has taken a fork
3367 39 has taken a fork
3367 19 has taken a fork
3367 173 is eating
3367 5 has taken a fork
3367 44 has taken a fork
3368 7 has taken a fork
3368 140 is sleeping
3370 46 has taken a fork
3371 15 has taken a fork
3372 82 is thinking
3372 87 is thinking
3372 88 is thinking
3374 97 is thinking
3374 80 is thinking
3374 144 is sleeping
3376 48 has taken a fork
3377 147 is sleeping
3378 23 has taken a fork
3379 99 is thinking
3379 86 is thinking
3380 93 is thinking
3380 174 is eating
3380 52 has taken a fork
3380 17 has taken a fork
3380 12 has taken a fork
3380 148 is sleeping
3380 37 has taken a fork
3380 180 is eating
3380 181 is eating
3380 185 is eating
3381 20 has taken a fork
3383 94 is thinking
3383 91 is thinking
3387 90 is thinking
3389 95 is thinking
3389 183 is eating
3389 176 is eating
3389 182 is eating
3389 18 has taken a fork
3389 33 has taken a fork
3389 146 is sleeping
3389 21 has taken a fork
3391 51 has taken a fork
3391 156 is sleeping
3391 153 is sleeping
3391 22 has taken a fork
3391 141 is sleeping
3391 27 has taken a fork
3391 184 is eating
3391 155 is sleeping
3391 150 is sleeping
3392 43 has taken a fork
3392 152 is sleeping
3393 149 is sleeping
3393 159 is sleeping
3394 100 is thinking
3394 98 is thinking
3394 92 is thinking
3397 96 is thinking
3399 158 is sleeping
3399 157 is sleeping
3399 167 is sleeping
3399 165 is sleeping
3399 161 is sleeping
3399 160 is sleeping
3399 163 is sleeping
3399 154 is sleeping
3399 164 is sleeping
3399 187 is eating
3399 26 has taken a fork
3400 64 has taken a fork
3403 102 is thinking
3404 103 is thinking
3408 55 has taken a fork
3409 191 is eating
3410 47 has taken a fork
3410 186 is eating
3410 199 is eating
3410 188 is eating
3414 50 has taken a fork
3417 190 is eating
3419 189 is eating
3420 49 has taken a fork
3420 61 has taken a fork
3422 193 is eating
3422 54 has taken a fork
3422 195 is eating
3423 192 is eating
3423 196 is eating
3423 194 is eating
3424 56 has taken a fork
3425 200 is eating
3426 69 has taken a fork
3427 67 has taken a fork
3427 53 has taken a fork
3427 63 has taken a fork
3428 65 has taken a fork
3428 66 has taken a fork
3429 62 has taken a fork
3430 198 is eating
3430 58 has taken a fork
3431 197 is eating
3433 2 is eating
3435 13 is eating
3437 3 is eating
3437 162 is sleeping
3437 1 is eating
3437 166 is sleeping
3438 4 is eating
3438 68 has taken a fork
3438 72 has taken a fork
3438 105 is thinking
3438 9 is eating
3438 101 is thinking
3439 10 is eating
3440 11 is eating
3440 6 is eating
3440 8 is eating
3441 31 has taken a fork
3442 24 has taken a fork
3442 28 has taken a fork
3442 25 has taken a fork
3443 29 has taken a fork
3443 35 has taken a fork
3443 40 has taken a fork
3445 34 has taken a fork
3446 38 has taken a fork
3447 30 has taken a fork
3447 14 is eating
3449 36 has taken a fork
3451 45 has taken a fork
3451 32 has taken a fork
3451 171 is sleeping
3453 175 is sleeping
3454 57 has taken a fork
3454 59 has taken a fork
3454 111 is thinking
3454 104 is thinking
3454 108 is thinking
3454 168 is sleeping
3454 170 is sleeping
3454 179 is sleeping
3454 70 has taken a fork
3454 60 has taken a fork
3454 73 has taken a fork
3455 115 is thinking
3456 110 is thinking
3456 16 is eating
3457 42 has taken a fork
3458 169 is sleeping
3458 75 has taken a fork
3458 172 is sleeping
3458 106 is thinking
3458 177 is sleeping
3458 77 has taken a fork
3458 178 is sleeping
3458 71 has taken a fork
3458 81 has taken a fork
3463 41 has taken a fork
3464 39 has taken a fork
3464 19 is eating
3464 173 is sleeping
3464 79 has taken a fork
3464 5 is eating
3466 44 has taken a fork
3466 7 is eating
3466 46 has taken a fork
3466 15 is eating
3470 48 has taken a fork
3470 23 is eating
3470 174 is sleeping
3473 52 has taken a fork
3474 17 is eating
3474 12 is eating
3474 37 has taken a fork
3474 180 is sleeping
3474 181 is sleeping
3474 185 is sleeping
3474 89 has taken a fork
3474 20 is eating
3476 83 has taken a fork
3478 85 has taken a fork
3480 74 has taken a fork
3481 183 is sleeping
3481 176 is sleeping
3485 78 has taken a fork
3485 182 is sleeping
3485 18 is eating
3486 76 has taken a fork
3486 33 is eating
3486 21 is eating
3488 51 has taken a fork
3490 84 has taken a fork
3490 22 is eating
3490 27 is eating
3491 184 is sleeping
3492 82 has taken a fork
3492 43 has taken a fork
3493 109 is thinking
3497 112 is thinking
3497 187 is sleeping
3497 26 is eating
3501 87 has taken a fork
3503 64 has taken a fork
3504 120 is thinking
3505 125 is thinking
3505 119 is thinking
3505 114 is thinking
3506 55 has taken a fork
3507 191 is sleeping
3508 117 is thinking
3509 47 has taken a fork
3510 88 has taken a fork
3510 186 is sleeping
3511 199 is sleeping
3512 80 has taken a fork
3512 188 is sleeping
3514 99 has taken a fork
3514 113 is thinking
3515 107 is thinking
3515 118 is thinking
3515 116 is thinking
3515 97 has taken a fork
3516 50 has taken a fork
3516 190 is sleeping
3516 189 is sleeping
3517 86 has taken a fork
3517 93 has taken a fork
3517 49 has taken a fork
3517 61 has taken a fork
3517 193 is sleeping
3517 54 has taken a fork
3517 195 is sleeping
3517 122 is thinking
3517 121 is thinking
3518 128 is thinking
3518 192 is sleeping
3519 94 has taken a fork
3520 91 has taken a fork
3521 196 is sleeping
3521 194 is sleeping
3521 90 has taken a fork
3522 56 has taken a fork
3522 95 has taken a fork
3523 100 has taken a fork
3523 200 is sleeping
3524 123 is thinking
3524 69 has taken a fork
3524 92 has taken a fork
3525 67 has taken a fork
3525 63 has taken a fork
3525 53 has taken a fork
3525 65 has taken a fork
3526 66 has taken a fork
3526 62 has taken a fork
3526 126 is thinking
3526 139 is thinking
3527 198 is sleeping
3527 58 has taken a fork
3527 197 is sleeping
3528 98 has taken a fork
3528 129 is thinking
3528 2 is sleeping
3529 96 has taken a fork
3530 127 is thinking
3530 132 is thinking
3531 131 is thinking
3532 138 is thinking
3533 130 is thinking
3533 13 is sleeping
3534 102 has taken a fork
3535 3 is sleeping
3535 103 has taken a fork
3536 1 is sleeping
3536 4 is sleeping
3536 68 has taken a fork
3536 72 has taken a fork
3537 105 has taken a fork
3537 9 is sleeping
3537 101 has taken a fork
3538 10 is sleeping
3538 11 is sleeping
3538 6 is sleeping
3538 8 is sleeping
3538 31 is eating
3538 24 is eating
3538 28 is eating
3538 25 is eating
3538 29 is eating
3538 35 is eating
3538 40 is eating
3538 34 is eating
3538 38 is eating
3540 143 is thinking
3540 30 is eating
3540 14 is sleeping
3540 136 is thinking
3541 36 is eating
3541 133 is thinking
3541 45 is eating
3541 32 is eating
3544 137 is thinking
3544 134 is thinking
3544 151 is thinking
3547 142 is thinking
3547 57 has taken a fork
3548 59 has taken a fork
3551 111 has taken a fork
3554 104 has taken a fork
3559 108 has taken a fork
3560 70 has taken a fork
3560 60 has taken a fork
3560 73 has taken a fork
3562 115 has taken a fork
3562 145 is thinking
3566 135 is thinking
3569 110 has taken a fork
3569 16 is sleeping
3571 42 is eating
3571 75 has taken a fork
3572 106 has taken a fork
3572 77 has taken a fork
3572 71 has taken a fork
3573 81 has taken a fork
3573 41 is eating
3574 39 is eating
3574 19 is sleeping
3575 79 has taken a fork
3575 5 is sleeping
3576 44 is eating
3576 124 is thinking
3576 7 is sleeping
3577 46 is eating
3577 15 is sleeping
3577 140 is thinking
3577 48 is eating
3577 23 is sleeping
3579 52 is eating
3579 17 is sleeping
3579 12 is sleeping
3579 37 is eating
3579 144 is thinking
3579 89 has taken a fork
3579 20 is sleeping
3581 83 has taken a fork
3581 147 is thinking
3581 85 has taken a fork
3581 148 is thinking
3581 74 has taken a fork
3581 78 has taken a fork
3581 18 is sleeping
3581 76 has taken a fork
3581 33 is sleeping
3581 21 is sleeping
3581 51 is eating
3581 146 is thinking
3581 84 has taken a fork
3581 22 is sleeping
3581 27 is sleeping
3584 156 is thinking
3585 155 is thinking
3585 141 is thinking
3586 150 is thinking
3586 153 is thinking
3587 82 has taken a fork
3590 152 is thinking
3594 149 is thinking
3594 159 is thinking
3594 109 has taken a fork
3594 43 is eating
3594 112 has taken a fork
3594 26 is sleeping
3595 163 is thinking
3597 160 is thinking
3597 161 is thinking
3598 165 is thinking
3599 164 is thinking
3600 157 is thinking
3600 154 is thinking
3601 167 is thinking
3603 158 is thinking
3604 87 has taken a fork
3604 64 is eating
3604 120 has taken a fork
3604 125 has taken a fork
3604 119 has taken a fork
3604 114 has taken a fork
3605 55 is eating
3605 117 has taken a fork
3605 47 is eating
3606 88 has taken a fork
3606 80 has taken a fork
3606 99 has taken a fork
3606 113 has taken a fork
3607 107 has taken a fork
3608 118 has taken a fork
3608 116 has taken a fork
3608 97 has taken a fork
3609 50 is eating
3611 86 has taken a fork
3612 93 has taken a fork
3612 49 is eating
3612 61 is eating
3613 54 is eating
3614 122 has taken a fork
3615 121 has taken a fork
3615 128 has taken a fork
3616 94 has taken a fork
3619 91 has taken a fork
3620 90 has taken a fork
3620 56 is eating
3621 95 has taken a fork
3623 100 has taken a fork
3627 123 has taken a fork
3627 69 is eating
3629 92 has taken a fork
3629 67 is eating
3629 63 is eating
3629 53 is eating
3629 65 is eating
3630 66 is eating
3630 62 is eating
3631 126 has taken a fork
3631 58 is eating
3633 98 has taken a fork
3635 96 has taken a fork
3636 102 has taken a fork
3636 103 has taken a fork
3636 68 is eating
3636 72 is eating
3638 166 is thinking
3638 162 is thinking
3638 105 has taken a fork
3640 101 has taken a fork
3640 31 is sleeping
3640 24 is sleeping
3640 25 is sleeping
3640 28 is sleeping
3640 29 is sleeping
3640 35 is sleeping
3642 138 has taken a fork
3642 40 is sleeping
3642 130 has taken a fork
3642 34 is sleeping
3642 38 is sleeping
3642 129 has taken a fork
3642 30 is sleeping
3642 132 has taken a fork
3642 36 is sleeping
3642 131 has taken a fork
3642 45 is sleeping
3643 32 is sleeping
3643 127 has taken a fork
3644 139 has taken a fork
3646 143 has taken a fork
3648 136 has taken a fork
3651 133 has taken a fork
3657 137 has taken a fork
3661 134 has taken a fork
3661 57 is eating
3661 59 is eating
3663 151 has taken a fork
3663 111 has taken a fork
3667 171 is thinking
3672 175 is thinking
3674 179 is thinking
3674 170 is thinking
3676 168 is thinking
3676 104 has taken a fork
3677 177 is thinking
3677 169 is thinking
3679 172 is thinking
3679 178 is thinking
3679 108 has taken a fork
3679 70 is eating
3679 60 is eating
3679 73 is eating
3679 115 has taken a fork
3680 173 is thinking
3680 110 has taken a fork
3681 174 is thinking
3681 42 is sleeping
3681 75 is eating
3681 142 has taken a fork
3681 106 has taken a fork
3681 77 is eating
3681 71 is eating
3681 81 is eating
3682 41 is sleeping
3682 180 is thinking
3683 185 is thinking
3685 181 is thinking
3686 39 is sleeping
3688 145 has taken a fork
3688 79 is eating
3688 135 has taken a fork
3689 44 is sleeping
3690 124 has taken a fork
3690 46 is sleeping
3690 48 is sleeping
3691 140 has taken a fork
3691 52 is sleeping
3691 37 is sleeping
3692 144 has taken a fork
3692 89 is eating
3692 83 is eating
3692 147 has taken a fork
3692 85 is eating
3693 148 has taken a fork
3694 74 is eating
3694 78 is eating
3694 76 is eating
3695 183 is thinking
3698 176 is thinking
3698 51 is sleeping
3698 146 has taken a fork
3700 84 is eating
3704 182 is thinking
3704 82 is eating
3704 184 is thinking
3704 109 has taken a fork
3704 43 is sleeping
3704 112 has taken a fork
3705 156 has taken a fork
3705 187 is thinking
3705 87 is eating
3705 120 has taken a fork
3705 125 has taken a fork
3705 119 has taken a fork
3705 64 is sleeping
3705 114 has taken a fork
3705 55 is sleeping
3705 117 has taken a fork
3705 155 has taken a fork
3706 141 has taken a fork
3706 47 is sleeping
3706 150 has taken a fork
3706 88 is eating
3706 80 is eating
3706 99 is eating
3706 191 is thinking
3706 113 has taken a fork
3706 107 has taken a fork
3706 118 has taken a fork
3706 116 has taken a fork
3706 97 is eating
3706 50 is sleeping
3707 86 is eating
3708 199 is thinking
3708 188 is thinking
3708 186 is thinking
3708 93 is eating
3708 49 is sleeping
3708 61 is sleeping
3710 149 has taken a fork
3710 54 is sleeping
3710 153 has taken a fork
3710 159 has taken a fork
3710 122 has taken a fork
3713 152 has taken a fork
3714 121 has taken a fork
3714 128 has taken a fork
3715 94 is eating
3715 189 is thinking
3715 190 is thinking
3716 195 is thinking
3716 193 is thinking
3717 192 is thinking
3717 91 is eating
3717 90 is eating
3717 56 is sleeping
3717 95 is eating
3717 100 is eating
3717 196 is thinking
3717 194 is thinking
3718 200 is thinking
3718 163 has taken a fork
3719 198 is thinking
3720 197 is thinking
3721 123 has taken a fork
3722 69 is sleeping
3722 2 is thinking
3722 92 is eating
3722 67 is sleeping
3722 63 is sleeping
3722 53 is sleeping
3722 65 is sleeping
3722 66 is sleeping
3722 161 has taken a fork
3722 62 is sleeping
3722 165 has taken a fork
3723 164 has taken a fork
3724 126 has taken a fork
3724 58 is sleeping
3724 157 has taken a fork
3725 98 is eating
3725 13 is thinking
3726 154 has taken a fork
3727 3 is thinking
3727 96 is eating
3728 167 has taken a fork
3728 102 is eating
3728 1 is thinking
3729 4 is thinking
3731 103 is eating
3737 68 is sleeping
3737 72 is sleeping
3737 9 is thinking
3738 8 is thinking
3739 11 is thinking
3740 6 is thinking
3742 10 is thinking
3743 158 has taken a fork
3744 160 has taken a fork
3744 105 is eating
3744 101 is eating
3745 14 is thinking
3752 166 has taken a fork
3757 162 has taken a fork
3757 138 has taken a fork
3758 130 has taken a fork
3759 129 has taken a fork
3760 132 has taken a fork
3760 131 has taken a fork
3761 127 has taken a fork
3761 139 has taken a fork
3761 143 has taken a fork
3762 136 has taken a fork
3762 133 has taken a fork
3768 137 has taken a fork
3770 134 has taken a fork
3770 57 is sleeping
3770 59 is sleeping
3771 151 has taken a fork
3771 111 is eating
3772 171 has taken a fork
3777 16 is thinking
3780 175 has taken a fork
3781 19 is thinking
3782 5 is thinking
3783 7 is thinking
3783 104 is eating
3784 15 is thinking
3784 23 is thinking
3786 12 is thinking
3789 17 is thinking
3792 20 is thinking
3794 108 is eating
3794 60 is sleeping
3794 70 is sleeping
3794 73 is sleeping
3794 115 is eating
3795 170 has taken a fork
3795 110 is eating
3795 168 has taken a fork
3797 22 is thinking
3807 18 is thinking
3812 33 is thinking
3813 27 is thinking
3815 21 is thinking
3815 179 has taken a fork
3815 75 is sleeping
3816 142 has taken a fork
3816 177 has taken a fork
3816 106 is eating
3816 77 is sleeping
3816 71 is sleeping
3816 81 is sleeping
3817 178 has taken a fork
3817 172 has taken a fork
3817 145 has taken a fork
3818 169 has taken a fork
3818 79 is sleeping
3819 135 has taken a fork
3819 124 has taken a fork
3820 140 has taken a fork
3820 144 has taken a fork
3822 173 has taken a fork
3823 89 is sleeping
3823 83 is sleeping
3823 147 has taken a fork
3824 85 is sleeping
3825 148 has taken a fork
3826 180 has taken a fork
3826 74 is sleeping
3827 78 is sleeping
3828 76 is sleeping
3831 26 is thinking
3831 174 has taken a fork
3831 185 has taken a fork
3831 146 has taken a fork
3831 84 is sleeping
3831 183 has taken a fork
3831 82 is sleeping
3832 176 has taken a fork
3832 181 has taken a fork
3832 109 is eating
3832 112 is eating
3832 156 has taken a fork
3832 87 is sleeping
3832 120 is eating
3833 125 is eating
3833 119 is eating
3833 114 is eating
3833 117 is eating
3833 155 has taken a fork
3833 141 has taken a fork
3833 150 has taken a fork
3833 88 is sleeping
3833 80 is sleeping
3833 99 is sleeping
3833 113 is eating
3833 107 is eating
3833 118 is eating
3833 116 is eating
3833 97 is sleeping
3833 86 is sleeping
3834 182 has taken a fork
3834 184 has taken a fork
3834 187 has taken a fork
3834 191 has taken a fork
3834 93 is sleeping
3834 199 has taken a fork
3834 186 has taken a fork
3834 188 has taken a fork
3835 149 has taken a fork
3835 153 has taken a fork
3835 159 has taken a fork
3835 122 is eating
3835 152 has taken a fork
3835 128 is eating
3836 121 is eating
3836 94 is sleeping
3836 189 has taken a fork
3836 190 has taken a fork
3836 193 has taken a fork
3836 90 is sleeping
3836 91 is sleeping
3836 195 has taken a fork
3836 192 has taken a fork
3836 100 is sleeping
3836 95 is sleeping
3837 196 has taken a fork
3838 194 has taken a fork
3838 163 has taken a fork
3838 123 is eating
3839 92 is sleeping
3839 161 has taken a fork
3839 165 has taken a fork
3839 200 has taken a fork
3839 164 has taken a fork
3839 126 is eating
3839 157 has taken a fork
3839 98 is sleeping
3839 154 has taken a fork
3839 198 has taken a fork
3839 96 is sleeping
3839 197 has taken a fork
3839 167 has taken a fork
3839 102 is sleeping
3839 2 has taken a fork
3839 103 is sleeping
3839 13 has taken a fork
3839 45 is thinking
3843 40 is thinking
3850 31 is thinking
3850 34 is thinking
3852 29 is thinking
3854 35 is thinking
3854 25 is thinking
3855 30 is thinking
3856 38 is thinking
3857 24 is thinking
3857 158 has taken a fork
3857 160 has taken a fork
3857 105 is sleeping
3857 101 is sleeping
3858 3 has taken a fork
3858 1 has taken a fork
3862 32 is thinking
3867 36 is thinking
3868 28 is thinking
3868 162 has taken a fork
3869 138 is eating
3869 130 is eating
3869 129 is eating
3869 166 has taken a fork
3869 132 is eating
3869 131 is eating
3869 127 is eating
3869 139 is eating
3870 143 is eating
3870 136 is eating
3871 133 is eating
3871 137 is eating
3872 134 is eating
3873 151 is eating
3873 111 is sleeping
3873 4 has taken a fork
3873 171 has taken a fork
3873 175 has taken a fork
3873 42 is thinking
3874 41 is thinking
3874 104 is sleeping
3874 9 has taken a fork
3875 39 is thinking
3875 44 is thinking
3875 46 is thinking
3876 48 is thinking
3877 52 is thinking
3877 37 is thinking
3877 108 is sleeping
3877 115 is sleeping
3877 11 has taken a fork
3877 170 has taken a fork
3877 110 is sleeping
3878 8 has taken a fork
3878 6 has taken a fork
3879 168 has taken a fork
3879 51 is thinking
3879 43 is thinking
3880 64 is thinking
3885 55 is thinking
3887 50 is thinking
3889 47 is thinking
3893 49 is thinking
3895 61 is thinking
3898 54 is thinking
3899 179 has taken a fork
3899 142 is eating
3900 177 has taken a fork
3900 106 is sleeping
3902 10 has taken a fork
3903 56 is thinking
3903 178 has taken a fork
3904 172 has taken a fork
3907 145 is eating
3908 169 has taken a fork
3909 135 is eating
3909 140 is eating
3909 124 is eating
3909 144 is eating
3911 69 is thinking
3915 62 is thinking
3916 67 is thinking
3917 65 is thinking
3919 53 is thinking
3923 63 is thinking
3923 66 is thinking
3924 173 has taken a fork
3924 147 is eating
3925 58 is thinking
3925 148 is eating
3926 180 has taken a fork
3927 174 has taken a fork
3927 185 has taken a fork
3927 146 is eating
3927 183 has taken a fork
3927 176 has taken a fork
3928 181 has taken a fork
3928 109 is sleeping
3928 14 has taken a fork
3928 112 is sleeping
3929 16 has taken a fork
3929 156 is eating
3929 120 is sleeping
3929 125 is sleeping
3929 119 is sleeping
3930 114 is sleeping
3930 117 is sleeping
3931 155 is eating
3931 141 is eating
3931 150 is eating
3931 113 is sleeping
3931 107 is sleeping
3931 118 is sleeping
3931 116 is sleeping
3933 12 has taken a fork
3933 184 has taken a fork
3934 182 has taken a fork
3934 187 has taken a fork
3934 191 has taken a fork
3934 199 has taken a fork
3940 17 has taken a fork
3940 186 has taken a fork
3940 188 has taken a fork
3940 149 is eating
3940 153 is eating
3940 159 is eating
3940 122 is sleeping
3941 152 is eating
3941 128 is sleeping
3946 20 has taken a fork
3946 121 is sleeping
3946 189 has taken a fork
3946 190 has taken a fork
3946 193 has taken a fork
3946 195 has taken a fork
3946 192 has taken a fork
3946 196 has taken a fork
3948 5 has taken a fork
3950 72 is thinking
3951 68 is thinking
3952 22 has taken a fork
3952 194 has taken a fork
3952 163 is eating
3952 123 is sleeping
3952 161 is eating
3952 19 has taken a fork
3952 165 is eating
3952 200 has taken a fork
3952 164 is eating
3952 126 is sleeping
3952 157 is eating
3952 154 is eating
3952 198 has taken a fork
3952 197 has taken a fork
3952 167 is eating
3952 2 has taken a fork
3952 13 has taken a fork
3952 23 has taken a fork
3953 15 has taken a fork
3954 7 has taken a fork
3954 18 has taken a fork
3954 33 has taken a fork
3954 27 has taken a fork
3954 21 has taken a fork
3956 26 has taken a fork
3956 158 is eating
3956 160 is eating
3956 3 has taken a fork
3956 1 has taken a fork
3956 162 is eating
3956 138 is sleeping
3956 130 is sleeping
3956 45 has taken a fork
3956 129 is sleeping
3956 166 is eating
3956 132 is sleeping
3956 131 is sleeping
3956 127 is sleeping
3956 29 has taken a fork
3956 139 is sleeping
3956 143 is sleeping
3956 136 is sleeping
3957 133 is sleeping
3957 137 is sleeping
3957 134 is sleeping
3957 57 is thinking
3958 59 is thinking
3958 34 has taken a fork
3958 4 has taken a fork
3958 151 is sleeping
3958 30 has taken a fork
3959 171 is eating
3959 175 is eating
3959 9 has taken a fork
3959 31 has taken a fork
3959 40 has taken a fork
3959 11 has taken a fork
3959 35 has taken a fork
3959 170 is eating
3960 25 has taken a fork
3960 8 has taken a fork
3961 24 has taken a fork
3961 6 has taken a fork
3961 168 is eating
3961 32 has taken a fork
3961 38 has taken a fork
3961 36 has taken a fork
3961 28 has taken a fork
3961 60 is thinking
3961 70 is thinking
3962 73 is thinking
3962 179 is eating
3962 142 is sleeping
3963 42 has taken a fork
3963 177 is eating
3963 10 has taken a fork
3963 178 is eating
3963 172 is eating
3963 169 is eating
3963 145 is sleeping
3963 135 is sleeping
3963 140 is sleeping
3963 46 has taken a fork
3963 124 is sleeping
3963 144 is sleeping
3963 39 has taken a fork
3964 41 has taken a fork
3964 44 has taken a fork
3964 48 has taken a fork
3965 75 is thinking
3965 81 is thinking
3965 77 is thinking
3965 71 is thinking
3965 79 is thinking
3965 83 is thinking
3965 89 is thinking
3966 85 is thinking
3967 173 is eating
3967 147 is sleeping
3967 52 has taken a fork
3967 148 is sleeping
3968 180 is eating
3968 37 has taken a fork
3969 74 is thinking
3970 78 is thinking
3970 174 is eating
3971 185 is eating
3971 183 is eating
3971 146 is sleeping
3973 51 has taken a fork
3973 76 is thinking
3973 176 is eating
3973 181 is eating
3973 14 has taken a fork
3973 16 has taken a fork
3973 156 is sleeping
3973 84 is thinking
3973 82 is thinking
3977 43 has taken a fork
3977 155 is sleeping
3977 150 is sleeping
3977 141 is sleeping
3977 64 has taken a fork
3979 87 is thinking
3981 88 is thinking
3982 86 is thinking
3983 99 is thinking
3984 97 is thinking
3985 80 is thinking
3986 12 has taken a fork
3987 55 has taken a fork
3987 184 is eating
3990 93 is thinking
3990 182 is eating
3990 187 is eating
3990 191 is eating
3990 199 is eating
3994 50 has taken a fork
3994 90 is thinking
3996 91 is thinking
3996 95 is thinking
3996 100 is thinking
3998 94 is thinking
3998 96 is thinking
4000 98 is thinking
4002 103 is thinking
4006 102 is thinking
4006 92 is thinking
4010 17 has taken a fork
4010 188 is eating
4010 186 is eating
4010 159 is sleeping
4010 149 is sleeping
4011 153 is sleeping
4011 152 is sleeping
4011 20 has taken a fork
4013 47 has taken a fork
4013 189 is eating
4013 190 is eating
4013 193 is eating
4013 195 is eating
4014 192 is eating
4014 196 is eating
4014 5 has taken a fork
4015 49 has taken a fork
4021 61 has taken a fork
4023 54 has taken a fork
4023 22 has taken a fork
4024 194 is eating
4024 163 is sleeping
4025 56 has taken a fork
4026 19 has taken a fork
4026 161 is sleeping
4026 165 is sleeping
4026 200 is eating
4026 164 is sleeping
4026 157 is sleeping
4026 65 has taken a fork
4026 154 is sleeping
4026 198 is eating
4027 69 has taken a fork
4027 197 is eating
4027 167 is sleeping
4027 2 is eating
4028 13 is eating
4028 23 has taken a fork
4028 15 has taken a fork
4030 7 has taken a fork
4030 18 has taken a fork
4032 62 has taken a fork
4035 33 has taken a fork
4037 27 has taken a fork
4039 67 has taken a fork
4040 21 has taken a fork
4043 26 has taken a fork
4043 53 has taken a fork
4043 158 is sleeping
4043 160 is sleeping
4043 63 has taken a fork
4043 3 is eating
4043 58 has taken a fork
4043 1 is eating
4043 162 is sleeping
4043 72 has taken a fork
4043 45 has taken a fork
4043 166 is sleeping
4043 29 has taken a fork
4043 68 has taken a fork
4043 66 has taken a fork
4045 101 is thinking
4049 105 is thinking
4050 34 has taken a fork
4050 4 is eating
4051 30 has taken a fork
4051 171 is sleeping
4051 9 is eating
4052 175 is sleeping
4052 31 has taken a fork
4053 40 has taken a fork
4053 11 is eating
4053 35 has taken a fork
4053 170 is sleeping
4054 57 has taken a fork
4055 59 has taken a fork
4055 25 has taken a fork
4055 8 is eating
4055 24 has taken a fork
4055 6 is eating
4056 168 is sleeping
4056 32 has taken a fork
4057 38 has taken a fork
4057 36 has taken a fork
4058 28 has taken a fork
4060 60 has taken a fork
4061 70 has taken a fork
4061 179 is sleeping
4061 73 has taken a fork
4062 42 has taken a fork
4062 177 is sleeping
4062 10 is eating
4063 178 is sleeping
4063 172 is sleeping
4063 169 is sleeping
4063 46 has taken a fork
4063 39 has taken a fork
4064 41 has taken a fork
4064 44 has taken a fork
4064 48 has taken a fork
4065 75 has taken a fork
4069 81 has taken a fork
4069 77 has taken a fork
4075 71 has taken a fork
4075 173 is sleeping
4075 52 has taken a fork
4076 180 is sleeping
4078 83 has taken a fork
4079 79 has taken a fork
4079 37 has taken a fork
4079 174 is sleeping
4079 185 is sleeping
4080 183 is sleeping
4084 111 is thinking
4085 51 has taken a fork
4085 85 has taken a fork
4085 74 has taken a fork
4086 89 has taken a fork
4086 176 is sleeping
4086 181 is sleeping
4086 14 is eating
4086 16 is eating
4087 108 is thinking
4087 104 is thinking
4087 110 is thinking
4088 115 is thinking
4090 43 has taken a fork
4091 78 has taken a fork
4092 64 has taken a fork
4095 76 has taken a fork
4097 12 is eating
4103 55 has taken a fork
4103 184 is sleeping
4106 84 has taken a fork
4106 182 is sleeping
4106 187 is sleeping
4106 191 is sleeping
4106 88 has taken a fork
4106 87 has taken a fork
4106 199 is sleeping
4106 86 has taken a fork
4106 50 has taken a fork
4106 82 has taken a fork
4106 106 is thinking
4106 17 is eating
4106 188 is sleeping
4106 99 has taken a fork
4106 186 is sleeping
4106 20 is eating
4106 97 has taken a fork
4106 47 has taken a fork
4106 189 is sleeping
4106 190 is sleeping
4106 193 is sleeping
4106 195 is sleeping
4106 196 is sleeping
4106 5 is eating
4106 192 is sleeping
4106 49 has taken a fork
4106 100 has taken a fork
4106 61 has taken a fork
4106 80 has taken a fork
4106 93 has taken a fork
4106 54 has taken a fork
4106 194 is sleeping
4106 22 is eating
4107 56 has taken a fork
4107 91 has taken a fork
4107 19 is eating
4107 200 is sleeping
4107 65 has taken a fork
4107 198 is sleeping
4108 69 has taken a fork
4110 95 has taken a fork
4110 197 is sleeping
4110 2 is sleeping
4110 13 is sleeping
4110 109 is thinking
4110 112 is thinking
4110 23 is eating
4111 90 has taken a fork
4111 15 is eating
4112 94 has taken a fork
4114 125 is thinking
4115 119 is thinking
4116 120 is thinking
4117 117 is thinking
4117 114 is thinking
4118 7 is eating
4118 18 is eating
4118 98 has taken a fork
4119 116 is thinking
4119 107 is thinking
4119 118 is thinking
4119 113 is thinking
4120 96 has taken a fork
4121 62 has taken a fork
4121 33 is eating
4122 103 has taken a fork
4122 27 is eating
4122 102 has taken a fork
4122 92 has taken a fork
4123 67 has taken a fork
4123 21 is eating
4124 122 is thinking
4124 128 is thinking
4124 26 is eating
4125 53 has taken a fork
4125 63 has taken a fork
4125 3 is sleeping
4125 1 is sleeping
4126 58 has taken a fork
4126 72 has taken a fork
4126 45 is eating
4126 29 is eating
4126 68 has taken a fork
4126 66 has taken a fork
4126 101 has taken a fork
4126 121 is thinking
4128 105 has taken a fork
4128 34 is eating
4128 4 is sleeping
4128 30 is eating
4128 9 is sleeping
4128 123 is thinking
4128 126 is thinking
4128 31 is eating
4128 40 is eating
4128 11 is sleeping
4128 35 is eating
4129 57 has taken a fork
4129 59 has taken a fork
4130 25 is eating
4130 8 is sleeping
4130 24 is eating
4130 6 is sleeping
4131 130 is thinking
4132 127 is thinking
4133 129 is thinking
4133 138 is thinking
4134 143 is thinking
4135 139 is thinking
4135 136 is thinking
4136 132 is thinking
4136 131 is thinking
4136 32 is eating
4137 134 is thinking
4137 133 is thinking
4137 38 is eating
4138 137 is thinking
4138 36 is eating
4139 151 is thinking
4139 28 is eating
4139 60 has taken a fork
4139 70 has taken a fork
4140 73 has taken a fork
4141 142 is thinking
4141 42 is eating
4141 10 is sleeping
4142 124 is thinking
4143 144 is thinking
4144 135 is thinking
4144 145 is thinking
4145 140 is thinking
4145 46 is eating
4145 39 is eating
4145 44 is eating
4145 48 is eating
4145 41 is eating
4146 75 has taken a fork
4147 148 is thinking
4148 147 is thinking
4149 81 has taken a fork
4149 77 has taken a fork
4150 146 is thinking
4151 156 is thinking
4152 71 has taken a fork
4152 52 is eating
4152 155 is thinking
4153 141 is thinking
4155 150 is thinking
4156 83 has taken a fork
4156 79 has taken a fork
4156 37 is eating
4156 111 has taken a fork
4157 51 is eating
4158 85 has taken a fork
4159 74 has taken a fork
4159 89 has taken a fork
4159 14 is sleeping
4160 16 is sleeping
4160 108 has taken a fork
4161 104 has taken a fork
4162 110 has taken a fork
4162 115 has taken a fork
4162 43 is eating
4163 78 has taken a fork
4164 64 is eating
4164 76 has taken a fork
4164 12 is sleeping
4164 55 is eating
4165 84 has taken a fork
4165 88 has taken a fork
4165 87 has taken a fork
4166 86 has taken a fork
4167 50 is eating
4168 82 has taken a fork
4169 106 has taken a fork
4169 17 is sleeping
4170 99 has taken a fork
4170 20 is sleeping
4170 97 has taken a fork
4171 5 is sleeping
4172 47 is eating
4172 49 is eating
4172 100 has taken a fork
4173 61 is eating
4174 80 has taken a fork
4175 93 has taken a fork
4175 54 is eating
4176 22 is sleeping
4177 56 is eating
4178 91 has taken a fork
4179 19 is sleeping
4180 65 is eating
4180 69 is eating
4181 159 is thinking
4182 95 has taken a fork
4182 149 is thinking
4182 109 has taken a fork
4182 112 has taken a fork
4182 23 is sleeping
4183 153 is thinking
4183 152 is thinking
4183 90 has taken a fork
4184 15 is sleeping
4186 94 has taken a fork
4187 125 has taken a fork
4187 119 has taken a fork
4188 120 has taken a fork
4188 117 has taken a fork
4188 114 has taken a fork
4188 7 is sleeping
4188 18 is sleeping
4190 98 has taken a fork
4190 116 has taken a fork
4190 107 has taken a fork
4191 118 has taken a fork
4191 113 has taken a fork
4191 96 has taken a fork
4192 62 is eating
4193 33 is sleeping
4194 102 has taken a fork
4194 27 is sleeping
4196 103 has taken a fork
4197 67 is eating
4198 21 is sleeping
4199 122 has taken a fork
4199 163 is thinking
4200 92 has taken a fork
4200 128 has taken a fork
4201 26 is sleeping
4201 53 is eating
4202 63 is eating
4203 58 is eating
4203 154 is thinking
4204 165 is thinking
4204 72 is eating
4204 45 is sleeping
4204 29 is sleeping
4204 66 is eating
4204 161 is thinking
4204 157 is thinking
4204 164 is thinking
4204 68 is eating
4204 101 has taken a fork
4204 121 has taken a fork
4205 167 is thinking
4205 105 has taken a fork
4205 34 is sleeping
4205 30 is sleeping
4206 123 has taken a fork
4206 126 has taken a fork
4206 31 is sleeping
4206 40 is sleeping
4206 35 is sleeping
4206 57 is eating
4206 59 is eating
4206 25 is sleeping
4206 24 is sleeping
4207 130 has taken a fork
4207 127 has taken a fork
4207 129 has taken a fork
4207 138 has taken a fork
4208 143 has taken a fork
4208 139 has taken a fork
4208 136 has taken a fork
4209 132 has taken a fork
4209 131 has taken a fork
4209 32 is sleeping
4209 38 is sleeping
4209 134 has taken a fork
4209 36 is sleeping
4209 133 has taken a fork
4210 137 has taken a fork
4210 28 is sleeping
4210 60 is eating
4210 70 is eating
4210 73 is eating
4211 151 has taken a fork
4211 42 is sleeping
4211 142 has taken a fork
4211 162 is thinking
4211 160 is thinking
4211 166 is thinking
4211 158 is thinking
4211 46 is sleeping
4211 39 is sleeping
4211 44 is sleeping
4211 48 is sleeping
4211 41 is sleeping
4211 75 is eating
4211 135 has taken a fork
4211 145 has taken a fork
4213 124 has taken a fork
4214 140 has taken a fork
4214 81 is eating
4217 144 has taken a fork
4217 77 is eating
4217 171 is thinking
4218 175 is thinking
4218 71 is eating
4218 52 is sleeping
4219 148 has taken a fork
4219 170 is thinking
4220 168 is thinking
4220 83 is eating
4220 79 is eating
4220 37 is sleeping
4220 147 has taken a fork
4222 111 has taken a fork
4222 51 is sleeping
4222 146 has taken a fork
4222 85 is eating
4222 74 is eating
4223 89 is eating
4223 108 has taken a fork
4225 179 is thinking
4225 104 has taken a fork
4226 177 is thinking
4226 110 has taken a fork
4226 115 has taken a fork
4227 43 is sleeping
4228 156 has taken a fork
4229 178 is thinking
4229 172 is thinking
4230 169 is thinking
4230 78 is eating
4231 64 is sleeping
4231 155 has taken a fork
4231 76 is eating
4232 55 is sleeping
4232 84 is eating
4232 141 has taken a fork
4232 88 is eating
4232 87 is eating
4233 86 is eating
4234 50 is sleeping
4234 82 is eating
4235 150 has taken a fork
4235 106 has taken a fork
4235 99 is eating
4236 97 is eating
4236 47 is sleeping
4236 49 is sleeping
4237 100 is eating
4238 61 is sleeping
4239 80 is eating
4240 173 is thinking
4240 93 is eating
4241 54 is sleeping
4242 180 is thinking
4243 56 is sleeping
4243 91 is eating
4243 174 is thinking
4244 65 is sleeping
4245 185 is thinking
4248 183 is thinking
4248 69 is sleeping
4248 159 has taken a fork
4248 95 is eating
4249 149 has taken a fork
4250 109 has taken a fork
4250 112 has taken a fork
4251 153 has taken a fork
4251 152 has taken a fork
4254 90 is eating
4258 181 is thinking
4261 176 is thinking
4262 94 is eating
4263 125 has taken a fork
4263 119 has taken a fork
4263 120 has taken a fork
4263 117 has taken a fork
4263 114 has taken a fork
4265 98 is eating
4265 107 has taken a fork
4265 118 has taken a fork
4265 116 has taken a fork
4265 113 has taken a fork
4268 96 is eating
4269 62 is sleeping
4269 102 is eating
4269 103 is eating
4270 67 is sleeping
4270 122 has taken a fork
4271 163 has taken a fork
4271 92 is eating
4271 128 has taken a fork
4272 53 is sleeping
4272 63 is sleeping
4274 184 is thinking
4274 58 is sleeping
4275 154 has taken a fork
4275 165 has taken a fork
4276 72 is sleeping
4277 66 is sleeping
4278 161 has taken a fork
4279 157 has taken a fork
4280 164 has taken a fork
4281 68 is sleeping
4281 101 is eating
4282 121 has taken a fork
4286 167 has taken a fork
4287 105 is eating
4287 182 is thinking
4287 194 is thinking
4288 123 has taken a fork
4290 196 is thinking
4291 189 is thinking
4292 187 is thinking
4293 186 is thinking
4296 191 is thinking
4296 188 is thinking
4296 195 is thinking
4301 193 is thinking
4303 190 is thinking
4303 199 is thinking
4303 192 is thinking
4305 126 has taken a fork
4305 57 is sleeping
4305 59 is sleeping
4306 130 has taken a fork
4307 198 is thinking
4307 200 is thinking
4308 127 has taken a fork
4308 129 has taken a fork
4308 138 has taken a fork
4313 143 has taken a fork
4313 139 has taken a fork
4315 136 has taken a fork
4316 132 has taken a fork
4316 131 has taken a fork
4317 134 has taken a fork
4317 133 has taken a fork
4317 137 has taken a fork
4317 60 is sleeping
4317 70 is sleeping
4317 197 is thinking
4319 2 is thinking
4319 73 is sleeping
4321 13 is thinking
4324 151 has taken a fork
4325 142 has taken a fork
4325 162 has taken a fork
4325 160 has taken a fork
4326 166 has taken a fork
4326 158 has taken a fork
4326 75 is sleeping
4327 135 has taken a fork
4327 145 has taken a fork
4328 124 has taken a fork
4328 140 has taken a fork
4330 81 is sleeping
4330 144 has taken a fork
4330 77 is sleeping
4330 171 has taken a fork
4331 175 has taken a fork
4331 71 is sleeping
4331 148 has taken a fork
4331 170 has taken a fork
4331 168 has taken a fork
4332 83 is sleeping
4332 79 is sleeping
4332 147 has taken a fork
4333 111 is eating
4333 146 has taken a fork
4333 85 is sleeping
4333 74 is sleeping
4333 89 is sleeping
4333 108 is eating
4333 179 has taken a fork
4333 3 is thinking
4334 104 is eating
4336 1 is thinking
4336 110 is eating
4336 115 is eating
4336 177 has taken a fork
4337 9 is thinking
4337 11 is thinking
4337 156 has taken a fork
4338 4 is thinking
4338 178 has taken a fork
4338 172 has taken a fork
4339 8 is thinking
4339 6 is thinking
4339 169 has taken a fork
4339 78 is sleeping
4340 155 has taken a fork
4340 76 is sleeping
4340 84 is sleeping
4340 141 has taken a fork
4341 88 is sleeping
4341 86 is sleeping
4341 87 is sleeping
4341 82 is sleeping
4341 150 has taken a fork
4341 106 is eating
4342 99 is sleeping
4342 97 is sleeping
4342 100 is sleeping
4342 80 is sleeping
4342 173 has taken a fork
4342 93 is sleeping
4342 10 is thinking
4342 180 has taken a fork
4342 91 is sleeping
4343 174 has taken a fork
4343 185 has taken a fork
4343 183 has taken a fork
4343 159 has taken a fork
4343 95 is sleeping
4343 149 has taken a fork
4343 109 is eating
4344 112 is eating
4344 153 has taken a fork
4344 152 has taken a fork
4344 90 is sleeping
4344 181 has taken a fork
4344 14 is thinking
4344 16 is thinking
4345 176 has taken a fork
4345 94 is sleeping
4345 125 is eating
4346 119 is eating
4346 120 is eating
4346 117 is eating
4346 114 is eating
4346 12 is thinking
4346 98 is sleeping
4347 107 is eating
4347 118 is eating
4347 116 is eating
4347 113 is eating
4347 96 is sleeping
4348 102 is sleeping
4348 17 is thinking
4348 103 is sleeping
4348 20 is thinking
4349 122 is eating
4349 163 has taken a fork
4350 5 is thinking
4350 128 is eating
4350 92 is sleeping
4352 184 has taken a fork
4353 154 has taken a fork
4353 165 has taken a fork
4353 22 is thinking
4353 161 has taken a fork
4354 19 is thinking
4354 157 has taken a fork
4355 164 has taken a fork
4355 101 is sleeping
4355 23 is thinking
4355 15 is thinking
4355 121 is eating
4356 167 has taken a fork
4356 105 is sleeping
4356 182 has taken a fork
4357 7 is thinking
4358 194 has taken a fork
4358 123 is eating
4358 18 is thinking
4361 196 has taken a fork
4363 189 has taken a fork
4365 187 has taken a fork
4366 33 is thinking
4367 186 has taken a fork
4367 27 is thinking
4368 188 has taken a fork
4370 191 has taken a fork
4370 195 has taken a fork
4370 21 is thinking
4370 26 is thinking
4372 193 has taken a fork
4372 190 has taken a fork
4373 199 has taken a fork
4373 29 is thinking
4376 45 is thinking
4376 192 has taken a fork
4377 34 is thinking
4378 30 is thinking
4379 40 is thinking
4379 25 is thinking
4380 31 is thinking
4380 24 is thinking
4380 35 is thinking
4381 130 is eating
4381 126 is eating
4381 198 has taken a fork
4382 200 has taken a fork
4382 127 is eating
4383 129 is eating
4383 138 is eating
4384 36 is thinking
4389 38 is thinking
4389 32 is thinking
4390 28 is thinking
4391 48 is thinking
4393 39 is thinking
4393 46 is thinking
4395 41 is thinking
4396 42 is thinking
4397 44 is thinking
4397 139 is eating
4397 143 is eating
4397 136 is eating
4397 132 is eating
4397 131 is eating
4397 134 is eating
4397 133 is eating
4397 137 is eating
4399 197 has taken a fork
4399 52 is thinking
4399 2 has taken a fork
4400 37 is thinking
4401 13 has taken a fork
4401 51 is thinking
4401 151 is eating
4401 142 is eating
4401 162 has taken a fork
4401 160 has taken a fork
4401 166 has taken a fork
4402 158 has taken a fork
4403 43 is thinking
4404 135 is eating
4404 145 is eating
4404 124 is eating
4404 140 is eating
4405 144 is eating
4405 171 has taken a fork
4405 175 has taken a fork
4405 64 is thinking
4406 148 is eating
4406 170 has taken a fork
4406 168 has taken a fork
4406 147 is eating
4407 55 is thinking
4407 111 is sleeping
4407 146 is eating
4408 108 is sleeping
4408 179 has taken a fork
4408 50 is thinking
4408 104 is sleeping
4408 47 is thinking
4411 3 has taken a fork
4413 1 has taken a fork
4413 110 is sleeping
4413 115 is sleeping
4414 177 has taken a fork
4414 49 is thinking
4414 9 has taken a fork
4414 11 has taken a fork
4414 156 is eating
4414 4 has taken a fork
4414 178 has taken a fork
4414 61 is thinking
4414 172 has taken a fork
4416 8 has taken a fork
4416 6 has taken a fork
4416 169 has taken a fork
4417 155 is eating
4417 141 is eating
4417 54 is thinking
4417 150 is eating
4417 106 is sleeping
4418 173 has taken a fork
4418 10 has taken a fork
4419 180 has taken a fork
4419 174 has taken a fork
4420 185 has taken a fork
4421 56 is thinking
4421 183 has taken a fork
4421 159 is eating
4421 149 is eating
4421 109 is sleeping
4422 112 is sleeping
4422 153 is eating
4422 152 is eating
4422 181 has taken a fork
4422 14 has taken a fork
4423 16 has taken a fork
4423 176 has taken a fork
4424 65 is thinking
4424 125 is sleeping
4424 119 is sleeping
4424 120 is sleeping
4424 117 is sleeping
4425 114 is sleeping
4425 12 has taken a fork
4425 107 is sleeping
4425 118 is sleeping
4426 116 is sleeping
4426 113 is sleeping
4427 69 is thinking
4427 17 has taken a fork
4427 20 has taken a fork
4428 122 is sleeping
4428 163 is eating
4428 5 has taken a fork
4428 128 is sleeping
4430 184 has taken a fork
4430 154 is eating
4431 165 is eating
4431 22 has taken a fork
4431 161 is eating
4432 19 has taken a fork
4432 157 is eating
4433 164 is eating
4433 23 has taken a fork
4433 15 has taken a fork
4433 121 is sleeping
4434 167 is eating
4434 182 has taken a fork
4434 7 has taken a fork
4435 194 has taken a fork
4435 123 is sleeping
4436 18 has taken a fork
4437 196 has taken a fork
4437 189 has taken a fork
4438 187 has taken a fork
4439 33 has taken a fork
4439 186 has taken a fork
4439 27 has taken a fork
4440 188 has taken a fork
4440 62 is thinking
4440 67 is thinking
4444 191 has taken a fork
4444 195 has taken a fork
4445 21 has taken a fork
4446 53 is thinking
4446 63 is thinking
4448 193 has taken a fork
4448 190 has taken a fork
4448 199 has taken a fork
4449 72 is thinking
4450 58 is thinking
4452 192 has taken a fork
4453 66 is thinking
4453 68 is thinking
4453 130 is sleeping
4453 126 is sleeping
4454 198 has taken a fork
4454 26 has taken a fork
4454 200 has taken a fork
4454 127 is sleeping
4454 29 has taken a fork
4454 45 has taken a fork
4454 129 is sleeping
4454 138 is sleeping
4455 34 has taken a fork
4455 30 has taken a fork
4456 139 is sleeping
4456 40 has taken a fork
4456 143 is sleeping
4456 25 has taken a fork
4456 136 is sleeping
4456 132 is sleeping
4456 131 is sleeping
4456 134 is sleeping
4457 35 has taken a fork
4457 133 is sleeping
4457 137 is sleeping
4458 24 has taken a fork
4458 197 has taken a fork
4459 31 has taken a fork
4460 36 has taken a fork
4460 2 has taken a fork
4461 38 has taken a fork
4462 32 has taken a fork
4462 13 has taken a fork
4462 151 is sleeping
4463 28 has taken a fork
4463 142 is sleeping
4463 162 is eating
4465 48 has taken a fork
4465 160 is eating
4465 166 is eating
4465 158 is eating
4465 135 is sleeping
4465 145 is sleeping
4465 124 is sleeping
4465 140 is sleeping
4466 144 is sleeping
4467 59 is thinking
4468 171 is eating
4468 175 is eating
4468 44 has taken a fork
4468 148 is sleeping
4468 170 is eating
4468 168 is eating
4469 147 is sleeping
4469 37 has taken a fork
4470 146 is sleeping
4470 51 has taken a fork
4470 179 is eating
4471 39 has taken a fork
4472 46 has taken a fork
4473 41 has taken a fork
4473 57 is thinking
4474 42 has taken a fork
4474 52 has taken a fork
4475 3 has taken a fork
4475 1 has taken a fork
4475 177 is eating
4475 9 has taken a fork
4476 11 has taken a fork
4476 156 is sleeping
4476 4 has taken a fork
4477 43 has taken a fork
4478 178 is eating
4478 172 is eating
4479 8 has taken a fork
4480 6 has taken a fork
4480 169 is eating
4480 155 is sleeping
4482 60 is thinking
4483 70 is thinking
4483 64 has taken a fork
4483 141 is sleeping
4483 55 has taken a fork
4484 150 is sleeping
4484 50 has taken a fork
4484 173 is eating
4484 10 has taken a fork
4485 180 is eating
4485 73 is thinking
4485 174 is eating
4486 185 is eating
4486 183 is eating
4486 159 is sleeping
4486 47 has taken a fork
4486 149 is sleeping
4486 49 has taken a fork
4486 153 is sleeping
4486 61 has taken a fork
4486 152 is sleeping
4486 181 is eating
4487 14 has taken a fork
4488 54 has taken a fork
4488 16 has taken a fork
4489 176 is eating
4489 12 has taken a fork
4489 75 is thinking
4489 17 has taken a fork
4489 20 has taken a fork
4489 163 is sleeping
4489 5 has taken a fork
4489 56 has taken a fork
4490 77 is thinking
4490 184 is eating
4490 154 is sleeping
4490 165 is sleeping
4491 22 has taken a fork
4491 71 is thinking
4491 65 has taken a fork
4491 81 is thinking
4491 69 has taken a fork
4491 161 is sleeping
4492 79 is thinking
4492 83 is thinking
4492 19 has taken a fork
4492 157 is sleeping
4492 164 is sleeping
4492 89 is thinking
4492 74 is thinking
4492 23 has taken a fork
4492 15 has taken a fork
4494 85 is thinking
4494 167 is sleeping
4494 182 is eating
4495 7 has taken a fork
4497 194 is eating
4497 18 has taken a fork
4497 196 is eating
4498 189 is eating
4499 187 is eating
4502 78 is thinking
4503 33 has taken a fork
4505 186 is eating
4505 27 has taken a fork
4507 84 is thinking
4509 76 is thinking
4513 188 is eating
4514 67 has taken a fork
4515 62 has taken a fork
4518 82 is thinking
4521 86 is thinking
4521 88 is thinking
4528 87 is thinking
4530 97 is thinking
4530 93 is thinking
4531 80 is thinking
4532 99 is thinking
4532 100 is thinking
4532 95 is thinking
4532 91 is thinking
4532 90 is thinking
4533 191 is eating
4533 195 is eating
4533 94 is thinking
4534 21 has taken a fork
4537 98 is thinking
4537 53 has taken a fork
4537 63 has taken a fork
4538 96 is thinking
4540 102 is thinking
4541 103 is thinking
4541 193 is eating
4541 190 is eating
4541 199 is eating
4542 92 is thinking
4542 192 is eating
4543 198 is eating
4543 26 has taken a fork
4543 200 is eating
4544 29 has taken a fork
4544 45 has taken a fork
4544 101 is thinking
4545 34 has taken a fork
4545 30 has taken a fork
4545 105 is thinking
4546 40 has taken a fork
4547 25 has taken a fork
4547 35 has taken a fork
4547 24 has taken a fork
4548 197 is eating
4548 31 has taken a fork
4549 36 has taken a fork
4549 2 is eating
4550 38 has taken a fork
4550 32 has taken a fork
4550 13 is eating
4551 28 has taken a fork
4551 162 is sleeping
4551 72 has taken a fork
4551 48 has taken a fork
4551 160 is sleeping
4551 166 is sleeping
4551 158 is sleeping
4552 66 has taken a fork
4552 68 has taken a fork
4552 58 has taken a fork
4552 171 is sleeping
4552 175 is sleeping
4553 59 has taken a fork
4554 44 has taken a fork
4554 168 is sleeping
4554 170 is sleeping
4554 37 has taken a fork
4554 51 has taken a fork
4554 179 is sleeping
4554 39 has taken a fork
4554 46 has taken a fork
4555 41 has taken a fork
4555 57 has taken a fork
4555 42 has taken a fork
4556 52 has taken a fork
4556 3 is eating
4557 1 is eating
4557 177 is sleeping
4557 9 is eating
4557 11 is eating
4557 4 is eating
4557 43 has taken a fork
4558 178 is sleeping
4558 172 is sleeping
4558 8 is eating
4558 6 is eating
4559 169 is sleeping
4560 60 has taken a fork
4563 70 has taken a fork
4563 64 has taken a fork
4563 55 has taken a fork
4563 50 has taken a fork
4563 10 is eating
4564 173 is sleeping
4565 180 is sleeping
4565 73 has taken a fork
4565 174 is sleeping
4566 183 is sleeping
4566 185 is sleeping
4566 47 has taken a fork
4566 49 has taken a fork
4567 61 has taken a fork
4567 181 is sleeping
4567 14 is eating
4567 54 has taken a fork
4567 16 is eating
4567 176 is sleeping
4567 12 is eating
4568 75 has taken a fork
4568 17 is eating
4568 20 is eating
4568 5 is eating
4568 56 has taken a fork
4568 77 has taken a fork
4568 184 is sleeping
4568 22 is eating
4569 71 has taken a fork
4569 65 has taken a fork
4569 81 has taken a fork
4569 69 has taken a fork
4569 79 has taken a fork
4570 83 has taken a fork
4570 19 is eating
4570 74 has taken a fork
4570 23 is eating
4570 15 is eating
4571 85 has taken a fork
4571 182 is sleeping
4572 89 has taken a fork
4573 7 is eating
4574 194 is sleeping
4574 18 is eating
4574 196 is sleeping
4574 189 is sleeping
4574 187 is sleeping
4576 78 has taken a fork
4576 33 is eating
4577 186 is sleeping
4577 27 is eating
4577 111 is thinking
4578 84 has taken a fork
4578 108 is thinking
4578 104 is thinking
4578 76 has taken a fork
4578 110 is thinking
4579 115 is thinking
4579 188 is sleeping
4579 67 has taken a fork
4579 62 has taken a fork
4579 106 is thinking
4580 82 has taken a fork
4581 109 is thinking
4581 86 has taken a fork
4581 88 has taken a fork
4581 112 is thinking
4581 119 is thinking
4581 120 is thinking
4582 117 is thinking
4582 125 is thinking
4583 118 is thinking
4584 107 is thinking
4584 114 is thinking
4585 116 is thinking
4585 113 is thinking
4585 122 is thinking
4585 128 is thinking
4585 87 has taken a fork
4586 97 has taken a fork
4586 93 has taken a fork
4586 80 has taken a fork
4586 121 is thinking
4586 191 is sleeping
4586 100 has taken a fork
4587 195 is sleeping
4587 99 has taken a fork
4587 21 is eating
4587 123 is thinking
4588 53 has taken a fork
4588 63 has taken a fork
4588 193 is sleeping
4588 190 is sleeping
4588 199 is sleeping
4588 90 has taken a fork
4588 95 has taken a fork
4589 91 has taken a fork
4589 198 is sleeping
4589 26 is eating
4589 200 is sleeping
4589 192 is sleeping
4589 98 has taken a fork
4589 29 is eating
4589 96 has taken a fork
4589 94 has taken a fork
4590 45 is eating
4590 34 is eating
4590 30 is eating
4590 40 is eating
4590 25 is eating
4590 35 is eating
4591 24 is eating
4591 197 is sleeping
4591 102 has taken a fork
4591 31 is eating
4591 2 is sleeping
4591 36 is eating
4591 103 has taken a fork
4591 38 is eating
4591 32 is eating
4591 13 is sleeping
4592 28 is eating
4592 92 has taken a fork
4592 72 has taken a fork
4592 66 has taken a fork
4593 48 is eating
4593 68 has taken a fork
4593 58 has taken a fork
4593 126 is thinking
4594 130 is thinking
4594 59 has taken a fork
4594 127 is thinking
4595 138 is thinking
4596 129 is thinking
4596 44 is eating
4596 37 is eating
4597 51 is eating
4597 39 is eating
4597 46 is eating
4597 41 is eating
4597 57 has taken a fork
4597 42 is eating
4598 132 is thinking
4598 134 is thinking
4598 131 is thinking
4600 139 is thinking
4601 136 is thinking
4602 143 is thinking
4602 52 is eating
4603 137 is thinking
4603 133 is thinking
4603 3 is sleeping
4603 1 is sleeping
4603 9 is sleeping
4603 11 is sleeping
4603 4 is sleeping
4604 43 is eating
4604 101 has taken a fork
4604 105 has taken a fork
4604 8 is sleeping
4605 6 is sleeping
4605 60 has taken a fork
4605 151 is thinking
4605 70 has taken a fork
4606 142 is thinking
4607 64 is eating
4607 55 is eating
4607 50 is eating
4607 10 is sleeping
4608 135 is thinking
4609 145 is thinking
4610 124 is thinking
4610 140 is thinking
4610 73 has taken a fork
4610 144 is thinking
4611 47 is eating
4611 49 is eating
4612 61 is eating
4612 14 is sleeping
4612 54 is eating
4612 16 is sleeping
4612 12 is sleeping
4612 148 is thinking
4612 75 has taken a fork
4612 17 is sleeping
4613 20 is sleeping
4613 5 is sleeping
4614 56 is eating
4614 77 has taken a fork
4614 22 is sleeping
4614 71 has taken a fork
4614 65 is eating
4614 81 has taken a fork
4614 69 is eating
4614 147 is thinking
4615 79 has taken a fork
4615 146 is thinking
4615 83 has taken a fork
4616 19 is sleeping
4616 74 has taken a fork
4616 23 is sleeping
4617 15 is sleeping
4617 85 has taken a fork
4617 89 has taken a fork
4617 7 is sleeping
4618 18 is sleeping
4619 156 is thinking
4619 78 has taken a fork
4620 33 is sleeping
4620 27 is sleeping
4621 111 has taken a fork
4621 84 has taken a fork
4621 108 has taken a fork
4621 104 has taken a fork
4621 76 has taken a fork
4622 110 has taken a fork
4622 115 has taken a fork
4622 67 is eating
4622 62 is eating
4623 155 is thinking
4623 82 has taken a fork
4623 86 has taken a fork
4623 88 has taken a fork
4625 106 has taken a fork
4627 109 has taken a fork
4628 141 is thinking
4629 112 has taken a fork
4629 119 has taken a fork
4630 120 has taken a fork
4632 150 is thinking
4633 117 has taken a fork
4633 125 has taken a fork
4633 118 has taken a fork
4635 107 has taken a fork
4635 114 has taken a fork
4635 116 has taken a fork
4635 87 has taken a fork
4635 97 has taken a fork
4636 93 has taken a fork
4636 113 has taken a fork
4637 122 has taken a fork
4638 149 is thinking
4640 152 is thinking
4641 153 is thinking
4641 128 has taken a fork
4642 80 has taken a fork
4642 121 has taken a fork
4642 100 has taken a fork
4642 99 has taken a fork
4643 21 is sleeping
4643 159 is thinking
4644 123 has taken a fork
4644 53 is eating
4645 63 is eating
4645 90 has taken a fork
4646 95 has taken a fork
4646 91 has taken a fork
4647 163 is thinking
4647 26 is sleeping
4647 98 has taken a fork
4648 29 is sleeping
4648 96 has taken a fork
4648 94 has taken a fork
4648 45 is sleeping
4648 34 is sleeping
4648 30 is sleeping
4650 165 is thinking
4650 154 is thinking
4650 102 has taken a fork
4650 103 has taken a fork
4651 92 has taken a fork
4651 161 is thinking
4652 164 is thinking
4652 157 is thinking
4653 72 is eating
4653 66 is eating
4654 68 is eating
4654 58 is eating
4654 126 has taken a fork
4655 130 has taken a fork
4656 167 is thinking
4656 59 is eating
4656 25 is sleeping
4656 35 is sleeping
4656 40 is sleeping
4657 24 is sleeping
4657 127 has taken a fork
4657 36 is sleeping
4657 31 is sleeping
4659 138 has taken a fork
4659 129 has taken a fork
4660 38 is sleeping
4660 32 is sleeping
4660 28 is sleeping
4660 48 is sleeping
4660 57 is eating
4661 132 has taken a fork
4662 134 has taken a fork
4664 131 has taken a fork
4666 139 has taken a fork
4666 44 is sleeping
4668 136 has taken a fork
4668 37 is sleeping
4670 143 has taken a fork
4670 39 is sleeping
4671 51 is sleeping
4671 41 is sleeping
4671 42 is sleeping
4671 137 has taken a fork
4672 46 is sleeping
4673 133 has taken a fork
4673 101 has taken a fork
4673 105 has taken a fork
4673 60 is eating
4675 151 has taken a fork
4675 70 is eating
4675 52 is sleeping
4677 142 has taken a fork
4679 135 has taken a fork
4680 43 is sleeping
4680 145 has taken a fork
4681 124 has taken a fork
4681 140 has taken a fork
4681 73 is eating
4681 144 has taken a fork
4682 64 is sleeping
4682 55 is sleeping
4682 148 has taken a fork
4682 75 is eating
4683 50 is sleeping
4683 77 is eating
4683 71 is eating
4683 81 is eating
4683 147 has taken a fork
4683 79 is eating
4684 146 has taken a fork
4684 83 is eating
4684 47 is sleeping
4684 49 is sleeping
4684 74 is eating
4684 61 is sleeping
4684 85 is eating
4684 89 is eating
4685 54 is sleeping
4686 156 has taken a fork
4687 78 is eating
4687 111 has taken a fork
4687 56 is sleeping
4687 84 is eating
4687 108 has taken a fork
4687 104 has taken a fork
4687 76 is eating
4688 110 has taken a fork
4688 115 has taken a fork
4689 69 is sleeping
4689 65 is sleeping
4690 155 has taken a fork
4691 82 is eating
4691 86 is eating
4691 88 is eating
4692 106 has taken a fork
4693 109 has taken a fork
4693 141 has taken a fork
4693 112 has taken a fork
4695 119 has taken a fork
4695 62 is sleeping
4696 67 is sleeping
4696 120 has taken a fork
4696 117 has taken a fork
4697 125 has taken a fork
4697 150 has taken a fork
4697 107 has taken a fork
4698 118 has taken a fork
4699 114 has taken a fork
4701 116 has taken a fork
4701 87 is eating
4701 97 is eating
4701 93 is eating
4702 113 has taken a fork
4703 122 has taken a fork
4706 149 has taken a fork
4706 152 has taken a fork
4706 153 has taken a fork
4706 128 has taken a fork
4706 80 is eating
4706 121 has taken a fork
4706 100 is eating
4706 99 is eating
4711 159 has taken a fork
4712 123 has taken a fork
4712 53 is sleeping
4712 90 is eating
4712 95 is eating
4712 91 is eating
4713 63 is sleeping
4713 163 has taken a fork
4713 98 is eating
4713 96 is eating
4713 94 is eating
4715 165 has taken a fork
4716 154 has taken a fork
4716 102 is eating
4716 103 is eating
4718 166 is thinking
4719 158 is thinking
4719 92 is eating
4721 162 is thinking
4721 161 has taken a fork
4721 160 is thinking
4721 175 is thinking
4722 171 is thinking
4725 164 has taken a fork
4725 157 has taken a fork
4726 170 is thinking
4726 179 is thinking
4729 126 has taken a fork
4729 168 is thinking
4729 130 has taken a fork
4730 167 has taken a fork
4730 177 is thinking
4733 127 has taken a fork
4733 178 is thinking
4733 72 is sleeping
4734 138 has taken a fork
4734 172 is thinking
4734 66 is sleeping
4735 129 has taken a fork
4735 68 is sleeping
4735 58 is sleeping
4735 132 has taken a fork
4735 169 is thinking
4735 59 is sleeping
4736 134 has taken a fork
4736 173 is thinking
4737 131 has taken a fork
4738 180 is thinking
4738 174 is thinking
4738 185 is thinking
4738 183 is thinking
4739 139 has taken a fork
4739 57 is sleeping
4740 181 is thinking
4740 176 is thinking
4740 184 is thinking
4741 136 has taken a fork
4741 143 has taken a fork
4741 182 is thinking
4741 137 has taken a fork
4742 133 has taken a fork
4742 101 is eating
4742 105 is eating
4743 196 is thinking
4743 194 is thinking
4743 189 is thinking
4743 187 is thinking
4744 151 has taken a fork
4746 186 is thinking
4747 142 has taken a fork
4747 60 is sleeping
4747 188 is thinking
4747 70 is sleeping
4747 135 has taken a fork
4748 145 has taken a fork
4749 124 has taken a fork
4750 140 has taken a fork
4751 144 has taken a fork
4753 148 has taken a fork
4753 73 is sleeping
4753 147 has taken a fork
4753 146 has taken a fork
4753 191 is thinking
4753 75 is sleeping
4753 81 is sleeping
4753 195 is thinking
4753 71 is sleeping
4753 77 is sleeping
4754 111 is eating
4754 108 is eating
4754 104 is eating
4756 193 is thinking
4756 190 is thinking
4756 79 is sleeping
4756 83 is sleeping
4757 199 is thinking
4757 74 is sleeping
4757 110 is eating
4757 115 is eating
4758 192 is thinking
4759 198 is thinking
4759 85 is sleeping
4760 200 is thinking
4760 89 is sleeping
4760 156 has taken a fork
4760 13 is thinking
4762 155 has taken a fork
4762 197 is thinking
4764 2 is thinking
4764 106 is eating
4764 109 is eating
4765 141 has taken a fork
4765 78 is sleeping
4765 112 is eating
4766 119 is eating
4766 120 is eating
4766 117 is eating
4766 84 is sleeping
4766 125 is eating
4767 150 has taken a fork
4767 107 is eating
4767 76 is sleeping
4767 118 is eating
4768 114 is eating
4768 116 is eating
4768 113 is eating
4768 1 is thinking
4769 9 is thinking
4769 11 is thinking
4769 3 is thinking
4769 122 is eating
4770 4 is thinking
4770 6 is thinking
4771 82 is sleeping
4771 86 is sleeping
4771 8 is thinking
4771 149 has taken a fork
4771 152 has taken a fork
4773 153 has taken a fork
4773 128 is eating
4773 121 is eating
4773 88 is sleeping
4773 10 is thinking
4777 159 has taken a fork
4777 16 is thinking
4777 12 is thinking
4777 17 is thinking
4777 14 is thinking
4778 123 is eating
4778 5 is thinking
4779 20 is thinking
4779 22 is thinking
4779 87 is sleeping
4780 163 has taken a fork
4782 165 has taken a fork
4782 97 is sleeping
4782 93 is sleeping
4782 19 is thinking
4782 23 is thinking
4782 154 has taken a fork
4782 15 is thinking
4783 7 is thinking
4786 18 is thinking
4787 166 has taken a fork
4787 80 is sleeping
4788 158 has taken a fork
4788 100 is sleeping
4792 27 is thinking
4793 33 is thinking
4793 99 is sleeping
4794 162 has taken a fork
4794 161 has taken a fork
4794 160 has taken a fork
4795 175 has taken a fork
4795 171 has taken a fork
4795 164 has taken a fork
4795 157 has taken a fork
4795 170 has taken a fork
4795 90 is sleeping
4795 95 is sleeping
4795 91 is sleeping
4795 179 has taken a fork
4796 126 is eating
4796 98 is sleeping
4796 96 is sleeping
4796 94 is sleeping
4796 168 has taken a fork
4797 130 is eating
4797 167 has taken a fork
4797 177 has taken a fork
4797 102 is sleeping
4797 103 is sleeping
4798 127 is eating
4798 178 has taken a fork
4799 172 has taken a fork
4799 92 is sleeping
4799 138 is eating
4799 129 is eating
4801 132 is eating
4801 169 has taken a fork
4801 134 is eating
4802 173 has taken a fork
4802 180 has taken a fork
4803 174 has taken a fork
4803 185 has taken a fork
4803 183 has taken a fork
4803 131 is eating
4805 139 is eating
4805 181 has taken a fork
4805 176 has taken a fork
4806 184 has taken a fork
4807 136 is eating
4807 143 is eating
4808 137 is eating
4808 182 has taken a fork
4810 133 is eating
4811 21 is thinking
4811 196 has taken a fork
4811 194 has taken a fork
4811 189 has taken a fork
4814 187 has taken a fork
4814 151 is eating
4816 186 has taken a fork
4818 142 is eating
4818 26 is thinking
4819 188 has taken a fork
4819 135 is eating
4819 30 is thinking
4819 29 is thinking
4820 45 is thinking
4820 34 is thinking
4820 145 is eating
4821 124 is eating
4821 101 is sleeping
4821 140 is eating
4821 105 is sleeping
4822 144 is eating
4823 148 is eating
4823 147 is eating
4824 146 is eating
4824 191 has taken a fork
4824 195 has taken a fork
4824 40 is thinking
4824 25 is thinking
4825 35 is thinking
4825 193 has taken a fork
4825 190 has taken a fork
4826 31 is thinking
4826 36 is thinking
4826 199 has taken a fork
4826 24 is thinking
4827 192 has taken a fork
4827 198 has taken a fork
4827 28 is thinking
4827 32 is thinking
4827 48 is thinking
4827 38 is thinking
4827 200 has taken a fork
4827 13 has taken a fork
4827 156 is eating
4828 155 is eating
4829 197 has taken a fork
4829 2 has taken a fork
4829 141 is eating
4829 104 is sleeping
4829 108 is sleeping
4829 111 is sleeping
4829 44 is thinking
4829 150 is eating
4829 115 is sleeping
4829 37 is thinking
4829 110 is sleeping
4829 1 has taken a fork
4829 9 has taken a fork
4829 11 has taken a fork
4829 3 has taken a fork
4829 4 has taken a fork
4829 39 is thinking
4829 6 has taken a fork
4830 51 is thinking
4830 42 is thinking
4830 41 is thinking
4830 149 is eating
4830 152 is eating
4830 8 has taken a fork
4830 46 is thinking
4830 106 is sleeping
4830 153 is eating
4830 109 is sleeping
4830 10 has taken a fork
4830 112 is sleeping
4830 125 is sleeping
4830 120 is sleeping
4831 117 is sleeping
4831 119 is sleeping
4831 118 is sleeping
4831 52 is thinking
4831 107 is sleeping
4831 113 is sleeping
4831 116 is sleeping
4831 114 is sleeping
4831 12 has taken a fork
4831 16 has taken a fork
4831 17 has taken a fork
4831 14 has taken a fork
4831 122 is sleeping
4832 159 is eating
4832 5 has taken a fork
4832 20 has taken a fork
4832 22 has taken a fork
4832 128 is sleeping
4832 163 is eating
4832 43 is thinking
4832 121 is sleeping
4832 64 is thinking
4833 55 is thinking
4833 165 is eating
4833 19 has taken a fork
4833 23 has taken a fork
4834 154 is eating
4834 15 has taken a fork
4835 50 is thinking
4835 61 is thinking
4836 49 is thinking
4836 47 is thinking
4838 54 is thinking
4838 7 has taken a fork
4838 56 is thinking
4838 18 has taken a fork
4838 166 has taken a fork
4838 123 is sleeping
4839 65 is thinking
4839 69 is thinking
4839 158 has taken a fork
4840 27 has taken a fork
4840 33 has taken a fork
4840 162 has taken a fork
4841 161 is eating
4841 160 has taken a fork
4841 62 is thinking
4841 175 has taken a fork
4841 171 has taken a fork
4841 164 is eating
4841 157 is eating
4841 170 has taken a fork
4841 179 has taken a fork
4841 126 is sleeping
4842 67 is thinking
4842 168 has taken a fork
4842 130 is sleeping
4842 167 is eating
4842 177 has taken a fork
4842 127 is sleeping
4842 178 has taken a fork
4842 172 has taken a fork
4842 138 is sleeping
4842 129 is sleeping
4842 132 is sleeping
4842 169 has taken a fork
4842 134 is sleeping
4842 173 has taken a fork
4842 180 has taken a fork
4842 174 has taken a fork
4842 185 has taken a fork
4842 183 has taken a fork
4843 131 is sleeping
4843 139 is sleeping
4843 181 has taken a fork
4843 176 has taken a fork
4843 184 has taken a fork
4843 136 is sleeping
4843 143 is sleeping
4843 137 is sleeping
4843 182 has taken a fork
4844 133 is sleeping
4844 21 has taken a fork
4844 196 has taken a fork
4844 194 has taken a fork
4844 189 has taken a fork
4845 53 is thinking
4846 63 is thinking
4847 187 has taken a fork
4847 151 is sleeping
4847 186 has taken a fork
4849 142 is sleeping
4850 26 has taken a fork
4850 188 has taken a fork
4850 135 is sleeping
4851 30 has taken a fork
4857 29 has taken a fork
4860 45 has taken a fork
4863 34 has taken a fork
4863 145 is sleeping
4863 124 is sleeping
4863 140 is sleeping
4863 144 is sleeping
4863 148 is sleeping
4864 147 is sleeping
4864 146 is sleeping
4864 191 has taken a fork
4864 195 has taken a fork
4864 40 has taken a fork
4864 25 has taken a fork
4864 35 has taken a fork
4864 193 has taken a fork
4865 190 has taken a fork
4865 31 has taken a fork
4865 36 has taken a fork
4865 199 has taken a fork
4865 24 has taken a fork
4865 192 has taken a fork
4866 198 has taken a fork
4866 28 has taken a fork
4866 32 has taken a fork
4866 48 has taken a fork
4866 38 has taken a fork
4866 200 has taken a fork
4866 13 has taken a fork
4867 155 is sleeping
4867 197 has taken a fork
4867 2 has taken a fork
4867 141 is sleeping
4868 156 is sleeping
4869 44 has taken a fork
4869 37 has taken a fork
4869 1 has taken a fork
4869 9 has taken a fork
4869 11 has taken a fork
4869 3 has taken a fork
4869 4 has taken a fork
4869 39 has taken a fork
4869 6 has taken a fork
4870 51 has taken a fork
4871 42 has taken a fork
4871 41 has taken a fork
4871 8 has taken a fork
4873 46 has taken a fork
4873 10 has taken a fork
4873 150 is sleeping
4873 52 has taken a fork
4873 12 has taken a fork
4873 16 has taken a fork
4873 17 has taken a fork
4873 14 has taken a fork
4873 5 has taken a fork
4874 20 has taken a fork
4874 22 has taken a fork
4874 43 has taken a fork
4874 64 has taken a fork
4876 72 is thinking
4878 55 has taken a fork
4878 19 has taken a fork
4878 23 has taken a fork
4878 149 is sleeping
4878 15 has taken a fork
4878 68 is thinking
4878 50 has taken a fork
4878 66 is thinking
4879 58 is thinking
4880 59 is thinking
4881 152 is sleeping
4882 49 has taken a fork
4882 153 is sleeping
4883 47 has taken a fork
4884 61 has taken a fork
4884 159 is sleeping
4884 54 has taken a fork
4884 7 has taken a fork
4884 18 has taken a fork
4884 166 is eating
4884 57 is thinking
4884 158 is eating
4884 27 has taken a fork
4884 33 has taken a fork
4884 162 is eating
4885 163 is sleeping
4886 56 has taken a fork
4886 160 is eating
4886 175 is eating
4886 171 is eating
4886 170 is eating
4886 179 is eating
4886 165 is sleeping
4887 154 is sleeping
4887 168 is eating
4887 177 is eating
4887 178 is eating
4887 172 is eating
4887 169 is eating
4887 173 is eating
4887 180 is eating
4887 174 is eating
4887 185 is eating
4889 65 has taken a fork
4889 183 is eating
4890 69 has taken a fork
4890 181 is eating
4890 176 is eating
4890 184 is eating
4890 182 is eating
4892 21 has taken a fork
4892 196 is eating
4892 194 is eating
4893 189 is eating
4894 161 is sleeping
4895 62 has taken a fork
4896 157 is sleeping
4896 187 is eating
4896 164 is sleeping
4896 186 is eating
4897 60 is thinking
4901 70 is thinking
4904 67 has taken a fork
4906 167 is sleeping
4908 26 has taken a fork
4909 188 is eating
4911 53 has taken a fork
4912 30 has taken a fork
4913 79 is thinking
4913 81 is thinking
4913 71 is thinking
4913 73 is thinking
4914 74 is thinking
4914 29 has taken a fork
4915 77 is thinking
4916 83 is thinking
4916 75 is thinking
4916 63 has taken a fork
4918 45 has taken a fork
4918 85 is thinking
4919 89 is thinking
4921 34 has taken a fork
4921 195 is eating
4921 191 is eating
4922 25 has taken a fork
4922 40 has taken a fork
4923 35 has taken a fork
4923 193 is eating
4923 190 is eating
4924 31 has taken a fork
4924 78 is thinking
4924 36 has taken a fork
4924 199 is eating
4925 24 has taken a fork
4925 198 is eating
4925 192 is eating
4926 28 has taken a fork
4928 32 has taken a fork
4929 84 is thinking
4929 48 has taken a fork
4931 38 has taken a fork
4931 200 is eating
4931 13 is eating
4931 76 is thinking
4931 197 is eating
4931 2 is eating
4933 44 has taken a fork
4934 37 has taken a fork
4934 1 is eating
4934 11 is eating
4935 9 is eating
4935 3 is eating
4935 4 is eating
4936 39 has taken a fork
4936 6 is eating
4936 51 has taken a fork
4937 86 is thinking
4937 82 is thinking
4937 42 has taken a fork
4937 41 has taken a fork
4937 8 is eating
4937 46 has taken a fork
4937 10 is eating
4937 88 is thinking
4937 52 has taken a fork
4937 12 is eating
4938 16 is eating
4938 17 is eating
4938 14 is eating
4938 5 is eating
4938 20 is eating
4938 22 is eating
4938 43 has taken a fork
4940 64 has taken a fork
4940 55 has taken a fork
4940 19 is eating
4940 23 is eating
4940 15 is eating
4941 50 has taken a fork
4941 87 is thinking
4941 97 is thinking
4941 49 has taken a fork
4941 93 is thinking
4941 47 has taken a fork
4942 61 has taken a fork
4942 54 has taken a fork
4942 7 is eating
4943 18 is eating
4943 27 is eating
4943 33 is eating
4943 56 has taken a fork
4943 80 is thinking
4946 100 is thinking
4946 65 has taken a fork
4946 69 has taken a fork
4948 21 is eating
4950 99 is thinking
4951 95 is thinking
4952 90 is thinking
4953 91 is thinking
4956 62 has taken a fork
4956 96 is thinking
4956 98 is thinking
4956 103 is thinking
4956 102 is thinking
4956 94 is thinking
4957 166 is sleeping
4957 92 is thinking
4957 158 is sleeping
4957 68 has taken a fork
4957 162 is sleeping
4958 160 is sleeping
4958 175 is sleeping
4958 72 has taken a fork
4959 67 has taken a fork
4959 171 is sleeping
4959 57 has taken a fork
4959 170 is sleeping
4960 66 has taken a fork
4961 58 has taken a fork
4961 59 has taken a fork
4961 179 is sleeping
4961 26 is eating
4961 168 is sleeping
4962 177 is sleeping
4962 178 is sleeping
4962 172 is sleeping
4962 169 is sleeping
4962 60 has taken a fork
4965 53 has taken a fork
4965 173 is sleeping
4966 70 has taken a fork
4966 30 is eating
4966 79 has taken a fork
4967 180 is sleeping
4967 81 has taken a fork
4968 71 has taken a fork
4968 174 is sleeping
4970 73 has taken a fork
4971 185 is sleeping
4973 74 has taken a fork
4973 29 is eating
4973 183 is sleeping
4974 181 is sleeping
4974 176 is sleeping
4974 184 is sleeping
4975 77 has taken a fork
4975 182 is sleeping
4976 83 has taken a fork
4978 75 has taken a fork
4979 63 has taken a fork
4979 196 is sleeping
4980 194 is sleeping
4980 45 is eating
4980 189 is sleeping
4980 85 has taken a fork
4980 89 has taken a fork
4981 187 is sleeping
4981 105 is thinking
4981 186 is sleeping
4982 101 is thinking
4983 34 is eating
4983 25 is eating
4983 40 is eating
4983 35 is eating
4983 31 is eating
4983 78 has taken a fork
4983 36 is eating
4984 24 is eating
4984 28 is eating
4984 188 is sleeping
4985 32 is eating
4985 108 is thinking
4986 115 is thinking
4987 84 has taken a fork
4988 111 is thinking
4988 104 is thinking
4990 110 is thinking
4990 48 is eating
4991 112 is thinking
4991 109 is thinking
4991 106 is thinking
4991 125 is thinking
4992 120 is thinking
4992 118 is thinking
4994 107 is thinking
4999 117 is thinking
5004 113 is thinking
5004 38 is eating
5004 116 is thinking
5008 114 is thinking
5008 119 is thinking
5008 76 has taken a fork
5016 121 is thinking
5017 128 is thinking
5017 122 is thinking
5018 44 is eating
5018 37 is eating
5018 39 is eating
5019 51 is eating
5019 195 is sleeping
5019 86 has taken a fork
5020 191 is sleeping
5020 82 has taken a fork
5020 42 is eating
5021 41 is eating
5021 46 is eating
5022 88 has taken a fork
5022 52 is eating
5022 123 is thinking
5023 43 is eating
5023 64 is eating
5023 193 is sleeping
5024 190 is sleeping
5025 55 is eating
5028 50 is eating
5028 87 has taken a fork
5028 97 has taken a fork
5029 49 is eating
5029 93 has taken a fork
5030 47 is eating
5030 199 is sleeping
5030 126 is thinking
5033 138 is thinking
5034 130 is thinking
5034 198 is sleeping
5035 192 is sleeping
5035 132 is thinking
5036 129 is thinking
5037 134 is thinking
5037 127 is thinking
5044 61 is eating
5048 54 is eating
5049 139 is thinking
5050 137 is thinking
5053 56 is eating
5053 80 has taken a fork
5054 143 is thinking
5054 131 is thinking
5054 133 is thinking
5054 136 is thinking
5054 100 has taken a fork
5055 65 is eating
5055 200 is sleeping
5055 13 is sleeping
5056 69 is eating
5057 197 is sleeping
5058 151 is thinking
5058 2 is sleeping
5058 142 is thinking
5058 135 is thinking
5059 99 has taken a fork
5059 95 has taken a fork
5059 3 is sleeping
5060 1 is sleeping
5060 9 is sleeping
5061 11 is sleeping
5061 90 has taken a fork
5061 4 is sleeping
5061 91 has taken a fork
5061 6 is sleeping
5062 10 is sleeping
5062 62 is eating
5062 8 is sleeping
5063 96 has taken a fork
5063 98 has taken a fork
5064 103 has taken a fork
5064 102 has taken a fork
5064 94 has taken a fork
5064 92 has taken a fork
5064 12 is sleeping
5065 68 has taken a fork
5065 16 is sleeping
5065 14 is sleeping
5065 5 is sleeping
5066 17 is sleeping
5067 72 has taken a fork
5067 20 is sleeping
5067 22 is sleeping
5067 67 is eating
5069 57 has taken a fork
5069 66 has taken a fork
5069 19 is sleeping
5069 58 has taken a fork
5069 23 is sleeping
5069 59 has taken a fork
5069 15 is sleeping
5070 145 is thinking
5071 124 is thinking
5073 140 is thinking
5073 148 is thinking
5074 60 has taken a fork
5075 144 is thinking
5076 147 is thinking
5077 146 is thinking
5077 18 is sleeping
5077 7 is sleeping
5078 53 is eating
5078 70 has taken a fork
5079 79 has taken a fork
5079 141 is thinking
5079 155 is thinking
5079 81 has taken a fork
5079 27 is sleeping
5079 33 is sleeping
5079 156 is thinking
5079 71 has taken a fork
5079 73 has taken a fork
5079 74 has taken a fork
5079 150 is thinking
5079 77 has taken a fork
5079 83 has taken a fork
5080 75 has taken a fork
5080 149 is thinking
5080 63 is eating
5081 21 is sleeping
5081 85 has taken a fork
5081 89 has taken a fork
5081 152 is thinking
5081 105 has taken a fork
5081 153 is thinking
5081 101 has taken a fork
5081 78 has taken a fork
5081 159 is thinking
5081 163 is thinking
5082 108 has taken a fork
5082 165 is thinking
5082 115 has taken a fork
5082 154 is thinking
5082 84 has taken a fork
5082 111 has taken a fork
5082 104 has taken a fork
5082 26 is sleeping
5082 110 has taken a fork
5082 112 has taken a fork
5083 109 has taken a fork
5083 106 has taken a fork
5083 125 has taken a fork
5083 120 has taken a fork
5083 118 has taken a fork
5083 30 is sleeping
5083 161 is thinking
5083 107 has taken a fork
5083 29 is sleeping
5083 157 is thinking
5083 117 has taken a fork
5084 164 is thinking
5084 45 is sleeping
5084 34 is sleeping
5084 25 is sleeping
5084 113 has taken a fork
5084 35 is sleeping
5084 40 is sleeping
5084 116 has taken a fork
5084 31 is sleeping
5084 36 is sleeping
5084 24 is sleeping
5084 28 is sleeping
5084 32 is sleeping
5084 167 is thinking
5084 114 has taken a fork
5084 76 has taken a fork
5085 119 has taken a fork
5085 48 is sleeping
5085 121 has taken a fork
5086 38 is sleeping
5086 128 has taken a fork
5086 122 has taken a fork
5086 86 has taken a fork
5086 82 has taken a fork
5086 88 has taken a fork
5086 123 has taken a fork
5086 37 is sleeping
5086 39 is sleeping
5086 44 is sleeping
5086 42 is sleeping
5086 51 is sleeping
5087 41 is sleeping
5087 46 is sleeping
5087 52 is sleeping
5087 43 is sleeping
5087 64 is sleeping
5087 87 has taken a fork
5088 97 has taken a fork
5089 55 is sleeping
5089 93 has taken a fork
5089 126 has taken a fork
5089 47 is sleeping
5090 138 has taken a fork
5091 49 is sleeping
5091 50 is sleeping
5092 130 has taken a fork
5092 132 has taken a fork
5093 129 has taken a fork
5093 134 has taken a fork
5093 127 has taken a fork
5096 61 is sleeping
5096 54 is sleeping
5099 139 has taken a fork
5100 137 has taken a fork
5101 56 is sleeping
5101 143 has taken a fork
5101 80 has taken a fork
5101 131 has taken a fork
5101 133 has taken a fork
5101 100 has taken a fork
5101 136 has taken a fork
5103 65 is sleeping
5105 69 is sleeping
5106 158 is thinking
5106 166 is thinking
5107 162 is thinking
5108 175 is thinking
5108 151 has taken a fork
5108 160 is thinking
5108 142 has taken a fork
5108 135 has taken a fork
5110 170 is thinking
5114 171 is thinking
5114 99 has taken a fork
5114 95 has taken a fork
5114 179 is thinking
5117 168 is thinking
5117 90 has taken a fork
5117 91 has taken a fork
5118 178 is thinking
5119 172 is thinking
5120 177 is thinking
5121 169 is thinking
5121 62 is sleeping
5121 96 has taken a fork
5121 98 has taken a fork
5121 103 has taken a fork
5121 102 has taken a fork
5121 94 has taken a fork
5122 92 has taken a fork
5122 173 is thinking
5126 68 is eating
5126 72 is eating
5131 180 is thinking
5132 67 is sleeping
5136 174 is thinking
5137 57 is eating
5137 66 is eating
5138 58 is eating
5138 59 is eating
5139 145 has taken a fork
5143 185 is thinking
5145 124 has taken a fork
5146 183 is thinking
5147 140 has taken a fork
5147 148 has taken a fork
5147 60 is eating
5149 184 is thinking
5150 176 is thinking
5151 181 is thinking
5154 182 is thinking
5157 144 has taken a fork
5157 147 has taken a fork
5158 146 has taken a fork
5159 53 is sleeping
5159 70 is eating
5159 79 is eating
5162 141 has taken a fork
5162 196 is thinking
5162 81 is eating
5162 155 has taken a fork
5162 156 has taken a fork
5164 71 is eating
5164 73 is eating
5165 74 is eating
5167 150 has taken a fork
5167 77 is eating
5168 83 is eating
5168 75 is eating
5168 149 has taken a fork
5168 194 is thinking
5168 189 is thinking
5168 63 is sleeping
5168 186 is thinking
5168 85 is eating
5168 89 is eating
5168 187 is thinking
5168 152 has taken a fork
5169 105 has taken a fork
5169 153 has taken a fork
5169 101 has taken a fork
5169 78 is eating
5170 159 has taken a fork
5170 163 has taken a fork
5170 108 has taken a fork
5170 165 has taken a fork
5170 115 has taken a fork
5170 154 has taken a fork
5170 84 is eating
5170 111 has taken a fork
5170 104 has taken a fork
5170 110 has taken a fork
5170 112 has taken a fork
5170 109 has taken a fork
5170 106 has taken a fork
5170 125 has taken a fork
5170 120 has taken a fork
5170 118 has taken a fork
5170 161 has taken a fork
5170 107 has taken a fork
5170 157 has taken a fork
5170 117 has taken a fork
5170 113 has taken a fork
5170 116 has taken a fork
5170 164 has taken a fork
5170 167 has taken a fork
5170 114 has taken a fork
5170 188 is thinking
5170 76 is eating
5170 119 has taken a fork
5171 121 has taken a fork
5172 128 has taken a fork
5172 122 has taken a fork
5172 86 is eating
5172 82 is eating
5172 88 is eating
5172 123 has taken a fork
5172 87 is eating
5172 97 is eating
5172 93 is eating
5172 126 has taken a fork
5172 138 has taken a fork
5172 130 has taken a fork
5172 132 has taken a fork
5172 129 has taken a fork
5172 134 has taken a fork
5172 127 has taken a fork
5173 139 has taken a fork
5173 137 has taken a fork
5173 143 has taken a fork
5173 80 is eating
5173 131 has taken a fork
5173 133 has taken a fork
5173 100 is eating
5173 136 has taken a fork
5173 151 has taken a fork
5174 142 has taken a fork
5174 135 has taken a fork
5174 99 is eating
5174 95 is eating
5174 90 is eating
5174 91 is eating
5174 195 is thinking
5174 191 is thinking
5174 96 is eating
5174 98 is eating
5174 103 is eating
5174 102 is eating
5174 94 is eating
5174 92 is eating
5174 193 is thinking
5174 190 is thinking
5175 68 is sleeping
5175 72 is sleeping
5175 166 has taken a fork
5175 158 has taken a fork
5175 199 is thinking
5175 198 is thinking
5175 192 is thinking
5175 57 is sleeping
5177 162 has taken a fork
5177 66 is sleeping
5178 175 has taken a fork
5179 58 is sleeping
5179 160 has taken a fork
5179 59 is sleeping
5179 145 has taken a fork
5179 170 has taken a fork
5179 124 has taken a fork
5180 140 has taken a fork
5180 148 has taken a fork
5180 60 is sleeping
5181 171 has taken a fork
5181 200 is thinking
5181 13 is thinking
5181 197 is thinking
5182 144 has taken a fork
5183 147 has taken a fork
5183 2 is thinking
5183 146 has taken a fork
5183 3 is thinking
5183 70 is sleeping
5183 79 is sleeping
5183 179 has taken a fork
5183 168 has taken a fork
5183 9 is thinking
5183 1 is thinking
5183 6 is thinking
5183 11 is thinking
5183 4 is thinking
5183 141 has taken a fork
5183 10 is thinking
5183 81 is sleeping
5183 155 has taken a fork
5183 156 has taken a fork
5183 8 is thinking
5183 12 is thinking
5184 71 is sleeping
5184 73 is sleeping
5184 5 is thinking
5184 16 is thinking
5184 74 is sleeping
5184 14 is thinking
5184 17 is thinking
5184 169 has taken a fork
5184 177 has taken a fork
5184 20 is thinking
5184 150 has taken a fork
5184 22 is thinking
5184 172 has taken a fork
5184 178 has taken a fork
5184 77 is sleeping
5185 83 is sleeping
5185 173 has taken a fork
5185 75 is sleeping
5185 149 has taken a fork
5185 85 is sleeping
5185 89 is sleeping
5185 185 has taken a fork
5185 152 has taken a fork
5185 174 has taken a fork
5185 180 has taken a fork
5185 183 has taken a fork
5185 23 is thinking
5185 15 is thinking
5185 19 is thinking
5185 105 is eating
5185 153 has taken a fork
5185 101 is eating
5185 78 is sleeping
5185 159 has taken a fork
5185 163 has taken a fork
5185 108 is eating
5186 165 has taken a fork
5186 115 is eating
5186 154 has taken a fork
5186 84 is sleeping
5186 176 has taken a fork
5186 111 is eating
5186 104 is eating
5186 110 is eating
5186 184 has taken a fork
5186 112 is eating
5186 109 is eating
5186 106 is eating
5186 125 is eating
5186 120 is eating
5186 118 is eating
5186 161 has taken a fork
5186 107 is eating
5186 157 has taken a fork
5186 117 is eating
5186 113 is eating
5186 116 is eating
5186 164 has taken a fork
5186 167 has taken a fork
5186 114 is eating
5186 76 is sleeping
5186 181 has taken a fork
5186 119 is eating
5186 121 is eating
5186 128 is eating
5187 122 is eating
5187 86 is sleeping
5187 82 is sleeping
5187 196 has taken a fork
5187 88 is sleeping
5187 123 is eating
5187 87 is sleeping
5188 194 has taken a fork
5189 97 is sleeping
5189 182 has taken a fork
5191 189 has taken a fork
5191 186 has taken a fork
5191 93 is sleeping
5191 187 has taken a fork
5191 126 is eating
5191 138 is eating
5192 130 is eating
5192 132 is eating
5192 129 is eating
5192 127 is eating
5192 134 is eating
5192 139 is eating
5192 137 is eating
5192 143 is eating
5192 80 is sleeping
5192 131 is eating
5193 188 has taken a fork
5193 133 is eating
5193 100 is sleeping
5193 136 is eating
5194 151 is eating
5194 142 is eating
5196 135 is eating
5196 99 is sleeping
5196 95 is sleeping
5196 91 is sleeping
5196 90 is sleeping
5196 191 has taken a fork
5196 96 is sleeping
5196 195 has taken a fork
5196 98 is sleeping
5196 103 is sleeping
5196 102 is sleeping
5196 94 is sleeping
5196 92 is sleeping
5196 193 has taken a fork
5196 190 has taken a fork
5196 166 has taken a fork
5196 158 has taken a fork
5198 199 has taken a fork
5198 198 has taken a fork
5199 192 has taken a fork
5199 18 is thinking
5199 7 is thinking
5199 162 has taken a fork
5200 175 has taken a fork
5200 33 is thinking
5201 160 has taken a fork
5201 27 is thinking
5201 145 is eating
5203 170 has taken a fork
5204 124 is eating
5204 140 is eating
5204 148 is eating
5206 21 is thinking
5208 171 has taken a fork
5209 200 has taken a fork
5209 197 has taken a fork
5209 13 has taken a fork
5209 144 is eating
5210 26 is thinking
5210 29 is thinking
5210 30 is thinking
5210 147 is eating
5211 2 has taken a fork
5211 146 is eating
5211 179 has taken a fork
5212 168 has taken a fork
5212 141 is eating
5212 156 is eating
5213 45 is thinking
5214 34 is thinking
5215 36 is thinking
5215 32 is thinking
5215 35 is thinking
5217 24 is thinking
5217 40 is thinking
5217 31 is thinking
5217 28 is thinking
5218 25 is thinking
5218 155 is eating
5218 169 has taken a fork
5218 177 has taken a fork
5218 150 is eating
5219 172 has taken a fork
5219 178 has taken a fork
5219 173 has taken a fork
5221 48 is thinking
5221 149 is eating
5221 185 has taken a fork
5221 152 is eating
5221 174 has taken a fork
5221 180 has taken a fork
5221 183 has taken a fork
5221 105 is sleeping
5221 153 is eating
5223 3 has taken a fork
5223 101 is sleeping
5225 9 has taken a fork
5225 159 is eating
5225 163 is eating
5225 108 is sleeping
5226 42 is thinking
5227 1 has taken a fork
5229 44 is thinking
5230 38 is thinking
5231 39 is thinking
5231 51 is thinking
5235 37 is thinking
5235 165 is eating
5235 115 is sleeping
5235 154 is eating
5237 6 has taken a fork
5238 176 has taken a fork
5238 184 has taken a fork
5238 161 is eating
5238 157 is eating
5238 164 is eating
5238 167 is eating
5238 181 has taken a fork
5239 52 is thinking
5240 41 is thinking
5243 43 is thinking
5244 111 is sleeping
5245 11 has taken a fork
5245 104 is sleeping
5246 4 has taken a fork
5246 64 is thinking
5247 46 is thinking
5247 196 has taken a fork
5247 110 is sleeping
5247 10 has taken a fork
5247 194 has taken a fork
5248 47 is thinking
5248 106 is sleeping
5248 8 has taken a fork
5251 55 is thinking
5251 112 is sleeping
5251 12 has taken a fork
5251 120 is sleeping
5253 5 has taken a fork
5253 118 is sleeping
5253 16 has taken a fork
5253 109 is sleeping
5254 125 is sleeping
5254 17 has taken a fork
5254 14 has taken a fork
5255 182 has taken a fork
5255 20 has taken a fork
5256 107 is sleeping
5256 49 is thinking
5256 50 is thinking
5257 189 has taken a fork
5257 186 has taken a fork
5257 187 has taken a fork
5257 117 is sleeping
5257 22 has taken a fork
5257 188 has taken a fork
5257 116 is sleeping
5258 23 has taken a fork
5259 113 is sleeping
5259 15 has taken a fork
5259 54 is thinking
5259 61 is thinking
5259 191 has taken a fork
5260 195 has taken a fork
5261 193 has taken a fork
5261 190 has taken a fork
5261 166 is eating
5261 158 is eating
5261 114 is sleeping
5262 19 has taken a fork
5262 119 is sleeping
5262 199 has taken a fork
5262 198 has taken a fork
5262 192 has taken a fork
5263 18 has taken a fork
5263 175 is eating
5264 56 is thinking
5264 162 is eating
5264 160 is eating
5264 121 is sleeping
5265 7 has taken a fork
5265 128 is sleeping
5265 122 is sleeping
5266 33 has taken a fork
5267 27 has taken a fork
5267 65 is thinking
5268 170 is eating
5268 123 is sleeping
5268 69 is thinking
5268 21 has taken a fork
5269 171 is eating
5269 200 has taken a fork
5271 197 has taken a fork
5271 13 has taken a fork
5272 126 is sleeping
5276 26 has taken a fork
5277 2 has taken a fork
5277 179 is eating
5277 138 is sleeping
5278 168 is eating
5278 29 has taken a fork
5278 130 is sleeping
5283 30 has taken a fork
5283 132 is sleeping
5283 129 is sleeping
5283 45 has taken a fork
5284 34 has taken a fork
5284 134 is sleeping
5284 127 is sleeping
5286 36 has taken a fork
5286 32 has taken a fork
5286 169 is eating
5287 177 is eating
5287 172 is eating
5287 178 is eating
5287 173 is eating
5287 137 is sleeping
5287 35 has taken a fork
5287 139 is sleeping
5287 62 is thinking
5288 185 is eating
5288 174 is eating
5288 180 is eating
5288 183 is eating
5288 143 is sleeping
5288 131 is sleeping
5289 24 has taken a fork
5289 3 has taken a fork
5289 133 is sleeping
5289 136 is sleeping
5290 40 has taken a fork
5290 9 has taken a fork
5291 142 is sleeping
5291 151 is sleeping
5291 31 has taken a fork
5292 1 has taken a fork
5292 25 has taken a fork
5293 135 is sleeping
5293 28 has taken a fork
5294 48 has taken a fork
5294 42 has taken a fork
5294 44 has taken a fork
5295 67 is thinking
5295 145 is sleeping
5296 6 has taken a fork
5296 38 has taken a fork
5296 176 is eating
5296 124 is sleeping
5296 39 has taken a fork
5296 184 is eating
5296 181 is eating
5296 148 is sleeping
5297 140 is sleeping
5297 51 has taken a fork
5298 37 has taken a fork
5298 144 is sleeping
5298 147 is sleeping
5298 41 has taken a fork
5298 146 is sleeping
5298 52 has taken a fork
5299 11 has taken a fork
5299 156 is sleeping
5299 141 is sleeping
5299 43 has taken a fork
5299 4 has taken a fork
5299 64 has taken a fork
5300 46 has taken a fork
5300 196 is eating
5300 10 has taken a fork
5301 194 is eating
5301 155 is sleeping
5301 150 is sleeping
5301 8 has taken a fork
5302 47 has taken a fork
5302 153 is sleeping
5302 152 is sleeping
5302 149 is sleeping
5302 55 has taken a fork
5305 12 has taken a fork
5305 159 is sleeping
5305 163 is sleeping
5305 5 has taken a fork
5305 16 has taken a fork
5307 17 has taken a fork
5307 14 has taken a fork
5307 182 is eating
5307 20 has taken a fork
5307 49 has taken a fork
5307 50 has taken a fork
5307 189 is eating
5308 186 is eating
5308 187 is eating
5308 22 has taken a fork
5308 188 is eating
5309 23 has taken a fork
5309 165 is sleeping
5309 154 is sleeping
5310 15 has taken a fork
5311 53 is thinking
5312 54 has taken a fork
5313 191 is eating
5313 61 has taken a fork
5313 195 is eating
5313 193 is eating
5313 167 is sleeping
5313 157 is sleeping
5313 164 is sleeping
5313 161 is sleeping
5314 190 is eating
5315 19 has taken a fork
5317 199 is eating
5317 198 is eating
5317 192 is eating
5318 18 has taken a fork
5319 56 has taken a fork
5320 7 has taken a fork
5322 33 has taken a fork
5323 27 has taken a fork
5324 63 is thinking
5325 69 has taken a fork
5325 65 has taken a fork
5329 21 has taken a fork
5330 200 is eating
5331 197 is eating
5331 13 is eating
5331 68 is thinking
5333 57 is thinking
5334 26 has taken a fork
5336 72 is thinking
5336 66 is thinking
5337 2 is eating
5338 29 has taken a fork
5339 59 is thinking
5341 58 is thinking
5342 60 is thinking
5344 30 has taken a fork
5348 45 has taken a fork
5348 79 is thinking
5349 70 is thinking
5349 81 is thinking
5349 73 is thinking
5349 71 is thinking
5350 74 is thinking
5350 34 has taken a fork
5351 78 is thinking
5352 75 is thinking
5352 77 is thinking
5352 89 is thinking
5352 83 is thinking
5353 85 is thinking
5354 76 is thinking
5354 84 is thinking
5355 36 has taken a fork
5356 32 has taken a fork
5356 87 is thinking
5356 86 is thinking
5357 82 is thinking
5357 35 has taken a fork
5357 88 is thinking
5357 62 has taken a fork
5359 24 has taken a fork
5359 97 is thinking
5359 3 is eating
5359 40 has taken a fork
5360 9 is eating
5361 93 is thinking
5363 31 has taken a fork
5363 80 is thinking
5364 1 is eating
5365 25 has taken a fork
5366 100 is thinking
5367 28 has taken a fork
5369 48 has taken a fork
5370 42 has taken a fork
5371 44 has taken a fork
5371 67 has taken a fork
5372 91 is thinking
5373 96 is thinking
5373 103 is thinking
5374 94 is thinking
5375 99 is thinking
5376 98 is thinking
5376 92 is thinking
5377 95 is thinking
5377 158 is sleeping
5378 90 is thinking
5378 166 is sleeping
5379 102 is thinking
5380 6 is eating
5381 38 has taken a fork
5381 39 has taken a fork
5381 51 has taken a fork
5381 37 has taken a fork
5382 41 has taken a fork
5383 52 has taken a fork
5383 11 is eating
5383 43 has taken a fork
5384 4 is eating
5384 64 has taken a fork
5384 46 has taken a fork
5387 10 is eating
5388 162 is sleeping
5388 175 is sleeping
5388 160 is sleeping
5389 8 is eating
5389 47 has taken a fork
5390 55 has taken a fork
5391 12 is eating
5392 5 is eating
5393 16 is eating
5396 170 is sleeping
5396 17 is eating
5396 14 is eating
5396 20 is eating
5396 50 has taken a fork
5397 171 is sleeping
5397 49 has taken a fork
5397 22 is eating
5397 23 is eating
5397 15 is eating
5398 53 has taken a fork
5398 54 has taken a fork
5398 61 has taken a fork
5399 19 is eating
5399 179 is sleeping
5400 18 is eating
5400 168 is sleeping
5400 56 has taken a fork
5401 7 is eating
5401 105 is thinking
5402 33 is eating
5403 101 is thinking
5405 27 is eating
5406 63 has taken a fork
5406 69 has taken a fork
5408 108 is thinking
5409 65 has taken a fork
5409 169 is sleeping
5409 177 is sleeping
5409 173 is sleeping
5409 172 is sleeping
5409 185 is sleeping
5410 180 is sleeping
5410 174 is sleeping
5410 183 is sleeping
5411 21 is eating
5412 178 is sleeping
5413 68 has taken a fork
5414 181 is sleeping
5414 176 is sleeping
5414 184 is sleeping
5414 57 has taken a fork
5414 26 is eating
5414 196 is sleeping
5414 115 is thinking
5416 72 has taken a fork
5416 66 has taken a fork
5416 194 is sleeping
5417 29 is eating
5420 59 has taken a fork
5420 186 is sleeping
5420 189 is sleeping
5420 182 is sleeping
5420 187 is sleeping
5420 188 is sleeping
5421 58 has taken a fork
5422 60 has taken a fork
5422 190 is sleeping
5422 195 is sleeping
5422 191 is sleeping
5422 193 is sleeping
5422 111 is thinking
5422 198 is sleeping
5422 199 is sleeping
5422 192 is sleeping
5425 30 is eating
5426 110 is thinking
5427 104 is thinking
5427 45 is eating
5428 106 is thinking
5429 79 has taken a fork
5429 70 has taken a fork
5430 81 has taken a fork
5431 73 has taken a fork
5432 71 has taken a fork
5433 74 has taken a fork
5434 34 is eating
5434 78 has taken a fork
5436 120 is thinking
5436 112 is thinking
5436 75 has taken a fork
5438 77 has taken a fork
5438 89 has taken a fork
5439 83 has taken a fork
5439 85 has taken a fork
5440 118 is thinking
5442 76 has taken a fork
5446 109 is thinking
5451 125 is thinking
5451 84 has taken a fork
5451 36 is eating
5451 13 is sleeping
5452 107 is thinking
5454 32 is eating
5454 200 is sleeping
5454 197 is sleeping
5454 87 has taken a fork
5454 86 has taken a fork
5454 117 is thinking
5454 82 has taken a fork
5454 116 is thinking
5454 35 is eating
5454 88 has taken a fork
5454 62 has taken a fork
5454 113 is thinking
5454 24 is eating
5455 97 has taken a fork
5455 40 is eating
5455 2 is sleeping
5455 114 is thinking
5455 93 has taken a fork
5455 119 is thinking
5455 31 is eating
5456 80 has taken a fork
5456 121 is thinking
5456 122 is thinking
5456 128 is thinking
5456 25 is eating
5456 100 has taken a fork
5456 28 is eating
5456 123 is thinking
5456 48 is eating
5456 42 is eating
5456 44 is eating
5456 67 has taken a fork
5456 3 is sleeping
5456 91 has taken a fork
5456 126 is thinking
5457 96 has taken a fork
5457 9 is sleeping
5458 103 has taken a fork
5458 94 has taken a fork
5458 1 is sleeping
5458 99 has taken a fork
5459 98 has taken a fork
5459 92 has taken a fork
5459 95 has taken a fork
5459 138 is thinking
5459 130 is thinking
5459 90 has taken a fork
5459 102 has taken a fork
5459 38 is eating
5459 39 is eating
5459 51 is eating
5459 37 is eating
5460 41 is eating
5461 132 is thinking
5461 129 is thinking
5461 6 is sleeping
5461 43 is eating
5461 127 is thinking
5461 134 is thinking
5461 52 is eating
5461 64 is eating
5461 46 is eating
5461 137 is thinking
5462 139 is thinking
5462 11 is sleeping
5462 4 is sleeping
5462 136 is thinking
5462 131 is thinking
5462 133 is thinking
5462 143 is thinking
5462 10 is sleeping
5462 8 is sleeping
5462 47 is eating
5462 55 is eating
5462 151 is thinking
5462 142 is thinking
5462 12 is sleeping
5462 5 is sleeping
5462 16 is sleeping
5462 135 is thinking
5462 124 is thinking
5463 148 is thinking
5463 145 is thinking
5463 17 is sleeping
5463 14 is sleeping
5465 20 is sleeping
5465 50 is eating
5465 140 is thinking
5465 49 is eating
5465 22 is sleeping
5466 23 is sleeping
5466 15 is sleeping
5466 53 has taken a fork
5466 54 is eating
5466 61 is eating
5466 144 is thinking
5466 146 is thinking
5466 147 is thinking
5466 141 is thinking
5467 156 is thinking
5468 19 is sleeping
5468 18 is sleeping
5468 56 is eating
5469 150 is thinking
5470 7 is sleeping
5471 155 is thinking
5472 105 has taken a fork
5472 149 is thinking
5472 152 is thinking
5473 153 is thinking
5474 33 is sleeping
5475 101 has taken a fork
5477 159 is thinking
5478 163 is thinking
5478 27 is sleeping
5478 63 has taken a fork
5478 69 is eating
5479 108 has taken a fork
5479 165 is thinking
5479 65 is eating
5481 154 is thinking
5481 21 is sleeping
5482 164 is thinking
5482 157 is thinking
5482 167 is thinking
5482 161 is thinking
5482 68 has taken a fork
5482 57 has taken a fork
5483 26 is sleeping
5483 115 has taken a fork
5483 72 has taken a fork
5483 66 has taken a fork
5483 29 is sleeping
5483 59 has taken a fork
5483 58 has taken a fork
5483 60 has taken a fork
5484 111 has taken a fork
5484 30 is sleeping
5484 110 has taken a fork
5484 104 has taken a fork
5485 45 is sleeping
5485 106 has taken a fork
5485 79 has taken a fork
5485 70 has taken a fork
5485 81 has taken a fork
5485 73 has taken a fork
5485 71 has taken a fork
5485 74 has taken a fork
5485 34 is sleeping
5485 78 has taken a fork
5485 120 has taken a fork
5485 112 has taken a fork
5485 75 has taken a fork
5485 77 has taken a fork
5485 89 has taken a fork
5485 83 has taken a fork
5485 85 has taken a fork
5485 118 has taken a fork
5485 76 has taken a fork
5487 109 has taken a fork
5487 125 has taken a fork
5487 84 has taken a fork
5487 36 is sleeping
5487 107 has taken a fork
5487 32 is sleeping
5487 87 has taken a fork
5487 86 has taken a fork
5487 117 has taken a fork
5487 82 has taken a fork
5487 116 has taken a fork
5488 35 is sleeping
5488 88 has taken a fork
5488 62 is eating
5488 113 has taken a fork
5488 24 is sleeping
5488 97 has taken a fork
5489 40 is sleeping
5489 114 has taken a fork
5489 93 has taken a fork
5489 119 has taken a fork
5489 31 is sleeping
5489 80 has taken a fork
5490 121 has taken a fork
5490 122 has taken a fork
5490 128 has taken a fork
5490 25 is sleeping
5490 100 has taken a fork
5490 28 is sleeping
5490 123 has taken a fork
5491 48 is sleeping
5491 42 is sleeping
5491 44 is sleeping
5491 67 is eating
5492 91 has taken a fork
5492 126 has taken a fork
5492 96 has taken a fork
5493 103 has taken a fork
5494 94 has taken a fork
5494 99 has taken a fork
5496 98 has taken a fork
5496 92 has taken a fork
5496 95 has taken a fork
5496 138 has taken a fork
5496 130 has taken a fork
5496 90 has taken a fork
5496 102 has taken a fork
5496 38 is sleeping
5496 39 is sleeping
5496 51 is sleeping
5496 37 is sleeping
5497 41 is sleeping
5497 132 has taken a fork
5497 129 has taken a fork
5498 43 is sleeping
5498 127 has taken a fork
5498 134 has taken a fork
5498 52 is sleeping
5498 64 is sleeping
5498 46 is sleeping
5499 137 has taken a fork
5499 139 has taken a fork
5499 136 has taken a fork
5499 131 has taken a fork
5499 133 has taken a fork
5499 143 has taken a fork
5499 47 is sleeping
5499 55 is sleeping
5499 151 has taken a fork
5499 142 has taken a fork
5499 135 has taken a fork
5499 124 has taken a fork
5501 148 has taken a fork
5502 145 has taken a fork
5502 50 is sleeping
5502 140 has taken a fork
5502 49 is sleeping
5502 53 is eating
5502 54 is sleeping
5502 61 is sleeping
5502 144 has taken a fork
5502 146 has taken a fork
5502 147 has taken a fork
5502 141 has taken a fork
5504 156 has taken a fork
5504 56 is sleeping
5505 150 has taken a fork
5506 155 has taken a fork
5507 105 has taken a fork
5508 149 has taken a fork
5509 152 has taken a fork
5509 153 has taken a fork
5511 101 has taken a fork
5512 158 is thinking
5512 159 has taken a fork
5512 166 is thinking
5513 163 has taken a fork
5513 63 is eating
5513 69 is sleeping
5513 108 has taken a fork
5513 165 has taken a fork
5513 65 is sleeping
5513 154 has taken a fork
5513 68 is eating
5513 57 is eating
5514 115 has taken a fork
5514 72 is eating
5514 66 is eating
5514 59 is eating
5514 58 is eating
5514 60 is eating
5516 111 has taken a fork
5517 110 has taken a fork
5517 104 has taken a fork
5519 106 has taken a fork
5519 79 is eating
5519 70 is eating
5519 81 is eating
5520 73 is eating
5520 71 is eating
5520 74 is eating
5521 78 is eating
5521 120 has taken a fork
5522 112 has taken a fork
5522 75 is eating
5523 77 is eating
5523 89 is eating
5523 83 is eating
5523 85 is eating
5523 118 has taken a fork
5523 76 is eating
5523 109 has taken a fork
5523 125 has taken a fork
5523 84 is eating
5523 107 has taken a fork
5523 87 is eating
5523 86 is eating
5523 117 has taken a fork
5523 82 is eating
5524 116 has taken a fork
5525 175 is thinking
5525 160 is thinking
5526 162 is thinking
5526 88 is eating
5526 62 is sleeping
5527 113 has taken a fork
5527 164 has taken a fork
5527 97 is eating
5527 114 has taken a fork
5527 93 is eating
5527 119 has taken a fork
5527 80 is eating
5528 121 has taken a fork
5528 122 has taken a fork
5529 128 has taken a fork
5529 100 is eating
5529 123 has taken a fork
5530 91 is eating
5530 126 has taken a fork
5531 96 is eating
5531 67 is sleeping
5533 157 has taken a fork
5534 103 is eating
5535 94 is eating
5535 99 is eating
5537 98 is eating
5538 170 is thinking
5539 92 is eating
5540 95 is eating
5540 138 has taken a fork
5540 130 has taken a fork
5540 90 is eating
5540 102 is eating
5540 171 is thinking
5540 132 has taken a fork
5540 129 has taken a fork
5540 127 has taken a fork
5540 134 has taken a fork
5542 179 is thinking
5542 137 has taken a fork
5543 139 has taken a fork
5543 136 has taken a fork
5543 131 has taken a fork
5544 133 has taken a fork
5544 143 has taken a fork
5544 151 has taken a fork
5544 142 has taken a fork
5544 135 has taken a fork
5544 124 has taken a fork
5544 168 is thinking
5545 148 has taken a fork
5546 145 has taken a fork
5546 140 has taken a fork
5546 144 has taken a fork
5546 146 has taken a fork
5546 141 has taken a fork
5546 147 has taken a fork
5548 156 has taken a fork
5548 150 has taken a fork
5549 155 has taken a fork
5549 53 is sleeping
5549 105 is eating
5549 167 has taken a fork
5550 149 has taken a fork
5550 173 is thinking
5550 169 is thinking
5550 177 is thinking
5550 185 is thinking
5550 172 is thinking
5550 152 has taken a fork
5551 153 has taken a fork
5551 183 is thinking
5551 180 is thinking
5551 174 is thinking
5551 101 is eating
5551 178 is thinking
5551 159 has taken a fork
5551 163 has taken a fork
5551 108 is eating
5552 165 has taken a fork
5552 154 has taken a fork
5552 181 is thinking
5552 196 is thinking
5552 115 is eating
5552 184 is thinking
5552 176 is thinking
5552 111 is eating
5554 110 is eating
5554 194 is thinking
5555 104 is eating
5555 63 is sleeping
5555 161 has taken a fork
5555 106 is eating
5555 188 is thinking
5556 186 is thinking
5557 187 is thinking
5557 182 is thinking
5558 189 is thinking
5558 120 is eating
5558 199 is thinking
5558 193 is thinking
5558 68 is sleeping
5558 158 has taken a fork
5558 191 is thinking
5559 112 is eating
5559 198 is thinking
5560 190 is thinking
5561 192 is thinking
5561 195 is thinking
5562 57 is sleeping
5562 118 is eating
5562 109 is eating
5562 125 is eating
5562 107 is eating
5562 117 is eating
5562 166 has taken a fork
5562 116 is eating
5562 66 is sleeping
5562 72 is sleeping
5562 175 has taken a fork
5562 160 has taken a fork
5562 113 is eating
5562 164 has taken a fork
5563 59 is sleeping
5563 162 has taken a fork
5563 114 is eating
5563 119 is eating
5563 60 is sleeping
5563 58 is sleeping
5563 121 is eating
5563 122 is eating
5564 128 is eating
5564 123 is eating
5564 126 is eating
5564 157 has taken a fork
5564 79 is sleeping
5564 70 is sleeping
5564 71 is sleeping
5564 81 is sleeping
5564 74 is sleeping
5564 73 is sleeping
5564 78 is sleeping
5565 75 is sleeping
5565 77 is sleeping
5565 89 is sleeping
5565 83 is sleeping
5565 85 is sleeping
5565 76 is sleeping
5565 170 has taken a fork
5565 84 is sleeping
5566 82 is sleeping
5566 138 is eating
5566 87 is sleeping
5566 130 is eating
5566 86 is sleeping
5566 132 is eating
5566 129 is eating
5566 127 is eating
5566 134 is eating
5568 171 has taken a fork
5569 179 has taken a fork
5569 88 is sleeping
5570 137 is eating
5571 139 is eating
5571 97 is sleeping
5571 136 is eating
5571 131 is eating
5571 133 is eating
5572 143 is eating
5572 151 is eating
5572 93 is sleeping
5572 142 is eating
5573 135 is eating
5573 124 is eating
5573 168 has taken a fork
5573 80 is sleeping
5574 148 is eating
5575 145 is eating
5575 140 is eating
5575 144 is eating
5576 146 is eating
5576 141 is eating
5576 147 is eating
5576 156 is eating
5576 100 is sleeping
5576 150 is eating
5577 155 is eating
5577 167 has taken a fork
5580 149 is eating
5582 173 has taken a fork
5583 169 has taken a fork
5588 177 has taken a fork
5589 185 has taken a fork
5590 172 has taken a fork
5590 152 is eating
5593 91 is sleeping
5594 13 is thinking
5594 153 is eating
5596 183 has taken a fork
5596 180 has taken a fork
5596 174 has taken a fork
5596 178 has taken a fork
5596 159 is eating
5596 163 is eating
5596 165 is eating
5596 154 is eating
5596 181 has taken a fork
5597 196 has taken a fork
5598 184 has taken a fork
5599 176 has taken a fork
5601 96 is sleeping
5603 200 is thinking
5603 197 is thinking
5604 103 is sleeping
5605 194 has taken a fork
5606 2 is thinking
5606 94 is sleeping
5607 161 has taken a fork
5608 188 has taken a fork
5608 3 is thinking
5609 186 has taken a fork
5609 99 is sleeping
5609 9 is thinking
5610 187 has taken a fork
5610 98 is sleeping
5611 182 has taken a fork
5611 92 is sleeping
5612 189 has taken a fork
5613 1 is thinking
5613 199 has taken a fork
5614 193 has taken a fork
5614 158 has taken a fork
5615 191 has taken a fork
5615 95 is sleeping
5615 90 is sleeping
5615 198 has taken a fork
5615 102 is sleeping
5615 190 has taken a fork
5615 6 is thinking
5615 192 has taken a fork
5615 195 has taken a fork
5615 4 is thinking
5617 16 is thinking
5617 12 is thinking
5617 5 is thinking
5617 10 is thinking
5617 11 is thinking
5618 8 is thinking
5618 166 has taken a fork
5618 175 has taken a fork
5619 160 has taken a fork
5619 164 is eating
5619 14 is thinking
5619 162 has taken a fork
5619 17 is thinking
5619 157 is eating
5619 22 is thinking
5619 20 is thinking
5620 170 has taken a fork
5620 23 is thinking
5620 15 is thinking
5620 18 is thinking
5620 171 has taken a fork
5620 19 is thinking
5620 179 has taken a fork
5620 7 is thinking
5621 168 has taken a fork
5621 33 is thinking
5621 105 is sleeping
5621 167 is eating
5621 27 is thinking
5621 108 is sleeping
5621 101 is sleeping
5621 173 has taken a fork
5622 21 is thinking
5622 115 is sleeping
5622 26 is thinking
5623 169 has taken a fork
5623 29 is thinking
5623 30 is thinking
5623 36 is thinking
5623 35 is thinking
5623 32 is thinking
5623 24 is thinking
5624 177 has taken a fork
5624 34 is thinking
5624 45 is thinking
5624 40 is thinking
5625 31 is thinking
5625 185 has taken a fork
5625 172 has taken a fork
5625 28 is thinking
5625 110 is sleeping
5625 111 is sleeping
5625 25 is thinking
5625 42 is thinking
5625 48 is thinking
5625 106 is sleeping
5625 104 is sleeping
5625 44 is thinking
5625 13 has taken a fork
5625 37 is thinking
5625 39 is thinking
5625 38 is thinking
5625 183 has taken a fork
5626 180 has taken a fork
5626 174 has taken a fork
5626 178 has taken a fork
5626 51 is thinking
5626 181 has taken a fork
5626 41 is thinking
5627 120 is sleeping
5627 196 has taken a fork
5627 64 is thinking
5627 112 is sleeping
5627 46 is thinking
5627 43 is thinking
5627 184 has taken a fork
5627 52 is thinking
5627 47 is thinking
5628 176 has taken a fork
5628 55 is thinking
5628 118 is sleeping
5629 49 is thinking
5629 61 is thinking
5630 200 has taken a fork
5630 50 is thinking
5630 54 is thinking
5630 197 has taken a fork
5631 109 is sleeping
5631 56 is thinking
5631 194 has taken a fork
5631 2 has taken a fork
5632 125 is sleeping
5632 107 is sleeping
5632 161 is eating
5632 116 is sleeping
5632 117 is sleeping
5632 113 is sleeping
5633 188 has taken a fork
5633 3 has taken a fork
5633 119 is sleeping
5633 114 is sleeping
5633 186 has taken a fork
5633 9 has taken a fork
5633 128 is sleeping
5633 123 is sleeping
5633 122 is sleeping
5633 126 is sleeping
5633 187 has taken a fork
5633 121 is sleeping
5634 182 has taken a fork
5634 189 has taken a fork
5634 130 is sleeping
5634 138 is sleeping
5634 65 is thinking
5634 1 has taken a fork
5634 199 has taken a fork
5635 69 is thinking
5635 132 is sleeping
5635 127 is sleeping
5635 134 is sleeping
5635 129 is sleeping
5635 193 has taken a fork
5635 158 is eating
5636 191 has taken a fork
5636 198 has taken a fork
5636 190 has taken a fork
5636 6 has taken a fork
5636 192 has taken a fork
5637 195 has taken a fork
5637 4 has taken a fork
5637 137 is sleeping
5638 139 is sleeping
5638 131 is sleeping
5638 136 is sleeping
5638 142 is sleeping
5638 151 is sleeping
5638 133 is sleeping
5638 143 is sleeping
5639 16 has taken a fork
5641 12 has taken a fork
5641 5 has taken a fork
5643 10 has taken a fork
5643 11 has taken a fork
5643 124 is sleeping
5643 135 is sleeping
5643 8 has taken a fork
5643 166 is eating
5643 175 is eating
5643 160 is eating
5643 148 is sleeping
5645 14 has taken a fork
5645 162 is eating
5646 145 is sleeping
5647 17 has taken a fork
5648 22 has taken a fork
5648 20 has taken a fork
5648 140 is sleeping
5649 170 is eating
5649 23 has taken a fork
5650 15 has taken a fork
5652 18 has taken a fork
5652 171 is eating
5652 19 has taken a fork
5652 179 is eating
5652 141 is sleeping
5653 7 has taken a fork
5654 168 is eating
5654 147 is sleeping
5654 144 is sleeping
5654 146 is sleeping
5655 33 has taken a fork
5655 27 has taken a fork
5656 173 is eating
5657 156 is sleeping
5657 21 has taken a fork
5657 26 has taken a fork
5657 150 is sleeping
5657 169 is eating
5658 29 has taken a fork
5659 30 has taken a fork
5660 36 has taken a fork
5661 35 has taken a fork
5662 32 has taken a fork
5663 24 has taken a fork
5663 155 is sleeping
5664 177 is eating
5665 34 has taken a fork
5666 45 has taken a fork
5667 40 has taken a fork
5667 31 has taken a fork
5667 185 is eating
5668 172 is eating
5669 28 has taken a fork
5669 25 has taken a fork
5669 42 has taken a fork
5669 48 has taken a fork
5669 44 has taken a fork
5670 13 has taken a fork
5670 37 has taken a fork
5670 39 has taken a fork
5671 38 has taken a fork
5672 183 is eating
5672 149 is sleeping
5673 180 is eating
5673 174 is eating
5674 178 is eating
5674 62 is thinking
5674 51 has taken a fork
5675 181 is eating
5676 41 has taken a fork
5677 196 is eating
5679 64 has taken a fork
5680 46 has taken a fork
5680 43 has taken a fork
5680 184 is eating
5680 52 has taken a fork
5680 47 has taken a fork
5683 176 is eating
5683 55 has taken a fork
5683 49 has taken a fork
5684 200 has taken a fork
5684 197 has taken a fork
5684 152 is sleeping
5685 67 is thinking
5687 61 has taken a fork
5687 194 is eating
5687 2 has taken a fork
5687 188 is eating
5687 3 has taken a fork
5687 186 is eating
5688 9 has taken a fork
5688 187 is eating
5689 182 is eating
5690 153 is sleeping
5690 189 is eating
5690 1 has taken a fork
5691 199 is eating
5691 50 has taken a fork
5692 193 is eating
5693 191 is eating
5693 198 is eating
5694 190 is eating
5694 6 has taken a fork
5695 192 is eating
5696 195 is eating
5697 163 is sleeping
5697 159 is sleeping
5697 4 has taken a fork
5697 165 is sleeping
5698 56 has taken a fork
5700 65 has taken a fork
5700 54 has taken a fork
5700 154 is sleeping
5704 69 has taken a fork
5704 16 has taken a fork
5704 12 has taken a fork
5704 5 has taken a fork
5705 10 has taken a fork
5705 11 has taken a fork
5705 8 has taken a fork
5706 14 has taken a fork
5706 17 has taken a fork
5706 22 has taken a fork
5706 20 has taken a fork
5707 23 has taken a fork
5707 53 is thinking
5707 15 has taken a fork
5707 18 has taken a fork
5707 19 has taken a fork
5707 7 has taken a fork
5707 164 is sleeping
5710 63 is thinking
5710 33 has taken a fork
5710 27 has taken a fork
5710 157 is sleeping
5710 21 has taken a fork
5710 26 has taken a fork
5711 68 is thinking
5711 29 has taken a fork
5711 30 has taken a fork
5711 36 has taken a fork
5711 35 has taken a fork
5712 57 is thinking
5712 66 is thinking
5714 72 is thinking
5714 32 has taken a fork
5714 58 is thinking
5714 59 is thinking
5715 60 is thinking
5715 24 has taken a fork
5715 70 is thinking
5715 78 is thinking
5715 79 is thinking
5715 71 is thinking
5715 74 is thinking
5715 73 is thinking
5716 81 is thinking
5716 83 is thinking
5716 85 is thinking
5716 77 is thinking
5717 89 is thinking
5718 75 is thinking
5719 84 is thinking
5720 167 is sleeping
5720 76 is thinking
5720 34 has taken a fork
5720 82 is thinking
5721 86 is thinking
5721 87 is thinking
5721 45 has taken a fork
5721 40 has taken a fork
5721 31 has taken a fork
5721 88 is thinking
5721 28 has taken a fork
5721 25 has taken a fork
5721 42 has taken a fork
5721 48 has taken a fork
5722 44 has taken a fork
5722 13 is eating
5722 37 has taken a fork
5722 39 has taken a fork
5722 97 is thinking
5723 38 has taken a fork
5723 93 is thinking
5724 80 is thinking
5724 62 has taken a fork
5725 51 has taken a fork
5725 161 is sleeping
5726 100 is thinking
5726 41 has taken a fork
5726 158 is sleeping
5726 64 has taken a fork
5726 46 has taken a fork
5726 43 has taken a fork
5726 52 has taken a fork
5726 47 has taken a fork
5726 166 is sleeping
5727 55 has taken a fork
5727 160 is sleeping
5727 49 has taken a fork
5727 175 is sleeping
5727 200 is eating
5728 197 is eating
5728 67 has taken a fork
5728 162 is sleeping
5728 61 has taken a fork
5729 2 is eating
5729 3 is eating
5729 9 is eating
5729 1 is eating
5729 50 has taken a fork
5729 91 is thinking
5729 170 is sleeping
5730 6 is eating
5730 171 is sleeping
5730 179 is sleeping
5732 4 is eating
5732 56 has taken a fork
5732 168 is sleeping
5732 65 has taken a fork
5733 54 has taken a fork
5734 96 is thinking
5734 173 is sleeping
5734 103 is thinking
5734 169 is sleeping
5734 69 has taken a fork
5735 16 is eating
5735 12 is eating
5735 5 is eating
5735 10 is eating
5735 11 is eating
5736 8 is eating
5737 14 is eating
5737 17 is eating
5738 22 is eating
5738 20 is eating
5738 23 is eating
5738 177 is sleeping
5739 94 is thinking
5739 53 has taken a fork
5740 15 is eating
5740 18 is eating
5740 19 is eating
5740 7 is eating
5740 172 is sleeping
5741 99 is thinking
5741 63 has taken a fork
5741 98 is thinking
5741 33 is eating
5741 27 is eating
5741 21 is eating
5741 26 is eating
5743 185 is sleeping
5743 68 has taken a fork
5744 29 is eating
5745 30 is eating
5745 36 is eating
5745 35 is eating
5745 92 is thinking
5746 57 has taken a fork
5747 183 is sleeping
5747 174 is sleeping
5748 180 is sleeping
5749 66 has taken a fork
5750 178 is sleeping
5751 181 is sleeping
5751 32 is eating
5751 72 has taken a fork
5752 58 has taken a fork
5753 59 has taken a fork
5753 102 is thinking
5753 90 is thinking
5753 60 has taken a fork
5754 95 is thinking
5754 24 is eating
5754 196 is sleeping
5754 70 has taken a fork
5754 78 has taken a fork
5754 79 has taken a fork
5754 71 has taken a fork
5754 74 has taken a fork
5755 73 has taken a fork
5756 81 has taken a fork
5757 83 has taken a fork
5758 184 is sleeping
5759 85 has taken a fork
5761 77 has taken a fork
5764 89 has taken a fork
5767 176 is sleeping
5770 84 has taken a fork
5770 75 has taken a fork
5771 76 has taken a fork
5771 34 is eating
5772 82 has taken a fork
5772 101 is thinking
5772 188 is sleeping
5773 86 has taken a fork
5774 194 is sleeping
5774 105 is thinking
5774 45 is eating
5774 40 is eating
5774 31 is eating
5774 28 is eating
5774 25 is eating
5774 42 is eating
5775 108 is thinking
5776 87 has taken a fork
5776 48 is eating
5776 44 is eating
5776 186 is sleeping
5776 37 is eating
5777 39 is eating
5777 115 is thinking
5777 88 has taken a fork
5777 182 is sleeping
5777 38 is eating
5777 187 is sleeping
5778 97 has taken a fork
5779 93 has taken a fork
5779 189 is sleeping
5779 80 has taken a fork
5779 62 has taken a fork
5779 104 is thinking
5779 110 is thinking
5781 111 is thinking
5781 199 is sleeping
5783 51 is eating
5783 193 is sleeping
5784 106 is thinking
5784 191 is sleeping
5786 100 has taken a fork
5786 41 is eating
5789 64 is eating
5789 46 is eating
5789 43 is eating
5790 52 is eating
5790 47 is eating
5790 190 is sleeping
5790 198 is sleeping
5792 120 is thinking
5793 55 is eating
5797 112 is thinking
5798 49 is eating
5799 67 has taken a fork
5800 192 is sleeping
5801 61 is eating
5802 195 is sleeping
5803 50 is eating
5803 91 has taken a fork
5804 118 is thinking
5805 116 is thinking
5806 109 is thinking
5806 117 is thinking
5806 113 is thinking
5807 125 is thinking
5807 107 is thinking
5809 56 is eating
5810 65 is eating
5810 121 is thinking
5811 54 is eating
5812 123 is thinking
5814 122 is thinking
5814 128 is thinking
5815 114 is thinking
5816 126 is thinking
5816 119 is thinking
5816 96 has taken a fork
5818 103 has taken a fork
5820 69 is eating
5822 138 is thinking
5822 127 is thinking
5824 129 is thinking
5826 134 is thinking
5828 130 is thinking
5828 132 is thinking
5828 137 is thinking
5829 139 is thinking
5829 131 is thinking
5829 143 is thinking
5829 133 is thinking
5830 151 is thinking
5830 136 is thinking
5831 142 is thinking
5832 94 has taken a fork
5832 53 has taken a fork
5832 99 has taken a fork
5832 63 has taken a fork
5832 98 has taken a fork
5832 148 is thinking
5833 135 is thinking
5833 124 is thinking
5833 68 has taken a fork
5833 145 is thinking
5833 57 has taken a fork
5834 140 is thinking
5834 66 has taken a fork
5834 72 has taken a fork
5834 58 has taken a fork
5834 59 has taken a fork
5834 60 has taken a fork
5835 141 is thinking
5835 144 is thinking
5835 147 is thinking
5836 70 has taken a fork
5836 78 has taken a fork
5836 79 has taken a fork
5836 146 is thinking
5836 71 has taken a fork
5836 74 has taken a fork
5836 73 has taken a fork
5836 81 has taken a fork
5836 150 is thinking
5837 156 is thinking
5837 83 has taken a fork
5837 13 is sleeping
5837 92 has taken a fork
5837 85 has taken a fork
5837 77 has taken a fork
5837 155 is thinking
5837 89 has taken a fork
5837 197 is sleeping
5837 200 is sleeping
5837 102 has taken a fork
5837 2 is sleeping
5837 95 has taken a fork
5838 3 is sleeping
5838 9 is sleeping
5838 90 has taken a fork
5838 84 has taken a fork
5838 75 has taken a fork
5838 1 is sleeping
5838 76 has taken a fork
5838 149 is thinking
5838 82 has taken a fork
5838 101 has taken a fork
5839 6 is sleeping
5839 86 has taken a fork
5839 105 has taken a fork
5839 4 is sleeping
5839 108 has taken a fork
5839 5 is sleeping
5840 12 is sleeping
5840 10 is sleeping
5840 87 has taken a fork
5840 16 is sleeping
5840 11 is sleeping
5840 115 has taken a fork
5840 8 is sleeping
5840 88 has taken a fork
5840 17 is sleeping
5840 97 has taken a fork
5841 14 is sleeping
5841 20 is sleeping
5842 23 is sleeping
5842 22 is sleeping
5842 93 has taken a fork
5842 80 has taken a fork
5842 62 is eating
5843 104 has taken a fork
5843 110 has taken a fork
5843 19 is sleeping
5844 7 is sleeping
5844 33 is sleeping
5844 111 has taken a fork
5844 18 is sleeping
5844 15 is sleeping
5844 27 is sleeping
5844 26 is sleeping
5844 21 is sleeping
5844 35 is sleeping
5844 36 is sleeping
5844 29 is sleeping
5844 106 has taken a fork
5844 30 is sleeping
5844 152 is thinking
5844 100 has taken a fork
5845 32 is sleeping
5845 24 is sleeping
5845 153 is thinking
5845 120 has taken a fork
5846 159 is thinking
5846 163 is thinking
5846 165 is thinking
5846 112 has taken a fork
5846 34 is sleeping
5846 45 is sleeping
5846 40 is sleeping
5846 67 is eating
5846 28 is sleeping
5846 25 is sleeping
5846 154 is thinking
5846 42 is sleeping
5846 31 is sleeping
5846 44 is sleeping
5846 39 is sleeping
5847 37 is sleeping
5847 48 is sleeping
5847 38 is sleeping
5847 91 has taken a fork
5847 118 has taken a fork
5847 51 is sleeping
5847 116 has taken a fork
5847 109 has taken a fork
5847 113 has taken a fork
5848 117 has taken a fork
5849 164 is thinking
5850 125 has taken a fork
5850 41 is sleeping
5850 107 has taken a fork
5851 43 is sleeping
5851 46 is sleeping
5851 47 is sleeping
5851 52 is sleeping
5852 157 is thinking
5852 64 is sleeping
5853 121 has taken a fork
5853 123 has taken a fork
5853 55 is sleeping
5853 49 is sleeping
5853 122 has taken a fork
5853 128 has taken a fork
5853 114 has taken a fork
5853 61 is sleeping
5853 126 has taken a fork
5854 119 has taken a fork
5854 96 has taken a fork
5854 103 has taken a fork
5854 167 is thinking
5855 50 is sleeping
5855 138 has taken a fork
5855 127 has taken a fork
5855 56 is sleeping
5855 65 is sleeping
5855 129 has taken a fork
5855 161 is thinking
5856 166 is thinking
5856 158 is thinking
5856 54 is sleeping
5857 134 has taken a fork
5858 175 is thinking
5860 160 is thinking
5862 162 is thinking
5865 130 has taken a fork
5866 137 has taken a fork
5866 171 is thinking
5867 69 is sleeping
5868 132 has taken a fork
5869 179 is thinking
5869 170 is thinking
5869 139 has taken a fork
5869 168 is thinking
5869 94 has taken a fork
5869 53 is eating
5869 99 has taken a fork
5869 63 is eating
5870 98 has taken a fork
5872 131 has taken a fork
5873 143 has taken a fork
5874 133 has taken a fork
5874 151 has taken a fork
5875 136 has taken a fork
5875 142 has taken a fork
5875 148 has taken a fork
5875 68 is eating
5876 124 has taken a fork
5876 57 is eating
5876 169 is thinking
5876 173 is thinking
5876 145 has taken a fork
5877 140 has taken a fork
5877 66 is eating
5877 72 is eating
5878 135 has taken a fork
5878 58 is eating
5878 59 is eating
5878 60 is eating
5879 141 has taken a fork
5881 144 has taken a fork
5883 147 has taken a fork
5883 70 is eating
5883 78 is eating
5883 79 is eating
5883 146 has taken a fork
5884 71 is eating
5884 74 is eating
5884 73 is eating
5884 81 is eating
5884 150 has taken a fork
5884 156 has taken a fork
5884 83 is eating
5884 92 has taken a fork
5884 85 is eating
5884 77 is eating
5885 155 has taken a fork
5886 89 is eating
5886 102 has taken a fork
5887 95 has taken a fork
5888 177 is thinking
5889 90 has taken a fork
5889 84 is eating
5889 75 is eating
5889 76 is eating
5889 149 has taken a fork
5890 82 is eating
5890 101 has taken a fork
5890 86 is eating
5890 105 has taken a fork
5890 108 has taken a fork
5890 87 is eating
5891 172 is thinking
5891 115 has taken a fork
5892 88 is eating
5892 97 is eating
5894 93 is eating
5894 80 is eating
5894 104 has taken a fork
5894 185 is thinking
5895 110 has taken a fork
5895 111 has taken a fork
5896 106 has taken a fork
5896 152 has taken a fork
5897 100 is eating
5897 153 has taken a fork
5898 120 has taken a fork
5898 159 has taken a fork
5898 163 has taken a fork
5899 165 has taken a fork
5903 112 has taken a fork
5905 154 has taken a fork
5906 183 is thinking
5906 91 is eating
5907 174 is thinking
5907 118 has taken a fork
5907 116 has taken a fork
5907 109 has taken a fork
5907 113 has taken a fork
5908 180 is thinking
5908 117 has taken a fork
5908 178 is thinking
5909 125 has taken a fork
5909 107 has taken a fork
5909 181 is thinking
5910 121 has taken a fork
5910 123 has taken a fork
5911 122 has taken a fork
5911 128 has taken a fork
5914 114 has taken a fork
5914 126 has taken a fork
5915 196 is thinking
5916 119 has taken a fork
5916 96 is eating
5916 103 is eating
5916 138 has taken a fork
5917 127 has taken a fork
5917 129 has taken a fork
5919 134 has taken a fork
5919 62 is sleeping
5921 184 is thinking
5922 164 has taken a fork
5922 130 has taken a fork
5923 67 is sleeping
5924 137 has taken a fork
5925 176 is thinking
5926 157 has taken a fork
5926 132 has taken a fork
5926 139 has taken a fork
5926 94 is eating
5926 99 is eating
5926 98 is eating
5926 188 is thinking
5926 131 has taken a fork
5926 143 has taken a fork
5928 133 has taken a fork
5929 194 is thinking
5929 151 has taken a fork
5929 136 has taken a fork
5929 142 has taken a fork
5930 148 has taken a fork
5933 124 has taken a fork
5934 186 is thinking
5934 145 has taken a fork
5936 140 has taken a fork
5939 187 is thinking
5941 182 is thinking
5942 135 has taken a fork
5942 189 is thinking
5944 141 has taken a fork
5944 199 is thinking
5944 144 has taken a fork
5944 147 has taken a fork
5946 193 is thinking
5946 146 has taken a fork
5946 150 has taken a fork
5947 156 has taken a fork
5947 92 is eating
5947 191 is thinking
5947 155 has taken a fork
5947 102 is eating
5947 95 is eating
5947 53 is sleeping
5947 167 has taken a fork
5947 90 is eating
5947 149 has taken a fork
5947 63 is sleeping
5947 101 is eating
5947 105 is eating
5948 108 is eating
5948 198 is thinking
5948 190 is thinking
5948 161 has taken a fork
5949 115 is eating
5949 68 is sleeping
5949 166 has taken a fork
5949 57 is sleeping
5950 104 is eating
5950 158 has taken a fork
5950 66 is sleeping
5950 110 is eating
5950 111 is eating
5950 58 is sleeping
5950 72 is sleeping
5950 162 has taken a fork
5950 59 is sleeping
5950 106 is eating
5951 175 has taken a fork
5951 171 has taken a fork
5951 152 has taken a fork
5951 60 is sleeping
5951 153 has taken a fork
5951 179 has taken a fork
5951 120 is eating
5951 159 has taken a fork
5951 163 has taken a fork
5951 78 is sleeping
5951 79 is sleeping
5952 170 has taken a fork
5952 168 has taken a fork
5952 70 is sleeping
5952 169 has taken a fork
5953 165 has taken a fork
5953 160 has taken a fork
5953 85 is sleeping
5953 81 is sleeping
5953 77 is sleeping
5953 74 is sleeping
5953 173 has taken a fork
5953 71 is sleeping
5954 73 is sleeping
5954 83 is sleeping
5954 185 has taken a fork
5954 172 has taken a fork
5954 89 is sleeping
5954 112 is eating
5954 192 is thinking
5954 195 is thinking
5954 177 has taken a fork
5954 84 is sleeping
5954 82 is sleeping
5954 75 is sleeping
5954 76 is sleeping
5954 154 has taken a fork
5955 86 is sleeping
5955 87 is sleeping
5955 183 has taken a fork
5956 174 has taken a fork
5956 88 is sleeping
5956 118 is eating
5956 116 is eating
5956 109 is eating
5956 113 is eating
5957 97 is sleeping
5957 180 has taken a fork
5957 117 is eating
5957 178 has taken a fork
5957 93 is sleeping
5957 80 is sleeping
5957 125 is eating
5957 107 is eating
5958 181 has taken a fork
5958 121 is eating
5958 123 is eating
5958 122 is eating
5958 128 is eating
5958 100 is sleeping
5958 114 is eating
5958 126 is eating
5958 196 has taken a fork
5958 119 is eating
5958 138 is eating
5958 127 is eating
5958 129 is eating
5958 91 is sleeping
5959 134 is eating
5959 184 has taken a fork
5959 164 has taken a fork
5959 130 is eating
5959 137 is eating
5959 176 has taken a fork
5959 103 is sleeping
5959 96 is sleeping
5960 157 has taken a fork
5960 132 is eating
5960 139 is eating
5960 188 has taken a fork
5961 131 is eating
5961 143 is eating
5961 133 is eating
5961 194 has taken a fork
5961 151 is eating
5961 142 is eating
5962 136 is eating
5962 148 is eating
5962 124 is eating
5962 94 is sleeping
5962 99 is sleeping
5962 98 is sleeping
5962 186 has taken a fork
5963 145 is eating
5963 140 is eating
5963 197 is thinking
5963 13 is thinking
5965 200 is thinking
5967 2 is thinking
5969 1 is thinking
5970 9 is thinking
5970 6 is thinking
5970 4 is thinking
5970 187 has taken a fork
5971 3 is thinking
5971 12 is thinking
5971 10 is thinking
5972 16 is thinking
5972 5 is thinking
5972 8 is thinking
5973 11 is thinking
5973 17 is thinking
5973 20 is thinking
5973 182 has taken a fork
5973 22 is thinking
5973 14 is thinking
5973 23 is thinking
5973 135 is eating
5973 189 has taken a fork
5973 19 is thinking
5974 18 is thinking
5975 33 is thinking
5975 141 is eating
5976 27 is thinking
5976 15 is thinking
5978 30 is thinking
5979 199 has taken a fork
5979 26 is thinking
5979 29 is thinking
5979 21 is thinking
5979 144 is eating
5980 36 is thinking
5980 7 is thinking
5980 35 is thinking
5980 147 is eating
5981 24 is thinking
5982 32 is thinking
5984 25 is thinking
5986 45 is thinking
5987 39 is thinking
5988 44 is thinking
5988 42 is thinking
5988 31 is thinking
5990 28 is thinking
5990 40 is thinking
5990 34 is thinking
5992 193 has taken a fork
5992 146 is eating
5992 150 is eating
5993 37 is thinking
5994 51 is thinking
5994 156 is eating
5995 48 is thinking
5996 38 is thinking
5996 191 has taken a fork
5996 155 is eating
5996 167 has taken a fork
5997 149 is eating
5997 198 has taken a fork
5997 190 has taken a fork
5997 161 has taken a fork
5997 166 has taken a fork
5997 41 is thinking
5997 158 has taken a fork
5997 162 has taken a fork
5999 47 is thinking
6000 52 is thinking
6001 46 is thinking
6001 43 is thinking
6001 175 has taken a fork
6001 171 has taken a fork
6001 152 is eating
6002 153 is eating
6002 179 has taken a fork
6002 159 is eating
6002 163 is eating
6002 170 has taken a fork
6002 64 is thinking
6002 168 has taken a fork
6002 169 has taken a fork
6002 92 is sleeping
6003 55 is thinking
6005 61 is thinking
6005 49 is thinking
6006 165 is eating
6006 160 has taken a fork
6006 173 has taken a fork
6006 185 has taken a fork
6006 172 has taken a fork
6007 192 has taken a fork
6007 195 has taken a fork
6007 177 has taken a fork
6007 154 is eating
6008 65 is thinking
6008 56 is thinking
6009 50 is thinking
6011 183 has taken a fork
6011 54 is thinking
6011 174 has taken a fork
6011 180 has taken a fork
6011 102 is sleeping
6011 178 has taken a fork
6011 181 has taken a fork
6011 95 is sleeping
6012 196 has taken a fork
6012 90 is sleeping
6012 184 has taken a fork
6012 164 is eating
6012 176 has taken a fork
6012 157 is eating
6013 188 has taken a fork
6013 105 is sleeping
6013 101 is sleeping
6013 194 has taken a fork
6013 108 is sleeping
6013 186 has taken a fork
6013 115 is sleeping
6013 197 has taken a fork
6014 13 has taken a fork
6014 104 is sleeping
6014 110 is sleeping
6014 200 has taken a fork
6014 111 is sleeping
6014 2 has taken a fork
6015 106 is sleeping
6016 69 is thinking
6016 1 has taken a fork
6017 9 has taken a fork
6017 6 has taken a fork
6020 4 has taken a fork
6020 187 has taken a fork
6020 3 has taken a fork
6022 12 has taken a fork
6022 10 has taken a fork
6022 120 is sleeping
6022 16 has taken a fork
6022 5 has taken a fork
6023 182 has taken a fork
6023 189 has taken a fork
6023 112 is sleeping
6023 8 has taken a fork
6023 199 has taken a fork
6023 118 is sleeping
6023 17 has taken a fork
6024 113 is sleeping
6024 11 has taken a fork
6024 116 is sleeping
6025 109 is sleeping
6025 20 has taken a fork
6025 22 has taken a fork
6026 107 is sleeping
6026 14 has taken a fork
6026 117 is sleeping
6026 125 is sleeping
6026 19 has taken a fork
6028 23 has taken a fork
6028 121 is sleeping
6028 18 has taken a fork
6028 123 is sleeping
6028 122 is sleeping
6028 33 has taken a fork
6028 119 is sleeping
6029 126 is sleeping
6029 128 is sleeping
6029 26 has taken a fork
6029 114 is sleeping
6029 29 has taken a fork
6030 27 has taken a fork
6032 15 has taken a fork
6033 30 has taken a fork
6033 138 is sleeping
6034 127 is sleeping
6034 21 has taken a fork
6035 36 has taken a fork
6035 193 has taken a fork
6035 129 is sleeping
6035 7 has taken a fork
6035 134 is sleeping
6035 35 has taken a fork
6035 130 is sleeping
6036 137 is sleeping
6036 32 has taken a fork
6036 24 has taken a fork
6036 139 is sleeping
6039 25 has taken a fork
6039 132 is sleeping
6040 45 has taken a fork
6041 191 has taken a fork
6042 167 is eating
6042 151 is sleeping
6042 148 is sleeping
6042 136 is sleeping
6043 133 is sleeping
6043 142 is sleeping
6044 42 has taken a fork
6044 131 is sleeping
6046 40 has taken a fork
6046 143 is sleeping
6046 34 has taken a fork
6047 198 has taken a fork
6047 190 has taken a fork
6047 161 is eating
6047 166 is eating
6047 158 is eating
6048 162 is eating
6048 39 has taken a fork
6049 44 has taken a fork
6049 28 has taken a fork
6050 124 is sleeping
6050 145 is sleeping
6050 140 is sleeping
6052 31 has taken a fork
6052 37 has taken a fork
6052 51 has taken a fork
6052 175 is eating
6052 171 is eating
6052 179 is eating
6054 48 has taken a fork
6054 170 is eating
6054 168 is eating
6054 169 is eating
6055 135 is sleeping
6055 141 is sleeping
6055 41 has taken a fork
6055 38 has taken a fork
6055 160 is eating
6055 173 is eating
6055 185 is eating
6055 172 is eating
6055 192 has taken a fork
6055 195 has taken a fork
6055 177 is eating
6056 47 has taken a fork
6056 144 is sleeping
6056 147 is sleeping
6057 52 has taken a fork
6057 183 is eating
6057 174 is eating
6058 180 is eating
6058 178 is eating
6078 181 is eating
6078 196 is eating
6078 184 is eating
6078 176 is eating
6078 188 is eating
6078 194 is eating
6078 186 is eating
6078 197 has taken a fork
6078 150 is sleeping
6078 146 is sleeping
6079 13 has taken a fork
6079 200 has taken a fork
6079 43 has taken a fork
6079 46 has taken a fork
6079 2 has taken a fork
6079 156 is sleeping
6079 64 has taken a fork
6079 1 has taken a fork
6080 155 is sleeping
6080 9 has taken a fork
6080 55 has taken a fork
6080 6 has taken a fork
6081 149 is sleeping
6081 62 is thinking
6081 61 has taken a fork
6081 4 has taken a fork
6081 187 is eating
6082 3 has taken a fork
6082 12 has taken a fork
6082 10 has taken a fork
6082 16 has taken a fork
6082 5 has taken a fork
6082 182 is eating
6082 189 is eating
6082 152 is sleeping
6082 8 has taken a fork
6082 199 is eating
6082 17 has taken a fork
6082 159 is sleeping
6082 49 has taken a fork
6082 67 is thinking
6082 163 is sleeping
6083 153 is sleeping
6083 50 has taken a fork
6083 11 has taken a fork
6083 65 has taken a fork
6083 56 has taken a fork
6083 20 has taken a fork
6083 22 has taken a fork
6083 165 is sleeping
6083 14 has taken a fork
6084 54 has taken a fork
6084 19 has taken a fork
6084 154 is sleeping
6084 69 has taken a fork
6084 23 has taken a fork
6085 18 has taken a fork
6085 33 has taken a fork
6085 26 has taken a fork
6085 29 has taken a fork
6085 27 has taken a fork
6085 15 has taken a fork
6085 30 has taken a fork
6086 21 has taken a fork
6086 36 has taken a fork
6086 7 has taken a fork
6086 193 is eating
6087 35 has taken a fork
6087 32 has taken a fork
6087 164 is sleeping
6087 24 has taken a fork
6087 25 has taken a fork
6087 157 is sleeping
6087 45 has taken a fork
6087 191 is eating
6087 42 has taken a fork
6087 40 has taken a fork
6088 34 has taken a fork
6088 198 is eating
6088 53 is thinking
6088 63 is thinking
6089 190 is eating
6089 39 has taken a fork
6090 68 is thinking
6090 44 has taken a fork
6090 28 has taken a fork
6091 72 is thinking
6092 58 is thinking
6094 57 is thinking
6094 60 is thinking
6095 78 is thinking
6096 79 is thinking
6097 66 is thinking
6097 59 is thinking
6097 31 has taken a fork
6097 37 has taken a fork
6097 51 has taken a fork
6097 70 is thinking
6097 85 is thinking
6098 74 is thinking
6099 81 is thinking
6100 77 is thinking
6100 89 is thinking
6100 76 is thinking
6101 73 is thinking
6101 82 is thinking
6101 75 is thinking
6102 84 is thinking
6103 83 is thinking
6103 48 has taken a fork
6103 71 is thinking
6103 86 is thinking
6103 87 is thinking
6103 41 has taken a fork
6103 38 has taken a fork
6103 192 is eating
6103 195 is eating
6103 88 is thinking
6103 47 has taken a fork
6103 97 is thinking
6103 93 is thinking
6104 80 is thinking
6104 52 has taken a fork
6105 100 is thinking
6106 96 is thinking
6107 91 is thinking
6108 103 is thinking
6108 94 is thinking
6108 98 is thinking
6108 99 is thinking
6108 167 is sleeping
6108 161 is sleeping
6108 166 is sleeping
6108 158 is sleeping
6108 162 is sleeping
6108 171 is sleeping
6108 175 is sleeping
6108 179 is sleeping
6109 160 is sleeping
6109 169 is sleeping
6109 168 is sleeping
6109 170 is sleeping
6110 172 is sleeping
6110 185 is sleeping
6110 197 is eating
6110 13 is eating
6110 173 is sleeping
6110 177 is sleeping
6111 200 is eating
6111 43 has taken a fork
6111 46 has taken a fork
6111 2 is eating
6111 64 has taken a fork
6112 1 is eating
6112 9 is eating
6112 55 has taken a fork
6113 6 is eating
6113 61 has taken a fork
6113 62 has taken a fork
6113 4 is eating
6113 174 is sleeping
6113 3 is eating
6113 183 is sleeping
6113 12 is eating
6113 10 is eating
6113 16 is eating
6113 5 is eating
6113 8 is eating
6113 17 is eating
6114 49 has taken a fork
6114 67 has taken a fork
6114 178 is sleeping
6114 180 is sleeping
6114 50 has taken a fork
6114 11 is eating
6115 65 has taken a fork
6115 56 has taken a fork
6115 20 is eating
6115 22 is eating
6115 14 is eating
6116 54 has taken a fork
6116 19 is eating
6116 69 has taken a fork
6116 23 is eating
6116 18 is eating
6116 33 is eating
6116 26 is eating
6116 29 is eating
6117 27 is eating
6117 15 is eating
6117 30 is eating
6117 21 is eating
6117 36 is eating
6117 7 is eating
6117 35 is eating
6117 32 is eating
6118 24 is eating
6118 25 is eating
6118 45 is eating
6119 42 is eating
6119 40 is eating
6119 34 is eating
6121 53 has taken a fork
6122 63 has taken a fork
6122 39 is eating
6124 68 has taken a fork
6124 44 is eating
6124 28 is eating
6127 72 has taken a fork
6129 58 has taken a fork
6130 181 is sleeping
6132 57 has taken a fork
6132 60 has taken a fork
6133 78 has taken a fork
6134 79 has taken a fork
6134 66 has taken a fork
6135 196 is sleeping
6135 59 has taken a fork
6136 31 is eating
6136 37 is eating
6137 51 is eating
6137 70 has taken a fork
6138 85 has taken a fork
6140 74 has taken a fork
6140 81 has taken a fork
6141 77 has taken a fork
6142 184 is sleeping
6143 89 has taken a fork
6143 76 has taken a fork
6144 73 has taken a fork
6146 82 has taken a fork
6146 75 has taken a fork
6146 188 is sleeping
6146 92 is thinking
6147 176 is sleeping
6147 84 has taken a fork
6147 83 has taken a fork
6149 48 is eating
6149 71 has taken a fork
6149 86 has taken a fork
6150 41 is eating
6150 38 is eating
6150 47 is eating
6150 194 is sleeping
6151 87 has taken a fork
6151 52 is eating
6151 186 is sleeping
6151 88 has taken a fork
6151 187 is sleeping
6151 97 has taken a fork
6152 102 is thinking
6152 95 is thinking
6152 43 is eating
6152 46 is eating
6152 64 is eating
6152 182 is sleeping
6153 93 has taken a fork
6154 90 is thinking
6154 189 is sleeping
6154 55 is eating
6154 101 is thinking
6154 105 is thinking
6154 199 is sleeping
6154 108 is thinking
6154 61 is eating
6155 115 is thinking
6156 80 has taken a fork
6156 62 has taken a fork
6156 110 is thinking
6156 100 has taken a fork
6156 111 is thinking
6156 49 is eating
6156 67 has taken a fork
6156 104 is thinking
6156 50 is eating
6156 106 is thinking
6156 65 is eating
6157 56 is eating
6157 193 is sleeping
6157 54 is eating
6157 69 is eating
6157 191 is sleeping
6158 91 has taken a fork
6160 96 has taken a fork
6160 198 is sleeping
6160 190 is sleeping
6160 94 has taken a fork
6161 103 has taken a fork
6161 53 has taken a fork
6162 120 is thinking
6162 63 has taken a fork
6162 116 is thinking
6162 113 is thinking
6162 112 is thinking
6163 118 is thinking
6165 68 has taken a fork
6165 109 is thinking
6165 117 is thinking
6165 125 is thinking
6167 107 is thinking
6167 72 has taken a fork
6167 121 is thinking
6168 122 is thinking
6168 123 is thinking
6168 195 is sleeping
6168 192 is sleeping
6168 128 is thinking
6168 119 is thinking
6168 114 is thinking
6171 58 has taken a fork
6171 126 is thinking
6172 98 has taken a fork
6172 99 has taken a fork
6175 57 has taken a fork
6175 60 has taken a fork
6176 138 is thinking
6176 78 has taken a fork
6177 127 is thinking
6178 79 has taken a fork
6178 66 has taken a fork
6179 129 is thinking
6179 59 has taken a fork
6179 134 is thinking
6179 130 is thinking
6180 139 is thinking
6181 137 is thinking
6182 197 is sleeping
6182 13 is sleeping
6182 70 has taken a fork
6182 200 is sleeping
6183 85 has taken a fork
6183 2 is sleeping
6183 132 is thinking
6185 74 has taken a fork
6186 81 has taken a fork
6186 1 is sleeping
6186 9 is sleeping
6186 77 has taken a fork
6186 151 is thinking
6186 148 is thinking
6186 136 is thinking
6186 6 is sleeping
6186 10 is sleeping
6186 4 is sleeping
6186 3 is sleeping
6187 12 is sleeping
6187 133 is thinking
6187 5 is sleeping
6187 142 is thinking
6188 89 has taken a fork
6188 16 is sleeping
6189 76 has taken a fork
6189 131 is thinking
6190 73 has taken a fork
6190 8 is sleeping
6190 143 is thinking
6191 82 has taken a fork
6192 75 has taken a fork
6192 92 has taken a fork
6192 17 is sleeping
6194 84 has taken a fork
6194 22 is sleeping
6194 11 is sleeping
6195 20 is sleeping
6196 83 has taken a fork
6196 14 is sleeping
6196 19 is sleeping
6196 23 is sleeping
6196 71 has taken a fork
6198 86 has taken a fork
6198 145 is thinking
6198 18 is sleeping
6198 140 is thinking
6198 124 is thinking
6201 87 has taken a fork
6201 33 is sleeping
6201 88 has taken a fork
6202 97 has taken a fork
6202 29 is sleeping
6202 102 has taken a fork
6202 27 is sleeping
6202 26 is sleeping
6203 15 is sleeping
6203 95 has taken a fork
6203 30 is sleeping
6204 93 has taken a fork
6204 21 is sleeping
6204 90 has taken a fork
6204 36 is sleeping
6204 101 has taken a fork
6204 105 has taken a fork
6206 108 has taken a fork
6206 7 is sleeping
6206 135 is thinking
6207 141 is thinking
6207 115 has taken a fork
6207 35 is sleeping
6207 24 is sleeping
6207 80 has taken a fork
6207 32 is sleeping
6208 144 is thinking
6208 62 is eating
6208 110 has taken a fork
6208 100 has taken a fork
6208 111 has taken a fork
6208 67 is eating
6209 104 has taken a fork
6209 106 has taken a fork
6209 45 is sleeping
6209 25 is sleeping
6209 147 is thinking
6209 40 is sleeping
6209 42 is sleeping
6209 34 is sleeping
6210 91 has taken a fork
6210 96 has taken a fork
6210 39 is sleeping
6211 94 has taken a fork
6211 28 is sleeping
6211 103 has taken a fork
6211 44 is sleeping
6211 53 is eating
6211 120 has taken a fork
6211 63 is eating
6211 116 has taken a fork
6212 113 has taken a fork
6213 112 has taken a fork
6213 118 has taken a fork
6213 68 is eating
6213 109 has taken a fork
6213 117 has taken a fork
6213 125 has taken a fork
6213 107 has taken a fork
6213 72 is eating
6213 121 has taken a fork
6214 122 has taken a fork
6215 31 is sleeping
6216 123 has taken a fork
6217 128 has taken a fork
6217 51 is sleeping
6218 37 is sleeping
6218 119 has taken a fork
6218 114 has taken a fork
6218 58 is eating
6219 126 has taken a fork
6219 98 has taken a fork
6219 99 has taken a fork
6219 57 is eating
6219 60 is eating
6220 138 has taken a fork
6221 48 is sleeping
6221 78 is eating
6221 127 has taken a fork
6221 38 is sleeping
6221 41 is sleeping
6222 150 is thinking
6222 146 is thinking
6222 79 is eating
6222 66 is eating
6223 156 is thinking
6225 129 has taken a fork
6225 59 is eating
6225 47 is sleeping
6225 134 has taken a fork
6226 130 has taken a fork
6227 155 is thinking
6228 52 is sleeping
6229 139 has taken a fork
6230 149 is thinking
6230 137 has taken a fork
6230 159 is thinking
6230 70 is eating
6230 152 is thinking
6231 165 is thinking
6232 43 is sleeping
6233 153 is thinking
6234 46 is sleeping
6234 163 is thinking
6235 85 is eating
6235 132 has taken a fork
6236 64 is sleeping
6236 154 is thinking
6237 74 is eating
6237 55 is sleeping
6237 81 is eating
6237 77 is eating
6237 151 has taken a fork
6237 148 has taken a fork
6237 136 has taken a fork
6237 157 is thinking
6239 164 is thinking
6240 61 is sleeping
6241 133 has taken a fork
6241 142 has taken a fork
6241 89 is eating
6241 76 is eating
6242 131 has taken a fork
6242 49 is sleeping
6242 50 is sleeping
6242 73 is eating
6242 143 has taken a fork
6243 82 is eating
6243 56 is sleeping
6243 65 is sleeping
6243 69 is sleeping
6243 54 is sleeping
6244 75 is eating
6244 92 has taken a fork
6244 84 is eating
6245 83 is eating
6245 71 is eating
6246 86 is eating
6246 145 has taken a fork
6247 140 has taken a fork
6251 124 has taken a fork
6252 87 is eating
6252 88 is eating
6253 97 is eating
6254 102 has taken a fork
6254 95 has taken a fork
6254 93 is eating
6254 90 has taken a fork
6255 101 has taken a fork
6255 105 has taken a fork
6256 108 has taken a fork
6257 135 has taken a fork
6259 141 has taken a fork
6261 115 has taken a fork
6261 80 is eating
6264 158 is thinking
6268 171 is thinking
6279 179 is thinking
6279 162 is thinking
6279 144 has taken a fork
6279 167 is thinking
6279 175 is thinking
6279 110 has taken a fork
6280 100 is eating
6280 111 has taken a fork
6280 166 is thinking
6281 161 is thinking
6281 104 has taken a fork
6282 106 has taken a fork
6282 147 has taken a fork
6283 169 is thinking
6283 160 is thinking
6283 168 is thinking
6284 170 is thinking
6284 91 is eating
6285 96 is eating
6285 94 is eating
6285 103 is eating
6285 120 has taken a fork
6286 177 is thinking
6286 172 is thinking
6287 185 is thinking
6287 116 has taken a fork
6288 173 is thinking
6289 113 has taken a fork
6289 112 has taken a fork
6289 118 has taken a fork
6289 109 has taken a fork
6289 117 has taken a fork
6289 125 has taken a fork
6289 107 has taken a fork
6290 183 is thinking
6291 174 is thinking
6292 121 has taken a fork
6292 122 has taken a fork
6292 178 is thinking
6292 180 is thinking
6292 123 has taken a fork
6292 128 has taken a fork
6292 119 has taken a fork
6292 114 has taken a fork
6292 126 has taken a fork
6292 98 is eating
6292 99 is eating
6293 138 has taken a fork
6293 127 has taken a fork
6293 150 has taken a fork
6293 146 has taken a fork
6294 156 has taken a fork
6294 129 has taken a fork
6295 134 has taken a fork
6295 130 has taken a fork
6295 155 has taken a fork
6295 139 has taken a fork
6296 149 has taken a fork
6297 137 has taken a fork
6297 159 has taken a fork
6297 181 is thinking
6297 152 has taken a fork
6301 165 has taken a fork
6301 153 has taken a fork
6303 163 has taken a fork
6303 132 has taken a fork
6303 196 is thinking
6303 154 has taken a fork
6304 151 has taken a fork
6304 148 has taken a fork
6304 136 has taken a fork
6306 133 has taken a fork
6306 142 has taken a fork
6306 184 is thinking
6306 131 has taken a fork
6306 143 has taken a fork
6306 92 is eating
6306 67 is sleeping
6306 62 is sleeping
6306 157 has taken a fork
6307 164 has taken a fork
6307 145 has taken a fork
6307 188 is thinking
6307 176 is thinking
6308 140 has taken a fork
6308 53 is sleeping
6308 63 is sleeping
6308 194 is thinking
6308 187 is thinking
6308 124 has taken a fork
6308 186 is thinking
6308 182 is thinking
6308 68 is sleeping
6308 72 is sleeping
6308 102 is eating
6308 95 is eating
6308 90 is eating
6308 58 is sleeping
6308 101 is eating
6309 189 is thinking
6309 199 is thinking
6309 105 is eating
6309 108 is eating
6309 60 is sleeping
6309 57 is sleeping
6310 135 has taken a fork
6310 191 is thinking
6310 193 is thinking
6310 78 is sleeping
6310 79 is sleeping
6310 141 has taken a fork
6310 66 is sleeping
6310 59 is sleeping
6310 190 is thinking
6310 115 is eating
6311 198 is thinking
6311 70 is sleeping
6311 158 has taken a fork
6311 85 is sleeping
6311 192 is thinking
6311 195 is thinking
6311 81 is sleeping
6311 74 is sleeping
6311 171 has taken a fork
6312 77 is sleeping
6312 76 is sleeping
6312 89 is sleeping
6312 82 is sleeping
6312 73 is sleeping
6312 75 is sleeping
6312 71 is sleeping
6312 84 is sleeping
6312 83 is sleeping
6313 86 is sleeping
6313 179 has taken a fork
6314 162 has taken a fork
6314 144 has taken a fork
6315 167 has taken a fork
6316 175 has taken a fork
6317 110 is eating
6317 87 is sleeping
6318 111 is eating
6318 166 has taken a fork
6318 88 is sleeping
6319 104 is eating
6319 197 is thinking
6319 97 is sleeping
6319 13 is thinking
6319 200 is thinking
6319 106 is eating
6319 161 has taken a fork
6319 147 has taken a fork
6320 2 is thinking
6320 169 has taken a fork
6321 160 has taken a fork
6321 93 is sleeping
6321 168 has taken a fork
6321 170 has taken a fork
6321 120 is eating
6322 9 is thinking
6322 4 is thinking
6322 3 is thinking
6322 10 is thinking
6322 6 is thinking
6322 1 is thinking
6324 177 has taken a fork
6325 172 has taken a fork
6325 80 is sleeping
6325 12 is thinking
6326 185 has taken a fork
6328 5 is thinking
6328 116 is eating
6329 16 is thinking
6329 173 has taken a fork
6329 113 is eating
6329 112 is eating
6330 118 is eating
6330 109 is eating
6330 117 is eating
6330 125 is eating
6330 107 is eating
6330 183 has taken a fork
6330 8 is thinking
6330 174 has taken a fork
6331 17 is thinking
6331 121 is eating
6331 122 is eating
6331 178 has taken a fork
6331 180 has taken a fork
6331 123 is eating
6331 128 is eating
6331 119 is eating
6331 114 is eating
6331 126 is eating
6331 138 is eating
6331 127 is eating
6331 150 has taken a fork
6331 146 has taken a fork
6331 156 has taken a fork
6332 22 is thinking
6332 129 is eating
6332 11 is thinking
6333 20 is thinking
6334 134 is eating
6334 130 is eating
6334 155 has taken a fork
6334 139 is eating
6334 19 is thinking
6335 14 is thinking
6336 23 is thinking
6337 149 has taken a fork
6337 100 is sleeping
6337 137 is eating
6337 159 has taken a fork
6337 181 has taken a fork
6337 152 has taken a fork
6337 18 is thinking
6337 96 is sleeping
6337 91 is sleeping
6338 33 is thinking
6339 165 has taken a fork
6339 153 has taken a fork
6340 27 is thinking
6341 94 is sleeping
6341 26 is thinking
6342 30 is thinking
6342 15 is thinking
6342 103 is sleeping
6343 29 is thinking
6343 163 has taken a fork
6343 132 is eating
6343 196 has taken a fork
6343 154 has taken a fork
6343 21 is thinking
6344 36 is thinking
6344 151 is eating
6344 148 is eating
6344 136 is eating
6346 7 is thinking
6346 133 is eating
6346 142 is eating
6346 184 has taken a fork
6346 131 is eating
6346 143 is eating
6346 157 has taken a fork
6346 32 is thinking
6348 35 is thinking
6348 24 is thinking
6348 164 has taken a fork
6348 145 is eating
6348 188 has taken a fork
6348 176 has taken a fork
6348 140 is eating
6348 194 has taken a fork
6348 187 has taken a fork
6348 124 is eating
6348 186 has taken a fork
6348 182 has taken a fork
6349 25 is thinking
6349 45 is thinking
6349 34 is thinking
6349 40 is thinking
6349 42 is thinking
6349 189 has taken a fork
6349 199 has taken a fork
6349 135 is eating
6349 191 has taken a fork
6349 193 has taken a fork
6349 39 is thinking
6349 141 is eating
6350 190 has taken a fork
6350 198 has taken a fork
6351 28 is thinking
6351 98 is sleeping
6351 99 is sleeping
6351 158 has taken a fork
6352 44 is thinking
6353 192 has taken a fork
6353 195 has taken a fork
6353 171 has taken a fork
6353 179 has taken a fork
6353 162 has taken a fork
6353 144 is eating
6353 31 is thinking
6353 167 has taken a fork
6353 175 has taken a fork
6353 51 is thinking
6353 37 is thinking
6353 166 has taken a fork
6353 161 has taken a fork
6353 147 is eating
6353 169 has taken a fork
6355 38 is thinking
6355 41 is thinking
6357 48 is thinking
6357 160 has taken a fork
6357 168 has taken a fork
6357 170 has taken a fork
6357 177 has taken a fork
6357 172 has taken a fork
6357 47 is thinking
6358 185 has taken a fork
6358 92 is sleeping
6359 197 has taken a fork
6359 52 is thinking
6360 173 has taken a fork
6360 102 is sleeping
6360 183 has taken a fork
6360 95 is sleeping
6361 200 has taken a fork
6362 13 has taken a fork
6363 174 has taken a fork
6363 101 is sleeping
6363 178 has taken a fork
6363 90 is sleeping
6363 2 has taken a fork
6363 9 has taken a fork
6363 180 has taken a fork
6363 150 is eating
6363 146 is eating
6363 156 is eating
6363 105 is sleeping
6363 108 is sleeping
6363 43 is thinking
6363 4 has taken a fork
6363 115 is sleeping
6363 10 has taken a fork
6363 3 has taken a fork
6363 155 is eating
6364 46 is thinking
6365 64 is thinking
6365 149 is eating
6365 111 is sleeping
6365 6 has taken a fork
6366 159 is eating
6367 110 is sleeping
6367 181 has taken a fork
6367 1 has taken a fork
6367 152 is eating
6367 106 is sleeping
6367 12 has taken a fork
6367 104 is sleeping
6368 5 has taken a fork
6368 55 is thinking
6369 165 is eating
6369 153 is eating
6370 61 is thinking
6370 120 is sleeping
6372 50 is thinking
6373 16 has taken a fork
6373 49 is thinking
6373 56 is thinking
6374 54 is thinking
6374 163 is eating
6374 196 has taken a fork
6375 69 is thinking
6375 154 is eating
6377 65 is thinking
6377 116 is sleeping
6377 8 has taken a fork
6377 113 is sleeping
6377 112 is sleeping
6377 184 has taken a fork
6378 22 has taken a fork
6379 17 has taken a fork
6379 157 is eating
6379 118 is sleeping
6379 117 is sleeping
6381 11 has taken a fork
6381 109 is sleeping
6381 19 has taken a fork
6382 164 is eating
6383 125 is sleeping
6384 188 has taken a fork
6384 176 has taken a fork
6384 194 has taken a fork
6384 187 has taken a fork
6385 186 has taken a fork
6386 20 has taken a fork
6386 182 has taken a fork
6387 14 has taken a fork
6387 107 is sleeping
6387 121 is sleeping
6387 18 has taken a fork
6388 23 has taken a fork
6388 189 has taken a fork
6388 199 has taken a fork
6388 191 has taken a fork
6389 193 has taken a fork
6389 122 is sleeping
6389 123 is sleeping
6389 190 has taken a fork
6389 128 is sleeping
6389 198 has taken a fork
6389 33 has taken a fork
6389 114 is sleeping
6390 119 is sleeping
6390 126 is sleeping
6390 29 has taken a fork
6391 26 has taken a fork
6391 158 is eating
6393 30 has taken a fork
6396 15 has taken a fork
6397 27 has taken a fork
6397 192 has taken a fork
6399 195 has taken a fork
6399 171 is eating
6399 179 is eating
6400 162 is eating
6400 167 is eating
6400 175 is eating
6400 166 is eating
6401 161 is eating
6401 169 is eating
6401 127 is sleeping
6401 138 is sleeping
6402 36 has taken a fork
6405 21 has taken a fork
6405 129 is sleeping
6405 7 has taken a fork
6405 160 is eating
6405 168 is eating
6405 170 is eating
6405 177 is eating
6405 134 is sleeping
6405 130 is sleeping
6406 172 is eating
6406 32 has taken a fork
6406 185 is eating
6406 35 has taken a fork
6406 139 is sleeping
6408 24 has taken a fork
6408 197 has taken a fork
6409 137 is sleeping
6409 25 has taken a fork
6409 173 is eating
6409 183 is eating
6409 200 has taken a fork
6410 13 has taken a fork
6410 174 is eating
6411 178 is eating
6411 2 has taken a fork
6411 9 has taken a fork
6411 180 is eating
6413 4 has taken a fork
6414 10 has taken a fork
6417 3 has taken a fork
6417 132 is sleeping
6418 45 has taken a fork
6418 151 is sleeping
6418 34 has taken a fork
6418 136 is sleeping
6418 148 is sleeping
6419 40 has taken a fork
6420 42 has taken a fork
6420 6 has taken a fork
6420 142 is sleeping
6421 39 has taken a fork
6421 133 is sleeping
6421 28 has taken a fork
6422 181 is eating
6423 1 has taken a fork
6423 12 has taken a fork
6423 143 is sleeping
6423 5 has taken a fork
6424 131 is sleeping
6424 31 has taken a fork
6424 44 has taken a fork
6425 145 is sleeping
6425 16 has taken a fork
6425 140 is sleeping
6426 124 is sleeping
6426 51 has taken a fork
6427 38 has taken a fork
6427 37 has taken a fork
6427 196 is eating
6427 8 has taken a fork
6427 184 is eating
6428 135 is sleeping
6430 22 has taken a fork
6430 141 is sleeping
6433 41 has taken a fork
6435 17 has taken a fork
6437 48 has taken a fork
6437 144 is sleeping
6438 147 is sleeping
6439 47 has taken a fork
6439 11 has taken a fork
6440 19 has taken a fork
6440 52 has taken a fork
6441 188 is eating
6441 176 is eating
6442 194 is eating
6443 187 is eating
6444 186 is eating
6445 20 has taken a fork
6446 182 is eating
6446 14 has taken a fork
6447 18 has taken a fork
6448 23 has taken a fork
6448 189 is eating
6448 199 is eating
6448 191 is eating
6449 193 is eating
6449 190 is eating
6450 198 is eating
6450 33 has taken a fork
6451 29 has taken a fork
6452 26 has taken a fork
6452 146 is sleeping
6453 150 is sleeping
6453 156 is sleeping
6453 30 has taken a fork
6454 155 is sleeping
6454 55 has taken a fork
6454 43 has taken a fork
6454 64 has taken a fork
6454 15 has taken a fork
6455 46 has taken a fork
6455 27 has taken a fork
6455 192 is eating
6456 149 is sleeping
6456 61 has taken a fork
6456 152 is sleeping
6456 159 is sleeping
6456 195 is eating
6456 50 has taken a fork
6456 49 has taken a fork
6456 165 is sleeping
6456 56 has taken a fork
6456 153 is sleeping
6456 54 has taken a fork
6457 36 has taken a fork
6457 163 is sleeping
6457 69 has taken a fork
6457 21 has taken a fork
6458 7 has taken a fork
6458 154 is sleeping
6458 62 is thinking
6458 67 is thinking
6459 65 has taken a fork
6459 32 has taken a fork
6460 35 has taken a fork
6460 68 is thinking
6460 24 has taken a fork
6462 63 is thinking
6462 72 is thinking
6462 58 is thinking
6462 53 is thinking
6463 197 is eating
6463 25 has taken a fork
6463 60 is thinking
6463 57 is thinking
6464 200 is eating
6464 79 is thinking
6466 78 is thinking
6466 66 is thinking
6466 13 is eating
6466 59 is thinking
6466 74 is thinking
6466 2 is eating
6466 9 is eating
6467 157 is sleeping
6467 75 is thinking
6470 84 is thinking
6471 86 is thinking
6471 83 is thinking
6471 82 is thinking
6472 89 is thinking
6472 85 is thinking
6472 77 is thinking
6473 73 is thinking
6473 70 is thinking
6473 81 is thinking
6474 76 is thinking
6474 4 is eating
6474 71 is thinking
6474 164 is sleeping
6475 10 is eating
6475 87 is thinking
6476 3 is eating
6476 88 is thinking
6477 45 has taken a fork
6479 34 has taken a fork
6480 97 is thinking
6480 40 has taken a fork
6480 42 has taken a fork
6481 6 is eating
6481 93 is thinking
6481 39 has taken a fork
6481 28 has taken a fork
6481 1 is eating
6481 12 is eating
6481 5 is eating
6481 31 has taken a fork
6481 44 has taken a fork
6481 80 is thinking
6482 16 is eating
6482 51 has taken a fork
6482 38 has taken a fork
6483 37 has taken a fork
6483 8 is eating
6484 158 is sleeping
6484 22 is eating
6484 41 has taken a fork
6485 171 is sleeping
6486 17 is eating
6486 48 has taken a fork
6488 91 is thinking
6488 96 is thinking
6488 100 is thinking
6488 47 has taken a fork
6489 11 is eating
6489 179 is sleeping
6489 167 is sleeping
6489 166 is sleeping
6489 162 is sleeping
6490 175 is sleeping
6490 19 is eating
6490 52 has taken a fork
6491 94 is thinking
6491 161 is sleeping
6491 103 is thinking
6492 169 is sleeping
6492 160 is sleeping
6492 168 is sleeping
6492 170 is sleeping
6493 20 is eating
6493 177 is sleeping
6494 172 is sleeping
6495 14 is eating
6496 185 is sleeping
6496 18 is eating
6496 23 is eating
6497 173 is sleeping
6497 183 is sleeping
6497 33 is eating
6498 99 is thinking
6500 98 is thinking
6501 174 is sleeping
6501 29 is eating
6501 178 is sleeping
6501 180 is sleeping
6501 26 is eating
6501 30 is eating
6502 55 has taken a fork
6502 43 has taken a fork
6502 64 has taken a fork
6502 15 is eating
6503 46 has taken a fork
6503 27 is eating
6503 61 has taken a fork
6504 50 has taken a fork
6504 49 has taken a fork
6506 56 has taken a fork
6506 54 has taken a fork
6506 36 is eating
6506 69 has taken a fork
6508 21 is eating
6511 92 is thinking
6511 7 is eating
6512 62 has taken a fork
6512 67 has taken a fork
6513 65 has taken a fork
6514 32 is eating
6514 181 is sleeping
6514 95 is thinking
6514 35 is eating
6514 102 is thinking
6514 68 has taken a fork
6514 24 is eating
6515 63 has taken a fork
6516 72 has taken a fork
6516 58 has taken a fork
6518 105 is thinking
6518 53 has taken a fork
6518 108 is thinking
6518 101 is thinking
6519 90 is thinking
6519 115 is thinking
6520 25 is eating
6520 60 has taken a fork
6520 57 has taken a fork
6520 79 has taken a fork
6521 196 is sleeping
6521 78 has taken a fork
6521 111 is thinking
6521 66 has taken a fork
6521 59 has taken a fork
6521 74 has taken a fork
6523 110 is thinking
6524 106 is thinking
6524 104 is thinking
6525 184 is sleeping
6526 75 has taken a fork
6526 84 has taken a fork
6527 120 is thinking
6528 86 has taken a fork
6528 83 has taken a fork
6528 82 has taken a fork
6529 89 has taken a fork
6529 85 has taken a fork
6529 77 has taken a fork
6529 73 has taken a fork
6529 70 has taken a fork
6529 81 has taken a fork
6529 188 is sleeping
6530 176 is sleeping
6530 76 has taken a fork
6531 71 has taken a fork
6531 194 is sleeping
6531 87 has taken a fork
6531 186 is sleeping
6531 187 is sleeping
6531 112 is thinking
6531 45 is eating
6531 88 has taken a fork
6531 182 is sleeping
6532 113 is thinking
6533 116 is thinking
6533 189 is sleeping
6534 34 is eating
6535 118 is thinking
6535 191 is sleeping
6535 199 is sleeping
6535 193 is sleeping
6535 190 is sleeping
6537 117 is thinking
6537 97 has taken a fork
6538 40 is eating
6538 42 is eating
6538 109 is thinking
6539 198 is sleeping
6539 39 is eating
6539 28 is eating
6539 93 has taken a fork
6540 31 is eating
6540 44 is eating
6540 80 has taken a fork
6540 51 is eating
6540 38 is eating
6541 192 is sleeping
6541 37 is eating
6541 125 is thinking
6541 195 is sleeping
6542 41 is eating
6542 48 is eating
6542 121 is thinking
6542 91 has taken a fork
6543 107 is thinking
6543 96 has taken a fork
6544 100 has taken a fork
6544 47 is eating
6545 128 is thinking
6545 122 is thinking
6546 123 is thinking
6546 114 is thinking
6546 52 is eating
6548 126 is thinking
6549 119 is thinking
6549 94 has taken a fork
6549 103 has taken a fork
6549 197 is sleeping
6549 13 is sleeping
6552 200 is sleeping
6552 2 is sleeping
6552 9 is sleeping
6552 99 has taken a fork
6553 98 has taken a fork
6553 138 is thinking
6553 127 is thinking
6553 55 is eating
6553 43 is eating
6553 64 is eating
6554 46 is eating
6554 4 is sleeping
6554 61 is eating
6554 10 is sleeping
6554 50 is eating
6555 49 is eating
6555 130 is thinking
6555 134 is thinking
6555 139 is thinking
6556 56 is eating
6556 54 is eating
6556 69 is eating
6557 129 is thinking
6557 1 is sleeping
6557 6 is sleeping
6557 137 is thinking
6558 3 is sleeping
6558 5 is sleeping
6558 12 is sleeping
6559 92 has taken a fork
6559 16 is sleeping
6559 62 has taken a fork
6559 67 has taken a fork
6559 65 is eating
6563 8 is sleeping
6564 95 has taken a fork
6564 102 has taken a fork
6565 68 has taken a fork
6565 22 is sleeping
6566 63 has taken a fork
6566 72 has taken a fork
6567 58 has taken a fork
6567 132 is thinking
6567 148 is thinking
6568 17 is sleeping
6568 136 is thinking
6568 151 is thinking
6569 105 has taken a fork
6570 53 has taken a fork
6570 108 has taken a fork
6570 101 has taken a fork
6571 19 is sleeping
6571 11 is sleeping
6571 90 has taken a fork
6572 115 has taken a fork
6572 60 has taken a fork
6572 142 is thinking
6573 57 has taken a fork
6573 79 has taken a fork
6573 133 is thinking
6574 20 is sleeping
6574 78 has taken a fork
6576 111 has taken a fork
6576 66 has taken a fork
6576 59 has taken a fork
6576 74 has taken a fork
6576 18 is sleeping
6576 143 is thinking
6576 23 is sleeping
6576 131 is thinking
6577 110 has taken a fork
6577 14 is sleeping
6578 33 is sleeping
6578 106 has taken a fork
6579 104 has taken a fork
6579 145 is thinking
6580 140 is thinking
6580 29 is sleeping
6580 26 is sleeping
6581 124 is thinking
6581 30 is sleeping
6581 75 has taken a fork
6581 84 has taken a fork
6581 15 is sleeping
6581 27 is sleeping
6581 120 has taken a fork
6581 135 is thinking
6581 86 has taken a fork
6582 83 has taken a fork
6582 82 has taken a fork
6582 89 has taken a fork
6582 85 has taken a fork
6582 77 has taken a fork
6582 73 has taken a fork
6582 70 has taken a fork
6582 81 has taken a fork
6582 76 has taken a fork
6583 141 is thinking
6584 71 has taken a fork
6584 87 has taken a fork
6584 112 has taken a fork
6584 88 has taken a fork
6584 36 is sleeping
6584 21 is sleeping
6584 113 has taken a fork
6584 116 has taken a fork
6584 7 is sleeping
6584 118 has taken a fork
6584 24 is sleeping
6584 144 is thinking
6584 35 is sleeping
6584 32 is sleeping
6584 117 has taken a fork
6584 97 has taken a fork
6584 147 is thinking
6584 109 has taken a fork
6584 93 has taken a fork
6584 25 is sleeping
6584 80 has taken a fork
6585 125 has taken a fork
6587 91 has taken a fork
6589 121 has taken a fork
6589 107 has taken a fork
6589 96 has taken a fork
6589 100 has taken a fork
6589 128 has taken a fork
6589 122 has taken a fork
6589 123 has taken a fork
6590 114 has taken a fork
6590 45 is sleeping
6590 126 has taken a fork
6590 119 has taken a fork
6591 94 has taken a fork
6591 103 has taken a fork
6591 146 is thinking
6591 34 is sleeping
6591 40 is sleeping
6591 99 has taken a fork
6591 42 is sleeping
6593 156 is thinking
6593 150 is thinking
6593 28 is sleeping
6593 39 is sleeping
6593 98 has taken a fork
6593 138 has taken a fork
6594 127 has taken a fork
6594 31 is sleeping
6595 155 is thinking
6595 44 is sleeping
6595 130 has taken a fork
6595 134 has taken a fork
6596 139 has taken a fork
6596 152 is thinking
6596 153 is thinking
6597 149 is thinking
6597 165 is thinking
6598 159 is thinking
6598 38 is sleeping
6598 129 has taken a fork
6600 163 is thinking
6600 51 is sleeping
6600 137 has taken a fork
6600 154 is thinking
6600 37 is sleeping
6600 92 has taken a fork
6600 62 is eating
6600 67 is eating
6600 48 is sleeping
6600 41 is sleeping
6600 47 is sleeping
6600 95 has taken a fork
6600 52 is sleeping
6601 102 has taken a fork
6601 68 is eating
6601 63 is eating
6601 72 is eating
6601 58 is eating
6603 157 is thinking
6603 132 has taken a fork
6603 148 has taken a fork
6603 136 has taken a fork
6603 151 has taken a fork
6603 105 has taken a fork
6603 53 is eating
6603 108 has taken a fork
6603 101 has taken a fork
6603 90 has taken a fork
6604 115 has taken a fork
6604 60 is eating
6604 142 has taken a fork
6604 57 is eating
6604 79 is eating
6604 133 has taken a fork
6604 64 is sleeping
6604 55 is sleeping
6604 43 is sleeping
6604 164 is thinking
6606 78 is eating
6606 111 has taken a fork
6606 66 is eating
6606 59 is eating
6606 74 is eating
6606 46 is sleeping
6607 143 has taken a fork
6607 61 is sleeping
6608 131 has taken a fork
6609 50 is sleeping
6610 110 has taken a fork
6610 56 is sleeping
6610 49 is sleeping
6611 106 has taken a fork
6611 104 has taken a fork
6611 54 is sleeping
6611 145 has taken a fork
6611 140 has taken a fork
6611 69 is sleeping
6611 124 has taken a fork
6611 75 is eating
6611 84 is eating
6611 120 has taken a fork
6611 135 has taken a fork
6613 86 is eating
6613 83 is eating
6613 82 is eating
6613 89 is eating
6613 85 is eating
6613 77 is eating
6613 73 is eating
6613 70 is eating
6613 81 is eating
6613 76 is eating
6613 65 is sleeping
6613 141 has taken a fork
6613 71 is eating
6613 87 is eating
6615 112 has taken a fork
6615 88 is eating
6615 113 has taken a fork
6616 116 has taken a fork
6616 118 has taken a fork
6618 144 has taken a fork
6618 117 has taken a fork
6620 158 is thinking
6621 97 is eating
6623 147 has taken a fork
6624 109 has taken a fork
6625 93 is eating
6625 80 is eating
6627 171 is thinking
6627 125 has taken a fork
6628 91 is eating
6628 121 has taken a fork
6629 107 has taken a fork
6630 166 is thinking
6631 96 is eating
6631 100 is eating
6632 128 has taken a fork
6634 122 has taken a fork
6634 123 has taken a fork
6634 179 is thinking
6636 167 is thinking
6636 162 is thinking
6637 114 has taken a fork
6637 126 has taken a fork
6637 175 is thinking
6637 119 has taken a fork
6638 94 is eating
6638 103 is eating
6638 146 has taken a fork
6638 99 is eating
6638 160 is thinking
6638 169 is thinking
6638 168 is thinking
6639 170 is thinking
6641 161 is thinking
6642 177 is thinking
6645 150 has taken a fork
6645 156 has taken a fork
6646 98 is eating
6646 138 has taken a fork
6647 127 has taken a fork
6648 172 is thinking
6649 155 has taken a fork
6650 130 has taken a fork
6650 134 has taken a fork
6651 185 is thinking
6651 139 has taken a fork
6651 152 has taken a fork
6652 153 has taken a fork
6652 183 is thinking
6652 149 has taken a fork
6652 165 has taken a fork
6653 173 is thinking
6653 159 has taken a fork
6653 129 has taken a fork
6653 163 has taken a fork
6654 137 has taken a fork
6654 154 has taken a fork
6655 92 is eating
6655 95 is eating
6655 178 is thinking
6655 102 is eating
6655 180 is thinking
6655 174 is thinking
6656 132 has taken a fork
6656 148 has taken a fork
6657 136 has taken a fork
6657 151 has taken a fork
6657 105 is eating
6657 108 is eating
6657 101 is eating
6658 90 is eating
6658 115 is eating
6658 142 has taken a fork
6658 133 has taken a fork
6660 111 is eating
6660 143 has taken a fork
6660 131 has taken a fork
6660 110 is eating
6660 106 is eating
6660 104 is eating
6661 145 has taken a fork
6661 140 has taken a fork
6661 124 has taken a fork
6661 120 is eating
6661 135 has taken a fork
6661 141 has taken a fork
6661 181 is thinking
6661 112 is eating
6663 113 is eating
6663 116 is eating
6663 118 is eating
6663 144 has taken a fork
6663 117 is eating
6663 196 is thinking
6664 147 has taken a fork
6665 109 is eating
6665 184 is thinking
6665 125 is eating
6666 121 is eating
6666 67 is sleeping
6666 62 is sleeping
6667 188 is thinking
6667 107 is eating
6668 157 has taken a fork
6669 164 has taken a fork
6669 176 is thinking
6669 187 is thinking
6670 186 is thinking
6670 194 is thinking
6670 182 is thinking
6670 68 is sleeping
6670 158 has taken a fork
6670 63 is sleeping
6670 72 is sleeping
6670 58 is sleeping
6670 128 is eating
6670 53 is sleeping
6670 79 is sleeping
6670 60 is sleeping
6670 57 is sleeping
6671 171 has taken a fork
6671 189 is thinking
6672 166 has taken a fork
6672 122 is eating
6673 123 is eating
6673 179 has taken a fork
6673 193 is thinking
6673 191 is thinking
6674 199 is thinking
6674 190 is thinking
6674 66 is sleeping
6674 74 is sleeping
6675 59 is sleeping
6676 167 has taken a fork
6676 78 is sleeping
6677 162 has taken a fork
6678 114 is eating
6678 126 is eating
6678 175 has taken a fork
6679 119 is eating
6679 146 has taken a fork
6679 160 has taken a fork
6680 169 has taken a fork
6681 168 has taken a fork
6681 198 is thinking
6681 75 is sleeping
6683 170 has taken a fork
6683 84 is sleeping
6683 192 is thinking
6683 195 is thinking
6684 161 has taken a fork
6684 82 is sleeping
6684 83 is sleeping
6684 177 has taken a fork
6685 86 is sleeping
6685 85 is sleeping
6685 70 is sleeping
6685 77 is sleeping
6685 73 is sleeping
6686 89 is sleeping
6686 81 is sleeping
6686 76 is sleeping
6686 71 is sleeping
6686 87 is sleeping
6686 150 has taken a fork
6686 156 has taken a fork
6686 88 is sleeping
6686 138 is eating
6687 127 is eating
6688 172 has taken a fork
6689 197 is thinking
6689 155 has taken a fork
6690 130 is eating
6691 134 is eating
6691 185 has taken a fork
6691 139 is eating
6691 97 is sleeping
6693 152 has taken a fork
6693 9 is thinking
6693 153 has taken a fork
6693 13 is thinking
6693 2 is thinking
6693 183 has taken a fork
6694 149 has taken a fork
6694 165 has taken a fork
6694 200 is thinking
6694 80 is sleeping
6694 93 is sleeping
6695 173 has taken a fork
6696 159 has taken a fork
6696 129 is eating
6697 163 has taken a fork
6697 4 is thinking
6697 137 is eating
6697 10 is thinking
6697 154 has taken a fork
6697 178 has taken a fork
6698 180 has taken a fork
6700 174 has taken a fork
6700 132 is eating
6701 148 is eating
6701 136 is eating
6701 6 is thinking
6701 151 is eating
6701 1 is thinking
6701 5 is thinking
6702 3 is thinking
6702 91 is sleeping
6702 142 is eating
6703 12 is thinking
6703 16 is thinking
6703 133 is eating
6703 100 is sleeping
6704 143 is eating
6704 96 is sleeping
6704 131 is eating
6704 145 is eating
6704 124 is eating
6704 140 is eating
6704 135 is eating
6704 141 is eating
6704 181 has taken a fork
6704 8 is thinking
6704 144 is eating
6704 196 has taken a fork
6704 147 is eating
6704 94 is sleeping
6705 22 is thinking
6705 103 is sleeping
6705 184 has taken a fork
6705 188 has taken a fork
6705 17 is thinking
6705 157 has taken a fork
6705 164 has taken a fork
6705 176 has taken a fork
6705 99 is sleeping
6705 187 has taken a fork
6705 186 has taken a fork
6705 194 has taken a fork
6705 182 has taken a fork
6705 158 has taken a fork
6705 171 has taken a fork
6706 19 is thinking
6706 11 is thinking
6706 189 has taken a fork
6706 166 has taken a fork
6706 98 is sleeping
6706 179 has taken a fork
6707 193 has taken a fork
6707 191 has taken a fork
6707 20 is thinking
6707 199 has taken a fork
6707 190 has taken a fork
6708 23 is thinking
6708 167 has taken a fork
6708 18 is thinking
6708 162 has taken a fork
6709 33 is thinking
6710 14 is thinking
6710 175 has taken a fork
6710 146 is eating
6710 160 has taken a fork
6710 26 is thinking
6711 29 is thinking
6711 169 has taken a fork
6712 27 is thinking
6713 15 is thinking
6714 30 is thinking
6714 168 has taken a fork
6715 198 has taken a fork
6715 92 is sleeping
6715 170 has taken a fork
6715 192 has taken a fork
6715 195 has taken a fork
6716 7 is thinking
6716 32 is thinking
6716 35 is thinking
6716 36 is thinking
6716 25 is thinking
6717 21 is thinking
6718 24 is thinking
6718 161 has taken a fork
6719 177 has taken a fork
6719 102 is sleeping
6719 95 is sleeping
6719 150 is eating
6719 156 is eating
6719 108 is sleeping
6719 105 is sleeping
6719 101 is sleeping
6719 172 has taken a fork
6719 197 has taken a fork
6719 155 is eating
6719 115 is sleeping
6719 45 is thinking
6719 90 is sleeping
6720 40 is thinking
6720 42 is thinking
6720 111 is sleeping
6720 34 is thinking
6720 185 has taken a fork
6720 106 is sleeping
6720 104 is sleeping
6720 110 is sleeping
6721 39 is thinking
6721 152 is eating
6723 28 is thinking
6724 9 has taken a fork
6724 153 is eating
6724 13 has taken a fork
6725 2 has taken a fork
6725 183 has taken a fork
6725 120 is sleeping
6725 31 is thinking
6725 149 is eating
6725 165 is eating
6726 200 has taken a fork
6726 44 is thinking
6726 173 has taken a fork
6727 159 is eating
6728 112 is sleeping
6728 163 is eating
6728 4 has taken a fork
6728 10 has taken a fork
6728 154 is eating
6728 178 has taken a fork
6729 116 is sleeping
6729 38 is thinking
6729 180 has taken a fork
6729 113 is sleeping
6729 118 is sleeping
6729 51 is thinking
6729 52 is thinking
6729 174 has taken a fork
6729 48 is thinking
6731 47 is thinking
6731 37 is thinking
6732 41 is thinking
6732 117 is sleeping
6733 6 has taken a fork
6733 1 has taken a fork
6734 5 has taken a fork
6734 3 has taken a fork
6734 109 is sleeping
6735 16 has taken a fork
6735 125 is sleeping
6737 12 has taken a fork
6738 55 is thinking
6738 121 is sleeping
6738 181 has taken a fork
6738 8 has taken a fork
6738 196 has taken a fork
6739 64 is thinking
6739 43 is thinking
6740 22 has taken a fork
6740 184 has taken a fork
6740 188 has taken a fork
6740 17 has taken a fork
6740 157 is eating
6740 164 is eating
6741 176 has taken a fork
6742 187 has taken a fork
6742 186 has taken a fork
6742 194 has taken a fork
6742 182 has taken a fork
6742 158 is eating
6742 171 is eating
6742 19 has taken a fork
6742 11 has taken a fork
6744 189 has taken a fork
6744 166 is eating
6745 107 is sleeping
6745 179 is eating
6745 193 has taken a fork
6746 191 has taken a fork
6747 61 is thinking
6748 20 has taken a fork
6748 199 has taken a fork
6749 46 is thinking
6750 190 has taken a fork
6751 23 has taken a fork
6752 128 is sleeping
6752 167 is eating
6752 18 has taken a fork
6752 162 is eating
6753 50 is thinking
6753 122 is sleeping
6754 33 has taken a fork
6754 123 is sleeping
6755 14 has taken a fork
6755 56 is thinking
6755 49 is thinking
6756 175 is eating
6756 160 is eating
6757 26 has taken a fork
6757 54 is thinking
6757 69 is thinking
6757 29 has taken a fork
6757 169 is eating
6757 114 is sleeping
6757 27 has taken a fork
6757 126 is sleeping
6758 15 has taken a fork
6759 65 is thinking
6759 119 is sleeping
6759 30 has taken a fork
6759 168 is eating
6760 198 has taken a fork
6760 170 is eating
6760 192 has taken a fork
6760 195 has taken a fork
6760 161 is eating
6760 177 is eating
6760 172 is eating
6760 197 has taken a fork
6760 127 is sleeping
6760 138 is sleeping
6761 7 has taken a fork
6762 32 has taken a fork
6762 185 is eating
6762 134 is sleeping
6762 139 is sleeping
6762 36 has taken a fork
6763 35 has taken a fork
6763 130 is sleeping
6763 25 has taken a fork
6763 9 has taken a fork
6763 13 has taken a fork
6764 2 has taken a fork
6765 183 is eating
6765 200 has taken a fork
6765 173 is eating
6766 137 is sleeping
6766 129 is sleeping
6766 21 has taken a fork
6766 24 has taken a fork
6767 4 has taken a fork
6767 10 has taken a fork
6767 178 is eating
6767 180 is eating
6768 174 is eating
6769 6 has taken a fork
6770 1 has taken a fork
6771 148 is sleeping
6774 45 has taken a fork
6775 132 is sleeping
6775 5 has taken a fork
6775 40 has taken a fork
6775 3 has taken a fork
6775 151 is sleeping
6775 136 is sleeping
6775 34 has taken a fork
6776 16 has taken a fork
6776 42 has taken a fork
6776 142 is sleeping
6777 39 has taken a fork
6778 12 has taken a fork
6778 133 is sleeping
6778 28 has taken a fork
6778 181 is eating
6778 8 has taken a fork
6778 196 is eating
6779 131 is sleeping
6779 143 is sleeping
6779 22 has taken a fork
6779 184 is eating
6780 188 is eating
6780 31 has taken a fork
6780 17 has taken a fork
6781 44 has taken a fork
6781 176 is eating
6781 145 is sleeping
6782 187 is eating
6783 140 is sleeping
6783 186 is eating
6783 194 is eating
6783 182 is eating
6783 19 has taken a fork
6783 11 has taken a fork
6783 38 has taken a fork
6783 51 has taken a fork
6783 135 is sleeping
6783 124 is sleeping
6783 147 is sleeping
6783 47 has taken a fork
6783 144 is sleeping
6783 37 has taken a fork
6783 141 is sleeping
6785 41 has taken a fork
6785 189 is eating
6786 48 has taken a fork
6786 52 has taken a fork
6787 193 is eating
6787 191 is eating
6790 20 has taken a fork
6791 199 is eating
6793 190 is eating
6793 146 is sleeping
6793 23 has taken a fork
6795 55 has taken a fork
6796 18 has taken a fork
6797 33 has taken a fork
6797 14 has taken a fork
6797 156 is sleeping
6798 150 is sleeping
6798 155 is sleeping
6799 61 has taken a fork
6800 64 has taken a fork
6801 43 has taken a fork
6803 26 has taken a fork
6803 29 has taken a fork
6804 27 has taken a fork
6804 15 has taken a fork
6805 152 is sleeping
6805 30 has taken a fork
6806 46 has taken a fork
6806 153 is sleeping
6806 198 is eating
6806 192 is eating
6806 195 is eating
6806 197 is eating
6806 50 has taken a fork
6806 149 is sleeping
6806 165 is sleeping
6807 7 has taken a fork
6807 32 has taken a fork
6808 56 has taken a fork
6809 49 has taken a fork
6809 36 has taken a fork
6809 35 has taken a fork
6809 25 has taken a fork
6809 159 is sleeping
6809 54 has taken a fork
6809 9 is eating
6809 13 is eating
6809 154 is sleeping
6811 69 has taken a fork
6811 163 is sleeping
6811 65 has taken a fork
6813 2 is eating
6813 200 is eating
6814 62 is thinking
6815 67 is thinking
6815 21 has taken a fork
6816 24 has taken a fork
6816 4 is eating
6817 10 is eating
6817 6 is eating
6818 60 is thinking
6819 68 is thinking
6819 1 is eating
6820 63 is thinking
6820 53 is thinking
6821 72 is thinking
6822 79 is thinking
6823 57 is thinking
6823 58 is thinking
6823 74 is thinking
6823 66 is thinking
6824 45 has taken a fork
6824 5 is eating
6825 40 has taken a fork
6825 3 is eating
6825 59 is thinking
6826 34 has taken a fork
6826 78 is thinking
6826 16 is eating
6826 42 has taken a fork
6826 39 has taken a fork
6826 12 is eating
6827 28 has taken a fork
6827 8 is eating
6828 22 is eating
6828 31 has taken a fork
6828 17 is eating
6828 75 is thinking
6829 44 has taken a fork
6829 19 is eating
6829 11 is eating
6829 38 has taken a fork
6829 51 has taken a fork
6829 47 has taken a fork
6830 37 has taken a fork
6830 84 is thinking
6830 86 is thinking
6830 82 is thinking
6830 83 is thinking
6830 77 is thinking
6830 85 is thinking
6830 41 has taken a fork
6830 164 is sleeping
6831 73 is thinking
6831 157 is sleeping
6831 70 is thinking
6832 87 is thinking
6833 71 is thinking
6834 89 is thinking
6834 81 is thinking
6835 76 is thinking
6835 88 is thinking
6835 52 has taken a fork
6836 48 has taken a fork
6836 158 is sleeping
6836 171 is sleeping
6836 166 is sleeping
6836 20 is eating
6836 179 is sleeping
6837 97 is thinking
6837 23 is eating
6837 167 is sleeping
6837 93 is thinking
6837 80 is thinking
6837 162 is sleeping
6838 55 has taken a fork
6838 18 is eating
6839 175 is sleeping
6839 160 is sleeping
6839 33 is eating
6839 14 is eating
6839 169 is sleeping
6839 61 has taken a fork
6839 168 is sleeping
6839 170 is sleeping
6840 64 has taken a fork
6840 161 is sleeping
6841 43 has taken a fork
6841 177 is sleeping
6841 91 is thinking
6843 26 is eating
6844 100 is thinking
6844 29 is eating
6844 94 is thinking
6844 172 is sleeping
6845 96 is thinking
6845 27 is eating
6846 15 is eating
6846 99 is thinking
6847 103 is thinking
6848 30 is eating
6848 46 has taken a fork
6849 98 is thinking
6849 50 has taken a fork
6849 7 is eating
6849 185 is sleeping
6849 32 is eating
6850 56 has taken a fork
6850 183 is sleeping
6850 49 has taken a fork
6850 36 is eating
6850 35 is eating
6850 25 is eating
6851 54 has taken a fork
6851 173 is sleeping
6851 180 is sleeping
6852 178 is sleeping
6853 69 has taken a fork
6853 65 has taken a fork
6854 174 is sleeping
6854 62 has taken a fork
6854 92 is thinking
6855 67 has taken a fork
6855 21 is eating
6855 24 is eating
6855 60 has taken a fork
6857 102 is thinking
6857 101 is thinking
6857 105 is thinking
6858 68 has taken a fork
6859 90 is thinking
6859 108 is thinking
6861 115 is thinking
6861 95 is thinking
6862 181 is sleeping
6863 106 is thinking
6866 110 is thinking
6866 63 has taken a fork
6867 111 is thinking
6868 104 is thinking
6869 53 has taken a fork
6870 196 is sleeping
6870 72 has taken a fork
6870 79 has taken a fork
6870 184 is sleeping
6870 57 has taken a fork
6870 58 has taken a fork
6870 74 has taken a fork
6870 66 has taken a fork
6870 188 is sleeping
6870 45 is eating
6873 120 is thinking
6873 176 is sleeping
6874 40 is eating
6874 59 has taken a fork
6875 187 is sleeping
6875 34 is eating
6875 78 has taken a fork
6875 42 is eating
6876 39 is eating
6876 194 is sleeping
6876 182 is sleeping
6877 186 is sleeping
6878 28 is eating
6878 112 is thinking
6879 31 is eating
6879 75 has taken a fork
6879 116 is thinking
6879 118 is thinking
6879 189 is sleeping
6879 113 is thinking
6879 44 is eating
6880 38 is eating
6881 51 is eating
6882 47 is eating
6882 191 is sleeping
6882 37 is eating
6883 84 has taken a fork
6884 86 has taken a fork
6885 193 is sleeping
6885 82 has taken a fork
6886 83 has taken a fork
6886 77 has taken a fork
6886 85 has taken a fork
6886 41 is eating
6888 73 has taken a fork
6888 70 has taken a fork
6889 117 is thinking
6890 87 has taken a fork
6890 199 is sleeping
6891 71 has taken a fork
6891 190 is sleeping
6893 89 has taken a fork
6894 109 is thinking
6897 81 has taken a fork
6897 125 is thinking
6897 76 has taken a fork
6898 88 has taken a fork
6898 48 is eating
6898 52 is eating
6898 97 has taken a fork
6898 93 has taken a fork
6899 55 is eating
6900 121 is thinking
6901 80 has taken a fork
6901 61 is eating
6901 64 is eating
6901 43 is eating
6901 91 has taken a fork
6901 100 has taken a fork
6901 198 is sleeping
6902 94 has taken a fork
6903 107 is thinking
6903 192 is sleeping
6903 195 is sleeping
6904 96 has taken a fork
6906 99 has taken a fork
6906 103 has taken a fork
6907 46 is eating
6907 197 is sleeping
6910 98 has taken a fork
6910 50 is eating
6911 56 is eating
6911 49 is eating
6912 54 is eating
6912 9 is sleeping
6912 128 is thinking
6912 13 is sleeping
6912 2 is sleeping
6912 69 is eating
6912 122 is thinking
6912 65 is eating
6912 200 is sleeping
6914 123 is thinking
6915 62 has taken a fork
6915 92 has taken a fork
6915 67 has taken a fork
6915 60 has taken a fork
6916 4 is sleeping
6916 10 is sleeping
6917 126 is thinking
6918 102 has taken a fork
6919 114 is thinking
6920 101 has taken a fork
6920 105 has taken a fork
6920 68 has taken a fork
6920 6 is sleeping
6921 90 has taken a fork
6922 119 is thinking
6923 108 has taken a fork
6923 1 is sleeping
6925 127 is thinking
6925 115 has taken a fork
6926 138 is thinking
6927 95 has taken a fork
6927 5 is sleeping
6927 130 is thinking
6929 139 is thinking
6930 134 is thinking
6930 106 has taken a fork
6930 3 is sleeping
6930 16 is sleeping
6930 12 is sleeping
6930 8 is sleeping
6931 110 has taken a fork
6931 129 is thinking
6932 137 is thinking
6933 63 has taken a fork
6933 17 is sleeping
6934 22 is sleeping
6935 111 has taken a fork
6935 11 is sleeping
6935 19 is sleeping
6935 104 has taken a fork
6936 53 has taken a fork
6936 72 has taken a fork
6936 79 has taken a fork
6937 57 has taken a fork
6937 58 has taken a fork
6938 74 has taken a fork
6938 66 has taken a fork
6939 148 is thinking
6939 20 is sleeping
6940 23 is sleeping
6942 120 has taken a fork
6944 18 is sleeping
6944 33 is sleeping
6944 59 has taken a fork
6944 14 is sleeping
6944 132 is thinking
6945 151 is thinking
6945 136 is thinking
6946 78 has taken a fork
6947 142 is thinking
6948 133 is thinking
6949 26 is sleeping
6949 29 is sleeping
6949 112 has taken a fork
6950 27 is sleeping
6950 143 is thinking
6951 131 is thinking
6952 75 has taken a fork
6952 116 has taken a fork
6952 118 has taken a fork
6953 113 has taken a fork
6953 15 is sleeping
6953 30 is sleeping
6954 145 is thinking
6954 84 has taken a fork
6954 144 is thinking
6954 147 is thinking
6954 140 is thinking
6954 86 has taken a fork
6955 141 is thinking
6956 135 is thinking
6956 32 is sleeping
6956 7 is sleeping
6956 82 has taken a fork
6956 124 is thinking
6956 83 has taken a fork
6956 77 has taken a fork
6956 85 has taken a fork
6956 35 is sleeping
6956 25 is sleeping
6956 36 is sleeping
6956 73 has taken a fork
6956 70 has taken a fork
6956 117 has taken a fork
6956 87 has taken a fork
6956 21 is sleeping
6956 24 is sleeping
6957 71 has taken a fork
6957 89 has taken a fork
6957 146 is thinking
6957 109 has taken a fork
6958 156 is thinking
6958 81 has taken a fork
6958 125 has taken a fork
6958 76 has taken a fork
6958 88 has taken a fork
6958 155 is thinking
6958 150 is thinking
6958 97 has taken a fork
6958 93 has taken a fork
6959 121 has taken a fork
6959 80 has taken a fork
6959 91 has taken a fork
6960 100 has taken a fork
6960 45 is sleeping
6960 94 has taken a fork
6960 107 has taken a fork
6960 40 is sleeping
6960 96 has taken a fork
6960 152 is thinking
6960 34 is sleeping
6960 165 is thinking
6960 42 is sleeping
6960 153 is thinking
6960 99 has taken a fork
6960 149 is thinking
6960 103 has taken a fork
6961 39 is sleeping
6961 159 is thinking
6961 154 is thinking
6961 31 is sleeping
6961 98 has taken a fork
6961 44 is sleeping
6962 28 is sleeping
6963 163 is thinking
6963 38 is sleeping
6963 128 has taken a fork
6963 122 has taken a fork
6963 37 is sleeping
6963 47 is sleeping
6963 51 is sleeping
6964 123 has taken a fork
6964 62 is eating
6964 92 has taken a fork
6964 41 is sleeping
6964 67 is eating
6964 60 is eating
6964 126 has taken a fork
6965 102 has taken a fork
6965 114 has taken a fork
6966 101 has taken a fork
6966 105 has taken a fork
6966 68 is eating
6967 52 is sleeping
6967 48 is sleeping
6967 90 has taken a fork
6967 108 has taken a fork
6967 127 has taken a fork
6967 119 has taken a fork
6968 115 has taken a fork
6968 55 is sleeping
6969 138 has taken a fork
6969 95 has taken a fork
6970 130 has taken a fork
6970 61 is sleeping
6970 64 is sleeping
6970 43 is sleeping
6970 139 has taken a fork
6970 134 has taken a fork
6970 106 has taken a fork
6970 164 is thinking
6971 157 is thinking
6972 110 has taken a fork
6972 129 has taken a fork
6972 137 has taken a fork
6972 63 is eating
6973 46 is sleeping
6973 50 is sleeping
6973 111 has taken a fork
6973 104 has taken a fork
6973 171 is thinking
6973 179 is thinking
6973 158 is thinking
6973 53 is eating
6973 166 is thinking
6973 72 is eating
6973 79 is eating
6973 49 is sleeping
6973 162 is thinking
6973 57 is eating
6973 56 is sleeping
6974 167 is thinking
6974 58 is eating
6974 54 is sleeping
6974 74 is eating
6974 66 is eating
6975 65 is sleeping
6976 69 is sleeping
6978 169 is thinking
6981 170 is thinking
6985 160 is thinking
6986 168 is thinking
6986 175 is thinking
6988 148 has taken a fork
6988 161 is thinking
6989 177 is thinking
6990 120 has taken a fork
6991 172 is thinking
6991 59 is eating
6991 132 has taken a fork
6991 151 has taken a fork
6991 78 is eating
6991 136 has taken a fork
6991 142 has taken a fork
6991 133 has taken a fork
6991 185 is thinking
6992 112 has taken a fork
6992 183 is thinking
6992 143 has taken a fork
6993 173 is thinking
6993 180 is thinking
6994 131 has taken a fork
6994 75 is eating
6994 116 has taken a fork
6994 178 is thinking
6994 118 has taken a fork
6995 113 has taken a fork
6996 174 is thinking
6997 145 has taken a fork
6997 84 is eating
6997 144 has taken a fork
6998 147 has taken a fork
6998 140 has taken a fork
6998 86 is eating
6999 141 has taken a fork
6999 135 has taken a fork
7001 82 is eating
7001 124 has taken a fork
7001 83 is eating
7001 77 is eating
7001 85 is eating
7001 73 is eating
7002 70 is eating
7002 117 has taken a fork
7002 87 is eating
7002 71 is eating
7003 89 is eating
7004 146 has taken a fork
7005 109 has taken a fork
7006 156 has taken a fork
7007 81 is eating
7007 125 has taken a fork
7007 76 is eating
7007 88 is eating
7008 155 has taken a fork
7008 150 has taken a fork
7008 97 is eating
7009 93 is eating
7010 121 has taken a fork
7011 80 is eating
7012 91 is eating
7012 100 is eating
7013 94 is eating
7013 107 has taken a fork
7014 96 is eating
7014 152 has taken a fork
7015 165 has taken a fork
7015 153 has taken a fork
7015 99 is eating
7015 149 has taken a fork
7016 103 is eating
7017 159 has taken a fork
7018 154 has taken a fork
7018 98 is eating
7019 181 is thinking
7020 163 has taken a fork
7020 128 has taken a fork
7020 122 has taken a fork
7020 123 has taken a fork
7020 92 is eating
7020 126 has taken a fork
7021 102 is eating
7021 114 has taken a fork
7021 101 is eating
7021 105 is eating
7022 90 is eating
7022 108 is eating
7022 127 has taken a fork
7022 119 has taken a fork
7023 115 is eating
7024 138 has taken a fork
7025 95 is eating
7025 188 is thinking
7026 130 has taken a fork
7026 196 is thinking
7026 184 is thinking
7027 139 has taken a fork
7027 134 has taken a fork
7028 106 is eating
7028 110 is eating
7029 129 has taken a fork
7029 137 has taken a fork
7030 111 is eating
7030 104 is eating
7030 176 is thinking
7030 187 is thinking
7032 182 is thinking
7032 186 is thinking
7032 194 is thinking
7032 189 is thinking
7032 193 is thinking
7032 191 is thinking
7032 148 has taken a fork
7032 62 is sleeping
7034 164 has taken a fork
7034 67 is sleeping
7034 157 has taken a fork
7034 199 is thinking
7034 120 is eating
7034 60 is sleeping
7034 132 has taken a fork
7035 151 has taken a fork
7036 136 has taken a fork
7037 142 has taken a fork
7037 190 is thinking
7038 171 has taken a fork
7038 133 has taken a fork
7038 112 is eating
7038 143 has taken a fork
7038 68 is sleeping
7038 179 has taken a fork
7038 131 has taken a fork
7039 116 is eating
7039 118 is eating
7040 113 is eating
7040 72 is sleeping
7041 158 has taken a fork
7041 63 is sleeping
7041 53 is sleeping
7042 166 has taken a fork
7042 162 has taken a fork
7042 145 has taken a fork
7042 144 has taken a fork
7042 147 has taken a fork
7042 57 is sleeping
7042 140 has taken a fork
7043 79 is sleeping
7043 169 has taken a fork
7044 167 has taken a fork
7044 74 is sleeping
7044 66 is sleeping
7044 58 is sleeping
7044 168 has taken a fork
7044 141 has taken a fork
7044 170 has taken a fork
7044 160 has taken a fork
7044 135 has taken a fork
7044 124 has taken a fork
7044 198 is thinking
7044 117 is eating
7044 195 is thinking
7045 192 is thinking
7046 146 has taken a fork
7046 156 has taken a fork
7046 109 is eating
7046 197 is thinking
7046 125 is eating
7046 59 is sleeping
7047 155 has taken a fork
7047 150 has taken a fork
7047 78 is sleeping
7048 175 has taken a fork
7049 121 is eating
7050 161 has taken a fork
7050 75 is sleeping
7050 13 is thinking
7050 200 is thinking
7050 9 is thinking
7051 2 is thinking
7051 107 is eating
7051 84 is sleeping
7051 172 has taken a fork
7052 86 is sleeping
7052 185 has taken a fork
7053 177 has taken a fork
7053 152 has taken a fork
7053 165 has taken a fork
7053 153 has taken a fork
7054 149 has taken a fork
7054 85 is sleeping
7054 183 has taken a fork
7054 82 is sleeping
7054 173 has taken a fork
7056 77 is sleeping
7057 180 has taken a fork
7057 4 is thinking
7057 83 is sleeping
7058 178 has taken a fork
7058 73 is sleeping
7059 10 is thinking
7059 70 is sleeping
7059 174 has taken a fork
7059 87 is sleeping
7059 159 has taken a fork
7059 71 is sleeping
7059 154 has taken a fork
7060 181 has taken a fork
7060 89 is sleeping
7060 163 has taken a fork
7060 128 is eating
7061 122 is eating
7061 123 is eating
7061 6 is thinking
7061 126 is eating
7061 76 is sleeping
7061 88 is sleeping
7062 81 is sleeping
7062 114 is eating
7062 127 is eating
7062 119 is eating
7062 93 is sleeping
7062 97 is sleeping
7062 1 is thinking
7062 138 is eating
7063 80 is sleeping
7063 188 has taken a fork
7064 130 is eating
7064 196 has taken a fork
7064 184 has taken a fork
7064 139 is eating
7064 5 is thinking
7065 91 is sleeping
7065 134 is eating
7066 100 is sleeping
7067 129 is eating
7067 137 is eating
7067 94 is sleeping
7067 16 is thinking
7068 12 is thinking
7068 96 is sleeping
7068 3 is thinking
7070 8 is thinking
7070 176 has taken a fork
7070 187 has taken a fork
7071 99 is sleeping
7071 103 is sleeping
7071 182 has taken a fork
7072 186 has taken a fork
7072 194 has taken a fork
7072 189 has taken a fork
7073 148 is eating
7073 17 is thinking
7073 193 has taken a fork
7073 191 has taken a fork
7073 164 has taken a fork
7073 22 is thinking
7073 98 is sleeping
7074 157 has taken a fork
7074 199 has taken a fork
7074 132 is eating
7075 151 is eating
7076 11 is thinking
7076 19 is thinking
7076 136 is eating
7076 92 is sleeping
7076 142 is eating
7077 190 has taken a fork
7077 171 has taken a fork
7077 133 is eating
7077 143 is eating
7077 179 has taken a fork
7078 131 is eating
7078 20 is thinking
7078 101 is sleeping
7078 105 is sleeping
7078 102 is sleeping
7080 23 is thinking
7080 90 is sleeping
7080 108 is sleeping
7080 158 has taken a fork
7080 115 is sleeping
7080 166 has taken a fork
7081 162 has taken a fork
7081 145 is eating
7081 144 is eating
7081 147 is eating
7081 140 is eating
7081 95 is sleeping
7081 169 has taken a fork
7081 167 has taken a fork
7081 18 is thinking
7081 33 is thinking
7081 14 is thinking
7081 168 has taken a fork
7082 141 is eating
7082 170 has taken a fork
7082 160 has taken a fork
7082 135 is eating
7082 124 is eating
7082 198 has taken a fork
7082 195 has taken a fork
7082 192 has taken a fork
7082 106 is sleeping
7082 146 is eating
7083 156 is eating
7083 197 has taken a fork
7083 155 is eating
7083 110 is sleeping
7083 150 is eating
7083 175 has taken a fork
7084 29 is thinking
7084 111 is sleeping
7084 26 is thinking
7084 104 is sleeping
7084 27 is thinking
7085 161 has taken a fork
7085 13 has taken a fork
7085 200 has taken a fork
7085 9 has taken a fork
7085 2 has taken a fork
7085 172 has taken a fork
7086 185 has taken a fork
7086 177 has taken a fork
7086 15 is thinking
7086 30 is thinking
7086 152 is eating
7086 165 is eating
7086 153 is eating
7086 149 is eating
7086 183 has taken a fork
7086 120 is sleeping
7086 173 has taken a fork
7087 24 is thinking
7088 7 is thinking
7090 21 is thinking
7090 32 is thinking
7091 36 is thinking
7091 35 is thinking
7091 25 is thinking
7092 180 has taken a fork
7092 4 has taken a fork
7092 178 has taken a fork
7092 112 is sleeping
7092 116 is sleeping
7092 118 is sleeping
7092 10 has taken a fork
7092 174 has taken a fork
7093 159 is eating
7093 154 is eating
7093 45 is thinking
7094 40 is thinking
7094 34 is thinking
7094 181 has taken a fork
7094 42 is thinking
7094 113 is sleeping
7094 163 is eating
7095 31 is thinking
7095 39 is thinking
7095 44 is thinking
7095 6 has taken a fork
7095 28 is thinking
7095 1 has taken a fork
7096 37 is thinking
7096 38 is thinking
7097 47 is thinking
7097 51 is thinking
7098 188 has taken a fork
7099 41 is thinking
7099 196 has taken a fork
7099 184 has taken a fork
7099 5 has taken a fork
7099 117 is sleeping
7099 48 is thinking
7099 52 is thinking
7101 16 has taken a fork
7101 55 is thinking
7102 12 has taken a fork
7102 3 has taken a fork
7102 61 is thinking
7104 8 has taken a fork
7104 176 has taken a fork
7106 64 is thinking
7107 43 is thinking
7107 109 is sleeping
7107 187 has taken a fork
7107 182 has taken a fork
7107 125 is sleeping
7107 186 has taken a fork
7108 194 has taken a fork
7108 189 has taken a fork
7108 50 is thinking
7108 46 is thinking
7109 56 is thinking
7111 17 has taken a fork
7111 193 has taken a fork
7111 191 has taken a fork
7111 164 is eating
7111 49 is thinking
7111 22 has taken a fork
7112 54 is thinking
7112 157 is eating
7113 199 has taken a fork
7114 65 is thinking
7114 121 is sleeping
7114 69 is thinking
7114 11 has taken a fork
7114 19 has taken a fork
7114 190 has taken a fork
7114 171 is eating
7114 107 is sleeping
7114 179 is eating
7114 20 has taken a fork
7115 23 has taken a fork
7115 158 is eating
7115 166 is eating
7116 162 is eating
7116 169 is eating
7116 167 is eating
7116 18 has taken a fork
7116 33 has taken a fork
7116 168 is eating
7116 170 is eating
7116 160 is eating
7116 198 has taken a fork
7117 195 has taken a fork
7117 192 has taken a fork
7117 197 has taken a fork
7117 175 is eating
7117 161 is eating
7117 13 has taken a fork
7118 200 has taken a fork
7118 9 has taken a fork
7118 2 has taken a fork
7118 172 is eating
7119 185 is eating
7119 128 is sleeping
7119 177 is eating
7120 14 has taken a fork
7120 183 is eating
7120 173 is eating
7120 122 is sleeping
7122 29 has taken a fork
7122 123 is sleeping
7122 26 has taken a fork
7122 126 is sleeping
7125 27 has taken a fork
7127 114 is sleeping
7127 180 is eating
7127 4 has taken a fork
7127 15 has taken a fork
7127 178 is eating
7128 10 has taken a fork
7128 174 is eating
7128 119 is sleeping
7128 181 is eating
7130 127 is sleeping
7131 30 has taken a fork
7133 24 has taken a fork
7133 138 is sleeping
7133 7 has taken a fork
7133 6 has taken a fork
7133 1 has taken a fork
7133 130 is sleeping
7133 139 is sleeping
7133 21 has taken a fork
7135 32 has taken a fork
7135 134 is sleeping
7136 36 has taken a fork
7136 188 is eating
7136 129 is sleeping
7137 196 is eating
7137 184 is eating
7137 5 has taken a fork
7139 35 has taken a fork
7139 137 is sleeping
7139 25 has taken a fork
7140 16 has taken a fork
7140 12 has taken a fork
7141 3 has taken a fork
7141 8 has taken a fork
7141 176 is eating
7141 148 is sleeping
7142 45 has taken a fork
7143 187 is eating
7143 182 is eating
7143 186 is eating
7143 194 is eating
7143 189 is eating
7143 132 is sleeping
7145 40 has taken a fork
7145 151 is sleeping
7146 17 has taken a fork
7147 193 is eating
7147 191 is eating
7147 22 has taken a fork
7148 136 is sleeping
7148 142 is sleeping
7149 34 has taken a fork
7151 42 has taken a fork
7151 133 is sleeping
7152 199 is eating
7153 31 has taken a fork
7153 39 has taken a fork
7153 143 is sleeping
7155 11 has taken a fork
7155 19 has taken a fork
7156 190 is eating
7156 44 has taken a fork
7156 20 has taken a fork
7156 131 is sleeping
7156 28 has taken a fork
7157 23 has taken a fork
7157 18 has taken a fork
7157 33 has taken a fork
7157 198 is eating
7157 195 is eating
7158 192 is eating
7158 197 is eating
7158 13 is eating
7158 145 is sleeping
7158 140 is sleeping
7158 147 is sleeping
7159 144 is sleeping
7159 200 is eating
7160 51 has taken a fork
7160 9 is eating
7160 2 is eating
7160 141 is sleeping
7160 124 is sleeping
7160 135 is sleeping
7160 52 has taken a fork
7161 146 is sleeping
7162 38 has taken a fork
7163 37 has taken a fork
7165 41 has taken a fork
7166 14 has taken a fork
7166 156 is sleeping
7166 150 is sleeping
7166 155 is sleeping
7167 55 has taken a fork
7168 29 has taken a fork
7169 61 has taken a fork
7170 64 has taken a fork
7171 43 has taken a fork
7172 47 has taken a fork
7172 26 has taken a fork
7172 165 is sleeping
7172 149 is sleeping
7173 153 is sleeping
7173 152 is sleeping
7173 49 has taken a fork
7173 46 has taken a fork
7173 56 has taken a fork
7174 48 has taken a fork
7174 27 has taken a fork
7175 50 has taken a fork
7175 154 is sleeping
7176 159 is sleeping
7176 4 is eating
7176 54 has taken a fork
7176 65 has taken a fork
7176 15 has taken a fork
7176 10 is eating
7176 163 is sleeping
7176 69 has taken a fork
7177 30 has taken a fork
7178 62 is thinking
7178 24 has taken a fork
7179 7 has taken a fork
7179 6 is eating
7179 1 is eating
7180 21 has taken a fork
7181 67 is thinking
7181 60 is thinking
7182 32 has taken a fork
7182 36 has taken a fork
7182 5 is eating
7182 35 has taken a fork
7182 68 is thinking
7183 25 has taken a fork
7183 72 is thinking
7184 16 is eating
7184 12 is eating
7184 3 is eating
7185 8 is eating
7186 57 is thinking
7186 53 is thinking
7187 63 is thinking
7188 45 has taken a fork
7188 79 is thinking
7189 58 is thinking
7189 40 has taken a fork
7190 66 is thinking
7191 74 is thinking
7191 17 is eating
7191 22 is eating
7191 78 is thinking
7192 59 is thinking
7193 34 has taken a fork
7193 164 is sleeping
7194 157 is sleeping
7195 42 has taken a fork
7195 84 is thinking
7195 75 is thinking
7195 86 is thinking
7196 31 has taken a fork
7196 39 has taken a fork
7196 85 is thinking
7196 82 is thinking
7197 179 is sleeping
7197 171 is sleeping
7197 11 is eating
7197 19 is eating
7198 166 is sleeping
7198 77 is thinking
7198 158 is sleeping
7198 44 has taken a fork
7198 20 is eating
7198 28 has taken a fork
7198 23 is eating
7199 162 is sleeping
7199 169 is sleeping
7199 167 is sleeping
7199 18 is eating
7200 83 is thinking
7200 33 is eating
7200 73 is thinking
7200 160 is sleeping
7200 170 is sleeping
7200 168 is sleeping
7200 71 is thinking
7200 87 is thinking
7200 70 is thinking
7201 51 has taken a fork
7201 89 is thinking
7201 52 has taken a fork
7201 88 is thinking
7201 76 is thinking
7201 97 is thinking
7201 81 is thinking
7202 38 has taken a fork
7203 93 is thinking
7203 80 is thinking
7203 37 has taken a fork
7203 175 is sleeping
7203 161 is sleeping
7203 91 is thinking
7205 41 has taken a fork
7205 172 is sleeping
7205 177 is sleeping
7206 14 is eating
7207 100 is thinking
7207 94 is thinking
7207 185 is sleeping
7208 55 has taken a fork
7208 96 is thinking
7209 173 is sleeping
7209 183 is sleeping
7209 29 is eating
7210 61 has taken a fork
7210 64 has taken a fork
7211 99 is thinking
7212 103 is thinking
7212 43 has taken a fork
7212 178 is sleeping
7213 180 is sleeping
7213 47 has taken a fork
7213 26 is eating
7213 174 is sleeping
7213 49 has taken a fork
7213 46 has taken a fork
7214 98 is thinking
7214 56 has taken a fork
7215 181 is sleeping
7215 48 has taken a fork
7215 27 is eating
7216 50 has taken a fork
7216 54 has taken a fork
7216 65 has taken a fork
7217 15 is eating
7217 92 is thinking
7217 69 has taken a fork
7217 30 is eating
7217 105 is thinking
7217 62 has taken a fork
7217 102 is thinking
7217 101 is thinking
7217 24 is eating
7217 7 is eating
7217 90 is thinking
7218 115 is thinking
7219 108 is thinking
7219 21 is eating
7219 188 is sleeping
7220 95 is thinking
7220 67 has taken a fork
7221 60 has taken a fork
7221 184 is sleeping
7221 106 is thinking
7222 196 is sleeping
7222 32 is eating
7222 36 is eating
7222 35 is eating
7223 68 has taken a fork
7223 25 is eating
7224 110 is thinking
7224 72 has taken a fork
7225 111 is thinking
7227 104 is thinking
7227 176 is sleeping
7227 120 is thinking
7229 57 has taken a fork
7230 53 has taken a fork
7231 187 is sleeping
7231 63 has taken a fork
7231 194 is sleeping
7231 186 is sleeping
7232 189 is sleeping
7232 182 is sleeping
7232 45 is eating
7233 79 has taken a fork
7233 58 has taken a fork
7233 40 is eating
7233 193 is sleeping
7234 191 is sleeping
7234 66 has taken a fork
7235 74 has taken a fork
7235 116 is thinking
7238 112 is thinking
7238 118 is thinking
7238 78 has taken a fork
7239 59 has taken a fork
7239 199 is sleeping
7239 34 is eating
7240 113 is thinking
7240 42 is eating
7241 84 has taken a fork
7241 75 has taken a fork
7242 86 has taken a fork
7242 31 is eating
7242 39 is eating
7242 85 has taken a fork
7243 82 has taken a fork
7243 190 is sleeping
7244 77 has taken a fork
7245 44 is eating
7245 28 is eating
7245 117 is thinking
7245 83 has taken a fork
7246 73 has taken a fork
7246 71 has taken a fork
7246 87 has taken a fork
7246 70 has taken a fork
7246 51 is eating
7247 89 has taken a fork
7248 198 is sleeping
7248 195 is sleeping
7248 52 is eating
7248 88 has taken a fork
7248 76 has taken a fork
7248 97 has taken a fork
7249 81 has taken a fork
7249 197 is sleeping
7250 192 is sleeping
7250 38 is eating
7252 93 has taken a fork
7254 80 has taken a fork
7254 37 is eating
7255 91 has taken a fork
7255 13 is sleeping
7256 41 is eating
7256 200 is sleeping
7257 9 is sleeping
7257 2 is sleeping
7258 125 is thinking
7259 109 is thinking
7260 100 has taken a fork
7260 94 has taken a fork
7261 55 is eating
7262 96 has taken a fork
7263 61 is eating
7263 64 is eating
7263 103 has taken a fork
7263 43 is eating
7264 99 has taken a fork
7265 47 is eating
7265 49 is eating
7265 46 is eating
7266 121 is thinking
7267 107 is thinking
7267 98 has taken a fork
7267 56 is eating
7267 48 is eating
7270 50 is eating
7270 54 is eating
7270 65 is eating
7270 4 is sleeping
7271 92 has taken a fork
7272 69 is eating
7272 105 has taken a fork
7275 62 has taken a fork
7278 102 has taken a fork
7279 101 has taken a fork
7280 90 has taken a fork
7281 10 is sleeping
7282 115 has taken a fork
7282 108 has taken a fork
7282 6 is sleeping
7282 128 is thinking
7282 95 has taken a fork
7282 67 has taken a fork
7282 122 is thinking
7282 1 is sleeping
7282 60 has taken a fork
7282 106 has taken a fork
7282 126 is thinking
7282 123 is thinking
7282 68 has taken a fork
7282 5 is sleeping
7284 110 has taken a fork
7285 72 has taken a fork
7285 12 is sleeping
7285 114 is thinking
7286 3 is sleeping
7287 104 has taken a fork
7287 16 is sleeping
7287 111 has taken a fork
7287 119 is thinking
7287 8 is sleeping
7288 120 has taken a fork
7289 57 has taken a fork
7289 53 has taken a fork
7290 127 is thinking
7290 63 has taken a fork
7290 22 is sleeping
7291 17 is sleeping
7291 79 has taken a fork
7293 138 is thinking
7293 139 is thinking
7293 130 is thinking
7293 58 has taken a fork
7293 66 has taken a fork
7294 74 has taken a fork
7294 134 is thinking
7294 116 has taken a fork
7294 129 is thinking
7295 11 is sleeping
7295 20 is sleeping
7295 112 has taken a fork
7296 19 is sleeping
7296 118 has taken a fork
7297 78 has taken a fork
7297 137 is thinking
7297 59 has taken a fork
7297 18 is sleeping
7297 23 is sleeping
7298 113 has taken a fork
7298 33 is sleeping
7298 148 is thinking
7298 84 has taken a fork
7299 75 has taken a fork
7299 86 has taken a fork
7299 85 has taken a fork
7300 132 is thinking
7300 82 has taken a fork
7300 77 has taken a fork
7300 151 is thinking
7302 117 has taken a fork
7302 83 has taken a fork
7302 14 is sleeping
7303 73 has taken a fork
7303 71 has taken a fork
7305 87 has taken a fork
7306 70 has taken a fork
7306 89 has taken a fork
7307 88 has taken a fork
7307 29 is sleeping
7307 76 has taken a fork
7308 97 has taken a fork
7308 81 has taken a fork
7309 136 is thinking
7310 142 is thinking
7310 26 is sleeping
7312 133 is thinking
7313 93 has taken a fork
7314 143 is thinking
7314 27 is sleeping
7314 80 has taken a fork
7315 91 has taken a fork
7315 15 is sleeping
7315 131 is thinking
7315 24 is sleeping
7316 30 is sleeping
7316 7 is sleeping
7316 145 is thinking
7316 21 is sleeping
7317 147 is thinking
7318 125 has taken a fork
7318 140 is thinking
7318 144 is thinking
7318 109 has taken a fork
7319 32 is sleeping
7319 141 is thinking
7319 124 is thinking
7319 135 is thinking
7319 100 has taken a fork
7320 36 is sleeping
7320 94 has taken a fork
7320 35 is sleeping
7321 146 is thinking
7322 25 is sleeping
7325 96 has taken a fork
7325 103 has taken a fork
7325 99 has taken a fork
7325 156 is thinking
7325 121 has taken a fork
7326 150 is thinking
7326 155 is thinking
7326 107 has taken a fork
7327 98 has taken a fork
7327 45 is sleeping
7327 40 is sleeping
7328 92 has taken a fork
7329 105 has taken a fork
7329 62 is eating
7330 154 is thinking
7330 34 is sleeping
7330 152 is thinking
7330 163 is thinking
7330 42 is sleeping
7331 159 is thinking
7332 153 is thinking
7332 165 is thinking
7333 149 is thinking
7333 39 is sleeping
7333 31 is sleeping
7333 102 has taken a fork
7333 101 has taken a fork
7333 44 is sleeping
7334 28 is sleeping
7334 90 has taken a fork
7334 115 has taken a fork
7334 108 has taken a fork
7335 51 is sleeping
7335 128 has taken a fork
7335 95 has taken a fork
7335 67 is eating
7335 122 has taken a fork
7335 60 is eating
7336 106 has taken a fork
7336 126 has taken a fork
7336 123 has taken a fork
7336 68 is eating
7337 52 is sleeping
7337 110 has taken a fork
7337 38 is sleeping
7337 72 is eating
7337 114 has taken a fork
7338 104 has taken a fork
7338 37 is sleeping
7338 111 has taken a fork
7339 119 has taken a fork
7339 41 is sleeping
7339 120 has taken a fork
7339 57 is eating
7339 53 is eating
7339 127 has taken a fork
7339 63 is eating
7339 79 is eating
7339 55 is sleeping
7339 61 is sleeping
7339 138 has taken a fork
7339 64 is sleeping
7339 164 is thinking
7339 43 is sleeping
7339 139 has taken a fork
7339 130 has taken a fork
7339 58 is eating
7339 66 is eating
7340 157 is thinking
7341 49 is sleeping
7341 74 is eating
7341 47 is sleeping
7341 116 has taken a fork
7341 129 has taken a fork
7341 46 is sleeping
7341 112 has taken a fork
7341 48 is sleeping
7341 56 is sleeping
7342 118 has taken a fork
7343 179 is thinking
7343 78 is eating
7343 137 has taken a fork
7343 59 is eating
7343 134 has taken a fork
7343 171 is thinking
7344 50 is sleeping
7344 113 has taken a fork
7344 158 is thinking
7344 166 is thinking
7344 148 has taken a fork
7344 84 is eating
7345 54 is sleeping
7346 167 is thinking
7346 65 is sleeping
7347 162 is thinking
7347 86 is eating
7347 75 is eating
7348 169 is thinking
7348 85 is eating
7348 170 is thinking
7348 132 has taken a fork
7349 160 is thinking
7349 82 is eating
7349 77 is eating
7349 151 has taken a fork
7349 168 is thinking
7350 69 is sleeping
7350 117 has taken a fork
7350 83 is eating
7351 175 is thinking
7351 161 is thinking
7351 73 is eating
7352 71 is eating
7352 177 is thinking
7352 172 is thinking
7352 87 is eating
7353 70 is eating
7353 89 is eating
7354 185 is thinking
7354 88 is eating
7354 76 is eating
7354 97 is eating
7355 81 is eating
7356 183 is thinking
7357 173 is thinking
7357 136 has taken a fork
7357 142 has taken a fork
7357 133 has taken a fork
7357 178 is thinking
7358 174 is thinking
7358 180 is thinking
7359 93 is eating
7361 143 has taken a fork
7362 80 is eating
7362 91 is eating
7362 181 is thinking
7362 131 has taken a fork
7362 145 has taken a fork
7363 147 has taken a fork
7364 125 has taken a fork
7364 140 has taken a fork
7364 144 has taken a fork
7364 109 has taken a fork
7364 188 is thinking
7366 141 has taken a fork
7367 124 has taken a fork
7367 135 has taken a fork
7368 100 is eating
7368 94 is eating
7371 184 is thinking
7371 146 has taken a fork
7373 196 is thinking
7373 103 is eating
7373 99 is eating
7373 156 has taken a fork
7373 121 has taken a fork
7373 96 is eating
7374 150 has taken a fork
7375 155 has taken a fork
7375 107 has taken a fork
7376 176 is thinking
7376 98 is eating
7376 92 is eating
7377 105 is eating
7377 154 has taken a fork
7378 152 has taken a fork
7379 163 has taken a fork
7379 194 is thinking
7380 186 is thinking
7381 187 is thinking
7381 159 has taken a fork
7382 182 is thinking
7382 153 has taken a fork
7383 165 has taken a fork
7383 149 has taken a fork
7384 189 is thinking
7384 102 is eating
7384 101 is eating
7384 193 is thinking
7384 191 is thinking
7384 90 is eating
7384 115 is eating
7384 108 is eating
7385 128 has taken a fork
7385 95 is eating
7385 122 has taken a fork
7385 106 is eating
7385 126 has taken a fork
7385 123 has taken a fork
7385 110 is eating
7385 114 has taken a fork
7387 104 is eating
7387 111 is eating
7387 119 has taken a fork
7387 199 is thinking
7387 120 is eating
7387 127 has taken a fork
7387 138 has taken a fork
7388 139 has taken a fork
7388 130 has taken a fork
7388 116 is eating
7388 129 has taken a fork
7388 112 is eating
7388 118 is eating
7388 190 is thinking
7389 137 has taken a fork
7389 134 has taken a fork
7390 113 is eating
7390 148 has taken a fork
7390 198 is thinking
7390 195 is thinking
7390 132 has taken a fork
7390 197 is thinking
7390 151 has taken a fork
7390 192 is thinking
7391 117 is eating
7391 62 is sleeping
7391 13 is thinking
7391 164 has taken a fork
7391 200 is thinking
7391 9 is thinking
7392 2 is thinking
7392 136 has taken a fork
7394 142 has taken a fork
7394 133 has taken a fork
7394 60 is sleeping
7395 157 has taken a fork
7395 67 is sleeping
7395 179 has taken a fork
7396 68 is sleeping
7397 171 has taken a fork
7397 72 is sleeping
7397 158 has taken a fork
7397 143 has taken a fork
7398 131 has taken a fork
7398 145 has taken a fork
7398 63 is sleeping
7398 57 is sleeping
7398 53 is sleeping
7401 162 has taken a fork
7402 147 has taken a fork
7402 166 has taken a fork
7405 167 has taken a fork
7405 79 is sleeping
7405 169 has taken a fork
7405 58 is sleeping
7405 125 is eating
7405 140 has taken a fork
7406 144 has taken a fork
7406 109 is eating
7406 66 is sleeping
7406 74 is sleeping
7406 168 has taken a fork
7407 170 has taken a fork
7407 160 has taken a fork
7408 141 has taken a fork
7408 78 is sleeping
7408 124 has taken a fork
7408 175 has taken a fork
7409 135 has taken a fork
7409 59 is sleeping
7409 161 has taken a fork
7409 84 is sleeping
7409 177 has taken a fork
7409 4 is thinking
7409 86 is sleeping
7409 75 is sleeping
7409 146 has taken a fork
7410 172 has taken a fork
7410 185 has taken a fork
7410 85 is sleeping
7411 183 has taken a fork
7412 82 is sleeping
7412 173 has taken a fork
7412 156 has taken a fork
7412 121 is eating
7412 77 is sleeping
7413 178 has taken a fork
7414 150 has taken a fork
7414 83 is sleeping
7414 155 has taken a fork
7414 107 is eating
7414 174 has taken a fork
7415 87 is sleeping
7415 71 is sleeping
7415 73 is sleeping
7415 188 has taken a fork
7415 180 has taken a fork
7416 181 has taken a fork
7416 70 is sleeping
7416 184 has taken a fork
7416 154 has taken a fork
7416 89 is sleeping
7416 76 is sleeping
7416 152 has taken a fork
7417 196 has taken a fork
7417 97 is sleeping
7417 88 is sleeping
7418 81 is sleeping
7418 176 has taken a fork
7419 163 has taken a fork
7420 194 has taken a fork
7420 186 has taken a fork
7420 93 is sleeping
7420 10 is thinking
7421 187 has taken a fork
7422 159 has taken a fork
7422 6 is thinking
7422 1 is thinking
7422 182 has taken a fork
7423 153 has taken a fork
7423 5 is thinking
7424 91 is sleeping
7424 165 has taken a fork
7424 80 is sleeping
7424 149 has taken a fork
7424 189 has taken a fork
7424 193 has taken a fork
7424 128 is eating
7424 122 is eating
7424 126 is eating
7424 123 is eating
7424 114 is eating
7425 12 is thinking
7425 3 is thinking
7425 16 is thinking
7425 8 is thinking
7425 119 is eating
7425 127 is eating
7425 138 is eating
7425 139 is eating
7425 94 is sleeping
7425 100 is sleeping
7426 199 has taken a fork
7426 130 is eating
7427 191 has taken a fork
7427 129 is eating
7429 137 is eating
7429 134 is eating
7430 22 is thinking
7430 148 is eating
7431 132 is eating
7431 151 is eating
7431 96 is sleeping
7431 190 has taken a fork
7431 17 is thinking
7432 164 has taken a fork
7432 136 is eating
7432 103 is sleeping
7433 198 has taken a fork
7433 99 is sleeping
7433 195 has taken a fork
7433 142 is eating
7433 133 is eating
7433 98 is sleeping
7434 20 is thinking
7434 197 has taken a fork
7435 11 is thinking
7436 157 has taken a fork
7436 19 is thinking
7437 179 has taken a fork
7437 105 is sleeping
7438 92 is sleeping
7438 13 has taken a fork
7439 18 is thinking
7439 171 has taken a fork
7440 158 has taken a fork
7440 143 is eating
7440 23 is thinking
7441 192 has taken a fork
7442 131 is eating
7442 33 is thinking
7443 145 is eating
7443 101 is sleeping
7443 200 has taken a fork
7444 115 is sleeping
7444 9 has taken a fork
7444 102 is sleeping
7447 162 has taken a fork
7447 90 is sleeping
7448 2 has taken a fork
7448 108 is sleeping
7449 147 is eating
7449 14 is thinking
7449 166 has taken a fork
7450 95 is sleeping
7450 106 is sleeping
7450 110 is sleeping
7450 167 has taken a fork
7450 169 has taken a fork
7450 140 is eating
7452 144 is eating
7452 168 has taken a fork
7452 111 is sleeping
7452 104 is sleeping
7453 29 is thinking
7453 170 has taken a fork
7454 160 has taken a fork
7454 120 is sleeping
7455 141 is eating
7455 124 is eating
7455 175 has taken a fork
7456 135 is eating
7456 161 has taken a fork
7456 177 has taken a fork
7457 4 has taken a fork
7457 146 is eating
7457 172 has taken a fork
7457 26 is thinking
7457 185 has taken a fork
7458 183 has taken a fork
7458 116 is sleeping
7458 173 has taken a fork
7458 156 is eating
7458 118 is sleeping
7459 112 is sleeping
7459 178 has taken a fork
7459 27 is thinking
7460 150 is eating
7460 155 is eating
7460 174 has taken a fork
7461 24 is thinking
7462 188 has taken a fork
7462 113 is sleeping
7464 15 is thinking
7465 180 has taken a fork
7466 30 is thinking
7466 181 has taken a fork
7467 7 is thinking
7467 21 is thinking
7467 184 has taken a fork
7467 154 is eating
7468 152 is eating
7468 196 has taken a fork
7469 117 is sleeping
7469 176 has taken a fork
7469 32 is thinking
7469 163 is eating
7470 35 is thinking
7470 194 has taken a fork
7470 36 is thinking
7470 186 has taken a fork
7470 10 has taken a fork
7470 187 has taken a fork
7470 25 is thinking
7471 159 is eating
7472 6 has taken a fork
7473 1 has taken a fork
7473 182 has taken a fork
7473 153 is eating
7473 5 has taken a fork
7473 165 is eating
7473 149 is eating
7474 189 has taken a fork
7474 193 has taken a fork
7474 12 has taken a fork
7475 3 has taken a fork
7475 16 has taken a fork
7475 8 has taken a fork
7476 199 has taken a fork
7476 45 is thinking
7477 40 is thinking
7477 191 has taken a fork
7480 42 is thinking
7482 34 is thinking
7482 22 has taken a fork
7483 190 has taken a fork
7483 125 is sleeping
7483 17 has taken a fork
7484 164 is eating
7485 198 has taken a fork
7485 195 has taken a fork
7487 31 is thinking
7487 109 is sleeping
7488 39 is thinking
7488 44 is thinking
7488 20 has taken a fork
7488 28 is thinking
7489 197 has taken a fork
7489 51 is thinking
7489 11 has taken a fork
7489 157 is eating
7490 19 has taken a fork
7490 38 is thinking
7490 52 is thinking
7491 179 is eating
7492 13 has taken a fork
7493 37 is thinking
7495 18 has taken a fork
7498 41 is thinking
7498 61 is thinking
7498 64 is thinking
7498 43 is thinking
7498 121 is sleeping
7498 55 is thinking
7498 171 is eating
7499 158 is eating
7499 23 has taken a fork
7499 49 is thinking
7499 47 is thinking
7499 107 is sleeping
7500 46 is thinking
7501 48 is thinking
7502 192 has taken a fork
7502 56 is thinking
7502 33 has taken a fork
7504 200 has taken a fork
7505 9 has taken a fork
7505 54 is thinking
7505 50 is thinking
7506 65 is thinking
7506 162 is eating
7506 2 has taken a fork
7507 166 is eating
7508 69 is thinking
7509 167 is eating
7509 169 is eating
7509 168 is eating
7509 122 is sleeping
7509 14 has taken a fork
7510 123 is sleeping
7510 128 is sleeping
7511 126 is sleeping
7511 170 is eating
7511 29 has taken a fork
7512 160 is eating
7512 114 is sleeping
7512 175 is eating
7512 119 is sleeping
7512 161 is eating
7512 177 is eating
7513 4 has taken a fork
7513 172 is eating
7514 26 has taken a fork
7514 185 is eating
7514 183 is eating
7514 127 is sleeping
7515 139 is sleeping
7515 138 is sleeping
7515 178 is eating
7515 173 is eating
7515 27 has taken a fork
7515 130 is sleeping
7516 174 is eating
7516 129 is sleeping
7516 24 has taken a fork
7516 188 is eating
7516 137 is sleeping
7516 134 is sleeping
7516 148 is sleeping
7516 15 has taken a fork
7517 180 is eating
7517 151 is sleeping
7518 132 is sleeping
7520 30 has taken a fork
7521 181 is eating
7521 7 has taken a fork
7522 21 has taken a fork
7522 184 is eating
7522 196 is eating
7522 176 is eating
7523 32 has taken a fork
7523 35 has taken a fork
7524 194 is eating
7524 36 has taken a fork
7524 186 is eating
7525 10 has taken a fork
7526 187 is eating
7528 25 has taken a fork
7529 136 is sleeping
7530 142 is sleeping
7530 6 has taken a fork
7530 1 has taken a fork
7530 133 is sleeping
7531 182 is eating
7531 5 has taken a fork
7531 189 is eating
7531 193 is eating
7531 12 has taken a fork
7531 3 has taken a fork
7531 16 has taken a fork
7531 8 has taken a fork
7532 199 is eating
7532 45 has taken a fork
7532 40 has taken a fork
7532 191 is eating
7533 143 is sleeping
7533 131 is sleeping
7533 145 is sleeping
7535 42 has taken a fork
7535 34 has taken a fork
7538 22 has taken a fork
7538 147 is sleeping
7538 190 is eating
7538 17 has taken a fork
7538 140 is sleeping
7539 144 is sleeping
7539 198 is eating
7539 195 is eating
7539 124 is sleeping
7539 31 has taken a fork
7539 141 is sleeping
7540 39 has taken a fork
7540 44 has taken a fork
7540 20 has taken a fork
7540 135 is sleeping
7540 28 has taken a fork
7540 197 is eating
7541 146 is sleeping
7541 51 has taken a fork
7541 11 has taken a fork
7542 19 has taken a fork
7542 62 is thinking
7543 13 is eating
7543 156 is sleeping
7543 155 is sleeping
7544 150 is sleeping
7547 38 has taken a fork
7547 52 has taken a fork
7547 37 has taken a fork
7549 60 is thinking
7550 67 is thinking
7552 18 has taken a fork
7553 68 is thinking
7553 41 has taken a fork
7553 57 is thinking
7555 53 is thinking
7556 63 is thinking
7558 72 is thinking
7558 61 has taken a fork
7559 64 has taken a fork
7559 43 has taken a fork
7559 55 has taken a fork
7560 23 has taken a fork
7561 49 has taken a fork
7561 154 is sleeping
7562 47 has taken a fork
7562 152 is sleeping
7562 163 is sleeping
7564 46 has taken a fork
7564 159 is sleeping
7564 48 has taken a fork
7564 192 is eating
7564 56 has taken a fork
7564 33 has taken a fork
7565 153 is sleeping
7565 165 is sleeping
7565 149 is sleeping
7568 200 is eating
7569 9 is eating
7570 79 is thinking
7571 54 has taken a fork
7571 58 is thinking
7571 50 has taken a fork
7571 66 is thinking
7581 74 is thinking
7581 65 has taken a fork
7581 2 is eating
7581 78 is thinking
7581 69 has taken a fork
7582 75 is thinking
7582 86 is thinking
7582 59 is thinking
7582 14 has taken a fork
7582 85 is thinking
7582 84 is thinking
7582 29 has taken a fork
7582 77 is thinking
7582 82 is thinking
7583 4 is eating
7583 26 has taken a fork
7583 73 is thinking
7583 27 has taken a fork
7583 87 is thinking
7584 71 is thinking
7584 83 is thinking
7584 70 is thinking
7584 89 is thinking
7584 76 is thinking
7584 15 has taken a fork
7584 88 is thinking
7584 24 has taken a fork
7584 97 is thinking
7584 81 is thinking
7584 93 is thinking
7584 164 is sleeping
7585 30 has taken a fork
7585 7 has taken a fork
7585 21 has taken a fork
7585 32 has taken a fork
7585 35 has taken a fork
7585 91 is thinking
7585 157 is sleeping
7585 80 is thinking
7585 36 has taken a fork
7585 94 is thinking
7585 100 is thinking
7585 179 is sleeping
7585 10 is eating
7586 25 has taken a fork
7586 171 is sleeping
7586 6 is eating
7586 158 is sleeping
7586 1 is eating
7587 96 is thinking
7587 5 is eating
7587 12 is eating
7587 3 is eating
7587 16 is eating
7587 8 is eating
7588 103 is thinking
7588 45 has taken a fork
7589 40 has taken a fork
7589 98 is thinking
7589 99 is thinking
7589 162 is sleeping
7589 166 is sleeping
7589 42 has taken a fork
7589 34 has taken a fork
7590 167 is sleeping
7590 169 is sleeping
7590 105 is thinking
7590 168 is sleeping
7590 92 is thinking
7591 22 is eating
7591 17 is eating
7591 170 is sleeping
7591 160 is sleeping
7592 31 has taken a fork
7592 175 is sleeping
7592 161 is sleeping
7592 39 has taken a fork
7592 44 has taken a fork
7593 20 is eating
7594 28 has taken a fork
7595 177 is sleeping
7595 51 has taken a fork
7595 11 is eating
7595 172 is sleeping
7595 19 is eating
7595 62 has taken a fork
7596 183 is sleeping
7596 185 is sleeping
7597 101 is thinking
7597 173 is sleeping
7598 115 is thinking
7598 102 is thinking
7598 178 is sleeping
7598 188 is sleeping
7599 174 is sleeping
7599 90 is thinking
7599 180 is sleeping
7599 38 has taken a fork
7600 52 has taken a fork
7601 108 is thinking
7601 181 is sleeping
7601 37 has taken a fork
7601 60 has taken a fork
7601 106 is thinking
7601 184 is sleeping
7602 196 is sleeping
7602 110 is thinking
7603 95 is thinking
7603 67 has taken a fork
7603 176 is sleeping
7604 194 is sleeping
7604 186 is sleeping
7604 104 is thinking
7605 111 is thinking
7605 18 is eating
7606 68 has taken a fork
7607 41 has taken a fork
7607 187 is sleeping
7608 120 is thinking
7609 57 has taken a fork
7609 53 has taken a fork
7609 63 has taken a fork
7609 182 is sleeping
7609 72 has taken a fork
7609 193 is sleeping
7609 61 has taken a fork
7609 116 is thinking
7610 118 is thinking
7610 189 is sleeping
7611 112 is thinking
7612 64 has taken a fork
7612 43 has taken a fork
7612 55 has taken a fork
7612 23 is eating
7612 199 is sleeping
7613 191 is sleeping
7613 49 has taken a fork
7613 47 has taken a fork
7615 113 is thinking
7615 46 has taken a fork
7615 48 has taken a fork
7615 56 has taken a fork
7615 33 is eating
7615 190 is sleeping
7616 195 is sleeping
7616 198 is sleeping
7616 197 is sleeping
7616 117 is thinking
7617 13 is sleeping
7617 54 has taken a fork
7617 79 has taken a fork
7617 58 has taken a fork
7617 50 has taken a fork
7618 66 has taken a fork
7618 192 is sleeping
7619 65 has taken a fork
7619 74 has taken a fork
7619 78 has taken a fork
7619 69 has taken a fork
7620 75 has taken a fork
7620 86 has taken a fork
7620 59 has taken a fork
7621 14 is eating
7621 85 has taken a fork
7621 84 has taken a fork
7621 29 is eating
7622 77 has taken a fork
7622 82 has taken a fork
7622 125 is thinking
7623 26 is eating
7623 73 has taken a fork
7623 27 is eating
7624 87 has taken a fork
7624 71 has taken a fork
7624 83 has taken a fork
7625 70 has taken a fork
7626 89 has taken a fork
7626 76 has taken a fork
7626 15 is eating
7627 88 has taken a fork
7627 24 is eating
7628 97 has taken a fork
7629 81 has taken a fork
7629 93 has taken a fork
7629 9 is sleeping
7630 30 is eating
7631 200 is sleeping
7631 7 is eating
7631 21 is eating
7632 32 is eating
7632 35 is eating
7632 91 has taken a fork
7633 36 is eating
7633 80 has taken a fork
7633 94 has taken a fork
7634 100 has taken a fork
7635 25 is eating
7636 96 has taken a fork
7636 109 is thinking
7637 103 has taken a fork
7637 45 is eating
7638 40 is eating
7638 98 has taken a fork
7639 99 has taken a fork
7639 34 is eating
7639 105 has taken a fork
7639 42 is eating
7640 92 has taken a fork
7640 2 is sleeping
7641 31 is eating
7641 39 is eating
7641 44 is eating
7641 28 is eating
7641 51 is eating
7641 62 has taken a fork
7642 4 is sleeping
7642 101 has taken a fork
7643 121 is thinking
7643 115 has taken a fork
7643 102 has taken a fork
7643 107 is thinking
7643 90 has taken a fork
7644 52 is eating
7644 38 is eating
7644 37 is eating
7645 60 has taken a fork
7645 67 has taken a fork
7645 10 is sleeping
7645 108 has taken a fork
7645 1 is sleeping
7645 106 has taken a fork
7646 6 is sleeping
7646 110 has taken a fork
7646 5 is sleeping
7646 12 is sleeping
7646 8 is sleeping
7647 95 has taken a fork
7647 16 is sleeping
7647 3 is sleeping
7648 68 has taken a fork
7648 111 has taken a fork
7648 104 has taken a fork
7649 41 is eating
7649 120 has taken a fork
7650 122 is thinking
7650 57 has taken a fork
7651 53 has taken a fork
7651 63 has taken a fork
7651 72 has taken a fork
7651 61 is eating
7651 116 has taken a fork
7652 128 is thinking
7652 123 is thinking
7652 22 is sleeping
7653 126 is thinking
7653 118 has taken a fork
7653 114 is thinking
7653 17 is sleeping
7653 119 is thinking
7655 112 has taken a fork
7655 64 is eating
7656 43 is eating
7657 55 is eating
7657 49 is eating
7657 47 is eating
7657 20 is sleeping
7658 127 is thinking
7659 138 is thinking
7659 139 is thinking
7659 11 is sleeping
7660 130 is thinking
7661 113 has taken a fork
7661 46 is eating
7661 48 is eating
7661 56 is eating
7662 129 is thinking
7663 137 is thinking
7663 148 is thinking
7663 19 is sleeping
7663 134 is thinking
7663 117 has taken a fork
7664 151 is thinking
7664 54 is eating
7664 79 has taken a fork
7664 58 has taken a fork
7664 50 is eating
7665 132 is thinking
7666 66 has taken a fork
7666 65 is eating
7666 74 has taken a fork
7666 78 has taken a fork
7666 69 is eating
7667 75 has taken a fork
7667 86 has taken a fork
7668 59 has taken a fork
7668 85 has taken a fork
7668 84 has taken a fork
7668 18 is sleeping
7668 77 has taken a fork
7668 82 has taken a fork
7668 125 has taken a fork
7668 73 has taken a fork
7669 87 has taken a fork
7669 71 has taken a fork
7670 83 has taken a fork
7670 70 has taken a fork
7671 89 has taken a fork
7671 76 has taken a fork
7672 88 has taken a fork
7673 23 is sleeping
7675 97 has taken a fork
7676 81 has taken a fork
7676 33 is sleeping
7676 136 is thinking
7676 93 has taken a fork
7677 142 is thinking
7677 133 is thinking
7678 145 is thinking
7678 91 has taken a fork
7679 143 is thinking
7679 131 is thinking
7679 80 has taken a fork
7680 94 has taken a fork
7681 100 has taken a fork
7681 96 has taken a fork
7681 109 has taken a fork
7681 14 is sleeping
7682 103 has taken a fork
7682 29 is sleeping
7682 140 is thinking
7682 98 has taken a fork
7683 147 is thinking
7683 144 is thinking
7684 99 has taken a fork
7684 105 has taken a fork
7684 141 is thinking
7684 124 is thinking
7684 26 is sleeping
7684 135 is thinking
7684 92 has taken a fork
7684 27 is sleeping
7685 146 is thinking
7685 62 is eating
7685 101 has taken a fork
7686 155 is thinking
7686 156 is thinking
7687 121 has taken a fork
7687 115 has taken a fork
7687 102 has taken a fork
7687 107 has taken a fork
7687 90 has taken a fork
7687 24 is sleeping
7687 150 is thinking
7687 60 is eating
7687 67 is eating
7688 108 has taken a fork
7688 15 is sleeping
7688 106 has taken a fork
7688 110 has taken a fork
7689 95 has taken a fork
7690 30 is sleeping
7690 68 is eating
7690 111 has taken a fork
7690 104 has taken a fork
7692 7 is sleeping
7693 120 has taken a fork
7693 21 is sleeping
7693 122 has taken a fork
7693 57 is eating
7693 32 is sleeping
7693 35 is sleeping
7694 53 is eating
7694 63 is eating
7695 72 is eating
7695 116 has taken a fork
7696 128 has taken a fork
7696 123 has taken a fork
7696 36 is sleeping
7696 126 has taken a fork
7697 118 has taken a fork
7697 25 is sleeping
7698 114 has taken a fork
7699 119 has taken a fork
7699 112 has taken a fork
7699 45 is sleeping
7699 40 is sleeping
7702 127 has taken a fork
7702 138 has taken a fork
7702 139 has taken a fork
7702 130 has taken a fork
7702 154 is thinking
7703 42 is sleeping
7703 113 has taken a fork
7703 34 is sleeping
7703 163 is thinking
7704 129 has taken a fork
7704 152 is thinking
7704 137 has taken a fork
7704 148 has taken a fork
7704 134 has taken a fork
7704 117 has taken a fork
7704 151 has taken a fork
7704 159 is thinking
7704 79 is eating
7704 31 is sleeping
7705 58 is eating
7705 51 is sleeping
7705 165 is thinking
7705 39 is sleeping
7706 153 is thinking
7706 132 has taken a fork
7706 149 is thinking
7706 28 is sleeping
7706 44 is sleeping
7706 66 is eating
7706 74 is eating
7706 78 is eating
7706 75 is eating
7706 86 is eating
7707 59 is eating
7707 84 is eating
7707 85 is eating
7707 77 is eating
7707 82 is eating
7707 125 has taken a fork
7707 73 is eating
7707 52 is sleeping
7707 37 is sleeping
7707 38 is sleeping
7707 87 is eating
7707 71 is eating
7707 83 is eating
7707 70 is eating
7707 89 is eating
7707 76 is eating
7708 88 is eating
7708 61 is sleeping
7708 81 is eating
7708 136 has taken a fork
7708 93 is eating
7709 64 is sleeping
7710 142 has taken a fork
7710 97 is eating
7710 41 is sleeping
7710 133 has taken a fork
7710 43 is sleeping
7710 55 is sleeping
7710 47 is sleeping
7710 145 has taken a fork
7711 49 is sleeping
7711 91 is eating
7711 143 has taken a fork
7712 131 has taken a fork
7712 80 is eating
7712 94 is eating
7713 100 is eating
7713 46 is sleeping
7713 96 is eating
7713 48 is sleeping
7714 109 has taken a fork
7714 56 is sleeping
7714 103 is eating
7714 140 has taken a fork
7714 98 is eating
7716 147 has taken a fork
7716 144 has taken a fork
7716 99 is eating
7717 105 is eating
7717 141 has taken a fork
7718 124 has taken a fork
7719 164 is thinking
7719 135 has taken a fork
7719 92 is eating
7719 50 is sleeping
7719 54 is sleeping
7720 157 is thinking
7721 179 is thinking
7723 146 has taken a fork
7724 158 is thinking
7726 171 is thinking
7726 101 is eating
7727 155 has taken a fork
7727 65 is sleeping
7729 156 has taken a fork
7730 121 has taken a fork
7730 69 is sleeping
7731 102 is eating
7731 115 is eating
7732 107 has taken a fork
7732 90 is eating
7733 150 has taken a fork
7734 108 is eating
7734 106 is eating
7734 110 is eating
7734 166 is thinking
7734 162 is thinking
7734 95 is eating
7735 168 is thinking
7736 169 is thinking
7737 167 is thinking
7738 111 is eating
7738 104 is eating
7739 170 is thinking
7740 160 is thinking
7741 175 is thinking
7741 161 is thinking
7741 120 is eating
7741 122 has taken a fork
7742 177 is thinking
7742 172 is thinking
7742 116 is eating
7742 185 is thinking
7742 183 is thinking
7742 128 has taken a fork
7742 123 has taken a fork
7743 118 is eating
7744 126 has taken a fork
7744 173 is thinking
7745 178 is thinking
7745 188 is thinking
7745 114 has taken a fork
7745 180 is thinking
7747 174 is thinking
7747 119 has taken a fork
7747 112 is eating
7747 181 is thinking
7747 184 is thinking
7747 127 has taken a fork
7748 196 is thinking
7749 138 has taken a fork
7749 139 has taken a fork
7749 130 has taken a fork
7749 154 has taken a fork
7749 176 is thinking
7749 113 is eating
7749 163 has taken a fork
7749 194 is thinking
7749 186 is thinking
7750 129 has taken a fork
7750 152 has taken a fork
7750 137 has taken a fork
7750 148 has taken a fork
7750 134 has taken a fork
7750 117 is eating
7750 151 has taken a fork
7753 159 has taken a fork
7753 165 has taken a fork
7754 153 has taken a fork
7754 132 has taken a fork
7755 149 has taken a fork
7755 125 is eating
7755 187 is thinking
7755 136 has taken a fork
7755 193 is thinking
7756 182 is thinking
7756 142 has taken a fork
7756 133 has taken a fork
7756 145 has taken a fork
7756 189 is thinking
7757 143 has taken a fork
7757 199 is thinking
7757 131 has taken a fork
7758 191 is thinking
7758 62 is sleeping
7758 109 is eating
7758 140 has taken a fork
7758 198 is thinking
7758 195 is thinking
7758 197 is thinking
7758 147 has taken a fork
7759 190 is thinking
7761 144 has taken a fork
7761 13 is thinking
7761 141 has taken a fork
7761 60 is sleeping
7761 192 is thinking
7761 124 has taken a fork
7762 164 has taken a fork
7762 135 has taken a fork
7762 67 is sleeping
7763 157 has taken a fork
7763 179 has taken a fork
7763 68 is sleeping
7764 146 has taken a fork
7764 57 is sleeping
7764 158 has taken a fork
7765 53 is sleeping
7765 63 is sleeping
7765 171 has taken a fork
7765 72 is sleeping
7766 155 has taken a fork
7766 156 has taken a fork
7767 9 is thinking
7767 121 is eating
7768 200 is thinking
7768 107 is eating
7769 150 has taken a fork
7769 166 has taken a fork
7769 162 has taken a fork
7770 168 has taken a fork
7770 58 is sleeping
7771 169 has taken a fork
7771 79 is sleeping
7772 167 has taken a fork
7772 66 is sleeping
7772 160 has taken a fork
7772 2 is thinking
7772 122 is eating
7772 4 is thinking
7772 128 is eating
7772 123 is eating
7772 74 is sleeping
7772 78 is sleeping
7773 75 is sleeping
7773 86 is sleeping
7773 161 has taken a fork
7773 126 is eating
7774 175 has taken a fork
7774 177 has taken a fork
7775 170 has taken a fork
7775 85 is sleeping
7775 10 is thinking
7775 1 is thinking
7775 59 is sleeping
7775 82 is sleeping
7775 183 has taken a fork
7775 84 is sleeping
7776 87 is sleeping
7776 77 is sleeping
7776 178 has taken a fork
7776 172 has taken a fork
7776 73 is sleeping
7776 185 has taken a fork
7776 188 has taken a fork
7776 114 is eating
7776 180 has taken a fork
7776 173 has taken a fork
7776 71 is sleeping
7776 5 is thinking
7776 12 is thinking
7777 8 is thinking
7777 89 is sleeping
7778 81 is sleeping
7778 83 is sleeping
7778 70 is sleeping
7778 88 is sleeping
7778 76 is sleeping
7779 97 is sleeping
7779 174 has taken a fork
7780 3 is thinking
7782 6 is thinking
7782 16 is thinking
7782 119 is eating
7783 93 is sleeping
7785 181 has taken a fork
7786 184 has taken a fork
7786 127 is eating
7786 91 is sleeping
7786 196 has taken a fork
7786 100 is sleeping
7786 80 is sleeping
7786 94 is sleeping
7786 138 is eating
7787 139 is eating
7787 130 is eating
7788 154 has taken a fork
7788 176 has taken a fork
7788 163 has taken a fork
7789 194 has taken a fork
7789 186 has taken a fork
7790 129 is eating
7790 96 is sleeping
7790 152 has taken a fork
7790 137 is eating
7790 148 is eating
7790 134 is eating
7790 151 is eating
7790 103 is sleeping
7791 98 is sleeping
7791 22 is thinking
7791 99 is sleeping
7793 159 has taken a fork
7794 17 is thinking
7795 165 has taken a fork
7795 105 is sleeping
7795 153 has taken a fork
7796 132 is eating
7796 92 is sleeping
7797 149 has taken a fork
7798 187 has taken a fork
7799 136 is eating
7799 193 has taken a fork
7799 182 has taken a fork
7800 142 is eating
7800 133 is eating
7800 145 is eating
7801 189 has taken a fork
7801 143 is eating
7801 199 has taken a fork
7803 131 is eating
7803 20 is thinking
7804 191 has taken a fork
7804 140 is eating
7804 198 has taken a fork
7804 195 has taken a fork
7805 197 has taken a fork
7806 147 is eating
7807 11 is thinking
7809 190 has taken a fork
7809 144 is eating
7809 13 has taken a fork
7809 141 is eating
7809 192 has taken a fork
7810 124 is eating
7810 101 is sleeping
7811 164 has taken a fork
7811 135 is eating
7811 19 is thinking
7812 157 has taken a fork
7813 179 has taken a fork
7814 146 is eating
7815 158 has taken a fork
7815 115 is sleeping
7815 102 is sleeping
7815 171 has taken a fork
7816 90 is sleeping
7816 155 is eating
7816 156 is eating
7817 9 has taken a fork
7817 18 is thinking
7817 200 has taken a fork
7817 108 is sleeping
7817 110 is sleeping
7818 106 is sleeping
7818 150 is eating
7818 166 has taken a fork
7819 162 has taken a fork
7819 168 has taken a fork
7819 95 is sleeping
7820 169 has taken a fork
7820 167 has taken a fork
7821 160 has taken a fork
7822 2 has taken a fork
7822 4 has taken a fork
7823 23 is thinking
7823 111 is sleeping
7823 104 is sleeping
7823 161 has taken a fork
7823 175 has taken a fork
7824 177 has taken a fork
7824 120 is sleeping
7824 170 has taken a fork
7824 10 has taken a fork
7824 1 has taken a fork
7824 183 has taken a fork
7824 116 is sleeping
7824 178 has taken a fork
7824 172 has taken a fork
7825 185 has taken a fork
7827 188 has taken a fork
7827 33 is thinking
7827 180 has taken a fork
7828 173 has taken a fork
7829 5 has taken a fork
7830 12 has taken a fork
7830 118 is sleeping
7830 8 has taken a fork
7831 174 has taken a fork
7831 112 is sleeping
7831 3 has taken a fork
7831 113 is sleeping
7831 29 is thinking
7831 6 has taken a fork
7831 14 is thinking
7831 16 has taken a fork
7831 117 is sleeping
7832 26 is thinking
7832 27 is thinking
7833 181 has taken a fork
7833 184 has taken a fork
7833 196 has taken a fork
7833 24 is thinking
7834 15 is thinking
7834 154 is eating
7834 176 has taken a fork
7834 163 is eating
7834 125 is sleeping
7834 194 has taken a fork
7834 186 has taken a fork
7835 30 is thinking
7835 152 is eating
7835 22 has taken a fork
7836 7 is thinking
7837 32 is thinking
7837 159 is eating
7838 35 is thinking
7839 21 is thinking
7839 17 has taken a fork
7840 165 is eating
7840 153 is eating
7841 36 is thinking
7841 109 is sleeping
7841 149 is eating
7841 25 is thinking
7842 187 has taken a fork
7843 45 is thinking
7844 40 is thinking
7844 193 has taken a fork
7844 182 has taken a fork
7845 189 has taken a fork
7845 199 has taken a fork
7845 42 is thinking
7845 34 is thinking
7846 20 has taken a fork
7846 191 has taken a fork
7847 198 has taken a fork
7847 31 is thinking
7847 195 has taken a fork
7847 121 is sleeping
7848 197 has taken a fork
7848 51 is thinking
7848 39 is thinking
7849 28 is thinking
7849 44 is thinking
7849 107 is sleeping
7849 52 is thinking
7850 38 is thinking
7850 37 is thinking
7851 11 has taken a fork
7851 61 is thinking
7853 64 is thinking
7853 190 has taken a fork
7853 13 has taken a fork
7853 192 has taken a fork
7853 47 is thinking
7853 55 is thinking
7854 43 is thinking
7854 41 is thinking
7854 164 is eating
7854 122 is sleeping
7855 19 has taken a fork
7856 49 is thinking
7856 128 is sleeping
7856 157 is eating
7856 123 is sleeping
7858 48 is thinking
7858 46 is thinking
7858 179 is eating
7858 56 is thinking
7858 126 is sleeping
7859 114 is sleeping
7859 158 is eating
7860 171 is eating
7861 9 has taken a fork
7861 18 has taken a fork
7862 200 has taken a fork
7862 119 is sleeping
7862 166 is eating
7862 50 is thinking
7862 162 is eating
7864 54 is thinking
7864 168 is eating
7865 169 is eating
7865 167 is eating
7865 160 is eating
7866 127 is sleeping
7866 2 has taken a fork
7866 4 has taken a fork
7866 138 is sleeping
7866 23 has taken a fork
7866 161 is eating
7866 175 is eating
7867 130 is sleeping
7867 139 is sleeping
7867 177 is eating
7868 170 is eating
7868 10 has taken a fork
7868 1 has taken a fork
7869 183 is eating
7869 178 is eating
7869 172 is eating
7869 185 is eating
7869 129 is sleeping
7870 137 is sleeping
7870 151 is sleeping
7870 134 is sleeping
7872 148 is sleeping
7872 188 is eating
7873 33 has taken a fork
7873 180 is eating
7873 65 is thinking
7873 173 is eating
7873 5 has taken a fork
7873 69 is thinking
7875 12 has taken a fork
7875 132 is sleeping
7875 8 has taken a fork
7875 174 is eating
7875 3 has taken a fork
7877 29 has taken a fork
7877 6 has taken a fork
7878 14 has taken a fork
7879 16 has taken a fork
7879 26 has taken a fork
7879 27 has taken a fork
7879 181 is eating
7879 184 is eating
7879 196 is eating
7880 24 has taken a fork
7880 15 has taken a fork
7880 176 is eating
7880 194 is eating
7880 186 is eating
7881 30 has taken a fork
7883 22 has taken a fork
7883 7 has taken a fork
7885 32 has taken a fork
7885 136 is sleeping
7886 35 has taken a fork
7886 142 is sleeping
7886 145 is sleeping
7887 133 is sleeping
7888 21 has taken a fork
7889 17 has taken a fork
7890 143 is sleeping
7890 131 is sleeping
7892 36 has taken a fork
7892 25 has taken a fork
7894 187 is eating
7895 140 is sleeping
7895 45 has taken a fork
7896 40 has taken a fork
7896 193 is eating
7896 182 is eating
7897 147 is sleeping
7897 189 is eating
7898 199 is eating
7898 42 has taken a fork
7898 34 has taken a fork
7899 144 is sleeping
7900 20 has taken a fork
7901 191 is eating
7901 124 is sleeping
7904 198 is eating
7904 141 is sleeping
7904 31 has taken a fork
7904 195 is eating
7905 197 is eating
7905 135 is sleeping
7905 51 has taken a fork
7906 39 has taken a fork
7907 44 has taken a fork
7908 28 has taken a fork
7909 52 has taken a fork
7909 38 has taken a fork
7909 146 is sleeping
7910 37 has taken a fork
7910 155 is sleeping
7910 156 is sleeping
7912 11 has taken a fork
7913 61 has taken a fork
7913 64 has taken a fork
7913 190 is eating
7913 150 is sleeping
7914 13 is eating
7914 192 is eating
7915 47 has taken a fork
7915 55 has taken a fork
7916 43 has taken a fork
7916 41 has taken a fork
7918 19 has taken a fork
7919 49 has taken a fork
7919 62 is thinking
7920 60 is thinking
7921 9 is eating
7923 18 has taken a fork
7924 67 is thinking
7924 200 is eating
7925 68 is thinking
7925 57 is thinking
7926 63 is thinking
7926 53 is thinking
7926 72 is thinking
7927 2 is eating
7927 4 is eating
7928 23 has taken a fork
7928 10 is eating
7928 1 is eating
7928 154 is sleeping
7929 163 is sleeping
7931 46 has taken a fork
7931 48 has taken a fork
7932 58 is thinking
7932 152 is sleeping
7932 159 is sleeping
7932 79 is thinking
7932 56 has taken a fork
7933 78 is thinking
7934 50 has taken a fork
7935 66 is thinking
7935 153 is sleeping
7935 33 has taken a fork
7935 86 is thinking
7937 5 is eating
7937 75 is thinking
7938 54 has taken a fork
7939 165 is sleeping
7939 149 is sleeping
7940 74 is thinking
7941 69 has taken a fork
7942 65 has taken a fork
7942 8 is eating
7943 3 is eating
7944 84 is thinking
7945 85 is thinking
7946 82 is thinking
7947 59 is thinking
7948 12 is eating
7948 77 is thinking
7949 29 has taken a fork
7951 87 is thinking
7951 89 is thinking
7953 73 is thinking
7953 71 is thinking
7953 6 is eating
7954 70 is thinking
7954 83 is thinking
7954 81 is thinking
7954 76 is thinking
7954 88 is thinking
7954 14 has taken a fork
7954 97 is thinking
7954 16 is eating
7954 26 has taken a fork
7954 27 has taken a fork
7954 24 has taken a fork
7955 15 has taken a fork
7955 30 has taken a fork
7955 22 is eating
7955 93 is thinking
7955 7 has taken a fork
7955 32 has taken a fork
7955 35 has taken a fork
7955 100 is thinking
7955 94 is thinking
7956 91 is thinking
7957 80 is thinking
7957 164 is sleeping
7957 21 has taken a fork
7957 157 is sleeping
7958 17 is eating
7958 179 is sleeping
7958 103 is thinking
7958 96 is thinking
7958 98 is thinking
7958 36 has taken a fork
7959 99 is thinking
7959 158 is sleeping
7959 25 has taken a fork
7959 171 is sleeping
7959 45 has taken a fork
7959 92 is thinking
7959 105 is thinking
7959 40 has taken a fork
7960 166 is sleeping
7960 42 has taken a fork
7960 34 has taken a fork
7960 162 is sleeping
7960 20 is eating
7960 168 is sleeping
7960 167 is sleeping
7961 160 is sleeping
7961 169 is sleeping
7961 31 has taken a fork
7961 161 is sleeping
7962 175 is sleeping
7962 51 has taken a fork
7962 39 has taken a fork
7962 170 is sleeping
7962 177 is sleeping
7962 183 is sleeping
7963 185 is sleeping
7963 172 is sleeping
7963 178 is sleeping
7963 44 has taken a fork
7964 28 has taken a fork
7964 180 is sleeping
7965 188 is sleeping
7965 52 has taken a fork
7966 38 has taken a fork
7966 37 has taken a fork
7966 101 is thinking
7966 173 is sleeping
7966 174 is sleeping
7966 11 is eating
7967 61 has taken a fork
7967 184 is sleeping
7967 64 has taken a fork
7967 181 is sleeping
7967 196 is sleeping
7967 176 is sleeping
7967 186 is sleeping
7967 194 is sleeping
7967 115 is thinking
7968 102 is thinking
7969 47 has taken a fork
7971 55 has taken a fork
7972 90 is thinking
7973 43 has taken a fork
7973 41 has taken a fork
7973 108 is thinking
7974 110 is thinking
7974 106 is thinking
7974 19 is eating
7976 95 is thinking
7977 49 has taken a fork
7977 62 has taken a fork
7977 60 has taken a fork
7978 104 is thinking
7978 111 is thinking
7978 18 is eating
7980 120 is thinking
7980 67 has taken a fork
7982 116 is thinking
7982 68 has taken a fork
7982 57 has taken a fork
7983 187 is sleeping
7983 182 is sleeping
7983 193 is sleeping
7983 63 has taken a fork
7983 53 has taken a fork
7984 72 has taken a fork
7984 189 is sleeping
7984 199 is sleeping
7985 23 is eating
7985 118 is thinking
7985 191 is sleeping
7987 117 is thinking
7989 113 is thinking
7989 46 has taken a fork
7989 198 is sleeping
7989 195 is sleeping
7991 112 is thinking
7991 48 has taken a fork
7991 197 is sleeping
7992 79 has taken a fork
7992 56 has taken a fork
7992 58 has taken a fork
7992 78 has taken a fork
7993 125 is thinking
7993 50 has taken a fork
7994 66 has taken a fork
7994 33 is eating
7994 86 has taken a fork
7995 190 is sleeping
7995 75 has taken a fork
7995 192 is sleeping
7995 13 is sleeping
7995 54 has taken a fork
7995 74 has taken a fork
7996 109 is thinking
7996 69 has taken a fork
7996 65 has taken a fork
7996 84 has taken a fork
7996 9 is sleeping
7996 85 has taken a fork
7996 200 is sleeping
7997 82 has taken a fork
7997 121 is thinking
7998 59 has taken a fork
7998 77 has taken a fork
7998 107 is thinking
7998 4 is sleeping
7998 29 is eating
7998 2 is sleeping
7998 89 has taken a fork
7998 10 is sleeping
7998 1 is sleeping
7999 87 has taken a fork
7999 73 has taken a fork
7999 71 has taken a fork
7999 122 is thinking
8000 70 has taken a fork
8000 83 has taken a fork
8000 81 has taken a fork
8000 76 has taken a fork
8001 88 has taken a fork
8001 14 is eating
8001 97 has taken a fork
8001 26 is eating
8001 27 is eating
8001 24 is eating
8001 15 is eating
8001 30 is eating
8001 93 has taken a fork
8002 7 is eating
8003 32 is eating
8003 35 is eating
8003 100 has taken a fork
8003 94 has taken a fork
8004 91 has taken a fork
8004 123 is thinking
8006 128 is thinking
8007 80 has taken a fork
8007 5 is sleeping
8007 21 is eating
8007 103 has taken a fork
8008 96 has taken a fork
8008 98 has taken a fork
8008 36 is eating
8008 114 is thinking
8009 99 has taken a fork
8009 25 is eating
8009 45 is eating
8010 126 is thinking
8010 92 has taken a fork
8010 105 has taken a fork
8011 40 is eating
8011 42 is eating
8011 8 is sleeping
8011 34 is eating
8012 31 is eating
8012 3 is sleeping
8012 51 is eating
8012 39 is eating
8012 119 is thinking
8012 44 is eating
8012 12 is sleeping
8013 28 is eating
8013 52 is eating
8013 138 is thinking
8013 38 is eating
8014 37 is eating
8014 101 has taken a fork
8014 127 is thinking
8014 139 is thinking
8015 130 is thinking
8016 61 is eating
8016 64 is eating
8017 115 has taken a fork
8017 6 is sleeping
8017 16 is sleeping
8017 102 has taken a fork
8019 47 is eating
8020 129 is thinking
8021 134 is thinking
8022 151 is thinking
8022 137 is thinking
8022 148 is thinking
8023 90 has taken a fork
8023 55 is eating
8023 22 is sleeping
8027 43 is eating
8027 41 is eating
8028 108 has taken a fork
8029 110 has taken a fork
8029 106 has taken a fork
8029 17 is sleeping
8030 95 has taken a fork
8031 132 is thinking
8031 49 is eating
8031 62 has taken a fork
8031 60 has taken a fork
8032 104 has taken a fork
8033 111 has taken a fork
8034 67 has taken a fork
8034 20 is sleeping
8034 120 has taken a fork
8037 116 has taken a fork
8037 68 has taken a fork
8037 57 has taken a fork
8037 63 has taken a fork
8038 53 has taken a fork
8039 72 has taken a fork
8040 136 is thinking
8041 118 has taken a fork
8041 145 is thinking
8041 11 is sleeping
8041 117 has taken a fork
8042 133 is thinking
8042 142 is thinking
8042 113 has taken a fork
8042 46 is eating
8042 131 is thinking
8042 143 is thinking
8044 112 has taken a fork
8044 48 is eating
8044 79 has taken a fork
8044 56 is eating
8044 58 has taken a fork
8044 78 has taken a fork
8044 19 is sleeping
8045 125 has taken a fork
8045 50 is eating
8046 66 has taken a fork
8046 86 has taken a fork
8047 140 is thinking
8047 75 has taken a fork
8047 54 is eating
8047 74 has taken a fork
8048 69 is eating
8048 65 is eating
8048 84 has taken a fork
8048 85 has taken a fork
8048 82 has taken a fork
8048 147 is thinking
8048 18 is sleeping
8050 109 has taken a fork
8050 59 has taken a fork
8050 77 has taken a fork
8050 89 has taken a fork
8051 144 is thinking
8051 87 has taken a fork
8051 73 has taken a fork
8052 71 has taken a fork
8052 70 has taken a fork
8052 83 has taken a fork
8052 81 has taken a fork
8052 76 has taken a fork
8052 88 has taken a fork
8053 97 has taken a fork
8053 124 is thinking
8053 93 has taken a fork
8054 100 has taken a fork
8054 94 has taken a fork
8054 141 is thinking
8054 91 has taken a fork
8054 23 is sleeping
8054 135 is thinking
8056 121 has taken a fork
8056 80 has taken a fork
8057 103 has taken a fork
8057 96 has taken a fork
8057 98 has taken a fork
8058 146 is thinking
8058 99 has taken a fork
8058 156 is thinking
8058 155 is thinking
8059 92 has taken a fork
8059 105 has taken a fork
8059 33 is sleeping
8060 107 has taken a fork
8060 150 is thinking
8060 101 has taken a fork
8061 29 is sleeping
8062 122 has taken a fork
8062 14 is sleeping
8062 27 is sleeping
8062 24 is sleeping
8062 115 has taken a fork
8062 26 is sleeping
8062 126 has taken a fork
8062 114 has taken a fork
8063 102 has taken a fork
8063 123 has taken a fork
8064 30 is sleeping
8064 15 is sleeping
8064 138 has taken a fork
8064 128 has taken a fork
8065 119 has taken a fork
8065 7 is sleeping
8066 127 has taken a fork
8066 32 is sleeping
8067 35 is sleeping
8067 139 has taken a fork
8067 130 has taken a fork
8067 21 is sleeping
8067 90 has taken a fork
8067 129 has taken a fork
8067 36 is sleeping
8067 134 has taken a fork
8067 25 is sleeping
8067 45 is sleeping
8068 137 has taken a fork
8068 151 has taken a fork
8068 42 is sleeping
8069 148 has taken a fork
8069 34 is sleeping
8069 108 has taken a fork
8071 154 is thinking
8071 40 is sleeping
8071 110 has taken a fork
8072 163 is thinking
8072 106 has taken a fork
8072 51 is sleeping
8072 39 is sleeping
8073 31 is sleeping
8074 95 has taken a fork
8075 44 is sleeping
8077 28 is sleeping
8078 52 is sleeping
8078 132 has taken a fork
8078 62 is eating
8078 60 is eating
8079 159 is thinking
8079 38 is sleeping
8079 104 has taken a fork
8079 37 is sleeping
8079 152 is thinking
8079 111 has taken a fork
8079 67 is eating
8079 120 has taken a fork
8080 153 is thinking
8080 64 is sleeping
8080 47 is sleeping
8080 61 is sleeping
8080 116 has taken a fork
8080 68 is eating
8080 57 is eating
8080 63 is eating
8080 53 is eating
8081 165 is thinking
8082 149 is thinking
8082 55 is sleeping
8082 72 is eating
8082 136 has taken a fork
8082 118 has taken a fork
8082 43 is sleeping
8083 41 is sleeping
8083 145 has taken a fork
8083 117 has taken a fork
8083 133 has taken a fork
8083 142 has taken a fork
8083 113 has taken a fork
8084 131 has taken a fork
8085 143 has taken a fork
8085 49 is sleeping
8085 112 has taken a fork
8085 79 is eating
8085 78 is eating
8085 58 is eating
8085 125 has taken a fork
8086 66 is eating
8086 86 is eating
8086 140 has taken a fork
8086 75 is eating
8086 74 is eating
8086 84 is eating
8086 85 is eating
8086 82 is eating
8088 147 has taken a fork
8089 109 has taken a fork
8089 59 is eating
8089 77 is eating
8089 89 is eating
8090 144 has taken a fork
8090 87 is eating
8090 73 is eating
8090 71 is eating
8090 70 is eating
8090 83 is eating
8090 81 is eating
8090 76 is eating
8090 88 is eating
8090 97 is eating
8091 124 has taken a fork
8091 93 is eating
8091 100 is eating
8091 94 is eating
8091 141 has taken a fork
8092 91 is eating
8092 135 has taken a fork
8092 46 is sleeping
8092 121 has taken a fork
8092 80 is eating
8094 157 is thinking
8094 103 is eating
8096 164 is thinking
8096 96 is eating
8097 48 is sleeping
8097 98 is eating
8097 56 is sleeping
8098 179 is thinking
8101 146 has taken a fork
8101 99 is eating
8103 156 has taken a fork
8104 155 has taken a fork
8104 92 is eating
8105 171 is thinking
8106 158 is thinking
8106 105 is eating
8108 50 is sleeping
8109 107 has taken a fork
8113 167 is thinking
8119 168 is thinking
8123 166 is thinking
8124 162 is thinking
8126 150 has taken a fork
8126 101 is eating
8126 161 is thinking
8126 160 is thinking
8126 69 is sleeping
8126 169 is thinking
8126 54 is sleeping
8126 183 is thinking
8126 122 has taken a fork
8126 65 is sleeping
8126 177 is thinking
8126 175 is thinking
8126 170 is thinking
8127 115 is eating
8127 126 has taken a fork
8127 114 has taken a fork
8127 172 is thinking
8127 185 is thinking
8127 102 is eating
8129 178 is thinking
8129 123 has taken a fork
8130 180 is thinking
8130 138 has taken a fork
8130 188 is thinking
8130 128 has taken a fork
8130 119 has taken a fork
8131 173 is thinking
8131 127 has taken a fork
8131 174 is thinking
8131 186 is thinking
8131 181 is thinking
8131 176 is thinking
8131 139 has taken a fork
8131 130 has taken a fork
8131 196 is thinking
8131 184 is thinking
8131 90 is eating
8132 194 is thinking
8132 134 has taken a fork
8132 129 has taken a fork
8132 137 has taken a fork
8132 151 has taken a fork
8133 148 has taken a fork
8133 108 is eating
8133 154 has taken a fork
8133 110 is eating
8133 163 has taken a fork
8133 106 is eating
8133 95 is eating
8133 132 has taken a fork
8133 159 has taken a fork
8133 104 is eating
8133 152 has taken a fork
8133 111 is eating
8133 120 is eating
8133 153 has taken a fork
8133 116 is eating
8134 165 has taken a fork
8134 149 has taken a fork
8134 136 has taken a fork
8134 118 is eating
8134 187 is thinking
8134 145 has taken a fork
8135 117 is eating
8135 133 has taken a fork
8135 142 has taken a fork
8135 113 is eating
8136 193 is thinking
8136 131 has taken a fork
8137 182 is thinking
8137 189 is thinking
8139 199 is thinking
8139 143 has taken a fork
8139 112 is eating
8139 125 is eating
8140 191 is thinking
8140 140 has taken a fork
8142 147 has taken a fork
8142 198 is thinking
8142 109 is eating
8143 195 is thinking
8144 144 has taken a fork
8144 124 has taken a fork
8144 197 is thinking
8145 141 has taken a fork
8145 135 has taken a fork
8146 121 is eating
8146 192 is thinking
8147 13 is thinking
8147 200 is thinking
8147 9 is thinking
8148 190 is thinking
8148 4 is thinking
8149 2 is thinking
8149 10 is thinking
8149 62 is sleeping
8149 60 is sleeping
8150 1 is thinking
8150 146 has taken a fork
8150 164 has taken a fork
8150 157 has taken a fork
8150 67 is sleeping
8150 156 has taken a fork
8150 68 is sleeping
8150 53 is sleeping
8150 63 is sleeping
8151 179 has taken a fork
8151 57 is sleeping
8152 155 has taken a fork
8152 72 is sleeping
8153 171 has taken a fork
8155 158 has taken a fork
8155 5 is thinking
8155 79 is sleeping
8155 78 is sleeping
8156 58 is sleeping
8156 107 is eating
8156 66 is sleeping
8156 86 is sleeping
8156 75 is sleeping
8156 12 is thinking
8157 8 is thinking
8159 167 has taken a fork
8159 3 is thinking
8160 84 is sleeping
8160 82 is sleeping
8160 85 is sleeping
8160 59 is sleeping
8160 77 is sleeping
8160 16 is thinking
8161 74 is sleeping
8162 6 is thinking
8166 168 has taken a fork
8166 89 is sleeping
8166 70 is sleeping
8166 88 is sleeping
8166 76 is sleeping
8166 71 is sleeping
8166 81 is sleeping
8166 83 is sleeping
8166 97 is sleeping
8166 87 is sleeping
8166 73 is sleeping
8166 100 is sleeping
8166 93 is sleeping
8166 94 is sleeping
8169 166 has taken a fork
8169 91 is sleeping
8169 162 has taken a fork
8171 22 is thinking
8171 80 is sleeping
8171 103 is sleeping
8174 150 has taken a fork
8176 161 has taken a fork
8178 160 has taken a fork
8178 169 has taken a fork
8178 183 has taken a fork
8178 122 is eating
8178 177 has taken a fork
8179 175 has taken a fork
8179 170 has taken a fork
8179 96 is sleeping
8179 126 is eating
8180 114 is eating
8180 172 has taken a fork
8181 185 has taken a fork
8181 98 is sleeping
8181 178 has taken a fork
8182 123 is eating
8182 17 is thinking
8182 99 is sleeping
8182 180 has taken a fork
8182 138 is eating
8182 188 has taken a fork
8182 128 is eating
8182 119 is eating
8183 173 has taken a fork
8183 127 is eating
8183 174 has taken a fork
8183 186 has taken a fork
8185 181 has taken a fork
8187 176 has taken a fork
8187 139 is eating
8187 130 is eating
8188 196 has taken a fork
8189 92 is sleeping
8190 184 has taken a fork
8193 194 has taken a fork
8193 134 is eating
8193 129 is eating
8193 137 is eating
8193 151 is eating
8193 105 is sleeping
8193 148 is eating
8194 154 has taken a fork
8195 163 has taken a fork
8195 132 is eating
8196 159 has taken a fork
8197 152 has taken a fork
8197 153 has taken a fork
8197 20 is thinking
8199 165 has taken a fork
8199 149 has taken a fork
8200 136 is eating
8200 187 has taken a fork
8200 145 is eating
8201 133 is eating
8201 142 is eating
8201 193 has taken a fork
8201 131 is eating
8201 182 has taken a fork
8201 189 has taken a fork
8201 199 has taken a fork
8202 143 is eating
8202 191 has taken a fork
8202 140 is eating
8202 11 is thinking
8203 147 is eating
8203 198 has taken a fork
8205 195 has taken a fork
8205 19 is thinking
8205 144 is eating
8205 124 is eating
8205 197 has taken a fork
8205 141 is eating
8205 101 is sleeping
8205 135 is eating
8205 192 has taken a fork
8205 115 is sleeping
8206 13 has taken a fork
8206 200 has taken a fork
8206 9 has taken a fork
8206 18 is thinking
8207 102 is sleeping
8207 190 has taken a fork
8207 4 has taken a fork
8207 146 is eating
8207 164 has taken a fork
8207 157 has taken a fork
8207 156 is eating
8208 179 has taken a fork
8208 90 is sleeping
8208 155 is eating
8208 2 has taken a fork
8208 108 is sleeping
8208 10 has taken a fork
8208 171 has taken a fork
8209 23 is thinking
8210 106 is sleeping
8210 110 is sleeping
8210 95 is sleeping
8210 1 has taken a fork
8210 158 has taken a fork
8210 5 has taken a fork
8210 104 is sleeping
8211 111 is sleeping
8211 12 has taken a fork
8211 120 is sleeping
8211 8 has taken a fork
8211 116 is sleeping
8211 33 is thinking
8211 167 has taken a fork
8211 118 is sleeping
8213 3 has taken a fork
8213 117 is sleeping
8213 16 has taken a fork
8213 29 is thinking
8214 14 is thinking
8214 26 is thinking
8214 113 is sleeping
8214 24 is thinking
8214 27 is thinking
8214 6 has taken a fork
8215 30 is thinking
8216 15 is thinking
8216 112 is sleeping
8216 7 is thinking
8217 32 is thinking
8217 168 has taken a fork
8218 125 is sleeping
8219 25 is thinking
8220 45 is thinking
8221 21 is thinking
8223 35 is thinking
8225 36 is thinking
8227 34 is thinking
8230 42 is thinking
8230 166 has taken a fork
8230 162 has taken a fork
8231 40 is thinking
8232 22 has taken a fork
8233 109 is sleeping
8234 31 is thinking
8234 39 is thinking
8234 51 is thinking
8234 150 is eating
8237 44 is thinking
8237 161 has taken a fork
8237 121 is sleeping
8238 52 is thinking
8238 28 is thinking
8238 160 has taken a fork
8238 169 has taken a fork
8238 183 has taken a fork
8239 177 has taken a fork
8239 175 has taken a fork
8239 38 is thinking
8239 37 is thinking
8239 170 has taken a fork
8239 47 is thinking
8239 61 is thinking
8239 64 is thinking
8239 172 has taken a fork
8239 185 has taken a fork
8240 178 has taken a fork
8242 43 is thinking
8242 17 has taken a fork
8242 180 has taken a fork
8242 55 is thinking
8242 188 has taken a fork
8243 41 is thinking
8243 173 has taken a fork
8244 174 has taken a fork
8244 186 has taken a fork
8244 107 is sleeping
8245 49 is thinking
8245 181 has taken a fork
8245 176 has taken a fork
8246 196 has taken a fork
8246 184 has taken a fork
8247 46 is thinking
8247 194 has taken a fork
8247 154 is eating
8247 163 is eating
8247 159 is eating
8247 122 is sleeping
8248 152 is eating
8248 56 is thinking
8249 48 is thinking
8249 153 is eating
8250 20 has taken a fork
8250 126 is sleeping
8250 114 is sleeping
8250 165 is eating
8250 149 is eating
8250 123 is sleeping
8251 138 is sleeping
8251 187 has taken a fork
8251 119 is sleeping
8251 182 has taken a fork
8251 189 has taken a fork
8252 127 is sleeping
8252 128 is sleeping
8255 199 has taken a fork
8255 193 has taken a fork
8256 191 has taken a fork
8256 11 has taken a fork
8256 198 has taken a fork
8257 139 is sleeping
8257 130 is sleeping
8259 195 has taken a fork
8260 19 has taken a fork
8260 197 has taken a fork
8260 192 has taken a fork
8261 13 has taken a fork
8261 200 has taken a fork
8261 9 has taken a fork
8262 18 has taken a fork
8262 190 has taken a fork
8262 4 has taken a fork
8262 164 is eating
8263 157 is eating
8263 50 is thinking
8263 179 is eating
8263 2 has taken a fork
8263 10 has taken a fork
8263 171 is eating
8263 129 is sleeping
8263 134 is sleeping
8263 23 has taken a fork
8264 151 is sleeping
8264 137 is sleeping
8264 1 has taken a fork
8265 158 is eating
8265 5 has taken a fork
8265 148 is sleeping
8265 12 has taken a fork
8266 8 has taken a fork
8266 167 is eating
8266 132 is sleeping
8267 3 has taken a fork
8269 33 has taken a fork
8269 16 has taken a fork
8270 29 has taken a fork
8271 14 has taken a fork
8276 26 has taken a fork
8277 24 has taken a fork
8277 27 has taken a fork
8277 6 has taken a fork
8277 30 has taken a fork
8282 15 has taken a fork
8283 7 has taken a fork
8283 32 has taken a fork
8283 168 is eating
8285 25 has taken a fork
8285 136 is sleeping
8286 45 has taken a fork
8286 145 is sleeping
8287 21 has taken a fork
8287 142 is sleeping
8287 133 is sleeping
8287 143 is sleeping
8287 131 is sleeping
8288 35 has taken a fork
8288 140 is sleeping
8289 36 has taken a fork
8289 147 is sleeping
8290 54 is thinking
8291 69 is thinking
8292 65 is thinking
8292 144 is sleeping
8292 124 is sleeping
8292 135 is sleeping
8292 34 has taken a fork
8293 141 is sleeping
8293 42 has taken a fork
8293 166 is eating
8293 162 is eating
8295 40 has taken a fork
8297 22 has taken a fork
8297 146 is sleeping
8298 156 is sleeping
8298 155 is sleeping
8302 31 has taken a fork
8302 39 has taken a fork
8302 51 has taken a fork
8302 44 has taken a fork
8302 161 is eating
8303 52 has taken a fork
8303 28 has taken a fork
8304 160 is eating
8304 169 is eating
8305 183 is eating
8305 177 is eating
8305 175 is eating
8306 38 has taken a fork
8308 37 has taken a fork
8309 170 is eating
8310 47 has taken a fork
8311 61 has taken a fork
8312 64 has taken a fork
8312 172 is eating
8313 185 is eating
8313 178 is eating
8313 43 has taken a fork
8313 17 has taken a fork
8313 180 is eating
8313 55 has taken a fork
8314 188 is eating
8314 41 has taken a fork
8314 173 is eating
8314 174 is eating
8314 186 is eating
8314 181 is eating
8314 176 is eating
8314 196 is eating
8315 184 is eating
8316 150 is sleeping
8316 194 is eating
8318 49 has taken a fork
8321 60 is thinking
8322 62 is thinking
8322 20 has taken a fork
8322 63 is thinking
8324 53 is thinking
8324 68 is thinking
8325 67 is thinking
8325 57 is thinking
8326 187 is eating
8326 182 is eating
8327 189 is eating
8327 72 is thinking
8329 199 is eating
8329 79 is thinking
8329 193 is eating
8330 66 is thinking
8330 86 is thinking
8330 191 is eating
8330 78 is thinking
8331 75 is thinking
8331 58 is thinking
8331 11 has taken a fork
8331 198 is eating
8332 154 is sleeping
8332 195 is eating
8332 46 has taken a fork
8332 19 has taken a fork
8332 197 is eating
8332 163 is sleeping
8333 84 is thinking
8333 77 is thinking
8334 59 is thinking
8334 85 is thinking
8335 56 has taken a fork
8336 82 is thinking
8336 192 is eating
8336 13 is eating
8336 74 is thinking
8336 200 is eating
8336 9 is eating
8336 190 is eating
8336 4 is eating
8336 159 is sleeping
8336 2 is eating
8336 10 is eating
8336 18 has taken a fork
8336 23 has taken a fork
8336 48 has taken a fork
8336 152 is sleeping
8336 1 is eating
8336 50 has taken a fork
8336 153 is sleeping
8336 5 is eating
8336 12 is eating
8337 100 is thinking
8338 93 is thinking
8340 83 is thinking
8340 149 is sleeping
8340 71 is thinking
8341 76 is thinking
8341 165 is sleeping
8342 94 is thinking
8342 8 is eating
8343 73 is thinking
8344 81 is thinking
8344 3 is eating
8345 89 is thinking
8345 88 is thinking
8346 87 is thinking
8346 97 is thinking
8347 70 is thinking
8347 33 has taken a fork
8347 91 is thinking
8347 16 is eating
8347 29 has taken a fork
8348 80 is thinking
8348 14 has taken a fork
8348 26 has taken a fork
8348 103 is thinking
8348 24 has taken a fork
8349 27 has taken a fork
8349 6 is eating
8349 30 has taken a fork
8349 157 is sleeping
8349 164 is sleeping
8349 15 has taken a fork
8351 98 is thinking
8351 96 is thinking
8351 99 is thinking
8351 179 is sleeping
8352 7 has taken a fork
8352 32 has taken a fork
8352 171 is sleeping
8353 25 has taken a fork
8353 158 is sleeping
8353 45 has taken a fork
8354 21 has taken a fork
8354 35 has taken a fork
8354 92 is thinking
8354 36 has taken a fork
8354 54 has taken a fork
8354 167 is sleeping
8356 69 has taken a fork
8356 65 has taken a fork
8356 34 has taken a fork
8356 42 has taken a fork
8356 105 is thinking
8356 40 has taken a fork
8356 22 is eating
8356 168 is sleeping
8358 31 has taken a fork
8358 39 has taken a fork
8358 51 has taken a fork
8358 44 has taken a fork
8358 52 has taken a fork
8358 28 has taken a fork
8358 115 is thinking
8358 101 is thinking
8358 38 has taken a fork
8358 102 is thinking
8358 166 is sleeping
8358 108 is thinking
8358 90 is thinking
8358 37 has taken a fork
8358 162 is sleeping
8361 110 is thinking
8361 104 is thinking
8362 47 has taken a fork
8362 106 is thinking
8362 95 is thinking
8362 120 is thinking
8363 61 has taken a fork
8363 111 is thinking
8363 118 is thinking
8363 116 is thinking
8363 64 has taken a fork
8364 117 is thinking
8364 43 has taken a fork
8364 17 is eating
8364 55 has taken a fork
8364 41 has taken a fork
8364 113 is thinking
8364 161 is sleeping
8365 169 is sleeping
8365 160 is sleeping
8366 112 is thinking
8366 177 is sleeping
8366 175 is sleeping
8366 183 is sleeping
8367 125 is thinking
8367 170 is sleeping
8367 49 has taken a fork
8367 185 is sleeping
8368 172 is sleeping
8368 178 is sleeping
8368 60 has taken a fork
8368 180 is sleeping
8368 62 has taken a fork
8368 20 is eating
8368 63 has taken a fork
8368 188 is sleeping
8368 196 is sleeping
8368 176 is sleeping
8368 173 is sleeping
8369 181 is sleeping
8369 186 is sleeping
8369 174 is sleeping
8369 184 is sleeping
8369 53 has taken a fork
8369 194 is sleeping
8372 68 has taken a fork
8373 67 has taken a fork
8373 57 has taken a fork
8374 72 has taken a fork
8374 79 has taken a fork
8375 66 has taken a fork
8375 86 has taken a fork
8375 187 is sleeping
8375 78 has taken a fork
8375 75 has taken a fork
8375 58 has taken a fork
8375 11 is eating
8375 189 is sleeping
8375 182 is sleeping
8377 46 has taken a fork
8377 19 is eating
8377 193 is sleeping
8379 109 is thinking
8380 84 has taken a fork
8384 77 has taken a fork
8386 199 is sleeping
8388 59 has taken a fork
8390 85 has taken a fork
8390 191 is sleeping
8391 56 has taken a fork
8393 82 has taken a fork
8397 74 has taken a fork
8397 18 is eating
8397 23 is eating
8397 48 has taken a fork
8397 50 has taken a fork
8397 198 is sleeping
8397 121 is thinking
8399 100 has taken a fork
8399 197 is sleeping
8400 195 is sleeping
8400 93 has taken a fork
8402 83 has taken a fork
8402 192 is sleeping
8403 71 has taken a fork
8403 13 is sleeping
8403 200 is sleeping
8403 4 is sleeping
8403 9 is sleeping
8403 190 is sleeping
8404 76 has taken a fork
8405 94 has taken a fork
8405 73 has taken a fork
8405 2 is sleeping
8407 107 is thinking
8407 81 has taken a fork
8408 89 has taken a fork
8408 10 is sleeping
8409 88 has taken a fork
8409 1 is sleeping
8409 5 is sleeping
8409 12 is sleeping
8409 87 has taken a fork
8410 97 has taken a fork
8410 70 has taken a fork
8410 33 is eating
8410 91 has taken a fork
8410 29 is eating
8410 80 has taken a fork
8411 14 is eating
8412 26 is eating
8412 122 is thinking
8412 103 has taken a fork
8414 24 is eating
8414 27 is eating
8415 30 is eating
8415 15 is eating
8415 8 is sleeping
8416 126 is thinking
8416 123 is thinking
8418 114 is thinking
8418 119 is thinking
8420 138 is thinking
8422 98 has taken a fork
8425 96 has taken a fork
8429 99 has taken a fork
8429 128 is thinking
8430 3 is sleeping
8431 7 is eating
8431 127 is thinking
8434 32 is eating
8436 45 is eating
8436 25 is eating
8436 16 is sleeping
8436 21 is eating
8436 35 is eating
8437 92 has taken a fork
8437 36 is eating
8437 54 has taken a fork
8438 6 is sleeping
8439 69 has taken a fork
8439 65 has taken a fork
8439 34 is eating
8439 42 is eating
8439 105 has taken a fork
8440 40 is eating
8440 139 is thinking
8440 130 is thinking
8442 31 is eating
8442 39 is eating
8442 51 is eating
8442 44 is eating
8442 52 is eating
8442 28 is eating
8443 115 has taken a fork
8443 101 has taken a fork
8443 38 is eating
8444 102 has taken a fork
8444 108 has taken a fork
8444 37 is eating
8444 90 has taken a fork
8445 110 has taken a fork
8446 104 has taken a fork
8446 47 is eating
8446 106 has taken a fork
8447 95 has taken a fork
8447 134 is thinking
8447 120 has taken a fork
8448 61 is eating
8449 129 is thinking
8449 111 has taken a fork
8450 118 has taken a fork
8450 64 is eating
8450 22 is sleeping
8451 137 is thinking
8451 151 is thinking
8452 116 has taken a fork
8452 43 is eating
8452 55 is eating
8453 41 is eating
8453 148 is thinking
8453 132 is thinking
8454 49 is eating
8454 60 has taken a fork
8454 62 has taken a fork
8454 63 has taken a fork
8454 53 has taken a fork
8454 68 has taken a fork
8454 17 is sleeping
8454 67 has taken a fork
8454 57 has taken a fork
8454 117 has taken a fork
8454 72 has taken a fork
8454 79 has taken a fork
8454 66 has taken a fork
8454 86 has taken a fork
8455 78 has taken a fork
8455 75 has taken a fork
8455 58 has taken a fork
8455 46 is eating
8455 84 has taken a fork
8455 20 is sleeping
8455 77 has taken a fork
8455 113 has taken a fork
8455 136 is thinking
8455 145 is thinking
8455 140 is thinking
8455 143 is thinking
8455 131 is thinking
8455 142 is thinking
8455 133 is thinking
8456 11 is sleeping
8456 147 is thinking
8456 59 has taken a fork
8456 112 has taken a fork
8456 85 has taken a fork
8456 19 is sleeping
8456 125 has taken a fork
8456 56 is eating
8457 135 is thinking
8457 124 is thinking
8457 141 is thinking
8457 144 is thinking
8457 82 has taken a fork
8457 146 is thinking
8457 74 has taken a fork
8457 48 is eating
8457 50 is eating
8459 156 is thinking
8460 155 is thinking
8460 100 has taken a fork
8460 93 has taken a fork
8460 18 is sleeping
8461 109 has taken a fork
8461 83 has taken a fork
8461 23 is sleeping
8461 121 has taken a fork
8462 71 has taken a fork
8462 76 has taken a fork
8462 94 has taken a fork
8462 73 has taken a fork
8462 81 has taken a fork
8462 89 has taken a fork
8462 88 has taken a fork
8462 87 has taken a fork
8462 97 has taken a fork
8462 70 has taken a fork
8462 91 has taken a fork
8462 80 has taken a fork
8462 33 is sleeping
8462 107 has taken a fork
8462 29 is sleeping
8462 26 is sleeping
8462 14 is sleeping
8463 103 has taken a fork
8464 122 has taken a fork
8464 24 is sleeping
8464 27 is sleeping
8464 30 is sleeping
8465 150 is thinking
8465 15 is sleeping
8468 126 has taken a fork
8468 123 has taken a fork
8468 114 has taken a fork
8469 119 has taken a fork
8469 138 has taken a fork
8469 98 has taken a fork
8469 96 has taken a fork
8469 99 has taken a fork
8469 128 has taken a fork
8469 7 is sleeping
8470 127 has taken a fork
8471 163 is thinking
8472 154 is thinking
8473 32 is sleeping
8473 152 is thinking
8474 153 is thinking
8475 159 is thinking
8475 45 is sleeping
8477 25 is sleeping
8477 21 is sleeping
8477 35 is sleeping
8477 92 has taken a fork
8478 36 is sleeping
8478 54 is eating
8478 69 is eating
8478 65 is eating
8478 34 is sleeping
8478 42 is sleeping
8478 105 has taken a fork
8479 149 is thinking
8479 40 is sleeping
8479 139 has taken a fork
8480 165 is thinking
8480 130 has taken a fork
8481 31 is sleeping
8481 39 is sleeping
8481 51 is sleeping
8481 44 is sleeping
8481 52 is sleeping
8481 28 is sleeping
8481 115 has taken a fork
8481 101 has taken a fork
8482 38 is sleeping
8482 102 has taken a fork
8482 108 has taken a fork
8482 37 is sleeping
8483 90 has taken a fork
8483 110 has taken a fork
8483 104 has taken a fork
8484 47 is sleeping
8484 106 has taken a fork
8485 95 has taken a fork
8486 134 has taken a fork
8486 120 has taken a fork
8487 61 is sleeping
8487 164 is thinking
8487 157 is thinking
8489 129 has taken a fork
8489 111 has taken a fork
8489 118 has taken a fork
8489 64 is sleeping
8490 179 is thinking
8490 137 has taken a fork
8490 151 has taken a fork
8493 171 is thinking
8493 116 has taken a fork
8493 43 is sleeping
8493 55 is sleeping
8494 158 is thinking
8494 41 is sleeping
8495 132 has taken a fork
8495 49 is sleeping
8497 167 is thinking
8498 60 is eating
8498 62 is eating
8499 63 is eating
8499 53 is eating
8500 68 is eating
8502 148 has taken a fork
8502 67 is eating
8502 57 is eating
8503 117 has taken a fork
8503 72 is eating
8503 79 is eating
8503 66 is eating
8504 86 is eating
8504 78 is eating
8505 75 is eating
8505 58 is eating
8505 84 is eating
8505 77 is eating
8506 113 has taken a fork
8506 136 has taken a fork
8506 145 has taken a fork
8507 143 has taken a fork
8508 131 has taken a fork
8509 142 has taken a fork
8509 140 has taken a fork
8513 133 has taken a fork
8515 168 is thinking
8515 147 has taken a fork
8516 59 is eating
8516 112 has taken a fork
8517 85 is eating
8517 125 has taken a fork
8517 135 has taken a fork
8518 124 has taken a fork
8519 46 is sleeping
8521 141 has taken a fork
8521 144 has taken a fork
8521 82 is eating
8522 146 has taken a fork
8522 74 is eating
8523 166 is thinking
8524 162 is thinking
8524 56 is sleeping
8527 156 has taken a fork
8531 155 has taken a fork
8531 100 is eating
8531 93 is eating
8532 50 is sleeping
8532 48 is sleeping
8532 109 has taken a fork
8532 83 is eating
8533 121 has taken a fork
8533 71 is eating
8534 76 is eating
8534 94 is eating
8534 73 is eating
8534 81 is eating
8534 89 is eating
8535 88 is eating
8535 87 is eating
8536 97 is eating
8536 70 is eating
8536 91 is eating
8536 80 is eating
8536 107 has taken a fork
8536 103 is eating
8536 122 has taken a fork
8537 161 is thinking
8538 169 is thinking
8542 150 has taken a fork
8542 160 is thinking
8543 170 is thinking
8544 185 is thinking
8544 183 is thinking
8545 196 is thinking
8546 178 is thinking
8548 126 has taken a fork
8549 123 has taken a fork
8549 176 is thinking
8550 173 is thinking
8551 177 is thinking
8553 175 is thinking
8553 188 is thinking
8553 172 is thinking
8554 180 is thinking
8554 114 has taken a fork
8554 181 is thinking
8554 119 has taken a fork
8555 194 is thinking
8555 138 has taken a fork
8555 186 is thinking
8555 174 is thinking
8556 184 is thinking
8557 98 is eating
8557 96 is eating
8557 99 is eating
8557 128 has taken a fork
8557 127 has taken a fork
8558 163 has taken a fork
8559 154 has taken a fork
8559 152 has taken a fork
8560 153 has taken a fork
8560 187 is thinking
8560 189 is thinking
8562 182 is thinking
8562 92 is eating
8563 193 is thinking
8564 105 is eating
8564 139 has taken a fork
8565 130 has taken a fork
8566 115 is eating
8566 101 is eating
8566 102 is eating
8567 108 is eating
8567 90 is eating
8567 110 is eating
8567 104 is eating
8567 54 is sleeping
8567 159 has taken a fork
8568 106 is eating
8568 95 is eating
8568 65 is sleeping
8568 69 is sleeping
8568 134 has taken a fork
8568 199 is thinking
8569 120 is eating
8570 149 has taken a fork
8571 165 has taken a fork
8571 129 has taken a fork
8572 111 is eating
8572 118 is eating
8572 191 is thinking
8573 137 has taken a fork
8573 151 has taken a fork
8573 116 is eating
8574 132 has taken a fork
8574 198 is thinking
8575 197 is thinking
8575 195 is thinking
8575 148 has taken a fork
8576 192 is thinking
8576 117 is eating
8576 4 is thinking
8576 9 is thinking
8577 13 is thinking
8578 190 is thinking
8578 200 is thinking
8578 113 is eating
8579 2 is thinking
8579 136 has taken a fork
8579 145 has taken a fork
8579 143 has taken a fork
8579 131 has taken a fork
8579 5 is thinking
8579 10 is thinking
8579 1 is thinking
8579 12 is thinking
8579 142 has taken a fork
8580 140 has taken a fork
8580 62 is sleeping
8580 60 is sleeping
8580 157 has taken a fork
8580 63 is sleeping
8580 53 is sleeping
8580 68 is sleeping
8581 164 has taken a fork
8581 158 has taken a fork
8581 67 is sleeping
8581 167 has taken a fork
8581 57 is sleeping
8581 72 is sleeping
8581 133 has taken a fork
8581 171 has taken a fork
8581 179 has taken a fork
8581 168 has taken a fork
8581 8 is thinking
8581 147 has taken a fork
8581 79 is sleeping
8581 112 is eating
8582 66 is sleeping
8582 86 is sleeping
8582 125 is eating
8582 135 has taken a fork
8582 58 is sleeping
8582 75 is sleeping
8582 78 is sleeping
8582 124 has taken a fork
8583 77 is sleeping
8583 84 is sleeping
8583 141 has taken a fork
8583 144 has taken a fork
8583 146 has taken a fork
8583 166 has taken a fork
8583 162 has taken a fork
8583 59 is sleeping
8583 85 is sleeping
8584 156 has taken a fork
8584 74 is sleeping
8584 82 is sleeping
8584 3 is thinking
8584 155 has taken a fork
8584 109 is eating
8584 121 is eating
8584 100 is sleeping
8584 83 is sleeping
8584 93 is sleeping
8584 16 is thinking
8584 107 is eating
8584 122 is eating
8585 71 is sleeping
8585 161 has taken a fork
8586 6 is thinking
8586 94 is sleeping
8586 76 is sleeping
8587 169 has taken a fork
8587 73 is sleeping
8587 81 is sleeping
8587 89 is sleeping
8588 88 is sleeping
8588 87 is sleeping
8588 97 is sleeping
8588 80 is sleeping
8588 91 is sleeping
8588 70 is sleeping
8588 103 is sleeping
8589 150 has taken a fork
8589 160 has taken a fork
8589 170 has taken a fork
8590 185 has taken a fork
8590 183 has taken a fork
8590 196 has taken a fork
8591 178 has taken a fork
8591 126 is eating
8591 123 is eating
8591 176 has taken a fork
8591 22 is thinking
8592 173 has taken a fork
8592 177 has taken a fork
8594 175 has taken a fork
8594 188 has taken a fork
8594 172 has taken a fork
8595 17 is thinking
8595 180 has taken a fork
8595 114 is eating
8595 181 has taken a fork
8595 119 is eating
8596 20 is thinking
8596 194 has taken a fork
8596 138 is eating
8596 186 has taken a fork
8596 174 has taken a fork
8596 19 is thinking
8597 11 is thinking
8597 98 is sleeping
8597 96 is sleeping
8597 99 is sleeping
8597 128 is eating
8597 127 is eating
8598 163 has taken a fork
8599 184 has taken a fork
8600 154 has taken a fork
8600 152 has taken a fork
8600 153 has taken a fork
8601 187 has taken a fork
8602 18 is thinking
8603 23 is thinking
8604 26 is thinking
8604 33 is thinking
8604 14 is thinking
8604 189 has taken a fork
8604 182 has taken a fork
8605 29 is thinking
8605 92 is sleeping
8607 193 has taken a fork
8608 24 is thinking
8608 105 is sleeping
8608 139 is eating
8609 27 is thinking
8609 30 is thinking
8609 15 is thinking
8609 130 is eating
8609 115 is sleeping
8609 101 is sleeping
8609 102 is sleeping
8610 108 is sleeping
8610 90 is sleeping
8610 110 is sleeping
8610 104 is sleeping
8610 159 has taken a fork
8610 106 is sleeping
8610 95 is sleeping
8610 134 is eating
8610 199 has taken a fork
8610 7 is thinking
8610 120 is sleeping
8611 149 has taken a fork
8612 165 has taken a fork
8612 129 is eating
8612 111 is sleeping
8612 118 is sleeping
8612 191 has taken a fork
8613 32 is thinking
8614 137 is eating
8614 151 is eating
8614 116 is sleeping
8615 132 is eating
8616 198 has taken a fork
8616 45 is thinking
8617 197 has taken a fork
8617 195 has taken a fork
8618 148 is eating
8619 192 has taken a fork
8619 117 is sleeping
8620 4 has taken a fork
8620 9 has taken a fork
8620 21 is thinking
8621 35 is thinking
8621 25 is thinking
8622 13 has taken a fork
8622 34 is thinking
8623 42 is thinking
8624 36 is thinking
8625 190 has taken a fork
8626 200 has taken a fork
8626 136 is eating
8627 145 is eating
8627 143 is eating
8629 2 has taken a fork
8629 131 is eating
8629 5 has taken a fork
8629 40 is thinking
8629 10 has taken a fork
8630 1 has taken a fork
8630 12 has taken a fork
8631 142 is eating
8631 140 is eating
8634 157 has taken a fork
8635 164 has taken a fork
8636 31 is thinking
8637 44 is thinking
8637 52 is thinking
8638 39 is thinking
8640 28 is thinking
8641 51 is thinking
8641 158 has taken a fork
8641 167 has taken a fork
8641 133 is eating
8641 171 has taken a fork
8641 179 has taken a fork
8642 168 has taken a fork
8642 8 has taken a fork
8642 147 is eating
8642 113 is sleeping
8643 38 is thinking
8643 135 is eating
8646 37 is thinking
8646 124 is eating
8647 141 is eating
8647 144 is eating
8647 146 is eating
8647 166 has taken a fork
8649 162 has taken a fork
8649 47 is thinking
8653 156 is eating
8653 3 has taken a fork
8654 155 is eating
8654 16 has taken a fork
8655 161 has taken a fork
8655 112 is sleeping
8656 6 has taken a fork
8656 125 is sleeping
8656 169 has taken a fork
8656 61 is thinking
8656 64 is thinking
8656 150 is eating
8656 160 has taken a fork
8656 170 has taken a fork
8656 185 has taken a fork
8656 183 has taken a fork
8656 196 has taken a fork
8657 178 has taken a fork
8657 176 has taken a fork
8658 22 has taken a fork
8659 173 has taken a fork
8660 177 has taken a fork
8660 109 is sleeping
8660 55 is thinking
8662 43 is thinking
8662 121 is sleeping
8664 175 has taken a fork
8665 188 has taken a fork
8666 172 has taken a fork
8669 17 has taken a fork
8670 180 has taken a fork
8670 41 is thinking
8673 49 is thinking
8674 181 has taken a fork
8675 20 has taken a fork
8676 194 has taken a fork
8676 186 has taken a fork
8676 174 has taken a fork
8677 19 has taken a fork
8677 11 has taken a fork
8677 107 is sleeping
8678 163 is eating
8678 122 is sleeping
8679 184 has taken a fork
8680 154 is eating
8681 152 is eating
8682 153 is eating
8683 187 has taken a fork
8683 18 has taken a fork
8683 23 has taken a fork
8684 126 is sleeping
8684 123 is sleeping
8685 26 has taken a fork
8686 33 has taken a fork
8686 14 has taken a fork
8687 189 has taken a fork
8688 182 has taken a fork
8688 29 has taken a fork
8688 119 is sleeping
8688 114 is sleeping
8689 193 has taken a fork
8689 138 is sleeping
8689 24 has taken a fork
8691 27 has taken a fork
8691 30 has taken a fork
8692 159 is eating
8692 199 has taken a fork
8692 149 is eating
8692 165 is eating
8692 191 has taken a fork
8693 128 is sleeping
8693 127 is sleeping
8693 15 has taken a fork
8694 7 has taken a fork
8694 198 has taken a fork
8694 197 has taken a fork
8694 195 has taken a fork
8695 192 has taken a fork
8695 4 has taken a fork
8695 9 has taken a fork
8697 46 is thinking
8697 13 has taken a fork
8697 139 is sleeping
8697 32 has taken a fork
8697 190 has taken a fork
8697 200 has taken a fork
8698 130 is sleeping
8698 45 has taken a fork
8699 56 is thinking
8699 134 is sleeping
8699 2 has taken a fork
8699 21 has taken a fork
8699 5 has taken a fork
8700 10 has taken a fork
8700 1 has taken a fork
8701 12 has taken a fork
8701 129 is sleeping
8701 48 is thinking
8701 151 is sleeping
8701 25 has taken a fork
8702 137 is sleeping
8702 34 has taken a fork
8703 132 is sleeping
8704 157 is eating
8704 50 is thinking
8704 35 has taken a fork
8704 164 is eating
8704 42 has taken a fork
8704 148 is sleeping
8704 36 has taken a fork
8704 143 is sleeping
8704 40 has taken a fork
8704 158 is eating
8704 167 is eating
8704 145 is sleeping
8704 31 has taken a fork
8704 136 is sleeping
8704 171 is eating
8704 44 has taken a fork
8704 179 is eating
8704 131 is sleeping
8704 168 is eating
8704 8 has taken a fork
8704 52 has taken a fork
8704 140 is sleeping
8705 142 is sleeping
8705 39 has taken a fork
8706 28 has taken a fork
8707 166 is eating
8707 147 is sleeping
8707 162 is eating
8707 133 is sleeping
8707 51 has taken a fork
8707 135 is sleeping
8707 38 has taken a fork
8707 144 is sleeping
8707 146 is sleeping
8707 141 is sleeping
8707 124 is sleeping
8708 47 has taken a fork
8711 37 has taken a fork
8711 3 has taken a fork
8711 16 has taken a fork
8711 161 is eating
8711 6 has taken a fork
8711 156 is sleeping
8711 169 is eating
8711 61 has taken a fork
8712 64 has taken a fork
8712 160 is eating
8712 170 is eating
8712 185 is eating
8712 183 is eating
8712 196 is eating
8712 178 is eating
8712 155 is sleeping
8713 176 is eating
8714 22 has taken a fork
8714 173 is eating
8714 177 is eating
8714 150 is sleeping
8715 55 has taken a fork
8715 43 has taken a fork
8715 175 is eating
8716 188 is eating
8716 172 is eating
8716 54 is thinking
8717 65 is thinking
8718 69 is thinking
8718 17 has taken a fork
8718 180 is eating
8718 41 has taken a fork
8718 49 has taken a fork
8719 181 is eating
8720 20 has taken a fork
8720 194 is eating
8720 186 is eating
8720 174 is eating
8720 19 has taken a fork
8720 11 has taken a fork
8721 163 is sleeping
8721 184 is eating
8723 60 is thinking
8723 63 is thinking
8723 68 is thinking
8724 53 is thinking
8724 154 is sleeping
8725 62 is thinking
8725 57 is thinking
8725 67 is thinking
8726 79 is thinking
8726 72 is thinking
8727 152 is sleeping
8728 78 is thinking
8729 58 is thinking
8731 86 is thinking
8731 153 is sleeping
8732 75 is thinking
8732 66 is thinking
8732 187 is eating
8732 84 is thinking
8733 59 is thinking
8733 85 is thinking
8733 77 is thinking
8734 18 has taken a fork
8734 23 has taken a fork
8734 74 is thinking
8735 82 is thinking
8735 100 is thinking
8736 93 is thinking
8736 83 is thinking
8737 71 is thinking
8737 26 has taken a fork
8738 94 is thinking
8739 76 is thinking
8739 33 has taken a fork
8739 14 has taken a fork
8739 81 is thinking
8739 73 is thinking
8739 89 is thinking
8739 189 is eating
8739 70 is thinking
8739 80 is thinking
8739 97 is thinking
8741 88 is thinking
8741 91 is thinking
8742 87 is thinking
8742 182 is eating
8742 29 has taken a fork
8742 103 is thinking
8742 193 is eating
8744 24 has taken a fork
8744 27 has taken a fork
8745 30 has taken a fork
8745 159 is sleeping
8745 199 is eating
8745 149 is sleeping
8745 165 is sleeping
8746 191 is eating
8746 15 has taken a fork
8746 7 has taken a fork
8746 198 is eating
8746 197 is eating
8746 195 is eating
8746 192 is eating
8747 4 is eating
8747 9 is eating
8748 99 is thinking
8748 98 is thinking
8749 96 is thinking
8749 46 has taken a fork
8750 13 is eating
8750 190 is eating
8751 32 has taken a fork
8751 200 is eating
8751 45 has taken a fork
8751 56 has taken a fork
8752 2 is eating
8752 21 has taken a fork
8752 5 is eating
8752 10 is eating
8752 1 is eating
8753 12 is eating
8753 48 has taken a fork
8754 25 has taken a fork
8754 34 has taken a fork
8754 50 has taken a fork
8755 35 has taken a fork
8755 42 has taken a fork
8756 36 has taken a fork
8758 40 has taken a fork
8758 31 has taken a fork
8759 44 has taken a fork
8759 8 is eating
8760 52 has taken a fork
8760 92 is thinking
8761 39 has taken a fork
8762 28 has taken a fork
8762 157 is sleeping
8763 51 has taken a fork
8763 38 has taken a fork
8763 105 is thinking
8763 47 has taken a fork
8763 167 is sleeping
8764 101 is thinking
8764 102 is thinking
8765 115 is thinking
8765 164 is sleeping
8765 158 is sleeping
8765 168 is sleeping
8765 179 is sleeping
8765 171 is sleeping
8767 110 is thinking
8768 90 is thinking
8769 120 is thinking
8769 106 is thinking
8771 104 is thinking
8772 108 is thinking
8772 37 has taken a fork
8772 95 is thinking
8772 16 is eating
8772 3 is eating
8772 6 is eating
8773 61 has taken a fork
8773 118 is thinking
8774 111 is thinking
8774 64 has taken a fork
8774 22 is eating
8775 116 is thinking
8775 55 has taken a fork
8775 166 is sleeping
8775 43 has taken a fork
8776 162 is sleeping
8776 54 has taken a fork
8777 65 has taken a fork
8778 69 has taken a fork
8779 41 has taken a fork
8779 49 has taken a fork
8780 17 is eating
8780 117 is thinking
8781 20 is eating
8782 19 is eating
8782 11 is eating
8790 60 has taken a fork
8790 63 has taken a fork
8790 68 has taken a fork
8790 161 is sleeping
8790 53 has taken a fork
8790 62 has taken a fork
8790 169 is sleeping
8814 57 has taken a fork
8816 67 has taken a fork
8816 79 has taken a fork
8816 72 has taken a fork
8817 160 is sleeping
8817 170 is sleeping
8818 185 is sleeping
8818 183 is sleeping
8819 78 has taken a fork
8819 178 is sleeping
8819 196 is sleeping
8819 58 has taken a fork
8820 176 is sleeping
8823 86 has taken a fork
8827 173 is sleeping
8827 75 has taken a fork
8827 66 has taken a fork
8827 84 has taken a fork
8827 59 has taken a fork
8827 85 has taken a fork
8827 177 is sleeping
8828 77 has taken a fork
8828 175 is sleeping
8828 18 is eating
8828 23 is eating
8828 74 has taken a fork
8828 188 is sleeping
8828 172 is sleeping
8828 82 has taken a fork
8829 100 has taken a fork
8829 180 is sleeping
8829 93 has taken a fork
8829 83 has taken a fork
8829 71 has taken a fork
8829 181 is sleeping
8831 26 is eating
8831 186 is sleeping
8832 94 has taken a fork
8832 194 is sleeping
8832 174 is sleeping
8832 76 has taken a fork
8832 33 is eating
8832 14 is eating
8832 81 has taken a fork
8833 73 has taken a fork
8833 184 is sleeping
8833 89 has taken a fork
8833 113 is thinking
8833 29 is eating
8833 24 is eating
8833 27 is eating
8833 30 is eating
8833 187 is sleeping
8833 15 is eating
8833 70 has taken a fork
8833 7 is eating
8833 46 has taken a fork
8833 189 is sleeping
8835 80 has taken a fork
8835 32 is eating
8835 45 is eating
8835 56 has taken a fork
8835 21 is eating
8835 182 is sleeping
8835 193 is sleeping
8835 48 has taken a fork
8835 88 has taken a fork
8835 25 is eating
8835 34 is eating
8835 97 has taken a fork
8835 50 has taken a fork
8835 112 is thinking
8836 35 is eating
8836 42 is eating
8836 36 is eating
8836 199 is sleeping
8836 91 has taken a fork
8837 125 is thinking
8837 40 is eating
8837 31 is eating
8837 44 is eating
8838 191 is sleeping
8838 87 has taken a fork
8838 52 is eating
8838 198 is sleeping
8838 103 has taken a fork
8839 109 is thinking
8839 39 is eating
8839 195 is sleeping
8840 99 has taken a fork
8840 197 is sleeping
8840 98 has taken a fork
8840 192 is sleeping
8841 96 has taken a fork
8841 9 is sleeping
8841 4 is sleeping
8841 28 is eating
8841 121 is thinking
8841 92 has taken a fork
8842 51 is eating
8842 38 is eating
8842 105 has taken a fork
8842 47 is eating
8842 13 is sleeping
8842 190 is sleeping
8843 101 has taken a fork
8843 200 is sleeping
8843 115 has taken a fork
8844 102 has taken a fork
8844 2 is sleeping
8844 5 is sleeping
8844 10 is sleeping
8844 12 is sleeping
8844 1 is sleeping
8844 110 has taken a fork
8844 90 has taken a fork
8845 120 has taken a fork
8846 106 has taken a fork
8846 8 is sleeping
8846 104 has taken a fork
8846 108 has taken a fork
8846 37 is eating
8846 61 is eating
8846 64 is eating
8847 55 is eating
8847 43 is eating
8847 54 has taken a fork
8848 107 is thinking
8848 65 has taken a fork
8848 3 is sleeping
8848 16 is sleeping
8848 69 has taken a fork
8849 95 has taken a fork
8849 41 is eating
8849 6 is sleeping
8849 122 is thinking
8849 118 has taken a fork
8849 49 is eating
8850 111 has taken a fork
8850 22 is sleeping
8850 126 is thinking
8850 123 is thinking
8850 116 has taken a fork
8850 114 is thinking
8850 119 is thinking
8851 138 is thinking
8851 11 is sleeping
8851 20 is sleeping
8852 117 has taken a fork
8853 60 has taken a fork
8853 63 has taken a fork
8853 68 has taken a fork
8853 53 has taken a fork
8853 62 has taken a fork
8853 19 is sleeping
8854 17 is sleeping
8854 129 is thinking
8855 137 is thinking
8856 147 is thinking
8857 145 is thinking
8857 140 is thinking
8857 141 is thinking
8858 133 is thinking
8858 57 has taken a fork
8858 139 is thinking
8858 150 is thinking
8858 148 is thinking
8858 124 is thinking
8859 136 is thinking
8859 155 is thinking
8860 151 is thinking
8860 134 is thinking
8861 67 has taken a fork
8861 156 is thinking
8861 79 has taken a fork
8861 130 is thinking
8861 72 has taken a fork
8861 135 is thinking
8862 146 is thinking
8862 144 is thinking
8863 143 is thinking
8863 58 has taken a fork
8863 131 is thinking
8863 132 is thinking
8863 142 is thinking
8864 128 is thinking
8865 127 is thinking
8865 78 has taken a fork
8865 86 has taken a fork
8865 163 is thinking
8865 154 is thinking
8866 152 is thinking
8866 75 has taken a fork
8866 66 has taken a fork
8867 84 has taken a fork
8867 59 has taken a fork
8867 85 has taken a fork
8867 77 has taken a fork
8867 18 is sleeping
8867 23 is sleeping
8867 74 has taken a fork
8867 82 has taken a fork
8867 100 has taken a fork
8868 93 has taken a fork
8868 83 has taken a fork
8868 71 has taken a fork
8868 26 is sleeping
8869 153 is thinking
8870 94 has taken a fork
8870 76 has taken a fork
8871 33 is sleeping
8871 14 is sleeping
8871 81 has taken a fork
8871 73 has taken a fork
8871 89 has taken a fork
8871 113 has taken a fork
8871 29 is sleeping
8872 24 is sleeping
8873 27 is sleeping
8874 30 is sleeping
8874 15 is sleeping
8874 70 has taken a fork
8875 7 is sleeping
8875 46 is eating
8875 80 has taken a fork
8875 32 is sleeping
8875 45 is sleeping
8875 56 is eating
8875 21 is sleeping
8875 48 is eating
8875 88 has taken a fork
8876 34 is sleeping
8876 25 is sleeping
8876 97 has taken a fork
8876 50 is eating
8877 112 has taken a fork
8877 35 is sleeping
8877 42 is sleeping
8877 36 is sleeping
8877 91 has taken a fork
8878 125 has taken a fork
8878 87 has taken a fork
8878 103 has taken a fork
8878 40 is sleeping
8878 44 is sleeping
8878 109 has taken a fork
8878 31 is sleeping
8879 99 has taken a fork
8880 98 has taken a fork
8880 39 is sleeping
8881 52 is sleeping
8882 96 has taken a fork
8883 121 has taken a fork
8884 92 has taken a fork
8884 28 is sleeping
8884 105 has taken a fork
8884 101 has taken a fork
8884 115 has taken a fork
8884 102 has taken a fork
8885 110 has taken a fork
8886 90 has taken a fork
8887 120 has taken a fork
8888 51 is sleeping
8889 165 is thinking
8889 159 is thinking
8890 149 is thinking
8890 106 has taken a fork
8890 104 has taken a fork
8891 108 has taken a fork
8891 38 is sleeping
8891 54 is eating
8891 47 is sleeping
8892 107 has taken a fork
8893 65 is eating
8894 69 is eating
8894 95 has taken a fork
8895 122 has taken a fork
8896 118 has taken a fork
8896 37 is sleeping
8897 111 has taken a fork
8898 126 has taken a fork
8899 123 has taken a fork
8900 116 has taken a fork
8901 114 has taken a fork
8902 119 has taken a fork
8902 64 is sleeping
8902 61 is sleeping
8903 138 has taken a fork
8904 117 has taken a fork
8904 60 is eating
8904 63 is eating
8904 53 is eating
8904 68 is eating
8904 62 is eating
8904 55 is sleeping
8904 129 has taken a fork
8904 43 is sleeping
8905 137 has taken a fork
8906 147 has taken a fork
8906 145 has taken a fork
8906 140 has taken a fork
8907 141 has taken a fork
8908 133 has taken a fork
8909 57 is eating
8910 139 has taken a fork
8912 150 has taken a fork
8912 148 has taken a fork
8912 124 has taken a fork
8913 136 has taken a fork
8914 155 has taken a fork
8914 41 is sleeping
8915 151 has taken a fork
8915 134 has taken a fork
8915 49 is sleeping
8916 67 is eating
8917 156 has taken a fork
8917 79 is eating
8920 130 has taken a fork
8920 72 is eating
8921 135 has taken a fork
8921 146 has taken a fork
8923 157 is thinking
8925 144 has taken a fork
8927 167 is thinking
8927 143 has taken a fork
8927 58 is eating
8929 131 has taken a fork
8930 132 has taken a fork
8930 142 has taken a fork
8930 128 has taken a fork
8931 171 is thinking
8933 127 has taken a fork
8934 168 is thinking
8934 179 is thinking
8935 164 is thinking
8935 158 is thinking
8935 78 is eating
8939 86 is eating
8939 75 is eating
8939 66 is eating
8939 84 is eating
8939 59 is eating
8940 85 is eating
8940 77 is eating
8941 74 is eating
8941 82 is eating
8941 100 is eating
8942 93 is eating
8942 83 is eating
8942 71 is eating
8942 94 is eating
8943 76 is eating
8943 81 is eating
8943 73 is eating
8943 89 is eating
8944 113 has taken a fork
8944 70 is eating
8944 166 is thinking
8945 80 is eating
8945 88 is eating
8947 97 is eating
8948 162 is thinking
8948 112 has taken a fork
8948 91 is eating
8948 125 has taken a fork
8948 87 is eating
8949 103 is eating
8949 109 has taken a fork
8950 99 is eating
8950 98 is eating
8952 96 is eating
8953 121 has taken a fork
8954 92 is eating
8955 105 is eating
8956 101 is eating
8956 115 is eating
8957 102 is eating
8957 110 is eating
8957 46 is sleeping
8957 90 is eating
8957 163 has taken a fork
8957 120 is eating
8957 56 is sleeping
8957 154 has taken a fork
8957 48 is sleeping
8957 152 has taken a fork
8957 169 is thinking
8957 161 is thinking
8957 50 is sleeping
8957 106 is eating
8957 104 is eating
8957 153 has taken a fork
8958 108 is eating
8958 107 has taken a fork
8958 95 is eating
8958 122 has taken a fork
8958 118 is eating
8958 111 is eating
8958 126 has taken a fork
8959 123 has taken a fork
8959 116 is eating
8959 114 has taken a fork
8959 119 has taken a fork
8959 138 has taken a fork
8959 54 is sleeping
8959 117 is eating
8959 165 has taken a fork
8959 129 has taken a fork
8959 137 has taken a fork
8960 65 is sleeping
8961 159 has taken a fork
8961 147 has taken a fork
8961 145 has taken a fork
8961 69 is sleeping
8961 149 has taken a fork
8962 140 has taken a fork
8962 141 has taken a fork
8964 133 has taken a fork
8964 139 has taken a fork
8965 150 has taken a fork
8965 148 has taken a fork
8965 124 has taken a fork
8966 136 has taken a fork
8966 63 is sleeping
8966 53 is sleeping
8966 68 is sleeping
8967 60 is sleeping
8968 155 has taken a fork
8968 151 has taken a fork
8968 62 is sleeping
8969 134 has taken a fork
8969 160 is thinking
8970 170 is thinking
8970 156 has taken a fork
8970 57 is sleeping
8970 185 is thinking
8970 183 is thinking
8971 178 is thinking
8972 196 is thinking
8972 130 has taken a fork
8973 176 is thinking
8973 67 is sleeping
8973 135 has taken a fork
8973 146 has taken a fork
8973 79 is sleeping
8973 72 is sleeping
8973 157 has taken a fork
8973 144 has taken a fork
8973 177 is thinking
8975 173 is thinking
8975 167 has taken a fork
8975 143 has taken a fork
8975 172 is thinking
8976 188 is thinking
8980 175 is thinking
8980 58 is sleeping
8983 180 is thinking
8985 181 is thinking
8985 131 has taken a fork
8985 132 has taken a fork
8985 142 has taken a fork
8986 128 has taken a fork
8986 186 is thinking
8986 171 has taken a fork
8986 174 is thinking
8987 194 is thinking
8987 189 is thinking
8987 187 is thinking
8987 184 is thinking
8987 127 has taken a fork
8987 168 has taken a fork
8989 179 has taken a fork
8990 164 has taken a fork
8990 193 is thinking
8990 158 has taken a fork
8991 78 is sleeping
8991 182 is thinking
8991 199 is thinking
8992 191 is thinking
8992 198 is thinking
8992 195 is thinking
8994 86 is sleeping
8994 75 is sleeping
8994 66 is sleeping
8994 84 is sleeping
8994 59 is sleeping
8994 197 is thinking
8994 85 is sleeping
8994 77 is sleeping
8994 192 is thinking
8994 4 is thinking
8994 9 is thinking
8995 74 is sleeping
8995 82 is sleeping
8995 100 is sleeping
8996 93 is sleeping
8996 13 is thinking
8996 71 is sleeping
8996 83 is sleeping
8997 94 is sleeping
8998 200 is thinking
8999 190 is thinking
9000 76 is sleeping
9000 81 is sleeping
9000 73 is sleeping
9000 89 is sleeping
9001 1 is thinking
9002 2 is thinking
9002 12 is thinking
9002 10 is thinking
9002 5 is thinking
9002 113 is eating
9003 166 has taken a fork
9003 70 is sleeping
9004 8 is thinking
9006 16 is thinking
9009 3 is thinking
9012 162 has taken a fork
9012 112 is eating
9013 125 is eating
9014 80 is sleeping
9017 6 is thinking
9017 88 is sleeping
9017 109 is eating
9017 22 is thinking
9017 11 is thinking
9017 20 is thinking
9017 97 is sleeping
9018 19 is thinking
9018 121 is eating
9018 91 is sleeping
9018 87 is sleeping
9019 17 is thinking
9022 103 is sleeping
9022 98 is sleeping
9025 99 is sleeping
9026 96 is sleeping
9026 163 has taken a fork
9026 154 has taken a fork
9026 152 has taken a fork
9027 169 has taken a fork
9027 161 has taken a fork
9029 153 has taken a fork
9029 92 is sleeping
9029 107 is eating
9029 122 is eating
9029 126 is eating
9029 123 is eating
9030 114 is eating
9030 119 is eating
9030 138 is eating
9031 105 is sleeping
9031 165 has taken a fork
9031 129 is eating
9031 137 is eating
9034 101 is sleeping
9034 159 has taken a fork
9035 147 is eating
9035 102 is sleeping
9037 115 is sleeping
9037 145 is eating
9038 149 has taken a fork
9039 110 is sleeping
9040 140 is eating
9040 141 is eating
9040 106 is sleeping
9040 120 is sleeping
9044 90 is sleeping
9044 104 is sleeping
9045 133 is eating
9046 139 is eating
9049 108 is sleeping
9051 150 is eating
9051 148 is eating
9054 124 is eating
9056 136 is eating
9058 23 is thinking
9058 18 is thinking
9059 26 is thinking
9059 155 is eating
9059 151 is eating
9059 134 is eating
9059 111 is sleeping
9060 118 is sleeping
9060 160 has taken a fork
9063 170 has taken a fork
9066 95 is sleeping
9066 156 is eating
9067 185 has taken a fork
9067 183 has taken a fork
9067 14 is thinking
9067 33 is thinking
9067 178 has taken a fork
9067 24 is thinking
9067 196 has taken a fork
9068 130 is eating
9069 29 is thinking
9070 176 has taken a fork
9070 27 is thinking
9071 135 is eating
9072 116 is sleeping
9073 146 is eating
9073 157 has taken a fork
9073 144 is eating
9073 30 is thinking
9074 177 has taken a fork
9074 7 is thinking
9075 173 has taken a fork
9075 167 has taken a fork
9075 143 is eating
9076 117 is sleeping
9076 172 has taken a fork
9077 15 is thinking
9077 21 is thinking
9078 32 is thinking
9078 25 is thinking
9079 45 is thinking
9079 34 is thinking
9079 188 has taken a fork
9079 35 is thinking
9079 42 is thinking
9079 40 is thinking
9079 39 is thinking
9079 175 has taken a fork
9080 36 is thinking
9080 44 is thinking
9080 31 is thinking
9080 52 is thinking
9080 180 has taken a fork
9080 28 is thinking
9081 181 has taken a fork
9081 131 is eating
9081 132 is eating
9081 142 is eating
9081 128 is eating
9081 186 has taken a fork
9081 171 has taken a fork
9081 174 has taken a fork
9081 194 has taken a fork
9081 189 has taken a fork
9081 187 has taken a fork
9081 184 has taken a fork
9081 127 is eating
9081 168 has taken a fork
9081 51 is thinking
9081 179 has taken a fork
9081 164 has taken a fork
9081 193 has taken a fork
9081 158 has taken a fork
9082 47 is thinking
9082 38 is thinking
9082 182 has taken a fork
9082 199 has taken a fork
9082 191 has taken a fork
9082 198 has taken a fork
9082 197 has taken a fork
9083 192 has taken a fork
9083 195 has taken a fork
9083 4 has taken a fork
9083 9 has taken a fork
9084 13 has taken a fork
9084 37 is thinking
9084 200 has taken a fork
9084 190 has taken a fork
9085 1 has taken a fork
9085 2 has taken a fork
9086 12 has taken a fork
9086 10 has taken a fork
9086 5 has taken a fork
9086 64 is thinking
9086 166 has taken a fork
9087 55 is thinking
9087 43 is thinking
9087 61 is thinking
9088 8 has taken a fork
9088 16 has taken a fork
9088 3 has taken a fork
9088 162 has taken a fork
9089 41 is thinking
9089 49 is thinking
9089 6 has taken a fork
9089 22 has taken a fork
9090 11 has taken a fork
9090 113 is sleeping
9090 20 has taken a fork
9090 112 is sleeping
9091 19 has taken a fork
9091 125 is sleeping
9091 17 has taken a fork
9091 163 is eating
9091 154 is eating
9091 152 is eating
9091 169 has taken a fork
9091 161 has taken a fork
9091 109 is sleeping
9091 153 is eating
9091 121 is sleeping
9091 165 is eating
9091 159 is eating
9091 149 is eating
9091 122 is sleeping
9091 107 is sleeping
9091 123 is sleeping
9091 126 is sleeping
9091 114 is sleeping
9091 119 is sleeping
9091 138 is sleeping
9092 137 is sleeping
9092 129 is sleeping
9092 145 is sleeping
9092 147 is sleeping
9092 140 is sleeping
9093 141 is sleeping
9093 139 is sleeping
9093 133 is sleeping
9094 148 is sleeping
9094 150 is sleeping
9094 56 is thinking
9096 48 is thinking
9097 46 is thinking
9097 50 is thinking
9098 124 is sleeping
9098 136 is sleeping
9099 23 has taken a fork
9100 54 is thinking
9100 18 has taken a fork
9100 26 has taken a fork
9100 155 is sleeping
9101 134 is sleeping
9101 151 is sleeping
9101 65 is thinking
9101 160 has taken a fork
9102 69 is thinking
9102 170 has taken a fork
9103 53 is thinking
9103 63 is thinking
9104 68 is thinking
9104 156 is sleeping
9104 185 has taken a fork
9104 183 has taken a fork
9104 60 is thinking
9104 14 has taken a fork
9104 33 has taken a fork
9105 178 has taken a fork
9105 196 has taken a fork
9105 62 is thinking
9105 130 is sleeping
9105 24 has taken a fork
9105 29 has taken a fork
9105 57 is thinking
9106 176 has taken a fork
9106 27 has taken a fork
9106 135 is sleeping
9107 72 is thinking
9108 67 is thinking
9108 79 is thinking
9108 146 is sleeping
9108 157 is eating
9108 30 has taken a fork
9109 177 has taken a fork
9109 7 has taken a fork
9109 173 has taken a fork
9109 144 is sleeping
9109 167 is eating
9109 143 is sleeping
9110 172 has taken a fork
9110 15 has taken a fork
9110 21 has taken a fork
9110 32 has taken a fork
9110 25 has taken a fork
9110 45 has taken a fork
9110 34 has taken a fork
9113 188 has taken a fork
9113 35 has taken a fork
9113 42 has taken a fork
9113 40 has taken a fork
9113 39 has taken a fork
9113 175 has taken a fork
9114 36 has taken a fork
9116 44 has taken a fork
9118 31 has taken a fork
9118 52 has taken a fork
9118 180 has taken a fork
9118 58 is thinking
9119 28 has taken a fork
9119 181 has taken a fork
9119 131 is sleeping
9119 132 is sleeping
9119 142 is sleeping
9119 128 is sleeping
9119 186 has taken a fork
9119 171 is eating
9119 174 has taken a fork
9119 194 has taken a fork
9120 189 has taken a fork
9120 187 has taken a fork
9120 184 has taken a fork
9120 127 is sleeping
9120 168 is eating
9120 51 has taken a fork
9121 179 is eating
9121 164 is eating
9121 193 has taken a fork
9121 158 is eating
9121 47 has taken a fork
9121 38 has taken a fork
9121 182 has taken a fork
9121 199 has taken a fork
9122 191 has taken a fork
9123 198 has taken a fork
9123 197 has taken a fork
9124 192 has taken a fork
9124 195 has taken a fork
9125 4 has taken a fork
9125 9 has taken a fork
9126 13 has taken a fork
9126 37 has taken a fork
9127 200 has taken a fork
9129 190 has taken a fork
9130 1 has taken a fork
9131 2 has taken a fork
9132 12 has taken a fork
9132 10 has taken a fork
9132 5 has taken a fork
9132 64 has taken a fork
9133 166 is eating
9133 55 has taken a fork
9133 43 has taken a fork
9133 61 has taken a fork
9134 8 has taken a fork
9135 16 has taken a fork
9136 3 has taken a fork
9136 162 is eating
9136 41 has taken a fork
9137 49 has taken a fork
9138 6 has taken a fork
9138 22 has taken a fork
9138 11 has taken a fork
9138 20 has taken a fork
9139 19 has taken a fork
9139 78 is thinking
9139 17 has taken a fork
9139 163 is sleeping
9139 154 is sleeping
9139 152 is sleeping
9139 169 is eating
9140 161 is eating
9140 153 is sleeping
9141 86 is thinking
9141 75 is thinking
9142 84 is thinking
9143 85 is thinking
9143 59 is thinking
9143 77 is thinking
9143 66 is thinking
9143 56 has taken a fork
9144 74 is thinking
9145 100 is thinking
9148 82 is thinking
9150 48 has taken a fork
9150 93 is thinking
9150 94 is thinking
9152 83 is thinking
9154 71 is thinking
9156 46 has taken a fork
9156 50 has taken a fork
9156 165 is sleeping
9156 159 is sleeping
9156 149 is sleeping
9157 23 has taken a fork
9158 76 is thinking
9159 89 is thinking
9159 81 is thinking
9161 73 is thinking
9161 54 has taken a fork
9162 18 has taken a fork
9162 26 has taken a fork
9162 65 has taken a fork
9163 160 is eating
9164 69 has taken a fork
9164 170 is eating
9164 70 is thinking
9164 185 is eating
9164 183 is eating
9165 14 has taken a fork
9165 33 has taken a fork
9165 178 is eating
9165 196 is eating
9165 24 has taken a fork
9166 29 has taken a fork
9167 176 is eating
9167 27 has taken a fork
9167 30 has taken a fork
9167 177 is eating
9167 7 has taken a fork
9167 173 is eating
9167 172 is eating
9168 15 has taken a fork
9169 21 has taken a fork
9169 32 has taken a fork
9169 25 has taken a fork
9171 45 has taken a fork
9171 34 has taken a fork
9172 188 is eating
9172 35 has taken a fork
9173 42 has taken a fork
9173 40 has taken a fork
9173 39 has taken a fork
9174 175 is eating
9174 80 is thinking
9174 36 has taken a fork
9174 157 is sleeping
9175 44 has taken a fork
9175 53 has taken a fork
9176 97 is thinking
9176 88 is thinking
9176 167 is sleeping
9176 63 has taken a fork
9176 91 is thinking
9177 31 has taken a fork
9177 52 has taken a fork
9178 87 is thinking
9178 180 is eating
9178 28 has taken a fork
9179 181 is eating
9179 186 is eating
9180 174 is eating
9180 194 is eating
9180 189 is eating
9181 187 is eating
9181 184 is eating
9181 51 has taken a fork
9182 193 is eating
9182 47 has taken a fork
9184 38 has taken a fork
9184 182 is eating
9184 199 is eating
9184 103 is thinking
9185 98 is thinking
9185 191 is eating
9185 198 is eating
9185 197 is eating
9185 192 is eating
9187 195 is eating
9188 171 is sleeping
9188 99 is thinking
9189 68 has taken a fork
9191 4 is eating
9191 9 is eating
9191 96 is thinking
9193 13 is eating
9195 37 has taken a fork
9195 168 is sleeping
9195 60 has taken a fork
9196 200 is eating
9196 158 is sleeping
9196 164 is sleeping
9196 179 is sleeping
9196 57 has taken a fork
9197 92 is thinking
9198 190 is eating
9198 72 has taken a fork
9199 62 has taken a fork
9200 1 is eating
9200 105 is thinking
9200 2 is eating
9200 12 is eating
9201 10 is eating
9201 5 is eating
9203 64 has taken a fork
9203 55 has taken a fork
9203 43 has taken a fork
9203 61 has taken a fork
9204 101 is thinking
9204 8 is eating
9204 102 is thinking
9204 16 is eating
9204 3 is eating
9204 41 has taken a fork
9204 115 is thinking
9204 49 has taken a fork
9204 6 is eating
9204 22 is eating
9204 11 is eating
9204 20 is eating
9204 166 is sleeping
9205 110 is thinking
9205 67 has taken a fork
9205 19 is eating
9205 17 is eating
9205 106 is thinking
9205 120 is thinking
9205 162 is sleeping
9205 79 has taken a fork
9205 56 has taken a fork
9205 104 is thinking
9205 90 is thinking
9205 169 is sleeping
9205 58 has taken a fork
9205 161 is sleeping
9205 108 is thinking
9205 78 has taken a fork
9206 48 has taken a fork
9206 46 has taken a fork
9206 50 has taken a fork
9206 23 is eating
9206 111 is thinking
9206 118 is thinking
9207 54 has taken a fork
9207 18 is eating
9207 26 is eating
9207 65 has taken a fork
9207 69 has taken a fork
9207 14 is eating
9207 33 is eating
9207 24 is eating
9208 95 is thinking
9208 160 is sleeping
9208 29 is eating
9208 170 is sleeping
9208 75 has taken a fork
9208 27 is eating
9208 183 is sleeping
9208 185 is sleeping
9208 30 is eating
9209 85 has taken a fork
9209 7 is eating
9209 178 is sleeping
9209 15 is eating
9210 196 is sleeping
9210 86 has taken a fork
9210 21 is eating
9210 77 has taken a fork
9210 32 is eating
9210 84 has taken a fork
9211 176 is sleeping
9211 25 is eating
9211 45 is eating
9212 59 has taken a fork
9213 66 has taken a fork
9213 177 is sleeping
9213 173 is sleeping
9214 100 has taken a fork
9215 172 is sleeping
9215 82 has taken a fork
9215 74 has taken a fork
9215 34 is eating
9216 116 is thinking
9216 35 is eating
9216 42 is eating
9216 40 is eating
9216 39 is eating
9217 188 is sleeping
9217 93 has taken a fork
9218 36 is eating
9218 44 is eating
9219 53 has taken a fork
9220 117 is thinking
9220 63 has taken a fork
9221 175 is sleeping
9222 94 has taken a fork
9222 31 is eating
9222 52 is eating
9222 28 is eating
9222 180 is sleeping
9222 51 is eating
9223 83 has taken a fork
9224 47 is eating
9224 181 is sleeping
9224 186 is sleeping
9225 76 has taken a fork
9226 187 is sleeping
9226 194 is sleeping
9226 189 is sleeping
9227 73 has taken a fork
9230 89 has taken a fork
9230 174 is sleeping
9234 70 has taken a fork
9234 184 is sleeping
9235 80 has taken a fork
9235 38 is eating
9235 81 has taken a fork
9238 71 has taken a fork
9238 193 is sleeping
9238 97 has taken a fork
9240 199 is sleeping
9240 88 has taken a fork
9240 182 is sleeping
9241 91 has taken a fork
9241 68 has taken a fork
9241 191 is sleeping
9247 112 is thinking
9251 113 is thinking
9251 192 is sleeping
9254 109 is thinking
9260 138 is thinking
9260 121 is thinking
9261 114 is thinking
9262 119 is thinking
9263 122 is thinking
9263 107 is thinking
9263 123 is thinking
9264 126 is thinking
9267 125 is thinking
9267 103 has taken a fork
9267 197 is sleeping
9267 195 is sleeping
9268 198 is sleeping
9268 87 has taken a fork
9268 98 has taken a fork
9268 99 has taken a fork
9269 96 has taken a fork
9270 147 is thinking
9271 129 is thinking
9272 137 is thinking
9273 145 is thinking
9274 140 is thinking
9278 139 is thinking
9279 9 is sleeping
9279 141 is thinking
9279 148 is thinking
9281 133 is thinking
9281 150 is thinking
9284 37 is eating
9284 60 has taken a fork
9286 13 is sleeping
9286 4 is sleeping
9286 57 has taken a fork
9286 92 has taken a fork
9290 136 is thinking
9291 124 is thinking
9292 200 is sleeping
9294 72 has taken a fork
9294 190 is sleeping
9300 62 has taken a fork
9303 155 is thinking
9304 105 has taken a fork
9304 12 is sleeping
9305 2 is sleeping
9305 134 is thinking
9305 1 is sleeping
9306 151 is thinking
9307 64 is eating
9308 5 is sleeping
9308 10 is sleeping
9308 55 is eating
9308 61 is eating
9308 43 is eating
9308 101 has taken a fork
9308 8 is sleeping
9309 102 has taken a fork
9309 41 is eating
9309 115 has taken a fork
9310 156 is thinking
9310 49 is eating
9310 110 has taken a fork
9310 67 has taken a fork
9310 16 is sleeping
9311 106 has taken a fork
9311 120 has taken a fork
9313 79 has taken a fork
9314 56 is eating
9314 130 is thinking
9315 104 has taken a fork
9315 90 has taken a fork
9316 58 has taken a fork
9317 108 has taken a fork
9317 78 has taken a fork
9317 48 is eating
9324 46 is eating
9326 135 is thinking
9326 50 is eating
9326 111 has taken a fork
9326 3 is sleeping
9326 54 is eating
9326 65 is eating
9326 69 is eating
9328 118 has taken a fork
9328 146 is thinking
9328 75 has taken a fork
9329 144 is thinking
9329 85 has taken a fork
9330 143 is thinking
9330 86 has taken a fork
9330 77 has taken a fork
9330 20 is sleeping
9330 11 is sleeping
9330 22 is sleeping
9330 6 is sleeping
9330 84 has taken a fork
9330 95 has taken a fork
9330 59 has taken a fork
9330 66 has taken a fork
9330 17 is sleeping
9331 19 is sleeping
9331 82 has taken a fork
9331 74 has taken a fork
9331 100 has taken a fork
9331 116 has taken a fork
9331 93 has taken a fork
9331 131 is thinking
9331 53 is eating
9331 132 is thinking
9333 128 is thinking
9334 142 is thinking
9334 127 is thinking
9334 117 has taken a fork
9334 63 is eating
9334 94 has taken a fork
9334 83 has taken a fork
9334 76 has taken a fork
9334 73 has taken a fork
9334 89 has taken a fork
9334 26 is sleeping
9334 18 is sleeping
9334 23 is sleeping
9334 70 has taken a fork
9334 80 has taken a fork
9335 81 has taken a fork
9335 33 is sleeping
9335 14 is sleeping
9336 24 is sleeping
9336 71 has taken a fork
9336 97 has taken a fork
9336 27 is sleeping
9336 29 is sleeping
9336 88 has taken a fork
9336 30 is sleeping
9336 153 is thinking
9338 154 is thinking
9339 152 is thinking
9339 163 is thinking
9339 91 has taken a fork
9339 68 is eating
9340 7 is sleeping
9340 15 is sleeping
9340 32 is sleeping
9340 21 is sleeping
9340 25 is sleeping
9340 45 is sleeping
9340 112 has taken a fork
9340 34 is sleeping
9340 40 is sleeping
9340 39 is sleeping
9341 35 is sleeping
9341 36 is sleeping
9341 42 is sleeping
9341 44 is sleeping
9341 52 is sleeping
9341 28 is sleeping
9341 113 has taken a fork
9341 31 is sleeping
9341 51 is sleeping
9341 47 is sleeping
9342 109 has taken a fork
9342 165 is thinking
9343 159 is thinking
9344 149 is thinking
9344 38 is sleeping
9344 121 has taken a fork
9345 114 has taken a fork
9346 138 has taken a fork
9347 119 has taken a fork
9349 122 has taken a fork
9350 107 has taken a fork
9353 123 has taken a fork
9355 126 has taken a fork
9356 125 has taken a fork
9357 103 has taken a fork
9357 87 has taken a fork
9358 98 has taken a fork
9358 99 has taken a fork
9359 96 has taken a fork
9359 147 has taken a fork
9359 129 has taken a fork
9359 137 has taken a fork
9360 145 has taken a fork
9360 140 has taken a fork
9360 157 is thinking
9360 139 has taken a fork
9361 148 has taken a fork
9362 141 has taken a fork
9362 133 has taken a fork
9362 167 is thinking
9362 150 has taken a fork
9362 60 is eating
9362 37 is sleeping
9362 57 is eating
9362 92 has taken a fork
9362 171 is thinking
9362 136 has taken a fork
9362 124 has taken a fork
9362 72 is eating
9362 168 is thinking
9363 164 is thinking
9364 179 is thinking
9365 158 is thinking
9365 62 is eating
9365 155 has taken a fork
9365 105 has taken a fork
9365 166 is thinking
9367 169 is thinking
9367 161 is thinking
9367 162 is thinking
9369 134 has taken a fork
9370 151 has taken a fork
9370 64 is sleeping
9371 170 is thinking
9372 185 is thinking
9373 183 is thinking
9373 55 is sleeping
9373 43 is sleeping
9373 61 is sleeping
9373 160 is thinking
9373 101 has taken a fork
9373 178 is thinking
9374 102 has taken a fork
9374 41 is sleeping
9374 115 has taken a fork
9375 196 is thinking
9375 49 is sleeping
9375 110 has taken a fork
9376 156 has taken a fork
9376 67 is eating
9377 106 has taken a fork
9378 176 is thinking
9378 120 has taken a fork
9380 173 is thinking
9383 177 is thinking
9383 79 is eating
9383 56 is sleeping
9385 172 is thinking
9386 130 has taken a fork
9387 104 has taken a fork
9387 90 has taken a fork
9387 58 is eating
9387 108 has taken a fork
9387 188 is thinking
9388 78 is eating
9388 48 is sleeping
9388 175 is thinking
9389 180 is thinking
9389 186 is thinking
9390 181 is thinking
9390 46 is sleeping
9391 194 is thinking
9392 189 is thinking
9392 187 is thinking
9392 135 has taken a fork
9393 50 is sleeping
9394 111 has taken a fork
9394 54 is sleeping
9395 65 is sleeping
9396 69 is sleeping
9396 118 has taken a fork
9396 146 has taken a fork
9396 75 is eating
9396 144 has taken a fork
9396 85 is eating
9396 143 has taken a fork
9396 86 is eating
9397 77 is eating
9397 84 is eating
9398 174 is thinking
9398 95 has taken a fork
9399 59 is eating
9399 66 is eating
9399 82 is eating
9399 74 is eating
9400 100 is eating
9400 116 has taken a fork
9400 93 is eating
9401 131 has taken a fork
9401 53 is sleeping
9403 132 has taken a fork
9405 128 has taken a fork
9407 142 has taken a fork
9410 184 is thinking
9411 127 has taken a fork
9411 117 has taken a fork
9411 63 is sleeping
9412 94 is eating
9412 83 is eating
9412 76 is eating
9413 73 is eating
9413 89 is eating
9414 70 is eating
9414 80 is eating
9414 81 is eating
9414 71 is eating
9414 97 is eating
9414 88 is eating
9414 153 has taken a fork
9416 193 is thinking
9417 154 has taken a fork
9417 152 has taken a fork
9418 163 has taken a fork
9418 91 is eating
9418 68 is sleeping
9418 199 is thinking
9418 112 has taken a fork
9418 182 is thinking
9421 191 is thinking
9421 113 has taken a fork
9421 109 has taken a fork
9421 165 has taken a fork
9423 159 has taken a fork
9424 149 has taken a fork
9425 121 has taken a fork
9426 114 has taken a fork
9428 138 has taken a fork
9429 119 has taken a fork
9431 122 has taken a fork
9433 107 has taken a fork
9436 123 has taken a fork
9436 192 is thinking
9436 126 has taken a fork
9437 125 has taken a fork
9438 103 is eating
9438 87 is eating
9438 98 is eating
9438 99 is eating
9438 96 is eating
9439 147 has taken a fork
9439 129 has taken a fork
9439 137 has taken a fork
9439 145 has taken a fork
9439 140 has taken a fork
9439 157 has taken a fork
9441 139 has taken a fork
9441 148 has taken a fork
9442 141 has taken a fork
9442 133 has taken a fork
9442 167 has taken a fork
9442 150 has taken a fork
9442 60 is sleeping
9442 57 is sleeping
9442 92 is eating
9442 171 has taken a fork
9442 136 has taken a fork
9443 124 has taken a fork
9443 72 is sleeping
9443 168 has taken a fork
9445 164 has taken a fork
9445 179 has taken a fork
9446 62 is sleeping
9446 158 has taken a fork
9446 155 has taken a fork
9446 105 is eating
9446 195 is thinking
9446 197 is thinking
9447 198 is thinking
9447 134 has taken a fork
9447 151 has taken a fork
9447 101 is eating
9447 102 is eating
9447 115 is eating
9447 110 is eating
9450 156 has taken a fork
9450 67 is sleeping
9450 106 is eating
9450 166 has taken a fork
9451 120 is eating
9453 9 is thinking
9453 79 is sleeping
9454 169 has taken a fork
9454 13 is thinking
9454 130 has taken a fork
9454 4 is thinking
9454 104 is eating
9454 90 is eating
9454 58 is sleeping
9454 108 is eating
9454 78 is sleeping
9454 162 has taken a fork
9454 161 has taken a fork
9454 200 is thinking
9454 135 has taken a fork
9454 111 is eating
9455 190 is thinking
9455 118 is eating
9455 146 has taken a fork
9455 75 is sleeping
9455 144 has taken a fork
9455 143 has taken a fork
9455 85 is sleeping
9455 86 is sleeping
9455 183 has taken a fork
9455 77 is sleeping
9455 160 has taken a fork
9455 84 is sleeping
9455 178 has taken a fork
9455 185 has taken a fork
9455 170 has taken a fork
9455 95 is eating
9455 59 is sleeping
9456 66 is sleeping
9456 82 is sleeping
9456 74 is sleeping
9456 196 has taken a fork
9456 100 is sleeping
9456 116 is eating
9456 177 has taken a fork
9456 173 has taken a fork
9457 172 has taken a fork
9458 176 has taken a fork
9458 93 is sleeping
9458 131 has taken a fork
9458 188 has taken a fork
9459 132 has taken a fork
9459 12 is thinking
9459 2 is thinking
9459 1 is thinking
9459 128 has taken a fork
9459 142 has taken a fork
9459 5 is thinking
9460 8 is thinking
9460 10 is thinking
9460 16 is thinking
9460 127 has taken a fork
9460 117 is eating
9460 94 is sleeping
9460 175 has taken a fork
9460 83 is sleeping
9460 76 is sleeping
9460 73 is sleeping
9460 181 has taken a fork
9460 89 is sleeping
9461 194 has taken a fork
9461 70 is sleeping
9461 80 is sleeping
9461 81 is sleeping
9461 180 has taken a fork
9461 71 is sleeping
9462 186 has taken a fork
9462 187 has taken a fork
9462 97 is sleeping
9462 88 is sleeping
9463 153 has taken a fork
9463 189 has taken a fork
9463 154 has taken a fork
9463 174 has taken a fork
9463 184 has taken a fork
9464 152 has taken a fork
9465 193 has taken a fork
9465 91 is sleeping
9465 163 has taken a fork
9465 199 has taken a fork
9465 112 is eating
9466 182 has taken a fork
9466 113 is eating
9467 109 is eating
9468 165 has taken a fork
9468 159 has taken a fork
9469 149 has taken a fork
9469 121 is eating
9469 114 is eating
9469 3 is thinking
9469 138 is eating
9469 119 is eating
9469 17 is thinking
9470 11 is thinking
9471 6 is thinking
9471 20 is thinking
9471 19 is thinking
9472 22 is thinking
9472 122 is eating
9472 107 is eating
9473 18 is thinking
9473 23 is thinking
9474 26 is thinking
9474 14 is thinking
9474 33 is thinking
9476 30 is thinking
9476 27 is thinking
9476 24 is thinking
9476 123 is eating
9476 29 is thinking
9476 126 is eating
9476 125 is eating
9476 103 is sleeping
9477 87 is sleeping
9477 98 is sleeping
9477 99 is sleeping
9477 96 is sleeping
9477 147 is eating
9477 129 is eating
9477 137 is eating
9477 145 is eating
9477 140 is eating
9477 157 has taken a fork
9477 34 is thinking
9477 40 is thinking
9478 21 is thinking
9478 15 is thinking
9478 25 is thinking
9479 7 is thinking
9480 45 is thinking
9480 32 is thinking
9480 192 has taken a fork
9480 139 is eating
9480 44 is thinking
9480 51 is thinking
9480 47 is thinking
9481 191 has taken a fork
9482 39 is thinking
9482 35 is thinking
9483 36 is thinking
9484 31 is thinking
9484 42 is thinking
9486 52 is thinking
9486 28 is thinking
9486 148 is eating
9486 141 is eating
9486 133 is eating
9486 167 has taken a fork
9486 150 is eating
9486 92 is sleeping
9486 171 has taken a fork
9486 136 is eating
9486 124 is eating
9486 168 has taken a fork
9487 38 is thinking
9488 164 has taken a fork
9488 179 has taken a fork
9488 158 has taken a fork
9488 155 is eating
9488 105 is sleeping
9488 195 has taken a fork
9488 197 has taken a fork
9488 198 has taken a fork
9489 134 is eating
9489 151 is eating
9490 101 is sleeping
9490 102 is sleeping
9490 115 is sleeping
9490 110 is sleeping
9490 156 is eating
9490 106 is sleeping
9492 166 has taken a fork
9492 120 is sleeping
9492 9 has taken a fork
9493 169 has taken a fork
9493 13 has taken a fork
9493 130 is eating
9493 4 has taken a fork
9493 104 is sleeping
9493 90 is sleeping
9494 108 is sleeping
9495 162 has taken a fork
9496 161 has taken a fork
9498 200 has taken a fork
9498 135 is eating
9498 111 is sleeping
9499 190 has taken a fork
9499 118 is sleeping
9499 146 is eating
9499 144 is eating
9499 143 is eating
9500 160 has taken a fork
9501 178 has taken a fork
9501 185 has taken a fork
9504 170 has taken a fork
9506 183 has taken a fork
9506 95 is sleeping
9507 196 has taken a fork
9507 116 is sleeping
9510 177 has taken a fork
9510 173 has taken a fork
9512 172 has taken a fork
9513 176 has taken a fork
9513 131 is eating
9513 188 has taken a fork
9513 132 is eating
9514 12 has taken a fork
9515 2 has taken a fork
9515 1 has taken a fork
9515 128 is eating
9518 142 is eating
9519 5 has taken a fork
9522 8 has taken a fork
9522 10 has taken a fork
9523 16 has taken a fork
9523 127 is eating
9524 117 is sleeping
9524 175 has taken a fork
9524 181 has taken a fork
9524 194 has taken a fork
9526 180 has taken a fork
9528 37 is thinking
9528 186 has taken a fork
9528 187 has taken a fork
9529 153 is eating
9529 189 has taken a fork
9530 154 is eating
9531 174 has taken a fork
9532 184 has taken a fork
9533 152 is eating
9535 193 has taken a fork
9537 163 is eating
9537 199 has taken a fork
9542 112 is sleeping
9543 182 has taken a fork
9543 113 is sleeping
9545 109 is sleeping
9546 165 is eating
9547 159 is eating
9547 149 is eating
9547 121 is sleeping
9548 114 is sleeping
9548 3 has taken a fork
9548 138 is sleeping
9549 119 is sleeping
9554 17 has taken a fork
9554 64 is thinking
9555 11 has taken a fork
9555 6 has taken a fork
9555 20 has taken a fork
9556 19 has taken a fork
9557 22 has taken a fork
9557 122 is sleeping
9557 107 is sleeping
9557 61 is thinking
9557 55 is thinking
9558 43 is thinking
9559 18 has taken a fork
9559 41 is thinking
9559 23 has taken a fork
9559 26 has taken a fork
9560 14 has taken a fork
9560 33 has taken a fork
9561 49 is thinking
9561 30 has taken a fork
9561 123 is sleeping
9561 27 has taken a fork
9561 126 is sleeping
9561 125 is sleeping
9561 29 has taken a fork
9562 24 has taken a fork
9562 147 is sleeping
9562 129 is sleeping
9562 137 is sleeping
9562 145 is sleeping
9562 140 is sleeping
9562 157 is eating
9562 34 has taken a fork
9562 40 has taken a fork
9562 21 has taken a fork
9562 15 has taken a fork
9562 25 has taken a fork
9562 192 has taken a fork
9562 139 is sleeping
9562 7 has taken a fork
9563 191 has taken a fork
9563 56 is thinking
9563 141 is sleeping
9563 148 is sleeping
9563 133 is sleeping
9564 167 is eating
9564 150 is sleeping
9564 171 is eating
9564 168 is eating
9564 45 has taken a fork
9565 32 has taken a fork
9565 44 has taken a fork
9565 51 has taken a fork
9565 136 is sleeping
9565 47 has taken a fork
9565 48 is thinking
9566 164 is eating
9566 179 is eating
9566 158 is eating
9566 195 has taken a fork
9567 197 has taken a fork
9567 198 has taken a fork
9567 124 is sleeping
9567 46 is thinking
9567 39 has taken a fork
9567 166 is eating
9567 9 has taken a fork
9567 50 is thinking
9568 169 is eating
9569 13 has taken a fork
9569 4 has taken a fork
9569 54 is thinking
9569 162 is eating
9569 65 is thinking
9569 155 is sleeping
9569 36 has taken a fork
9570 69 is thinking
9572 161 is eating
9573 151 is sleeping
9574 134 is sleeping
9574 200 has taken a fork
9574 190 has taken a fork
9574 31 has taken a fork
9574 35 has taken a fork
9575 160 is eating
9575 156 is sleeping
9576 53 is thinking
9576 42 has taken a fork
9577 178 is eating
9577 185 is eating
9577 130 is sleeping
9578 52 has taken a fork
9579 170 is eating
9579 183 is eating
9579 196 is eating
9579 177 is eating
9579 173 is eating
9579 135 is sleeping
9579 172 is eating
9579 63 is thinking
9579 28 has taken a fork
9579 176 is eating
9579 188 is eating
9579 146 is sleeping
9579 144 is sleeping
9579 12 has taken a fork
9579 38 has taken a fork
9579 143 is sleeping
9579 1 has taken a fork
9579 2 has taken a fork
9579 68 is thinking
9579 5 has taken a fork
9580 131 is sleeping
9580 132 is sleeping
9580 8 has taken a fork
9580 10 has taken a fork
9580 16 has taken a fork
9580 175 is eating
9580 181 is eating
9580 194 is eating
9580 128 is sleeping
9580 142 is sleeping
9581 180 is eating
9581 37 has taken a fork
9581 186 is eating
9581 187 is eating
9581 127 is sleeping
9581 189 is eating
9581 174 is eating
9581 184 is eating
9581 153 is sleeping
9581 154 is sleeping
9581 193 is eating
9581 152 is sleeping
9581 199 is eating
9581 163 is sleeping
9581 60 is thinking
9582 57 is thinking
9582 182 is eating
9583 72 is thinking
9583 165 is sleeping
9583 62 is thinking
9583 159 is sleeping
9583 149 is sleeping
9583 3 has taken a fork
9584 67 is thinking
9584 79 is thinking
9584 78 is thinking
9584 58 is thinking
9584 17 has taken a fork
9584 64 has taken a fork
9585 77 is thinking
9586 86 is thinking
9586 84 is thinking
9586 75 is thinking
9586 11 has taken a fork
9586 85 is thinking
9587 6 has taken a fork
9587 20 has taken a fork
9587 59 is thinking
9588 100 is thinking
9588 66 is thinking
9589 82 is thinking
9591 74 is thinking
9591 19 has taken a fork
9591 22 has taken a fork
9591 61 has taken a fork
9591 55 has taken a fork
9591 93 is thinking
9592 43 has taken a fork
9592 18 has taken a fork
9592 41 has taken a fork
9592 23 has taken a fork
9593 26 has taken a fork
9594 76 is thinking
9594 94 is thinking
9594 73 is thinking
9599 89 is thinking
9599 83 is thinking
9599 14 has taken a fork
9600 33 has taken a fork
9600 81 is thinking
9603 70 is thinking
9604 80 is thinking
9605 30 has taken a fork
9605 49 has taken a fork
9605 71 is thinking
9605 27 has taken a fork
9605 29 has taken a fork
9605 97 is thinking
9606 88 is thinking
9606 24 has taken a fork
9606 157 is sleeping
9606 34 has taken a fork
9606 40 has taken a fork
9607 21 has taken a fork
9607 15 has taken a fork
9607 25 has taken a fork
9607 192 is eating
9607 7 has taken a fork
9607 191 is eating
9608 56 has taken a fork
9608 167 is sleeping
9608 171 is sleeping
9608 168 is sleeping
9608 45 has taken a fork
9608 91 is thinking
9608 32 has taken a fork
9608 44 has taken a fork
9609 51 has taken a fork
9609 47 has taken a fork
9609 48 has taken a fork
9610 164 is sleeping
9610 179 is sleeping
9610 158 is sleeping
9611 195 is eating
9611 197 is eating
9611 198 is eating
9611 46 has taken a fork
9611 39 has taken a fork
9611 9 is eating
9612 50 has taken a fork
9612 13 is eating
9612 4 is eating
9612 54 has taken a fork
9612 65 has taken a fork
9613 36 has taken a fork
9613 69 has taken a fork
9614 166 is sleeping
9614 200 is eating
9614 190 is eating
9615 31 has taken a fork
9615 35 has taken a fork
9615 53 has taken a fork
9616 169 is sleeping
9616 42 has taken a fork
9617 87 is thinking
9618 96 is thinking
9620 99 is thinking
9621 98 is thinking
9622 103 is thinking
9623 52 has taken a fork
9624 162 is sleeping
9624 63 has taken a fork
9625 28 has taken a fork
9625 12 is eating
9625 38 has taken a fork
9625 1 is eating
9625 2 is eating
9625 5 is eating
9626 68 has taken a fork
9626 8 is eating
9627 10 is eating
9627 16 is eating
9627 37 has taken a fork
9628 161 is sleeping
9630 57 has taken a fork
9631 60 has taken a fork
9633 72 has taken a fork
9634 62 has taken a fork
9635 3 is eating
9635 67 has taken a fork
9636 79 has taken a fork
9639 78 has taken a fork
9640 58 has taken a fork
9640 17 is eating
9640 64 has taken a fork
9640 160 is sleeping
9643 92 is thinking
9644 77 has taken a fork
9645 11 is eating
9646 178 is sleeping
9647 6 is eating
9647 20 is eating
9648 84 has taken a fork
9649 185 is sleeping
9650 75 has taken a fork
9650 183 is sleeping
9651 86 has taken a fork
9652 105 is thinking
9652 196 is sleeping
9652 85 has taken a fork
9653 170 is sleeping
9653 106 is thinking
9654 115 is thinking
9654 102 is thinking
9654 188 is sleeping
9655 100 has taken a fork
9655 110 is thinking
9656 177 is sleeping
9656 172 is sleeping
9657 173 is sleeping
9658 176 is sleeping
9658 82 has taken a fork
9658 66 has taken a fork
9658 59 has taken a fork
9662 74 has taken a fork
9662 101 is thinking
9662 19 is eating
9662 22 is eating
9662 61 has taken a fork
9663 55 has taken a fork
9663 93 has taken a fork
9663 43 has taken a fork
9663 18 is eating
9664 120 is thinking
9664 41 has taken a fork
9664 23 is eating
9664 26 is eating
9664 104 is thinking
9667 108 is thinking
9667 90 is thinking
9667 175 is sleeping
9667 181 is sleeping
9668 194 is sleeping
9668 73 has taken a fork
9670 76 has taken a fork
9670 187 is sleeping
9670 180 is sleeping
9670 186 is sleeping
9670 174 is sleeping
9671 189 is sleeping
9672 184 is sleeping
9673 118 is thinking
9676 94 has taken a fork
9676 89 has taken a fork
9677 111 is thinking
9677 83 has taken a fork
9677 14 is eating
9677 199 is sleeping
9678 33 is eating
9678 193 is sleeping
9680 81 has taken a fork
9680 182 is sleeping
9680 70 has taken a fork
9680 80 has taken a fork
9681 30 is eating
9681 49 has taken a fork
9681 71 has taken a fork
9681 27 is eating
9681 29 is eating
9683 97 has taken a fork
9684 88 has taken a fork
9685 24 is eating
9685 34 is eating
9685 40 is eating
9685 116 is thinking
9686 15 is eating
9686 21 is eating
9686 25 is eating
9686 7 is eating
9686 56 has taken a fork
9688 95 is thinking
9688 45 is eating
9688 91 has taken a fork
9688 32 is eating
9688 44 is eating
9688 51 is eating
9688 47 is eating
9689 48 has taken a fork
9689 46 has taken a fork
9689 39 is eating
9689 50 has taken a fork
9690 54 has taken a fork
9690 65 has taken a fork
9690 36 is eating
9690 69 has taken a fork
9690 31 is eating
9690 35 is eating
9690 53 has taken a fork
9691 42 is eating
9691 52 is eating
9691 191 is sleeping
9692 87 has taken a fork
9693 117 is thinking
9693 192 is sleeping
9693 63 has taken a fork
9693 28 is eating
9694 96 has taken a fork
9694 38 is eating
9694 68 has taken a fork
9695 37 is eating
9695 197 is sleeping
9695 198 is sleeping
9695 195 is sleeping
9695 57 has taken a fork
9696 99 has taken a fork
9697 98 has taken a fork
9697 9 is sleeping
9698 103 has taken a fork
9698 60 has taken a fork
9698 72 has taken a fork
9698 4 is sleeping
9698 13 is sleeping
9698 200 is sleeping
9699 62 has taken a fork
9699 190 is sleeping
9700 67 has taken a fork
9700 79 has taken a fork
9700 78 has taken a fork
9701 58 has taken a fork
9701 64 is eating
9701 5 is sleeping
9701 112 is thinking
9702 12 is sleeping
9702 1 is sleeping
9702 2 is sleeping
9703 8 is sleeping
9703 113 is thinking
9703 92 has taken a fork
9703 16 is sleeping
9703 77 has taken a fork
9703 10 is sleeping
9704 109 is thinking
9704 121 is thinking
9704 114 is thinking
9704 138 is thinking
9704 84 has taken a fork
9705 75 has taken a fork
9705 86 has taken a fork
9705 119 is thinking
9705 85 has taken a fork
9705 3 is sleeping
9705 105 has taken a fork
9706 106 has taken a fork
9707 115 has taken a fork
9707 102 has taken a fork
9707 100 has taken a fork
9707 17 is sleeping
9708 110 has taken a fork
9708 107 is thinking
9708 122 is thinking
9708 82 has taken a fork
9708 66 has taken a fork
9708 11 is sleeping
9708 59 has taken a fork
9708 20 is sleeping
9708 6 is sleeping
9709 123 is thinking
9709 125 is thinking
9709 126 is thinking
9709 74 has taken a fork
9715 101 has taken a fork
9715 139 is thinking
9715 129 is thinking
9716 145 is thinking
9716 140 is thinking
9716 137 is thinking
9716 147 is thinking
9716 61 is eating
9716 133 is thinking
9716 141 is thinking
9716 148 is thinking
9716 55 is eating
9716 93 has taken a fork
9716 43 is eating
9718 120 has taken a fork
9718 41 is eating
9718 150 is thinking
9718 136 is thinking
9719 124 is thinking
9720 19 is sleeping
9720 22 is sleeping
9720 104 has taken a fork
9720 108 has taken a fork
9720 90 has taken a fork
9723 73 has taken a fork
9723 23 is sleeping
9723 26 is sleeping
9723 18 is sleeping
9723 155 is thinking
9724 76 has taken a fork
9724 151 is thinking
9724 118 has taken a fork
9725 156 is thinking
9725 134 is thinking
9725 94 has taken a fork
9726 89 has taken a fork
9726 130 is thinking
9727 111 has taken a fork
9728 83 has taken a fork
9728 14 is sleeping
9729 33 is sleeping
9729 135 is thinking
9730 144 is thinking
9730 143 is thinking
9730 146 is thinking
9730 131 is thinking
9731 81 has taken a fork
9732 142 is thinking
9732 128 is thinking
9732 132 is thinking
9732 70 has taken a fork
9733 153 is thinking
9734 80 has taken a fork
9734 30 is sleeping
9736 154 is thinking
9737 152 is thinking
9737 163 is thinking
9737 49 is eating
9738 127 is thinking
9738 71 has taken a fork
9738 27 is sleeping
9738 29 is sleeping
9739 165 is thinking
9740 149 is thinking
9741 97 has taken a fork
9741 159 is thinking
9741 88 has taken a fork
9741 24 is sleeping
9741 34 is sleeping
9741 40 is sleeping
9741 116 has taken a fork
9741 15 is sleeping
9741 21 is sleeping
9741 25 is sleeping
9741 7 is sleeping
9741 56 is eating
9741 95 has taken a fork
9741 45 is sleeping
9741 32 is sleeping
9742 44 is sleeping
9742 51 is sleeping
9742 47 is sleeping
9742 48 is eating
9742 46 is eating
9742 50 is eating
9744 91 has taken a fork
9744 54 is eating
9745 39 is sleeping
9745 65 is eating
9745 69 is eating
9745 53 is eating
9746 87 has taken a fork
9746 117 has taken a fork
9746 36 is sleeping
9746 63 is eating
9746 96 has taken a fork
9746 68 is eating
9746 31 is sleeping
9746 35 is sleeping
9747 57 is eating
9748 42 is sleeping
9749 99 has taken a fork
9751 98 has taken a fork
9751 52 is sleeping
9753 60 is eating
9755 103 has taken a fork
9757 72 is eating
9758 62 is eating
9758 67 is eating
9758 58 is eating
9758 79 is eating
9758 78 is eating
9758 112 has taken a fork
9758 113 has taken a fork
9758 28 is sleeping
9758 92 has taken a fork
9759 77 is eating
9760 38 is sleeping
9760 109 has taken a fork
9762 121 has taken a fork
9763 114 has taken a fork
9765 138 has taken a fork
9767 84 is eating
9771 75 is eating
9776 86 is eating
9776 119 has taken a fork
9776 85 is eating
9779 105 has taken a fork
9780 106 has taken a fork
9781 157 is thinking
9781 115 has taken a fork
9783 102 has taken a fork
9783 100 is eating
9785 167 is thinking
9788 110 has taken a fork
9790 171 is thinking
9790 168 is thinking
9791 107 has taken a fork
9791 122 has taken a fork
9792 82 is eating
9792 66 is eating
9792 59 is eating
9793 123 has taken a fork
9793 125 has taken a fork
9795 126 has taken a fork
9798 164 is thinking
9798 37 is sleeping
9800 74 is eating
9804 158 is thinking
9804 179 is thinking
9805 166 is thinking
9806 101 has taken a fork
9807 139 has taken a fork
9808 129 has taken a fork
9808 145 has taken a fork
9808 169 is thinking
9808 137 has taken a fork
9808 93 is eating
9808 140 has taken a fork
9808 147 has taken a fork
9808 133 has taken a fork
9808 141 has taken a fork
9808 120 has taken a fork
9808 148 has taken a fork
9808 150 has taken a fork
9808 136 has taken a fork
9808 124 has taken a fork
9810 104 has taken a fork
9811 108 has taken a fork
9813 90 has taken a fork
9813 73 is eating
9813 155 has taken a fork
9814 76 is eating
9814 162 is thinking
9816 151 has taken a fork
9818 118 has taken a fork
9819 156 has taken a fork
9819 134 has taken a fork
9821 94 is eating
9823 89 is eating
9824 130 has taken a fork
9824 111 has taken a fork
9824 64 is sleeping
9824 161 is thinking
9824 83 is eating
9824 135 has taken a fork
9825 144 has taken a fork
9825 143 has taken a fork
9826 146 has taken a fork
9826 81 is eating
9826 70 is eating
9826 80 is eating
9826 55 is sleeping
9826 61 is sleeping
9826 43 is sleeping
9827 128 has taken a fork
9827 131 has taken a fork
9827 142 has taken a fork
9827 71 is eating
9827 41 is sleeping
9827 132 has taken a fork
9828 97 is eating
9829 160 is thinking
9829 88 is eating
9829 116 has taken a fork
9829 95 has taken a fork
9829 91 is eating
9830 87 is eating
9830 117 has taken a fork
9830 96 is eating
9830 178 is thinking
9830 49 is sleeping
9830 185 is thinking
9830 99 is eating
9830 153 has taken a fork
9830 183 is thinking
9830 98 is eating
9830 56 is sleeping
9830 154 has taken a fork
9831 196 is thinking
9831 170 is thinking
9831 48 is sleeping
9831 50 is sleeping
9831 46 is sleeping
9831 127 has taken a fork
9831 103 is eating
9832 188 is thinking
9832 152 has taken a fork
9832 54 is sleeping
9832 65 is sleeping
9833 172 is thinking
9833 173 is thinking
9833 177 is thinking
9833 163 has taken a fork
9833 69 is sleeping
9833 176 is thinking
9833 112 has taken a fork
9834 113 has taken a fork
9834 92 is eating
9834 149 has taken a fork
9836 159 has taken a fork
9836 165 has taken a fork
9836 109 has taken a fork
9836 53 is sleeping
9836 121 has taken a fork
9836 63 is sleeping
9837 68 is sleeping
9837 114 has taken a fork
9837 138 has taken a fork
9837 57 is sleeping
9839 175 is thinking
9839 181 is thinking
9839 79 is sleeping
9839 58 is sleeping
9839 62 is sleeping
9839 67 is sleeping
9840 174 is thinking
9840 186 is thinking
9840 189 is thinking
9840 180 is thinking
9840 194 is thinking
9840 187 is thinking
9840 78 is sleeping
9840 72 is sleeping
9840 60 is sleeping
9841 184 is thinking
9841 77 is sleeping
9841 119 has taken a fork
9841 193 is thinking
9841 199 is thinking
9841 84 is sleeping
9842 105 is eating
9842 182 is thinking
9842 75 is sleeping
9842 106 is eating
9843 157 has taken a fork
9843 115 is eating
9843 85 is sleeping
9843 102 is eating
9843 86 is sleeping
9844 167 has taken a fork
9844 100 is sleeping
9844 110 is eating
9844 171 has taken a fork
9845 168 has taken a fork
9845 191 is thinking
9845 107 has taken a fork
9845 122 has taken a fork
9845 82 is sleeping
9845 66 is sleeping
9845 59 is sleeping
9845 192 is thinking
9845 123 has taken a fork
9845 125 has taken a fork
9846 197 is thinking
9846 195 is thinking
9847 198 is thinking
9847 126 has taken a fork
9847 200 is thinking
9848 4 is thinking
9849 13 is thinking
9849 164 has taken a fork
9850 190 is thinking
9850 9 is thinking
9850 74 is sleeping
9852 5 is thinking
9852 12 is thinking
9854 2 is thinking
9857 1 is thinking
9857 10 is thinking
9859 8 is thinking
9859 16 is thinking
9859 158 has taken a fork
9859 179 has taken a fork
9859 3 is thinking
9859 166 has taken a fork
9860 101 is eating
9861 17 is thinking
9861 139 has taken a fork
9861 20 is thinking
9863 6 is thinking
9863 11 is thinking
9863 129 has taken a fork
9864 145 has taken a fork
9864 169 has taken a fork
9864 137 has taken a fork
9864 93 is sleeping
9864 140 has taken a fork
9864 147 has taken a fork
9865 133 has taken a fork
9867 141 has taken a fork
9867 120 is eating
9867 148 has taken a fork
9867 150 has taken a fork
9867 136 has taken a fork
9868 124 has taken a fork
9868 104 is eating
9868 108 is eating
9868 90 is eating
9869 73 is sleeping
9869 155 has taken a fork
9869 76 is sleeping
9869 162 has taken a fork
9869 151 has taken a fork
9869 118 is eating
9870 156 has taken a fork
9870 134 has taken a fork
9870 22 is thinking
9872 19 is thinking
9873 94 is sleeping
9873 23 is thinking
9874 18 is thinking
9875 26 is thinking
9875 89 is sleeping
9876 130 has taken a fork
9876 111 is eating
9876 161 has taken a fork
9877 83 is sleeping
9877 135 has taken a fork
9878 144 has taken a fork
9879 143 has taken a fork
9879 146 has taken a fork
9880 81 is sleeping
9880 70 is sleeping
9881 80 is sleeping
9881 128 has taken a fork
9883 131 has taken a fork
9884 142 has taken a fork
9884 71 is sleeping
9884 132 has taken a fork
9887 14 is thinking
9887 97 is sleeping
9889 160 has taken a fork
9889 88 is sleeping
9889 116 is eating
9889 95 is eating
9890 91 is sleeping
9891 33 is thinking
9891 87 is sleeping
9891 117 is eating
9892 96 is sleeping
9892 178 has taken a fork
9893 185 has taken a fork
9895 153 has taken a fork
9895 183 has taken a fork
9897 154 has taken a fork
9898 98 is sleeping
9898 196 has taken a fork
9898 99 is sleeping
9899 170 has taken a fork
9899 127 has taken a fork
9900 188 has taken a fork
9900 103 is sleeping
9901 152 has taken a fork
9903 172 has taken a fork
9903 173 has taken a fork
9904 177 has taken a fork
9905 163 has taken a fork
9905 176 has taken a fork
9906 112 is eating
9906 113 is eating
9908 30 is thinking
9908 149 has taken a fork
9910 159 has taken a fork
9912 165 has taken a fork
9912 109 is eating
9913 121 is eating
9913 114 is eating
9913 138 is eating
9914 92 is sleeping
9914 175 has taken a fork
9917 29 is thinking
9918 27 is thinking
9919 181 has taken a fork
9919 174 has taken a fork
9919 186 has taken a fork
9920 189 has taken a fork
9921 180 has taken a fork
9921 194 has taken a fork
9921 187 has taken a fork
9921 40 is thinking
9921 184 has taken a fork
9921 119 is eating
9922 193 has taken a fork
9922 199 has taken a fork
9925 45 is thinking
9930 21 is thinking
9934 34 is thinking
9935 25 is thinking
9937 24 is thinking
9937 15 is thinking
9938 7 is thinking
9940 32 is thinking
9941 51 is thinking
9941 44 is thinking
9941 47 is thinking
9941 182 has taken a fork
9942 157 has taken a fork
9943 167 has taken a fork
9943 171 has taken a fork
9944 168 has taken a fork
9945 191 has taken a fork
9945 107 is eating
9947 39 is thinking
9947 122 is eating
9947 123 is eating
9947 192 has taken a fork
9947 125 is eating
9947 35 is thinking
9948 197 has taken a fork
9949 36 is thinking
9949 31 is thinking
9950 195 has taken a fork
9950 198 has taken a fork
9950 126 is eating
9950 106 is sleeping
9951 42 is thinking
9951 200 has taken a fork
9951 105 is sleeping
9951 4 has taken a fork
9951 115 is sleeping
9951 102 is sleeping
9951 13 has taken a fork
9951 164 has taken a fork
9951 110 is sleeping
9952 190 has taken a fork
9952 9 has taken a fork
9953 52 is thinking
9953 5 has taken a fork
9953 28 is thinking
9954 158 has taken a fork
9955 179 has taken a fork
9955 166 has taken a fork
9955 101 is sleeping
9955 38 is thinking
9955 139 is eating
9956 12 has taken a fork
9956 129 is eating
9956 145 is eating
9956 169 has taken a fork
9956 137 is eating
9956 140 is eating
9956 147 is eating
9956 133 is eating
9956 141 is eating
9956 148 is eating
9956 120 is sleeping
9956 150 is eating
9956 136 is eating
9956 2 has taken a fork
9957 124 is eating
9957 104 is sleeping
9957 108 is sleeping
9957 90 is sleeping
9957 155 is eating
9957 162 has taken a fork
9957 151 is eating
9957 1 has taken a fork
9957 10 has taken a fork
9959 8 has taken a fork
9960 156 is eating
9960 134 is eating
9960 118 is sleeping
9961 16 has taken a fork
9961 130 is eating
9961 161 has taken a fork
9961 111 is sleeping
9961 135 is eating
9961 3 has taken a fork
9961 144 is eating
9962 143 is eating
9962 146 is eating
9962 128 is eating
9962 131 is eating
9962 142 is eating
9962 132 is eating
9963 160 has taken a fork
9963 116 is sleeping
9963 95 is sleeping
9964 17 has taken a fork
9965 20 has taken a fork
9965 117 is sleeping
9965 178 has taken a fork
9965 6 has taken a fork
9965 185 has taken a fork
9965 153 is eating
9965 183 has taken a fork
9965 154 is eating
9965 196 has taken a fork
9966 170 has taken a fork
9966 127 is eating
9966 188 has taken a fork
9966 37 is thinking
9967 152 is eating
9967 172 has taken a fork
9967 173 has taken a fork
9967 177 has taken a fork
9967 163 is eating
9967 176 has taken a fork
9967 112 is sleeping
9967 113 is sleeping
9970 11 has taken a fork
9972 22 has taken a fork
9973 149 is eating
9973 159 is eating
9973 165 is eating
9973 109 is sleeping
9973 121 is sleeping
9973 114 is sleeping
9973 138 is sleeping
9975 26 has taken a fork
9976 175 has taken a fork
9976 23 has taken a fork
9979 19 has taken a fork
9979 18 has taken a fork
9979 181 has taken a fork
9979 174 has taken a fork
9979 186 has taken a fork
9979 189 has taken a fork
9979 180 has taken a fork
9979 194 has taken a fork
9980 187 has taken a fork
9980 184 has taken a fork
9980 119 is sleeping
9980 193 has taken a fork
9981 14 has taken a fork
9981 199 has taken a fork
9982 64 is thinking
9982 43 is thinking
9983 41 is thinking
9984 56 is thinking
9985 49 is thinking
9987 55 is thinking
9987 61 is thinking
9990 50 is thinking
9992 48 is thinking
9993 46 is thinking
9994 65 is thinking
9996 54 is thinking
9996 69 is thinking
9997 53 is thinking
9997 57 is thinking
9998 63 is thinking
9999 68 is thinking
9999 58 is thinking
10000 79 is thinking
10000 62 is thinking
10001 67 is thinking
10001 72 is thinking
10001 78 is thinking
10002 60 is thinking
10002 84 is thinking
10002 77 is thinking
10002 182 has taken a fork
10003 75 is thinking
10003 157 is eating
10005 85 is thinking
10006 86 is thinking
10006 167 is eating
10007 171 is eating
10007 100 is thinking
10008 168 is eating
10009 59 is thinking
10010 66 is thinking
10010 82 is thinking
10010 191 has taken a fork
10010 107 is sleeping
10010 33 has taken a fork
10010 122 is sleeping
10010 123 is sleeping
10011 192 has taken a fork
10011 125 is sleeping
10011 29 has taken a fork
10012 197 has taken a fork
10012 30 has taken a fork
10012 27 has taken a fork
10012 74 is thinking
10013 195 has taken a fork
10013 198 has taken a fork
10013 126 is sleeping
10013 40 has taken a fork
10015 200 has taken a fork
10015 4 has taken a fork
10015 164 is eating
10015 13 has taken a fork
10016 190 has taken a fork
10016 9 has taken a fork
10016 5 has taken a fork
10017 158 is eating
10017 179 is eating
10017 166 is eating
10017 139 is sleeping
10018 45 has taken a fork
10019 12 has taken a fork
10019 129 is sleeping
10020 145 is sleeping
10021 34 has taken a fork
10021 169 is eating
10021 137 is sleeping
10021 140 is sleeping
10021 147 is sleeping
10022 15 has taken a fork
10022 133 is sleeping
10022 7 has taken a fork
10022 141 is sleeping
10024 32 has taken a fork
10024 148 is sleeping
10025 51 has taken a fork
10025 150 is sleeping
10025 136 is sleeping
10025 2 has taken a fork
10026 124 is sleeping
10027 39 has taken a fork
10027 21 has taken a fork
10027 155 is sleeping
10027 162 is eating
10027 151 is sleeping
10028 25 has taken a fork
10028 1 has taken a fork
10031 24 has taken a fork
10033 10 has taken a fork
10034 44 has taken a fork
10035 47 has taken a fork
10035 156 is sleeping
10035 134 is sleeping
10035 35 has taken a fork
10037 36 has taken a fork
10038 8 has taken a fork
10040 16 has taken a fork
10040 161 is eating
10040 130 is sleeping
10042 42 has taken a fork
10042 135 is sleeping
10046 3 has taken a fork
10048 31 has taken a fork
10048 144 is sleeping
10050 52 has taken a fork
10050 143 is sleeping
10050 146 is sleeping
10050 128 is sleeping
10052 28 has taken a fork
10052 131 is sleeping
10054 38 has taken a fork
10054 142 is sleeping
10054 132 is sleeping
10055 160 is eating
10055 93 is thinking
10059 17 has taken a fork
10060 20 has taken a fork
10060 178 is eating
10063 6 has taken a fork
10063 185 is eating
10063 183 is eating
10064 153 is sleeping
10064 154 is sleeping
10064 196 is eating
10065 170 is eating
10065 127 is sleeping
10066 188 is eating
10066 37 has taken a fork
10067 152 is sleeping
10067 172 is eating
10067 173 is eating
10067 177 is eating
10067 163 is sleeping
10067 176 is eating
10068 73 is thinking
10072 76 is thinking
10074 11 has taken a fork
10075 22 has taken a fork
10076 94 is thinking
10076 149 is sleeping
10076 159 is sleeping
10076 165 is sleeping
10076 89 is thinking
10077 26 has taken a fork
10078 175 is eating
10078 23 has taken a fork
10079 83 is thinking
10079 19 has taken a fork
10079 18 has taken a fork
10079 181 is eating
10079 174 is eating
10079 186 is eating
10079 189 is eating
10079 180 is eating
10079 70 is thinking
10079 194 is eating
10079 187 is eating
10079 184 is eating
10079 81 is thinking
10079 193 is eating
10079 80 is thinking
10080 14 has taken a fork
10080 199 is eating
10080 64 has taken a fork
10080 43 has taken a fork
10080 41 has taken a fork
10081 71 is thinking
10081 56 has taken a fork
10082 49 has taken a fork
10082 97 is thinking
10082 55 has taken a fork
10082 61 has taken a fork
10082 88 is thinking
10082 91 is thinking
10082 87 is thinking
10082 96 is thinking
10083 50 has taken a fork
10083 48 has taken a fork
10083 46 has taken a fork
10083 65 has taken a fork
10084 54 has taken a fork
10084 69 has taken a fork
10084 98 is thinking
10084 99 is thinking
10084 103 is thinking
10084 182 is eating
10084 53 has taken a fork
10085 157 is sleeping
10085 167 is sleeping
10085 171 is sleeping
10085 57 has taken a fork
10085 63 has taken a fork
10085 168 is sleeping
10085 68 has taken a fork
10085 191 is eating
10085 33 has taken a fork
10085 192 is eating
10085 29 has taken a fork
10086 197 is eating
10086 30 has taken a fork
10086 27 has taken a fork
10086 198 is eating
10086 195 is eating
10086 40 has taken a fork
10086 92 is thinking
10086 200 is eating
10086 4 is eating
10086 164 is sleeping
10086 13 is eating
10086 190 is eating
10086 58 has taken a fork
10086 9 is eating
10087 5 is eating
10087 158 is sleeping
10087 179 is sleeping
10087 166 is sleeping
10088 79 has taken a fork
10088 67 has taken a fork
10088 45 has taken a fork
10088 62 has taken a fork
10088 12 is eating
10088 34 has taken a fork
10088 169 is sleeping
10088 72 has taken a fork
10088 15 has taken a fork
10088 7 has taken a fork
10088 32 has taken a fork
10088 51 has taken a fork
10088 2 is eating
10088 39 has taken a fork
10089 21 has taken a fork
10089 162 is sleeping
10089 78 has taken a fork
10089 25 has taken a fork
10089 1 is eating
10089 24 has taken a fork
10089 10 is eating
10089 44 has taken a fork
10089 47 has taken a fork
10089 35 has taken a fork
10089 36 has taken a fork
10089 8 is eating
10089 16 is eating
10089 161 is sleeping
10089 42 has taken a fork
10090 60 has taken a fork
10090 3 is eating
10090 31 has taken a fork
10090 106 is thinking
10090 52 has taken a fork
10090 110 is thinking
10090 105 is thinking
10090 28 has taken a fork
10090 102 is thinking
10090 115 is thinking
10090 38 has taken a fork
10090 101 is thinking
10090 160 is sleeping
10090 120 is thinking
10090 84 has taken a fork
10091 104 is thinking
10092 108 is thinking
10092 90 is thinking
10093 118 is thinking
10093 17 is eating
10094 20 is eating
10094 178 is sleeping
10094 77 has taken a fork
10094 111 is thinking
10096 95 is thinking
10097 116 is thinking
10097 6 is eating
10097 185 is sleeping
10097 183 is sleeping
10097 75 has taken a fork
10097 85 has taken a fork
10097 196 is sleeping
10097 86 has taken a fork
10099 117 is thinking
10099 170 is sleeping
10099 188 is sleeping
10099 37 has taken a fork
10099 112 is thinking
10100 113 is thinking
10100 172 is sleeping
10100 173 is sleeping
10100 177 is sleeping
10100 176 is sleeping
10101 100 has taken a fork
10102 59 has taken a fork
10102 74 has taken a fork
10102 93 has taken a fork
10103 138 is thinking
10104 109 is thinking
10105 114 is thinking
10106 121 is thinking
10106 11 is eating
10107 82 has taken a fork
10109 66 has taken a fork
10109 22 is eating
10109 26 is eating
10110 175 is sleeping
10110 73 has taken a fork
10110 23 is eating
10111 19 is eating
10111 18 is eating
10111 181 is sleeping
10111 174 is sleeping
10111 186 is sleeping
10111 189 is sleeping
10111 180 is sleeping
10111 94 has taken a fork
10111 89 has taken a fork
10111 83 has taken a fork
10111 70 has taken a fork
10111 194 is sleeping
10112 187 is sleeping
10112 184 is sleeping
10112 81 has taken a fork
10112 193 is sleeping
10112 80 has taken a fork
10112 14 is eating
10113 199 is sleeping
10113 64 has taken a fork
10113 43 has taken a fork
10114 41 has taken a fork
10116 76 has taken a fork
10118 71 has taken a fork
10119 119 is thinking
10120 56 has taken a fork
10124 49 has taken a fork
10124 55 has taken a fork
10125 97 has taken a fork
10125 61 has taken a fork
10125 88 has taken a fork
10128 50 has taken a fork
