1 1 has taken a fork
1 1 has taken a fork
1 1 is eating
1 3 has taken a fork
1 3 has taken a fork
1 3 is eating
1 5 has taken a fork
1 5 has taken a fork
1 5 is eating
2 7 has taken a fork
2 7 has taken a fork
2 7 is eating
2 2 has taken a fork
2 2 has taken a fork
2 2 is eating
2 4 has taken a fork
2 4 has taken a fork
2 4 is eating
3 9 has taken a fork
3 9 has taken a fork
3 9 is eating
3 6 has taken a fork
3 6 has taken a fork
3 6 is eating
3 11 has taken a fork
3 11 has taken a fork
3 11 is eating
3 8 has taken a fork
4 8 has taken a fork
4 8 is eating
4 10 has taken a fork
4 10 has taken a fork
4 10 is eating
5 12 has taken a fork
5 12 has taken a fork
5 12 is eating
5 13 has taken a fork
6 13 has taken a fork
6 13 is eating
7 15 has taken a fork
7 15 has taken a fork
7 15 is eating
7 17 has taken a fork
7 17 has taken a fork
7 17 is eating
7 14 has taken a fork
7 14 has taken a fork
7 14 is eating
8 16 has taken a fork
8 16 has taken a fork
8 19 has taken a fork
8 16 is eating
8 19 has taken a fork
8 19 is eating
8 21 has taken a fork
8 21 has taken a fork
8 21 is eating
9 18 has taken a fork
9 18 has taken a fork
9 23 has taken a fork
9 18 is eating
9 23 has taken a fork
9 23 is eating
9 20 has taken a fork
9 20 has taken a fork
9 20 is eating
9 25 has taken a fork
9 25 has taken a fork
9 25 is eating
9 22 has taken a fork
9 22 has taken a fork
9 22 is eating
10 24 has taken a fork
10 24 has taken a fork
10 24 is eating
10 27 has taken a fork
10 27 has taken a fork
10 27 is eating
11 29 has taken a fork
11 29 has taken a fork
11 29 is eating
11 26 has taken a fork
11 26 has taken a fork
11 26 is eating
11 31 has taken a fork
11 31 has taken a fork
11 31 is eating
12 28 has taken a fork
12 28 has taken a fork
12 28 is eating
12 33 has taken a fork
12 33 has taken a fork
12 33 is eating
12 30 has taken a fork
12 30 has taken a fork
12 30 is eating
13 32 has taken a fork
13 32 has taken a fork
13 32 is eating
13 35 has taken a fork
13 35 has taken a fork
13 35 is eating
14 34 has taken a fork
14 34 has taken a fork
14 34 is eating
14 37 has taken a fork
14 37 has taken a fork
14 37 is eating
15 36 has taken a fork
15 36 has taken a fork
15 36 is eating
15 39 has taken a fork
15 39 has taken a fork
15 39 is eating
16 38 has taken a fork
16 38 has taken a fork
16 38 is eating
17 41 has taken a fork
17 41 has taken a fork
17 41 is eating
17 40 has taken a fork
17 40 has taken a fork
17 40 is eating
18 43 has taken a fork
18 43 has taken a fork
18 43 is eating
19 45 has taken a fork
19 45 has taken a fork
19 45 is eating
19 42 has taken a fork
19 42 has taken a fork
19 42 is eating
19 47 has taken a fork
19 47 has taken a fork
19 47 is eating
19 44 has taken a fork
19 44 has taken a fork
19 44 is eating
19 49 has taken a fork
19 49 has taken a fork
19 49 is eating
20 46 has taken a fork
20 46 has taken a fork
20 46 is eating
20 48 has taken a fork
20 51 has taken a fork
20 51 has taken a fork
20 51 is eating
21 48 has taken a fork
21 48 is eating
21 53 has taken a fork
21 53 has taken a fork
21 53 is eating
21 50 has taken a fork
21 50 has taken a fork
21 50 is eating
22 52 has taken a fork
22 52 has taken a fork
22 52 is eating
24 55 has taken a fork
24 55 has taken a fork
24 55 is eating
24 54 has taken a fork
24 54 has taken a fork
24 54 is eating
25 57 has taken a fork
25 57 has taken a fork
25 57 is eating
26 56 has taken a fork
26 56 has taken a fork
26 56 is eating
27 59 has taken a fork
27 59 has taken a fork
27 59 is eating
28 58 has taken a fork
28 58 has taken a fork
28 58 is eating
30 60 has taken a fork
30 60 has taken a fork
30 60 is eating
30 61 has taken a fork
30 61 has taken a fork
30 61 is eating
30 63 has taken a fork
30 63 has taken a fork
30 63 is eating
31 62 has taken a fork
31 62 has taken a fork
31 62 is eating
32 65 has taken a fork
32 65 has taken a fork
32 65 is eating
33 64 has taken a fork
33 64 has taken a fork
33 64 is eating
33 66 has taken a fork
33 66 has taken a fork
33 66 is eating
34 67 has taken a fork
34 67 has taken a fork
34 67 is eating
35 69 has taken a fork
35 69 has taken a fork
35 69 is eating
35 71 has taken a fork
35 71 has taken a fork
35 71 is eating
36 73 has taken a fork
36 73 has taken a fork
36 73 is eating
36 68 has taken a fork
36 68 has taken a fork
36 68 is eating
36 75 has taken a fork
36 75 has taken a fork
36 75 is eating
36 70 has taken a fork
36 70 has taken a fork
36 70 is eating
36 77 has taken a fork
36 77 has taken a fork
36 77 is eating
37 72 has taken a fork
37 72 has taken a fork
37 72 is eating
37 79 has taken a fork
37 79 has taken a fork
37 79 is eating
37 81 has taken a fork
37 81 has taken a fork
37 81 is eating
37 74 has taken a fork
37 74 has taken a fork
37 74 is eating
37 76 has taken a fork
37 76 has taken a fork
37 76 is eating
37 78 has taken a fork
37 78 has taken a fork
37 78 is eating
38 80 has taken a fork
38 80 has taken a fork
38 80 is eating
41 83 has taken a fork
41 83 has taken a fork
41 83 is eating
41 82 has taken a fork
41 82 has taken a fork
41 85 has taken a fork
41 82 is eating
41 85 has taken a fork
41 85 is eating
42 87 has taken a fork
42 87 has taken a fork
42 87 is eating
42 84 has taken a fork
42 84 has taken a fork
42 84 is eating
42 89 has taken a fork
42 89 has taken a fork
42 89 is eating
43 91 has taken a fork
43 91 has taken a fork
43 91 is eating
43 88 has taken a fork
43 88 has taken a fork
43 88 is eating
43 86 has taken a fork
43 86 has taken a fork
43 86 is eating
43 93 has taken a fork
43 93 has taken a fork
43 93 is eating
44 95 has taken a fork
44 95 has taken a fork
44 95 is eating
44 90 has taken a fork
44 90 has taken a fork
44 90 is eating
45 97 has taken a fork
45 92 has taken a fork
45 97 has taken a fork
45 94 has taken a fork
45 92 has taken a fork
45 99 has taken a fork
46 97 is eating
46 94 has taken a fork
46 92 is eating
46 99 has taken a fork
46 96 has taken a fork
46 94 is eating
46 98 has taken a fork
46 99 is eating
46 96 has taken a fork
46 98 has taken a fork
47 96 is eating
47 98 is eating
101 5 is sleeping
101 3 is sleeping
101 101 has taken a fork
101 1 is sleeping
102 100 has taken a fork
102 102 has taken a fork
102 101 has taken a fork
102 4 is sleeping
102 103 has taken a fork
102 100 has taken a fork
102 102 has taken a fork
102 101 is eating
102 7 is sleeping
102 2 is sleeping
103 105 has taken a fork
103 103 has taken a fork
103 100 is eating
103 104 has taken a fork
104 102 is eating
104 11 is sleeping
104 105 has taken a fork
105 9 is sleeping
105 6 is sleeping
106 107 has taken a fork
106 111 has taken a fork
106 103 is eating
107 109 has taken a fork
107 104 has taken a fork
107 10 is sleeping
108 106 has taken a fork
108 8 is sleeping
108 113 has taken a fork
108 105 is eating
108 12 is sleeping
109 110 has taken a fork
109 107 has taken a fork
109 111 has taken a fork
109 13 is sleeping
109 108 has taken a fork
109 17 is sleeping
109 14 is sleeping
110 109 has taken a fork
110 15 is sleeping
110 114 has taken a fork
110 112 has taken a fork
110 115 has taken a fork
110 104 is eating
111 19 is sleeping
111 21 is sleeping
111 117 has taken a fork
111 106 has taken a fork
111 16 is sleeping
111 116 has taken a fork
112 119 has taken a fork
112 113 has taken a fork
112 25 is sleeping
112 23 is sleeping
112 121 has taken a fork
112 118 has taken a fork
112 110 has taken a fork
112 107 is eating
112 20 is sleeping
113 18 is sleeping
113 22 is sleeping
113 111 is eating
113 120 has taken a fork
113 123 has taken a fork
113 122 has taken a fork
114 108 has taken a fork
114 27 is sleeping
115 24 is sleeping
115 109 is eating
115 125 has taken a fork
115 127 has taken a fork
115 114 has taken a fork
115 112 has taken a fork
116 115 has taken a fork
116 31 is sleeping
116 124 has taken a fork
116 26 is sleeping
116 126 has taken a fork
116 29 is sleeping
117 129 has taken a fork
117 117 has taken a fork
117 106 is eating
117 116 has taken a fork
117 119 has taken a fork
117 113 is eating
118 28 is sleeping
118 128 has taken a fork
118 30 is sleeping
118 33 is sleeping
118 130 has taken a fork
118 131 has taken a fork
118 121 has taken a fork
118 118 has taken a fork
118 110 is eating
118 32 is sleeping
119 35 is sleeping
119 133 has taken a fork
119 132 has taken a fork
119 120 has taken a fork
119 123 has taken a fork
119 122 has taken a fork
119 34 is sleeping
120 37 is sleeping
120 135 has taken a fork
120 108 is eating
120 137 has taken a fork
120 36 is sleeping
121 125 has taken a fork
121 127 has taken a fork
121 114 is eating
121 39 is sleeping
121 139 has taken a fork
121 112 is eating
121 136 has taken a fork
121 115 is eating
121 38 is sleeping
122 134 has taken a fork
122 124 has taken a fork
122 126 has taken a fork
122 41 is sleeping
122 40 is sleeping
123 140 has taken a fork
123 129 has taken a fork
123 138 has taken a fork
123 117 is eating
123 116 is eating
123 119 is eating
123 128 has taken a fork
124 43 is sleeping
124 130 has taken a fork
124 142 has taken a fork
124 131 has taken a fork
124 121 is eating
124 118 is eating
124 45 is sleeping
125 42 is sleeping
125 143 has taken a fork
125 44 is sleeping
125 49 is sleeping
125 144 has taken a fork
125 145 has taken a fork
125 141 has taken a fork
125 47 is sleeping
126 133 has taken a fork
126 132 has taken a fork
126 120 is eating
126 123 is eating
126 122 is eating
126 146 has taken a fork
126 51 is sleeping
126 46 is sleeping
126 149 has taken a fork
127 147 has taken a fork
127 135 has taken a fork
127 137 has taken a fork
127 53 is sleeping
127 125 is eating
127 50 is sleeping
127 151 has taken a fork
127 153 has taken a fork
127 48 is sleeping
127 127 is eating
128 150 has taken a fork
128 139 has taken a fork
128 136 has taken a fork
129 134 has taken a fork
129 124 is eating
129 52 is sleeping
129 126 is eating
129 155 has taken a fork
129 140 has taken a fork
130 129 is eating
130 138 has taken a fork
130 128 is eating
131 55 is sleeping
131 54 is sleeping
131 154 has taken a fork
131 142 has taken a fork
131 130 is eating
131 152 has taken a fork
132 131 is eating
132 57 is sleeping
132 143 has taken a fork
132 148 has taken a fork
132 144 has taken a fork
132 145 has taken a fork
133 141 has taken a fork
133 133 is eating
133 56 is sleeping
133 132 is eating
134 157 has taken a fork
134 146 has taken a fork
134 149 has taken a fork
134 147 has taken a fork
134 135 is eating
134 137 is eating
134 151 has taken a fork
134 153 has taken a fork
135 59 is sleeping
135 58 is sleeping
135 158 has taken a fork
135 156 has taken a fork
135 150 has taken a fork
135 139 is eating
135 136 is eating
135 134 is eating
135 155 has taken a fork
136 140 is eating
136 63 is sleeping
137 61 is sleeping
137 160 has taken a fork
137 161 has taken a fork
138 60 is sleeping
138 159 has taken a fork
138 138 is eating
138 154 has taken a fork
138 62 is sleeping
138 142 is eating
139 163 has taken a fork
139 152 has taken a fork
139 65 is sleeping
139 162 has taken a fork
139 143 is eating
139 148 has taken a fork
139 144 is eating
139 145 is eating
139 141 is eating
139 66 is sleeping
139 64 is sleeping
139 165 has taken a fork
140 164 has taken a fork
140 157 has taken a fork
140 146 is eating
140 149 is eating
140 147 is eating
140 67 is sleeping
141 151 is eating
141 153 is eating
141 69 is sleeping
141 158 has taken a fork
141 156 has taken a fork
142 71 is sleeping
142 166 has taken a fork
142 167 has taken a fork
142 150 is eating
142 169 has taken a fork
142 155 is eating
142 168 has taken a fork
142 77 is sleeping
143 68 is sleeping
143 75 is sleeping
143 70 is sleeping
143 173 has taken a fork
144 73 is sleeping
144 175 has taken a fork
144 171 has taken a fork
144 170 has taken a fork
144 74 is sleeping
144 76 is sleeping
145 177 has taken a fork
145 72 is sleeping
145 79 is sleeping
145 78 is sleeping
146 174 has taken a fork
146 176 has taken a fork
147 179 has taken a fork
147 172 has taken a fork
147 81 is sleeping
147 160 has taken a fork
147 178 has taken a fork
147 161 has taken a fork
147 80 is sleeping
147 159 has taken a fork
147 181 has taken a fork
148 154 is eating
148 163 has taken a fork
148 152 is eating
148 162 has taken a fork
148 148 is eating
149 165 has taken a fork
149 164 has taken a fork
150 157 is eating
150 85 is sleeping
150 180 has taken a fork
150 82 is sleeping
150 183 has taken a fork
150 83 is sleeping
150 185 has taken a fork
150 158 is eating
151 156 is eating
151 89 is sleeping
151 166 has taken a fork
151 87 is sleeping
152 182 has taken a fork
153 187 has taken a fork
153 84 is sleeping
153 189 has taken a fork
154 167 has taken a fork
154 169 has taken a fork
154 168 has taken a fork
154 88 is sleeping
154 91 is sleeping
155 93 is sleeping
155 186 has taken a fork
156 86 is sleeping
156 184 has taken a fork
156 191 has taken a fork
157 188 has taken a fork
157 173 has taken a fork
157 95 is sleeping
158 175 has taken a fork
158 171 has taken a fork
158 190 has taken a fork
158 90 is sleeping
159 170 has taken a fork
159 193 has taken a fork
159 177 has taken a fork
159 92 is sleeping
160 94 is sleeping
160 192 has taken a fork
160 195 has taken a fork
160 174 has taken a fork
160 96 is sleeping
161 99 is sleeping
161 97 is sleeping
161 176 has taken a fork
161 197 has taken a fork
161 194 has taken a fork
161 196 has taken a fork
162 179 has taken a fork
162 172 has taken a fork
162 160 is eating
163 178 has taken a fork
163 161 is eating
163 98 is sleeping
164 198 has taken a fork
164 159 is eating
164 181 has taken a fork
164 163 is eating
164 162 is eating
164 165 is eating
164 164 is eating
164 180 has taken a fork
165 183 has taken a fork
165 185 has taken a fork
165 166 is eating
165 182 has taken a fork
165 187 has taken a fork
165 189 has taken a fork
165 167 is eating
165 169 is eating
165 168 is eating
165 186 has taken a fork
165 184 has taken a fork
165 191 has taken a fork
165 188 has taken a fork
165 173 is eating
165 175 is eating
165 171 is eating
165 190 has taken a fork
165 170 is eating
165 193 has taken a fork
165 177 is eating
166 192 has taken a fork
166 195 has taken a fork
166 174 is eating
166 176 is eating
166 197 has taken a fork
166 194 has taken a fork
166 196 has taken a fork
166 179 is eating
166 172 is eating
166 178 is eating
166 198 has taken a fork
166 181 is eating
167 180 is eating
167 183 is eating
167 185 is eating
167 182 is eating
167 187 is eating
167 189 is eating
167 186 is eating
167 184 is eating
167 191 is eating
167 188 is eating
167 190 is eating
167 193 is eating
167 192 is eating
167 195 is eating
168 197 is eating
168 194 is eating
168 196 is eating
168 198 is eating
202 100 is sleeping
202 101 is sleeping
202 5 is thinking
202 5 has taken a fork
202 5 has taken a fork
202 5 is eating
202 7 is thinking
202 7 has taken a fork
202 7 has taken a fork
202 7 is eating
202 1 is thinking
202 4 is thinking
204 3 is thinking
206 102 is sleeping
210 2 is thinking
217 11 is thinking
219 1 has taken a fork
220 103 is sleeping
220 105 is sleeping
220 3 has taken a fork
222 6 is thinking
222 9 is thinking
223 4 has taken a fork
223 10 is thinking
223 109 is sleeping
224 111 is sleeping
224 107 is sleeping
224 15 is thinking
225 14 is thinking
226 104 is sleeping
227 12 is thinking
229 17 is thinking
231 8 is thinking
233 13 is thinking
233 108 is sleeping
233 113 is sleeping
233 106 is sleeping
233 20 is thinking
234 110 is sleeping
234 22 is thinking
235 2 has taken a fork
235 23 is thinking
236 21 is thinking
236 18 is thinking
237 16 is thinking
239 25 is thinking
239 19 is thinking
239 115 is sleeping
239 112 is sleeping
240 119 is sleeping
240 114 is sleeping
241 116 is sleeping
241 117 is sleeping
241 118 is sleeping
241 121 is sleeping
241 26 is thinking
242 31 is thinking
243 11 has taken a fork
243 27 is thinking
244 24 is thinking
244 33 is thinking
244 120 is sleeping
245 123 is sleeping
245 122 is sleeping
246 32 is thinking
247 29 is thinking
247 34 is thinking
248 1 has taken a fork
249 30 is thinking
250 35 is thinking
250 28 is thinking
250 127 is sleeping
250 37 is thinking
250 125 is sleeping
251 124 is sleeping
251 126 is sleeping
252 36 is thinking
252 128 is sleeping
252 129 is sleeping
252 3 has taken a fork
253 41 is thinking
253 6 has taken a fork
253 38 is thinking
253 39 is thinking
253 131 is sleeping
253 130 is sleeping
253 40 is thinking
254 9 has taken a fork
254 133 is sleeping
254 132 is sleeping
255 4 has taken a fork
255 10 has taken a fork
255 135 is sleeping
255 137 is sleeping
255 15 has taken a fork
255 139 is sleeping
255 136 is sleeping
255 45 is thinking
255 42 is thinking
255 49 is thinking
255 14 has taken a fork
255 43 is thinking
255 47 is thinking
255 44 is thinking
256 134 is sleeping
256 51 is thinking
256 46 is thinking
256 53 is thinking
256 48 is thinking
256 12 has taken a fork
256 142 is sleeping
256 140 is sleeping
256 138 is sleeping
256 50 is thinking
256 52 is thinking
256 17 has taken a fork
256 144 is sleeping
256 145 is sleeping
256 141 is sleeping
256 143 is sleeping
256 147 is sleeping
256 146 is sleeping
256 149 is sleeping
256 153 is sleeping
256 151 is sleeping
256 55 is thinking
257 8 has taken a fork
257 54 is thinking
257 155 is sleeping
257 150 is sleeping
257 56 is thinking
257 57 is thinking
257 13 has taken a fork
257 20 has taken a fork
257 22 has taken a fork
257 58 is thinking
257 59 is thinking
257 2 has taken a fork
258 23 has taken a fork
258 154 is sleeping
258 152 is sleeping
258 21 has taken a fork
258 63 is thinking
258 18 has taken a fork
258 148 is sleeping
258 61 is thinking
258 16 has taken a fork
258 157 is sleeping
258 64 is thinking
258 158 is sleeping
258 60 is thinking
258 65 is thinking
258 25 has taken a fork
259 66 is thinking
259 62 is thinking
259 19 has taken a fork
259 156 is sleeping
259 67 is thinking
259 69 is thinking
260 26 has taken a fork
260 71 is thinking
260 31 has taken a fork
260 70 is thinking
260 75 is thinking
260 68 is thinking
260 77 is thinking
260 11 has taken a fork
260 27 has taken a fork
260 76 is thinking
261 73 is thinking
261 24 has taken a fork
261 74 is thinking
261 33 has taken a fork
261 160 is sleeping
261 32 has taken a fork
261 72 is thinking
261 78 is thinking
261 79 is thinking
261 80 is thinking
261 159 is sleeping
262 161 is sleeping
262 81 is thinking
262 29 has taken a fork
262 34 has taken a fork
262 163 is sleeping
262 162 is sleeping
263 1 is eating
263 165 is sleeping
263 164 is sleeping
265 30 has taken a fork
265 167 is sleeping
265 169 is sleeping
265 166 is sleeping
265 82 is thinking
265 85 is thinking
265 83 is thinking
265 35 has taken a fork
265 28 has taken a fork
265 37 has taken a fork
265 168 is sleeping
265 175 is sleeping
265 173 is sleeping
265 170 is sleeping
265 171 is sleeping
265 172 is sleeping
266 176 is sleeping
266 178 is sleeping
266 181 is sleeping
266 179 is sleeping
266 174 is sleeping
266 177 is sleeping
267 87 is thinking
267 89 is thinking
267 36 has taken a fork
268 3 is eating
268 41 has taken a fork
269 84 is thinking
269 38 has taken a fork
271 6 has taken a fork
271 40 has taken a fork
271 180 is sleeping
271 183 is sleeping
271 185 is sleeping
271 91 is thinking
271 88 is thinking
272 39 has taken a fork
272 9 has taken a fork
272 182 is sleeping
272 187 is sleeping
272 186 is sleeping
272 184 is sleeping
272 191 is sleeping
272 189 is sleeping
272 188 is sleeping
273 93 is thinking
273 4 is eating
274 10 has taken a fork
274 15 has taken a fork
274 45 has taken a fork
274 42 has taken a fork
274 49 has taken a fork
274 14 has taken a fork
275 43 has taken a fork
275 47 has taken a fork
275 44 has taken a fork
276 190 is sleeping
278 51 has taken a fork
279 46 has taken a fork
279 193 is sleeping
279 53 has taken a fork
280 86 is thinking
280 48 has taken a fork
281 12 has taken a fork
282 50 has taken a fork
282 52 has taken a fork
282 17 has taken a fork
283 197 is sleeping
283 192 is sleeping
283 195 is sleeping
283 196 is sleeping
283 194 is sleeping
285 55 has taken a fork
285 8 has taken a fork
287 95 is thinking
288 54 has taken a fork
288 56 has taken a fork
288 57 has taken a fork
289 13 has taken a fork
289 20 has taken a fork
289 22 has taken a fork
289 58 has taken a fork
289 59 has taken a fork
289 2 is eating
289 198 is sleeping
289 23 has taken a fork
289 21 has taken a fork
289 63 has taken a fork
289 18 has taken a fork
289 61 has taken a fork
290 64 has taken a fork
290 16 has taken a fork
290 60 has taken a fork
290 65 has taken a fork
290 25 has taken a fork
290 90 is thinking
290 92 is thinking
290 66 has taken a fork
290 62 has taken a fork
290 19 has taken a fork
290 67 has taken a fork
290 94 is thinking
290 26 has taken a fork
290 96 is thinking
290 69 has taken a fork
290 71 has taken a fork
290 31 has taken a fork
291 70 has taken a fork
291 75 has taken a fork
291 68 has taken a fork
291 77 has taken a fork
291 11 is eating
291 27 has taken a fork
291 76 has taken a fork
291 97 is thinking
291 99 is thinking
291 73 has taken a fork
291 24 has taken a fork
291 74 has taken a fork
291 33 has taken a fork
291 32 has taken a fork
291 78 has taken a fork
291 72 has taken a fork
291 79 has taken a fork
291 80 has taken a fork
291 81 has taken a fork
291 29 has taken a fork
291 34 has taken a fork
291 98 is thinking
291 30 has taken a fork
291 82 has taken a fork
291 85 has taken a fork
292 83 has taken a fork
292 35 has taken a fork
292 28 has taken a fork
292 37 has taken a fork
292 87 has taken a fork
292 89 has taken a fork
292 36 has taken a fork
292 41 has taken a fork
292 84 has taken a fork
292 38 has taken a fork
292 6 is eating
292 40 has taken a fork
292 91 has taken a fork
292 88 has taken a fork
292 39 has taken a fork
292 9 is eating
292 93 has taken a fork
292 10 is eating
292 15 is eating
292 45 has taken a fork
292 42 has taken a fork
292 49 has taken a fork
292 14 is eating
292 43 has taken a fork
292 47 has taken a fork
292 44 has taken a fork
293 51 has taken a fork
293 46 has taken a fork
293 53 has taken a fork
293 86 has taken a fork
293 48 has taken a fork
293 12 is eating
293 50 has taken a fork
293 52 has taken a fork
293 17 is eating
293 55 has taken a fork
293 8 is eating
293 95 has taken a fork
293 54 has taken a fork
293 56 has taken a fork
294 57 has taken a fork
294 13 is eating
294 20 is eating
294 22 is eating
294 58 has taken a fork
294 59 has taken a fork
294 23 is eating
294 21 is eating
294 63 has taken a fork
294 18 is eating
294 61 has taken a fork
294 64 has taken a fork
294 16 is eating
294 60 has taken a fork
294 65 has taken a fork
295 25 is eating
295 90 has taken a fork
295 92 has taken a fork
295 66 has taken a fork
295 62 has taken a fork
295 19 is eating
295 67 has taken a fork
295 94 has taken a fork
295 26 is eating
295 96 has taken a fork
295 69 has taken a fork
295 71 has taken a fork
295 31 is eating
295 70 has taken a fork
295 75 has taken a fork
295 68 has taken a fork
295 77 has taken a fork
295 27 is eating
295 76 has taken a fork
295 97 has taken a fork
296 99 has taken a fork
296 73 has taken a fork
296 24 is eating
296 74 has taken a fork
296 33 is eating
296 32 is eating
296 78 has taken a fork
296 72 has taken a fork
296 79 has taken a fork
296 80 has taken a fork
296 81 has taken a fork
296 29 is eating
296 34 is eating
296 98 has taken a fork
296 30 is eating
296 82 has taken a fork
297 85 has taken a fork
297 83 has taken a fork
297 35 is eating
297 28 is eating
297 37 is eating
297 87 has taken a fork
297 89 has taken a fork
297 36 is eating
297 41 is eating
297 84 has taken a fork
297 38 is eating
297 40 is eating
297 91 has taken a fork
297 88 has taken a fork
298 39 is eating
298 93 has taken a fork
298 45 is eating
298 42 is eating
298 49 is eating
298 43 is eating
298 47 is eating
298 44 is eating
298 51 is eating
298 46 is eating
298 53 is eating
298 86 has taken a fork
298 48 is eating
298 50 is eating
298 52 is eating
298 55 is eating
298 95 has taken a fork
299 54 is eating
299 56 is eating
299 57 is eating
299 58 is eating
299 59 is eating
300 63 is eating
300 61 is eating
300 64 is eating
300 60 is eating
300 65 is eating
300 90 has taken a fork
300 92 has taken a fork
300 66 is eating
300 62 is eating
300 67 is eating
300 94 has taken a fork
300 96 has taken a fork
300 69 is eating
300 71 is eating
300 70 is eating
300 75 is eating
300 68 is eating
300 77 is eating
301 76 is eating
301 97 has taken a fork
301 99 has taken a fork
301 73 is eating
301 74 is eating
301 78 is eating
301 72 is eating
301 79 is eating
301 80 is eating
301 81 is eating
301 98 has taken a fork
301 82 is eating
301 85 is eating
302 83 is eating
302 87 is eating
302 89 is eating
302 84 is eating
302 91 is eating
303 88 is eating
303 93 is eating
304 86 is eating
304 95 is eating
304 90 is eating
304 92 is eating
304 94 is eating
305 96 is eating
305 97 is eating
306 99 is eating
306 98 is eating
306 5 is sleeping
306 7 is sleeping
307 101 is thinking
307 100 is thinking
308 102 is thinking
309 101 has taken a fork
309 100 has taken a fork
310 101 has taken a fork
310 100 has taken a fork
311 101 is eating
312 100 is eating
320 105 is thinking
321 103 is thinking
323 109 is thinking
324 107 is thinking
324 111 is thinking
326 104 is thinking
333 108 is thinking
333 113 is thinking
333 106 is thinking
334 110 is thinking
334 1 is sleeping
334 102 has taken a fork
334 102 has taken a fork
334 102 is eating
337 3 is sleeping
337 105 has taken a fork
337 105 has taken a fork
337 105 is eating
340 115 is thinking
340 114 is thinking
340 119 is thinking
340 112 is thinking
341 4 is sleeping
341 121 is thinking
341 118 is thinking
341 116 is thinking
341 117 is thinking
341 103 has taken a fork
341 103 has taken a fork
341 103 is eating
344 120 is thinking
345 123 is thinking
345 122 is thinking
350 125 is thinking
350 127 is thinking
351 124 is thinking
351 2 is sleeping
351 126 is thinking
351 109 has taken a fork
351 109 has taken a fork
351 109 is eating
352 128 is thinking
352 129 is thinking
353 131 is thinking
353 130 is thinking
354 132 is thinking
354 11 is sleeping
354 107 has taken a fork
354 107 has taken a fork
354 107 is eating
354 133 is thinking
355 137 is thinking
355 136 is thinking
355 135 is thinking
355 139 is thinking
356 147 is thinking
356 142 is thinking
356 144 is thinking
356 134 is thinking
356 151 is thinking
356 153 is thinking
356 138 is thinking
356 140 is thinking
356 145 is thinking
356 141 is thinking
356 146 is thinking
356 149 is thinking
356 143 is thinking
357 9 is sleeping
357 6 is sleeping
357 111 has taken a fork
357 111 has taken a fork
357 111 is eating
357 104 has taken a fork
357 104 has taken a fork
357 104 is eating
357 150 is thinking
357 155 is thinking
358 154 is thinking
358 15 is sleeping
358 108 has taken a fork
358 108 has taken a fork
358 108 is eating
358 10 is sleeping
358 113 has taken a fork
358 113 has taken a fork
358 113 is eating
358 157 is thinking
358 148 is thinking
358 158 is thinking
358 152 is thinking
359 14 is sleeping
359 106 has taken a fork
359 106 has taken a fork
359 106 is eating
359 156 is thinking
360 12 is sleeping
360 110 has taken a fork
360 110 has taken a fork
360 110 is eating
361 159 is thinking
361 160 is thinking
361 17 is sleeping
361 115 has taken a fork
361 115 has taken a fork
361 115 is eating
362 8 is sleeping
362 114 has taken a fork
362 114 has taken a fork
362 114 is eating
362 161 is thinking
363 163 is thinking
363 162 is thinking
363 165 is thinking
363 164 is thinking
364 22 is sleeping
364 20 is sleeping
364 13 is sleeping
364 119 has taken a fork
364 119 has taken a fork
364 119 is eating
364 112 has taken a fork
364 112 has taken a fork
364 121 has taken a fork
365 112 is eating
365 121 has taken a fork
365 23 is sleeping
365 118 has taken a fork
365 21 is sleeping
366 116 has taken a fork
366 18 is sleeping
366 175 is thinking
367 169 is thinking
367 117 has taken a fork
368 173 is thinking
368 172 is thinking
369 170 is thinking
369 167 is thinking
370 166 is thinking
373 168 is thinking
373 121 is eating
373 171 is thinking
373 118 has taken a fork
373 116 has taken a fork
373 16 is sleeping
373 181 is thinking
373 174 is thinking
373 179 is thinking
374 177 is thinking
374 176 is thinking
375 178 is thinking
375 120 has taken a fork
376 19 is sleeping
376 123 has taken a fork
376 25 is sleeping
376 122 has taken a fork
376 117 has taken a fork
376 26 is sleeping
376 125 has taken a fork
376 27 is sleeping
376 127 has taken a fork
376 31 is sleeping
376 124 has taken a fork
376 24 is sleeping
376 126 has taken a fork
376 128 has taken a fork
376 33 is sleeping
376 32 is sleeping
376 129 has taken a fork
378 180 is thinking
378 183 is thinking
380 185 is thinking
380 34 is sleeping
380 29 is sleeping
380 130 has taken a fork
380 30 is sleeping
380 132 has taken a fork
380 187 is thinking
380 184 is thinking
380 182 is thinking
380 188 is thinking
381 191 is thinking
381 186 is thinking
381 131 has taken a fork
381 189 is thinking
381 118 is eating
381 116 is eating
381 35 is sleeping
381 28 is sleeping
381 137 has taken a fork
382 37 is sleeping
382 133 has taken a fork
382 136 has taken a fork
382 41 is sleeping
382 135 has taken a fork
382 36 is sleeping
383 139 has taken a fork
383 38 is sleeping
383 120 has taken a fork
383 147 has taken a fork
383 123 has taken a fork
383 39 is sleeping
383 122 has taken a fork
383 117 is eating
383 40 is sleeping
383 144 has taken a fork
383 190 is thinking
383 125 has taken a fork
383 142 has taken a fork
383 127 has taken a fork
383 124 has taken a fork
383 126 has taken a fork
383 128 has taken a fork
383 129 has taken a fork
384 51 is sleeping
384 48 is sleeping
384 134 has taken a fork
384 45 is sleeping
386 153 has taken a fork
386 44 is sleeping
386 138 has taken a fork
386 42 is sleeping
386 53 is sleeping
386 140 has taken a fork
387 145 has taken a fork
387 43 is sleeping
387 141 has taken a fork
387 52 is sleeping
387 146 has taken a fork
387 49 is sleeping
387 149 has taken a fork
387 46 is sleeping
387 50 is sleeping
388 150 has taken a fork
388 47 is sleeping
388 155 has taken a fork
388 57 is sleeping
388 55 is sleeping
388 58 is sleeping
388 54 is sleeping
388 158 has taken a fork
388 56 is sleeping
389 143 has taken a fork
389 151 has taken a fork
389 152 has taken a fork
389 157 has taken a fork
389 148 has taken a fork
389 154 has taken a fork
389 60 is sleeping
390 65 is sleeping
390 156 has taken a fork
390 63 is sleeping
390 59 is sleeping
390 61 is sleeping
391 159 has taken a fork
391 161 has taken a fork
392 160 has taken a fork
393 193 is thinking
393 163 has taken a fork
393 66 is sleeping
393 68 is sleeping
394 70 is sleeping
394 75 is sleeping
395 175 has taken a fork
395 69 is sleeping
395 77 is sleeping
396 62 is sleeping
396 67 is sleeping
396 71 is sleeping
397 64 is sleeping
397 164 has taken a fork
397 165 has taken a fork
397 162 has taken a fork
397 130 has taken a fork
397 132 has taken a fork
398 169 has taken a fork
398 173 has taken a fork
399 172 has taken a fork
400 170 has taken a fork
401 167 has taken a fork
401 166 has taken a fork
401 76 is sleeping
402 168 has taken a fork
402 73 is sleeping
402 78 is sleeping
402 74 is sleeping
403 171 has taken a fork
403 79 is sleeping
405 181 has taken a fork
406 174 has taken a fork
407 179 has taken a fork
407 72 is sleeping
408 177 has taken a fork
409 80 is sleeping
409 176 has taken a fork
409 131 has taken a fork
409 137 has taken a fork
409 81 is sleeping
409 178 has taken a fork
409 133 has taken a fork
409 136 has taken a fork
409 135 has taken a fork
409 197 is thinking
409 195 is thinking
409 194 is thinking
409 139 has taken a fork
409 192 is thinking
409 196 is thinking
409 85 is sleeping
409 180 has taken a fork
409 82 is sleeping
410 120 is eating
410 183 has taken a fork
410 147 has taken a fork
410 123 is eating
411 122 is eating
415 144 has taken a fork
415 125 is eating
415 142 has taken a fork
415 127 is eating
415 124 is eating
415 126 is eating
415 128 is eating
415 129 is eating
416 83 is sleeping
416 185 has taken a fork
417 134 has taken a fork
417 87 is sleeping
417 89 is sleeping
418 153 has taken a fork
418 84 is sleeping
418 182 has taken a fork
418 187 has taken a fork
418 184 has taken a fork
418 138 has taken a fork
418 140 has taken a fork
418 145 has taken a fork
419 91 is sleeping
419 88 is sleeping
419 141 has taken a fork
419 146 has taken a fork
419 149 has taken a fork
419 191 has taken a fork
419 150 has taken a fork
419 188 has taken a fork
420 93 is sleeping
420 155 has taken a fork
420 186 has taken a fork
420 158 has taken a fork
420 198 is thinking
420 143 has taken a fork
420 151 has taken a fork
420 152 has taken a fork
420 157 has taken a fork
421 148 has taken a fork
421 154 has taken a fork
421 156 has taken a fork
421 159 has taken a fork
421 161 has taken a fork
421 86 is sleeping
421 189 has taken a fork
421 160 has taken a fork
421 163 has taken a fork
422 175 has taken a fork
422 95 is sleeping
422 92 is sleeping
422 193 has taken a fork
423 94 is sleeping
423 90 is sleeping
424 190 has taken a fork
424 164 has taken a fork
424 165 has taken a fork
424 162 has taken a fork
424 130 is eating
425 132 is eating
425 96 is sleeping
425 97 is sleeping
426 169 has taken a fork
426 99 is sleeping
427 98 is sleeping
427 173 has taken a fork
427 172 has taken a fork
428 170 has taken a fork
428 167 has taken a fork
429 166 has taken a fork
429 171 has taken a fork
429 168 has taken a fork
429 181 has taken a fork
429 5 is thinking
430 7 is thinking
430 174 has taken a fork
430 179 has taken a fork
431 177 has taken a fork
431 101 is sleeping
432 176 has taken a fork
432 131 is eating
432 137 is eating
432 178 has taken a fork
432 133 is eating
432 136 is eating
432 135 is eating
432 197 has taken a fork
433 195 has taken a fork
433 194 has taken a fork
433 139 is eating
433 192 has taken a fork
433 196 has taken a fork
433 180 has taken a fork
434 100 is sleeping
434 183 has taken a fork
434 147 is eating
434 144 is eating
434 142 is eating
434 185 has taken a fork
434 134 is eating
435 153 is eating
435 182 has taken a fork
435 187 has taken a fork
435 184 has taken a fork
435 138 is eating
436 140 is eating
436 145 is eating
436 141 is eating
436 146 is eating
436 149 is eating
436 191 has taken a fork
436 150 is eating
436 188 has taken a fork
436 155 is eating
437 186 has taken a fork
437 158 is eating
437 198 has taken a fork
437 143 is eating
438 151 is eating
438 152 is eating
438 157 is eating
439 148 is eating
439 154 is eating
439 156 is eating
440 159 is eating
440 161 is eating
440 189 has taken a fork
440 160 is eating
440 163 is eating
440 175 is eating
440 193 has taken a fork
440 190 has taken a fork
440 164 is eating
441 165 is eating
441 162 is eating
442 169 is eating
442 173 is eating
442 172 is eating
442 170 is eating
443 167 is eating
443 166 is eating
443 171 is eating
444 168 is eating
444 181 is eating
445 5 has taken a fork
445 7 has taken a fork
446 174 is eating
446 179 is eating
446 177 is eating
446 176 is eating
446 178 is eating
447 197 has taken a fork
448 195 has taken a fork
448 194 has taken a fork
449 192 has taken a fork
449 196 has taken a fork
449 180 is eating
449 1 is thinking
450 102 is sleeping
450 183 is eating
450 185 is eating
450 182 is eating
450 187 is eating
451 184 is eating
451 191 is eating
451 188 is eating
452 3 is thinking
452 186 is eating
453 198 has taken a fork
453 105 is sleeping
454 189 is eating
454 193 is eating
454 190 is eating
454 4 is thinking
455 103 is sleeping
455 5 has taken a fork
455 7 has taken a fork
456 197 is eating
456 195 is eating
456 194 is eating
457 192 is eating
458 196 is eating
458 1 has taken a fork
458 2 is thinking
458 109 is sleeping
459 3 has taken a fork
459 198 is eating
459 11 is thinking
459 107 is sleeping
460 4 has taken a fork
460 5 is eating
460 7 is eating
460 111 is sleeping
461 104 is sleeping
462 6 is thinking
462 9 is thinking
463 10 is thinking
463 15 is thinking
463 1 has taken a fork
463 108 is sleeping
463 2 has taken a fork
463 113 is sleeping
463 3 has taken a fork
464 14 is thinking
464 106 is sleeping
465 11 has taken a fork
465 12 is thinking
465 4 has taken a fork
466 110 is sleeping
466 17 is thinking
466 115 is sleeping
467 8 is thinking
467 114 is sleeping
468 6 has taken a fork
468 9 has taken a fork
469 10 has taken a fork
469 1 is eating
469 15 has taken a fork
470 2 has taken a fork
470 3 is eating
470 119 is sleeping
470 14 has taken a fork
471 13 is thinking
471 22 is thinking
472 20 is thinking
472 112 is sleeping
472 21 is thinking
473 11 has taken a fork
473 23 is thinking
473 12 has taken a fork
473 4 is eating
473 17 has taken a fork
473 18 is thinking
474 8 has taken a fork
474 6 has taken a fork
474 9 has taken a fork
474 121 is sleeping
475 10 has taken a fork
475 15 has taken a fork
475 2 is eating
475 14 has taken a fork
476 13 has taken a fork
476 22 has taken a fork
477 20 has taken a fork
477 11 is eating
477 16 is thinking
478 116 is sleeping
478 12 has taken a fork
478 21 has taken a fork
478 118 is sleeping
479 23 has taken a fork
479 17 has taken a fork
480 8 has taken a fork
480 117 is sleeping
481 18 has taken a fork
481 6 is eating
481 9 is eating
481 10 is eating
482 15 is eating
482 14 is eating
482 33 is thinking
483 27 is thinking
483 25 is thinking
483 24 is thinking
483 26 is thinking
484 31 is thinking
484 13 has taken a fork
484 19 is thinking
485 32 is thinking
485 22 has taken a fork
486 20 has taken a fork
486 12 is eating
486 21 has taken a fork
487 23 has taken a fork
487 17 is eating
487 34 is thinking
488 8 is eating
488 29 is thinking
488 30 is thinking
488 18 has taken a fork
488 28 is thinking
489 35 is thinking
489 36 is thinking
489 41 is thinking
489 37 is thinking
489 40 is thinking
489 38 is thinking
489 39 is thinking
489 48 is thinking
489 51 is thinking
489 45 is thinking
490 13 is eating
490 22 is eating
490 42 is thinking
490 53 is thinking
491 20 is eating
491 44 is thinking
491 21 is eating
491 43 is thinking
492 50 is thinking
492 46 is thinking
492 23 is eating
492 52 is thinking
492 49 is thinking
492 54 is thinking
492 47 is thinking
493 58 is thinking
493 55 is thinking
493 57 is thinking
494 120 is sleeping
494 56 is thinking
494 16 has taken a fork
494 18 is eating
494 60 is thinking
496 123 is sleeping
496 33 has taken a fork
496 61 is thinking
497 63 is thinking
497 65 is thinking
497 59 is thinking
498 122 is sleeping
498 27 has taken a fork
498 124 is sleeping
498 25 has taken a fork
499 127 is sleeping
499 24 has taken a fork
499 125 is sleeping
499 26 has taken a fork
499 68 is thinking
499 126 is sleeping
499 128 is sleeping
500 66 is thinking
500 31 has taken a fork
500 19 has taken a fork
501 129 is sleeping
501 32 has taken a fork
501 75 is thinking
501 70 is thinking
501 16 has taken a fork
501 77 is thinking
502 69 is thinking
502 71 is thinking
502 62 is thinking
502 67 is thinking
502 33 has taken a fork
502 64 is thinking
503 130 is sleeping
503 34 has taken a fork
504 27 has taken a fork
504 25 has taken a fork
504 24 has taken a fork
504 132 is sleeping
505 29 has taken a fork
505 26 has taken a fork
505 31 has taken a fork
505 19 has taken a fork
505 32 has taken a fork
505 76 is thinking
506 16 is eating
506 73 is thinking
506 74 is thinking
507 78 is thinking
507 33 is eating
507 131 is sleeping
507 137 is sleeping
507 136 is sleeping
507 28 has taken a fork
507 35 has taken a fork
507 79 is thinking
507 30 has taken a fork
508 133 is sleeping
508 34 has taken a fork
508 36 has taken a fork
508 27 is eating
509 25 is eating
509 139 is sleeping
509 41 has taken a fork
509 135 is sleeping
510 24 is eating
510 37 has taken a fork
510 142 is sleeping
510 144 is sleeping
510 38 has taken a fork
510 29 has taken a fork
511 26 is eating
511 147 is sleeping
511 40 has taken a fork
511 31 is eating
511 19 is eating
511 39 has taken a fork
511 32 is eating
511 134 is sleeping
511 153 is sleeping
512 138 is sleeping
512 48 has taken a fork
512 51 has taken a fork
512 45 has taken a fork
512 141 is sleeping
512 72 is thinking
512 150 is sleeping
512 44 has taken a fork
513 140 is sleeping
513 145 is sleeping
513 146 is sleeping
513 50 has taken a fork
513 155 is sleeping
513 46 has taken a fork
514 42 has taken a fork
514 52 has taken a fork
514 149 is sleeping
514 53 has taken a fork
514 43 has taken a fork
514 28 has taken a fork
514 35 has taken a fork
514 158 is sleeping
514 151 is sleeping
515 30 has taken a fork
515 152 is sleeping
515 47 has taken a fork
515 49 has taken a fork
515 157 is sleeping
516 143 is sleeping
516 55 has taken a fork
516 54 has taken a fork
516 34 is eating
516 36 has taken a fork
516 58 has taken a fork
516 154 is sleeping
516 82 is thinking
516 81 is thinking
516 80 is thinking
516 85 is thinking
516 148 is sleeping
516 56 has taken a fork
517 57 has taken a fork
517 156 is sleeping
517 60 has taken a fork
517 41 has taken a fork
517 159 is sleeping
517 160 is sleeping
518 63 has taken a fork
518 163 is sleeping
518 175 is sleeping
518 61 has taken a fork
518 59 has taken a fork
518 161 is sleeping
518 37 has taken a fork
518 65 has taken a fork
518 68 has taken a fork
518 38 has taken a fork
518 29 is eating
519 173 is sleeping
519 66 has taken a fork
519 169 is sleeping
519 40 has taken a fork
519 170 is sleeping
519 75 has taken a fork
519 162 is sleeping
519 172 is sleeping
519 164 is sleeping
519 165 is sleeping
519 69 has taken a fork
520 71 has taken a fork
520 70 has taken a fork
520 39 has taken a fork
520 77 has taken a fork
520 62 has taken a fork
520 167 is sleeping
520 67 has taken a fork
520 48 has taken a fork
520 51 has taken a fork
521 166 is sleeping
521 45 has taken a fork
521 64 has taken a fork
521 171 is sleeping
521 76 has taken a fork
522 44 has taken a fork
522 168 is sleeping
522 73 has taken a fork
522 181 is sleeping
523 74 has taken a fork
523 50 has taken a fork
523 46 has taken a fork
523 42 has taken a fork
524 179 is sleeping
524 177 is sleeping
524 52 has taken a fork
524 176 is sleeping
524 178 is sleeping
525 174 is sleeping
525 78 has taken a fork
525 79 has taken a fork
526 72 has taken a fork
526 53 has taken a fork
527 43 has taken a fork
527 28 is eating
527 35 is eating
527 30 is eating
527 47 has taken a fork
528 49 has taken a fork
528 55 has taken a fork
528 54 has taken a fork
529 36 is eating
529 58 has taken a fork
529 180 is sleeping
529 83 is thinking
529 82 has taken a fork
530 81 has taken a fork
530 80 has taken a fork
531 56 has taken a fork
531 183 is sleeping
531 87 is thinking
532 57 has taken a fork
532 89 is thinking
532 185 is sleeping
532 85 has taken a fork
532 60 has taken a fork
532 41 is eating
533 63 has taken a fork
533 187 is sleeping
533 84 is thinking
533 182 is sleeping
533 61 has taken a fork
534 59 has taken a fork
534 37 is eating
534 65 has taken a fork
534 68 has taken a fork
534 38 is eating
534 88 is thinking
534 184 is sleeping
535 91 is thinking
535 66 has taken a fork
535 40 is eating
536 75 has taken a fork
536 69 has taken a fork
536 191 is sleeping
536 71 has taken a fork
537 70 has taken a fork
537 39 is eating
537 93 is thinking
537 188 is sleeping
537 186 is sleeping
537 77 has taken a fork
538 62 has taken a fork
538 67 has taken a fork
539 48 is eating
539 51 is eating
539 86 is thinking
539 45 is eating
539 64 has taken a fork
539 76 has taken a fork
539 95 is thinking
539 44 is eating
540 92 is thinking
541 73 has taken a fork
541 189 is sleeping
541 90 is thinking
542 74 has taken a fork
542 94 is thinking
544 50 is eating
544 46 is eating
545 42 is eating
545 52 is eating
546 97 is thinking
546 96 is thinking
546 78 has taken a fork
547 79 has taken a fork
548 99 is thinking
548 72 has taken a fork
548 190 is sleeping
549 193 is sleeping
549 53 is eating
549 43 is eating
551 98 is thinking
551 47 is eating
552 49 is eating
552 55 is eating
553 54 is eating
554 58 is eating
554 83 has taken a fork
555 82 has taken a fork
555 81 has taken a fork
556 80 has taken a fork
556 101 is thinking
556 56 is eating
556 87 has taken a fork
556 57 is eating
556 89 has taken a fork
557 85 has taken a fork
558 60 is eating
558 63 is eating
558 195 is sleeping
558 197 is sleeping
559 192 is sleeping
559 194 is sleeping
560 84 has taken a fork
561 61 is eating
561 196 is sleeping
562 59 is eating
563 65 is eating
563 68 is eating
563 100 is thinking
563 88 has taken a fork
563 91 has taken a fork
564 66 is eating
564 75 is eating
565 69 is eating
565 71 is eating
566 70 is eating
566 93 has taken a fork
566 77 is eating
567 62 is eating
567 67 is eating
568 86 has taken a fork
568 64 is eating
569 76 is eating
569 95 has taken a fork
569 198 is sleeping
570 92 has taken a fork
571 73 is eating
571 90 has taken a fork
571 74 is eating
571 94 has taken a fork
573 5 is sleeping
573 7 is sleeping
573 97 has taken a fork
574 96 has taken a fork
574 78 is eating
574 79 is eating
575 99 has taken a fork
575 72 is eating
576 102 is thinking
577 98 has taken a fork
578 105 is thinking
578 83 has taken a fork
578 82 is eating
579 81 is eating
579 103 is thinking
579 80 is eating
580 101 has taken a fork
581 87 has taken a fork
582 89 has taken a fork
582 85 is eating
582 109 is thinking
583 1 is sleeping
583 107 is thinking
584 111 is thinking
584 84 has taken a fork
584 3 is sleeping
584 104 is thinking
585 108 is thinking
585 113 is thinking
585 100 has taken a fork
585 88 has taken a fork
586 91 has taken a fork
586 106 is thinking
587 4 is sleeping
587 115 is thinking
587 93 has taken a fork
588 110 is thinking
588 2 is sleeping
588 114 is thinking
589 11 is sleeping
589 86 has taken a fork
589 95 has taken a fork
590 119 is thinking
590 92 has taken a fork
590 90 has taken a fork
591 94 has taken a fork
592 6 is sleeping
592 10 is sleeping
593 112 is thinking
593 9 is sleeping
593 14 is sleeping
594 15 is sleeping
594 97 has taken a fork
594 96 has taken a fork
594 121 is thinking
595 99 has taken a fork
595 102 has taken a fork
596 12 is sleeping
596 17 is sleeping
596 98 has taken a fork
596 8 is sleeping
596 118 is thinking
597 116 is thinking
598 105 has taken a fork
598 83 is eating
598 103 has taken a fork
598 117 is thinking
599 101 has taken a fork
600 13 is sleeping
601 87 is eating
601 22 is sleeping
602 21 is sleeping
602 20 is sleeping
602 89 is eating
602 109 has taken a fork
602 23 is sleeping
602 107 has taken a fork
603 18 is sleeping
604 111 has taken a fork
604 84 is eating
604 104 has taken a fork
604 108 has taken a fork
604 113 has taken a fork
604 100 has taken a fork
605 88 is eating
605 91 is eating
606 106 has taken a fork
606 115 has taken a fork
606 93 is eating
607 110 has taken a fork
607 114 has taken a fork
608 86 is eating
608 95 is eating
608 119 has taken a fork
608 92 is eating
609 90 is eating
610 94 is eating
611 112 has taken a fork
611 120 is thinking
611 97 is eating
611 96 is eating
612 121 has taken a fork
612 99 is eating
612 123 is thinking
613 102 has taken a fork
613 98 is eating
614 118 has taken a fork
615 16 is sleeping
615 122 is thinking
615 124 is thinking
615 116 has taken a fork
615 105 has taken a fork
616 33 is sleeping
616 103 has taken a fork
616 117 has taken a fork
616 125 is thinking
616 127 is thinking
616 126 is thinking
616 128 is thinking
617 101 is eating
617 27 is sleeping
617 129 is thinking
617 24 is sleeping
618 25 is sleeping
618 26 is sleeping
618 31 is sleeping
618 19 is sleeping
618 109 has taken a fork
618 107 has taken a fork
618 130 is thinking
618 32 is sleeping
619 132 is thinking
619 111 has taken a fork
620 104 has taken a fork
620 108 has taken a fork
620 113 has taken a fork
620 100 is eating
620 106 has taken a fork
620 115 has taken a fork
620 136 is thinking
620 34 is sleeping
620 137 is thinking
620 131 is thinking
621 110 has taken a fork
621 114 has taken a fork
621 133 is thinking
621 119 has taken a fork
621 135 is thinking
621 139 is thinking
621 29 is sleeping
621 144 is thinking
621 142 is thinking
621 153 is thinking
622 112 has taken a fork
622 120 has taken a fork
623 147 is thinking
623 134 is thinking
623 138 is thinking
623 141 is thinking
623 121 has taken a fork
623 150 is thinking
623 123 has taken a fork
623 140 is thinking
623 146 is thinking
623 145 is thinking
624 155 is thinking
624 102 is eating
624 149 is thinking
624 158 is thinking
624 118 has taken a fork
624 151 is thinking
624 35 is sleeping
624 157 is thinking
624 122 has taken a fork
624 28 is sleeping
625 152 is thinking
625 30 is sleeping
625 124 has taken a fork
625 116 has taken a fork
625 105 is eating
625 154 is thinking
625 143 is thinking
625 148 is thinking
625 36 is sleeping
626 117 has taken a fork
626 103 is eating
626 125 has taken a fork
626 127 has taken a fork
626 126 has taken a fork
626 128 has taken a fork
627 160 is thinking
627 129 has taken a fork
627 159 is thinking
627 156 is thinking
627 161 is thinking
627 163 is thinking
627 41 is sleeping
628 175 is thinking
628 109 is eating
628 107 is eating
628 130 has taken a fork
628 164 is thinking
628 170 is thinking
629 169 is thinking
629 132 has taken a fork
629 37 is sleeping
629 162 is thinking
629 165 is thinking
629 173 is thinking
630 172 is thinking
630 111 is eating
630 167 is thinking
630 38 is sleeping
630 104 is eating
631 40 is sleeping
631 108 is eating
631 113 is eating
631 106 is eating
631 115 is eating
631 136 has taken a fork
631 137 has taken a fork
631 131 has taken a fork
631 110 is eating
631 39 is sleeping
631 114 is eating
632 166 is thinking
632 171 is thinking
632 133 has taken a fork
632 119 is eating
632 135 has taken a fork
632 139 has taken a fork
632 144 has taken a fork
632 142 has taken a fork
632 153 has taken a fork
633 168 is thinking
633 112 is eating
633 181 is thinking
633 120 has taken a fork
633 48 is sleeping
633 44 is sleeping
633 147 has taken a fork
633 138 has taken a fork
634 51 is sleeping
634 134 has taken a fork
634 45 is sleeping
634 141 has taken a fork
634 121 is eating
634 123 has taken a fork
635 176 is thinking
635 179 is thinking
635 177 is thinking
635 178 is thinking
635 118 is eating
635 122 has taken a fork
636 174 is thinking
636 124 has taken a fork
636 116 is eating
636 117 is eating
636 52 is sleeping
636 150 has taken a fork
636 46 is sleeping
636 50 is sleeping
636 140 has taken a fork
636 146 has taken a fork
636 125 has taken a fork
636 127 has taken a fork
637 126 has taken a fork
637 42 is sleeping
637 128 has taken a fork
637 145 has taken a fork
637 129 has taken a fork
637 53 is sleeping
637 155 has taken a fork
637 149 has taken a fork
637 130 has taken a fork
638 43 is sleeping
638 132 has taken a fork
639 180 is thinking
639 49 is sleeping
640 47 is sleeping
640 151 has taken a fork
640 55 is sleeping
640 158 has taken a fork
640 157 has taken a fork
640 54 is sleeping
640 152 has taken a fork
640 183 is thinking
640 58 is sleeping
640 154 has taken a fork
641 136 has taken a fork
641 137 has taken a fork
641 131 has taken a fork
641 185 is thinking
641 133 has taken a fork
641 135 has taken a fork
641 139 has taken a fork
641 144 has taken a fork
642 142 has taken a fork
642 153 has taken a fork
642 56 is sleeping
642 187 is thinking
642 143 has taken a fork
643 57 is sleeping
643 148 has taken a fork
643 182 is thinking
643 120 is eating
644 147 has taken a fork
644 138 has taken a fork
644 134 has taken a fork
645 63 is sleeping
645 141 has taken a fork
645 184 is thinking
645 60 is sleeping
646 160 has taken a fork
646 159 has taken a fork
646 123 is eating
646 122 is eating
646 191 is thinking
647 59 is sleeping
647 124 is eating
647 150 has taken a fork
647 61 is sleeping
647 161 has taken a fork
648 156 has taken a fork
648 140 has taken a fork
648 146 has taken a fork
648 125 is eating
648 127 is eating
648 65 is sleeping
648 126 is eating
649 186 is thinking
649 68 is sleeping
649 163 has taken a fork
649 188 is thinking
649 128 is eating
649 145 has taken a fork
649 129 is eating
650 155 has taken a fork
650 149 has taken a fork
650 130 is eating
650 175 has taken a fork
650 69 is sleeping
651 75 is sleeping
651 170 has taken a fork
651 71 is sleeping
651 169 has taken a fork
651 66 is sleeping
653 164 has taken a fork
653 162 has taken a fork
654 70 is sleeping
654 132 is eating
654 77 is sleeping
655 165 has taken a fork
655 62 is sleeping
656 173 has taken a fork
656 172 has taken a fork
656 64 is sleeping
656 67 is sleeping
657 167 has taken a fork
657 151 has taken a fork
657 166 has taken a fork
658 158 has taken a fork
658 157 has taken a fork
659 152 has taken a fork
659 154 has taken a fork
659 189 is thinking
660 76 is sleeping
660 171 has taken a fork
661 136 is eating
661 137 is eating
662 131 is eating
662 133 is eating
662 135 is eating
662 139 is eating
662 144 is eating
663 142 is eating
663 74 is sleeping
663 153 is eating
664 73 is sleeping
664 181 has taken a fork
664 168 has taken a fork
665 143 has taken a fork
666 148 has taken a fork
666 147 is eating
666 78 is sleeping
666 138 is eating
667 79 is sleeping
667 134 is eating
667 176 has taken a fork
667 179 has taken a fork
668 141 is eating
668 72 is sleeping
668 177 has taken a fork
669 160 has taken a fork
669 159 has taken a fork
669 82 is sleeping
669 150 is eating
669 178 has taken a fork
669 161 has taken a fork
669 80 is sleeping
670 156 has taken a fork
670 190 is thinking
670 81 is sleeping
670 140 is eating
670 146 is eating
670 174 has taken a fork
670 180 has taken a fork
670 193 is thinking
670 163 has taken a fork
670 145 is eating
671 85 is sleeping
671 183 has taken a fork
671 155 is eating
671 149 is eating
671 175 has taken a fork
671 170 has taken a fork
671 169 has taken a fork
671 164 has taken a fork
671 162 has taken a fork
671 165 has taken a fork
671 173 has taken a fork
671 172 has taken a fork
672 167 has taken a fork
672 151 is eating
672 166 has taken a fork
672 197 is thinking
672 195 is thinking
672 158 is eating
672 157 is eating
672 194 is thinking
672 192 is thinking
672 152 is eating
672 154 is eating
672 171 has taken a fork
673 196 is thinking
673 181 has taken a fork
673 83 is sleeping
673 185 has taken a fork
673 168 has taken a fork
673 143 is eating
673 87 is sleeping
673 187 has taken a fork
674 148 is eating
674 89 is sleeping
674 182 has taken a fork
674 176 has taken a fork
674 179 has taken a fork
674 177 has taken a fork
674 198 is thinking
674 160 is eating
674 159 is eating
674 84 is sleeping
674 184 has taken a fork
675 178 has taken a fork
675 161 is eating
675 88 is sleeping
675 91 is sleeping
675 191 has taken a fork
675 186 has taken a fork
675 156 is eating
675 174 has taken a fork
676 180 has taken a fork
676 163 is eating
677 183 has taken a fork
677 175 is eating
677 170 is eating
677 169 is eating
677 164 is eating
677 162 is eating
677 165 is eating
677 172 is eating
677 173 is eating
678 167 is eating
678 166 is eating
679 93 is sleeping
679 188 has taken a fork
680 171 is eating
681 7 is thinking
681 181 is eating
681 185 has taken a fork
682 5 is thinking
682 168 is eating
682 187 has taken a fork
682 86 is sleeping
682 189 has taken a fork
682 92 is sleeping
682 95 is sleeping
682 193 has taken a fork
682 182 has taken a fork
682 176 is eating
682 179 is eating
682 177 is eating
682 190 has taken a fork
682 184 has taken a fork
682 178 is eating
683 90 is sleeping
683 191 has taken a fork
683 186 has taken a fork
683 174 is eating
683 197 has taken a fork
683 180 is eating
683 94 is sleeping
683 195 has taken a fork
683 183 is eating
683 97 is sleeping
683 194 has taken a fork
683 96 is sleeping
683 192 has taken a fork
683 188 has taken a fork
683 99 is sleeping
685 196 has taken a fork
685 185 is eating
685 187 is eating
686 189 has taken a fork
686 193 has taken a fork
686 182 is eating
686 190 has taken a fork
687 98 is sleeping
687 198 has taken a fork
687 184 is eating
687 1 is thinking
687 191 is eating
688 186 is eating
690 197 has taken a fork
691 195 has taken a fork
693 194 has taken a fork
693 192 has taken a fork
694 188 is eating
695 3 is thinking
696 196 has taken a fork
696 189 is eating
696 193 is eating
698 190 is eating
699 101 is sleeping
699 198 has taken a fork
699 4 is thinking
700 7 has taken a fork
700 2 is thinking
700 197 is eating
700 11 is thinking
700 195 is eating
703 194 is eating
705 10 is thinking
706 14 is thinking
708 9 is thinking
708 6 is thinking
709 100 is sleeping
709 5 has taken a fork
710 192 is eating
710 15 is thinking
712 196 is eating
712 17 is thinking
713 8 is thinking
713 12 is thinking
713 198 is eating
713 13 is thinking
713 7 has taken a fork
713 102 is sleeping
713 23 is thinking
713 103 is sleeping
713 20 is thinking
715 1 has taken a fork
715 18 is thinking
716 21 is thinking
717 22 is thinking
717 3 has taken a fork
717 105 is sleeping
718 4 has taken a fork
719 109 is sleeping
719 107 is sleeping
719 2 has taken a fork
719 11 has taken a fork
719 111 is sleeping
719 10 has taken a fork
720 113 is sleeping
720 14 has taken a fork
720 108 is sleeping
721 9 has taken a fork
721 104 is sleeping
722 6 has taken a fork
723 106 is sleeping
723 115 is sleeping
724 5 has taken a fork
724 110 is sleeping
724 114 is sleeping
725 15 has taken a fork
725 119 is sleeping
725 17 has taken a fork
727 8 has taken a fork
728 12 has taken a fork
728 13 has taken a fork
728 7 is eating
729 112 is sleeping
729 23 has taken a fork
730 1 has taken a fork
730 121 is sleeping
730 16 is thinking
731 20 has taken a fork
732 118 is sleeping
732 33 is thinking
732 18 has taken a fork
732 117 is sleeping
733 24 is thinking
734 21 has taken a fork
735 3 has taken a fork
735 27 is thinking
736 116 is sleeping
737 26 is thinking
738 25 is thinking
741 31 is thinking
741 19 is thinking
741 4 has taken a fork
741 22 has taken a fork
741 32 is thinking
741 2 has taken a fork
742 11 has taken a fork
742 10 has taken a fork
742 14 has taken a fork
742 34 is thinking
742 9 has taken a fork
743 29 is thinking
743 6 has taken a fork
743 35 is thinking
744 28 is thinking
744 5 is eating
745 30 is thinking
745 15 has taken a fork
745 17 has taken a fork
746 36 is thinking
747 41 is thinking
748 8 has taken a fork
748 120 is sleeping
748 12 has taken a fork
748 13 has taken a fork
748 37 is thinking
749 123 is sleeping
749 23 has taken a fork
749 38 is thinking
749 1 is eating
749 16 has taken a fork
749 122 is sleeping
750 124 is sleeping
750 40 is thinking
750 39 is thinking
751 20 has taken a fork
751 127 is sleeping
751 125 is sleeping
751 126 is sleeping
751 33 has taken a fork
751 18 has taken a fork
751 128 is sleeping
752 48 is thinking
752 44 is thinking
752 24 has taken a fork
752 129 is sleeping
752 51 is thinking
753 21 has taken a fork
753 45 is thinking
754 130 is sleeping
755 3 is eating
755 27 has taken a fork
756 52 is thinking
756 50 is thinking
756 46 is thinking
756 42 is thinking
756 53 is thinking
756 132 is sleeping
757 26 has taken a fork
757 25 has taken a fork
757 49 is thinking
757 43 is thinking
757 47 is thinking
757 54 is thinking
757 31 has taken a fork
758 137 is sleeping
758 58 is thinking
758 55 is thinking
759 19 has taken a fork
759 136 is sleeping
759 4 is eating
759 22 has taken a fork
759 32 has taken a fork
759 2 is eating
759 135 is sleeping
759 56 is thinking
759 144 is sleeping
759 133 is sleeping
759 142 is sleeping
759 131 is sleeping
759 10 is eating
759 139 is sleeping
759 14 is eating
759 34 has taken a fork
759 9 is eating
759 11 is eating
759 153 is sleeping
759 29 has taken a fork
759 57 is thinking
760 6 is eating
760 35 has taken a fork
760 28 has taken a fork
760 60 is thinking
760 138 is sleeping
760 63 is thinking
760 147 is sleeping
761 134 is sleeping
762 30 has taken a fork
762 15 is eating
762 17 is eating
763 36 has taken a fork
765 141 is sleeping
765 61 is thinking
765 150 is sleeping
765 65 is thinking
766 41 has taken a fork
766 59 is thinking
766 8 is eating
766 146 is sleeping
767 145 is sleeping
767 12 is eating
767 13 is eating
768 140 is sleeping
768 37 has taken a fork
768 68 is thinking
768 23 is eating
768 38 has taken a fork
769 16 has taken a fork
769 40 has taken a fork
769 155 is sleeping
769 69 is thinking
769 39 has taken a fork
770 149 is sleeping
770 20 is eating
770 75 is thinking
770 71 is thinking
770 158 is sleeping
770 157 is sleeping
770 151 is sleeping
770 33 has taken a fork
770 18 is eating
770 48 has taken a fork
770 66 is thinking
771 44 has taken a fork
771 152 is sleeping
771 154 is sleeping
771 24 has taken a fork
771 51 has taken a fork
772 21 is eating
772 143 is sleeping
772 45 has taken a fork
773 160 is sleeping
773 159 is sleeping
773 70 is thinking
774 77 is thinking
774 148 is sleeping
774 62 is thinking
774 27 has taken a fork
774 161 is sleeping
774 67 is thinking
774 156 is sleeping
774 64 is thinking
775 52 has taken a fork
775 50 has taken a fork
775 46 has taken a fork
776 42 has taken a fork
776 53 has taken a fork
776 175 is sleeping
776 163 is sleeping
776 26 has taken a fork
777 25 has taken a fork
777 49 has taken a fork
778 43 has taken a fork
778 47 has taken a fork
778 54 has taken a fork
778 31 has taken a fork
778 170 is sleeping
778 169 is sleeping
778 172 is sleeping
778 162 is sleeping
778 165 is sleeping
778 164 is sleeping
779 173 is sleeping
779 58 has taken a fork
779 55 has taken a fork
779 166 is sleeping
780 19 has taken a fork
780 167 is sleeping
780 22 is eating
781 32 has taken a fork
781 56 has taken a fork
781 34 has taken a fork
781 29 has taken a fork
781 57 has taken a fork
781 35 has taken a fork
781 76 is thinking
781 28 has taken a fork
781 60 has taken a fork
782 63 has taken a fork
782 171 is sleeping
782 181 is sleeping
782 168 is sleeping
782 30 has taken a fork
782 179 is sleeping
782 74 is thinking
782 176 is sleeping
782 73 is thinking
782 177 is sleeping
783 36 has taken a fork
784 178 is sleeping
784 61 has taken a fork
784 78 is thinking
784 65 has taken a fork
784 180 is sleeping
784 174 is sleeping
784 41 has taken a fork
784 59 has taken a fork
784 79 is thinking
784 183 is sleeping
784 72 is thinking
784 37 has taken a fork
784 68 has taken a fork
785 38 has taken a fork
785 80 is thinking
785 16 is eating
785 82 is thinking
785 40 has taken a fork
785 69 has taken a fork
785 39 has taken a fork
785 81 is thinking
786 75 has taken a fork
786 71 has taken a fork
786 33 is eating
786 48 has taken a fork
786 85 is thinking
786 66 has taken a fork
786 44 has taken a fork
786 24 is eating
786 51 has taken a fork
786 45 has taken a fork
786 87 is thinking
787 83 is thinking
787 70 has taken a fork
787 89 is thinking
787 84 is thinking
787 77 has taken a fork
787 62 has taken a fork
787 27 is eating
787 67 has taken a fork
787 64 has taken a fork
787 185 is sleeping
787 52 has taken a fork
787 91 is thinking
787 88 is thinking
788 50 has taken a fork
788 46 has taken a fork
788 187 is sleeping
788 42 has taken a fork
788 53 has taken a fork
788 182 is sleeping
788 26 is eating
788 25 is eating
789 49 has taken a fork
789 184 is sleeping
789 43 has taken a fork
789 47 has taken a fork
789 54 has taken a fork
789 31 is eating
789 191 is sleeping
789 58 has taken a fork
789 186 is sleeping
790 93 is thinking
790 55 has taken a fork
790 19 is eating
790 32 is eating
790 56 has taken a fork
790 34 is eating
790 29 is eating
790 57 has taken a fork
791 35 is eating
791 76 has taken a fork
791 60 has taken a fork
791 95 is thinking
792 63 has taken a fork
792 92 is thinking
792 86 is thinking
792 28 is eating
792 30 is eating
792 74 has taken a fork
792 73 has taken a fork
793 97 is thinking
794 90 is thinking
794 99 is thinking
795 94 is thinking
795 96 is thinking
796 188 is sleeping
796 36 is eating
796 61 has taken a fork
797 78 has taken a fork
797 65 has taken a fork
797 41 is eating
797 59 has taken a fork
797 79 has taken a fork
798 72 has taken a fork
798 37 is eating
798 68 has taken a fork
798 38 is eating
798 80 has taken a fork
798 193 is sleeping
798 189 is sleeping
798 82 has taken a fork
798 40 is eating
798 69 has taken a fork
799 39 is eating
799 81 has taken a fork
799 75 has taken a fork
799 71 has taken a fork
799 190 is sleeping
799 48 is eating
799 85 has taken a fork
799 66 has taken a fork
799 44 is eating
799 51 is eating
800 45 is eating
800 87 has taken a fork
802 98 is thinking
802 83 has taken a fork
802 70 has taken a fork
803 89 has taken a fork
803 84 has taken a fork
804 77 has taken a fork
804 62 has taken a fork
804 67 has taken a fork
805 64 has taken a fork
805 52 is eating
805 91 has taken a fork
806 88 has taken a fork
807 50 is eating
807 46 is eating
807 42 is eating
807 53 is eating
807 197 is sleeping
808 49 is eating
808 195 is sleeping
810 43 is eating
810 47 is eating
810 54 is eating
810 58 is eating
810 93 has taken a fork
810 55 is eating
810 56 is eating
810 57 is eating
811 194 is sleeping
811 76 has taken a fork
811 60 is eating
811 95 has taken a fork
811 63 is eating
811 92 has taken a fork
811 86 has taken a fork
812 74 has taken a fork
812 73 has taken a fork
814 97 has taken a fork
814 90 has taken a fork
815 99 has taken a fork
815 192 is sleeping
817 94 has taken a fork
817 61 is eating
817 196 is sleeping
818 78 has taken a fork
818 96 has taken a fork
819 65 is eating
819 59 is eating
819 79 has taken a fork
821 198 is sleeping
821 72 has taken a fork
821 68 is eating
821 80 has taken a fork
822 82 has taken a fork
822 69 is eating
822 81 has taken a fork
823 75 is eating
823 71 is eating
823 101 is thinking
823 85 has taken a fork
823 66 is eating
824 87 has taken a fork
824 98 has taken a fork
825 83 has taken a fork
826 70 is eating
826 89 has taken a fork
826 84 has taken a fork
826 77 is eating
826 62 is eating
826 67 is eating
828 64 is eating
828 91 has taken a fork
829 88 has taken a fork
829 7 is sleeping
830 100 is thinking
831 93 has taken a fork
831 76 is eating
832 95 has taken a fork
833 92 has taken a fork
833 86 has taken a fork
835 74 is eating
835 73 is eating
835 103 is thinking
835 97 has taken a fork
836 102 is thinking
836 90 has taken a fork
838 99 has taken a fork
838 94 has taken a fork
839 105 is thinking
840 78 is eating
842 96 has taken a fork
842 111 is thinking
842 5 is sleeping
842 79 is eating
842 109 is thinking
843 104 is thinking
843 113 is thinking
844 107 is thinking
844 108 is thinking
844 72 is eating
845 80 is eating
845 82 is eating
845 81 is eating
845 101 has taken a fork
845 85 is eating
846 106 is thinking
846 115 is thinking
847 114 is thinking
848 110 is thinking
849 87 is eating
850 98 has taken a fork
850 119 is thinking
850 83 is eating
850 1 is sleeping
851 89 is eating
851 84 is eating
852 91 is eating
852 3 is sleeping
852 88 is eating
852 112 is thinking
852 121 is thinking
853 100 has taken a fork
853 93 is eating
853 4 is sleeping
854 95 is eating
855 118 is thinking
856 117 is thinking
857 10 is sleeping
857 2 is sleeping
857 92 is eating
857 11 is sleeping
858 86 is eating
858 6 is sleeping
858 14 is sleeping
858 9 is sleeping
859 103 has taken a fork
860 97 is eating
860 15 is sleeping
860 102 has taken a fork
860 116 is thinking
861 90 is eating
862 17 is sleeping
863 99 is eating
864 94 is eating
865 105 has taken a fork
865 8 is sleeping
865 13 is sleeping
866 12 is sleeping
866 96 is eating
867 23 is sleeping
867 111 has taken a fork
867 109 has taken a fork
868 18 is sleeping
868 104 has taken a fork
868 20 is sleeping
868 113 has taken a fork
870 107 has taken a fork
870 108 has taken a fork
870 21 is sleeping
871 101 has taken a fork
871 106 has taken a fork
872 115 has taken a fork
872 114 has taken a fork
872 120 is thinking
873 110 has taken a fork
874 123 is thinking
874 22 is sleeping
875 122 is thinking
875 98 is eating
875 124 is thinking
875 119 has taken a fork
875 125 is thinking
876 127 is thinking
876 126 is thinking
876 112 has taken a fork
876 121 has taken a fork
877 129 is thinking
877 128 is thinking
878 100 has taken a fork
879 130 is thinking
879 118 has taken a fork
880 117 has taken a fork
881 132 is thinking
881 16 is sleeping
881 137 is thinking
882 33 is sleeping
882 133 is thinking
882 131 is thinking
883 136 is thinking
883 135 is thinking
884 144 is thinking
884 103 has taken a fork
885 153 is thinking
885 139 is thinking
885 142 is thinking
885 24 is sleeping
887 138 is thinking
887 102 has taken a fork
887 147 is thinking
888 134 is thinking
888 116 has taken a fork
888 27 is sleeping
888 26 is sleeping
888 25 is sleeping
888 31 is sleeping
889 150 is thinking
889 141 is thinking
890 105 has taken a fork
891 34 is sleeping
891 146 is thinking
891 19 is sleeping
892 32 is sleeping
892 29 is sleeping
892 35 is sleeping
892 145 is thinking
892 111 has taken a fork
892 140 is thinking
892 28 is sleeping
892 109 has taken a fork
894 104 has taken a fork
895 113 has taken a fork
895 30 is sleeping
895 151 is thinking
896 158 is thinking
896 149 is thinking
896 155 is thinking
896 157 is thinking
896 107 has taken a fork
897 108 has taken a fork
897 36 is sleeping
897 101 is eating
897 154 is thinking
898 152 is thinking
898 106 has taken a fork
898 143 is thinking
899 115 has taken a fork
899 114 has taken a fork
899 120 has taken a fork
899 160 is thinking
899 159 is thinking
899 41 is sleeping
899 110 has taken a fork
900 148 is thinking
900 40 is sleeping
900 161 is thinking
900 37 is sleeping
900 38 is sleeping
900 123 has taken a fork
900 156 is thinking
900 39 is sleeping
901 122 has taken a fork
901 124 has taken a fork
901 119 has taken a fork
901 48 is sleeping
901 51 is sleeping
902 127 has taken a fork
902 175 is thinking
902 44 is sleeping
902 126 has taken a fork
904 112 has taken a fork
904 121 has taken a fork
904 125 has taken a fork
904 45 is sleeping
905 129 has taken a fork
905 163 is thinking
906 128 has taken a fork
906 170 is thinking
906 165 is thinking
906 172 is thinking
907 100 is eating
907 173 is thinking
908 169 is thinking
908 130 has taken a fork
910 166 is thinking
910 164 is thinking
911 162 is thinking
911 167 is thinking
911 118 has taken a fork
911 117 has taken a fork
911 52 is sleeping
911 132 has taken a fork
911 137 has taken a fork
911 50 is sleeping
911 171 is thinking
911 46 is sleeping
912 42 is sleeping
912 168 is thinking
912 53 is sleeping
912 181 is thinking
912 176 is thinking
912 179 is thinking
912 133 has taken a fork
914 131 has taken a fork
914 49 is sleeping
914 136 has taken a fork
914 177 is thinking
914 47 is sleeping
914 135 has taken a fork
914 43 is sleeping
915 178 is thinking
915 183 is thinking
915 174 is thinking
915 54 is sleeping
915 55 is sleeping
915 180 is thinking
915 58 is sleeping
915 144 has taken a fork
915 103 is eating
915 56 is sleeping
915 57 is sleeping
915 153 has taken a fork
915 139 has taken a fork
915 142 has taken a fork
915 60 is sleeping
915 63 is sleeping
915 138 has taken a fork
915 185 is thinking
916 102 is eating
916 182 is thinking
916 134 has taken a fork
916 187 is thinking
916 147 has taken a fork
916 116 has taken a fork
916 141 has taken a fork
916 184 is thinking
916 150 has taken a fork
916 186 is thinking
916 191 is thinking
916 61 is sleeping
916 105 is eating
916 146 has taken a fork
916 145 has taken a fork
916 111 is eating
916 140 has taken a fork
916 109 is eating
917 65 is sleeping
917 59 is sleeping
917 104 is eating
917 68 is sleeping
917 113 is eating
917 151 has taken a fork
917 69 is sleeping
917 188 is thinking
917 158 has taken a fork
917 149 has taken a fork
917 155 has taken a fork
917 157 has taken a fork
917 107 is eating
917 75 is sleeping
917 71 is sleeping
917 66 is sleeping
917 108 is eating
917 154 has taken a fork
917 189 is thinking
917 152 has taken a fork
917 106 is eating
918 193 is thinking
918 143 has taken a fork
918 190 is thinking
918 115 is eating
919 114 is eating
919 120 has taken a fork
919 160 has taken a fork
919 159 has taken a fork
919 62 is sleeping
919 70 is sleeping
919 67 is sleeping
919 77 is sleeping
920 148 has taken a fork
920 110 is eating
920 161 has taken a fork
920 123 has taken a fork
920 156 has taken a fork
920 64 is sleeping
920 122 has taken a fork
920 124 has taken a fork
920 119 is eating
921 127 has taken a fork
921 175 has taken a fork
921 126 has taken a fork
921 112 is eating
921 121 is eating
921 125 has taken a fork
921 129 has taken a fork
921 163 has taken a fork
921 76 is sleeping
922 128 has taken a fork
922 170 has taken a fork
923 165 has taken a fork
923 172 has taken a fork
923 197 is thinking
923 173 has taken a fork
924 195 is thinking
924 169 has taken a fork
924 130 has taken a fork
924 73 is sleeping
924 74 is sleeping
924 166 has taken a fork
925 164 has taken a fork
925 162 has taken a fork
925 194 is thinking
926 167 has taken a fork
926 118 is eating
926 117 is eating
926 132 has taken a fork
926 137 has taken a fork
927 171 has taken a fork
927 168 has taken a fork
927 181 has taken a fork
927 133 has taken a fork
927 79 is sleeping
928 176 has taken a fork
928 179 has taken a fork
928 78 is sleeping
928 131 has taken a fork
928 72 is sleeping
928 136 has taken a fork
928 177 has taken a fork
928 135 has taken a fork
928 80 is sleeping
929 81 is sleeping
929 178 has taken a fork
929 82 is sleeping
930 183 has taken a fork
931 174 has taken a fork
931 144 has taken a fork
931 153 has taken a fork
931 139 has taken a fork
932 142 has taken a fork
932 138 has taken a fork
932 192 is thinking
932 85 is sleeping
932 180 has taken a fork
933 134 has taken a fork
933 147 has taken a fork
933 116 is eating
933 141 has taken a fork
933 150 has taken a fork
933 146 has taken a fork
933 145 has taken a fork
933 140 has taken a fork
933 196 is thinking
933 151 has taken a fork
933 158 has taken a fork
933 149 has taken a fork
933 155 has taken a fork
933 157 has taken a fork
933 154 has taken a fork
933 152 has taken a fork
935 87 is sleeping
935 185 has taken a fork
935 143 has taken a fork
936 84 is sleeping
936 89 is sleeping
936 187 has taken a fork
936 83 is sleeping
936 184 has taken a fork
936 120 is eating
936 160 has taken a fork
936 182 has taken a fork
936 159 has taken a fork
936 148 has taken a fork
936 88 is sleeping
936 91 is sleeping
937 186 has taken a fork
937 161 has taken a fork
937 191 has taken a fork
937 123 is eating
937 156 has taken a fork
937 122 is eating
938 124 is eating
938 198 is thinking
938 127 is eating
939 175 has taken a fork
939 126 is eating
939 125 is eating
939 129 is eating
939 163 has taken a fork
939 188 has taken a fork
940 93 is sleeping
940 128 is eating
941 170 has taken a fork
941 95 is sleeping
941 189 has taken a fork
941 165 has taken a fork
942 172 has taken a fork
942 173 has taken a fork
942 169 has taken a fork
942 130 is eating
942 166 has taken a fork
942 92 is sleeping
942 86 is sleeping
942 164 has taken a fork
942 162 has taken a fork
943 190 has taken a fork
944 193 has taken a fork
944 167 has taken a fork
944 132 is eating
945 137 is eating
945 97 is sleeping
945 197 has taken a fork
945 171 has taken a fork
945 168 has taken a fork
945 181 has taken a fork
946 133 is eating
946 90 is sleeping
946 176 has taken a fork
946 195 has taken a fork
947 179 has taken a fork
947 131 is eating
947 136 is eating
948 177 has taken a fork
948 135 is eating
948 99 is sleeping
948 178 has taken a fork
948 94 is sleeping
948 194 has taken a fork
948 183 has taken a fork
948 7 is thinking
948 174 has taken a fork
948 144 is eating
949 153 is eating
949 139 is eating
949 142 is eating
949 96 is sleeping
950 138 is eating
950 192 has taken a fork
950 180 has taken a fork
950 134 is eating
950 147 is eating
950 141 is eating
950 150 is eating
950 146 is eating
950 145 is eating
952 140 is eating
953 196 has taken a fork
953 151 is eating
953 158 is eating
953 149 is eating
953 155 is eating
953 157 is eating
953 154 is eating
953 152 is eating
954 185 has taken a fork
954 143 is eating
955 187 has taken a fork
955 184 has taken a fork
955 160 is eating
956 182 has taken a fork
956 159 is eating
957 148 is eating
958 186 has taken a fork
959 161 is eating
959 191 has taken a fork
959 156 is eating
959 98 is sleeping
960 198 has taken a fork
961 175 is eating
961 163 is eating
961 188 has taken a fork
961 170 is eating
962 189 has taken a fork
962 165 is eating
962 172 is eating
963 5 is thinking
964 169 is eating
964 173 is eating
964 166 is eating
964 164 is eating
966 162 is eating
966 190 has taken a fork
967 193 has taken a fork
967 167 is eating
967 197 has taken a fork
967 171 is eating
967 168 is eating
968 181 is eating
969 176 is eating
969 195 has taken a fork
971 179 is eating
972 177 is eating
972 178 is eating
974 194 has taken a fork
974 183 is eating
974 174 is eating
974 192 has taken a fork
974 180 is eating
975 3 is thinking
977 1 is thinking
978 196 has taken a fork
978 185 is eating
979 4 is thinking
980 187 is eating
981 184 is eating
982 182 is eating
982 10 is thinking
982 2 is thinking
982 186 is eating
982 6 is thinking
982 14 is thinking
982 11 is thinking
982 9 is thinking
982 191 is eating
982 101 is sleeping
983 15 is thinking
983 198 has taken a fork
984 7 has taken a fork
984 188 is eating
984 17 is thinking
985 189 is eating
986 13 is thinking
988 8 is thinking
989 12 is thinking
990 190 is eating
991 193 is eating
991 23 is thinking
991 197 is eating
991 20 is thinking
992 18 is thinking
992 100 is sleeping
993 5 has taken a fork
993 195 is eating
994 21 is thinking
994 22 is thinking
995 194 is eating
995 192 is eating
995 103 is sleeping
996 3 has taken a fork
996 102 is sleeping
997 1 has taken a fork
998 196 is eating
998 111 is sleeping
998 109 is sleeping
999 105 is sleeping
999 4 has taken a fork
1000 113 is sleeping
1000 104 is sleeping
1000 107 is sleeping
1000 108 is sleeping
1000 16 is thinking
1001 10 has taken a fork
1001 106 is sleeping
1002 33 is thinking
1002 2 has taken a fork
1003 6 has taken a fork
1005 14 has taken a fork
1006 11 has taken a fork
1007 9 has taken a fork
1007 114 is sleeping
1008 15 has taken a fork
1008 115 is sleeping
1009 198 is eating
1009 110 is sleeping
1010 7 has taken a fork
1010 17 has taken a fork
1010 24 is thinking
1011 119 is sleeping
1011 13 has taken a fork
1011 112 is sleeping
1012 121 is sleeping
1012 8 has taken a fork
1013 26 is thinking
1013 25 is thinking
1014 27 is thinking
1016 31 is thinking
1016 12 has taken a fork
1016 19 is thinking
1017 117 is sleeping
1017 118 is sleeping
1017 34 is thinking
1017 23 has taken a fork
1017 20 has taken a fork
1017 32 is thinking
1018 35 is thinking
1018 29 is thinking
1019 28 is thinking
1019 18 has taken a fork
1020 5 has taken a fork
1020 21 has taken a fork
1020 30 is thinking
1020 3 has taken a fork
1020 116 is sleeping
1021 36 is thinking
1021 1 has taken a fork
1022 22 has taken a fork
1022 41 is thinking
1022 4 has taken a fork
1023 40 is thinking
1023 37 is thinking
1023 39 is thinking
1024 38 is thinking
1024 48 is thinking
1024 51 is thinking
1024 10 has taken a fork
1024 44 is thinking
1024 2 has taken a fork
1025 6 has taken a fork
1025 120 is sleeping
1026 16 has taken a fork
1026 45 is thinking
1026 14 has taken a fork
1027 122 is sleeping
1027 123 is sleeping
1027 33 has taken a fork
1028 11 has taken a fork
1028 127 is sleeping
1028 124 is sleeping
1029 9 has taken a fork
1029 126 is sleeping
1029 125 is sleeping
1029 129 is sleeping
1030 15 has taken a fork
1030 128 is sleeping
1031 7 is eating
1031 17 has taken a fork
1031 24 has taken a fork
1031 130 is sleeping
1031 52 is thinking
1031 13 has taken a fork
1031 50 is thinking
1032 46 is thinking
1032 53 is thinking
1032 42 is thinking
1033 8 has taken a fork
1033 132 is sleeping
1033 26 has taken a fork
1033 25 has taken a fork
1033 43 is thinking
1033 137 is sleeping
1033 133 is sleeping
1033 47 is thinking
1034 49 is thinking
1034 27 has taken a fork
1035 57 is thinking
1035 131 is sleeping
1035 136 is sleeping
1035 55 is thinking
1035 54 is thinking
1036 63 is thinking
1036 60 is thinking
1036 58 is thinking
1037 61 is thinking
1037 56 is thinking
1038 135 is sleeping
1038 144 is sleeping
1038 31 has taken a fork
1039 12 has taken a fork
1039 19 has taken a fork
1039 75 is thinking
1039 153 is sleeping
1039 139 is sleeping
1040 142 is sleeping
1040 65 is thinking
1040 71 is thinking
1040 68 is thinking
1040 34 has taken a fork
1040 23 has taken a fork
1040 20 has taken a fork
1040 32 has taken a fork
1040 69 is thinking
1040 59 is thinking
1040 66 is thinking
1040 35 has taken a fork
1040 29 has taken a fork
1040 77 is thinking
1040 147 is sleeping
1040 70 is thinking
1040 28 has taken a fork
1040 67 is thinking
1040 134 is sleeping
1041 138 is sleeping
1041 62 is thinking
1041 18 has taken a fork
1041 141 is sleeping
1041 150 is sleeping
1041 5 is eating
1041 64 is thinking
1041 21 has taken a fork
1041 30 has taken a fork
1041 3 is eating
1041 145 is sleeping
1041 36 has taken a fork
1041 146 is sleeping
1041 76 is thinking
1041 1 is eating
1041 140 is sleeping
1041 22 has taken a fork
1041 41 has taken a fork
1041 4 is eating
1042 40 has taken a fork
1042 37 has taken a fork
1042 39 has taken a fork
1042 73 is thinking
1042 74 is thinking
1042 151 is sleeping
1042 38 has taken a fork
1042 48 has taken a fork
1042 51 has taken a fork
1042 10 is eating
1042 44 has taken a fork
1042 2 is eating
1042 155 is sleeping
1042 149 is sleeping
1042 157 is sleeping
1042 158 is sleeping
1042 6 is eating
1042 152 is sleeping
1042 154 is sleeping
1042 143 is sleeping
1042 16 has taken a fork
1042 45 has taken a fork
1042 160 is sleeping
1042 79 is thinking
1042 14 is eating
1042 159 is sleeping
1043 33 has taken a fork
1043 72 is thinking
1043 78 is thinking
1043 80 is thinking
1043 148 is sleeping
1043 82 is thinking
1043 11 is eating
1043 81 is thinking
1043 9 is eating
1043 156 is sleeping
1043 15 is eating
1043 161 is sleeping
1043 17 is eating
1044 24 has taken a fork
1044 52 has taken a fork
1044 13 is eating
1044 50 has taken a fork
1044 46 has taken a fork
1044 85 is thinking
1044 175 is sleeping
1044 53 has taken a fork
1044 42 has taken a fork
1044 8 is eating
1044 26 has taken a fork
1044 25 has taken a fork
1045 43 has taken a fork
1045 47 has taken a fork
1045 170 is sleeping
1046 165 is sleeping
1046 163 is sleeping
1046 172 is sleeping
1046 49 has taken a fork
1046 27 has taken a fork
1046 57 has taken a fork
1046 87 is thinking
1047 55 has taken a fork
1047 54 has taken a fork
1047 84 is thinking
1047 89 is thinking
1047 63 has taken a fork
1047 91 is thinking
1047 83 is thinking
1047 88 is thinking
1047 169 is sleeping
1047 60 has taken a fork
1048 58 has taken a fork
1048 166 is sleeping
1048 61 has taken a fork
1048 173 is sleeping
1048 164 is sleeping
1048 56 has taken a fork
1048 31 has taken a fork
1048 167 is sleeping
1048 162 is sleeping
1048 12 is eating
1048 171 is sleeping
1049 19 has taken a fork
1049 75 has taken a fork
1049 65 has taken a fork
1049 181 is sleeping
1049 71 has taken a fork
1049 168 is sleeping
1049 93 is thinking
1049 68 has taken a fork
1049 34 has taken a fork
1049 23 is eating
1049 20 is eating
1049 32 has taken a fork
1049 69 has taken a fork
1049 66 has taken a fork
1049 59 has taken a fork
1049 35 has taken a fork
1049 29 has taken a fork
1050 77 has taken a fork
1050 70 has taken a fork
1050 28 has taken a fork
1050 67 has taken a fork
1051 176 is sleeping
1051 62 has taken a fork
1051 18 is eating
1051 95 is thinking
1051 64 has taken a fork
1051 21 is eating
1051 30 has taken a fork
1052 36 has taken a fork
1052 76 has taken a fork
1052 22 is eating
1052 41 has taken a fork
1052 40 has taken a fork
1052 37 has taken a fork
1052 39 has taken a fork
1052 73 has taken a fork
1052 74 has taken a fork
1052 38 has taken a fork
1052 48 has taken a fork
1052 51 has taken a fork
1052 92 is thinking
1053 86 is thinking
1054 44 has taken a fork
1054 16 is eating
1054 45 has taken a fork
1054 79 has taken a fork
1054 177 is sleeping
1054 179 is sleeping
1054 33 is eating
1055 72 has taken a fork
1055 78 has taken a fork
1055 24 is eating
1055 52 has taken a fork
1055 50 has taken a fork
1055 46 has taken a fork
1055 53 has taken a fork
1055 42 has taken a fork
1056 178 is sleeping
1056 80 has taken a fork
1056 26 is eating
1056 25 is eating
1056 174 is sleeping
1056 180 is sleeping
1056 82 has taken a fork
1056 81 has taken a fork
1057 43 has taken a fork
1057 47 has taken a fork
1057 97 is thinking
1057 90 is thinking
1057 183 is sleeping
1057 85 has taken a fork
1057 49 has taken a fork
1057 27 is eating
1057 57 has taken a fork
1058 55 has taken a fork
1058 54 has taken a fork
1058 63 has taken a fork
1058 60 has taken a fork
1058 185 is sleeping
1059 58 has taken a fork
1059 87 has taken a fork
1059 61 has taken a fork
1059 94 is thinking
1059 99 is thinking
1059 56 has taken a fork
1059 31 is eating
1059 19 is eating
1059 75 has taken a fork
1059 96 is thinking
1059 65 has taken a fork
1059 71 has taken a fork
1059 68 has taken a fork
1059 34 is eating
1059 32 is eating
1060 69 has taken a fork
1060 66 has taken a fork
1060 59 has taken a fork
1060 35 is eating
1060 29 is eating
1060 184 is sleeping
1060 84 has taken a fork
1060 187 is sleeping
1060 89 has taken a fork
1060 77 has taken a fork
1060 70 has taken a fork
1061 28 is eating
1061 67 has taken a fork
1061 191 is sleeping
1061 182 is sleeping
1061 186 is sleeping
1061 91 has taken a fork
1061 83 has taken a fork
1061 88 has taken a fork
1062 62 has taken a fork
1062 64 has taken a fork
1062 30 is eating
1062 36 is eating
1062 76 has taken a fork
1064 41 is eating
1064 40 is eating
1064 37 is eating
1064 39 is eating
1064 73 has taken a fork
1064 74 has taken a fork
1064 38 is eating
1065 48 is eating
1065 51 is eating
1065 188 is sleeping
1065 93 has taken a fork
1065 189 is sleeping
1065 44 is eating
1066 45 is eating
1066 79 has taken a fork
1066 95 has taken a fork
1066 72 has taken a fork
1066 78 has taken a fork
1066 52 is eating
1066 50 is eating
1066 46 is eating
1067 53 is eating
1067 42 is eating
1067 80 has taken a fork
1067 82 has taken a fork
1067 81 has taken a fork
1067 43 is eating
1067 47 is eating
1067 85 has taken a fork
1067 49 is eating
1067 57 is eating
1067 193 is sleeping
1067 55 is eating
1067 190 is sleeping
1068 54 is eating
1068 92 has taken a fork
1069 63 is eating
1069 60 is eating
1069 58 is eating
1069 197 is sleeping
1070 87 has taken a fork
1071 97 has taken a fork
1072 61 is eating
1072 56 is eating
1072 75 is eating
1072 65 is eating
1073 71 is eating
1073 68 is eating
1073 69 is eating
1073 66 is eating
1073 59 is eating
1073 86 has taken a fork
1074 98 is thinking
1074 84 has taken a fork
1074 89 has taken a fork
1074 77 is eating
1074 70 is eating
1074 195 is sleeping
1074 90 has taken a fork
1074 67 is eating
1074 91 has taken a fork
1074 83 has taken a fork
1074 88 has taken a fork
1074 62 is eating
1074 64 is eating
1074 76 is eating
1074 194 is sleeping
1074 94 has taken a fork
1074 192 is sleeping
1074 73 is eating
1074 74 is eating
1075 99 has taken a fork
1076 93 has taken a fork
1076 79 is eating
1077 95 has taken a fork
1077 72 is eating
1079 78 is eating
1079 196 is sleeping
1084 96 has taken a fork
1084 80 is eating
1084 82 is eating
1084 81 is eating
1084 85 is eating
1084 92 has taken a fork
1084 87 is eating
1084 97 has taken a fork
1086 86 has taken a fork
1086 198 is sleeping
1087 84 is eating
1087 98 has taken a fork
1088 89 is eating
1088 90 has taken a fork
1089 91 is eating
1089 83 is eating
1089 88 is eating
1091 94 has taken a fork
1091 99 has taken a fork
1091 93 is eating
1092 95 is eating
1092 101 is thinking
1094 96 has taken a fork
1095 92 is eating
1096 97 is eating
1096 86 is eating
1097 98 has taken a fork
1097 90 is eating
1097 94 is eating
1097 99 is eating
1097 100 is thinking
1097 96 is eating
1099 103 is thinking
1099 102 is thinking
1099 7 is sleeping
1101 101 has taken a fork
1101 98 is eating
1102 109 is thinking
1104 111 is thinking
1104 105 is thinking
1105 104 is thinking
1105 113 is thinking
1107 107 is thinking
1108 101 has taken a fork
1109 108 is thinking
1109 106 is thinking
1110 5 is sleeping
1112 100 has taken a fork
1113 3 is sleeping
1114 114 is thinking
1115 115 is thinking
1115 101 is eating
1117 103 has taken a fork
1117 110 is thinking
1118 1 is sleeping
1118 4 is sleeping
1119 102 has taken a fork
1119 109 has taken a fork
1119 121 is thinking
1119 6 is sleeping
1119 10 is sleeping
1119 119 is thinking
1119 2 is sleeping
1119 104 has taken a fork
1122 100 has taken a fork
1124 14 is sleeping
1125 113 has taken a fork
1126 112 is thinking
1128 105 has taken a fork
1129 9 is sleeping
1129 15 is sleeping
1129 17 is sleeping
1129 11 is sleeping
1129 111 has taken a fork
1130 108 has taken a fork
1131 106 has taken a fork
1131 107 has taken a fork
1132 114 has taken a fork
1132 13 is sleeping
1132 115 has taken a fork
1132 8 is sleeping
1134 103 has taken a fork
1134 117 is thinking
1134 118 is thinking
1134 110 has taken a fork
1134 12 is sleeping
1134 102 has taken a fork
1134 109 has taken a fork
1134 121 has taken a fork
1134 104 has taken a fork
1134 20 is sleeping
1135 23 is sleeping
1135 119 has taken a fork
1136 116 is thinking
1137 18 is sleeping
1137 100 is eating
1137 21 is sleeping
1137 113 has taken a fork
1137 120 is thinking
1137 22 is sleeping
1137 112 has taken a fork
1137 122 is thinking
1137 123 is thinking
1138 105 has taken a fork
1138 124 is thinking
1138 127 is thinking
1138 126 is thinking
1138 129 is thinking
1139 16 is sleeping
1139 125 is thinking
1142 111 has taken a fork
1143 33 is sleeping
1146 108 has taken a fork
1146 128 is thinking
1146 130 is thinking
1146 106 has taken a fork
1146 114 has taken a fork
1146 115 has taken a fork
1146 132 is thinking
1146 137 is thinking
1146 133 is thinking
1146 24 is sleeping
1148 107 has taken a fork
1150 103 is eating
1150 117 has taken a fork
1150 118 has taken a fork
1150 110 has taken a fork
1151 109 is eating
1151 121 has taken a fork
1151 104 is eating
1152 25 is sleeping
1152 136 is thinking
1152 26 is sleeping
1152 119 has taken a fork
1153 27 is sleeping
1153 116 has taken a fork
1153 102 is eating
1154 131 is thinking
1154 113 is eating
1154 120 has taken a fork
1154 112 has taken a fork
1154 122 has taken a fork
1154 123 has taken a fork
1154 32 is sleeping
1154 135 is thinking
1155 105 is eating
1155 124 has taken a fork
1155 34 is sleeping
1155 144 is thinking
1155 31 is sleeping
1155 127 has taken a fork
1155 126 has taken a fork
1155 129 has taken a fork
1155 35 is sleeping
1155 153 is thinking
1156 29 is sleeping
1156 125 has taken a fork
1156 134 is thinking
1156 147 is thinking
1156 139 is thinking
1156 28 is sleeping
1157 142 is thinking
1157 140 is thinking
1157 141 is thinking
1157 146 is thinking
1157 138 is thinking
1157 150 is thinking
1157 30 is sleeping
1157 145 is thinking
1157 154 is thinking
1157 149 is thinking
1157 143 is thinking
1157 155 is thinking
1157 151 is thinking
1158 157 is thinking
1158 158 is thinking
1158 160 is thinking
1158 152 is thinking
1158 111 is eating
1158 19 is sleeping
1158 41 is sleeping
1159 159 is thinking
1159 156 is thinking
1159 148 is thinking
1159 161 is thinking
1159 39 is sleeping
1159 37 is sleeping
1159 40 is sleeping
1159 175 is thinking
1159 38 is sleeping
1159 48 is sleeping
1159 44 is sleeping
1159 170 is thinking
1159 51 is sleeping
1160 36 is sleeping
1160 45 is sleeping
1160 128 has taken a fork
1160 130 has taken a fork
1160 172 is thinking
1160 163 is thinking
1161 106 is eating
1161 114 is eating
1161 115 is eating
1161 108 is eating
1161 132 has taken a fork
1161 165 is thinking
1161 137 has taken a fork
1161 133 has taken a fork
1161 169 is thinking
1161 162 is thinking
1162 166 is thinking
1162 173 is thinking
1162 171 is thinking
1162 164 is thinking
1162 167 is thinking
1162 107 is eating
1162 181 is thinking
1162 50 is sleeping
1163 46 is sleeping
1163 168 is thinking
1163 53 is sleeping
1163 47 is sleeping
1163 42 is sleeping
1164 52 is sleeping
1164 43 is sleeping
1164 117 has taken a fork
1164 118 has taken a fork
1164 110 is eating
1164 176 is thinking
1165 57 is sleeping
1165 121 is eating
1165 49 is sleeping
1165 55 is sleeping
1165 54 is sleeping
1165 136 has taken a fork
1165 119 is eating
1165 58 is sleeping
1166 116 has taken a fork
1166 60 is sleeping
1166 63 is sleeping
1166 177 is thinking
1166 179 is thinking
1166 131 has taken a fork
1167 120 has taken a fork
1167 112 is eating
1167 122 has taken a fork
1167 123 has taken a fork
1167 135 has taken a fork
1167 56 is sleeping
1167 61 is sleeping
1167 124 has taken a fork
1167 144 has taken a fork
1167 127 has taken a fork
1168 126 has taken a fork
1168 129 has taken a fork
1168 153 has taken a fork
1168 65 is sleeping
1168 75 is sleeping
1168 180 is thinking
1168 174 is thinking
1169 125 has taken a fork
1169 178 is thinking
1169 134 has taken a fork
1169 147 has taken a fork
1169 139 has taken a fork
1169 66 is sleeping
1170 68 is sleeping
1170 71 is sleeping
1172 59 is sleeping
1172 142 has taken a fork
1172 69 is sleeping
1172 70 is sleeping
1172 140 has taken a fork
1172 67 is sleeping
1173 141 has taken a fork
1173 146 has taken a fork
1173 138 has taken a fork
1173 150 has taken a fork
1173 145 has taken a fork
1174 154 has taken a fork
1174 149 has taken a fork
1174 143 has taken a fork
1174 155 has taken a fork
1174 183 is thinking
1174 151 has taken a fork
1175 73 is sleeping
1175 157 has taken a fork
1175 185 is thinking
1175 64 is sleeping
1175 74 is sleeping
1175 62 is sleeping
1175 76 is sleeping
1175 158 has taken a fork
1175 77 is sleeping
1175 160 has taken a fork
1175 152 has taken a fork
1175 79 is sleeping
1175 159 has taken a fork
1176 156 has taken a fork
1176 148 has taken a fork
1176 161 has taken a fork
1176 175 has taken a fork
1176 170 has taken a fork
1177 184 is thinking
1177 187 is thinking
1177 72 is sleeping
1177 128 has taken a fork
1177 130 has taken a fork
1177 172 has taken a fork
1178 163 has taken a fork
1178 186 is thinking
1178 191 is thinking
1178 78 is sleeping
1178 182 is thinking
1180 132 has taken a fork
1180 165 has taken a fork
1180 137 has taken a fork
1180 133 has taken a fork
1180 169 has taken a fork
1180 162 has taken a fork
1181 166 has taken a fork
1181 173 has taken a fork
1181 171 has taken a fork
1181 164 has taken a fork
1182 167 has taken a fork
1182 181 has taken a fork
1182 168 has taken a fork
1182 80 is sleeping
1183 117 is eating
1183 118 is eating
1183 176 has taken a fork
1183 82 is sleeping
1183 188 is thinking
1183 85 is sleeping
1184 189 is thinking
1184 81 is sleeping
1184 136 has taken a fork
1184 116 is eating
1185 87 is sleeping
1185 177 has taken a fork
1185 179 has taken a fork
1185 131 has taken a fork
1185 193 is thinking
1185 120 is eating
1185 122 is eating
1185 123 is eating
1185 135 has taken a fork
1185 124 is eating
1186 144 has taken a fork
1186 127 is eating
1186 126 is eating
1186 129 is eating
1186 190 is thinking
1186 153 has taken a fork
1186 180 has taken a fork
1186 174 has taken a fork
1186 84 is sleeping
1186 89 is sleeping
1186 125 is eating
1186 178 has taken a fork
1187 134 has taken a fork
1187 147 has taken a fork
1188 139 has taken a fork
1188 197 is thinking
1188 91 is sleeping
1188 83 is sleeping
1188 88 is sleeping
1188 93 is sleeping
1188 142 has taken a fork
1189 140 has taken a fork
1189 95 is sleeping
1189 141 has taken a fork
1189 146 has taken a fork
1189 138 has taken a fork
1189 150 has taken a fork
1189 145 has taken a fork
1189 154 has taken a fork
1189 195 is thinking
1190 149 has taken a fork
1190 194 is thinking
1190 143 has taken a fork
1190 192 is thinking
1190 155 has taken a fork
1190 183 has taken a fork
1190 151 has taken a fork
1190 157 has taken a fork
1191 185 has taken a fork
1192 158 has taken a fork
1192 160 has taken a fork
1192 152 has taken a fork
1192 159 has taken a fork
1192 156 has taken a fork
1192 148 has taken a fork
1193 161 has taken a fork
1193 175 has taken a fork
1193 170 has taken a fork
1193 184 has taken a fork
1193 187 has taken a fork
1193 92 is sleeping
1193 128 is eating
1193 130 is eating
1194 172 has taken a fork
1194 163 has taken a fork
1194 186 has taken a fork
1194 191 has taken a fork
1194 97 is sleeping
1194 86 is sleeping
1194 182 has taken a fork
1194 196 is thinking
1194 94 is sleeping
1195 132 is eating
1195 165 has taken a fork
1195 90 is sleeping
1195 137 is eating
1195 133 is eating
1195 169 has taken a fork
1195 162 has taken a fork
1195 166 has taken a fork
1195 99 is sleeping
1195 173 has taken a fork
1195 171 has taken a fork
1195 164 has taken a fork
1195 96 is sleeping
1195 167 has taken a fork
1195 181 has taken a fork
1195 168 has taken a fork
1195 176 has taken a fork
1196 188 has taken a fork
1196 189 has taken a fork
1196 136 is eating
1197 177 has taken a fork
1197 179 has taken a fork
1197 131 is eating
1197 193 has taken a fork
1197 135 is eating
1197 144 is eating
1198 190 has taken a fork
1198 153 is eating
1198 180 has taken a fork
1198 174 has taken a fork
1198 178 has taken a fork
1199 198 is thinking
1200 134 is eating
1200 147 is eating
1201 139 is eating
1201 98 is sleeping
1201 197 has taken a fork
1201 142 is eating
1201 140 is eating
1202 141 is eating
1202 146 is eating
1202 138 is eating
1202 150 is eating
1203 145 is eating
1203 154 is eating
1203 195 has taken a fork
1203 149 is eating
1203 194 has taken a fork
1203 143 is eating
1203 192 has taken a fork
1203 155 is eating
1204 183 has taken a fork
1204 151 is eating
1204 157 is eating
1205 185 has taken a fork
1206 158 is eating
1206 160 is eating
1206 152 is eating
1206 159 is eating
1207 156 is eating
1207 148 is eating
1207 161 is eating
1208 175 is eating
1208 170 is eating
1208 184 has taken a fork
1208 187 has taken a fork
1208 172 is eating
1208 163 is eating
1208 186 has taken a fork
1208 191 has taken a fork
1209 182 has taken a fork
1209 196 has taken a fork
1209 165 is eating
1210 169 is eating
1210 162 is eating
1211 166 is eating
1211 173 is eating
1211 171 is eating
1212 164 is eating
1213 167 is eating
1214 181 is eating
1214 168 is eating
1214 176 is eating
1214 188 has taken a fork
1216 189 has taken a fork
1216 177 is eating
1217 179 is eating
1217 193 has taken a fork
1217 190 has taken a fork
1217 180 is eating
1218 174 is eating
1219 178 is eating
1219 198 has taken a fork
1220 7 is thinking
1221 197 has taken a fork
1221 195 has taken a fork
1221 194 has taken a fork
1221 192 has taken a fork
1221 183 is eating
1222 185 is eating
1222 101 is sleeping
1223 184 is eating
1223 187 is eating
1223 186 is eating
1224 191 is eating
1224 182 is eating
1225 196 has taken a fork
1225 5 is thinking
1225 3 is thinking
1225 188 is eating
1226 189 is eating
1227 193 is eating
1227 190 is eating
1227 1 is thinking
1228 4 is thinking
1228 10 is thinking
1228 2 is thinking
1229 6 is thinking
1230 198 has taken a fork
1231 7 has taken a fork
1231 197 is eating
1232 100 is sleeping
1232 195 is eating
1233 194 is eating
1233 192 is eating
1233 14 is thinking
1233 196 is eating
1234 5 has taken a fork
1234 17 is thinking
1234 11 is thinking
1235 15 is thinking
1235 9 is thinking
1235 103 is sleeping
1235 3 has taken a fork
1236 198 is eating
1236 109 is sleeping
1236 7 has taken a fork
1236 1 has taken a fork
1236 8 is thinking
1237 13 is thinking
1237 102 is sleeping
1238 104 is sleeping
1238 4 has taken a fork
1239 10 has taken a fork
1239 113 is sleeping
1239 2 has taken a fork
1239 5 has taken a fork
1239 105 is sleeping
1240 6 has taken a fork
1241 12 is thinking
1241 23 is thinking
1242 3 has taken a fork
1242 20 is thinking
1242 111 is sleeping
1243 7 is eating
1243 1 has taken a fork
1243 14 has taken a fork
1243 18 is thinking
1243 21 is thinking
1243 22 is thinking
1243 106 is sleeping
1244 114 is sleeping
1244 115 is sleeping
1244 15 has taken a fork
1244 108 is sleeping
1245 17 has taken a fork
1245 4 has taken a fork
1245 9 has taken a fork
1245 11 has taken a fork
1245 10 has taken a fork
1246 16 is thinking
1249 107 is sleeping
1249 2 has taken a fork
1249 5 is eating
1250 8 has taken a fork
1250 6 has taken a fork
1251 110 is sleeping
1251 13 has taken a fork
1251 121 is sleeping
1251 3 is eating
1252 119 is sleeping
1252 23 has taken a fork
1252 33 is thinking
1253 12 has taken a fork
1253 1 is eating
1254 14 has taken a fork
1255 15 has taken a fork
1255 17 has taken a fork
1255 4 is eating
1255 9 has taken a fork
1256 11 has taken a fork
1256 10 is eating
1257 24 is thinking
1257 112 is sleeping
1257 20 has taken a fork
1257 2 is eating
1257 8 has taken a fork
1257 6 is eating
1257 13 has taken a fork
1258 25 is thinking
1259 26 is thinking
1259 23 has taken a fork
1259 27 is thinking
1259 12 has taken a fork
1259 14 is eating
1260 31 is thinking
1260 15 is eating
1260 34 is thinking
1260 17 is eating
1260 35 is thinking
1261 32 is thinking
1262 9 is eating
1262 29 is thinking
1262 11 is eating
1262 28 is thinking
1263 30 is thinking
1263 20 has taken a fork
1263 8 is eating
1263 13 is eating
1264 19 is thinking
1264 39 is thinking
1264 48 is thinking
1264 23 is eating
1264 37 is thinking
1264 40 is thinking
1264 51 is thinking
1265 117 is sleeping
1265 38 is thinking
1265 41 is thinking
1265 44 is thinking
1265 118 is sleeping
1265 21 has taken a fork
1266 18 has taken a fork
1266 12 is eating
1267 45 is thinking
1267 36 is thinking
1267 116 is sleeping
1267 22 has taken a fork
1267 123 is sleeping
1267 120 is sleeping
1268 122 is sleeping
1268 16 has taken a fork
1268 24 has taken a fork
1269 33 has taken a fork
1269 50 is thinking
1269 124 is sleeping
1269 126 is sleeping
1269 129 is sleeping
1269 127 is sleeping
1269 31 has taken a fork
1270 27 has taken a fork
1270 25 has taken a fork
1270 26 has taken a fork
1270 53 is thinking
1270 46 is thinking
1270 125 is sleeping
1270 34 has taken a fork
1270 20 is eating
1270 42 is thinking
1270 47 is thinking
1270 43 is thinking
1270 52 is thinking
1270 58 is thinking
1270 54 is thinking
1270 55 is thinking
1270 49 is thinking
1270 21 has taken a fork
1270 18 has taken a fork
1271 60 is thinking
1271 63 is thinking
1272 57 is thinking
1272 61 is thinking
1272 56 is thinking
1272 22 has taken a fork
1272 75 is thinking
1272 65 is thinking
1272 16 has taken a fork
1272 24 has taken a fork
1272 33 has taken a fork
1273 66 is thinking
1273 31 has taken a fork
1273 27 has taken a fork
1273 25 has taken a fork
1273 130 is sleeping
1273 26 has taken a fork
1273 128 is sleeping
1273 35 has taken a fork
1274 71 is thinking
1274 34 has taken a fork
1274 68 is thinking
1278 32 has taken a fork
1278 21 is eating
1279 18 is eating
1279 70 is thinking
1279 133 is sleeping
1279 137 is sleeping
1280 132 is sleeping
1281 59 is thinking
1281 67 is thinking
1282 69 is thinking
1282 29 has taken a fork
1282 28 has taken a fork
1282 30 has taken a fork
1283 22 is eating
1283 16 is eating
1283 24 is eating
1283 33 is eating
1283 31 is eating
1283 27 is eating
1283 25 is eating
1283 26 is eating
1283 35 has taken a fork
1284 34 is eating
1285 64 is thinking
1285 73 is thinking
1285 77 is thinking
1285 136 is sleeping
1285 74 is thinking
1285 76 is thinking
1285 79 is thinking
1286 62 is thinking
1286 19 has taken a fork
1286 135 is sleeping
1286 131 is sleeping
1286 39 has taken a fork
1286 48 has taken a fork
1286 144 is sleeping
1287 37 has taken a fork
1287 72 is thinking
1287 153 is sleeping
1287 40 has taken a fork
1287 147 is sleeping
1287 78 is thinking
1287 51 has taken a fork
1288 134 is sleeping
1288 32 has taken a fork
1289 38 has taken a fork
1289 139 is sleeping
1289 142 is sleeping
1289 44 has taken a fork
1289 41 has taken a fork
1290 140 is sleeping
1290 45 has taken a fork
1290 145 is sleeping
1290 154 is sleeping
1290 36 has taken a fork
1290 50 has taken a fork
1290 143 is sleeping
1290 138 is sleeping
1290 53 has taken a fork
1290 46 has taken a fork
1290 149 is sleeping
1290 150 is sleeping
1290 155 is sleeping
1290 42 has taken a fork
1290 43 has taken a fork
1290 47 has taken a fork
1290 141 is sleeping
1290 146 is sleeping
1290 58 has taken a fork
1291 52 has taken a fork
1291 151 is sleeping
1291 54 has taken a fork
1291 157 is sleeping
1291 55 has taken a fork
1291 160 is sleeping
1291 49 has taken a fork
1291 80 is thinking
1291 158 is sleeping
1291 60 has taken a fork
1291 29 has taken a fork
1291 152 is sleeping
1291 63 has taken a fork
1291 28 has taken a fork
1292 30 has taken a fork
1292 148 is sleeping
1292 57 has taken a fork
1292 159 is sleeping
1292 61 has taken a fork
1293 85 is thinking
1293 82 is thinking
1293 156 is sleeping
1293 161 is sleeping
1293 75 has taken a fork
1293 56 has taken a fork
1293 35 is eating
1294 175 is sleeping
1294 65 has taken a fork
1294 170 is sleeping
1294 81 is thinking
1294 163 is sleeping
1294 172 is sleeping
1294 71 has taken a fork
1294 68 has taken a fork
1294 66 has taken a fork
1294 165 is sleeping
1294 70 has taken a fork
1294 87 is thinking
1294 169 is sleeping
1295 59 has taken a fork
1295 89 is thinking
1295 84 is thinking
1295 19 has taken a fork
1296 39 has taken a fork
1297 48 has taken a fork
1298 162 is sleeping
1299 67 has taken a fork
1299 173 is sleeping
1299 164 is sleeping
1299 171 is sleeping
1299 166 is sleeping
1299 37 has taken a fork
1299 69 has taken a fork
1299 40 has taken a fork
1300 64 has taken a fork
1300 73 has taken a fork
1300 77 has taken a fork
1300 51 has taken a fork
1300 88 is thinking
1301 93 is thinking
1301 181 is sleeping
1301 74 has taken a fork
1301 83 is thinking
1301 91 is thinking
1301 167 is sleeping
1301 76 has taken a fork
1301 32 is eating
1302 168 is sleeping
1302 79 has taken a fork
1302 38 has taken a fork
1302 176 is sleeping
1302 95 is thinking
1302 62 has taken a fork
1302 44 has taken a fork
1302 41 has taken a fork
1302 45 has taken a fork
1302 36 has taken a fork
1302 50 has taken a fork
1302 53 has taken a fork
1302 46 has taken a fork
1303 42 has taken a fork
1303 43 has taken a fork
1303 47 has taken a fork
1303 58 has taken a fork
1303 52 has taken a fork
1303 177 is sleeping
1303 54 has taken a fork
1303 72 has taken a fork
1303 55 has taken a fork
1303 49 has taken a fork
1304 60 has taken a fork
1304 29 is eating
1304 63 has taken a fork
1304 28 is eating
1304 30 is eating
1304 179 is sleeping
1304 78 has taken a fork
1304 57 has taken a fork
1304 92 is thinking
1305 174 is sleeping
1305 180 is sleeping
1305 61 has taken a fork
1305 85 has taken a fork
1305 75 has taken a fork
1305 56 has taken a fork
1307 80 has taken a fork
1307 97 is thinking
1307 65 has taken a fork
1308 86 is thinking
1308 178 is sleeping
1308 82 has taken a fork
1308 71 has taken a fork
1308 68 has taken a fork
1308 66 has taken a fork
1309 70 has taken a fork
1309 94 is thinking
1310 96 is thinking
1310 99 is thinking
1311 59 has taken a fork
1312 90 is thinking
1312 19 is eating
1312 39 is eating
1312 48 is eating
1312 183 is sleeping
1312 81 has taken a fork
1312 67 has taken a fork
1312 185 is sleeping
1312 87 has taken a fork
1312 37 is eating
1312 69 has taken a fork
1313 40 is eating
1313 187 is sleeping
1313 64 has taken a fork
1313 73 has taken a fork
1313 77 has taken a fork
1313 51 is eating
1314 184 is sleeping
1314 84 has taken a fork
1314 89 has taken a fork
1314 182 is sleeping
1314 186 is sleeping
1314 88 has taken a fork
1314 191 is sleeping
1315 98 is thinking
1315 93 has taken a fork
1315 74 has taken a fork
1316 83 has taken a fork
1316 76 has taken a fork
1316 79 has taken a fork
1316 38 is eating
1316 62 has taken a fork
1316 44 is eating
1316 41 is eating
1316 45 is eating
1316 36 is eating
1316 50 is eating
1316 53 is eating
1319 46 is eating
1319 42 is eating
1319 43 is eating
1320 47 is eating
1320 58 is eating
1320 52 is eating
1320 54 is eating
1320 72 has taken a fork
1320 55 is eating
1320 49 is eating
1320 188 is sleeping
1321 91 has taken a fork
1321 60 is eating
1321 63 is eating
1321 78 has taken a fork
1321 57 is eating
1321 189 is sleeping
1322 95 has taken a fork
1322 61 is eating
1322 85 has taken a fork
1322 75 is eating
1322 56 is eating
1322 193 is sleeping
1322 92 has taken a fork
1323 80 has taken a fork
1324 190 is sleeping
1324 97 has taken a fork
1324 65 is eating
1324 82 has taken a fork
1324 71 is eating
1324 68 is eating
1324 66 is eating
1325 70 is eating
1325 197 is sleeping
1325 86 has taken a fork
1326 59 is eating
1327 195 is sleeping
1327 94 has taken a fork
1327 192 is sleeping
1327 96 has taken a fork
1327 194 is sleeping
1327 99 has taken a fork
1327 81 has taken a fork
1328 67 is eating
1328 87 has taken a fork
1329 69 is eating
1329 64 is eating
1329 73 is eating
1330 77 is eating
1330 84 has taken a fork
1331 89 has taken a fork
1331 196 is sleeping
1332 90 has taken a fork
1332 88 has taken a fork
1332 93 has taken a fork
1332 74 is eating
1332 83 has taken a fork
1333 76 is eating
1333 79 is eating
1333 62 is eating
1333 198 is sleeping
1333 98 has taken a fork
1333 72 is eating
1333 91 has taken a fork
1333 78 is eating
1334 95 has taken a fork
1334 85 is eating
1334 92 has taken a fork
1334 101 is thinking
1334 80 is eating
1334 97 has taken a fork
1335 82 is eating
1336 86 has taken a fork
1337 94 has taken a fork
1337 96 has taken a fork
1337 99 has taken a fork
1337 81 is eating
1337 87 is eating
1337 84 is eating
1338 89 is eating
1338 7 is sleeping
1338 100 is thinking
1338 90 has taken a fork
1338 88 is eating
1338 93 is eating
1339 83 is eating
1339 98 has taken a fork
1339 91 is eating
1339 95 is eating
1339 92 is eating
1339 101 has taken a fork
1339 97 is eating
1339 103 is thinking
1339 109 is thinking
1339 86 is eating
1339 94 is eating
1340 5 is sleeping
1340 102 is thinking
1340 96 is eating
1340 99 is eating
1340 100 has taken a fork
1340 104 is thinking
1340 90 is eating
1340 113 is thinking
1341 105 is thinking
1341 98 is eating
1341 101 has taken a fork
1341 100 has taken a fork
1341 101 is eating
1341 100 is eating
1341 3 is sleeping
1342 103 has taken a fork
1342 103 has taken a fork
1342 103 is eating
1342 111 is thinking
1342 1 is sleeping
1342 109 has taken a fork
1342 109 has taken a fork
1342 109 is eating
1343 106 is thinking
1344 108 is thinking
1344 115 is thinking
1344 4 is sleeping
1344 114 is thinking
1344 10 is sleeping
1345 102 has taken a fork
1345 104 has taken a fork
1345 102 has taken a fork
1346 2 is sleeping
1346 113 has taken a fork
1346 104 has taken a fork
1346 102 is eating
1346 113 has taken a fork
1346 104 is eating
1346 113 is eating
1346 6 is sleeping
1346 105 has taken a fork
1346 105 has taken a fork
1346 105 is eating
1348 14 is sleeping
1348 111 has taken a fork
1348 111 has taken a fork
1348 111 is eating
1349 107 is thinking
1349 17 is sleeping
1349 106 has taken a fork
1350 15 is sleeping
1350 108 has taken a fork
1350 106 has taken a fork
1350 11 is sleeping
1350 115 has taken a fork
1350 108 has taken a fork
1350 106 is eating
1350 9 is sleeping
1350 114 has taken a fork
1350 115 has taken a fork
1350 108 is eating
1351 114 has taken a fork
1351 115 is eating
1351 114 is eating
1351 110 is thinking
1351 121 is thinking
1352 119 is thinking
1352 8 is sleeping
1352 107 has taken a fork
1352 13 is sleeping
1353 110 has taken a fork
1353 107 has taken a fork
1353 110 has taken a fork
1353 107 is eating
1353 110 is eating
1354 23 is sleeping
1354 121 has taken a fork
1354 121 has taken a fork
1354 121 is eating
1355 12 is sleeping
1355 119 has taken a fork
1355 119 has taken a fork
1355 119 is eating
1357 112 is thinking
1359 20 is sleeping
1359 112 has taken a fork
1359 112 has taken a fork
1359 112 is eating
1365 118 is thinking
1365 117 is thinking
1367 120 is thinking
1369 116 is thinking
1370 122 is thinking
1371 123 is thinking
1371 126 is thinking
1375 124 is thinking
1376 21 is sleeping
1377 127 is thinking
1377 129 is thinking
1378 125 is thinking
1378 18 is sleeping
1380 117 has taken a fork
1380 118 has taken a fork
1380 33 is sleeping
1380 24 is sleeping
1380 16 is sleeping
1380 130 is thinking
1380 128 is thinking
1380 120 has taken a fork
1381 116 has taken a fork
1381 27 is sleeping
1381 25 is sleeping
1381 31 is sleeping
1381 122 has taken a fork
1381 26 is sleeping
1381 22 is sleeping
1381 126 has taken a fork
1381 123 has taken a fork
1382 34 is sleeping
1382 127 has taken a fork
1383 129 has taken a fork
1384 125 has taken a fork
1384 137 is thinking
1385 133 is thinking
1386 132 is thinking
1386 124 has taken a fork
1386 117 has taken a fork
1386 118 has taken a fork
1387 120 has taken a fork
1387 116 has taken a fork
1388 122 has taken a fork
1388 126 has taken a fork
1391 123 has taken a fork
1393 35 is sleeping
1393 127 has taken a fork
1394 130 has taken a fork
1394 129 has taken a fork
1394 125 has taken a fork
1396 32 is sleeping
1398 136 is thinking
1399 135 is thinking
1399 117 is eating
1399 124 has taken a fork
1400 118 is eating
1401 131 is thinking
1401 144 is thinking
1401 147 is thinking
1402 153 is thinking
1402 128 has taken a fork
1403 120 is eating
1403 116 is eating
1403 30 is sleeping
1403 29 is sleeping
1403 134 is thinking
1403 28 is sleeping
1403 122 is eating
1403 133 has taken a fork
1403 137 has taken a fork
1403 132 has taken a fork
1403 126 is eating
1403 139 is thinking
1404 142 is thinking
1404 150 is thinking
1404 155 is thinking
1404 149 is thinking
1404 143 is thinking
1405 145 is thinking
1405 141 is thinking
1405 138 is thinking
1406 140 is thinking
1406 146 is thinking
1406 154 is thinking
1406 157 is thinking
1407 160 is thinking
1407 152 is thinking
1407 151 is thinking
1408 158 is thinking
1409 123 is eating
1409 159 is thinking
1409 148 is thinking
1409 161 is thinking
1409 156 is thinking
1409 127 is eating
1410 172 is thinking
1410 163 is thinking
1410 170 is thinking
1410 130 has taken a fork
1410 37 is sleeping
1410 175 is thinking
1410 19 is sleeping
1410 129 is eating
1410 125 is eating
1411 40 is sleeping
1411 51 is sleeping
1411 48 is sleeping
1412 169 is thinking
1412 165 is thinking
1413 39 is sleeping
1413 38 is sleeping
1414 44 is sleeping
1414 162 is thinking
1414 36 is sleeping
1414 41 is sleeping
1414 50 is sleeping
1414 53 is sleeping
1414 45 is sleeping
1414 136 has taken a fork
1414 171 is thinking
1414 173 is thinking
1414 164 is thinking
1414 135 has taken a fork
1414 166 is thinking
1414 124 is eating
1415 52 is sleeping
1415 42 is sleeping
1415 43 is sleeping
1415 47 is sleeping
1415 131 has taken a fork
1415 167 is thinking
1416 181 is thinking
1416 144 has taken a fork
1416 58 is sleeping
1416 54 is sleeping
1416 55 is sleeping
1417 46 is sleeping
1417 49 is sleeping
1417 147 has taken a fork
1417 63 is sleeping
1417 176 is thinking
1418 168 is thinking
1418 153 has taken a fork
1418 128 has taken a fork
1418 56 is sleeping
1418 177 is thinking
1418 134 has taken a fork
1418 133 has taken a fork
1419 137 has taken a fork
1419 132 has taken a fork
1419 61 is sleeping
1419 57 is sleeping
1419 75 is sleeping
1419 60 is sleeping
1419 139 has taken a fork
1419 65 is sleeping
1419 142 has taken a fork
1419 150 has taken a fork
1419 179 is thinking
1420 155 has taken a fork
1420 68 is sleeping
1420 71 is sleeping
1421 149 has taken a fork
1421 143 has taken a fork
1421 145 has taken a fork
1421 174 is thinking
1421 66 is sleeping
1421 180 is thinking
1421 141 has taken a fork
1421 138 has taken a fork
1422 140 has taken a fork
1422 59 is sleeping
1423 70 is sleeping
1423 146 has taken a fork
1424 157 has taken a fork
1424 154 has taken a fork
1424 160 has taken a fork
1424 152 has taken a fork
1424 151 has taken a fork
1424 178 is thinking
1424 158 has taken a fork
1424 64 is sleeping
1424 73 is sleeping
1425 69 is sleeping
1425 67 is sleeping
1425 77 is sleeping
1426 159 has taken a fork
1426 148 has taken a fork
1426 161 has taken a fork
1426 156 has taken a fork
1426 74 is sleeping
1426 172 has taken a fork
1426 163 has taken a fork
1426 170 has taken a fork
1426 130 is eating
1427 175 has taken a fork
1427 62 is sleeping
1427 79 is sleeping
1427 76 is sleeping
1427 185 is thinking
1427 169 has taken a fork
1427 183 is thinking
1427 72 is sleeping
1428 165 has taken a fork
1428 187 is thinking
1429 78 is sleeping
1429 186 is thinking
1429 85 is sleeping
1429 182 is thinking
1429 184 is thinking
1429 191 is thinking
1430 162 has taken a fork
1430 80 is sleeping
1430 136 has taken a fork
1430 171 has taken a fork
1430 173 has taken a fork
1430 164 has taken a fork
1430 135 has taken a fork
1430 166 has taken a fork
1430 82 is sleeping
1430 131 has taken a fork
1430 167 has taken a fork
1431 181 has taken a fork
1431 144 has taken a fork
1431 147 has taken a fork
1431 176 has taken a fork
1431 168 has taken a fork
1431 153 has taken a fork
1431 128 is eating
1432 87 is sleeping
1433 177 has taken a fork
1433 81 is sleeping
1433 134 has taken a fork
1434 133 is eating
1434 89 is sleeping
1434 84 is sleeping
1434 137 is eating
1434 132 is eating
1435 139 has taken a fork
1435 142 has taken a fork
1436 150 has taken a fork
1436 179 has taken a fork
1437 155 has taken a fork
1437 93 is sleeping
1437 188 is thinking
1437 83 is sleeping
1438 88 is sleeping
1439 189 is thinking
1439 149 has taken a fork
1439 143 has taken a fork
1440 145 has taken a fork
1440 174 has taken a fork
1440 180 has taken a fork
1440 141 has taken a fork
1440 138 has taken a fork
1440 95 is sleeping
1440 140 has taken a fork
1440 193 is thinking
1440 91 is sleeping
1440 92 is sleeping
1440 97 is sleeping
1441 146 has taken a fork
1441 190 is thinking
1443 157 has taken a fork
1443 154 has taken a fork
1444 160 has taken a fork
1444 152 has taken a fork
1444 151 has taken a fork
1444 178 has taken a fork
1445 158 has taken a fork
1445 197 is thinking
1445 86 is sleeping
1445 94 is sleeping
1445 159 has taken a fork
1445 96 is sleeping
1445 148 has taken a fork
1447 99 is sleeping
1447 161 has taken a fork
1447 156 has taken a fork
1447 172 has taken a fork
1447 163 has taken a fork
1447 170 has taken a fork
1447 175 has taken a fork
1447 192 is thinking
1447 194 is thinking
1447 90 is sleeping
1447 195 is thinking
1447 185 has taken a fork
1447 169 has taken a fork
1448 183 has taken a fork
1448 165 has taken a fork
1448 187 has taken a fork
1448 186 has taken a fork
1448 182 has taken a fork
1448 184 has taken a fork
1448 191 has taken a fork
1448 162 has taken a fork
1448 136 is eating
1448 171 has taken a fork
1449 98 is sleeping
1449 173 has taken a fork
1449 164 has taken a fork
1449 135 is eating
1449 166 has taken a fork
1450 131 is eating
1450 167 has taken a fork
1450 181 has taken a fork
1450 144 is eating
1450 196 is thinking
1451 147 is eating
1451 176 has taken a fork
1451 168 has taken a fork
1451 153 is eating
1451 198 is thinking
1451 177 has taken a fork
1452 134 is eating
1452 139 is eating
1452 142 is eating
1453 150 is eating
1453 179 has taken a fork
1453 155 is eating
1453 188 has taken a fork
1453 7 is thinking
1453 189 has taken a fork
1453 149 is eating
1453 101 is sleeping
1453 143 is eating
1453 145 is eating
1453 174 has taken a fork
1454 100 is sleeping
1454 5 is thinking
1454 180 has taken a fork
1454 141 is eating
1454 138 is eating
1454 140 is eating
1454 193 has taken a fork
1454 146 is eating
1454 190 has taken a fork
1455 3 is thinking
1455 1 is thinking
1456 103 is sleeping
1456 109 is sleeping
1457 157 is eating
1458 154 is eating
1458 160 is eating
1458 152 is eating
1458 4 is thinking
1458 151 is eating
1458 178 has taken a fork
1459 10 is thinking
1459 102 is sleeping
1459 158 is eating
1459 197 has taken a fork
1459 159 is eating
1459 2 is thinking
1459 104 is sleeping
1459 105 is sleeping
1459 148 is eating
1459 113 is sleeping
1459 6 is thinking
1459 161 is eating
1460 156 is eating
1460 172 is eating
1460 163 is eating
1460 170 is eating
1460 175 is eating
1460 192 has taken a fork
1460 194 has taken a fork
1460 195 has taken a fork
1460 185 has taken a fork
1460 169 is eating
1461 183 has taken a fork
1461 165 is eating
1461 187 has taken a fork
1461 186 has taken a fork
1461 182 has taken a fork
1461 184 has taken a fork
1461 191 has taken a fork
1461 14 is thinking
1461 162 is eating
1462 111 is sleeping
1462 171 is eating
1462 173 is eating
1463 164 is eating
1463 166 is eating
1463 15 is thinking
1464 108 is sleeping
1465 17 is thinking
1465 9 is thinking
1467 106 is sleeping
1468 11 is thinking
1468 167 is eating
1468 181 is eating
1468 196 has taken a fork
1471 114 is sleeping
1472 176 is eating
1473 168 is eating
1475 115 is sleeping
1476 198 has taken a fork
1476 177 is eating
1477 8 is thinking
1478 13 is thinking
1478 110 is sleeping
1478 107 is sleeping
1478 179 is eating
1478 188 has taken a fork
1478 7 has taken a fork
1478 189 has taken a fork
1478 174 is eating
1478 5 has taken a fork
1479 23 is thinking
1479 180 is eating
1480 193 has taken a fork
1480 190 has taken a fork
1480 121 is sleeping
1483 12 is thinking
1483 119 is sleeping
1484 3 has taken a fork
1485 1 has taken a fork
1485 4 has taken a fork
1486 178 is eating
1487 10 has taken a fork
1487 112 is sleeping
1487 20 is thinking
1487 197 has taken a fork
1487 2 has taken a fork
1487 6 has taken a fork
1487 192 has taken a fork
1487 194 has taken a fork
1487 195 has taken a fork
1487 183 is eating
1487 187 is eating
1487 186 is eating
1487 182 is eating
1487 184 is eating
1487 191 is eating
1487 14 has taken a fork
1488 185 is eating
1488 15 has taken a fork
1488 17 has taken a fork
1488 9 has taken a fork
1488 11 has taken a fork
1488 196 has taken a fork
1488 21 is thinking
1488 198 has taken a fork
1488 8 has taken a fork
1488 13 has taken a fork
1488 18 is thinking
1489 188 is eating
1489 7 has taken a fork
1489 189 is eating
1490 5 has taken a fork
1490 23 has taken a fork
1491 16 is thinking
1491 193 is eating
1491 24 is thinking
1491 33 is thinking
1491 190 is eating
1492 26 is thinking
1492 25 is thinking
1493 27 is thinking
1493 22 is thinking
1493 31 is thinking
1493 34 is thinking
1496 12 has taken a fork
1497 3 has taken a fork
1497 118 is sleeping
1498 1 has taken a fork
1498 4 has taken a fork
1499 117 is sleeping
1500 10 has taken a fork
1501 20 has taken a fork
1501 197 is eating
1501 2 has taken a fork
1501 6 has taken a fork
1501 192 is eating
1501 194 is eating
1502 195 is eating
1502 14 has taken a fork
1502 120 is sleeping
1503 116 is sleeping
1503 122 is sleeping
1503 15 has taken a fork
1504 17 has taken a fork
1504 9 has taken a fork
1505 11 has taken a fork
1505 196 is eating
1506 21 has taken a fork
1509 198 is eating
1511 8 has taken a fork
1511 13 has taken a fork
1511 18 has taken a fork
1511 126 is sleeping
1511 7 is eating
1511 5 is eating
1511 23 has taken a fork
1512 16 has taken a fork
1512 24 has taken a fork
1512 33 has taken a fork
1512 26 has taken a fork
1513 35 is thinking
1513 127 is sleeping
1513 25 has taken a fork
1515 123 is sleeping
1515 125 is sleeping
1516 22 has taken a fork
1517 129 is sleeping
1517 27 has taken a fork
1517 31 has taken a fork
1518 32 is thinking
1518 12 has taken a fork
1518 124 is sleeping
1518 34 has taken a fork
1519 3 is eating
1520 1 is eating
1520 4 is eating
1521 10 is eating
1521 20 has taken a fork
1522 2 is eating
1524 6 is eating
1524 14 is eating
1524 28 is thinking
1524 29 is thinking
1525 30 is thinking
1525 15 is eating
1526 17 is eating
1528 9 is eating
1528 130 is sleeping
1528 11 is eating
1528 21 has taken a fork
1528 128 is sleeping
1528 37 is thinking
1528 19 is thinking
1529 51 is thinking
1529 8 is eating
1530 40 is thinking
1530 133 is sleeping
1530 137 is sleeping
1530 48 is thinking
1531 13 is eating
1531 18 has taken a fork
1531 23 is eating
1531 16 has taken a fork
1532 24 has taken a fork
1532 132 is sleeping
1532 33 has taken a fork
1532 26 has taken a fork
1532 35 has taken a fork
1533 38 is thinking
1533 39 is thinking
1533 25 has taken a fork
1534 41 is thinking
1534 50 is thinking
1534 44 is thinking
1534 36 is thinking
1535 53 is thinking
1535 45 is thinking
1535 47 is thinking
1535 43 is thinking
1535 42 is thinking
1535 52 is thinking
1536 55 is thinking
1536 54 is thinking
1536 22 has taken a fork
1536 58 is thinking
1536 46 is thinking
1537 63 is thinking
1537 49 is thinking
1537 27 has taken a fork
1537 31 has taken a fork
1538 56 is thinking
1538 32 has taken a fork
1538 12 is eating
1538 34 has taken a fork
1539 60 is thinking
1539 65 is thinking
1540 57 is thinking
1540 75 is thinking
1540 61 is thinking
1540 71 is thinking
1540 68 is thinking
1540 66 is thinking
1540 20 is eating
1540 59 is thinking
1540 136 is sleeping
1540 70 is thinking
1540 135 is sleeping
1540 64 is thinking
1541 73 is thinking
1541 28 has taken a fork
1541 67 is thinking
1541 69 is thinking
1541 29 has taken a fork
1541 77 is thinking
1542 30 has taken a fork
1542 144 is sleeping
1542 74 is thinking
1542 131 is sleeping
1542 62 is thinking
1543 79 is thinking
1544 72 is thinking
1544 147 is sleeping
1544 153 is sleeping
1544 76 is thinking
1544 134 is sleeping
1544 142 is sleeping
1544 139 is sleeping
1544 21 is eating
1544 37 has taken a fork
1544 19 has taken a fork
1544 78 is thinking
1544 51 has taken a fork
1544 150 is sleeping
1544 143 is sleeping
1545 149 is sleeping
1545 85 is thinking
1545 145 is sleeping
1545 155 is sleeping
1545 40 has taken a fork
1545 141 is sleeping
1545 138 is sleeping
1545 140 is sleeping
1545 82 is thinking
1546 146 is sleeping
1546 80 is thinking
1546 48 has taken a fork
1546 18 is eating
1546 16 is eating
1546 24 is eating
1546 154 is sleeping
1546 87 is thinking
1546 157 is sleeping
1547 33 is eating
1547 26 is eating
1547 35 has taken a fork
1548 81 is thinking
1548 160 is sleeping
1549 152 is sleeping
1549 151 is sleeping
1549 38 has taken a fork
1549 39 has taken a fork
1549 25 is eating
1550 158 is sleeping
1550 161 is sleeping
1551 41 has taken a fork
1552 159 is sleeping
1552 148 is sleeping
1553 84 is thinking
1553 89 is thinking
1553 50 has taken a fork
1553 44 has taken a fork
1554 36 has taken a fork
1554 163 is sleeping
1554 53 has taken a fork
1554 172 is sleeping
1554 156 is sleeping
1555 175 is sleeping
1555 170 is sleeping
1555 45 has taken a fork
1555 47 has taken a fork
1555 43 has taken a fork
1555 42 has taken a fork
1556 52 has taken a fork
1556 169 is sleeping
1557 55 has taken a fork
1557 54 has taken a fork
1557 22 is eating
1557 58 has taken a fork
1558 46 has taken a fork
1558 63 has taken a fork
1559 49 has taken a fork
1559 83 is thinking
1559 165 is sleeping
1560 93 is thinking
1560 27 is eating
1561 31 is eating
1562 173 is sleeping
1562 56 has taken a fork
1562 171 is sleeping
1562 32 has taken a fork
1563 88 is thinking
1563 162 is sleeping
1563 34 is eating
1563 60 has taken a fork
1564 164 is sleeping
1564 166 is sleeping
1564 65 has taken a fork
1564 91 is thinking
1564 57 has taken a fork
1565 92 is thinking
1565 75 has taken a fork
1565 61 has taken a fork
1566 95 is thinking
1567 71 has taken a fork
1567 97 is thinking
1567 68 has taken a fork
1569 66 has taken a fork
1569 59 has taken a fork
1569 70 has taken a fork
1569 64 has taken a fork
1569 73 has taken a fork
1569 28 has taken a fork
1569 67 has taken a fork
1569 69 has taken a fork
1569 29 has taken a fork
1569 77 has taken a fork
1569 167 is sleeping
1569 181 is sleeping
1569 30 has taken a fork
1569 74 has taken a fork
1570 62 has taken a fork
1570 37 has taken a fork
1570 19 has taken a fork
1571 51 has taken a fork
1571 176 is sleeping
1571 94 is thinking
1571 86 is thinking
1571 96 is thinking
1571 40 has taken a fork
1571 79 has taken a fork
1572 168 is sleeping
1572 72 has taken a fork
1572 48 has taken a fork
1572 99 is thinking
1572 177 is sleeping
1573 76 has taken a fork
1573 90 is thinking
1574 35 is eating
1574 179 is sleeping
1575 78 has taken a fork
1575 98 is thinking
1575 38 has taken a fork
1578 39 has taken a fork
1578 174 is sleeping
1578 180 is sleeping
1579 85 has taken a fork
1579 82 has taken a fork
1579 41 has taken a fork
1579 101 is thinking
1580 50 has taken a fork
1580 44 has taken a fork
1581 36 has taken a fork
1582 100 is thinking
1583 53 has taken a fork
1583 178 is sleeping
1583 80 has taken a fork
1584 45 has taken a fork
1584 47 has taken a fork
1585 43 has taken a fork
1585 42 has taken a fork
1585 52 has taken a fork
1586 109 is thinking
1586 103 is thinking
1586 183 is sleeping
1586 87 has taken a fork
1587 55 has taken a fork
1587 54 has taken a fork
1587 58 has taken a fork
1587 186 is sleeping
1588 81 has taken a fork
1588 184 is sleeping
1588 84 has taken a fork
1588 182 is sleeping
1588 185 is sleeping
1588 89 has taken a fork
1588 187 is sleeping
1588 46 has taken a fork
1588 63 has taken a fork
1588 191 is sleeping
1589 102 is thinking
1589 104 is thinking
1589 105 is thinking
1589 113 is thinking
1590 49 has taken a fork
1590 83 has taken a fork
1590 93 has taken a fork
1590 111 is thinking
1591 56 has taken a fork
1591 32 is eating
1591 188 is sleeping
1591 88 has taken a fork
1591 60 has taken a fork
1592 189 is sleeping
1592 108 is thinking
1592 65 has taken a fork
1592 91 has taken a fork
1592 57 has taken a fork
1592 92 has taken a fork
1593 75 has taken a fork
1593 61 has taken a fork
1593 193 is sleeping
1594 190 is sleeping
1594 95 has taken a fork
1594 71 has taken a fork
1594 106 is thinking
1594 97 has taken a fork
1594 68 has taken a fork
1594 66 has taken a fork
1594 59 has taken a fork
1594 70 has taken a fork
1594 64 has taken a fork
1594 73 has taken a fork
1595 28 is eating
1595 67 has taken a fork
1595 69 has taken a fork
1595 29 is eating
1595 77 has taken a fork
1595 30 is eating
1595 74 has taken a fork
1595 62 has taken a fork
1595 37 is eating
1596 19 is eating
1596 114 is thinking
1596 51 is eating
1597 40 is eating
1597 79 has taken a fork
1597 72 has taken a fork
1597 48 is eating
1597 197 is sleeping
1597 76 has taken a fork
1597 94 has taken a fork
1597 192 is sleeping
1597 86 has taken a fork
1597 194 is sleeping
1598 96 has taken a fork
1598 195 is sleeping
1598 115 is thinking
1598 99 has taken a fork
1598 78 has taken a fork
1598 38 is eating
1598 107 is thinking
1598 196 is sleeping
1599 90 has taken a fork
1599 110 is thinking
1599 39 is eating
1599 85 has taken a fork
1599 82 has taken a fork
1599 41 is eating
1599 121 is thinking
1600 50 is eating
1600 198 is sleeping
1600 44 is eating
1601 98 has taken a fork
1601 36 is eating
1601 7 is sleeping
1601 101 has taken a fork
1601 53 is eating
1601 5 is sleeping
1601 119 is thinking
1601 80 has taken a fork
1601 100 has taken a fork
1601 45 is eating
1601 47 is eating
1601 43 is eating
1601 42 is eating
1601 52 is eating
1602 87 has taken a fork
1602 55 is eating
1602 54 is eating
1602 112 is thinking
1602 3 is sleeping
1602 109 has taken a fork
1602 58 is eating
1602 1 is sleeping
1603 81 has taken a fork
1603 84 has taken a fork
1603 103 has taken a fork
1603 89 has taken a fork
1603 46 is eating
1603 63 is eating
1603 4 is sleeping
1603 102 has taken a fork
1603 10 is sleeping
1603 104 has taken a fork
1603 49 is eating
1603 83 has taken a fork
1603 93 has taken a fork
1604 56 is eating
1604 2 is sleeping
1604 105 has taken a fork
1605 88 has taken a fork
1605 60 is eating
1605 6 is sleeping
1605 65 is eating
1605 91 has taken a fork
1606 57 is eating
1606 113 has taken a fork
1606 92 has taken a fork
1607 14 is sleeping
1607 111 has taken a fork
1607 75 is eating
1607 61 is eating
1608 95 has taken a fork
1609 71 is eating
1610 97 has taken a fork
1610 68 is eating
1610 66 is eating
1611 59 is eating
1611 70 is eating
1611 15 is sleeping
1611 64 is eating
1611 73 is eating
1611 108 has taken a fork
1612 67 is eating
1612 69 is eating
1613 77 is eating
1613 74 is eating
1613 62 is eating
1613 17 is sleeping
1615 106 has taken a fork
1616 79 is eating
1616 72 is eating
1617 9 is sleeping
1618 114 has taken a fork
1618 118 is thinking
1618 76 is eating
1618 94 has taken a fork
1619 86 has taken a fork
1619 96 has taken a fork
1619 99 has taken a fork
1619 78 is eating
1619 11 is sleeping
1620 115 has taken a fork
1620 117 is thinking
1621 90 has taken a fork
1621 85 is eating
1622 82 is eating
1622 98 has taken a fork
1622 101 has taken a fork
1622 80 is eating
1623 100 has taken a fork
1623 87 is eating
1624 120 is thinking
1626 109 has taken a fork
1626 8 is sleeping
1626 107 has taken a fork
1626 122 is thinking
1627 116 is thinking
1628 81 is eating
1628 84 is eating
1628 103 has taken a fork
1628 89 is eating
1628 102 has taken a fork
1628 104 has taken a fork
1628 83 is eating
1628 93 is eating
1628 105 has taken a fork
1628 88 is eating
1628 13 is sleeping
1628 23 is sleeping
1628 110 has taken a fork
1628 91 is eating
1628 121 has taken a fork
1633 113 has taken a fork
1633 92 is eating
1633 111 has taken a fork
1633 95 is eating
1633 97 is eating
1633 12 is sleeping
1633 119 has taken a fork
1633 126 is thinking
1633 108 has taken a fork
1634 127 is thinking
1634 20 is sleeping
1635 112 has taken a fork
1636 123 is thinking
1636 125 is thinking
1637 106 has taken a fork
1637 21 is sleeping
1638 18 is sleeping
1639 129 is thinking
1639 124 is thinking
1639 114 has taken a fork
1640 118 has taken a fork
1640 94 is eating
1640 86 is eating
1641 16 is sleeping
1641 33 is sleeping
1641 24 is sleeping
1641 96 is eating
1641 99 is eating
1641 115 has taken a fork
1641 26 is sleeping
1641 117 has taken a fork
1641 25 is sleeping
1641 90 is eating
1641 98 is eating
1642 101 is eating
1643 100 is eating
1643 120 has taken a fork
1643 22 is sleeping
1643 109 is eating
1643 107 has taken a fork
1643 122 has taken a fork
1645 27 is sleeping
1645 116 has taken a fork
1645 31 is sleeping
1645 128 is thinking
1645 103 is eating
1645 102 is eating
1646 104 is eating
1647 105 is eating
1647 110 has taken a fork
1647 121 has taken a fork
1647 130 is thinking
1648 137 is thinking
1648 34 is sleeping
1648 132 is thinking
1648 133 is thinking
1649 113 is eating
1649 111 is eating
1649 119 has taken a fork
1650 126 has taken a fork
1651 108 is eating
1651 127 has taken a fork
1651 112 has taken a fork
1651 123 has taken a fork
1652 125 has taken a fork
1652 106 is eating
1654 129 has taken a fork
1655 124 has taken a fork
1656 114 is eating
1656 135 is thinking
1656 136 is thinking
1657 118 has taken a fork
1657 115 is eating
1658 117 has taken a fork
1658 131 is thinking
1658 144 is thinking
1659 120 has taken a fork
1659 107 is eating
1660 142 is thinking
1660 147 is thinking
1660 143 is thinking
1660 134 is thinking
1660 153 is thinking
1660 122 has taken a fork
1661 35 is sleeping
1661 139 is thinking
1661 145 is thinking
1661 141 is thinking
1662 140 is thinking
1662 150 is thinking
1662 116 has taken a fork
1662 138 is thinking
1662 149 is thinking
1662 155 is thinking
1662 128 has taken a fork
1662 146 is thinking
1662 154 is thinking
1662 157 is thinking
1663 110 is eating
1663 121 is eating
1663 160 is thinking
1663 151 is thinking
1663 152 is thinking
1663 119 is eating
1663 158 is thinking
1664 126 has taken a fork
1664 161 is thinking
1664 127 has taken a fork
1664 112 is eating
1664 123 has taken a fork
1665 125 has taken a fork
1665 159 is thinking
1665 148 is thinking
1665 172 is thinking
1665 163 is thinking
1666 156 is thinking
1666 129 has taken a fork
1666 175 is thinking
1667 170 is thinking
1667 32 is sleeping
1667 124 has taken a fork
1667 130 has taken a fork
1667 169 is thinking
1668 118 is eating
1668 117 is eating
1668 165 is thinking
1668 30 is sleeping
1668 120 is eating
1668 122 is eating
1668 28 is sleeping
1668 132 has taken a fork
1668 29 is sleeping
1668 137 has taken a fork
1668 133 has taken a fork
1669 19 is sleeping
1669 171 is thinking
1669 135 has taken a fork
1669 37 is sleeping
1669 136 has taken a fork
1669 116 is eating
1669 173 is thinking
1669 128 has taken a fork
1670 162 is thinking
1670 51 is sleeping
1670 131 has taken a fork
1670 164 is thinking
1670 126 is eating
1670 166 is thinking
1671 40 is sleeping
1672 144 has taken a fork
1673 127 is eating
1673 123 is eating
1673 48 is sleeping
1673 125 is eating
1674 142 has taken a fork
1674 129 is eating
1675 38 is sleeping
1677 39 is sleeping
1677 44 is sleeping
1677 143 has taken a fork
1677 41 is sleeping
1677 147 has taken a fork
1677 134 has taken a fork
1677 153 has taken a fork
1677 124 is eating
1678 130 has taken a fork
1678 42 is sleeping
1678 45 is sleeping
1678 145 has taken a fork
1678 141 has taken a fork
1678 139 has taken a fork
1678 36 is sleeping
1678 140 has taken a fork
1679 43 is sleeping
1680 150 has taken a fork
1680 132 has taken a fork
1680 137 has taken a fork
1681 133 has taken a fork
1681 58 is sleeping
1681 53 is sleeping
1681 52 is sleeping
1681 50 is sleeping
1682 47 is sleeping
1682 181 is thinking
1682 135 has taken a fork
1683 54 is sleeping
1683 154 has taken a fork
1683 167 is thinking
1683 136 has taken a fork
1683 55 is sleeping
1683 157 has taken a fork
1683 149 has taken a fork
1683 138 has taken a fork
1683 155 has taken a fork
1683 146 has taken a fork
1684 128 is eating
1684 49 is sleeping
1684 160 has taken a fork
1685 63 is sleeping
1685 46 is sleeping
1686 151 has taken a fork
1686 152 has taken a fork
1686 131 has taken a fork
1686 56 is sleeping
1686 158 has taken a fork
1686 176 is thinking
1686 177 is thinking
1686 65 is sleeping
1686 168 is thinking
1687 161 has taken a fork
1687 60 is sleeping
1688 144 has taken a fork
1688 159 has taken a fork
1688 57 is sleeping
1689 148 has taken a fork
1689 142 has taken a fork
1689 179 is thinking
1689 172 has taken a fork
1689 61 is sleeping
1689 71 is sleeping
1689 68 is sleeping
1689 163 has taken a fork
1689 66 is sleeping
1690 75 is sleeping
1690 175 has taken a fork
1690 170 has taken a fork
1690 59 is sleeping
1690 70 is sleeping
1691 165 has taken a fork
1691 73 is sleeping
1691 171 has taken a fork
1691 169 has taken a fork
1692 156 has taken a fork
1692 67 is sleeping
1692 64 is sleeping
1692 173 has taken a fork
1692 77 is sleeping
1692 164 has taken a fork
1693 162 has taken a fork
1693 143 has taken a fork
1693 147 has taken a fork
1693 134 has taken a fork
1693 153 has taken a fork
1693 69 is sleeping
1693 62 is sleeping
1693 174 is thinking
1694 74 is sleeping
1694 180 is thinking
1694 130 is eating
1694 166 has taken a fork
1694 145 has taken a fork
1695 141 has taken a fork
1695 139 has taken a fork
1695 140 has taken a fork
1695 150 has taken a fork
1695 132 is eating
1695 137 is eating
1695 133 is eating
1695 72 is sleeping
1695 79 is sleeping
1696 181 has taken a fork
1696 135 is eating
1696 178 is thinking
1696 76 is sleeping
1696 154 has taken a fork
1696 167 has taken a fork
1696 136 is eating
1696 157 has taken a fork
1696 149 has taken a fork
1696 138 has taken a fork
1696 155 has taken a fork
1696 146 has taken a fork
1696 160 has taken a fork
1696 78 is sleeping
1696 82 is sleeping
1696 85 is sleeping
1697 151 has taken a fork
1697 183 is thinking
1697 152 has taken a fork
1697 131 is eating
1697 158 has taken a fork
1698 176 has taken a fork
1698 177 has taken a fork
1698 168 has taken a fork
1698 161 has taken a fork
1698 187 is thinking
1698 184 is thinking
1698 182 is thinking
1698 185 is thinking
1699 191 is thinking
1699 186 is thinking
1700 144 is eating
1700 159 has taken a fork
1701 148 has taken a fork
1701 142 is eating
1701 179 has taken a fork
1701 172 has taken a fork
1702 80 is sleeping
1702 163 has taken a fork
1702 87 is sleeping
1702 175 has taken a fork
1702 170 has taken a fork
1702 165 has taken a fork
1702 171 has taken a fork
1702 188 is thinking
1702 169 has taken a fork
1702 156 has taken a fork
1702 173 has taken a fork
1702 189 is thinking
1703 164 has taken a fork
1703 81 is sleeping
1703 162 has taken a fork
1703 89 is sleeping
1704 84 is sleeping
1704 143 is eating
1704 147 is eating
1704 193 is thinking
1704 134 is eating
1705 153 is eating
1705 174 has taken a fork
1705 93 is sleeping
1705 190 is thinking
1705 83 is sleeping
1706 180 has taken a fork
1706 166 has taken a fork
1706 145 is eating
1706 141 is eating
1706 139 is eating
1706 140 is eating
1706 150 is eating
1706 181 has taken a fork
1706 91 is sleeping
1707 178 has taken a fork
1707 154 is eating
1707 167 has taken a fork
1707 157 is eating
1707 149 is eating
1708 88 is sleeping
1708 138 is eating
1708 155 is eating
1708 146 is eating
1708 160 is eating
1709 197 is thinking
1709 194 is thinking
1709 151 is eating
1710 192 is thinking
1710 152 is eating
1710 183 has taken a fork
1710 158 is eating
1710 196 is thinking
1710 176 has taken a fork
1710 195 is thinking
1710 177 has taken a fork
1710 168 has taken a fork
1710 161 is eating
1710 187 has taken a fork
1710 184 has taken a fork
1710 182 has taken a fork
1711 185 has taken a fork
1712 92 is sleeping
1712 191 has taken a fork
1712 186 has taken a fork
1712 198 is thinking
1712 97 is sleeping
1712 95 is sleeping
1712 159 is eating
1712 7 is thinking
1712 5 is thinking
1712 148 is eating
1712 179 has taken a fork
1712 172 is eating
1712 1 is thinking
1712 3 is thinking
1713 163 is eating
1713 175 is eating
1713 170 is eating
1713 165 is eating
1713 171 is eating
1713 188 has taken a fork
1713 169 is eating
1714 156 is eating
1714 173 is eating
1714 189 has taken a fork
1715 164 is eating
1715 4 is thinking
1715 10 is thinking
1716 162 is eating
1716 2 is thinking
1716 193 has taken a fork
1716 6 is thinking
1716 174 has taken a fork
1716 190 has taken a fork
1716 180 has taken a fork
1716 166 is eating
1716 181 is eating
1716 94 is sleeping
1717 178 has taken a fork
1717 167 is eating
1718 99 is sleeping
1718 96 is sleeping
1720 14 is thinking
1722 86 is sleeping
1722 197 has taken a fork
1722 194 has taken a fork
1722 192 has taken a fork
1722 183 has taken a fork
1723 90 is sleeping
1723 196 has taken a fork
1723 176 is eating
1723 195 has taken a fork
1723 177 is eating
1723 168 is eating
1723 187 has taken a fork
1723 184 has taken a fork
1724 182 has taken a fork
1724 185 has taken a fork
1724 98 is sleeping
1724 15 is thinking
1724 101 is sleeping
1724 191 has taken a fork
1724 186 has taken a fork
1725 198 has taken a fork
1725 7 has taken a fork
1725 179 is eating
1725 17 is thinking
1725 100 is sleeping
1726 188 has taken a fork
1726 189 has taken a fork
1726 5 has taken a fork
1726 109 is sleeping
1727 1 has taken a fork
1727 193 has taken a fork
1727 190 has taken a fork
1728 180 is eating
1728 174 is eating
1728 9 is thinking
1728 178 is eating
1729 102 is sleeping
1729 103 is sleeping
1729 3 has taken a fork
1730 10 has taken a fork
1730 104 is sleeping
1730 4 has taken a fork
1730 11 is thinking
1732 105 is sleeping
1733 2 has taken a fork
1733 111 is sleeping
1733 6 has taken a fork
1733 113 is sleeping
1733 197 has taken a fork
1733 194 has taken a fork
1734 14 has taken a fork
1734 192 has taken a fork
1735 183 is eating
1736 196 has taken a fork
1736 108 is sleeping
1736 195 has taken a fork
1736 187 is eating
1736 184 is eating
1736 182 is eating
1737 185 is eating
1738 15 has taken a fork
1738 191 is eating
1738 186 is eating
1738 106 is sleeping
1738 198 has taken a fork
1738 7 has taken a fork
1738 17 has taken a fork
1738 8 is thinking
1739 188 is eating
1739 189 is eating
1739 5 has taken a fork
1739 114 is sleeping
1739 1 has taken a fork
1739 193 is eating
1739 190 is eating
1739 115 is sleeping
1740 23 is thinking
1740 13 is thinking
1741 9 has taken a fork
1741 3 has taken a fork
1741 10 has taken a fork
1741 4 has taken a fork
1741 11 has taken a fork
1742 107 is sleeping
1742 2 has taken a fork
1742 12 is thinking
1743 6 has taken a fork
1743 197 is eating
1743 194 is eating
1743 20 is thinking
1743 110 is sleeping
1743 14 has taken a fork
1743 121 is sleeping
1744 192 is eating
1744 196 is eating
1744 195 is eating
1744 21 is thinking
1745 119 is sleeping
1745 15 has taken a fork
1746 18 is thinking
1746 198 is eating
1747 7 is eating
1747 17 has taken a fork
1748 8 has taken a fork
1749 112 is sleeping
1750 5 is eating
1750 1 is eating
1750 23 has taken a fork
1751 26 is thinking
1753 9 has taken a fork
1753 3 is eating
1754 13 has taken a fork
1754 25 is thinking
1754 16 is thinking
1755 10 is eating
1755 24 is thinking
1755 4 is eating
1756 33 is thinking
1756 11 has taken a fork
1756 2 is eating
1757 12 has taken a fork
1757 6 is eating
1757 22 is thinking
1758 118 is sleeping
1758 20 has taken a fork
1759 14 is eating
1759 117 is sleeping
1759 21 has taken a fork
1759 31 is thinking
1759 15 is eating
1761 27 is thinking
1762 120 is sleeping
1763 122 is sleeping
1763 18 has taken a fork
1763 17 is eating
1763 8 has taken a fork
1764 116 is sleeping
1764 34 is thinking
1765 23 has taken a fork
1765 26 has taken a fork
1766 126 is sleeping
1766 9 is eating
1766 127 is sleeping
1767 13 has taken a fork
1768 25 has taken a fork
1768 16 has taken a fork
1768 123 is sleeping
1768 125 is sleeping
1769 24 has taken a fork
1769 33 has taken a fork
1769 11 is eating
1769 129 is sleeping
1770 12 has taken a fork
1771 22 has taken a fork
1772 124 is sleeping
1773 20 has taken a fork
1773 21 has taken a fork
1773 31 has taken a fork
1774 35 is thinking
1774 27 has taken a fork
1774 18 has taken a fork
1777 8 is eating
1778 34 has taken a fork
1778 128 is sleeping
1778 23 is eating
1778 26 has taken a fork
1779 32 is thinking
1780 13 is eating
1780 29 is thinking
1781 25 has taken a fork
1782 30 is thinking
1785 28 is thinking
1785 16 has taken a fork
1786 37 is thinking
1787 19 is thinking
1787 24 has taken a fork
1787 33 has taken a fork
1788 12 is eating
1788 51 is thinking
1788 40 is thinking
1789 22 has taken a fork
1790 48 is thinking
1790 20 is eating
1791 21 is eating
1791 31 has taken a fork
1792 35 has taken a fork
1792 27 has taken a fork
1792 130 is sleeping
1792 38 is thinking
1792 18 is eating
1793 44 is thinking
1793 36 is thinking
1793 34 has taken a fork
1794 45 is thinking
1794 42 is thinking
1794 41 is thinking
1794 39 is thinking
1794 132 is sleeping
1794 133 is sleeping
1794 137 is sleeping
1794 135 is sleeping
1794 43 is thinking
1794 26 is eating
1794 32 has taken a fork
1795 136 is sleeping
1795 131 is sleeping
1795 29 has taken a fork
1795 25 is eating
1795 52 is thinking
1795 50 is thinking
1796 47 is thinking
1796 53 is thinking
1796 58 is thinking
1796 144 is sleeping
1796 30 has taken a fork
1796 54 is thinking
1797 142 is sleeping
1797 55 is thinking
1797 49 is thinking
1797 28 has taken a fork
1798 16 is eating
1798 56 is thinking
1799 143 is sleeping
1799 65 is thinking
1800 134 is sleeping
1800 37 has taken a fork
1800 147 is sleeping
1800 140 is sleeping
1801 145 is sleeping
1801 141 is sleeping
1801 60 is thinking
1801 63 is thinking
1801 46 is thinking
1802 139 is sleeping
1802 19 has taken a fork
1802 150 is sleeping
1802 153 is sleeping
1802 24 is eating
1802 33 is eating
1803 149 is sleeping
1803 157 is sleeping
1803 57 is thinking
1803 154 is sleeping
1803 51 has taken a fork
1803 40 has taken a fork
1804 71 is thinking
1804 138 is sleeping
1804 61 is thinking
1804 146 is sleeping
1804 155 is sleeping
1805 68 is thinking
1805 22 is eating
1805 151 is sleeping
1805 75 is thinking
1805 152 is sleeping
1805 48 has taken a fork
1805 161 is sleeping
1805 59 is thinking
1805 66 is thinking
1805 73 is thinking
1805 158 is sleeping
1805 70 is thinking
1806 31 is eating
1806 35 has taken a fork
1806 67 is thinking
1806 160 is sleeping
1806 64 is thinking
1806 27 is eating
1806 77 is thinking
1806 38 has taken a fork
1806 69 is thinking
1806 44 has taken a fork
1806 36 has taken a fork
1806 159 is sleeping
1807 148 is sleeping
1807 172 is sleeping
1807 34 is eating
1807 163 is sleeping
1807 74 is thinking
1808 45 has taken a fork
1808 42 has taken a fork
1808 41 has taken a fork
1809 39 has taken a fork
1809 175 is sleeping
1809 170 is sleeping
1809 43 has taken a fork
1809 32 has taken a fork
1809 62 is thinking
1809 79 is thinking
1809 72 is thinking
1809 169 is sleeping
1810 171 is sleeping
1810 165 is sleeping
1810 29 has taken a fork
1810 52 has taken a fork
1810 173 is sleeping
1810 85 is thinking
1810 50 has taken a fork
1810 47 has taken a fork
1810 53 has taken a fork
1810 164 is sleeping
1810 58 has taken a fork
1810 76 is thinking
1810 156 is sleeping
1810 30 has taken a fork
1810 78 is thinking
1812 82 is thinking
1813 54 has taken a fork
1813 166 is sleeping
1813 162 is sleeping
1813 55 has taken a fork
1814 49 has taken a fork
1814 28 has taken a fork
1814 56 has taken a fork
1814 181 is sleeping
1814 65 has taken a fork
1814 167 is sleeping
1814 37 has taken a fork
1814 60 has taken a fork
1814 63 has taken a fork
1814 46 has taken a fork
1814 80 is thinking
1815 87 is thinking
1815 19 has taken a fork
1816 81 is thinking
1816 57 has taken a fork
1817 89 is thinking
1817 51 has taken a fork
1817 40 has taken a fork
1817 84 is thinking
1817 71 has taken a fork
1817 61 has taken a fork
1817 168 is sleeping
1817 176 is sleeping
1817 93 is thinking
1817 68 has taken a fork
1817 177 is sleeping
1817 75 has taken a fork
1817 48 has taken a fork
1818 59 has taken a fork
1818 66 has taken a fork
1818 73 has taken a fork
1818 70 has taken a fork
1818 83 is thinking
1819 35 is eating
1820 67 has taken a fork
1820 64 has taken a fork
1820 77 has taken a fork
1820 38 has taken a fork
1820 69 has taken a fork
1820 44 has taken a fork
1820 36 has taken a fork
1820 179 is sleeping
1821 91 is thinking
1822 74 has taken a fork
1822 88 is thinking
1822 45 has taken a fork
1822 42 has taken a fork
1822 41 has taken a fork
1822 39 has taken a fork
1822 43 has taken a fork
1822 32 is eating
1824 62 has taken a fork
1824 79 has taken a fork
1824 72 has taken a fork
1824 29 is eating
1824 52 has taken a fork
1824 85 has taken a fork
1824 50 has taken a fork
1824 47 has taken a fork
1824 53 has taken a fork
1824 58 has taken a fork
1824 76 has taken a fork
1824 30 is eating
1824 180 is sleeping
1825 174 is sleeping
1825 97 is thinking
1825 92 is thinking
1825 95 is thinking
1826 178 is sleeping
1827 82 has taken a fork
1828 54 has taken a fork
1828 78 has taken a fork
1829 55 has taken a fork
1829 49 has taken a fork
1829 28 is eating
1830 56 has taken a fork
1830 65 has taken a fork
1830 37 is eating
1831 60 has taken a fork
1831 63 has taken a fork
1831 46 has taken a fork
1831 80 has taken a fork
1831 19 is eating
1831 183 is sleeping
1831 87 has taken a fork
1832 94 is thinking
1832 57 has taken a fork
1833 187 is sleeping
1833 184 is sleeping
1833 89 has taken a fork
1833 51 is eating
1833 40 is eating
1833 71 has taken a fork
1833 61 has taken a fork
1834 68 has taken a fork
1834 75 has taken a fork
1834 81 has taken a fork
1834 48 is eating
1834 96 is thinking
1835 185 is sleeping
1835 182 is sleeping
1835 84 has taken a fork
1835 93 has taken a fork
1835 99 is thinking
1835 59 has taken a fork
1835 66 has taken a fork
1835 73 has taken a fork
1835 70 has taken a fork
1835 186 is sleeping
1835 83 has taken a fork
1835 191 is sleeping
1835 67 has taken a fork
1835 64 has taken a fork
1836 77 has taken a fork
1836 38 is eating
1836 69 has taken a fork
1836 44 is eating
1836 36 is eating
1836 188 is sleeping
1836 189 is sleeping
1837 91 has taken a fork
1837 86 is thinking
1837 74 has taken a fork
1837 88 has taken a fork
1837 45 is eating
1837 42 is eating
1837 41 is eating
1837 39 is eating
1837 43 is eating
1838 190 is sleeping
1839 193 is sleeping
1839 90 is thinking
1841 101 is thinking
1842 62 has taken a fork
1842 79 has taken a fork
1842 98 is thinking
1842 72 has taken a fork
1842 52 is eating
1842 85 has taken a fork
1842 50 is eating
1843 47 is eating
1843 53 is eating
1843 58 is eating
1843 76 has taken a fork
1843 97 has taken a fork
1843 92 has taken a fork
1843 95 has taken a fork
1843 109 is thinking
1843 100 is thinking
1843 197 is sleeping
1844 195 is sleeping
1844 196 is sleeping
1844 192 is sleeping
1845 194 is sleeping
1845 82 has taken a fork
1846 54 is eating
1846 103 is thinking
1847 102 is thinking
1847 78 has taken a fork
1847 198 is sleeping
1847 55 is eating
1847 49 is eating
1847 56 is eating
1848 7 is sleeping
1849 104 is thinking
1849 65 is eating
1850 60 is eating
1850 63 is eating
1850 46 is eating
1850 80 has taken a fork
1850 87 has taken a fork
1851 5 is sleeping
1851 105 is thinking
1851 94 has taken a fork
1851 1 is sleeping
1851 57 is eating
1851 113 is thinking
1851 89 has taken a fork
1851 71 is eating
1851 111 is thinking
1851 61 is eating
1851 68 is eating
1851 75 is eating
1854 81 has taken a fork
1854 96 has taken a fork
1854 84 has taken a fork
1854 93 has taken a fork
1855 99 has taken a fork
1855 59 is eating
1856 66 is eating
1857 73 is eating
1857 70 is eating
1857 83 has taken a fork
1857 64 is eating
1857 3 is sleeping
1857 10 is sleeping
1857 108 is thinking
1857 77 is eating
1858 69 is eating
1859 67 is eating
1860 91 has taken a fork
1860 86 has taken a fork
1860 74 is eating
1860 88 has taken a fork
1860 4 is sleeping
1860 2 is sleeping
1860 106 is thinking
1860 115 is thinking
1860 114 is thinking
1860 90 has taken a fork
1860 14 is sleeping
1862 6 is sleeping
1862 101 has taken a fork
1862 15 is sleeping
1867 107 is thinking
1868 62 is eating
1869 79 is eating
1871 98 has taken a fork
1871 72 is eating
1872 85 is eating
1872 110 is thinking
1874 76 is eating
1874 97 has taken a fork
1874 92 has taken a fork
1874 95 has taken a fork
1875 109 has taken a fork
1875 100 has taken a fork
1875 17 is sleeping
1875 121 is thinking
1875 119 is thinking
1876 82 is eating
1876 103 has taken a fork
1877 102 has taken a fork
1877 78 is eating
1878 9 is sleeping
1879 112 is thinking
1879 104 has taken a fork
1880 11 is sleeping
1880 80 is eating
1880 87 is eating
1881 105 has taken a fork
1882 94 has taken a fork
1882 113 has taken a fork
1883 89 is eating
1885 111 has taken a fork
1887 81 is eating
1887 96 has taken a fork
1887 84 is eating
1888 93 is eating
1888 99 has taken a fork
1888 83 is eating
1888 108 has taken a fork
1888 8 is sleeping
1893 118 is thinking
1893 23 is sleeping
1895 117 is thinking
1896 91 is eating
1896 86 has taken a fork
1896 88 is eating
1897 106 has taken a fork
1899 115 has taken a fork
1899 114 has taken a fork
1899 90 has taken a fork
1901 13 is sleeping
1901 120 is thinking
1903 101 has taken a fork
1905 116 is thinking
1906 122 is thinking
1907 20 is sleeping
1910 127 is thinking
1910 12 is sleeping
1910 126 is thinking
1911 107 has taken a fork
1911 21 is sleeping
1912 125 is thinking
1913 129 is thinking
1914 123 is thinking
1914 18 is sleeping
1914 98 has taken a fork
1914 110 has taken a fork
1914 97 is eating
1914 92 is eating
1914 95 is eating
1914 124 is thinking
1915 109 has taken a fork
1915 100 has taken a fork
1915 119 has taken a fork
1915 25 is sleeping
1915 16 is sleeping
1915 121 has taken a fork
1915 103 has taken a fork
1915 26 is sleeping
1916 102 has taken a fork
1916 128 is thinking
1916 112 has taken a fork
1916 33 is sleeping
1916 24 is sleeping
1916 104 has taken a fork
1916 105 has taken a fork
1916 22 is sleeping
1916 94 is eating
1916 113 has taken a fork
1916 31 is sleeping
1916 27 is sleeping
1916 111 has taken a fork
1916 34 is sleeping
1916 96 is eating
1916 99 is eating
1916 108 has taken a fork
1917 130 is thinking
1917 118 has taken a fork
1917 132 is thinking
1917 135 is thinking
1917 133 is thinking
1918 137 is thinking
1918 131 is thinking
1918 136 is thinking
1918 117 has taken a fork
1918 86 is eating
1918 35 is sleeping
1918 144 is thinking
1918 142 is thinking
1918 106 has taken a fork
1918 115 has taken a fork
1918 143 is thinking
1918 114 has taken a fork
1919 90 is eating
1919 134 is thinking
1919 147 is thinking
1919 140 is thinking
1919 145 is thinking
1919 141 is thinking
1919 120 has taken a fork
1919 154 is thinking
1919 157 is thinking
1920 150 is thinking
1920 149 is thinking
1920 139 is thinking
1920 32 is sleeping
1920 101 is eating
1920 153 is thinking
1921 30 is sleeping
1921 29 is sleeping
1921 138 is thinking
1921 161 is thinking
1921 158 is thinking
1922 151 is thinking
1923 152 is thinking
1923 146 is thinking
1923 155 is thinking
1923 116 has taken a fork
1923 160 is thinking
1923 122 has taken a fork
1923 28 is sleeping
1923 148 is thinking
1923 19 is sleeping
1923 169 is thinking
1923 37 is sleeping
1924 159 is thinking
1924 172 is thinking
1924 163 is thinking
1925 173 is thinking
1926 165 is thinking
1926 170 is thinking
1926 127 has taken a fork
1926 175 is thinking
1926 156 is thinking
1927 164 is thinking
1927 171 is thinking
1927 126 has taken a fork
1927 40 is sleeping
1927 51 is sleeping
1928 107 has taken a fork
1928 166 is thinking
1928 162 is thinking
1928 125 has taken a fork
1928 48 is sleeping
1928 129 has taken a fork
1928 181 is thinking
1928 167 is thinking
1928 38 is sleeping
1929 123 has taken a fork
1929 98 is eating
1929 110 has taken a fork
1929 124 has taken a fork
1929 109 is eating
1929 36 is sleeping
1930 100 is eating
1930 44 is sleeping
1931 119 has taken a fork
1931 121 has taken a fork
1931 103 is eating
1932 39 is sleeping
1932 42 is sleeping
1932 102 is eating
1933 128 has taken a fork
1933 112 has taken a fork
1933 104 is eating
1933 105 is eating
1933 41 is sleeping
1933 45 is sleeping
1934 113 is eating
1934 43 is sleeping
1934 111 is eating
1934 108 is eating
1934 130 has taken a fork
1934 176 is thinking
1934 177 is thinking
1934 118 has taken a fork
1934 168 is thinking
1935 132 has taken a fork
1935 135 has taken a fork
1935 133 has taken a fork
1935 137 has taken a fork
1935 131 has taken a fork
1935 136 has taken a fork
1936 117 has taken a fork
1936 144 has taken a fork
1936 142 has taken a fork
1936 106 is eating
1936 115 is eating
1936 143 has taken a fork
1936 114 is eating
1936 52 is sleeping
1936 134 has taken a fork
1936 147 has taken a fork
1936 140 has taken a fork
1936 145 has taken a fork
1936 141 has taken a fork
1937 120 has taken a fork
1937 154 has taken a fork
1937 157 has taken a fork
1937 150 has taken a fork
1937 179 is thinking
1938 53 is sleeping
1938 149 has taken a fork
1938 47 is sleeping
1938 139 has taken a fork
1938 50 is sleeping
1938 58 is sleeping
1938 153 has taken a fork
1938 54 is sleeping
1938 138 has taken a fork
1939 161 has taken a fork
1940 49 is sleeping
1940 55 is sleeping
1941 158 has taken a fork
1941 151 has taken a fork
1941 116 has taken a fork
1942 122 has taken a fork
1942 56 is sleeping
1943 152 has taken a fork
1943 180 is thinking
1943 174 is thinking
1943 146 has taken a fork
1943 65 is sleeping
1944 46 is sleeping
1944 178 is thinking
1944 60 is sleeping
1944 155 has taken a fork
1944 160 has taken a fork
1944 127 has taken a fork
1944 57 is sleeping
1945 148 has taken a fork
1945 63 is sleeping
1946 169 has taken a fork
1946 126 has taken a fork
1946 68 is sleeping
1946 159 has taken a fork
1946 107 is eating
1946 75 is sleeping
1946 172 has taken a fork
1947 125 has taken a fork
1947 129 has taken a fork
1947 71 is sleeping
1947 163 has taken a fork
1947 61 is sleeping
1947 173 has taken a fork
1947 123 has taken a fork
1947 110 is eating
1947 124 has taken a fork
1947 70 is sleeping
1947 59 is sleeping
1947 73 is sleeping
1947 66 is sleeping
1947 183 is thinking
1947 165 has taken a fork
1947 175 has taken a fork
1947 170 has taken a fork
1947 119 is eating
1947 156 has taken a fork
1947 121 is eating
1948 77 is sleeping
1948 164 has taken a fork
1949 69 is sleeping
1949 171 has taken a fork
1949 64 is sleeping
1950 67 is sleeping
1950 187 is thinking
1951 128 has taken a fork
1951 162 has taken a fork
1951 184 is thinking
1952 112 is eating
1953 166 has taken a fork
1953 74 is sleeping
1953 130 has taken a fork
1953 118 is eating
1953 181 has taken a fork
1953 132 has taken a fork
1953 186 is thinking
1953 191 is thinking
1953 185 is thinking
1953 182 is thinking
1953 135 has taken a fork
1953 133 has taken a fork
1953 137 has taken a fork
1953 131 has taken a fork
1954 136 has taken a fork
1954 117 is eating
1954 144 has taken a fork
1954 142 has taken a fork
1955 189 is thinking
1955 188 is thinking
1955 143 has taken a fork
1955 134 has taken a fork
1955 147 has taken a fork
1955 140 has taken a fork
1956 145 has taken a fork
1956 141 has taken a fork
1956 120 is eating
1956 154 has taken a fork
1956 157 has taken a fork
1956 150 has taken a fork
1956 190 is thinking
1957 149 has taken a fork
1957 139 has taken a fork
1957 153 has taken a fork
1957 138 has taken a fork
1957 193 is thinking
1957 79 is sleeping
1958 167 has taken a fork
1959 161 has taken a fork
1959 62 is sleeping
1959 176 has taken a fork
1960 85 is sleeping
1960 177 has taken a fork
1961 72 is sleeping
1961 158 has taken a fork
1961 168 has taken a fork
1961 151 has taken a fork
1962 76 is sleeping
1962 116 is eating
1962 179 has taken a fork
1962 122 is eating
1962 152 has taken a fork
1962 197 is thinking
1963 146 has taken a fork
1963 196 is thinking
1964 82 is sleeping
1964 192 is thinking
1964 195 is thinking
1964 180 has taken a fork
1964 155 has taken a fork
1964 160 has taken a fork
1964 127 is eating
1964 78 is sleeping
1964 148 has taken a fork
1965 174 has taken a fork
1965 194 is thinking
1965 169 has taken a fork
1965 126 is eating
1965 159 has taken a fork
1965 198 is thinking
1965 172 has taken a fork
1965 80 is sleeping
1965 178 has taken a fork
1965 125 is eating
1966 129 is eating
1966 163 has taken a fork
1967 173 has taken a fork
1967 123 is eating
1967 124 is eating
1968 165 has taken a fork
1968 175 has taken a fork
1968 170 has taken a fork
1969 156 has taken a fork
1969 87 is sleeping
1969 7 is thinking
1969 164 has taken a fork
1970 183 has taken a fork
1970 171 has taken a fork
1970 89 is sleeping
1970 187 has taken a fork
1970 5 is thinking
1970 128 is eating
1970 162 has taken a fork
1970 1 is thinking
1971 81 is sleeping
1971 184 has taken a fork
1972 166 has taken a fork
1972 130 is eating
1972 93 is sleeping
1972 181 has taken a fork
1973 132 is eating
1973 186 has taken a fork
1973 84 is sleeping
1974 135 is eating
1974 133 is eating
1974 191 has taken a fork
1974 137 is eating
1974 131 is eating
1974 83 is sleeping
1974 136 is eating
1975 185 has taken a fork
1975 144 is eating
1975 142 is eating
1975 143 is eating
1975 134 is eating
1975 147 is eating
1976 140 is eating
1976 145 is eating
1976 141 is eating
1977 154 is eating
1977 157 is eating
1977 150 is eating
1977 10 is thinking
1977 3 is thinking
1977 149 is eating
1977 139 is eating
1977 153 is eating
1978 138 is eating
1979 167 has taken a fork
1981 161 is eating
1981 91 is sleeping
1982 182 has taken a fork
1982 176 has taken a fork
1983 2 is thinking
1983 4 is thinking
1983 88 is sleeping
1985 14 is thinking
1986 189 has taken a fork
1987 177 has taken a fork
1987 158 is eating
1987 168 has taken a fork
1987 151 is eating
1987 179 has taken a fork
1989 15 is thinking
1989 6 is thinking
1989 152 is eating
1990 146 is eating
1990 180 has taken a fork
1990 155 is eating
1990 160 is eating
1990 148 is eating
1991 174 has taken a fork
1991 169 is eating
1991 159 is eating
1991 172 is eating
1992 178 has taken a fork
1992 163 is eating
1994 173 is eating
1995 165 is eating
1995 175 is eating
1996 170 is eating
1997 156 is eating
1997 164 is eating
1997 92 is sleeping
1998 97 is sleeping
1998 190 has taken a fork
1999 183 has taken a fork
1999 171 is eating
2000 95 is sleeping
2000 193 has taken a fork
2000 187 has taken a fork
2001 188 has taken a fork
2001 162 is eating
2001 184 has taken a fork
2003 166 is eating
2004 181 is eating
2004 186 has taken a fork
2005 191 has taken a fork
2006 94 is sleeping
2006 197 has taken a fork
2007 185 has taken a fork
2008 17 is thinking
2008 96 is sleeping
2009 196 has taken a fork
2009 99 is sleeping
2009 192 has taken a fork
2010 9 is thinking
2010 86 is sleeping
2011 195 has taken a fork
2011 90 is sleeping
2012 167 is eating
2012 194 has taken a fork
2012 11 is thinking
2013 101 is sleeping
2013 198 has taken a fork
2014 176 is eating
2015 182 has taken a fork
2015 109 is sleeping
2015 189 has taken a fork
2015 98 is sleeping
2016 7 has taken a fork
2016 100 is sleeping
2017 5 has taken a fork
2018 177 is eating
2018 168 is eating
2019 179 is eating
2020 1 has taken a fork
2021 103 is sleeping
2021 10 has taken a fork
2021 102 is sleeping
2021 3 has taken a fork
2021 180 is eating
2022 174 is eating
2022 104 is sleeping
2023 2 has taken a fork
2023 8 is thinking
2024 178 is eating
2025 105 is sleeping
2025 4 has taken a fork
2026 113 is sleeping
2027 111 is sleeping
2028 14 has taken a fork
2028 15 has taken a fork
2029 23 is thinking
2030 108 is sleeping
2030 6 has taken a fork
2030 114 is sleeping
2030 115 is sleeping
2030 190 has taken a fork
2030 106 is sleeping
2030 183 is eating
2030 193 has taken a fork
2030 187 is eating
2030 13 is thinking
2031 188 has taken a fork
2031 184 is eating
2032 186 is eating
2032 191 is eating
2033 197 has taken a fork
2034 20 is thinking
2035 185 is eating
2035 107 is sleeping
2036 17 has taken a fork
2037 196 has taken a fork
2038 192 has taken a fork
2038 110 is sleeping
2039 12 is thinking
2039 9 has taken a fork
2040 195 has taken a fork
2040 21 is thinking
2040 119 is sleeping
2040 194 has taken a fork
2040 121 is sleeping
2040 11 has taken a fork
2040 198 has taken a fork
2040 18 is thinking
2040 16 is thinking
2040 182 is eating
2041 25 is thinking
2041 189 is eating
2041 26 is thinking
2041 22 is thinking
2042 24 is thinking
2042 112 is sleeping
2042 7 has taken a fork
2043 33 is thinking
2045 31 is thinking
2045 34 is thinking
2047 27 is thinking
2047 5 has taken a fork
2048 35 is thinking
2048 32 is thinking
2048 1 has taken a fork
2048 29 is thinking
2048 10 has taken a fork
2048 30 is thinking
2049 3 has taken a fork
2049 37 is thinking
2049 28 is thinking
2049 2 has taken a fork
2049 19 is thinking
2049 118 is sleeping
2049 8 has taken a fork
2049 117 is sleeping
2050 4 has taken a fork
2050 40 is thinking
2050 51 is thinking
2051 14 has taken a fork
2051 38 is thinking
2052 48 is thinking
2052 15 has taken a fork
2052 120 is sleeping
2052 36 is thinking
2053 23 has taken a fork
2053 6 has taken a fork
2053 190 is eating
2053 193 is eating
2054 13 has taken a fork
2054 188 is eating
2054 44 is thinking
2055 42 is thinking
2055 45 is thinking
2055 197 is eating
2055 39 is thinking
2055 41 is thinking
2056 20 has taken a fork
2056 122 is sleeping
2056 43 is thinking
2056 116 is sleeping
2056 52 is thinking
2056 17 has taken a fork
2056 196 is eating
2056 127 is sleeping
2058 54 is thinking
2058 47 is thinking
2058 192 is eating
2058 53 is thinking
2058 126 is sleeping
2059 50 is thinking
2060 58 is thinking
2060 125 is sleeping
2060 12 has taken a fork
2060 9 has taken a fork
2060 129 is sleeping
2060 55 is thinking
2060 195 is eating
2060 49 is thinking
2061 21 has taken a fork
2061 194 is eating
2061 11 has taken a fork
2061 198 is eating
2061 18 has taken a fork
2061 16 has taken a fork
2061 124 is sleeping
2061 25 has taken a fork
2063 123 is sleeping
2063 26 has taken a fork
2063 22 has taken a fork
2063 24 has taken a fork
2063 56 is thinking
2064 7 is eating
2064 128 is sleeping
2064 65 is thinking
2064 33 has taken a fork
2064 46 is thinking
2064 57 is thinking
2064 60 is thinking
2064 130 is sleeping
2064 132 is sleeping
2065 63 is thinking
2065 31 has taken a fork
2065 34 has taken a fork
2065 136 is sleeping
2066 131 is sleeping
2066 137 is sleeping
2066 75 is thinking
2066 133 is sleeping
2068 135 is sleeping
2068 68 is thinking
2068 143 is sleeping
2068 61 is thinking
2069 70 is thinking
2069 144 is sleeping
2069 59 is thinking
2069 27 has taken a fork
2070 71 is thinking
2071 5 is eating
2071 142 is sleeping
2072 157 is sleeping
2072 134 is sleeping
2072 73 is thinking
2072 66 is thinking
2073 147 is sleeping
2073 77 is thinking
2073 35 has taken a fork
2073 145 is sleeping
2073 141 is sleeping
2073 140 is sleeping
2073 154 is sleeping
2074 32 has taken a fork
2074 1 is eating
2074 29 has taken a fork
2074 10 is eating
2074 30 has taken a fork
2074 139 is sleeping
2074 149 is sleeping
2074 153 is sleeping
2074 150 is sleeping
2074 3 is eating
2074 69 is thinking
2074 37 has taken a fork
2074 28 has taken a fork
2074 2 is eating
2075 19 has taken a fork
2075 8 has taken a fork
2075 138 is sleeping
2075 67 is thinking
2075 4 is eating
2075 40 has taken a fork
2076 51 has taken a fork
2077 14 is eating
2077 64 is thinking
2082 161 is sleeping
2082 38 has taken a fork
2082 48 has taken a fork
2083 15 is eating
2083 36 has taken a fork
2083 74 is thinking
2083 23 has taken a fork
2083 6 is eating
2083 13 has taken a fork
2083 44 has taken a fork
2083 158 is sleeping
2084 151 is sleeping
2084 42 has taken a fork
2084 45 has taken a fork
2084 39 has taken a fork
2084 41 has taken a fork
2084 152 is sleeping
2084 20 has taken a fork
2084 43 has taken a fork
2084 52 has taken a fork
2084 17 is eating
2084 79 is thinking
2084 160 is sleeping
2084 146 is sleeping
2084 155 is sleeping
2084 54 has taken a fork
2084 47 has taken a fork
2084 53 has taken a fork
2084 62 is thinking
2084 169 is sleeping
2084 148 is sleeping
2084 50 has taken a fork
2084 172 is sleeping
2084 58 has taken a fork
2084 163 is sleeping
2084 159 is sleeping
2084 12 has taken a fork
2084 9 is eating
2084 55 has taken a fork
2084 49 has taken a fork
2084 21 has taken a fork
2084 85 is thinking
2084 11 is eating
2084 72 is thinking
2084 18 has taken a fork
2086 173 is sleeping
2086 16 has taken a fork
2086 25 has taken a fork
2087 165 is sleeping
2087 175 is sleeping
2087 76 is thinking
2087 26 has taken a fork
2087 22 has taken a fork
2087 24 has taken a fork
2087 56 has taken a fork
2087 170 is sleeping
2088 78 is thinking
2088 156 is sleeping
2088 65 has taken a fork
2089 33 has taken a fork
2090 82 is thinking
2090 46 has taken a fork
2090 57 has taken a fork
2091 60 has taken a fork
2091 80 is thinking
2091 164 is sleeping
2092 63 has taken a fork
2092 31 has taken a fork
2092 34 has taken a fork
2092 171 is sleeping
2092 75 has taken a fork
2093 162 is sleeping
2093 166 is sleeping
2093 68 has taken a fork
2093 61 has taken a fork
2093 70 has taken a fork
2093 181 is sleeping
2093 87 is thinking
2093 59 has taken a fork
2093 27 has taken a fork
2093 89 is thinking
2093 81 is thinking
2093 71 has taken a fork
2093 93 is thinking
2093 66 has taken a fork
2093 84 is thinking
2093 73 has taken a fork
2093 77 has taken a fork
2093 35 has taken a fork
2093 32 has taken a fork
2093 83 is thinking
2093 29 has taken a fork
2093 30 has taken a fork
2093 69 has taken a fork
2093 37 has taken a fork
2093 28 has taken a fork
2093 19 has taken a fork
2093 8 is eating
2094 67 has taken a fork
2094 40 has taken a fork
2094 167 is sleeping
2094 51 has taken a fork
2094 176 is sleeping
2094 179 is sleeping
2095 177 is sleeping
2095 91 is thinking
2095 168 is sleeping
2095 64 has taken a fork
2095 38 has taken a fork
2095 48 has taken a fork
2095 180 is sleeping
2095 36 has taken a fork
2095 74 has taken a fork
2095 23 is eating
2095 13 is eating
2096 44 has taken a fork
2096 88 is thinking
2097 42 has taken a fork
2097 45 has taken a fork
2097 39 has taken a fork
2097 41 has taken a fork
2097 174 is sleeping
2097 20 is eating
2097 43 has taken a fork
2097 52 has taken a fork
2097 79 has taken a fork
2098 54 has taken a fork
2098 47 has taken a fork
2098 53 has taken a fork
2099 62 has taken a fork
2100 50 has taken a fork
2100 58 has taken a fork
2100 12 is eating
2100 55 has taken a fork
2100 49 has taken a fork
2100 21 is eating
2100 85 has taken a fork
2100 72 has taken a fork
2100 18 is eating
2100 178 is sleeping
2100 16 is eating
2100 25 is eating
2100 76 has taken a fork
2100 26 is eating
2100 22 is eating
2100 24 is eating
2101 56 has taken a fork
2101 78 has taken a fork
2101 65 has taken a fork
2101 183 is sleeping
2102 33 is eating
2103 82 has taken a fork
2103 187 is sleeping
2103 46 has taken a fork
2103 57 has taken a fork
2103 60 has taken a fork
2105 80 has taken a fork
2105 184 is sleeping
2105 63 has taken a fork
2106 31 is eating
2106 34 is eating
2106 75 has taken a fork
2106 191 is sleeping
2107 68 has taken a fork
2108 61 has taken a fork
2108 70 has taken a fork
2108 87 has taken a fork
2108 59 has taken a fork
2109 27 is eating
2109 89 has taken a fork
2109 81 has taken a fork
2110 71 has taken a fork
2110 93 has taken a fork
2110 66 has taken a fork
2110 73 has taken a fork
2110 77 has taken a fork
2110 35 is eating
2110 32 is eating
2111 29 is eating
2111 30 is eating
2111 69 has taken a fork
2111 37 is eating
2112 28 is eating
2112 19 is eating
2112 186 is sleeping
2112 67 has taken a fork
2112 84 has taken a fork
2112 40 is eating
2113 51 is eating
2113 185 is sleeping
2113 83 has taken a fork
2114 64 has taken a fork
2114 38 is eating
2114 48 is eating
2114 36 is eating
2114 74 has taken a fork
2114 44 is eating
2114 92 is thinking
2114 42 is eating
2114 45 is eating
2114 39 is eating
2114 41 is eating
2114 43 is eating
2114 52 is eating
2114 79 has taken a fork
2114 54 is eating
2114 47 is eating
2115 97 is thinking
2116 53 is eating
2116 62 has taken a fork
2117 50 is eating
2117 182 is sleeping
2117 58 is eating
2117 95 is thinking
2117 55 is eating
2117 49 is eating
2117 85 has taken a fork
2118 72 has taken a fork
2118 91 has taken a fork
2118 76 has taken a fork
2118 56 is eating
2119 189 is sleeping
2119 88 has taken a fork
2119 78 has taken a fork
2120 65 is eating
2120 82 has taken a fork
2120 46 is eating
2121 57 is eating
2121 60 is eating
2122 80 has taken a fork
2122 63 is eating
2122 94 is thinking
2123 75 is eating
2123 68 is eating
2123 96 is thinking
2123 61 is eating
2123 70 is eating
2123 87 has taken a fork
2123 59 is eating
2123 99 is thinking
2123 89 has taken a fork
2123 81 has taken a fork
2123 86 is thinking
2123 71 is eating
2123 93 has taken a fork
2123 66 is eating
2123 73 is eating
2123 77 is eating
2123 90 is thinking
2123 69 is eating
2123 193 is sleeping
2124 188 is sleeping
2124 190 is sleeping
2124 67 is eating
2124 84 has taken a fork
2124 101 is thinking
2125 83 has taken a fork
2125 64 is eating
2125 74 is eating
2125 92 has taken a fork
2125 79 is eating
2125 109 is thinking
2125 98 is thinking
2126 197 is sleeping
2126 97 has taken a fork
2127 100 is thinking
2127 196 is sleeping
2128 62 is eating
2128 192 is sleeping
2128 95 has taken a fork
2129 85 is eating
2129 72 is eating
2129 91 has taken a fork
2129 76 is eating
2129 88 has taken a fork
2130 78 is eating
2130 195 is sleeping
2130 194 is sleeping
2130 82 is eating
2130 102 is thinking
2130 103 is thinking
2130 104 is thinking
2131 80 is eating
2131 198 is sleeping
2132 94 has taken a fork
2132 96 has taken a fork
2133 87 is eating
2133 99 has taken a fork
2133 89 is eating
2134 81 is eating
2134 86 has taken a fork
2134 93 is eating
2134 90 has taken a fork
2134 84 is eating
2135 101 has taken a fork
2135 105 is thinking
2135 7 is sleeping
2135 83 is eating
2136 92 has taken a fork
2136 109 has taken a fork
2136 113 is thinking
2136 97 has taken a fork
2136 111 is thinking
2136 95 has taken a fork
2136 5 is sleeping
2136 98 has taken a fork
2136 88 is eating
2137 115 is thinking
2137 108 is thinking
2137 106 is thinking
2137 114 is thinking
2138 91 is eating
2139 1 is sleeping
2139 100 has taken a fork
2140 3 is sleeping
2140 10 is sleeping
2141 94 has taken a fork
2141 96 has taken a fork
2141 103 has taken a fork
2141 2 is sleeping
2141 102 has taken a fork
2143 104 has taken a fork
2143 99 has taken a fork
2143 4 is sleeping
2143 86 has taken a fork
2143 90 has taken a fork
2143 107 is thinking
2143 101 has taken a fork
2144 14 is sleeping
2144 105 has taken a fork
2144 92 is eating
2144 109 has taken a fork
2144 113 has taken a fork
2144 97 is eating
2144 95 is eating
2144 98 has taken a fork
2144 110 is thinking
2145 15 is sleeping
2146 111 has taken a fork
2146 100 has taken a fork
2146 121 is thinking
2147 6 is sleeping
2147 119 is thinking
2147 115 has taken a fork
2148 94 is eating
2148 96 is eating
2149 103 has taken a fork
2149 102 has taken a fork
2149 112 is thinking
2150 104 has taken a fork
2151 99 is eating
2151 86 is eating
2152 90 is eating
2152 101 is eating
2152 105 has taken a fork
2153 109 is eating
2153 113 has taken a fork
2153 98 is eating
2153 17 is sleeping
2154 108 has taken a fork
2154 111 has taken a fork
2155 100 is eating
2155 9 is sleeping
2156 106 has taken a fork
2156 115 has taken a fork
2156 11 is sleeping
2156 114 has taken a fork
2156 118 is thinking
2156 103 is eating
2157 117 is thinking
2158 104 is eating
2159 102 is eating
2159 120 is thinking
2159 105 is eating
2159 113 is eating
2159 108 has taken a fork
2159 111 is eating
2160 106 has taken a fork
2161 127 is thinking
2161 115 is eating
2161 116 is thinking
2161 122 is thinking
2161 114 has taken a fork
2161 8 is sleeping
2161 107 has taken a fork
2161 126 is thinking
2161 108 is eating
2161 125 is thinking
2162 106 is eating
2162 129 is thinking
2163 124 is thinking
2163 114 is eating
2163 107 has taken a fork
2163 23 is sleeping
2163 110 has taken a fork
2163 123 is thinking
2163 13 is sleeping
2163 121 has taken a fork
2163 107 is eating
2164 110 has taken a fork
2164 121 has taken a fork
2165 110 is eating
2166 130 is thinking
2166 132 is thinking
2168 128 is thinking
2168 121 is eating
2169 136 is thinking
2170 133 is thinking
2170 20 is sleeping
2171 119 has taken a fork
2172 131 is thinking
2172 137 is thinking
2172 143 is thinking
2172 135 is thinking
2172 144 is thinking
2172 21 is sleeping
2172 12 is sleeping
2172 16 is sleeping
2172 18 is sleeping
2172 26 is sleeping
2172 22 is sleeping
2172 25 is sleeping
2173 122 has taken a fork
2173 112 has taken a fork
2173 118 has taken a fork
2175 117 has taken a fork
2176 119 has taken a fork
2177 120 has taken a fork
2178 24 is sleeping
2178 126 has taken a fork
2179 127 has taken a fork
2179 116 has taken a fork
2180 134 is thinking
2181 157 is thinking
2182 142 is thinking
2182 141 is thinking
2182 147 is thinking
2182 33 is sleeping
2182 125 has taken a fork
2183 122 has taken a fork
2183 112 has taken a fork
2183 145 is thinking
2183 140 is thinking
2183 154 is thinking
2184 118 has taken a fork
2184 149 is thinking
2184 153 is thinking
2184 150 is thinking
2184 138 is thinking
2184 117 has taken a fork
2184 139 is thinking
2184 31 is sleeping
2184 129 has taken a fork
2184 119 is eating
2185 120 has taken a fork
2185 124 has taken a fork
2186 34 is sleeping
2187 27 is sleeping
2187 126 has taken a fork
2187 35 is sleeping
2187 130 has taken a fork
2187 32 is sleeping
2187 132 has taken a fork
2187 127 has taken a fork
2187 123 has taken a fork
2187 116 has taken a fork
2187 37 is sleeping
2188 128 has taken a fork
2188 30 is sleeping
2188 136 has taken a fork
2188 29 is sleeping
2188 133 has taken a fork
2188 28 is sleeping
2188 40 is sleeping
2189 19 is sleeping
2189 51 is sleeping
2189 135 has taken a fork
2189 161 is thinking
2189 143 has taken a fork
2190 131 has taken a fork
2190 137 has taken a fork
2190 125 has taken a fork
2190 36 is sleeping
2190 144 has taken a fork
2190 48 is sleeping
2191 122 is eating
2191 112 is eating
2191 38 is sleeping
2191 157 has taken a fork
2192 134 has taken a fork
2192 169 is thinking
2192 158 is thinking
2192 146 is thinking
2192 172 is thinking
2192 159 is thinking
2192 163 is thinking
2193 118 is eating
2193 152 is thinking
2193 148 is thinking
2193 151 is thinking
2193 155 is thinking
2193 160 is thinking
2194 44 is sleeping
2194 117 is eating
2194 129 has taken a fork
2194 120 is eating
2194 142 has taken a fork
2194 42 is sleeping
2194 45 is sleeping
2194 39 is sleeping
2194 145 has taken a fork
2194 43 is sleeping
2194 140 has taken a fork
2194 41 is sleeping
2194 52 is sleeping
2194 154 has taken a fork
2194 149 has taken a fork
2194 141 has taken a fork
2195 124 has taken a fork
2195 147 has taken a fork
2195 54 is sleeping
2196 153 has taken a fork
2196 47 is sleeping
2196 150 has taken a fork
2196 173 is thinking
2196 175 is thinking
2196 165 is thinking
2197 126 is eating
2197 130 has taken a fork
2197 132 has taken a fork
2197 170 is thinking
2197 53 is sleeping
2198 127 is eating
2198 123 has taken a fork
2198 116 is eating
2198 138 has taken a fork
2198 128 has taken a fork
2198 136 has taken a fork
2199 156 is thinking
2199 133 has taken a fork
2199 50 is sleeping
2199 49 is sleeping
2199 55 is sleeping
2199 58 is sleeping
2199 135 has taken a fork
2200 161 has taken a fork
2201 143 has taken a fork
2203 139 has taken a fork
2204 131 has taken a fork
2205 137 has taken a fork
2205 125 is eating
2206 144 has taken a fork
2206 56 is sleeping
2206 157 has taken a fork
2206 164 is thinking
2206 65 is sleeping
2206 134 has taken a fork
2206 171 is thinking
2206 46 is sleeping
2206 169 has taken a fork
2206 158 has taken a fork
2206 146 has taken a fork
2206 172 has taken a fork
2207 159 has taken a fork
2207 60 is sleeping
2207 57 is sleeping
2207 152 has taken a fork
2207 163 has taken a fork
2207 167 is thinking
2207 63 is sleeping
2207 148 has taken a fork
2207 181 is thinking
2207 166 is thinking
2207 179 is thinking
2208 176 is thinking
2208 162 is thinking
2208 129 is eating
2208 142 has taken a fork
2208 145 has taken a fork
2208 140 has taken a fork
2208 154 has taken a fork
2208 149 has taken a fork
2208 141 has taken a fork
2208 177 is thinking
2208 75 is sleeping
2208 151 has taken a fork
2208 168 is thinking
2208 124 is eating
2208 180 is thinking
2208 147 has taken a fork
2208 59 is sleeping
2209 153 has taken a fork
2209 61 is sleeping
2209 70 is sleeping
2209 68 is sleeping
2209 150 has taken a fork
2209 173 has taken a fork
2209 175 has taken a fork
2209 155 has taken a fork
2210 160 has taken a fork
2210 174 is thinking
2210 71 is sleeping
2210 165 has taken a fork
2210 130 is eating
2210 132 is eating
2210 77 is sleeping
2210 123 is eating
2210 138 has taken a fork
2210 128 is eating
2210 136 is eating
2210 133 is eating
2210 69 is sleeping
2210 156 has taken a fork
2210 170 has taken a fork
2210 73 is sleeping
2210 135 is eating
2210 66 is sleeping
2210 67 is sleeping
2210 178 is thinking
2210 161 has taken a fork
2210 143 is eating
2210 183 is thinking
2212 187 is thinking
2213 139 has taken a fork
2215 64 is sleeping
2216 74 is sleeping
2217 131 is eating
2217 184 is thinking
2217 79 is sleeping
2218 137 is eating
2219 144 is eating
2219 157 is eating
2219 164 has taken a fork
2220 134 is eating
2221 171 has taken a fork
2221 169 has taken a fork
2222 158 has taken a fork
2222 146 has taken a fork
2223 172 has taken a fork
2223 191 is thinking
2224 62 is sleeping
2224 72 is sleeping
2224 85 is sleeping
2224 159 has taken a fork
2224 152 has taken a fork
2224 163 has taken a fork
2224 167 has taken a fork
2225 148 has taken a fork
2225 181 has taken a fork
2227 166 has taken a fork
2229 179 has taken a fork
2230 176 has taken a fork
2231 162 has taken a fork
2232 142 is eating
2232 145 is eating
2232 140 is eating
2233 154 is eating
2233 149 is eating
2233 141 is eating
2233 177 has taken a fork
2234 76 is sleeping
2234 151 has taken a fork
2234 168 has taken a fork
2234 147 is eating
2235 153 is eating
2235 78 is sleeping
2235 150 is eating
2235 180 has taken a fork
2237 173 has taken a fork
2237 175 has taken a fork
2237 155 has taken a fork
2237 82 is sleeping
2237 160 has taken a fork
2237 174 has taken a fork
2237 165 has taken a fork
2237 138 is eating
2238 156 has taken a fork
2238 170 has taken a fork
2239 161 is eating
2239 80 is sleeping
2239 178 has taken a fork
2239 186 is thinking
2239 185 is thinking
2239 89 is sleeping
2241 183 has taken a fork
2241 87 is sleeping
2241 187 has taken a fork
2241 139 is eating
2241 84 is sleeping
2241 81 is sleeping
2241 83 is sleeping
2242 93 is sleeping
2243 182 is thinking
2244 184 has taken a fork
2244 88 is sleeping
2245 189 is thinking
2246 91 is sleeping
2246 164 has taken a fork
2246 171 has taken a fork
2247 169 is eating
2247 158 is eating
2247 146 is eating
2247 172 is eating
2247 191 has taken a fork
2247 193 is thinking
2247 188 is thinking
2248 190 is thinking
2250 159 is eating
2250 152 is eating
2250 163 is eating
2250 167 has taken a fork
2251 148 is eating
2252 181 has taken a fork
2252 197 is thinking
2252 196 is thinking
2252 166 has taken a fork
2252 192 is thinking
2252 92 is sleeping
2252 179 has taken a fork
2252 195 is thinking
2252 97 is sleeping
2252 194 is thinking
2252 176 has taken a fork
2252 95 is sleeping
2253 198 is thinking
2253 162 has taken a fork
2254 177 has taken a fork
2254 151 is eating
2254 168 has taken a fork
2255 7 is thinking
2255 94 is sleeping
2255 180 has taken a fork
2255 5 is thinking
2256 86 is sleeping
2256 99 is sleeping
2257 173 is eating
2258 175 is eating
2258 155 is eating
2258 160 is eating
2258 174 has taken a fork
2258 165 is eating
2258 96 is sleeping
2258 90 is sleeping
2258 156 is eating
2258 109 is sleeping
2259 170 is eating
2260 101 is sleeping
2260 178 has taken a fork
2260 186 has taken a fork
2261 185 has taken a fork
2261 1 is thinking
2262 10 is thinking
2262 3 is thinking
2263 183 has taken a fork
2263 2 is thinking
2264 187 has taken a fork
2264 98 is sleeping
2264 100 is sleeping
2265 4 is thinking
2265 182 has taken a fork
2265 184 has taken a fork
2266 103 is sleeping
2266 14 is thinking
2266 189 has taken a fork
2267 15 is thinking
2267 164 is eating
2267 102 is sleeping
2268 171 is eating
2268 104 is sleeping
2268 105 is sleeping
2268 6 is thinking
2268 191 has taken a fork
2268 193 has taken a fork
2269 188 has taken a fork
2269 113 is sleeping
2269 190 has taken a fork
2269 111 is sleeping
2269 167 is eating
2269 115 is sleeping
2269 181 is eating
2269 197 has taken a fork
2269 196 has taken a fork
2270 166 is eating
2271 192 has taken a fork
2272 179 is eating
2272 195 has taken a fork
2272 194 has taken a fork
2273 17 is thinking
2273 198 has taken a fork
2273 162 is eating
2274 176 is eating
2275 108 is sleeping
2275 177 is eating
2275 168 is eating
2275 9 is thinking
2276 106 is sleeping
2276 7 has taken a fork
2276 180 is eating
2277 5 has taken a fork
2278 11 is thinking
2279 114 is sleeping
2279 174 is eating
2279 178 is eating
2279 186 has taken a fork
2279 107 is sleeping
2279 8 is thinking
2279 185 has taken a fork
2279 1 has taken a fork
2280 10 has taken a fork
2281 3 has taken a fork
2281 23 is thinking
2281 13 is thinking
2282 183 is eating
2283 2 has taken a fork
2284 110 is sleeping
2284 187 is eating
2284 4 has taken a fork
2285 182 has taken a fork
2285 184 is eating
2286 121 is sleeping
2287 14 has taken a fork
2288 189 has taken a fork
2288 15 has taken a fork
2288 6 has taken a fork
2288 191 is eating
2289 193 has taken a fork
2289 188 has taken a fork
2289 190 has taken a fork
2290 197 has taken a fork
2290 196 has taken a fork
2290 20 is thinking
2290 192 has taken a fork
2290 195 has taken a fork
2290 16 is thinking
2291 12 is thinking
2291 21 is thinking
2291 18 is thinking
2291 22 is thinking
2292 26 is thinking
2292 25 is thinking
2292 194 has taken a fork
2292 17 has taken a fork
2292 198 has taken a fork
2292 119 is sleeping
2292 9 has taken a fork
2292 7 has taken a fork
2292 5 has taken a fork
2292 24 is thinking
2292 11 has taken a fork
2292 186 is eating
2292 8 has taken a fork
2292 185 is eating
2292 1 has taken a fork
2292 10 has taken a fork
2292 3 has taken a fork
2293 23 has taken a fork
2293 13 has taken a fork
2293 112 is sleeping
2293 122 is sleeping
2293 33 is thinking
2293 118 is sleeping
2293 117 is sleeping
2293 120 is sleeping
2293 2 has taken a fork
2293 31 is thinking
2293 126 is sleeping
2294 4 has taken a fork
2294 116 is sleeping
2294 127 is sleeping
2294 182 is eating
2294 34 is thinking
2294 35 is thinking
2295 37 is thinking
2295 32 is thinking
2295 27 is thinking
2295 14 has taken a fork
2296 30 is thinking
2296 28 is thinking
2296 29 is thinking
2296 189 is eating
2296 15 has taken a fork
2297 6 has taken a fork
2298 40 is thinking
2298 51 is thinking
2298 19 is thinking
2298 193 is eating
2298 188 is eating
2298 125 is sleeping
2298 190 is eating
2298 197 is eating
2298 36 is thinking
2299 48 is thinking
2299 196 is eating
2299 20 has taken a fork
2299 192 is eating
2299 195 is eating
2300 38 is thinking
2300 12 has taken a fork
2300 21 has taken a fork
2300 16 has taken a fork
2300 18 has taken a fork
2301 22 has taken a fork
2301 129 is sleeping
2301 26 has taken a fork
2302 25 has taken a fork
2302 194 is eating
2302 17 has taken a fork
2302 198 is eating
2302 9 has taken a fork
2302 7 is eating
2302 24 has taken a fork
2302 5 is eating
2302 11 has taken a fork
2302 8 has taken a fork
2303 1 is eating
2303 10 is eating
2303 3 is eating
2303 23 has taken a fork
2304 13 has taken a fork
2304 124 is sleeping
2304 33 has taken a fork
2304 2 is eating
2305 31 has taken a fork
2305 41 is thinking
2305 4 is eating
2305 44 is thinking
2305 43 is thinking
2305 39 is thinking
2306 42 is thinking
2306 52 is thinking
2307 45 is thinking
2307 34 has taken a fork
2308 128 is sleeping
2308 54 is thinking
2308 130 is sleeping
2308 132 is sleeping
2308 123 is sleeping
2308 133 is sleeping
2308 136 is sleeping
2308 37 has taken a fork
2308 35 has taken a fork
2309 32 has taken a fork
2309 27 has taken a fork
2309 14 is eating
2310 143 is sleeping
2310 47 is thinking
2310 30 has taken a fork
2311 135 is sleeping
2312 28 has taken a fork
2312 29 has taken a fork
2312 15 is eating
2312 53 is thinking
2313 6 is eating
2313 40 has taken a fork
2314 55 is thinking
2314 49 is thinking
2315 50 is thinking
2315 58 is thinking
2316 20 has taken a fork
2317 137 is sleeping
2317 51 has taken a fork
2317 131 is sleeping
2317 12 has taken a fork
2317 21 has taken a fork
2317 19 has taken a fork
2318 18 has taken a fork
2318 16 has taken a fork
2318 144 is sleeping
2318 22 has taken a fork
2318 157 is sleeping
2319 36 has taken a fork
2319 26 has taken a fork
2319 25 has taken a fork
2319 48 has taken a fork
2319 134 is sleeping
2319 17 is eating
2319 9 is eating
2319 24 has taken a fork
2319 11 is eating
2321 8 is eating
2321 38 has taken a fork
2322 23 is eating
2322 13 is eating
2323 33 has taken a fork
2323 31 has taken a fork
2323 46 is thinking
2324 56 is thinking
2324 65 is thinking
2324 63 is thinking
2324 57 is thinking
2324 60 is thinking
2326 34 has taken a fork
2327 75 is thinking
2327 59 is thinking
2327 35 has taken a fork
2327 37 has taken a fork
2327 61 is thinking
2327 41 has taken a fork
2327 145 is sleeping
2327 140 is sleeping
2327 142 is sleeping
2327 44 has taken a fork
2327 154 is sleeping
2327 141 is sleeping
2327 39 has taken a fork
2327 149 is sleeping
2328 52 has taken a fork
2328 43 has taken a fork
2328 32 has taken a fork
2328 42 has taken a fork
2328 70 is thinking
2328 68 is thinking
2328 27 has taken a fork
2329 69 is thinking
2329 77 is thinking
2329 71 is thinking
2330 147 is sleeping
2330 67 is thinking
2330 66 is thinking
2330 30 has taken a fork
2330 150 is sleeping
2330 153 is sleeping
2331 47 has taken a fork
2331 73 is thinking
2331 45 has taken a fork
2331 138 is sleeping
2331 28 has taken a fork
2331 29 has taken a fork
2332 54 has taken a fork
2332 53 has taken a fork
2332 40 has taken a fork
2332 161 is sleeping
2332 55 has taken a fork
2332 64 is thinking
2332 139 is sleeping
2332 20 is eating
2332 74 is thinking
2333 49 has taken a fork
2333 79 is thinking
2333 51 has taken a fork
2333 12 is eating
2333 21 is eating
2334 19 has taken a fork
2334 18 is eating
2335 16 is eating
2335 22 is eating
2335 36 has taken a fork
2335 26 is eating
2336 25 is eating
2336 48 has taken a fork
2336 24 is eating
2337 172 is sleeping
2337 169 is sleeping
2337 146 is sleeping
2337 50 has taken a fork
2338 158 is sleeping
2338 58 has taken a fork
2338 159 is sleeping
2338 38 has taken a fork
2338 152 is sleeping
2338 163 is sleeping
2338 148 is sleeping
2338 33 is eating
2339 31 is eating
2339 46 has taken a fork
2339 72 is thinking
2340 62 is thinking
2340 85 is thinking
2340 56 has taken a fork
2340 65 has taken a fork
2340 63 has taken a fork
2340 57 has taken a fork
2340 60 has taken a fork
2340 151 is sleeping
2340 34 is eating
2340 75 has taken a fork
2340 175 is sleeping
2340 160 is sleeping
2340 155 is sleeping
2341 173 is sleeping
2341 59 has taken a fork
2342 35 is eating
2342 37 is eating
2342 61 has taken a fork
2342 41 has taken a fork
2342 44 has taken a fork
2342 39 has taken a fork
2342 165 is sleeping
2342 52 has taken a fork
2342 43 has taken a fork
2343 32 is eating
2343 42 has taken a fork
2343 70 has taken a fork
2343 68 has taken a fork
2343 27 is eating
2343 69 has taken a fork
2343 156 is sleeping
2343 170 is sleeping
2343 77 has taken a fork
2343 71 has taken a fork
2343 30 is eating
2344 47 has taken a fork
2344 45 has taken a fork
2344 28 is eating
2344 29 is eating
2345 54 has taken a fork
2345 53 has taken a fork
2345 40 is eating
2345 55 has taken a fork
2346 49 has taken a fork
2346 51 is eating
2347 19 is eating
2347 76 is thinking
2347 78 is thinking
2347 36 is eating
2347 48 is eating
2347 164 is sleeping
2347 82 is thinking
2347 67 has taken a fork
2348 171 is sleeping
2348 66 has taken a fork
2348 50 has taken a fork
2348 167 is sleeping
2348 181 is sleeping
2348 73 has taken a fork
2348 64 has taken a fork
2349 58 has taken a fork
2350 38 is eating
2351 80 is thinking
2352 166 is sleeping
2354 89 is thinking
2354 46 has taken a fork
2356 74 has taken a fork
2356 179 is sleeping
2356 79 has taken a fork
2358 56 has taken a fork
2358 65 has taken a fork
2358 63 has taken a fork
2358 57 has taken a fork
2359 60 has taken a fork
2359 75 has taken a fork
2359 81 is thinking
2359 84 is thinking
2359 87 is thinking
2359 176 is sleeping
2359 162 is sleeping
2359 62 has taken a fork
2360 72 has taken a fork
2360 59 has taken a fork
2361 83 is thinking
2361 168 is sleeping
2361 177 is sleeping
2361 85 has taken a fork
2361 93 is thinking
2361 61 has taken a fork
2361 41 is eating
2361 44 is eating
2361 39 is eating
2362 52 is eating
2362 43 is eating
2362 42 is eating
2363 70 has taken a fork
2363 68 has taken a fork
2364 69 has taken a fork
2364 77 has taken a fork
2364 180 is sleeping
2364 71 has taken a fork
2365 47 is eating
2365 45 is eating
2367 88 is thinking
2367 178 is sleeping
2367 174 is sleeping
2367 54 is eating
2367 53 is eating
2367 55 is eating
2367 91 is thinking
2367 49 is eating
2368 76 has taken a fork
2368 78 has taken a fork
2368 82 has taken a fork
2368 67 has taken a fork
2369 66 has taken a fork
2369 50 is eating
2369 183 is sleeping
2369 73 has taken a fork
2370 64 has taken a fork
2370 58 is eating
2370 187 is sleeping
2370 184 is sleeping
2370 80 has taken a fork
2370 97 is thinking
2370 95 is thinking
2370 92 is thinking
2370 89 has taken a fork
2371 46 is eating
2371 94 is thinking
2371 74 has taken a fork
2371 86 is thinking
2371 79 has taken a fork
2372 191 is sleeping
2372 99 is thinking
2373 96 is thinking
2374 56 is eating
2374 90 is thinking
2374 109 is thinking
2374 65 is eating
2374 63 is eating
2374 57 is eating
2375 60 is eating
2375 75 is eating
2375 81 has taken a fork
2375 84 has taken a fork
2375 87 has taken a fork
2375 62 has taken a fork
2375 101 is thinking
2375 72 has taken a fork
2375 59 is eating
2375 85 has taken a fork
2375 61 is eating
2375 70 is eating
2375 68 is eating
2375 98 is thinking
2375 100 is thinking
2375 69 is eating
2376 77 is eating
2376 71 is eating
2376 186 is sleeping
2376 103 is thinking
2376 83 has taken a fork
2377 185 is sleeping
2377 93 has taken a fork
2377 102 is thinking
2378 104 is thinking
2378 105 is thinking
2378 76 has taken a fork
2379 78 has taken a fork
2379 82 has taken a fork
2380 67 is eating
2380 66 is eating
2380 182 is sleeping
2380 113 is thinking
2381 111 is thinking
2381 115 is thinking
2381 73 is eating
2381 88 has taken a fork
2382 64 is eating
2382 80 has taken a fork
2382 89 has taken a fork
2382 189 is sleeping
2383 74 is eating
2383 79 is eating
2383 91 has taken a fork
2383 190 is sleeping
2383 193 is sleeping
2383 97 has taken a fork
2383 95 has taken a fork
2384 188 is sleeping
2384 92 has taken a fork
2384 108 is thinking
2384 197 is sleeping
2384 94 has taken a fork
2385 81 has taken a fork
2385 84 has taken a fork
2385 87 has taken a fork
2385 62 is eating
2385 72 is eating
2385 85 is eating
2385 106 is thinking
2385 196 is sleeping
2385 192 is sleeping
2385 86 has taken a fork
2386 195 is sleeping
2386 96 has taken a fork
2386 99 has taken a fork
2386 83 has taken a fork
2386 194 is sleeping
2386 90 has taken a fork
2386 93 has taken a fork
2386 198 is sleeping
2386 109 has taken a fork
2386 76 is eating
2386 101 has taken a fork
2386 114 is thinking
2386 98 has taken a fork
2386 107 is thinking
2386 78 is eating
2386 82 is eating
2386 88 has taken a fork
2386 100 has taken a fork
2387 80 is eating
2387 89 is eating
2387 102 has taken a fork
2387 103 has taken a fork
2387 91 has taken a fork
2387 97 has taken a fork
2387 95 has taken a fork
2387 110 is thinking
2388 104 has taken a fork
2389 92 has taken a fork
2389 94 has taken a fork
2389 81 is eating
2389 84 is eating
2390 87 is eating
2391 105 has taken a fork
2392 86 has taken a fork
2392 96 has taken a fork
2392 99 has taken a fork
2393 83 is eating
2393 90 has taken a fork
2394 93 is eating
2394 109 has taken a fork
2394 101 has taken a fork
2395 98 has taken a fork
2395 121 is thinking
2395 88 is eating
2395 100 has taken a fork
2395 102 has taken a fork
2395 103 has taken a fork
2395 91 is eating
2395 97 is eating
2396 95 is eating
2396 104 has taken a fork
2396 113 has taken a fork
2396 92 is eating
2396 94 is eating
2397 111 has taken a fork
2397 115 has taken a fork
2397 105 has taken a fork
2397 86 is eating
2397 96 is eating
2397 119 is thinking
2397 99 is eating
2397 112 is thinking
2397 117 is thinking
2397 122 is thinking
2397 120 is thinking
2397 118 is thinking
2398 126 is thinking
2398 90 is eating
2398 116 is thinking
2398 127 is thinking
2398 109 is eating
2398 101 is eating
2398 98 is eating
2398 100 is eating
2398 102 is eating
2398 103 is eating
2398 108 has taken a fork
2399 104 is eating
2399 113 has taken a fork
2399 111 has taken a fork
2399 115 has taken a fork
2399 105 is eating
2399 106 has taken a fork
2400 125 is thinking
2400 108 has taken a fork
2400 114 has taken a fork
2400 113 is eating
2400 111 is eating
2400 115 is eating
2400 106 has taken a fork
2400 108 is eating
2401 114 has taken a fork
2401 106 is eating
2401 107 has taken a fork
2402 129 is thinking
2402 114 is eating
2402 107 has taken a fork
2403 110 has taken a fork
2403 121 has taken a fork
2403 107 is eating
2403 110 has taken a fork
2403 121 has taken a fork
2403 110 is eating
2403 121 is eating
2404 124 is thinking
2408 130 is thinking
2408 132 is thinking
2408 136 is thinking
2409 123 is thinking
2410 133 is thinking
2411 128 is thinking
2411 143 is thinking
2411 135 is thinking
2411 119 has taken a fork
2411 119 has taken a fork
2411 119 is eating
2412 112 has taken a fork
2412 112 has taken a fork
2412 112 is eating
2412 117 has taken a fork
2412 117 has taken a fork
2412 117 is eating
2413 122 has taken a fork
2413 122 has taken a fork
2413 122 is eating
2413 120 has taken a fork
2413 120 has taken a fork
2413 120 is eating
2413 118 has taken a fork
2413 118 has taken a fork
2413 118 is eating
2414 126 has taken a fork
2414 126 has taken a fork
2414 126 is eating
2414 116 has taken a fork
2414 116 has taken a fork
2414 116 is eating
2414 127 has taken a fork
2414 127 has taken a fork
2414 127 is eating
2416 125 has taken a fork
2416 125 has taken a fork
2416 125 is eating
2416 129 has taken a fork
2416 129 has taken a fork
2416 129 is eating
2417 131 is thinking
2417 137 is thinking
2417 124 has taken a fork
2417 124 has taken a fork
2417 124 is eating
2418 157 is thinking
2418 144 is thinking
2419 130 has taken a fork
2419 130 has taken a fork
2419 130 is eating
2419 132 has taken a fork
2419 132 has taken a fork
2419 132 is eating
2419 134 is thinking
2419 123 has taken a fork
2419 123 has taken a fork
2419 123 is eating
2419 136 has taken a fork
2419 136 has taken a fork
2419 136 is eating
2420 143 has taken a fork
2420 143 has taken a fork
2420 133 has taken a fork
2420 133 has taken a fork
2420 133 is eating
2420 128 has taken a fork
2420 128 has taken a fork
2420 128 is eating
2422 143 is eating
2422 135 has taken a fork
2422 135 has taken a fork
2422 135 is eating
2423 131 has taken a fork
2423 131 has taken a fork
2423 131 is eating
2424 137 has taken a fork
2424 137 has taken a fork
2424 137 is eating
2424 157 has taken a fork
2425 157 has taken a fork
2425 157 is eating
2425 144 has taken a fork
2425 144 has taken a fork
2425 144 is eating
2426 134 has taken a fork
2426 134 has taken a fork
2426 134 is eating
2427 141 is thinking
2427 154 is thinking
2427 140 is thinking
2427 145 is thinking
2427 149 is thinking
2427 142 is thinking
2430 153 is thinking
2430 147 is thinking
2430 150 is thinking
2431 138 is thinking
2432 161 is thinking
2433 139 is thinking
2435 141 has taken a fork
2435 141 has taken a fork
2435 141 is eating
2435 154 has taken a fork
2435 154 has taken a fork
2435 154 is eating
2436 149 has taken a fork
2436 149 has taken a fork
2436 149 is eating
2436 140 has taken a fork
2436 145 has taken a fork
2436 140 has taken a fork
2436 145 has taken a fork
2436 142 has taken a fork
2436 140 is eating
2436 145 is eating
2436 142 has taken a fork
2436 142 is eating
2437 146 is thinking
2437 169 is thinking
2437 172 is thinking
2438 159 is thinking
2439 152 is thinking
2439 163 is thinking
2439 148 is thinking
2439 153 has taken a fork
2439 147 has taken a fork
2441 158 is thinking
2441 153 has taken a fork
2441 147 has taken a fork
2441 150 has taken a fork
2441 175 is thinking
2441 155 is thinking
2442 173 is thinking
2442 151 is thinking
2445 160 is thinking
2446 138 has taken a fork
2446 153 is eating
2446 147 is eating
2446 150 has taken a fork
2446 161 has taken a fork
2446 165 is thinking
2446 139 has taken a fork
2446 156 is thinking
2447 170 is thinking
2447 146 has taken a fork
2447 169 has taken a fork
2447 138 has taken a fork
2447 150 is eating
2447 161 has taken a fork
2448 139 has taken a fork
2448 172 has taken a fork
2449 146 has taken a fork
2449 169 has taken a fork
2449 138 is eating
2450 164 is thinking
2450 161 is eating
2450 167 is thinking
2450 171 is thinking
2450 181 is thinking
2450 139 is eating
2451 172 has taken a fork
2451 146 is eating
2451 159 has taken a fork
2451 152 has taken a fork
2452 163 has taken a fork
2452 169 is eating
2452 148 has taken a fork
2452 158 has taken a fork
2452 155 has taken a fork
2452 172 is eating
2452 175 has taken a fork
2452 173 has taken a fork
2452 159 has taken a fork
2452 152 has taken a fork
2452 163 has taken a fork
2452 160 has taken a fork
2452 165 has taken a fork
2452 148 has taken a fork
2453 158 has taken a fork
2453 155 has taken a fork
2453 175 has taken a fork
2453 173 has taken a fork
2455 151 has taken a fork
2455 159 is eating
2455 152 is eating
2455 163 is eating
2455 160 has taken a fork
2455 165 has taken a fork
2455 148 is eating
2455 158 is eating
2455 156 has taken a fork
2456 170 has taken a fork
2456 175 is eating
2456 173 is eating
2456 155 is eating
2457 166 is thinking
2457 151 has taken a fork
2457 160 is eating
2458 165 is eating
2458 156 has taken a fork
2458 170 has taken a fork
2458 179 is thinking
2458 151 is eating
2458 156 is eating
2458 170 is eating
2459 167 has taken a fork
2459 176 is thinking
2459 167 has taken a fork
2460 162 is thinking
2461 167 is eating
2461 171 has taken a fork
2461 181 has taken a fork
2461 177 is thinking
2462 171 has taken a fork
2462 181 has taken a fork
2462 168 is thinking
2462 164 has taken a fork
2462 166 has taken a fork
2462 179 has taken a fork
2462 171 is eating
2462 181 is eating
2462 164 has taken a fork
2462 166 has taken a fork
2462 179 has taken a fork
2462 166 is eating
2462 179 is eating
2463 176 has taken a fork
2463 176 has taken a fork
2463 176 is eating
2463 162 has taken a fork
2463 162 has taken a fork
2463 162 is eating
2464 180 is thinking
2464 177 has taken a fork
2464 177 has taken a fork
2464 177 is eating
2466 164 is eating
2467 180 has taken a fork
2467 180 has taken a fork
2467 180 is eating
2467 174 is thinking
2467 178 is thinking
2467 174 has taken a fork
2467 174 has taken a fork
2467 174 is eating
2467 168 has taken a fork
2467 168 has taken a fork
2467 168 is eating
2469 183 is thinking
2469 178 has taken a fork
2469 178 has taken a fork
2469 178 is eating
2470 184 is thinking
2470 187 is thinking
2471 183 has taken a fork
2471 183 has taken a fork
2471 183 is eating
2472 191 is thinking
2474 184 has taken a fork
2474 184 has taken a fork
2474 184 is eating
2474 187 has taken a fork
2474 187 has taken a fork
2474 187 is eating
2475 191 has taken a fork
2475 191 has taken a fork
2475 191 is eating
2476 186 is thinking
2477 185 is thinking
2480 182 is thinking
2480 186 has taken a fork
2480 186 has taken a fork
2480 186 is eating
2480 185 has taken a fork
2480 185 has taken a fork
2480 185 is eating
2482 182 has taken a fork
2484 189 is thinking
2484 182 has taken a fork
2484 193 is thinking
2484 190 is thinking
2484 188 is thinking
2484 197 is thinking
2485 189 has taken a fork
2485 182 is eating
2485 193 has taken a fork
2485 196 is thinking
2485 190 has taken a fork
2485 188 has taken a fork
2485 192 is thinking
2486 189 has taken a fork
2486 193 has taken a fork
2487 190 has taken a fork
2487 188 has taken a fork
2487 195 is thinking
2487 198 is thinking
2487 194 is thinking
2487 197 has taken a fork
2487 189 is eating
2487 193 is eating
2487 190 is eating
2487 188 is eating
2487 197 has taken a fork
2488 195 has taken a fork
2488 196 has taken a fork
2488 192 has taken a fork
2488 197 is eating
2488 195 has taken a fork
2488 196 has taken a fork
2488 192 has taken a fork
2488 195 is eating
2488 196 is eating
2488 198 has taken a fork
2488 194 has taken a fork
2488 192 is eating
2488 198 has taken a fork
2488 194 has taken a fork
2488 198 is eating
2488 194 is eating
