0 1 has taken a fork
0 1 has taken a fork
0 1 is eating
0 3 has taken a fork
0 3 has taken a fork
0 3 is eating
0 5 has taken a fork
0 5 has taken a fork
0 5 is eating
0 7 has taken a fork
1 7 has taken a fork
1 7 is eating
1 9 has taken a fork
1 9 has taken a fork
1 9 is eating
1 11 has taken a fork
1 11 has taken a fork
1 11 is eating
1 2 has taken a fork
1 2 has taken a fork
1 2 is eating
1 13 has taken a fork
1 13 has taken a fork
1 13 is eating
1 4 has taken a fork
1 4 has taken a fork
1 4 is eating
1 15 has taken a fork
1 6 has taken a fork
1 15 has taken a fork
2 6 has taken a fork
2 15 is eating
2 6 is eating
2 8 has taken a fork
2 8 has taken a fork
2 8 is eating
2 17 has taken a fork
2 17 has taken a fork
2 17 is eating
2 19 has taken a fork
2 19 has taken a fork
2 19 is eating
2 10 has taken a fork
2 10 has taken a fork
2 10 is eating
2 21 has taken a fork
2 21 has taken a fork
2 21 is eating
2 12 has taken a fork
2 12 has taken a fork
2 12 is eating
2 14 has taken a fork
2 14 has taken a fork
3 14 is eating
3 23 has taken a fork
3 23 has taken a fork
3 23 is eating
3 16 has taken a fork
3 16 has taken a fork
3 16 is eating
3 25 has taken a fork
3 25 has taken a fork
3 25 is eating
3 18 has taken a fork
3 18 has taken a fork
3 18 is eating
3 27 has taken a fork
3 27 has taken a fork
3 27 is eating
3 20 has taken a fork
3 20 has taken a fork
3 20 is eating
3 22 has taken a fork
3 22 has taken a fork
3 22 is eating
3 29 has taken a fork
3 29 has taken a fork
3 29 is eating
4 31 has taken a fork
4 31 has taken a fork
4 31 is eating
4 24 has taken a fork
4 24 has taken a fork
4 24 is eating
4 33 has taken a fork
4 33 has taken a fork
4 33 is eating
4 26 has taken a fork
4 26 has taken a fork
4 26 is eating
4 35 has taken a fork
4 28 has taken a fork
4 35 has taken a fork
4 28 has taken a fork
5 35 is eating
5 28 is eating
5 37 has taken a fork
5 37 has taken a fork
5 37 is eating
5 30 has taken a fork
5 30 has taken a fork
5 30 is eating
5 32 has taken a fork
5 32 has taken a fork
5 32 is eating
5 39 has taken a fork
5 39 has taken a fork
5 39 is eating
5 34 has taken a fork
5 34 has taken a fork
5 34 is eating
5 41 has taken a fork
5 41 has taken a fork
5 41 is eating
6 43 has taken a fork
6 43 has taken a fork
6 36 has taken a fork
6 43 is eating
6 36 has taken a fork
6 36 is eating
6 38 has taken a fork
6 38 has taken a fork
6 38 is eating
6 45 has taken a fork
6 45 has taken a fork
6 45 is eating
6 47 has taken a fork
6 47 has taken a fork
6 47 is eating
6 40 has taken a fork
6 40 has taken a fork
6 40 is eating
7 42 has taken a fork
7 42 has taken a fork
7 42 is eating
7 49 has taken a fork
7 49 has taken a fork
7 49 is eating
7 44 has taken a fork
7 44 has taken a fork
7 44 is eating
7 51 has taken a fork
7 51 has taken a fork
7 51 is eating
7 53 has taken a fork
7 53 has taken a fork
7 53 is eating
7 46 has taken a fork
7 46 has taken a fork
7 46 is eating
8 55 has taken a fork
8 55 has taken a fork
8 55 is eating
8 48 has taken a fork
8 57 has taken a fork
8 48 has taken a fork
8 57 has taken a fork
8 48 is eating
8 57 is eating
8 50 has taken a fork
8 50 has taken a fork
8 50 is eating
8 59 has taken a fork
8 59 has taken a fork
8 59 is eating
8 52 has taken a fork
8 52 has taken a fork
8 52 is eating
9 61 has taken a fork
9 54 has taken a fork
9 61 has taken a fork
9 54 has taken a fork
9 61 is eating
9 54 is eating
9 56 has taken a fork
9 56 has taken a fork
9 56 is eating
9 58 has taken a fork
9 58 has taken a fork
9 58 is eating
9 63 has taken a fork
9 65 has taken a fork
9 63 has taken a fork
9 65 has taken a fork
9 63 is eating
10 65 is eating
10 60 has taken a fork
10 60 has taken a fork
10 60 is eating
10 67 has taken a fork
10 67 has taken a fork
10 67 is eating
10 62 has taken a fork
10 62 has taken a fork
10 62 is eating
10 64 has taken a fork
10 64 has taken a fork
10 64 is eating
10 69 has taken a fork
10 69 has taken a fork
10 69 is eating
11 66 has taken a fork
11 66 has taken a fork
11 66 is eating
11 71 has taken a fork
11 71 has taken a fork
11 71 is eating
11 73 has taken a fork
11 73 has taken a fork
11 73 is eating
11 68 has taken a fork
11 68 has taken a fork
11 68 is eating
12 75 has taken a fork
12 75 has taken a fork
12 75 is eating
12 77 has taken a fork
12 77 has taken a fork
12 77 is eating
12 79 has taken a fork
12 79 has taken a fork
12 79 is eating
12 70 has taken a fork
12 70 has taken a fork
12 70 is eating
12 72 has taken a fork
12 72 has taken a fork
12 72 is eating
13 81 has taken a fork
13 81 has taken a fork
13 81 is eating
13 74 has taken a fork
13 74 has taken a fork
13 74 is eating
13 83 has taken a fork
13 83 has taken a fork
13 83 is eating
13 78 has taken a fork
13 78 has taken a fork
13 78 is eating
13 76 has taken a fork
13 76 has taken a fork
13 76 is eating
14 80 has taken a fork
14 80 has taken a fork
14 80 is eating
14 82 has taken a fork
14 82 has taken a fork
14 82 is eating
14 85 has taken a fork
14 85 has taken a fork
14 85 is eating
15 87 has taken a fork
15 87 has taken a fork
15 87 is eating
15 84 has taken a fork
15 84 has taken a fork
15 84 is eating
15 89 has taken a fork
15 89 has taken a fork
15 89 is eating
16 91 has taken a fork
16 91 has taken a fork
16 91 is eating
16 86 has taken a fork
16 86 has taken a fork
16 86 is eating
16 93 has taken a fork
16 93 has taken a fork
16 93 is eating
16 88 has taken a fork
16 88 has taken a fork
16 88 is eating
16 95 has taken a fork
16 95 has taken a fork
16 95 is eating
17 90 has taken a fork
17 92 has taken a fork
17 90 has taken a fork
17 92 has taken a fork
17 90 is eating
17 92 is eating
17 97 has taken a fork
17 97 has taken a fork
17 97 is eating
18 94 has taken a fork
18 94 has taken a fork
18 94 is eating
18 96 has taken a fork
18 96 has taken a fork
18 99 has taken a fork
19 96 is eating
19 101 has taken a fork
19 99 has taken a fork
19 101 has taken a fork
19 99 is eating
19 101 is eating
100 5 is sleeping
100 103 has taken a fork
100 1 is sleeping
100 98 has taken a fork
100 103 has taken a fork
100 3 is sleeping
101 98 has taken a fork
101 105 has taken a fork
102 103 is eating
102 13 is sleeping
102 7 is sleeping
102 98 is eating
102 9 is sleeping
103 2 is sleeping
103 4 is sleeping
103 100 has taken a fork
103 105 has taken a fork
103 107 has taken a fork
103 102 has taken a fork
104 109 has taken a fork
104 104 has taken a fork
104 11 is sleeping
104 8 is sleeping
104 15 is sleeping
104 17 is sleeping
104 106 has taken a fork
104 21 is sleeping
105 19 is sleeping
105 12 is sleeping
105 6 is sleeping
105 10 is sleeping
106 108 has taken a fork
106 113 has taken a fork
106 111 has taken a fork
106 110 has taken a fork
106 115 has taken a fork
107 112 has taken a fork
107 117 has taken a fork
107 114 has taken a fork
107 27 is sleeping
107 23 is sleeping
108 14 is sleeping
108 29 is sleeping
108 20 is sleeping
108 22 is sleeping
108 16 is sleeping
108 119 has taken a fork
108 116 has taken a fork
108 25 is sleeping
108 120 has taken a fork
108 121 has taken a fork
109 100 has taken a fork
109 118 has taken a fork
109 123 has taken a fork
109 125 has taken a fork
109 122 has taken a fork
109 105 is eating
110 107 has taken a fork
110 102 has taken a fork
110 24 is sleeping
110 33 is sleeping
111 109 has taken a fork
111 31 is sleeping
111 26 is sleeping
111 127 has taken a fork
111 129 has taken a fork
111 104 has taken a fork
111 131 has taken a fork
111 126 has taken a fork
111 106 has taken a fork
112 35 is sleeping
112 18 is sleeping
112 28 is sleeping
112 34 is sleeping
112 41 is sleeping
112 133 has taken a fork
112 39 is sleeping
112 32 is sleeping
112 30 is sleeping
112 37 is sleeping
112 128 has taken a fork
112 134 has taken a fork
112 135 has taken a fork
112 124 has taken a fork
113 130 has taken a fork
113 137 has taken a fork
113 132 has taken a fork
113 139 has taken a fork
113 36 is sleeping
113 45 is sleeping
113 40 is sleeping
113 136 has taken a fork
114 47 is sleeping
114 43 is sleeping
114 108 has taken a fork
114 141 has taken a fork
114 138 has taken a fork
114 143 has taken a fork
114 140 has taken a fork
114 113 has taken a fork
114 111 has taken a fork
115 38 is sleeping
115 110 has taken a fork
115 145 has taken a fork
115 115 has taken a fork
115 51 is sleeping
115 112 has taken a fork
115 44 is sleeping
115 49 is sleeping
115 53 is sleeping
115 149 has taken a fork
115 147 has taken a fork
115 142 has taken a fork
116 117 has taken a fork
116 42 is sleeping
116 144 has taken a fork
116 46 is sleeping
116 114 has taken a fork
116 146 has taken a fork
117 148 has taken a fork
117 59 is sleeping
117 52 is sleeping
117 50 is sleeping
117 153 has taken a fork
117 55 is sleeping
117 150 has taken a fork
117 57 is sleeping
118 48 is sleeping
118 151 has taken a fork
118 155 has taken a fork
118 152 has taken a fork
118 154 has taken a fork
118 119 has taken a fork
118 116 has taken a fork
118 120 has taken a fork
118 121 has taken a fork
118 61 is sleeping
118 54 is sleeping
118 56 is sleeping
118 100 is eating
118 157 has taken a fork
118 156 has taken a fork
119 58 is sleeping
119 159 has taken a fork
119 118 has taken a fork
119 161 has taken a fork
120 123 has taken a fork
120 125 has taken a fork
120 122 has taken a fork
120 67 is sleeping
120 63 is sleeping
120 65 is sleeping
120 107 is eating
121 69 is sleeping
121 62 is sleeping
121 64 is sleeping
121 165 has taken a fork
121 60 is sleeping
121 162 has taken a fork
121 163 has taken a fork
122 164 has taken a fork
122 102 is eating
122 160 has taken a fork
122 167 has taken a fork
122 158 has taken a fork
122 68 is sleeping
122 66 is sleeping
123 169 has taken a fork
123 109 is eating
123 71 is sleeping
123 73 is sleeping
123 166 has taken a fork
123 168 has taken a fork
123 170 has taken a fork
124 127 has taken a fork
124 129 has taken a fork
124 104 is eating
124 131 has taken a fork
125 126 has taken a fork
125 106 is eating
125 77 is sleeping
125 75 is sleeping
125 72 is sleeping
125 79 is sleeping
125 171 has taken a fork
125 173 has taken a fork
125 175 has taken a fork
125 70 is sleeping
125 172 has taken a fork
125 177 has taken a fork
125 133 has taken a fork
126 128 has taken a fork
126 134 has taken a fork
126 135 has taken a fork
126 124 has taken a fork
127 81 is sleeping
127 74 is sleeping
127 130 has taken a fork
127 78 is sleeping
127 76 is sleeping
127 137 has taken a fork
128 176 has taken a fork
128 178 has taken a fork
128 83 is sleeping
128 132 has taken a fork
128 181 has taken a fork
129 139 has taken a fork
129 174 has taken a fork
129 179 has taken a fork
129 136 has taken a fork
129 82 is sleeping
129 80 is sleeping
129 85 is sleeping
129 180 has taken a fork
129 183 has taken a fork
129 108 is eating
129 185 has taken a fork
130 141 has taken a fork
130 138 has taken a fork
130 143 has taken a fork
130 140 has taken a fork
130 113 is eating
130 111 is eating
130 84 is sleeping
130 87 is sleeping
130 182 has taken a fork
130 187 has taken a fork
131 89 is sleeping
131 184 has taken a fork
131 110 is eating
131 145 has taken a fork
132 115 is eating
132 112 is eating
133 149 has taken a fork
133 147 has taken a fork
133 142 has taken a fork
133 91 is sleeping
133 117 is eating
134 86 is sleeping
134 93 is sleeping
135 189 has taken a fork
135 186 has taken a fork
135 191 has taken a fork
135 88 is sleeping
136 144 has taken a fork
136 188 has taken a fork
136 114 is eating
136 146 has taken a fork
136 97 is sleeping
136 95 is sleeping
136 148 has taken a fork
136 90 is sleeping
137 92 is sleeping
137 190 has taken a fork
137 193 has taken a fork
137 192 has taken a fork
137 195 has taken a fork
137 153 has taken a fork
137 150 has taken a fork
137 94 is sleeping
137 151 has taken a fork
137 197 has taken a fork
138 155 has taken a fork
138 152 has taken a fork
138 154 has taken a fork
138 119 is eating
138 116 is eating
138 120 is eating
138 121 is eating
138 157 has taken a fork
138 156 has taken a fork
138 96 is sleeping
139 101 is sleeping
140 99 is sleeping
140 159 has taken a fork
140 198 has taken a fork
140 194 has taken a fork
140 196 has taken a fork
140 118 is eating
140 161 has taken a fork
140 123 is eating
140 125 is eating
140 122 is eating
140 165 has taken a fork
140 162 has taken a fork
140 163 has taken a fork
141 164 has taken a fork
141 160 has taken a fork
141 167 has taken a fork
141 158 has taken a fork
141 169 has taken a fork
141 166 has taken a fork
141 168 has taken a fork
141 170 has taken a fork
141 127 is eating
141 129 is eating
141 131 is eating
141 126 is eating
141 171 has taken a fork
141 173 has taken a fork
141 175 has taken a fork
141 172 has taken a fork
141 177 has taken a fork
141 133 is eating
141 128 is eating
142 134 is eating
142 135 is eating
142 124 is eating
142 130 is eating
142 137 is eating
142 176 has taken a fork
142 178 has taken a fork
142 132 is eating
142 181 has taken a fork
142 139 is eating
142 174 has taken a fork
142 179 has taken a fork
143 136 is eating
143 180 has taken a fork
143 183 has taken a fork
143 185 has taken a fork
143 141 is eating
143 138 is eating
143 143 is eating
143 140 is eating
143 182 has taken a fork
143 187 has taken a fork
143 184 has taken a fork
143 145 is eating
143 149 is eating
143 147 is eating
143 142 is eating
143 189 has taken a fork
143 186 has taken a fork
143 191 has taken a fork
144 144 is eating
144 188 has taken a fork
144 146 is eating
144 148 is eating
144 190 has taken a fork
144 193 has taken a fork
144 192 has taken a fork
144 195 has taken a fork
144 153 is eating
144 150 is eating
144 151 is eating
144 197 has taken a fork
144 155 is eating
144 152 is eating
144 154 is eating
145 157 is eating
145 156 is eating
145 159 is eating
145 198 has taken a fork
145 194 has taken a fork
145 196 has taken a fork
145 161 is eating
145 165 is eating
145 162 is eating
145 163 is eating
146 164 is eating
146 160 is eating
146 167 is eating
146 158 is eating
146 169 is eating
147 166 is eating
147 168 is eating
147 170 is eating
147 171 is eating
147 173 is eating
147 175 is eating
148 172 is eating
148 177 is eating
148 176 is eating
148 178 is eating
148 181 is eating
148 174 is eating
149 179 is eating
149 180 is eating
149 183 is eating
149 185 is eating
150 182 is eating
150 187 is eating
150 184 is eating
150 189 is eating
150 186 is eating
150 191 is eating
150 188 is eating
151 190 is eating
151 193 is eating
151 192 is eating
151 195 is eating
151 197 is eating
151 198 is eating
152 194 is eating
152 196 is eating
201 103 is sleeping
201 98 is sleeping
201 1 is thinking
201 3 is thinking
201 3 has taken a fork
201 3 has taken a fork
201 3 is eating
201 5 is thinking
202 13 is thinking
203 9 is thinking
203 7 is thinking
203 4 is thinking
203 2 is thinking
204 1 has taken a fork
204 1 has taken a fork
204 1 is eating
205 6 is thinking
205 19 is thinking
205 11 is thinking
207 21 is thinking
208 17 is thinking
208 12 is thinking
209 15 is thinking
211 8 is thinking
213 10 is thinking
213 105 is sleeping
214 5 has taken a fork
215 27 is thinking
216 23 is thinking
216 22 is thinking
217 29 is thinking
218 25 is thinking
220 16 is thinking
220 14 is thinking
220 20 is thinking
222 24 is thinking
222 100 is sleeping
222 107 is sleeping
222 31 is thinking
222 9 has taken a fork
222 33 is thinking
222 39 is thinking
222 30 is thinking
223 26 is thinking
224 102 is sleeping
224 109 is sleeping
224 28 is thinking
224 104 is sleeping
224 18 is thinking
224 34 is thinking
224 37 is thinking
224 35 is thinking
224 45 is thinking
224 41 is thinking
224 40 is thinking
227 36 is thinking
227 7 has taken a fork
227 4 has taken a fork
229 13 has taken a fork
229 32 is thinking
230 43 is thinking
230 106 is sleeping
230 6 has taken a fork
231 5 has taken a fork
231 47 is thinking
231 2 has taken a fork
231 49 is thinking
231 44 is thinking
231 53 is thinking
231 51 is thinking
231 38 is thinking
231 42 is thinking
231 46 is thinking
231 111 is sleeping
231 108 is sleeping
231 113 is sleeping
232 19 has taken a fork
232 50 is thinking
232 52 is thinking
232 115 is sleeping
232 11 has taken a fork
232 21 has taken a fork
232 112 is sleeping
232 110 is sleeping
232 17 has taken a fork
232 57 is thinking
232 55 is thinking
232 59 is thinking
232 15 has taken a fork
232 12 has taken a fork
232 117 is sleeping
232 48 is thinking
232 61 is thinking
232 56 is thinking
232 54 is thinking
232 114 is sleeping
232 58 is thinking
233 65 is thinking
233 8 has taken a fork
233 67 is thinking
233 63 is thinking
233 10 has taken a fork
233 116 is sleeping
233 119 is sleeping
233 120 is sleeping
233 121 is sleeping
233 123 is sleeping
233 118 is sleeping
233 122 is sleeping
233 64 is thinking
233 62 is thinking
233 60 is thinking
234 125 is sleeping
234 69 is thinking
234 68 is thinking
234 27 has taken a fork
234 23 has taken a fork
235 29 has taken a fork
235 22 has taken a fork
235 25 has taken a fork
235 16 has taken a fork
235 14 has taken a fork
235 9 has taken a fork
235 20 has taken a fork
235 128 is sleeping
235 127 is sleeping
235 129 is sleeping
235 131 is sleeping
235 133 is sleeping
235 126 is sleeping
235 31 has taken a fork
235 26 has taken a fork
235 71 is thinking
235 66 is thinking
235 73 is thinking
235 24 has taken a fork
235 33 has taken a fork
235 39 has taken a fork
236 30 has taken a fork
236 132 is sleeping
236 134 is sleeping
236 139 is sleeping
236 137 is sleeping
236 130 is sleeping
237 135 is sleeping
237 124 is sleeping
237 28 has taken a fork
237 18 has taken a fork
237 34 has taken a fork
237 37 has taken a fork
237 35 has taken a fork
237 45 has taken a fork
237 41 has taken a fork
237 138 is sleeping
237 136 is sleeping
237 140 is sleeping
237 143 is sleeping
237 149 is sleeping
237 141 is sleeping
237 142 is sleeping
237 145 is sleeping
237 147 is sleeping
237 154 is sleeping
238 150 is sleeping
238 146 is sleeping
238 144 is sleeping
238 151 is sleeping
238 148 is sleeping
238 153 is sleeping
238 152 is sleeping
239 155 is sleeping
239 79 is thinking
239 77 is thinking
239 161 is sleeping
240 159 is sleeping
240 157 is sleeping
240 156 is sleeping
241 78 is thinking
241 72 is thinking
241 74 is thinking
245 76 is thinking
245 75 is thinking
246 36 has taken a fork
247 81 is thinking
247 70 is thinking
248 40 has taken a fork
249 7 has taken a fork
249 165 is sleeping
249 163 is sleeping
250 158 is sleeping
250 162 is sleeping
250 164 is sleeping
250 160 is sleeping
250 167 is sleeping
251 83 is thinking
251 4 has taken a fork
251 169 is sleeping
252 168 is sleeping
252 166 is sleeping
253 80 is thinking
253 170 is sleeping
255 85 is thinking
255 82 is thinking
258 13 has taken a fork
258 32 has taken a fork
259 171 is sleeping
259 173 is sleeping
259 177 is sleeping
259 175 is sleeping
260 84 is thinking
260 172 is sleeping
261 87 is thinking
261 43 has taken a fork
261 6 has taken a fork
261 181 is sleeping
262 5 is eating
262 47 has taken a fork
262 178 is sleeping
262 2 has taken a fork
262 176 is sleeping
262 179 is sleeping
262 49 has taken a fork
262 174 is sleeping
262 89 is thinking
262 44 has taken a fork
262 53 has taken a fork
262 51 has taken a fork
262 38 has taken a fork
262 42 has taken a fork
262 46 has taken a fork
262 183 is sleeping
263 185 is sleeping
263 180 is sleeping
263 19 has taken a fork
263 50 has taken a fork
264 52 has taken a fork
264 11 has taken a fork
264 21 has taken a fork
264 17 has taken a fork
264 57 has taken a fork
264 55 has taken a fork
265 59 has taken a fork
265 15 has taken a fork
265 12 has taken a fork
265 48 has taken a fork
265 61 has taken a fork
265 56 has taken a fork
265 54 has taken a fork
265 58 has taken a fork
265 191 is sleeping
265 186 is sleeping
265 184 is sleeping
265 189 is sleeping
265 188 is sleeping
266 182 is sleeping
266 187 is sleeping
266 65 has taken a fork
266 91 is thinking
266 8 has taken a fork
266 67 has taken a fork
266 63 has taken a fork
267 10 has taken a fork
267 64 has taken a fork
268 60 has taken a fork
268 62 has taken a fork
268 193 is sleeping
268 190 is sleeping
268 195 is sleeping
268 192 is sleeping
268 86 is thinking
268 93 is thinking
268 69 has taken a fork
268 68 has taken a fork
268 27 has taken a fork
268 23 has taken a fork
268 197 is sleeping
269 29 has taken a fork
269 22 has taken a fork
269 25 has taken a fork
269 16 has taken a fork
269 14 has taken a fork
269 9 is eating
269 20 has taken a fork
269 31 has taken a fork
270 26 has taken a fork
270 71 has taken a fork
270 66 has taken a fork
270 73 has taken a fork
270 24 has taken a fork
270 33 has taken a fork
271 39 has taken a fork
271 198 is sleeping
271 196 is sleeping
271 194 is sleeping
271 95 is thinking
271 90 is thinking
271 88 is thinking
271 97 is thinking
271 30 has taken a fork
271 92 is thinking
271 28 has taken a fork
271 18 has taken a fork
271 94 is thinking
271 34 has taken a fork
272 37 has taken a fork
272 35 has taken a fork
272 45 has taken a fork
272 41 has taken a fork
273 79 has taken a fork
273 96 is thinking
273 77 has taken a fork
273 99 is thinking
273 101 is thinking
273 78 has taken a fork
274 72 has taken a fork
274 74 has taken a fork
274 76 has taken a fork
274 75 has taken a fork
274 36 has taken a fork
275 81 has taken a fork
275 70 has taken a fork
275 40 has taken a fork
275 7 is eating
275 83 has taken a fork
275 4 is eating
275 80 has taken a fork
275 85 has taken a fork
275 82 has taken a fork
276 13 is eating
276 32 has taken a fork
276 84 has taken a fork
277 87 has taken a fork
277 43 has taken a fork
277 6 is eating
277 47 has taken a fork
278 2 is eating
278 49 has taken a fork
278 44 has taken a fork
278 89 has taken a fork
278 51 has taken a fork
279 53 has taken a fork
279 38 has taken a fork
279 42 has taken a fork
280 46 has taken a fork
280 19 is eating
280 50 has taken a fork
280 52 has taken a fork
280 11 is eating
280 21 is eating
281 17 is eating
281 57 has taken a fork
281 55 has taken a fork
281 59 has taken a fork
281 15 is eating
282 12 is eating
282 48 has taken a fork
282 61 has taken a fork
282 56 has taken a fork
282 54 has taken a fork
282 58 has taken a fork
282 65 has taken a fork
282 91 has taken a fork
282 8 is eating
282 67 has taken a fork
282 63 has taken a fork
282 64 has taken a fork
282 10 is eating
283 60 has taken a fork
283 62 has taken a fork
283 86 has taken a fork
283 93 has taken a fork
283 69 has taken a fork
283 68 has taken a fork
284 27 is eating
284 23 is eating
284 29 is eating
284 22 is eating
284 25 is eating
284 16 is eating
286 14 is eating
286 20 is eating
287 31 is eating
287 26 is eating
288 71 has taken a fork
289 66 has taken a fork
289 73 has taken a fork
290 24 is eating
290 33 is eating
290 39 is eating
290 95 has taken a fork
290 90 has taken a fork
290 88 has taken a fork
290 97 has taken a fork
290 30 is eating
290 92 has taken a fork
290 28 is eating
290 18 is eating
291 94 has taken a fork
291 34 is eating
292 37 is eating
292 35 is eating
293 45 is eating
293 41 is eating
293 79 has taken a fork
294 96 has taken a fork
294 77 has taken a fork
294 99 has taken a fork
294 101 has taken a fork
294 78 has taken a fork
294 72 has taken a fork
294 74 has taken a fork
295 76 has taken a fork
295 75 has taken a fork
295 36 is eating
296 81 has taken a fork
296 70 has taken a fork
296 40 is eating
297 83 has taken a fork
297 80 has taken a fork
297 85 has taken a fork
298 82 has taken a fork
299 32 is eating
299 84 has taken a fork
299 87 has taken a fork
300 43 is eating
300 47 is eating
301 49 is eating
301 44 is eating
301 89 has taken a fork
301 51 is eating
301 53 is eating
302 38 is eating
302 42 is eating
302 46 is eating
302 50 is eating
303 52 is eating
303 57 is eating
303 55 is eating
304 59 is eating
304 48 is eating
304 61 is eating
304 56 is eating
304 54 is eating
305 58 is eating
305 65 is eating
305 91 has taken a fork
305 67 is eating
305 63 is eating
305 64 is eating
305 62 is eating
306 60 is eating
307 86 has taken a fork
307 93 has taken a fork
307 69 is eating
307 68 is eating
307 66 is eating
307 71 is eating
307 73 is eating
307 95 has taken a fork
307 90 has taken a fork
307 88 has taken a fork
307 97 has taken a fork
308 92 has taken a fork
308 94 has taken a fork
308 79 is eating
308 96 has taken a fork
309 77 is eating
309 99 has taken a fork
309 101 has taken a fork
309 78 is eating
309 72 is eating
309 74 is eating
309 76 is eating
309 75 is eating
309 81 is eating
310 70 is eating
310 83 is eating
311 80 is eating
311 85 is eating
311 82 is eating
312 84 is eating
312 87 is eating
312 103 is thinking
312 89 is eating
314 98 is thinking
317 3 is sleeping
317 1 is sleeping
318 91 is eating
318 86 is eating
319 93 is eating
319 95 is eating
320 90 is eating
320 88 is eating
320 97 is eating
321 92 is eating
321 94 is eating
321 96 is eating
322 99 is eating
322 101 is eating
323 103 has taken a fork
326 105 is thinking
328 98 has taken a fork
329 100 is thinking
330 103 has taken a fork
332 107 is thinking
334 102 is thinking
335 109 is thinking
336 104 is thinking
338 98 has taken a fork
340 106 is thinking
341 103 is eating
342 112 is thinking
342 114 is thinking
344 117 is thinking
344 111 is thinking
348 113 is thinking
349 115 is thinking
349 108 is thinking
351 110 is thinking
351 118 is thinking
352 120 is thinking
353 122 is thinking
353 5 is sleeping
354 116 is thinking
355 119 is thinking
356 125 is thinking
357 123 is thinking
357 121 is thinking
357 129 is thinking
357 131 is thinking
357 126 is thinking
358 105 has taken a fork
358 127 is thinking
360 133 is thinking
361 128 is thinking
361 130 is thinking
361 139 is thinking
363 132 is thinking
363 137 is thinking
364 134 is thinking
364 141 is thinking
364 138 is thinking
364 143 is thinking
364 140 is thinking
364 153 is thinking
364 152 is thinking
365 148 is thinking
365 145 is thinking
366 135 is thinking
367 147 is thinking
367 146 is thinking
367 124 is thinking
367 142 is thinking
367 150 is thinking
367 149 is thinking
367 136 is thinking
368 151 is thinking
368 144 is thinking
368 154 is thinking
368 98 is eating
368 157 is thinking
369 156 is thinking
369 9 is sleeping
369 161 is thinking
369 155 is thinking
369 159 is thinking
369 100 has taken a fork
369 7 is sleeping
369 4 is sleeping
369 107 has taken a fork
370 102 has taken a fork
370 6 is sleeping
370 13 is sleeping
370 2 is sleeping
370 19 is sleeping
370 109 has taken a fork
370 106 has taken a fork
370 165 is thinking
370 15 is sleeping
370 21 is sleeping
370 11 is sleeping
370 112 has taken a fork
370 17 is sleeping
370 163 is thinking
370 104 has taken a fork
370 114 has taken a fork
370 117 has taken a fork
370 111 has taken a fork
370 113 has taken a fork
370 158 is thinking
371 12 is sleeping
371 164 is thinking
371 162 is thinking
371 160 is thinking
371 167 is thinking
371 115 has taken a fork
371 10 is sleeping
372 8 is sleeping
372 169 is thinking
372 108 has taken a fork
372 110 has taken a fork
372 166 is thinking
372 168 is thinking
372 16 is sleeping
372 22 is sleeping
372 27 is sleeping
372 29 is sleeping
372 23 is sleeping
373 118 has taken a fork
373 25 is sleeping
373 122 has taken a fork
373 170 is thinking
373 120 has taken a fork
373 20 is sleeping
373 14 is sleeping
373 116 has taken a fork
373 31 is sleeping
373 26 is sleeping
373 119 has taken a fork
373 125 has taken a fork
373 30 is sleeping
373 123 has taken a fork
373 33 is sleeping
373 24 is sleeping
373 39 is sleeping
373 28 is sleeping
374 121 has taken a fork
374 129 has taken a fork
374 131 has taken a fork
374 126 has taken a fork
374 35 is sleeping
374 105 has taken a fork
374 34 is sleeping
375 37 is sleeping
375 18 is sleeping
375 127 has taken a fork
375 41 is sleeping
375 177 is thinking
376 45 is sleeping
376 175 is thinking
377 172 is thinking
377 133 has taken a fork
377 173 is thinking
377 171 is thinking
377 181 is thinking
377 36 is sleeping
377 128 has taken a fork
377 130 has taken a fork
377 139 has taken a fork
378 40 is sleeping
378 174 is thinking
378 179 is thinking
378 178 is thinking
378 176 is thinking
378 180 is thinking
378 185 is thinking
378 183 is thinking
378 132 has taken a fork
378 137 has taken a fork
378 32 is sleeping
378 134 has taken a fork
379 141 has taken a fork
379 138 has taken a fork
379 143 has taken a fork
379 140 has taken a fork
379 153 has taken a fork
379 189 is thinking
379 191 is thinking
379 188 is thinking
379 184 is thinking
379 186 is thinking
380 43 is sleeping
380 152 has taken a fork
380 44 is sleeping
380 51 is sleeping
380 49 is sleeping
380 187 is thinking
380 47 is sleeping
380 182 is thinking
381 53 is sleeping
381 148 has taken a fork
381 145 has taken a fork
381 135 has taken a fork
381 46 is sleeping
381 42 is sleeping
382 38 is sleeping
382 147 has taken a fork
382 50 is sleeping
382 146 has taken a fork
382 124 has taken a fork
382 142 has taken a fork
382 150 has taken a fork
383 149 has taken a fork
384 54 is sleeping
384 195 is thinking
384 52 is sleeping
384 61 is sleeping
384 55 is sleeping
385 48 is sleeping
385 193 is thinking
385 197 is thinking
385 57 is sleeping
385 56 is sleeping
385 190 is thinking
385 59 is sleeping
386 192 is thinking
386 136 has taken a fork
386 151 has taken a fork
386 144 has taken a fork
386 154 has taken a fork
386 157 has taken a fork
386 63 is sleeping
386 62 is sleeping
386 156 has taken a fork
386 64 is sleeping
386 67 is sleeping
386 65 is sleeping
386 161 has taken a fork
387 58 is sleeping
387 155 has taken a fork
387 159 has taken a fork
387 100 has taken a fork
387 107 has taken a fork
387 102 has taken a fork
387 60 is sleeping
387 109 has taken a fork
387 106 has taken a fork
388 165 has taken a fork
388 112 has taken a fork
388 163 has taken a fork
388 104 has taken a fork
389 114 has taken a fork
389 117 has taken a fork
389 111 has taken a fork
390 113 has taken a fork
390 194 is thinking
390 158 has taken a fork
390 69 is sleeping
391 68 is sleeping
391 73 is sleeping
391 198 is thinking
391 66 is sleeping
391 196 is thinking
391 71 is sleeping
392 164 has taken a fork
392 162 has taken a fork
392 160 has taken a fork
392 167 has taken a fork
392 115 has taken a fork
393 169 has taken a fork
393 108 has taken a fork
393 110 has taken a fork
393 166 has taken a fork
393 168 has taken a fork
393 118 has taken a fork
393 122 has taken a fork
393 170 has taken a fork
393 120 has taken a fork
393 116 has taken a fork
393 119 has taken a fork
393 125 has taken a fork
393 123 has taken a fork
393 77 is sleeping
393 79 is sleeping
393 121 has taken a fork
393 129 has taken a fork
394 131 has taken a fork
394 126 has taken a fork
394 105 is eating
394 72 is sleeping
394 78 is sleeping
394 74 is sleeping
394 127 has taken a fork
394 177 has taken a fork
394 175 has taken a fork
395 76 is sleeping
395 75 is sleeping
395 172 has taken a fork
395 133 has taken a fork
395 173 has taken a fork
395 171 has taken a fork
396 181 has taken a fork
396 128 has taken a fork
397 130 has taken a fork
400 139 has taken a fork
400 81 is sleeping
401 174 has taken a fork
401 179 has taken a fork
401 132 has taken a fork
401 137 has taken a fork
401 134 has taken a fork
402 141 has taken a fork
402 70 is sleeping
402 178 has taken a fork
402 138 has taken a fork
403 143 has taken a fork
403 140 has taken a fork
403 153 has taken a fork
404 152 has taken a fork
404 83 is sleeping
404 176 has taken a fork
404 148 has taken a fork
404 145 has taken a fork
404 135 has taken a fork
404 80 is sleeping
405 180 has taken a fork
405 147 has taken a fork
405 146 has taken a fork
405 124 has taken a fork
405 142 has taken a fork
405 150 has taken a fork
405 85 is sleeping
406 185 has taken a fork
406 149 has taken a fork
406 82 is sleeping
407 183 has taken a fork
407 84 is sleeping
407 136 has taken a fork
407 151 has taken a fork
407 144 has taken a fork
407 154 has taken a fork
407 157 has taken a fork
407 156 has taken a fork
407 189 has taken a fork
407 161 has taken a fork
407 155 has taken a fork
407 159 has taken a fork
407 100 is eating
408 87 is sleeping
408 107 is eating
408 89 is sleeping
408 102 is eating
408 109 is eating
408 106 is eating
408 188 has taken a fork
410 165 has taken a fork
410 112 is eating
411 191 has taken a fork
411 163 has taken a fork
411 104 is eating
411 114 is eating
411 117 is eating
411 111 is eating
412 113 is eating
412 158 has taken a fork
412 164 has taken a fork
412 162 has taken a fork
412 91 is sleeping
412 160 has taken a fork
412 184 has taken a fork
414 167 has taken a fork
414 115 is eating
414 86 is sleeping
414 169 has taken a fork
414 108 is eating
414 110 is eating
414 166 has taken a fork
414 168 has taken a fork
414 118 is eating
414 122 is eating
415 170 has taken a fork
415 120 is eating
415 116 is eating
415 119 is eating
415 125 is eating
415 123 is eating
415 186 has taken a fork
417 121 is eating
417 129 is eating
418 93 is sleeping
418 187 has taken a fork
419 131 is eating
420 126 is eating
420 127 is eating
421 177 has taken a fork
421 175 has taken a fork
421 95 is sleeping
421 182 has taken a fork
421 172 has taken a fork
421 133 is eating
421 173 has taken a fork
421 171 has taken a fork
421 181 has taken a fork
422 94 is sleeping
422 128 is eating
423 90 is sleeping
424 97 is sleeping
424 88 is sleeping
425 193 has taken a fork
425 197 has taken a fork
425 195 has taken a fork
426 130 is eating
426 92 is sleeping
426 192 has taken a fork
426 96 is sleeping
427 101 is sleeping
427 194 has taken a fork
428 99 is sleeping
428 139 is eating
429 196 has taken a fork
430 198 has taken a fork
431 190 has taken a fork
433 174 has taken a fork
434 179 has taken a fork
437 132 is eating
437 137 is eating
437 134 is eating
438 141 is eating
440 178 has taken a fork
441 138 is eating
441 143 is eating
442 140 is eating
444 153 is eating
448 152 is eating
450 176 has taken a fork
450 148 is eating
450 145 is eating
450 135 is eating
450 147 is eating
450 146 is eating
450 124 is eating
450 142 is eating
450 150 is eating
451 180 has taken a fork
453 185 has taken a fork
453 149 is eating
455 183 has taken a fork
455 136 is eating
455 151 is eating
455 144 is eating
455 154 is eating
455 157 is eating
456 156 is eating
456 189 has taken a fork
457 161 is eating
457 155 is eating
457 159 is eating
458 188 has taken a fork
461 165 is eating
462 191 has taken a fork
462 163 is eating
463 158 is eating
464 164 is eating
464 162 is eating
466 160 is eating
468 184 has taken a fork
468 167 is eating
468 169 is eating
468 166 is eating
469 168 is eating
469 170 is eating
469 186 has taken a fork
469 3 is thinking
469 1 is thinking
470 187 has taken a fork
471 177 is eating
471 175 is eating
473 182 has taken a fork
473 172 is eating
474 173 is eating
474 171 is eating
476 181 is eating
476 193 has taken a fork
477 197 has taken a fork
478 195 has taken a fork
478 192 has taken a fork
480 103 is sleeping
481 194 has taken a fork
483 196 has taken a fork
484 198 has taken a fork
485 190 has taken a fork
486 174 is eating
486 179 is eating
487 178 is eating
487 98 is sleeping
487 176 is eating
487 180 is eating
487 185 is eating
490 5 is thinking
491 183 is eating
491 189 is eating
492 188 is eating
492 191 is eating
492 105 is sleeping
492 184 is eating
493 9 is thinking
493 4 is thinking
493 7 is thinking
493 186 is eating
494 1 has taken a fork
494 17 is thinking
494 2 is thinking
494 13 is thinking
494 3 has taken a fork
494 21 is thinking
494 6 is thinking
494 19 is thinking
494 15 is thinking
494 187 is eating
495 12 is thinking
495 11 is thinking
495 10 is thinking
495 30 is thinking
495 24 is thinking
495 23 is thinking
495 28 is thinking
495 39 is thinking
495 16 is thinking
495 33 is thinking
495 22 is thinking
495 8 is thinking
495 29 is thinking
496 27 is thinking
496 14 is thinking
497 182 is eating
497 25 is thinking
497 31 is thinking
497 37 is thinking
497 18 is thinking
497 100 is sleeping
497 35 is thinking
497 41 is thinking
497 102 is sleeping
498 107 is sleeping
498 26 is thinking
498 34 is thinking
498 45 is thinking
498 20 is thinking
501 193 is eating
501 197 is eating
501 36 is thinking
501 106 is sleeping
501 32 is thinking
501 109 is sleeping
501 40 is thinking
501 195 is eating
501 192 is eating
501 112 is sleeping
502 44 is thinking
502 47 is thinking
502 104 is sleeping
502 43 is thinking
502 114 is sleeping
502 111 is sleeping
502 117 is sleeping
502 49 is thinking
503 51 is thinking
503 53 is thinking
503 46 is thinking
503 113 is sleeping
503 194 is eating
504 38 is thinking
505 50 is thinking
505 42 is thinking
505 115 is sleeping
505 110 is sleeping
505 196 is eating
506 108 is sleeping
506 122 is sleeping
506 120 is sleeping
507 54 is thinking
507 118 is sleeping
507 55 is thinking
507 61 is thinking
507 52 is thinking
507 198 is eating
507 116 is sleeping
507 119 is sleeping
507 59 is thinking
507 56 is thinking
507 48 is thinking
507 57 is thinking
508 190 is eating
508 62 is thinking
508 125 is sleeping
508 123 is sleeping
508 65 is thinking
508 63 is thinking
508 64 is thinking
509 67 is thinking
509 60 is thinking
509 121 is sleeping
509 58 is thinking
509 129 is sleeping
509 127 is sleeping
509 126 is sleeping
509 131 is sleeping
509 5 has taken a fork
509 69 is thinking
509 71 is thinking
509 133 is sleeping
510 66 is thinking
510 68 is thinking
510 73 is thinking
510 128 is sleeping
510 9 has taken a fork
510 79 is thinking
510 4 has taken a fork
510 7 has taken a fork
510 77 is thinking
510 1 has taken a fork
510 2 has taken a fork
510 17 has taken a fork
511 13 has taken a fork
511 74 is thinking
511 78 is thinking
511 72 is thinking
511 3 has taken a fork
511 21 has taken a fork
511 6 has taken a fork
511 130 is sleeping
511 19 has taken a fork
511 15 has taken a fork
511 76 is thinking
511 75 is thinking
511 12 has taken a fork
511 139 is sleeping
511 11 has taken a fork
512 10 has taken a fork
512 30 has taken a fork
512 24 has taken a fork
512 23 has taken a fork
513 28 has taken a fork
513 39 has taken a fork
513 16 has taken a fork
513 33 has taken a fork
513 22 has taken a fork
513 8 has taken a fork
513 29 has taken a fork
513 27 has taken a fork
513 14 has taken a fork
513 25 has taken a fork
513 31 has taken a fork
513 37 has taken a fork
513 18 has taken a fork
513 41 has taken a fork
514 81 is thinking
514 132 is sleeping
514 35 has taken a fork
514 141 is sleeping
514 26 has taken a fork
514 134 is sleeping
514 137 is sleeping
514 45 has taken a fork
514 20 has taken a fork
514 70 is thinking
515 143 is sleeping
515 34 has taken a fork
515 138 is sleeping
515 36 has taken a fork
515 140 is sleeping
515 32 has taken a fork
515 80 is thinking
515 83 is thinking
515 85 is thinking
515 153 is sleeping
515 40 has taken a fork
516 82 is thinking
516 84 is thinking
516 152 is sleeping
516 44 has taken a fork
516 135 is sleeping
516 148 is sleeping
517 43 has taken a fork
517 145 is sleeping
517 89 is thinking
517 87 is thinking
517 47 has taken a fork
517 49 has taken a fork
517 150 is sleeping
517 147 is sleeping
517 53 has taken a fork
518 51 has taken a fork
518 142 is sleeping
518 146 is sleeping
518 124 is sleeping
518 46 has taken a fork
518 38 has taken a fork
519 50 has taken a fork
519 5 has taken a fork
519 149 is sleeping
519 42 has taken a fork
519 9 has taken a fork
520 4 has taken a fork
520 7 has taken a fork
520 1 is eating
521 2 has taken a fork
522 17 has taken a fork
522 13 has taken a fork
522 3 is eating
522 21 has taken a fork
522 6 has taken a fork
523 19 has taken a fork
523 15 has taken a fork
523 12 has taken a fork
524 11 has taken a fork
524 136 is sleeping
524 151 is sleeping
524 91 is thinking
525 54 has taken a fork
525 154 is sleeping
525 61 has taken a fork
525 157 is sleeping
525 52 has taken a fork
525 55 has taken a fork
526 144 is sleeping
526 10 has taken a fork
527 59 has taken a fork
529 30 has taken a fork
530 24 has taken a fork
530 23 has taken a fork
530 28 has taken a fork
530 155 is sleeping
530 39 has taken a fork
530 159 is sleeping
530 48 has taken a fork
530 56 has taken a fork
531 161 is sleeping
531 57 has taken a fork
531 16 has taken a fork
531 33 has taken a fork
532 156 is sleeping
532 22 has taken a fork
533 8 has taken a fork
533 29 has taken a fork
533 27 has taken a fork
533 14 has taken a fork
534 25 has taken a fork
535 31 has taken a fork
535 37 has taken a fork
535 18 has taken a fork
535 41 has taken a fork
535 86 is thinking
535 35 has taken a fork
535 26 has taken a fork
535 62 has taken a fork
535 45 has taken a fork
535 20 has taken a fork
535 34 has taken a fork
535 36 has taken a fork
536 32 has taken a fork
536 40 has taken a fork
536 163 is sleeping
536 165 is sleeping
536 63 has taken a fork
536 65 has taken a fork
537 44 has taken a fork
537 43 has taken a fork
537 158 is sleeping
537 64 has taken a fork
537 47 has taken a fork
537 49 has taken a fork
538 53 has taken a fork
538 164 is sleeping
538 162 is sleeping
538 93 is thinking
539 67 has taken a fork
539 51 has taken a fork
539 46 has taken a fork
539 38 has taken a fork
539 50 has taken a fork
539 160 is sleeping
539 5 is eating
539 42 has taken a fork
539 9 is eating
540 60 has taken a fork
540 169 is sleeping
540 166 is sleeping
541 69 has taken a fork
541 71 has taken a fork
542 58 has taken a fork
542 4 is eating
542 167 is sleeping
542 66 has taken a fork
543 7 is eating
543 168 is sleeping
543 68 has taken a fork
544 95 is thinking
544 170 is sleeping
544 2 is eating
544 73 has taken a fork
544 94 is thinking
545 17 is eating
545 13 is eating
545 21 is eating
545 6 is eating
545 90 is thinking
546 177 is sleeping
547 79 has taken a fork
547 19 is eating
547 15 is eating
547 97 is thinking
547 88 is thinking
547 175 is sleeping
547 12 is eating
548 11 is eating
548 77 has taken a fork
548 54 has taken a fork
548 172 is sleeping
548 74 has taken a fork
548 61 has taken a fork
548 52 has taken a fork
549 55 has taken a fork
549 171 is sleeping
549 92 is thinking
549 96 is thinking
549 173 is sleeping
549 78 has taken a fork
549 72 has taken a fork
549 10 is eating
549 101 is thinking
549 59 has taken a fork
549 181 is sleeping
549 76 has taken a fork
549 99 is thinking
550 30 is eating
550 24 is eating
550 23 is eating
550 28 is eating
551 39 is eating
551 48 has taken a fork
551 56 has taken a fork
551 57 has taken a fork
551 16 is eating
552 33 is eating
552 174 is sleeping
552 75 has taken a fork
552 22 is eating
552 8 is eating
552 178 is sleeping
552 179 is sleeping
552 81 has taken a fork
552 70 has taken a fork
552 29 is eating
552 27 is eating
553 14 is eating
554 80 has taken a fork
554 176 is sleeping
554 25 is eating
555 31 is eating
556 37 is eating
556 18 is eating
556 41 is eating
556 35 is eating
556 180 is sleeping
556 83 has taken a fork
556 26 is eating
557 62 has taken a fork
557 45 is eating
557 20 is eating
557 34 is eating
557 36 is eating
558 32 is eating
558 185 is sleeping
558 40 is eating
558 85 has taken a fork
558 63 has taken a fork
558 65 has taken a fork
558 44 is eating
559 43 is eating
559 64 has taken a fork
559 47 is eating
560 49 is eating
560 183 is sleeping
560 82 has taken a fork
561 53 is eating
561 67 has taken a fork
561 189 is sleeping
561 51 is eating
561 84 has taken a fork
562 46 is eating
562 38 is eating
562 50 is eating
562 42 is eating
562 191 is sleeping
563 89 has taken a fork
563 188 is sleeping
564 87 has taken a fork
565 60 has taken a fork
567 69 has taken a fork
569 71 has taken a fork
569 58 has taken a fork
571 184 is sleeping
571 91 has taken a fork
571 66 has taken a fork
572 68 has taken a fork
572 186 is sleeping
572 86 has taken a fork
573 73 has taken a fork
573 187 is sleeping
573 93 has taken a fork
573 182 is sleeping
574 95 has taken a fork
574 79 has taken a fork
574 77 has taken a fork
574 54 is eating
574 74 has taken a fork
575 61 is eating
575 52 is eating
575 193 is sleeping
575 195 is sleeping
575 55 is eating
576 97 has taken a fork
576 90 has taken a fork
576 192 is sleeping
576 78 has taken a fork
576 72 has taken a fork
578 59 is eating
578 76 has taken a fork
581 197 is sleeping
583 94 has taken a fork
583 88 has taken a fork
583 48 is eating
584 56 is eating
584 57 is eating
584 92 has taken a fork
584 194 is sleeping
584 75 has taken a fork
584 81 has taken a fork
584 70 has taken a fork
585 196 is sleeping
585 96 has taken a fork
585 190 is sleeping
585 101 has taken a fork
586 198 is sleeping
586 99 has taken a fork
586 80 has taken a fork
586 83 has taken a fork
587 62 is eating
587 85 has taken a fork
587 63 is eating
588 65 is eating
588 64 is eating
588 82 has taken a fork
589 67 is eating
589 84 has taken a fork
590 89 has taken a fork
590 87 has taken a fork
590 60 is eating
591 69 is eating
592 71 is eating
593 58 is eating
593 91 has taken a fork
594 66 is eating
594 68 is eating
594 86 has taken a fork
595 73 is eating
595 93 has taken a fork
595 95 has taken a fork
595 79 is eating
595 77 is eating
596 74 is eating
596 97 has taken a fork
596 90 has taken a fork
596 78 is eating
597 72 is eating
597 76 is eating
598 103 is thinking
598 94 has taken a fork
599 88 has taken a fork
599 92 has taken a fork
599 75 is eating
601 81 is eating
602 70 is eating
603 96 has taken a fork
603 101 has taken a fork
604 99 has taken a fork
604 80 is eating
604 83 is eating
604 98 is thinking
604 85 is eating
605 82 is eating
606 84 is eating
606 89 is eating
606 87 is eating
606 105 is thinking
607 91 is eating
607 86 is eating
607 93 is eating
607 95 is eating
607 3 is sleeping
608 90 is eating
608 97 is eating
609 100 is thinking
609 1 is sleeping
610 103 has taken a fork
610 107 is thinking
610 102 is thinking
610 94 is eating
610 88 is eating
611 92 is eating
611 109 is thinking
611 106 is thinking
611 117 is thinking
611 112 is thinking
611 104 is thinking
611 96 is eating
611 101 is eating
612 113 is thinking
614 111 is thinking
615 114 is thinking
615 99 is eating
615 98 has taken a fork
615 115 is thinking
615 110 is thinking
615 108 is thinking
616 122 is thinking
616 120 is thinking
616 118 is thinking
616 119 is thinking
617 116 is thinking
618 125 is thinking
618 123 is thinking
618 133 is thinking
618 127 is thinking
618 129 is thinking
621 126 is thinking
621 121 is thinking
622 103 has taken a fork
623 128 is thinking
634 131 is thinking
648 130 is thinking
648 139 is thinking
648 134 is thinking
664 132 is thinking
665 137 is thinking
665 141 is thinking
665 153 is thinking
665 138 is thinking
665 5 is sleeping
665 143 is thinking
665 140 is thinking
665 98 has taken a fork
665 105 has taken a fork
665 9 is sleeping
665 100 has taken a fork
665 135 is thinking
665 148 is thinking
665 152 is thinking
665 147 is thinking
665 145 is thinking
665 150 is thinking
665 124 is thinking
665 146 is thinking
665 142 is thinking
665 4 is sleeping
666 7 is sleeping
666 107 has taken a fork
666 103 is eating
666 28 is sleeping
666 151 is thinking
666 109 has taken a fork
666 35 is sleeping
666 106 has taken a fork
667 16 is sleeping
667 18 is sleeping
667 39 is sleeping
667 49 is sleeping
667 29 is sleeping
667 23 is sleeping
667 44 is sleeping
667 161 is thinking
667 41 is sleeping
667 47 is sleeping
668 149 is thinking
668 159 is thinking
668 21 is sleeping
668 34 is sleeping
668 11 is sleeping
668 157 is thinking
668 154 is thinking
668 36 is sleeping
669 144 is thinking
669 26 is sleeping
669 8 is sleeping
669 136 is thinking
669 20 is sleeping
669 22 is sleeping
669 40 is sleeping
669 15 is sleeping
669 6 is sleeping
670 45 is sleeping
670 102 has taken a fork
670 14 is sleeping
670 43 is sleeping
670 2 is sleeping
670 25 is sleeping
670 31 is sleeping
670 12 is sleeping
674 32 is sleeping
678 37 is sleeping
678 24 is sleeping
678 17 is sleeping
678 10 is sleeping
678 13 is sleeping
678 156 is thinking
679 30 is sleeping
679 117 has taken a fork
679 104 has taken a fork
679 113 has taken a fork
679 33 is sleeping
679 27 is sleeping
679 155 is thinking
679 110 has taken a fork
679 108 has taken a fork
679 50 is sleeping
679 51 is sleeping
679 165 is thinking
679 163 is thinking
679 177 is thinking
680 116 has taken a fork
680 160 is thinking
680 42 is sleeping
680 61 is sleeping
680 164 is thinking
680 131 has taken a fork
680 111 has taken a fork
680 115 has taken a fork
680 122 has taken a fork
680 129 has taken a fork
680 121 has taken a fork
680 168 is thinking
680 169 is thinking
680 162 is thinking
680 170 is thinking
680 158 is thinking
681 114 has taken a fork
681 59 is sleeping
681 125 has taken a fork
681 120 has taken a fork
681 118 has taken a fork
682 123 has taken a fork
682 133 has taken a fork
683 127 has taken a fork
683 126 has taken a fork
683 128 has taken a fork
683 167 is thinking
683 112 has taken a fork
683 119 has taken a fork
683 130 has taken a fork
683 175 is thinking
683 53 is sleeping
683 38 is sleeping
683 54 is sleeping
683 52 is sleeping
683 19 is sleeping
683 46 is sleeping
684 55 is sleeping
684 172 is thinking
685 48 is sleeping
686 166 is thinking
686 139 has taken a fork
686 134 has taken a fork
687 57 is sleeping
688 173 is thinking
688 56 is sleeping
688 181 is thinking
688 67 is sleeping
688 78 is sleeping
688 73 is sleeping
688 77 is sleeping
689 65 is sleeping
689 58 is sleeping
689 64 is sleeping
689 63 is sleeping
689 79 is sleeping
690 60 is sleeping
690 71 is sleeping
690 183 is thinking
690 188 is thinking
690 180 is thinking
690 189 is thinking
690 185 is thinking
690 178 is thinking
691 174 is thinking
691 179 is thinking
691 176 is thinking
691 191 is thinking
691 69 is sleeping
691 171 is thinking
691 62 is sleeping
692 132 has taken a fork
692 74 is sleeping
692 66 is sleeping
692 68 is sleeping
692 76 is sleeping
692 72 is sleeping
694 137 has taken a fork
694 141 has taken a fork
694 153 has taken a fork
695 138 has taken a fork
695 143 has taken a fork
696 140 has taken a fork
696 98 is eating
696 105 has taken a fork
696 100 has taken a fork
696 135 has taken a fork
697 148 has taken a fork
698 152 has taken a fork
698 147 has taken a fork
698 145 has taken a fork
698 150 has taken a fork
698 124 has taken a fork
698 146 has taken a fork
698 142 has taken a fork
699 107 has taken a fork
699 75 is sleeping
699 151 has taken a fork
699 109 has taken a fork
699 106 has taken a fork
700 81 is sleeping
700 161 has taken a fork
700 70 is sleeping
700 149 has taken a fork
700 159 has taken a fork
700 157 has taken a fork
701 154 has taken a fork
701 80 is sleeping
702 144 has taken a fork
703 136 has taken a fork
703 83 is sleeping
703 102 has taken a fork
703 85 is sleeping
704 184 is thinking
704 82 is sleeping
704 84 is sleeping
704 186 is thinking
705 182 is thinking
705 187 is thinking
705 193 is thinking
706 195 is thinking
706 89 is sleeping
706 86 is sleeping
706 91 is sleeping
706 87 is sleeping
706 93 is sleeping
706 95 is sleeping
707 192 is thinking
708 156 has taken a fork
708 90 is sleeping
709 117 has taken a fork
710 104 has taken a fork
710 113 has taken a fork
710 97 is sleeping
710 155 has taken a fork
711 110 has taken a fork
712 108 has taken a fork
712 165 has taken a fork
712 163 has taken a fork
712 177 has taken a fork
712 88 is sleeping
712 94 is sleeping
713 116 has taken a fork
713 160 has taken a fork
714 164 has taken a fork
714 131 has taken a fork
716 111 has taken a fork
716 115 has taken a fork
716 122 has taken a fork
717 129 has taken a fork
717 121 has taken a fork
718 168 has taken a fork
718 169 has taken a fork
718 162 has taken a fork
718 170 has taken a fork
719 158 has taken a fork
719 197 is thinking
719 114 has taken a fork
719 125 has taken a fork
720 120 has taken a fork
720 92 is sleeping
721 118 has taken a fork
721 96 is sleeping
721 123 has taken a fork
722 133 has taken a fork
723 101 is sleeping
723 127 has taken a fork
725 126 has taken a fork
725 128 has taken a fork
725 167 has taken a fork
725 112 has taken a fork
725 119 has taken a fork
729 130 has taken a fork
729 175 has taken a fork
730 194 is thinking
730 172 has taken a fork
732 196 is thinking
734 99 is sleeping
736 198 is thinking
736 190 is thinking
738 139 has taken a fork
739 166 has taken a fork
740 134 has taken a fork
740 173 has taken a fork
742 181 has taken a fork
742 183 has taken a fork
742 188 has taken a fork
743 180 has taken a fork
744 189 has taken a fork
745 185 has taken a fork
747 178 has taken a fork
748 174 has taken a fork
748 179 has taken a fork
749 176 has taken a fork
751 191 has taken a fork
754 171 has taken a fork
755 132 has taken a fork
756 137 has taken a fork
756 141 has taken a fork
757 153 has taken a fork
758 138 has taken a fork
760 143 has taken a fork
761 140 has taken a fork
761 105 is eating
761 100 is eating
761 135 has taken a fork
761 148 has taken a fork
761 152 has taken a fork
761 147 has taken a fork
761 145 has taken a fork
761 150 has taken a fork
761 124 has taken a fork
762 146 has taken a fork
762 142 has taken a fork
762 107 is eating
762 151 has taken a fork
762 109 is eating
762 106 is eating
762 161 has taken a fork
762 149 has taken a fork
762 159 has taken a fork
762 157 has taken a fork
762 154 has taken a fork
762 144 has taken a fork
762 136 has taken a fork
763 102 is eating
763 184 has taken a fork
763 186 has taken a fork
763 182 has taken a fork
763 187 has taken a fork
763 193 has taken a fork
763 195 has taken a fork
763 192 has taken a fork
764 3 is thinking
764 156 has taken a fork
764 1 is thinking
764 117 is eating
764 104 is eating
764 113 is eating
764 155 has taken a fork
764 110 is eating
764 165 has taken a fork
764 108 is eating
764 163 has taken a fork
765 177 has taken a fork
765 116 is eating
765 160 has taken a fork
765 164 has taken a fork
765 131 is eating
765 111 is eating
765 115 is eating
765 122 is eating
765 129 is eating
765 121 is eating
765 168 has taken a fork
765 169 has taken a fork
765 162 has taken a fork
765 170 has taken a fork
765 197 has taken a fork
765 158 has taken a fork
765 114 is eating
765 125 is eating
765 120 is eating
765 118 is eating
765 123 is eating
765 133 is eating
766 127 is eating
766 126 is eating
766 128 is eating
766 167 has taken a fork
766 112 is eating
766 119 is eating
766 130 is eating
766 175 has taken a fork
767 194 has taken a fork
767 172 has taken a fork
767 103 is sleeping
767 196 has taken a fork
767 198 has taken a fork
767 190 has taken a fork
767 139 is eating
767 166 has taken a fork
767 134 is eating
767 173 has taken a fork
767 181 has taken a fork
767 183 has taken a fork
767 188 has taken a fork
767 180 has taken a fork
768 189 has taken a fork
768 185 has taken a fork
768 178 has taken a fork
768 174 has taken a fork
768 179 has taken a fork
768 176 has taken a fork
768 98 is sleeping
768 191 has taken a fork
768 171 has taken a fork
768 132 is eating
768 137 is eating
768 141 is eating
768 153 is eating
768 138 is eating
768 143 is eating
768 140 is eating
768 135 is eating
769 148 is eating
769 147 is eating
769 152 is eating
769 145 is eating
769 150 is eating
769 124 is eating
769 146 is eating
769 142 is eating
771 151 is eating
771 161 is eating
771 149 is eating
771 159 is eating
771 157 is eating
771 154 is eating
771 136 is eating
771 144 is eating
771 184 has taken a fork
771 186 has taken a fork
771 182 has taken a fork
771 187 has taken a fork
771 193 has taken a fork
771 195 has taken a fork
772 192 has taken a fork
773 3 has taken a fork
773 156 is eating
774 1 has taken a fork
774 155 is eating
774 165 is eating
774 163 is eating
775 9 is thinking
775 177 is eating
775 160 is eating
776 164 is eating
776 168 is eating
776 169 is eating
776 5 is thinking
777 162 is eating
777 170 is eating
777 197 has taken a fork
778 158 is eating
779 4 is thinking
779 7 is thinking
779 28 is thinking
779 35 is thinking
779 167 is eating
779 175 is eating
779 194 has taken a fork
780 44 is thinking
780 172 is eating
780 18 is thinking
780 39 is thinking
780 23 is thinking
780 196 has taken a fork
781 41 is thinking
782 198 has taken a fork
782 190 has taken a fork
782 166 is eating
783 49 is thinking
783 47 is thinking
783 29 is thinking
783 173 is eating
784 16 is thinking
784 181 is eating
784 183 is eating
784 188 is eating
784 180 is eating
785 21 is thinking
786 11 is thinking
786 34 is thinking
786 189 is eating
786 185 is eating
786 178 is eating
786 174 is eating
787 179 is eating
787 176 is eating
787 191 is eating
788 171 is eating
789 36 is thinking
791 26 is thinking
791 8 is thinking
792 20 is thinking
795 6 is thinking
797 40 is thinking
797 22 is thinking
797 15 is thinking
797 31 is thinking
797 14 is thinking
797 2 is thinking
798 43 is thinking
798 45 is thinking
801 12 is thinking
803 25 is thinking
803 184 is eating
803 186 is eating
803 182 is eating
803 187 is eating
803 193 is eating
803 195 is eating
804 192 is eating
804 3 has taken a fork
805 1 has taken a fork
806 32 is thinking
806 197 is eating
806 17 is thinking
807 37 is thinking
807 13 is thinking
807 10 is thinking
807 33 is thinking
808 24 is thinking
808 51 is thinking
808 27 is thinking
810 30 is thinking
810 50 is thinking
810 194 is eating
811 61 is thinking
812 196 is eating
812 59 is thinking
812 42 is thinking
812 198 is eating
812 190 is eating
813 52 is thinking
813 19 is thinking
814 54 is thinking
815 53 is thinking
815 38 is thinking
815 46 is thinking
816 55 is thinking
817 48 is thinking
818 57 is thinking
818 105 is sleeping
818 9 has taken a fork
818 77 is thinking
818 67 is thinking
818 78 is thinking
818 56 is thinking
818 100 is sleeping
819 79 is thinking
819 64 is thinking
819 58 is thinking
820 65 is thinking
820 63 is thinking
820 5 has taken a fork
820 73 is thinking
820 60 is thinking
820 71 is thinking
820 69 is thinking
820 62 is thinking
820 107 is sleeping
820 68 is thinking
820 72 is thinking
820 74 is thinking
820 66 is thinking
820 76 is thinking
820 4 has taken a fork
821 109 is sleeping
821 7 has taken a fork
821 106 is sleeping
821 28 has taken a fork
821 102 is sleeping
821 113 is sleeping
822 108 is sleeping
822 81 is thinking
822 104 is sleeping
822 110 is sleeping
822 44 has taken a fork
822 117 is sleeping
822 18 has taken a fork
822 114 is sleeping
822 35 has taken a fork
822 39 has taken a fork
823 23 has taken a fork
823 41 has taken a fork
823 70 is thinking
823 75 is thinking
823 49 has taken a fork
824 83 is thinking
824 85 is thinking
824 84 is thinking
824 82 is thinking
824 80 is thinking
824 3 is eating
824 1 is eating
825 116 is sleeping
826 86 is thinking
831 91 is thinking
831 87 is thinking
831 47 has taken a fork
831 95 is thinking
831 89 is thinking
831 93 is thinking
831 112 is sleeping
831 129 is sleeping
831 131 is sleeping
831 115 is sleeping
831 122 is sleeping
831 118 is sleeping
831 121 is sleeping
831 26 has taken a fork
831 111 is sleeping
831 8 has taken a fork
831 127 is sleeping
831 133 is sleeping
831 123 is sleeping
831 120 is sleeping
832 125 is sleeping
832 126 is sleeping
832 128 is sleeping
832 130 is sleeping
832 21 has taken a fork
832 119 is sleeping
832 36 has taken a fork
832 29 has taken a fork
833 11 has taken a fork
834 34 has taken a fork
835 16 has taken a fork
835 15 has taken a fork
835 31 has taken a fork
835 14 has taken a fork
835 2 has taken a fork
835 20 has taken a fork
835 6 has taken a fork
835 22 has taken a fork
835 43 has taken a fork
835 40 has taken a fork
837 139 is sleeping
837 134 is sleeping
837 45 has taken a fork
837 12 has taken a fork
838 90 is thinking
838 97 is thinking
838 94 is thinking
838 88 is thinking
838 132 is sleeping
839 25 has taken a fork
839 142 is sleeping
839 145 is sleeping
839 146 is sleeping
839 152 is sleeping
839 140 is sleeping
839 138 is sleeping
839 143 is sleeping
839 137 is sleeping
839 124 is sleeping
839 147 is sleeping
840 150 is sleeping
841 17 has taken a fork
841 148 is sleeping
841 141 is sleeping
841 33 has taken a fork
841 153 is sleeping
841 32 has taken a fork
841 37 has taken a fork
841 13 has taken a fork
841 10 has taken a fork
841 24 has taken a fork
844 27 has taken a fork
846 51 has taken a fork
847 30 has taken a fork
847 59 has taken a fork
847 61 has taken a fork
847 135 is sleeping
847 50 has taken a fork
849 42 has taken a fork
849 52 has taken a fork
849 9 has taken a fork
849 161 is sleeping
849 19 has taken a fork
849 151 is sleeping
849 54 has taken a fork
849 154 is sleeping
849 144 is sleeping
849 149 is sleeping
849 159 is sleeping
850 157 is sleeping
850 92 is thinking
850 55 has taken a fork
851 136 is sleeping
851 48 has taken a fork
851 57 has taken a fork
852 53 has taken a fork
854 38 has taken a fork
854 46 has taken a fork
855 5 has taken a fork
856 4 has taken a fork
856 7 has taken a fork
856 96 is thinking
857 28 has taken a fork
857 44 has taken a fork
857 18 has taken a fork
858 35 has taken a fork
859 39 has taken a fork
859 101 is thinking
860 23 has taken a fork
860 41 has taken a fork
860 49 has taken a fork
860 156 is sleeping
862 77 has taken a fork
862 165 is sleeping
862 163 is sleeping
862 177 is sleeping
862 155 is sleeping
862 160 is sleeping
862 169 is sleeping
862 168 is sleeping
862 164 is sleeping
862 79 has taken a fork
863 158 is sleeping
863 170 is sleeping
863 162 is sleeping
863 64 has taken a fork
863 60 has taken a fork
863 58 has taken a fork
865 63 has taken a fork
865 167 is sleeping
865 65 has taken a fork
865 175 is sleeping
866 71 has taken a fork
866 56 has taken a fork
866 62 has taken a fork
866 69 has taken a fork
868 78 has taken a fork
868 67 has taken a fork
870 47 has taken a fork
871 73 has taken a fork
871 26 has taken a fork
871 8 has taken a fork
871 21 has taken a fork
871 36 has taken a fork
872 29 has taken a fork
873 172 is sleeping
873 11 has taken a fork
873 68 has taken a fork
873 166 is sleeping
874 99 is thinking
874 34 has taken a fork
875 72 has taken a fork
875 15 has taken a fork
876 31 has taken a fork
877 14 has taken a fork
877 16 has taken a fork
877 2 has taken a fork
877 20 has taken a fork
878 6 has taken a fork
878 22 has taken a fork
880 43 has taken a fork
880 40 has taken a fork
880 181 is sleeping
880 173 is sleeping
880 188 is sleeping
880 180 is sleeping
880 183 is sleeping
881 81 has taken a fork
881 74 has taken a fork
882 70 has taken a fork
885 45 has taken a fork
885 76 has taken a fork
886 12 has taken a fork
886 178 is sleeping
886 189 is sleeping
886 185 is sleeping
886 83 has taken a fork
886 75 has taken a fork
886 85 has taken a fork
886 66 has taken a fork
886 191 is sleeping
886 174 is sleeping
887 176 is sleeping
887 179 is sleeping
887 82 has taken a fork
887 84 has taken a fork
887 86 has taken a fork
887 80 has taken a fork
887 25 has taken a fork
887 17 has taken a fork
887 171 is sleeping
887 91 has taken a fork
887 33 has taken a fork
888 32 has taken a fork
888 37 has taken a fork
888 13 has taken a fork
888 10 has taken a fork
888 24 has taken a fork
888 27 has taken a fork
888 51 has taken a fork
888 30 has taken a fork
888 59 has taken a fork
888 61 has taken a fork
888 50 has taken a fork
888 42 has taken a fork
888 52 has taken a fork
889 9 is eating
889 19 has taken a fork
889 54 has taken a fork
889 55 has taken a fork
889 48 has taken a fork
889 57 has taken a fork
889 53 has taken a fork
889 182 is sleeping
889 184 is sleeping
889 186 is sleeping
889 193 is sleeping
889 187 is sleeping
889 90 has taken a fork
890 87 has taken a fork
890 95 has taken a fork
890 93 has taken a fork
890 89 has taken a fork
890 38 has taken a fork
890 46 has taken a fork
890 195 is sleeping
890 97 has taken a fork
890 5 is eating
890 4 is eating
890 7 is eating
890 28 is eating
890 44 is eating
890 18 is eating
890 192 is sleeping
891 94 has taken a fork
891 35 is eating
891 39 is eating
891 23 is eating
891 41 is eating
891 49 is eating
892 77 has taken a fork
892 79 has taken a fork
892 197 is sleeping
892 88 has taken a fork
892 64 has taken a fork
892 60 has taken a fork
892 58 has taken a fork
892 63 has taken a fork
893 65 has taken a fork
893 71 has taken a fork
893 56 has taken a fork
893 62 has taken a fork
893 69 has taken a fork
894 103 is thinking
894 98 is thinking
894 78 has taken a fork
894 67 has taken a fork
894 47 is eating
895 194 is sleeping
895 73 has taken a fork
896 92 has taken a fork
896 26 is eating
896 8 is eating
896 21 is eating
896 36 is eating
896 196 is sleeping
896 96 has taken a fork
896 29 is eating
896 11 is eating
896 68 has taken a fork
897 198 is sleeping
897 101 has taken a fork
897 190 is sleeping
897 99 has taken a fork
897 34 is eating
897 72 has taken a fork
897 15 is eating
897 31 is eating
897 14 is eating
897 16 is eating
898 2 is eating
898 20 is eating
898 6 is eating
898 22 is eating
898 43 is eating
898 40 is eating
898 81 has taken a fork
899 74 has taken a fork
899 70 has taken a fork
899 45 is eating
900 76 has taken a fork
901 12 is eating
903 83 has taken a fork
903 75 has taken a fork
904 85 has taken a fork
905 66 has taken a fork
905 82 has taken a fork
905 84 has taken a fork
906 86 has taken a fork
906 25 is eating
906 17 is eating
906 80 has taken a fork
906 91 has taken a fork
906 33 is eating
906 32 is eating
906 37 is eating
907 13 is eating
907 10 is eating
907 24 is eating
908 27 is eating
908 51 is eating
908 30 is eating
908 59 is eating
908 61 is eating
908 42 is eating
908 50 is eating
908 52 is eating
908 19 is eating
908 54 is eating
908 55 is eating
909 48 is eating
909 57 is eating
910 53 is eating
911 90 has taken a fork
913 87 has taken a fork
914 95 has taken a fork
916 93 has taken a fork
916 89 has taken a fork
917 38 is eating
917 46 is eating
917 97 has taken a fork
919 94 has taken a fork
920 77 is eating
920 79 is eating
920 88 has taken a fork
920 64 is eating
920 60 is eating
920 58 is eating
920 63 is eating
920 71 is eating
921 65 is eating
921 56 is eating
922 62 is eating
923 69 is eating
924 78 is eating
924 67 is eating
929 3 is sleeping
930 103 has taken a fork
931 1 is sleeping
933 98 has taken a fork
933 73 is eating
934 92 has taken a fork
934 96 has taken a fork
935 68 is eating
935 101 has taken a fork
935 99 has taken a fork
936 72 is eating
936 81 is eating
937 74 is eating
937 70 is eating
937 76 is eating
938 83 is eating
938 75 is eating
940 85 is eating
940 66 is eating
940 82 is eating
940 84 is eating
941 86 is eating
942 80 is eating
942 91 is eating
943 90 is eating
943 87 is eating
943 95 is eating
944 93 is eating
944 89 is eating
944 97 is eating
945 94 is eating
945 105 is thinking
948 100 is thinking
949 107 is thinking
949 88 is eating
949 102 is thinking
950 109 is thinking
951 113 is thinking
951 106 is thinking
951 117 is thinking
951 104 is thinking
951 114 is thinking
952 108 is thinking
952 110 is thinking
953 116 is thinking
953 103 has taken a fork
953 115 is thinking
953 129 is thinking
953 121 is thinking
954 122 is thinking
954 118 is thinking
955 112 is thinking
955 131 is thinking
956 127 is thinking
956 125 is thinking
957 111 is thinking
957 133 is thinking
957 126 is thinking
958 123 is thinking
958 120 is thinking
959 98 has taken a fork
959 128 is thinking
959 119 is thinking
959 130 is thinking
959 92 is eating
959 96 is eating
959 101 is eating
959 99 is eating
959 134 is thinking
959 139 is thinking
959 132 is thinking
959 9 is sleeping
959 140 is thinking
959 138 is thinking
959 152 is thinking
959 147 is thinking
959 146 is thinking
959 142 is thinking
959 5 is sleeping
959 150 is thinking
959 137 is thinking
959 124 is thinking
959 143 is thinking
960 145 is thinking
962 148 is thinking
962 141 is thinking
962 153 is thinking
962 4 is sleeping
962 7 is sleeping
962 28 is sleeping
962 44 is sleeping
963 18 is sleeping
963 105 has taken a fork
963 39 is sleeping
963 35 is sleeping
963 23 is sleeping
963 41 is sleeping
963 49 is sleeping
963 135 is thinking
963 100 has taken a fork
963 159 is thinking
964 149 is thinking
964 154 is thinking
965 161 is thinking
965 151 is thinking
965 107 has taken a fork
966 144 is thinking
966 102 has taken a fork
966 47 is sleeping
967 157 is thinking
967 109 has taken a fork
967 136 is thinking
970 113 has taken a fork
970 106 has taken a fork
970 117 has taken a fork
970 104 has taken a fork
970 114 has taken a fork
971 34 is sleeping
971 8 is sleeping
971 36 is sleeping
971 29 is sleeping
971 14 is sleeping
971 31 is sleeping
971 15 is sleeping
971 21 is sleeping
971 26 is sleeping
972 11 is sleeping
972 108 has taken a fork
972 110 has taken a fork
972 40 is sleeping
973 2 is sleeping
973 116 has taken a fork
973 16 is sleeping
973 20 is sleeping
974 22 is sleeping
974 43 is sleeping
974 6 is sleeping
974 103 is eating
974 115 has taken a fork
974 129 has taken a fork
976 121 has taken a fork
976 45 is sleeping
978 122 has taken a fork
979 118 has taken a fork
979 12 is sleeping
979 112 has taken a fork
980 131 has taken a fork
980 127 has taken a fork
980 125 has taken a fork
980 111 has taken a fork
980 133 has taken a fork
980 126 has taken a fork
980 123 has taken a fork
981 120 has taken a fork
981 98 is eating
981 128 has taken a fork
982 119 has taken a fork
982 130 has taken a fork
983 134 has taken a fork
983 139 has taken a fork
983 156 is thinking
983 25 is sleeping
983 33 is sleeping
983 165 is thinking
983 10 is sleeping
983 169 is thinking
983 32 is sleeping
983 17 is sleeping
984 140 has taken a fork
984 37 is sleeping
984 146 has taken a fork
984 24 is sleeping
984 132 has taken a fork
986 168 is thinking
986 155 is thinking
986 164 is thinking
986 13 is sleeping
986 160 is thinking
986 177 is thinking
987 152 has taken a fork
987 163 is thinking
988 147 has taken a fork
988 142 has taken a fork
989 138 has taken a fork
989 150 has taken a fork
989 52 is sleeping
989 50 is sleeping
989 42 is sleeping
989 59 is sleeping
989 124 has taken a fork
989 158 is thinking
989 51 is sleeping
989 61 is sleeping
990 148 has taken a fork
990 143 has taken a fork
990 141 has taken a fork
990 137 has taken a fork
990 170 is thinking
990 27 is sleeping
990 105 has taken a fork
990 153 has taken a fork
990 30 is sleeping
990 162 is thinking
990 145 has taken a fork
990 135 has taken a fork
990 100 has taken a fork
990 54 is sleeping
990 159 has taken a fork
990 19 is sleeping
990 55 is sleeping
991 149 has taken a fork
991 154 has taken a fork
991 167 is thinking
991 48 is sleeping
991 53 is sleeping
991 57 is sleeping
992 151 has taken a fork
992 107 has taken a fork
993 161 has taken a fork
993 175 is thinking
993 144 has taken a fork
993 102 has taken a fork
993 109 has taken a fork
993 46 is sleeping
994 38 is sleeping
994 136 has taken a fork
994 157 has taken a fork
994 113 has taken a fork
994 106 has taken a fork
994 117 has taken a fork
995 104 has taken a fork
995 114 has taken a fork
996 108 has taken a fork
996 110 has taken a fork
996 116 has taken a fork
996 172 is thinking
996 166 is thinking
997 77 is sleeping
997 79 is sleeping
997 115 has taken a fork
997 129 has taken a fork
997 64 is sleeping
997 63 is sleeping
997 58 is sleeping
997 60 is sleeping
997 65 is sleeping
997 56 is sleeping
999 121 has taken a fork
999 71 is sleeping
1000 62 is sleeping
1000 69 is sleeping
1000 78 is sleeping
1000 122 has taken a fork
1000 118 has taken a fork
1000 112 has taken a fork
1001 131 has taken a fork
1001 188 is thinking
1004 127 has taken a fork
1004 173 is thinking
1005 125 has taken a fork
1005 180 is thinking
1006 67 is sleeping
1006 183 is thinking
1007 111 has taken a fork
1007 133 has taken a fork
1007 126 has taken a fork
1007 181 is thinking
1008 123 has taken a fork
1008 120 has taken a fork
1008 128 has taken a fork
1008 119 has taken a fork
1010 130 has taken a fork
1010 134 has taken a fork
1010 73 is sleeping
1010 139 has taken a fork
1011 156 has taken a fork
1011 165 has taken a fork
1011 169 has taken a fork
1011 68 is sleeping
1011 140 has taken a fork
1011 146 has taken a fork
1011 132 has taken a fork
1011 72 is sleeping
1011 178 is thinking
1011 185 is thinking
1012 168 has taken a fork
1012 189 is thinking
1012 191 is thinking
1012 155 has taken a fork
1012 164 has taken a fork
1012 160 has taken a fork
1012 177 has taken a fork
1012 81 is sleeping
1012 179 is thinking
1012 70 is sleeping
1012 76 is sleeping
1012 171 is thinking
1012 74 is sleeping
1012 176 is thinking
1012 174 is thinking
1012 152 has taken a fork
1012 163 has taken a fork
1012 75 is sleeping
1013 83 is sleeping
1013 147 has taken a fork
1013 182 is thinking
1013 187 is thinking
1013 193 is thinking
1013 85 is sleeping
1013 66 is sleeping
1013 186 is thinking
1013 184 is thinking
1013 142 has taken a fork
1013 138 has taken a fork
1013 150 has taken a fork
1013 124 has taken a fork
1013 158 has taken a fork
1013 84 is sleeping
1013 86 is sleeping
1013 192 is thinking
1013 82 is sleeping
1013 195 is thinking
1013 148 has taken a fork
1013 143 has taken a fork
1013 141 has taken a fork
1013 137 has taken a fork
1013 170 has taken a fork
1013 105 is eating
1013 153 has taken a fork
1013 162 has taken a fork
1013 145 has taken a fork
1013 135 has taken a fork
1014 100 is eating
1014 159 has taken a fork
1014 80 is sleeping
1014 149 has taken a fork
1014 154 has taken a fork
1014 167 has taken a fork
1014 151 has taken a fork
1014 107 is eating
1014 197 is thinking
1014 91 is sleeping
1014 161 has taken a fork
1015 175 has taken a fork
1015 144 has taken a fork
1015 102 is eating
1015 109 is eating
1015 136 has taken a fork
1015 157 has taken a fork
1016 113 is eating
1016 106 is eating
1016 117 is eating
1016 104 is eating
1016 114 is eating
1016 108 is eating
1016 110 is eating
1016 196 is thinking
1016 116 is eating
1016 172 has taken a fork
1017 194 is thinking
1017 166 has taken a fork
1017 198 is thinking
1017 190 is thinking
1017 129 is eating
1017 115 is eating
1018 87 is sleeping
1018 90 is sleeping
1018 93 is sleeping
1018 95 is sleeping
1018 121 is eating
1018 97 is sleeping
1018 89 is sleeping
1018 122 is eating
1018 118 is eating
1019 112 is eating
1019 131 is eating
1019 188 has taken a fork
1019 94 is sleeping
1019 127 is eating
1019 173 has taken a fork
1019 125 is eating
1019 180 has taken a fork
1020 88 is sleeping
1020 183 has taken a fork
1020 111 is eating
1020 133 is eating
1020 126 is eating
1020 181 has taken a fork
1020 123 is eating
1020 128 is eating
1020 120 is eating
1020 119 is eating
1020 130 is eating
1021 134 is eating
1021 139 is eating
1022 156 has taken a fork
1022 165 has taken a fork
1022 169 has taken a fork
1022 140 is eating
1022 146 is eating
1022 132 is eating
1023 178 has taken a fork
1023 185 has taken a fork
1023 168 has taken a fork
1024 189 has taken a fork
1024 191 has taken a fork
1024 155 has taken a fork
1025 164 has taken a fork
1025 160 has taken a fork
1025 177 has taken a fork
1025 179 has taken a fork
1026 171 has taken a fork
1026 176 has taken a fork
1026 174 has taken a fork
1026 152 is eating
1026 163 has taken a fork
1027 147 is eating
1027 182 has taken a fork
1027 187 has taken a fork
1027 193 has taken a fork
1027 186 has taken a fork
1027 184 has taken a fork
1028 142 is eating
1029 138 is eating
1029 150 is eating
1030 124 is eating
1030 158 has taken a fork
1030 192 has taken a fork
1030 195 has taken a fork
1030 148 is eating
1030 143 is eating
1030 141 is eating
1030 137 is eating
1030 170 has taken a fork
1030 153 is eating
1030 162 has taken a fork
1030 145 is eating
1030 135 is eating
1031 159 is eating
1031 149 is eating
1031 154 is eating
1031 167 has taken a fork
1031 151 is eating
1032 197 has taken a fork
1032 161 is eating
1032 92 is sleeping
1032 175 has taken a fork
1033 144 is eating
1033 136 is eating
1033 157 is eating
1033 96 is sleeping
1033 196 has taken a fork
1034 172 has taken a fork
1034 99 is sleeping
1034 101 is sleeping
1034 194 has taken a fork
1034 166 has taken a fork
1034 198 has taken a fork
1034 190 has taken a fork
1035 188 has taken a fork
1035 173 has taken a fork
1035 180 has taken a fork
1035 183 has taken a fork
1035 181 has taken a fork
1035 156 is eating
1036 165 is eating
1036 169 is eating
1036 178 has taken a fork
1036 185 has taken a fork
1036 168 is eating
1037 189 has taken a fork
1038 191 has taken a fork
1038 155 is eating
1038 164 is eating
1039 160 is eating
1040 177 is eating
1041 179 has taken a fork
1041 171 has taken a fork
1041 176 has taken a fork
1041 174 has taken a fork
1041 163 is eating
1042 182 has taken a fork
1042 187 has taken a fork
1042 193 has taken a fork
1042 186 has taken a fork
1042 184 has taken a fork
1042 3 is thinking
1042 158 is eating
1042 192 has taken a fork
1043 195 has taken a fork
1043 170 is eating
1043 162 is eating
1043 1 is thinking
1044 167 is eating
1045 197 has taken a fork
1045 175 is eating
1045 196 has taken a fork
1045 172 is eating
1045 194 has taken a fork
1045 166 is eating
1045 198 has taken a fork
1046 190 has taken a fork
1046 103 is sleeping
1047 188 is eating
1047 173 is eating
1047 180 is eating
1048 183 is eating
1048 181 is eating
1049 178 is eating
1050 185 is eating
1050 189 is eating
1050 98 is sleeping
1050 191 is eating
1051 179 is eating
1051 171 is eating
1051 176 is eating
1052 174 is eating
1052 182 is eating
1052 187 is eating
1053 193 is eating
1054 186 is eating
1054 184 is eating
1055 3 has taken a fork
1055 192 is eating
1056 195 is eating
1057 1 has taken a fork
1057 197 is eating
1058 196 is eating
1058 194 is eating
1058 198 is eating
1059 190 is eating
1061 3 has taken a fork
1061 1 has taken a fork
1064 5 is thinking
1065 9 is thinking
1065 3 is eating
1066 1 is eating
1067 23 is thinking
1067 39 is thinking
1068 18 is thinking
1070 35 is thinking
1071 7 is thinking
1072 49 is thinking
1072 44 is thinking
1072 41 is thinking
1072 4 is thinking
1072 28 is thinking
1072 47 is thinking
1072 21 is thinking
1072 36 is thinking
1073 8 is thinking
1073 29 is thinking
1074 15 is thinking
1074 34 is thinking
1074 26 is thinking
1074 14 is thinking
1075 31 is thinking
1076 11 is thinking
1076 40 is thinking
1076 16 is thinking
1076 22 is thinking
1076 20 is thinking
1076 43 is thinking
1076 2 is thinking
1076 6 is thinking
1076 45 is thinking
1079 12 is thinking
1079 105 is sleeping
1080 5 has taken a fork
1080 5 has taken a fork
1080 5 is eating
1083 100 is sleeping
1084 107 is sleeping
1085 23 has taken a fork
1085 9 has taken a fork
1085 102 is sleeping
1086 39 has taken a fork
1086 10 is thinking
1088 109 is sleeping
1088 33 is thinking
1089 17 is thinking
1089 25 is thinking
1089 32 is thinking
1089 117 is sleeping
1090 35 has taken a fork
1090 37 is thinking
1090 114 is sleeping
1090 108 is sleeping
1090 110 is sleeping
1091 7 has taken a fork
1091 104 is sleeping
1091 106 is sleeping
1093 18 has taken a fork
1094 24 is thinking
1094 116 is sleeping
1094 23 has taken a fork
1095 49 has taken a fork
1095 113 is sleeping
1096 44 has taken a fork
1096 41 has taken a fork
1096 115 is sleeping
1096 21 has taken a fork
1097 129 is sleeping
1097 47 has taken a fork
1097 36 has taken a fork
1097 9 has taken a fork
1099 28 has taken a fork
1099 4 has taken a fork
1099 13 is thinking
1099 118 is sleeping
1099 122 is sleeping
1099 8 has taken a fork
1099 29 has taken a fork
1099 121 is sleeping
1099 39 has taken a fork
1100 15 has taken a fork
1100 125 is sleeping
1100 131 is sleeping
1101 112 is sleeping
1102 34 has taken a fork
1102 127 is sleeping
1102 51 is thinking
1102 52 is thinking
1102 111 is sleeping
1102 11 has taken a fork
1102 133 is sleeping
1102 40 has taken a fork
1102 126 is sleeping
1102 16 has taken a fork
1102 61 is thinking
1102 123 is sleeping
1102 50 is thinking
1102 14 has taken a fork
1102 31 has taken a fork
1102 22 has taken a fork
1103 42 is thinking
1103 59 is thinking
1104 26 has taken a fork
1104 139 is sleeping
1104 35 has taken a fork
1105 20 has taken a fork
1105 134 is sleeping
1105 120 is sleeping
1105 119 is sleeping
1105 30 is thinking
1105 130 is sleeping
1105 6 has taken a fork
1105 128 is sleeping
1105 54 is thinking
1105 27 is thinking
1105 19 is thinking
1106 2 has taken a fork
1107 43 has taken a fork
1107 57 is thinking
1107 53 is thinking
1107 55 is thinking
1107 48 is thinking
1107 12 has taken a fork
1108 45 has taken a fork
1108 7 has taken a fork
1108 132 is sleeping
1108 10 has taken a fork
1108 146 is sleeping
1109 140 is sleeping
1109 33 has taken a fork
1109 17 has taken a fork
1109 46 is thinking
1109 18 has taken a fork
1109 38 is thinking
1110 152 is sleeping
1110 25 has taken a fork
1110 23 is eating
1111 147 is sleeping
1111 49 has taken a fork
1111 32 has taken a fork
1111 142 is sleeping
1111 37 has taken a fork
1111 150 is sleeping
1111 24 has taken a fork
1111 138 is sleeping
1111 44 has taken a fork
1111 41 has taken a fork
1111 21 has taken a fork
1111 65 is thinking
1111 64 is thinking
1111 77 is thinking
1111 148 is sleeping
1111 135 is sleeping
1111 153 is sleeping
1112 141 is sleeping
1112 79 is thinking
1112 145 is sleeping
1112 56 is thinking
1112 60 is thinking
1112 124 is sleeping
1113 143 is sleeping
1113 63 is thinking
1113 58 is thinking
1113 137 is sleeping
1113 47 has taken a fork
1113 36 has taken a fork
1113 9 is eating
1113 159 is sleeping
1113 149 is sleeping
1113 151 is sleeping
1113 154 is sleeping
1113 71 is thinking
1113 161 is sleeping
1114 4 has taken a fork
1114 28 has taken a fork
1114 13 has taken a fork
1114 8 has taken a fork
1114 29 has taken a fork
1114 39 is eating
1114 62 is thinking
1114 144 is sleeping
1114 69 is thinking
1114 78 is thinking
1115 15 has taken a fork
1115 136 is sleeping
1115 157 is sleeping
1115 34 has taken a fork
1115 51 has taken a fork
1115 52 has taken a fork
1115 11 has taken a fork
1116 40 has taken a fork
1116 16 has taken a fork
1116 61 has taken a fork
1116 50 has taken a fork
1117 14 has taken a fork
1117 31 has taken a fork
1117 22 has taken a fork
1117 42 has taken a fork
1117 59 has taken a fork
1117 26 has taken a fork
1117 35 is eating
1117 20 has taken a fork
1117 30 has taken a fork
1117 6 has taken a fork
1118 54 has taken a fork
1118 27 has taken a fork
1118 19 has taken a fork
1118 67 is thinking
1119 2 has taken a fork
1119 43 has taken a fork
1119 57 has taken a fork
1119 53 has taken a fork
1119 55 has taken a fork
1119 48 has taken a fork
1119 12 has taken a fork
1119 45 has taken a fork
1120 7 is eating
1120 10 has taken a fork
1121 33 has taken a fork
1121 17 has taken a fork
1121 46 has taken a fork
1121 156 is sleeping
1122 18 is eating
1122 38 has taken a fork
1122 169 is sleeping
1122 165 is sleeping
1122 73 is thinking
1122 25 has taken a fork
1123 72 is thinking
1123 68 is thinking
1123 168 is sleeping
1124 49 is eating
1124 32 has taken a fork
1125 24 has taken a fork
1127 44 is eating
1129 41 is eating
1129 21 is eating
1129 65 has taken a fork
1129 64 has taken a fork
1129 77 has taken a fork
1129 37 has taken a fork
1129 164 is sleeping
1130 155 is sleeping
1130 74 is thinking
1130 79 has taken a fork
1131 81 is thinking
1131 56 has taken a fork
1131 60 has taken a fork
1132 76 is thinking
1133 70 is thinking
1133 83 is thinking
1134 75 is thinking
1134 84 is thinking
1134 85 is thinking
1135 66 is thinking
1135 160 is sleeping
1135 82 is thinking
1135 63 has taken a fork
1136 177 is sleeping
1136 47 is eating
1136 86 is thinking
1136 36 is eating
1136 58 has taken a fork
1137 91 is thinking
1137 4 is eating
1137 80 is thinking
1137 28 is eating
1137 163 is sleeping
1137 71 has taken a fork
1137 13 has taken a fork
1138 8 is eating
1138 29 is eating
1138 15 is eating
1138 34 is eating
1138 51 has taken a fork
1138 52 has taken a fork
1138 11 is eating
1138 158 is sleeping
1138 62 has taken a fork
1139 40 is eating
1139 16 is eating
1139 61 has taken a fork
1140 50 has taken a fork
1140 162 is sleeping
1140 170 is sleeping
1140 14 is eating
1140 69 has taken a fork
1140 31 is eating
1140 22 is eating
1140 42 has taken a fork
1140 59 has taken a fork
1140 78 has taken a fork
1140 26 is eating
1141 30 has taken a fork
1141 20 is eating
1142 6 is eating
1142 54 has taken a fork
1143 27 has taken a fork
1143 97 is thinking
1143 19 has taken a fork
1143 93 is thinking
1143 89 is thinking
1143 90 is thinking
1143 95 is thinking
1143 94 is thinking
1143 87 is thinking
1144 175 is sleeping
1144 167 is sleeping
1144 2 is eating
1144 43 is eating
1144 67 has taken a fork
1144 57 has taken a fork
1144 53 has taken a fork
1144 55 has taken a fork
1144 48 has taken a fork
1144 12 is eating
1144 45 is eating
1144 88 is thinking
1146 10 is eating
1146 33 is eating
1146 166 is sleeping
1146 172 is sleeping
1146 17 is eating
1146 46 has taken a fork
1147 38 has taken a fork
1147 73 has taken a fork
1147 25 is eating
1147 72 has taken a fork
1147 68 has taken a fork
1148 188 is sleeping
1148 32 is eating
1148 24 is eating
1148 173 is sleeping
1148 183 is sleeping
1148 180 is sleeping
1148 181 is sleeping
1148 65 has taken a fork
1148 64 has taken a fork
1148 77 has taken a fork
1149 37 is eating
1149 74 has taken a fork
1149 79 has taken a fork
1149 178 is sleeping
1149 185 is sleeping
1149 81 has taken a fork
1149 189 is sleeping
1149 56 has taken a fork
1149 60 has taken a fork
1149 174 is sleeping
1149 171 is sleeping
1150 92 is thinking
1150 176 is sleeping
1150 191 is sleeping
1150 76 has taken a fork
1150 179 is sleeping
1152 96 is thinking
1152 182 is sleeping
1152 187 is sleeping
1152 193 is sleeping
1152 70 has taken a fork
1153 83 has taken a fork
1153 101 is thinking
1154 99 is thinking
1154 75 has taken a fork
1154 186 is sleeping
1155 184 is sleeping
1155 84 has taken a fork
1155 85 has taken a fork
1155 66 has taken a fork
1155 195 is sleeping
1157 192 is sleeping
1157 82 has taken a fork
1157 63 has taken a fork
1157 197 is sleeping
1157 86 has taken a fork
1157 58 has taken a fork
1157 196 is sleeping
1158 91 has taken a fork
1159 80 has taken a fork
1159 71 has taken a fork
1160 13 is eating
1160 194 is sleeping
1161 190 is sleeping
1161 198 is sleeping
1161 52 is eating
1161 51 is eating
1163 62 has taken a fork
1164 61 is eating
1164 50 is eating
1164 69 has taken a fork
1165 42 is eating
1165 59 is eating
1166 78 has taken a fork
1166 30 is eating
1167 54 is eating
1167 27 is eating
1167 97 has taken a fork
1167 19 is eating
1167 93 has taken a fork
1167 89 has taken a fork
1167 95 has taken a fork
1168 90 has taken a fork
1168 94 has taken a fork
1168 87 has taken a fork
1169 67 has taken a fork
1169 57 is eating
1169 53 is eating
1169 55 is eating
1169 48 is eating
1170 88 has taken a fork
1170 103 is thinking
1170 46 is eating
1170 38 is eating
1171 73 has taken a fork
1171 72 has taken a fork
1171 68 has taken a fork
1171 65 is eating
1171 64 is eating
1173 77 is eating
1175 74 has taken a fork
1175 79 is eating
1175 81 has taken a fork
1177 56 is eating
1177 60 is eating
1178 98 is thinking
1178 92 has taken a fork
1179 76 has taken a fork
1180 96 has taken a fork
1181 70 has taken a fork
1182 83 has taken a fork
1182 101 has taken a fork
1183 3 is sleeping
1183 99 has taken a fork
1183 75 has taken a fork
1183 84 has taken a fork
1185 1 is sleeping
1185 85 has taken a fork
1185 66 has taken a fork
1185 82 has taken a fork
1185 63 is eating
1185 86 has taken a fork
1185 58 is eating
1185 91 has taken a fork
1185 80 has taken a fork
1185 71 is eating
1187 62 is eating
1187 69 is eating
1187 78 is eating
1188 97 has taken a fork
1188 93 has taken a fork
1188 89 has taken a fork
1188 95 has taken a fork
1189 90 has taken a fork
1189 94 has taken a fork
1191 87 has taken a fork
1191 67 is eating
1191 88 has taken a fork
1191 103 has taken a fork
1191 73 is eating
1191 72 is eating
1191 68 is eating
1191 74 is eating
1193 81 is eating
1195 98 has taken a fork
1195 92 has taken a fork
1196 76 is eating
1198 105 is thinking
1201 5 is sleeping
1202 96 has taken a fork
1203 70 is eating
1205 83 is eating
1205 101 has taken a fork
1205 99 has taken a fork
1206 75 is eating
1207 84 is eating
1207 100 is thinking
1207 102 is thinking
1207 107 is thinking
1207 85 is eating
1208 66 is eating
1208 82 is eating
1208 86 is eating
1208 91 is eating
1208 80 is eating
1208 109 is thinking
1209 97 is eating
1209 93 is eating
1209 89 is eating
1209 95 is eating
1209 90 is eating
1211 94 is eating
1211 117 is thinking
1213 108 is thinking
1214 87 is eating
1214 104 is thinking
1214 88 is eating
1215 103 has taken a fork
1215 106 is thinking
1215 110 is thinking
1215 114 is thinking
1215 116 is thinking
1215 113 is thinking
1216 98 has taken a fork
1217 23 is sleeping
1218 115 is thinking
1218 92 is eating
1218 129 is thinking
1218 39 is sleeping
1219 105 has taken a fork
1220 9 is sleeping
1220 121 is thinking
1220 118 is thinking
1220 122 is thinking
1220 125 is thinking
1220 35 is sleeping
1221 131 is thinking
1222 112 is thinking
1222 133 is thinking
1222 7 is sleeping
1222 111 is thinking
1222 127 is thinking
1222 123 is thinking
1222 126 is thinking
1224 96 is eating
1224 18 is sleeping
1225 130 is thinking
1225 134 is thinking
1225 120 is thinking
1225 128 is thinking
1225 49 is sleeping
1226 119 is thinking
1227 139 is thinking
1227 101 is eating
1227 44 is sleeping
1227 41 is sleeping
1227 99 is eating
1227 21 is sleeping
1227 100 has taken a fork
1227 102 has taken a fork
1227 107 has taken a fork
1227 146 is thinking
1227 132 is thinking
1227 109 has taken a fork
1227 140 is thinking
1227 152 is thinking
1228 147 is thinking
1228 4 is sleeping
1228 138 is thinking
1229 47 is sleeping
1229 28 is sleeping
1230 142 is thinking
1233 148 is thinking
1234 150 is thinking
1234 153 is thinking
1234 135 is thinking
1234 36 is sleeping
1234 117 has taken a fork
1234 145 is thinking
1234 124 is thinking
1234 149 is thinking
1234 141 is thinking
1234 29 is sleeping
1234 137 is thinking
1234 8 is sleeping
1234 108 has taken a fork
1234 154 is thinking
1234 151 is thinking
1234 143 is thinking
1235 159 is thinking
1235 15 is sleeping
1235 16 is sleeping
1236 161 is thinking
1236 34 is sleeping
1236 11 is sleeping
1236 104 has taken a fork
1236 40 is sleeping
1237 144 is thinking
1237 136 is thinking
1237 22 is sleeping
1237 103 is eating
1238 106 has taken a fork
1238 110 has taken a fork
1238 14 is sleeping
1240 114 has taken a fork
1240 31 is sleeping
1242 157 is thinking
1242 26 is sleeping
1242 116 has taken a fork
1243 113 has taken a fork
1243 20 is sleeping
1245 6 is sleeping
1245 98 is eating
1245 2 is sleeping
1245 43 is sleeping
1245 12 is sleeping
1245 115 has taken a fork
1246 45 is sleeping
1246 129 has taken a fork
1246 17 is sleeping
1246 33 is sleeping
1248 105 has taken a fork
1248 10 is sleeping
1248 121 has taken a fork
1248 118 has taken a fork
1248 122 has taken a fork
1248 125 has taken a fork
1249 156 is thinking
1249 25 is sleeping
1249 131 has taken a fork
1249 169 is thinking
1249 133 has taken a fork
1249 165 is thinking
1250 24 is sleeping
1250 112 has taken a fork
1250 32 is sleeping
1250 111 has taken a fork
1250 37 is sleeping
1250 127 has taken a fork
1250 123 has taken a fork
1251 126 has taken a fork
1251 168 is thinking
1251 130 has taken a fork
1251 134 has taken a fork
1251 120 has taken a fork
1252 128 has taken a fork
1253 119 has taken a fork
1253 139 has taken a fork
1253 100 has taken a fork
1253 102 has taken a fork
1254 107 has taken a fork
1255 146 has taken a fork
1255 132 has taken a fork
1255 109 has taken a fork
1255 140 has taken a fork
1255 152 has taken a fork
1255 147 has taken a fork
1255 138 has taken a fork
1255 164 is thinking
1255 155 is thinking
1255 13 is sleeping
1255 142 has taken a fork
1255 51 is sleeping
1255 52 is sleeping
1255 61 is sleeping
1255 148 has taken a fork
1255 50 is sleeping
1255 42 is sleeping
1256 150 has taken a fork
1256 59 is sleeping
1257 153 has taken a fork
1257 135 has taken a fork
1257 117 has taken a fork
1257 145 has taken a fork
1257 124 has taken a fork
1257 149 has taken a fork
1258 108 has taken a fork
1258 160 is thinking
1258 27 is sleeping
1258 19 is sleeping
1258 137 has taken a fork
1258 177 is thinking
1259 104 has taken a fork
1259 163 is thinking
1259 30 is sleeping
1259 141 has taken a fork
1259 154 has taken a fork
1259 54 is sleeping
1259 151 has taken a fork
1259 57 is sleeping
1259 48 is sleeping
1259 143 has taken a fork
1259 158 is thinking
1259 106 has taken a fork
1259 159 has taken a fork
1260 53 is sleeping
1260 55 is sleeping
1260 110 has taken a fork
1260 161 has taken a fork
1260 144 has taken a fork
1260 170 is thinking
1260 162 is thinking
1260 46 is sleeping
1260 136 has taken a fork
1261 38 is sleeping
1261 114 has taken a fork
1261 64 is sleeping
1261 65 is sleeping
1261 157 has taken a fork
1261 116 has taken a fork
1261 113 has taken a fork
1261 175 is thinking
1261 167 is thinking
1262 79 is sleeping
1262 60 is sleeping
1262 56 is sleeping
1262 77 is sleeping
1262 115 has taken a fork
1262 172 is thinking
1262 166 is thinking
1262 129 has taken a fork
1263 105 is eating
1263 173 is thinking
1263 183 is thinking
1263 188 is thinking
1263 181 is thinking
1263 180 is thinking
1263 121 has taken a fork
1264 118 has taken a fork
1264 122 has taken a fork
1264 125 has taken a fork
1264 189 is thinking
1264 63 is sleeping
1264 178 is thinking
1264 174 is thinking
1264 171 is thinking
1265 156 has taken a fork
1265 58 is sleeping
1265 185 is thinking
1265 131 has taken a fork
1265 169 has taken a fork
1265 133 has taken a fork
1266 165 has taken a fork
1266 176 is thinking
1266 191 is thinking
1266 71 is sleeping
1266 179 is thinking
1266 112 has taken a fork
1266 111 has taken a fork
1266 127 has taken a fork
1267 123 has taken a fork
1267 126 has taken a fork
1267 168 has taken a fork
1267 130 has taken a fork
1267 134 has taken a fork
1267 120 has taken a fork
1267 187 is thinking
1267 78 is sleeping
1267 69 is sleeping
1267 182 is thinking
1267 193 is thinking
1268 62 is sleeping
1268 128 has taken a fork
1268 119 has taken a fork
1268 139 has taken a fork
1268 100 is eating
1268 102 is eating
1268 186 is thinking
1268 107 is eating
1268 146 has taken a fork
1268 132 has taken a fork
1268 109 is eating
1268 140 has taken a fork
1269 152 has taken a fork
1269 147 has taken a fork
1269 138 has taken a fork
1269 164 has taken a fork
1269 184 is thinking
1269 67 is sleeping
1269 155 has taken a fork
1269 142 has taken a fork
1269 148 has taken a fork
1269 195 is thinking
1269 150 has taken a fork
1269 72 is sleeping
1269 196 is thinking
1269 68 is sleeping
1269 73 is sleeping
1269 197 is thinking
1269 153 has taken a fork
1269 192 is thinking
1269 135 has taken a fork
1270 117 is eating
1270 145 has taken a fork
1270 124 has taken a fork
1270 149 has taken a fork
1270 108 is eating
1270 160 has taken a fork
1270 137 has taken a fork
1270 177 has taken a fork
1270 104 is eating
1270 163 has taken a fork
1270 141 has taken a fork
1271 154 has taken a fork
1271 151 has taken a fork
1271 143 has taken a fork
1271 158 has taken a fork
1271 106 is eating
1272 159 has taken a fork
1272 194 is thinking
1272 110 is eating
1272 161 has taken a fork
1272 144 has taken a fork
1272 170 has taken a fork
1272 162 has taken a fork
1272 136 has taken a fork
1272 198 is thinking
1272 74 is sleeping
1272 190 is thinking
1272 114 is eating
1273 157 has taken a fork
1273 116 is eating
1273 113 is eating
1273 175 has taken a fork
1273 167 has taken a fork
1274 81 is sleeping
1274 115 is eating
1274 172 has taken a fork
1274 166 has taken a fork
1274 129 is eating
1274 173 has taken a fork
1274 183 has taken a fork
1274 121 is eating
1274 76 is sleeping
1274 188 has taken a fork
1274 118 is eating
1274 122 is eating
1274 125 is eating
1274 156 has taken a fork
1275 131 is eating
1275 169 has taken a fork
1275 133 is eating
1275 165 has taken a fork
1275 112 is eating
1275 111 is eating
1275 127 is eating
1275 123 is eating
1275 126 is eating
1275 168 has taken a fork
1275 130 is eating
1275 134 is eating
1275 120 is eating
1275 70 is sleeping
1276 128 is eating
1276 181 has taken a fork
1276 119 is eating
1276 139 is eating
1276 146 is eating
1276 132 is eating
1276 140 is eating
1276 152 is eating
1276 147 is eating
1276 138 is eating
1276 164 has taken a fork
1277 83 is sleeping
1277 155 has taken a fork
1277 142 is eating
1277 148 is eating
1277 180 has taken a fork
1277 150 is eating
1277 153 is eating
1277 135 is eating
1277 145 is eating
1277 124 is eating
1278 75 is sleeping
1278 149 is eating
1278 189 has taken a fork
1278 160 has taken a fork
1278 137 is eating
1278 177 has taken a fork
1278 163 has taken a fork
1278 141 is eating
1278 154 is eating
1278 84 is sleeping
1278 85 is sleeping
1278 151 is eating
1278 178 has taken a fork
1278 174 has taken a fork
1279 143 is eating
1279 158 has taken a fork
1279 159 is eating
1280 86 is sleeping
1280 171 has taken a fork
1280 161 is eating
1281 66 is sleeping
1281 185 has taken a fork
1282 144 is eating
1282 170 has taken a fork
1282 162 has taken a fork
1282 136 is eating
1283 82 is sleeping
1283 176 has taken a fork
1283 157 is eating
1283 91 is sleeping
1283 191 has taken a fork
1283 175 has taken a fork
1283 167 has taken a fork
1283 172 has taken a fork
1284 166 has taken a fork
1284 173 has taken a fork
1286 183 has taken a fork
1286 80 is sleeping
1286 188 has taken a fork
1286 179 has taken a fork
1286 156 is eating
1286 169 is eating
1287 165 is eating
1287 168 is eating
1289 93 is sleeping
1290 89 is sleeping
1290 181 has taken a fork
1290 95 is sleeping
1290 187 has taken a fork
1290 182 has taken a fork
1291 90 is sleeping
1292 97 is sleeping
1292 186 has taken a fork
1292 184 has taken a fork
1293 193 has taken a fork
1293 164 is eating
1294 155 is eating
1294 180 has taken a fork
1294 94 is sleeping
1294 195 has taken a fork
1294 189 has taken a fork
1295 160 is eating
1295 177 is eating
1295 163 is eating
1295 178 has taken a fork
1295 174 has taken a fork
1295 87 is sleeping
1296 88 is sleeping
1296 196 has taken a fork
1296 197 has taken a fork
1296 158 is eating
1297 171 has taken a fork
1297 185 has taken a fork
1298 170 is eating
1298 162 is eating
1298 3 is thinking
1299 176 has taken a fork
1299 191 has taken a fork
1300 175 is eating
1301 167 is eating
1301 172 is eating
1301 92 is sleeping
1301 166 is eating
1301 173 is eating
1301 192 has taken a fork
1302 1 is thinking
1303 183 is eating
1303 188 is eating
1304 179 has taken a fork
1304 96 is sleeping
1304 194 has taken a fork
1304 101 is sleeping
1304 198 has taken a fork
1305 181 is eating
1305 187 has taken a fork
1305 182 has taken a fork
1305 99 is sleeping
1305 190 has taken a fork
1306 186 has taken a fork
1307 184 has taken a fork
1307 193 has taken a fork
1308 180 is eating
1308 195 has taken a fork
1308 189 is eating
1308 178 is eating
1308 174 is eating
1308 196 has taken a fork
1308 197 has taken a fork
1309 171 is eating
1309 185 is eating
1309 176 is eating
1309 191 is eating
1310 5 is thinking
1310 192 has taken a fork
1310 103 is sleeping
1310 3 has taken a fork
1311 179 is eating
1311 194 has taken a fork
1311 198 has taken a fork
1312 187 is eating
1312 182 is eating
1312 190 has taken a fork
1312 186 is eating
1312 184 is eating
1312 193 is eating
1312 195 is eating
1313 196 is eating
1313 197 is eating
1313 3 has taken a fork
1314 194 is eating
1314 198 is eating
1314 192 is eating
1314 98 is sleeping
1314 1 has taken a fork
1315 190 is eating
1315 3 is eating
1315 1 has taken a fork
1315 1 is eating
1317 23 is thinking
1319 39 is thinking
1320 9 is thinking
1320 35 is thinking
1322 7 is thinking
1324 18 is thinking
1325 49 is thinking
1327 21 is thinking
1327 41 is thinking
1327 44 is thinking
1328 4 is thinking
1329 28 is thinking
1329 47 is thinking
1331 105 is sleeping
1331 5 has taken a fork
1331 5 has taken a fork
1331 5 is eating
1334 8 is thinking
1334 29 is thinking
1334 36 is thinking
1335 16 is thinking
1335 15 is thinking
1336 34 is thinking
1336 11 is thinking
1336 40 is thinking
1338 102 is sleeping
1338 23 has taken a fork
1338 23 has taken a fork
1338 23 is eating
1338 107 is sleeping
1338 109 is sleeping
1339 100 is sleeping
1342 22 is thinking
1343 9 has taken a fork
1344 14 is thinking
1344 117 is sleeping
1345 7 has taken a fork
1345 26 is thinking
1345 108 is sleeping
1345 104 is sleeping
1346 39 has taken a fork
1348 31 is thinking
1348 35 has taken a fork
1349 20 is thinking
1349 106 is sleeping
1349 18 has taken a fork
1350 49 has taken a fork
1350 9 has taken a fork
1351 21 has taken a fork
1351 114 is sleeping
1352 116 is sleeping
1352 110 is sleeping
1352 113 is sleeping
1352 4 has taken a fork
1352 28 has taken a fork
1352 6 is thinking
1352 12 is thinking
1352 2 is thinking
1353 43 is thinking
1353 7 has taken a fork
1353 129 is sleeping
1353 115 is sleeping
1353 47 has taken a fork
1353 8 has taken a fork
1353 45 is thinking
1355 39 has taken a fork
1356 41 has taken a fork
1358 44 has taken a fork
1360 17 is thinking
1360 121 is sleeping
1362 33 is thinking
1362 29 has taken a fork
1362 118 is sleeping
1362 122 is sleeping
1362 16 has taken a fork
1362 36 has taken a fork
1362 125 is sleeping
1362 131 is sleeping
1362 10 is thinking
1362 15 has taken a fork
1362 34 has taken a fork
1362 35 has taken a fork
1362 112 is sleeping
1362 123 is sleeping
1362 111 is sleeping
1362 127 is sleeping
1362 126 is sleeping
1362 40 has taken a fork
1364 22 has taken a fork
1365 25 is thinking
1365 11 has taken a fork
1365 14 has taken a fork
1366 26 has taken a fork
1366 18 has taken a fork
1366 32 is thinking
1366 134 is sleeping
1366 31 has taken a fork
1366 49 has taken a fork
1367 120 is sleeping
1367 9 is eating
1367 130 is sleeping
1367 133 is sleeping
1367 37 is thinking
1368 24 is thinking
1368 20 has taken a fork
1368 21 has taken a fork
1368 128 is sleeping
1369 119 is sleeping
1369 147 is sleeping
1369 140 is sleeping
1369 146 is sleeping
1369 132 is sleeping
1369 4 has taken a fork
1369 28 has taken a fork
1370 152 is sleeping
1370 139 is sleeping
1370 6 has taken a fork
1371 138 is sleeping
1371 12 has taken a fork
1371 2 has taken a fork
1372 43 has taken a fork
1372 7 is eating
1372 47 has taken a fork
1372 8 has taken a fork
1372 45 has taken a fork
1373 142 is sleeping
1373 13 is thinking
1373 42 is thinking
1373 148 is sleeping
1373 61 is thinking
1373 50 is thinking
1373 39 is eating
1373 52 is thinking
1373 51 is thinking
1373 124 is sleeping
1373 135 is sleeping
1373 59 is thinking
1373 150 is sleeping
1373 145 is sleeping
1373 153 is sleeping
1373 149 is sleeping
1374 41 has taken a fork
1375 137 is sleeping
1375 19 is thinking
1376 27 is thinking
1376 154 is sleeping
1376 151 is sleeping
1376 141 is sleeping
1377 44 has taken a fork
1377 54 is thinking
1377 30 is thinking
1378 161 is sleeping
1378 159 is sleeping
1378 143 is sleeping
1378 48 is thinking
1378 55 is thinking
1379 53 is thinking
1379 144 is sleeping
1380 46 is thinking
1381 17 has taken a fork
1382 38 is thinking
1382 64 is thinking
1383 65 is thinking
1383 60 is thinking
1383 136 is sleeping
1383 57 is thinking
1384 33 has taken a fork
1384 29 has taken a fork
1384 16 has taken a fork
1384 36 has taken a fork
1384 10 has taken a fork
1384 15 has taken a fork
1384 34 has taken a fork
1385 35 is eating
1386 79 is thinking
1386 77 is thinking
1386 56 is thinking
1386 40 has taken a fork
1387 157 is sleeping
1387 22 has taken a fork
1387 63 is thinking
1387 58 is thinking
1387 25 has taken a fork
1387 11 has taken a fork
1387 14 has taken a fork
1387 71 is thinking
1388 26 has taken a fork
1388 18 is eating
1388 32 has taken a fork
1388 31 has taken a fork
1388 78 is thinking
1388 49 is eating
1388 69 is thinking
1388 37 has taken a fork
1388 169 is sleeping
1388 156 is sleeping
1388 62 is thinking
1388 24 has taken a fork
1389 20 has taken a fork
1389 21 is eating
1389 68 is thinking
1389 165 is sleeping
1390 72 is thinking
1390 73 is thinking
1390 67 is thinking
1390 168 is sleeping
1390 4 is eating
1390 28 is eating
1391 6 has taken a fork
1391 12 has taken a fork
1391 2 has taken a fork
1392 43 has taken a fork
1392 74 is thinking
1392 47 is eating
1392 8 is eating
1393 45 has taken a fork
1393 13 has taken a fork
1393 42 has taken a fork
1393 61 has taken a fork
1393 50 has taken a fork
1393 52 has taken a fork
1393 51 has taken a fork
1393 59 has taken a fork
1393 76 is thinking
1393 164 is sleeping
1393 81 is thinking
1393 41 is eating
1393 155 is sleeping
1394 70 is thinking
1394 19 has taken a fork
1394 27 has taken a fork
1394 163 is sleeping
1394 83 is thinking
1394 160 is sleeping
1394 177 is sleeping
1394 44 is eating
1394 54 has taken a fork
1394 30 has taken a fork
1395 158 is sleeping
1396 75 is thinking
1396 84 is thinking
1396 85 is thinking
1396 48 has taken a fork
1396 55 has taken a fork
1397 53 has taken a fork
1397 170 is sleeping
1397 162 is sleeping
1397 86 is thinking
1397 66 is thinking
1397 175 is sleeping
1397 167 is sleeping
1397 46 has taken a fork
1397 17 has taken a fork
1398 173 is sleeping
1398 166 is sleeping
1398 38 has taken a fork
1398 172 is sleeping
1398 64 has taken a fork
1398 65 has taken a fork
1398 91 is thinking
1398 60 has taken a fork
1398 183 is sleeping
1398 57 has taken a fork
1398 82 is thinking
1398 188 is sleeping
1398 33 has taken a fork
1398 29 is eating
1398 16 is eating
1398 36 is eating
1398 10 has taken a fork
1399 15 is eating
1399 34 is eating
1399 80 is thinking
1399 79 has taken a fork
1399 77 has taken a fork
1400 56 has taken a fork
1400 40 is eating
1400 181 is sleeping
1400 22 is eating
1401 63 has taken a fork
1401 58 has taken a fork
1401 25 has taken a fork
1401 11 is eating
1401 14 is eating
1401 71 has taken a fork
1401 26 is eating
1401 32 has taken a fork
1401 31 is eating
1402 78 has taken a fork
1402 69 has taken a fork
1403 37 has taken a fork
1403 62 has taken a fork
1403 24 has taken a fork
1403 189 is sleeping
1403 93 is thinking
1403 20 is eating
1403 180 is sleeping
1403 68 has taken a fork
1403 178 is sleeping
1403 174 is sleeping
1404 89 is thinking
1404 72 has taken a fork
1404 95 is thinking
1404 73 has taken a fork
1404 67 has taken a fork
1404 171 is sleeping
1404 90 is thinking
1404 185 is sleeping
1404 6 is eating
1405 191 is sleeping
1406 176 is sleeping
1406 12 is eating
1406 2 is eating
1406 97 is thinking
1406 43 is eating
1406 74 has taken a fork
1406 45 is eating
1406 13 has taken a fork
1406 42 has taken a fork
1407 179 is sleeping
1407 61 has taken a fork
1407 50 has taken a fork
1407 52 has taken a fork
1407 51 has taken a fork
1407 59 has taken a fork
1407 76 has taken a fork
1407 81 has taken a fork
1407 193 is sleeping
1407 70 has taken a fork
1407 19 has taken a fork
1407 186 is sleeping
1408 182 is sleeping
1408 187 is sleeping
1408 27 has taken a fork
1409 94 is thinking
1409 184 is sleeping
1409 83 has taken a fork
1410 54 has taken a fork
1410 30 has taken a fork
1410 195 is sleeping
1410 87 is thinking
1410 75 has taken a fork
1411 196 is sleeping
1411 88 is thinking
1411 197 is sleeping
1411 84 has taken a fork
1411 85 has taken a fork
1411 48 has taken a fork
1412 55 has taken a fork
1412 53 has taken a fork
1412 86 has taken a fork
1412 66 has taken a fork
1412 46 has taken a fork
1412 17 is eating
1412 38 has taken a fork
1413 64 has taken a fork
1413 65 has taken a fork
1413 91 has taken a fork
1413 60 has taken a fork
1414 57 has taken a fork
1414 82 has taken a fork
1414 33 is eating
1414 10 is eating
1414 80 has taken a fork
1414 79 has taken a fork
1414 56 has taken a fork
1414 192 is sleeping
1414 77 has taken a fork
1414 92 is thinking
1414 63 has taken a fork
1414 194 is sleeping
1414 58 has taken a fork
1414 25 is eating
1414 71 has taken a fork
1414 32 is eating
1414 78 has taken a fork
1415 198 is sleeping
1415 69 has taken a fork
1415 37 is eating
1415 62 has taken a fork
1415 24 is eating
1416 93 has taken a fork
1416 68 has taken a fork
1417 190 is sleeping
1417 96 is thinking
1417 89 has taken a fork
1417 72 has taken a fork
1417 101 is thinking
1417 95 has taken a fork
1417 73 has taken a fork
1417 67 has taken a fork
1417 90 has taken a fork
1417 99 is thinking
1417 97 has taken a fork
1417 74 has taken a fork
1417 13 is eating
1418 42 is eating
1418 61 is eating
1419 50 is eating
1419 52 is eating
1419 51 is eating
1419 59 is eating
1419 76 has taken a fork
1420 81 has taken a fork
1420 70 has taken a fork
1420 19 is eating
1420 27 is eating
1420 94 has taken a fork
1420 83 has taken a fork
1420 103 is thinking
1421 54 is eating
1421 3 is sleeping
1421 30 is eating
1422 75 has taken a fork
1422 87 has taken a fork
1422 88 has taken a fork
1422 84 has taken a fork
1422 85 has taken a fork
1422 48 is eating
1422 55 is eating
1422 53 is eating
1423 86 has taken a fork
1423 66 has taken a fork
1423 46 is eating
1423 38 is eating
1423 64 is eating
1423 65 is eating
1423 91 has taken a fork
1427 60 is eating
1429 1 is sleeping
1430 57 is eating
1430 82 has taken a fork
1431 80 has taken a fork
1431 79 is eating
1431 56 is eating
1431 98 is thinking
1431 77 is eating
1431 92 has taken a fork
1431 63 is eating
1432 58 is eating
1432 71 is eating
1433 78 is eating
1433 69 is eating
1434 62 is eating
1435 93 has taken a fork
1435 68 is eating
1435 96 has taken a fork
1435 89 has taken a fork
1435 72 is eating
1436 101 has taken a fork
1436 95 has taken a fork
1436 73 is eating
1436 67 is eating
1436 90 has taken a fork
1437 99 has taken a fork
1437 97 has taken a fork
1438 74 is eating
1439 76 is eating
1439 81 is eating
1439 70 is eating
1439 94 has taken a fork
1440 83 is eating
1440 103 has taken a fork
1440 75 is eating
1441 87 has taken a fork
1441 88 has taken a fork
1442 84 is eating
1442 85 is eating
1442 86 is eating
1443 66 is eating
1443 91 is eating
1444 82 is eating
1445 5 is sleeping
1445 80 is eating
1445 105 is thinking
1445 98 has taken a fork
1446 92 has taken a fork
1446 93 is eating
1446 96 has taken a fork
1446 89 is eating
1447 101 has taken a fork
1447 95 is eating
1447 90 is eating
1448 99 has taken a fork
1448 97 is eating
1449 109 is thinking
1450 107 is thinking
1450 23 is sleeping
1450 102 is thinking
1451 100 is thinking
1451 94 is eating
1451 103 has taken a fork
1451 87 is eating
1452 88 is eating
1452 117 is thinking
1453 108 is thinking
1453 104 is thinking
1453 105 has taken a fork
1453 98 has taken a fork
1453 92 is eating
1454 96 is eating
1455 101 is eating
1455 99 is eating
1455 106 is thinking
1455 109 has taken a fork
1456 114 is thinking
1457 103 is eating
1457 113 is thinking
1457 110 is thinking
1457 116 is thinking
1457 115 is thinking
1458 9 is sleeping
1460 129 is thinking
1460 107 has taken a fork
1461 105 has taken a fork
1461 98 is eating
1462 109 has taken a fork
1462 7 is sleeping
1463 102 has taken a fork
1463 39 is sleeping
1463 100 has taken a fork
1463 107 has taken a fork
1464 121 is thinking
1465 105 is eating
1465 118 is thinking
1466 125 is thinking
1466 122 is thinking
1467 111 is thinking
1467 123 is thinking
1468 109 is eating
1468 131 is thinking
1468 112 is thinking
1468 126 is thinking
1468 127 is thinking
1469 102 has taken a fork
1469 100 has taken a fork
1469 107 is eating
1470 35 is sleeping
1470 117 has taken a fork
1471 49 is sleeping
1471 134 is thinking
1472 18 is sleeping
1473 108 has taken a fork
1474 120 is thinking
1474 21 is sleeping
1474 28 is sleeping
1474 4 is sleeping
1474 106 has taken a fork
1474 133 is thinking
1474 104 has taken a fork
1474 114 has taken a fork
1474 130 is thinking
1474 113 has taken a fork
1475 128 is thinking
1475 132 is thinking
1476 147 is thinking
1476 140 is thinking
1476 146 is thinking
1476 119 is thinking
1477 102 is eating
1477 47 is sleeping
1477 110 has taken a fork
1477 100 is eating
1477 8 is sleeping
1477 41 is sleeping
1477 44 is sleeping
1477 139 is thinking
1477 152 is thinking
1477 116 has taken a fork
1477 115 has taken a fork
1477 129 has taken a fork
1478 117 has taken a fork
1478 138 is thinking
1478 16 is sleeping
1478 29 is sleeping
1478 149 is thinking
1478 148 is thinking
1478 36 is sleeping
1478 135 is thinking
1478 145 is thinking
1478 108 has taken a fork
1479 150 is thinking
1479 153 is thinking
1480 142 is thinking
1480 118 has taken a fork
1480 15 is sleeping
1480 125 has taken a fork
1481 106 has taken a fork
1483 104 has taken a fork
1484 114 has taken a fork
1485 113 has taken a fork
1485 34 is sleeping
1487 14 is sleeping
1487 40 is sleeping
1488 22 is sleeping
1488 111 has taken a fork
1488 123 has taken a fork
1489 137 is thinking
1489 26 is sleeping
1489 122 has taken a fork
1491 11 is sleeping
1493 124 is thinking
1493 121 has taken a fork
1494 112 has taken a fork
1494 131 has taken a fork
1494 126 has taken a fork
1494 141 is thinking
1495 31 is sleeping
1495 134 has taken a fork
1496 127 has taken a fork
1496 154 is thinking
1496 151 is thinking
1496 110 has taken a fork
1496 116 has taken a fork
1496 20 is sleeping
1497 115 has taken a fork
1497 120 has taken a fork
1497 129 has taken a fork
1497 161 is thinking
1497 117 is eating
1497 143 is thinking
1497 159 is thinking
1497 108 is eating
1498 2 is sleeping
1498 144 is thinking
1498 6 is sleeping
1499 12 is sleeping
1500 133 has taken a fork
1500 130 has taken a fork
1500 128 has taken a fork
1500 118 has taken a fork
1500 45 is sleeping
1500 43 is sleeping
1500 132 has taken a fork
1500 147 has taken a fork
1501 125 has taken a fork
1501 106 is eating
1501 136 is thinking
1502 104 is eating
1502 114 is eating
1502 113 is eating
1502 157 is thinking
1502 17 is sleeping
1502 140 has taken a fork
1503 169 is thinking
1503 10 is sleeping
1503 111 has taken a fork
1503 146 has taken a fork
1503 123 has taken a fork
1503 33 is sleeping
1503 165 is thinking
1503 119 has taken a fork
1503 156 is thinking
1504 122 has taken a fork
1504 168 is thinking
1504 25 is sleeping
1504 37 is sleeping
1505 32 is sleeping
1505 139 has taken a fork
1505 152 has taken a fork
1506 138 has taken a fork
1506 24 is sleeping
1507 149 has taken a fork
1507 164 is thinking
1507 155 is thinking
1508 121 has taken a fork
1508 177 is thinking
1509 112 has taken a fork
1509 160 is thinking
1510 163 is thinking
1510 131 has taken a fork
1510 126 has taken a fork
1511 13 is sleeping
1511 148 has taken a fork
1511 134 has taken a fork
1511 59 is sleeping
1511 135 has taken a fork
1511 127 has taken a fork
1511 51 is sleeping
1511 61 is sleeping
1511 42 is sleeping
1511 50 is sleeping
1511 158 is thinking
1511 110 is eating
1512 52 is sleeping
1512 145 has taken a fork
1512 116 is eating
1512 150 has taken a fork
1512 153 has taken a fork
1512 142 has taken a fork
1512 137 has taken a fork
1514 162 is thinking
1514 115 is eating
1514 175 is thinking
1514 170 is thinking
1514 120 has taken a fork
1514 129 is eating
1514 167 is thinking
1514 166 is thinking
1515 183 is thinking
1515 173 is thinking
1515 188 is thinking
1515 27 is sleeping
1515 124 has taken a fork
1515 19 is sleeping
1515 172 is thinking
1515 30 is sleeping
1515 141 has taken a fork
1516 54 is sleeping
1516 154 has taken a fork
1516 48 is sleeping
1516 151 has taken a fork
1516 133 has taken a fork
1516 161 has taken a fork
1516 130 has taken a fork
1517 55 is sleeping
1517 128 has taken a fork
1517 143 has taken a fork
1517 181 is thinking
1518 118 is eating
1518 132 has taken a fork
1518 125 is eating
1518 53 is sleeping
1518 147 has taken a fork
1518 159 has taken a fork
1518 46 is sleeping
1518 144 has taken a fork
1518 140 has taken a fork
1518 189 is thinking
1518 38 is sleeping
1518 136 has taken a fork
1518 64 is sleeping
1518 65 is sleeping
1518 174 is thinking
1519 180 is thinking
1519 178 is thinking
1520 157 has taken a fork
1521 169 has taken a fork
1521 111 is eating
1521 146 has taken a fork
1521 123 is eating
1521 119 has taken a fork
1521 185 is thinking
1522 171 is thinking
1522 122 is eating
1522 191 is thinking
1523 139 has taken a fork
1523 152 has taken a fork
1523 138 has taken a fork
1523 176 is thinking
1524 60 is sleeping
1524 165 has taken a fork
1524 149 has taken a fork
1524 193 is thinking
1524 179 is thinking
1524 186 is thinking
1524 57 is sleeping
1524 156 has taken a fork
1524 182 is thinking
1524 187 is thinking
1525 121 is eating
1525 184 is thinking
1526 56 is sleeping
1526 63 is sleeping
1526 77 is sleeping
1526 112 is eating
1526 79 is sleeping
1526 168 has taken a fork
1526 164 has taken a fork
1526 155 has taken a fork
1526 177 has taken a fork
1526 71 is sleeping
1526 195 is thinking
1527 160 has taken a fork
1527 131 is eating
1527 58 is sleeping
1527 126 is eating
1527 163 has taken a fork
1527 148 has taken a fork
1527 134 is eating
1527 78 is sleeping
1527 135 has taken a fork
1527 62 is sleeping
1527 197 is thinking
1527 127 is eating
1528 196 is thinking
1528 69 is sleeping
1528 158 has taken a fork
1528 68 is sleeping
1528 145 has taken a fork
1528 150 has taken a fork
1528 153 has taken a fork
1528 142 has taken a fork
1528 137 has taken a fork
1528 72 is sleeping
1528 67 is sleeping
1528 73 is sleeping
1528 192 is thinking
1528 194 is thinking
1528 162 has taken a fork
1528 175 has taken a fork
1528 170 has taken a fork
1529 120 is eating
1529 167 has taken a fork
1529 166 has taken a fork
1530 183 has taken a fork
1530 198 is thinking
1530 124 has taken a fork
1530 141 has taken a fork
1530 154 has taken a fork
1530 76 is sleeping
1530 74 is sleeping
1530 173 has taken a fork
1531 151 has taken a fork
1531 188 has taken a fork
1531 133 is eating
1531 161 has taken a fork
1531 130 is eating
1531 83 is sleeping
1531 128 is eating
1531 190 is thinking
1531 70 is sleeping
1531 172 has taken a fork
1531 143 has taken a fork
1531 181 has taken a fork
1532 75 is sleeping
1532 132 is eating
1532 147 is eating
1532 159 has taken a fork
1532 144 has taken a fork
1532 140 is eating
1533 81 is sleeping
1533 189 has taken a fork
1533 136 has taken a fork
1534 174 has taken a fork
1534 84 is sleeping
1534 85 is sleeping
1534 178 has taken a fork
1534 180 has taken a fork
1534 157 has taken a fork
1534 86 is sleeping
1534 66 is sleeping
1534 3 is thinking
1534 91 is sleeping
1535 169 has taken a fork
1536 82 is sleeping
1536 146 is eating
1536 119 is eating
1536 185 has taken a fork
1536 80 is sleeping
1536 171 has taken a fork
1536 191 has taken a fork
1536 139 is eating
1536 152 is eating
1537 138 is eating
1537 176 has taken a fork
1538 165 has taken a fork
1538 149 is eating
1538 193 has taken a fork
1538 156 has taken a fork
1538 89 is sleeping
1538 179 has taken a fork
1538 93 is sleeping
1538 186 has taken a fork
1538 95 is sleeping
1538 187 has taken a fork
1538 90 is sleeping
1539 182 has taken a fork
1539 168 has taken a fork
1539 164 has taken a fork
1539 155 has taken a fork
1539 177 has taken a fork
1540 160 has taken a fork
1540 97 is sleeping
1540 184 has taken a fork
1540 163 has taken a fork
1540 148 is eating
1540 135 is eating
1541 158 has taken a fork
1541 145 is eating
1541 150 is eating
1542 153 is eating
1542 142 is eating
1542 137 is eating
1542 162 has taken a fork
1542 175 has taken a fork
1542 170 has taken a fork
1542 1 is thinking
1542 167 has taken a fork
1542 166 has taken a fork
1542 183 has taken a fork
1543 124 is eating
1544 141 is eating
1544 154 is eating
1544 94 is sleeping
1544 195 has taken a fork
1544 173 has taken a fork
1544 151 is eating
1545 87 is sleeping
1545 197 has taken a fork
1545 188 has taken a fork
1545 161 is eating
1545 172 has taken a fork
1546 143 is eating
1546 181 has taken a fork
1546 159 is eating
1547 88 is sleeping
1547 144 is eating
1547 196 has taken a fork
1547 189 has taken a fork
1548 136 is eating
1548 92 is sleeping
1548 192 has taken a fork
1548 174 has taken a fork
1548 178 has taken a fork
1548 180 has taken a fork
1548 157 is eating
1548 169 is eating
1548 101 is sleeping
1548 96 is sleeping
1548 198 has taken a fork
1549 185 has taken a fork
1549 194 has taken a fork
1550 171 has taken a fork
1550 99 is sleeping
1550 190 has taken a fork
1551 191 has taken a fork
1554 176 has taken a fork
1555 165 is eating
1556 193 has taken a fork
1556 156 is eating
1556 179 has taken a fork
1556 186 has taken a fork
1557 187 has taken a fork
1558 103 is sleeping
1558 3 has taken a fork
1558 182 has taken a fork
1558 168 is eating
1558 164 is eating
1558 155 is eating
1558 177 is eating
1559 160 is eating
1559 184 has taken a fork
1559 163 is eating
1559 158 is eating
1559 162 is eating
1559 175 is eating
1560 170 is eating
1560 167 is eating
1560 166 is eating
1560 183 is eating
1560 195 has taken a fork
1560 173 is eating
1560 197 has taken a fork
1561 188 is eating
1561 5 is thinking
1561 172 is eating
1562 98 is sleeping
1562 181 is eating
1562 196 has taken a fork
1563 1 has taken a fork
1564 189 is eating
1564 192 has taken a fork
1564 174 is eating
1565 178 is eating
1565 180 is eating
1565 198 has taken a fork
1565 185 is eating
1566 194 has taken a fork
1566 171 is eating
1567 23 is thinking
1567 190 has taken a fork
1568 191 is eating
1568 176 is eating
1572 105 is sleeping
1572 193 is eating
1572 179 is eating
1572 186 is eating
1572 187 is eating
1572 3 has taken a fork
1572 9 is thinking
1572 182 is eating
1573 184 is eating
1573 109 is sleeping
1573 195 is eating
1573 197 is eating
1573 107 is sleeping
1574 5 has taken a fork
1574 196 is eating
1575 7 is thinking
1576 39 is thinking
1576 1 has taken a fork
1578 192 is eating
1578 198 is eating
1578 194 is eating
1578 23 has taken a fork
1578 190 is eating
1578 102 is sleeping
1578 100 is sleeping
1580 35 is thinking
1580 49 is thinking
1580 18 is thinking
1580 3 is eating
1580 9 has taken a fork
1581 5 has taken a fork
1582 28 is thinking
1583 4 is thinking
1583 21 is thinking
1584 7 has taken a fork
1585 39 has taken a fork
1589 1 is eating
1590 47 is thinking
1590 41 is thinking
1590 44 is thinking
1590 23 has taken a fork
1591 36 is thinking
1591 29 is thinking
1591 15 is thinking
1591 9 has taken a fork
1593 16 is thinking
1593 8 is thinking
1593 117 is sleeping
1593 5 is eating
1593 108 is sleeping
1593 35 has taken a fork
1593 49 has taken a fork
1593 106 is sleeping
1593 18 has taken a fork
1594 7 has taken a fork
1594 113 is sleeping
1595 39 has taken a fork
1595 114 is sleeping
1596 104 is sleeping
1596 28 has taken a fork
1596 4 has taken a fork
1596 21 has taken a fork
1597 34 is thinking
1598 14 is thinking
1598 40 is thinking
1599 22 is thinking
1599 26 is thinking
1599 23 is eating
1599 116 is sleeping
1599 11 is thinking
1599 110 is sleeping
1599 47 has taken a fork
1599 41 has taken a fork
1599 9 is eating
1600 115 is sleeping
1600 129 is sleeping
1600 36 has taken a fork
1600 44 has taken a fork
1600 35 has taken a fork
1600 49 has taken a fork
1600 18 has taken a fork
1601 7 is eating
1601 31 is thinking
1601 39 is eating
1602 125 is sleeping
1602 20 is thinking
1603 28 has taken a fork
1603 29 has taken a fork
1604 118 is sleeping
1604 4 has taken a fork
1604 21 has taken a fork
1604 15 has taken a fork
1604 2 is thinking
1604 6 is thinking
1604 111 is sleeping
1605 16 has taken a fork
1605 123 is sleeping
1605 12 is thinking
1605 122 is sleeping
1605 8 has taken a fork
1606 34 has taken a fork
1606 41 has taken a fork
1606 47 has taken a fork
1607 45 is thinking
1609 121 is sleeping
1610 43 is thinking
1610 14 has taken a fork
1610 36 has taken a fork
1610 44 has taken a fork
1611 35 is eating
1612 49 is eating
1612 18 is eating
1613 112 is sleeping
1614 40 has taken a fork
1614 126 is sleeping
1615 22 has taken a fork
1615 131 is sleeping
1615 26 has taken a fork
1615 134 is sleeping
1616 17 is thinking
1616 127 is sleeping
1616 11 has taken a fork
1616 31 has taken a fork
1616 33 is thinking
1616 10 is thinking
1617 28 is eating
1617 120 is sleeping
1618 29 has taken a fork
1618 25 is thinking
1619 20 has taken a fork
1619 37 is thinking
1620 4 is eating
1620 21 is eating
1620 15 has taken a fork
1621 133 is sleeping
1621 2 has taken a fork
1621 32 is thinking
1621 130 is sleeping
1622 128 is sleeping
1622 6 has taken a fork
1624 16 has taken a fork
1624 12 has taken a fork
1625 8 has taken a fork
1625 132 is sleeping
1626 24 is thinking
1626 147 is sleeping
1626 34 has taken a fork
1626 41 is eating
1626 47 is eating
1626 45 has taken a fork
1626 43 has taken a fork
1626 140 is sleeping
1626 14 has taken a fork
1627 36 is eating
1627 44 is eating
1627 50 is thinking
1627 51 is thinking
1628 61 is thinking
1629 42 is thinking
1629 59 is thinking
1629 13 is thinking
1629 146 is sleeping
1630 52 is thinking
1630 119 is sleeping
1630 139 is sleeping
1630 40 has taken a fork
1630 152 is sleeping
1631 27 is thinking
1631 19 is thinking
1631 138 is sleeping
1632 30 is thinking
1632 22 has taken a fork
1633 149 is sleeping
1633 26 has taken a fork
1633 17 has taken a fork
1633 54 is thinking
1634 11 has taken a fork
1634 48 is thinking
1634 31 has taken a fork
1634 10 has taken a fork
1635 33 has taken a fork
1635 55 is thinking
1635 29 is eating
1635 38 is thinking
1635 148 is sleeping
1635 46 is thinking
1635 53 is thinking
1635 65 is thinking
1635 64 is thinking
1636 135 is sleeping
1636 25 has taken a fork
1636 150 is sleeping
1636 137 is sleeping
1637 20 has taken a fork
1637 142 is sleeping
1637 153 is sleeping
1637 145 is sleeping
1637 37 has taken a fork
1637 15 is eating
1637 2 has taken a fork
1638 124 is sleeping
1638 32 has taken a fork
1638 151 is sleeping
1639 154 is sleeping
1639 141 is sleeping
1639 6 has taken a fork
1639 143 is sleeping
1639 161 is sleeping
1640 60 is thinking
1642 57 is thinking
1642 159 is sleeping
1642 16 is eating
1643 12 has taken a fork
1643 144 is sleeping
1645 8 is eating
1645 77 is thinking
1645 63 is thinking
1645 71 is thinking
1645 136 is sleeping
1645 79 is thinking
1645 157 is sleeping
1646 24 has taken a fork
1646 34 is eating
1646 56 is thinking
1646 169 is sleeping
1646 45 has taken a fork
1646 43 has taken a fork
1646 14 is eating
1646 58 is thinking
1646 62 is thinking
1646 78 is thinking
1646 50 has taken a fork
1646 69 is thinking
1647 51 has taken a fork
1647 68 is thinking
1647 67 is thinking
1647 72 is thinking
1647 61 has taken a fork
1647 42 has taken a fork
1647 59 has taken a fork
1647 13 has taken a fork
1647 76 is thinking
1647 52 has taken a fork
1647 74 is thinking
1647 40 is eating
1648 27 has taken a fork
1648 73 is thinking
1649 165 is sleeping
1650 70 is thinking
1650 83 is thinking
1650 19 has taken a fork
1650 75 is thinking
1650 156 is sleeping
1650 30 has taken a fork
1650 22 is eating
1650 26 is eating
1650 81 is thinking
1651 17 has taken a fork
1651 54 has taken a fork
1651 85 is thinking
1651 164 is sleeping
1651 177 is sleeping
1651 66 is thinking
1651 84 is thinking
1651 91 is thinking
1652 168 is sleeping
1652 155 is sleeping
1652 86 is thinking
1652 11 is eating
1652 48 has taken a fork
1652 31 is eating
1652 10 has taken a fork
1653 163 is sleeping
1653 33 has taken a fork
1653 55 has taken a fork
1653 38 has taken a fork
1653 160 is sleeping
1653 46 has taken a fork
1653 53 has taken a fork
1654 65 has taken a fork
1655 158 is sleeping
1655 64 has taken a fork
1657 82 is thinking
1657 25 has taken a fork
1658 80 is thinking
1658 175 is sleeping
1658 167 is sleeping
1658 170 is sleeping
1659 20 is eating
1659 162 is sleeping
1659 37 has taken a fork
1659 2 is eating
1659 173 is sleeping
1659 93 is thinking
1659 166 is sleeping
1660 183 is sleeping
1660 95 is thinking
1660 90 is thinking
1665 89 is thinking
1666 32 has taken a fork
1666 172 is sleeping
1666 188 is sleeping
1666 6 is eating
1667 97 is thinking
1668 181 is sleeping
1668 60 has taken a fork
1669 189 is sleeping
1669 174 is sleeping
1669 180 is sleeping
1669 178 is sleeping
1670 57 has taken a fork
1670 185 is sleeping
1671 12 is eating
1671 171 is sleeping
1672 87 is thinking
1673 94 is thinking
1673 77 has taken a fork
1673 63 has taken a fork
1673 71 has taken a fork
1673 79 has taken a fork
1673 24 has taken a fork
1673 191 is sleeping
1674 56 has taken a fork
1674 45 is eating
1674 43 is eating
1675 58 has taken a fork
1675 62 has taken a fork
1675 78 has taken a fork
1675 50 has taken a fork
1675 69 has taken a fork
1675 88 is thinking
1675 51 has taken a fork
1675 68 has taken a fork
1675 67 has taken a fork
1675 176 is sleeping
1675 72 has taken a fork
1675 61 has taken a fork
1675 42 has taken a fork
1676 59 has taken a fork
1676 13 has taken a fork
1676 76 has taken a fork
1676 52 has taken a fork
1676 74 has taken a fork
1676 193 is sleeping
1676 92 is thinking
1676 27 has taken a fork
1676 101 is thinking
1677 73 has taken a fork
1677 96 is thinking
1677 187 is sleeping
1678 179 is sleeping
1678 186 is sleeping
1680 182 is sleeping
1680 99 is thinking
1680 184 is sleeping
1681 70 has taken a fork
1681 83 has taken a fork
1681 19 has taken a fork
1681 75 has taken a fork
1681 30 has taken a fork
1682 81 has taken a fork
1682 17 is eating
1683 54 has taken a fork
1683 85 has taken a fork
1684 66 has taken a fork
1684 84 has taken a fork
1684 91 has taken a fork
1684 197 is sleeping
1684 195 is sleeping
1684 86 has taken a fork
1685 48 has taken a fork
1685 10 is eating
1685 196 is sleeping
1685 55 has taken a fork
1685 33 is eating
1685 38 has taken a fork
1685 46 has taken a fork
1685 53 has taken a fork
1685 65 has taken a fork
1685 64 has taken a fork
1686 194 is sleeping
1686 190 is sleeping
1686 192 is sleeping
1686 198 is sleeping
1686 25 is eating
1686 82 has taken a fork
1687 80 has taken a fork
1687 103 is thinking
1688 37 is eating
1688 93 has taken a fork
1688 3 is sleeping
1689 95 has taken a fork
1689 90 has taken a fork
1690 98 is thinking
1690 89 has taken a fork
1690 32 is eating
1692 97 has taken a fork
1693 1 is sleeping
1695 60 has taken a fork
1696 57 has taken a fork
1697 87 has taken a fork
1698 105 is thinking
1699 109 is thinking
1700 107 is thinking
1700 94 has taken a fork
1700 77 has taken a fork
1700 63 has taken a fork
1700 71 has taken a fork
1700 79 has taken a fork
1700 24 is eating
1701 56 has taken a fork
1702 58 has taken a fork
1702 62 has taken a fork
1703 78 has taken a fork
1703 50 is eating
1703 69 has taken a fork
1704 88 has taken a fork
1704 51 is eating
1704 68 has taken a fork
1704 67 has taken a fork
1704 72 has taken a fork
1705 61 is eating
1706 42 is eating
1706 59 is eating
1706 13 is eating
1706 76 has taken a fork
1706 52 is eating
1706 74 has taken a fork
1707 92 has taken a fork
1707 27 is eating
1708 101 has taken a fork
1709 5 is sleeping
1709 73 has taken a fork
1709 96 has taken a fork
1710 102 is thinking
1711 100 is thinking
1711 99 has taken a fork
1711 70 has taken a fork
1711 83 has taken a fork
1711 19 is eating
1712 75 has taken a fork
1712 30 is eating
1712 81 has taken a fork
1712 54 is eating
1712 23 is sleeping
1713 85 has taken a fork
1713 66 has taken a fork
1714 84 has taken a fork
1714 91 has taken a fork
1714 86 has taken a fork
1714 48 is eating
1714 55 is eating
1714 38 is eating
1714 46 is eating
1714 53 is eating
1715 65 is eating
1715 64 is eating
1716 82 has taken a fork
1716 9 is sleeping
1718 80 has taken a fork
1718 103 has taken a fork
1719 93 has taken a fork
1719 7 is sleeping
1720 95 has taken a fork
1720 90 has taken a fork
1721 39 is sleeping
1721 98 has taken a fork
1722 89 has taken a fork
1725 97 has taken a fork
1726 117 is thinking
1727 108 is thinking
1728 106 is thinking
1729 114 is thinking
1729 113 is thinking
1730 60 is eating
1730 104 is thinking
1731 57 is eating
1731 49 is sleeping
1731 35 is sleeping
1731 87 has taken a fork
1731 105 has taken a fork
1732 18 is sleeping
1732 109 has taken a fork
1732 110 is thinking
1733 115 is thinking
1733 116 is thinking
1733 129 is thinking
1734 107 has taken a fork
1735 94 has taken a fork
1735 77 is eating
1736 63 is eating
1736 71 is eating
1736 79 is eating
1737 56 is eating
1737 58 is eating
1737 28 is sleeping
1737 62 is eating
1737 78 is eating
1738 69 is eating
1738 125 is thinking
1738 4 is sleeping
1739 21 is sleeping
1739 118 is thinking
1739 88 has taken a fork
1739 111 is thinking
1740 68 is eating
1740 67 is eating
1740 72 is eating
1740 123 is thinking
1740 122 is thinking
1741 76 is eating
1741 74 is eating
1741 92 has taken a fork
1741 101 has taken a fork
1742 41 is sleeping
1742 121 is thinking
1742 47 is sleeping
1742 73 is eating
1742 96 has taken a fork
1742 44 is sleeping
1742 102 has taken a fork
1742 36 is sleeping
1743 100 has taken a fork
1743 99 has taken a fork
1744 70 is eating
1744 83 is eating
1744 75 is eating
1744 81 is eating
1744 112 is thinking
1745 85 is eating
1746 66 is eating
1746 84 is eating
1746 126 is thinking
1746 91 is eating
1747 86 is eating
1748 131 is thinking
1748 134 is thinking
1748 29 is sleeping
1748 127 is thinking
1749 82 is eating
1749 15 is sleeping
1749 120 is thinking
1750 80 is eating
1750 103 has taken a fork
1750 93 is eating
1752 95 is eating
1752 16 is sleeping
1753 90 is eating
1754 133 is thinking
1754 130 is thinking
1755 98 has taken a fork
1756 128 is thinking
1756 8 is sleeping
1757 34 is sleeping
1757 14 is sleeping
1757 40 is sleeping
1757 89 is eating
1757 132 is thinking
1758 97 is eating
1758 26 is sleeping
1758 22 is sleeping
1758 140 is thinking
1759 147 is thinking
1759 117 has taken a fork
1759 31 is sleeping
1761 108 has taken a fork
1761 11 is sleeping
1762 106 has taken a fork
1762 146 is thinking
1762 114 has taken a fork
1762 113 has taken a fork
1764 119 is thinking
1764 139 is thinking
1765 152 is thinking
1766 138 is thinking
1766 104 has taken a fork
1766 87 is eating
1766 105 has taken a fork
1766 2 is sleeping
1766 20 is sleeping
1766 109 has taken a fork
1767 110 has taken a fork
1767 149 is thinking
1767 115 has taken a fork
1767 116 has taken a fork
1768 129 has taken a fork
1768 107 has taken a fork
1768 148 is thinking
1769 94 is eating
1770 150 is thinking
1770 137 is thinking
1771 135 is thinking
1771 6 is sleeping
1771 142 is thinking
1771 145 is thinking
1773 153 is thinking
1774 12 is sleeping
1774 124 is thinking
1774 125 has taken a fork
1774 141 is thinking
1775 151 is thinking
1775 154 is thinking
1775 118 has taken a fork
1775 161 is thinking
1776 143 is thinking
1776 88 is eating
1776 111 has taken a fork
1776 123 has taken a fork
1776 122 has taken a fork
1776 45 is sleeping
1776 92 is eating
1776 101 is eating
1776 121 has taken a fork
1776 43 is sleeping
1777 159 is thinking
1777 96 is eating
1777 102 has taken a fork
1777 100 has taken a fork
1778 144 is thinking
1778 99 is eating
1779 112 has taken a fork
1779 157 is thinking
1780 136 is thinking
1780 126 has taken a fork
1780 169 is thinking
1781 131 has taken a fork
1781 134 has taken a fork
1781 127 has taken a fork
1781 17 is sleeping
1781 165 is thinking
1781 120 has taken a fork
1781 156 is thinking
1781 103 is eating
1781 164 is thinking
1781 10 is sleeping
1781 25 is sleeping
1782 155 is thinking
1782 33 is sleeping
1782 168 is thinking
1782 177 is thinking
1782 163 is thinking
1783 160 is thinking
1784 37 is sleeping
1784 133 has taken a fork
1784 130 has taken a fork
1784 158 is thinking
1784 98 is eating
1784 32 is sleeping
1784 128 has taken a fork
1787 132 has taken a fork
1788 167 is thinking
1789 175 is thinking
1790 170 is thinking
1791 140 has taken a fork
1791 147 has taken a fork
1791 173 is thinking
1791 162 is thinking
1791 117 has taken a fork
1791 166 is thinking
1791 183 is thinking
1791 108 has taken a fork
1791 106 has taken a fork
1792 146 has taken a fork
1792 114 has taken a fork
1792 113 has taken a fork
1792 24 is sleeping
1792 119 has taken a fork
1793 139 has taken a fork
1793 50 is sleeping
1793 152 has taken a fork
1793 51 is sleeping
1794 172 is thinking
1794 188 is thinking
1794 104 has taken a fork
1794 105 is eating
1794 138 has taken a fork
1794 109 is eating
1794 110 has taken a fork
1794 61 is sleeping
1795 149 has taken a fork
1795 115 has taken a fork
1795 116 has taken a fork
1795 52 is sleeping
1795 129 has taken a fork
1795 42 is sleeping
1795 107 is eating
1795 59 is sleeping
1795 13 is sleeping
1799 181 is thinking
1799 148 has taken a fork
1799 27 is sleeping
1799 174 is thinking
1799 180 is thinking
1799 178 is thinking
1799 189 is thinking
1799 185 is thinking
1799 150 has taken a fork
1800 137 has taken a fork
1800 19 is sleeping
1800 135 has taken a fork
1800 171 is thinking
1800 142 has taken a fork
1800 145 has taken a fork
1800 30 is sleeping
1800 54 is sleeping
1801 153 has taken a fork
1801 191 is thinking
1801 124 has taken a fork
1801 48 is sleeping
1801 125 has taken a fork
1801 141 has taken a fork
1801 53 is sleeping
1801 38 is sleeping
1801 46 is sleeping
1801 55 is sleeping
1801 65 is sleeping
1801 176 is thinking
1802 151 has taken a fork
1802 154 has taken a fork
1803 118 has taken a fork
1803 161 has taken a fork
1804 193 is thinking
1804 64 is sleeping
1805 143 has taken a fork
1805 111 has taken a fork
1805 123 has taken a fork
1806 122 has taken a fork
1806 121 has taken a fork
1806 187 is thinking
1806 159 has taken a fork
1806 102 is eating
1806 100 is eating
1807 186 is thinking
1807 144 has taken a fork
1807 179 is thinking
1807 112 has taken a fork
1808 157 has taken a fork
1808 182 is thinking
1808 184 is thinking
1808 136 has taken a fork
1809 126 has taken a fork
1809 169 has taken a fork
1809 131 has taken a fork
1810 134 has taken a fork
1810 127 has taken a fork
1810 120 has taken a fork
1811 133 has taken a fork
1811 197 is thinking
1811 130 has taken a fork
1811 195 is thinking
1811 128 has taken a fork
1811 60 is sleeping
1813 198 is thinking
1813 194 is thinking
1814 132 has taken a fork
1814 190 is thinking
1814 165 has taken a fork
1814 57 is sleeping
1814 192 is thinking
1815 196 is thinking
1815 3 is thinking
1815 156 has taken a fork
1815 77 is sleeping
1815 63 is sleeping
1815 79 is sleeping
1815 168 has taken a fork
1815 71 is sleeping
1815 164 has taken a fork
1815 140 has taken a fork
1815 155 has taken a fork
1815 177 has taken a fork
1815 147 has taken a fork
1815 117 is eating
1816 108 is eating
1816 106 is eating
1816 62 is sleeping
1816 78 is sleeping
1817 160 has taken a fork
1817 56 is sleeping
1817 69 is sleeping
1817 158 has taken a fork
1817 58 is sleeping
1818 175 has taken a fork
1818 167 has taken a fork
1819 146 has taken a fork
1819 163 has taken a fork
1819 114 is eating
1819 113 is eating
1820 1 is thinking
1820 119 has taken a fork
1820 139 has taken a fork
1822 152 has taken a fork
1822 67 is sleeping
1822 74 is sleeping
1822 68 is sleeping
1822 76 is sleeping
1822 72 is sleeping
1823 170 has taken a fork
1824 173 has taken a fork
1824 162 has taken a fork
1824 166 has taken a fork
1824 183 has taken a fork
1824 104 is eating
1824 138 has taken a fork
1824 110 is eating
1824 73 is sleeping
1825 172 has taken a fork
1828 149 has taken a fork
1828 115 is eating
1829 116 is eating
1829 129 is eating
1829 81 is sleeping
1829 75 is sleeping
1829 83 is sleeping
1829 70 is sleeping
1830 85 is sleeping
1832 188 has taken a fork
1832 91 is sleeping
1832 66 is sleeping
1833 84 is sleeping
1834 181 has taken a fork
1834 148 has taken a fork
1835 174 has taken a fork
1835 180 has taken a fork
1835 178 has taken a fork
1835 189 has taken a fork
1835 185 has taken a fork
1838 150 has taken a fork
1838 86 is sleeping
1839 137 has taken a fork
1839 135 has taken a fork
1839 171 has taken a fork
1840 142 has taken a fork
1840 145 has taken a fork
1841 153 has taken a fork
1841 191 has taken a fork
1841 124 has taken a fork
1841 125 is eating
1842 141 has taken a fork
1842 151 has taken a fork
1842 154 has taken a fork
1842 118 is eating
1843 161 has taken a fork
1844 82 is sleeping
1844 80 is sleeping
1844 176 has taken a fork
1844 193 has taken a fork
1844 93 is sleeping
1844 143 has taken a fork
1844 111 is eating
1844 123 is eating
1844 95 is sleeping
1845 122 is eating
1845 121 is eating
1847 187 has taken a fork
1848 159 has taken a fork
1848 90 is sleeping
1848 186 has taken a fork
1849 144 has taken a fork
1849 179 has taken a fork
1850 112 is eating
1850 157 has taken a fork
1851 136 has taken a fork
1853 5 is thinking
1854 126 is eating
1855 169 has taken a fork
1856 131 is eating
1856 134 is eating
1856 127 is eating
1856 120 is eating
1856 133 is eating
1856 89 is sleeping
1856 130 is eating
1856 182 has taken a fork
1856 128 is eating
1856 23 is thinking
1856 97 is sleeping
1856 184 has taken a fork
1858 132 is eating
1859 165 has taken a fork
1859 156 has taken a fork
1859 168 has taken a fork
1860 164 has taken a fork
1862 140 is eating
1862 155 has taken a fork
1862 177 has taken a fork
1862 147 is eating
1862 9 is thinking
1862 160 has taken a fork
1862 158 has taken a fork
1863 175 has taken a fork
1863 167 has taken a fork
1863 7 is thinking
1863 87 is sleeping
1864 197 has taken a fork
1865 146 is eating
1866 163 has taken a fork
1867 119 is eating
1868 139 is eating
1868 39 is thinking
1868 94 is sleeping
1868 195 has taken a fork
1869 152 is eating
1869 170 has taken a fork
1870 173 has taken a fork
1871 162 has taken a fork
1872 166 has taken a fork
1872 183 has taken a fork
1873 138 is eating
1873 101 is sleeping
1873 88 is sleeping
1873 92 is sleeping
1873 172 has taken a fork
1873 96 is sleeping
1874 198 has taken a fork
1875 190 has taken a fork
1875 194 has taken a fork
1876 149 is eating
1876 99 is sleeping
1876 35 is thinking
1876 18 is thinking
1876 49 is thinking
1876 196 has taken a fork
1876 188 has taken a fork
1876 192 has taken a fork
1876 103 is sleeping
1877 3 has taken a fork
1878 181 has taken a fork
1878 148 is eating
1878 174 has taken a fork
1878 180 has taken a fork
1878 178 has taken a fork
1878 189 has taken a fork
1878 185 has taken a fork
1878 98 is sleeping
1878 1 has taken a fork
1879 4 is thinking
1879 28 is thinking
1879 150 is eating
1879 137 is eating
1879 135 is eating
1880 21 is thinking
1881 171 has taken a fork
1881 142 is eating
1881 145 is eating
1882 153 is eating
1882 191 has taken a fork
1882 124 is eating
1883 36 is thinking
1883 47 is thinking
1883 44 is thinking
1883 41 is thinking
1883 141 is eating
1883 151 is eating
1883 154 is eating
1883 161 is eating
1883 176 has taken a fork
1883 193 has taken a fork
1883 143 is eating
1883 105 is sleeping
1883 187 has taken a fork
1884 109 is sleeping
1884 107 is sleeping
1884 159 is eating
1884 29 is thinking
1884 186 has taken a fork
1884 15 is thinking
1884 179 has taken a fork
1885 144 is eating
1885 157 is eating
1886 16 is thinking
1886 136 is eating
1886 5 has taken a fork
1886 182 has taken a fork
1887 23 has taken a fork
1887 169 is eating
1887 8 is thinking
1887 184 has taken a fork
1887 40 is thinking
1889 14 is thinking
1889 102 is sleeping
1889 26 is thinking
1890 22 is thinking
1890 34 is thinking
1890 165 is eating
1890 100 is sleeping
1891 31 is thinking
1891 156 is eating
1891 168 is eating
1891 164 is eating
1892 11 is thinking
1892 155 is eating
1892 177 is eating
1893 9 has taken a fork
1893 160 is eating
1893 158 is eating
1893 175 is eating
1893 167 is eating
1893 7 has taken a fork
1893 197 has taken a fork
1894 20 is thinking
1894 163 is eating
1894 2 is thinking
1894 39 has taken a fork
1894 195 has taken a fork
1895 170 is eating
1895 173 is eating
1895 6 is thinking
1895 117 is sleeping
1896 162 is eating
1896 108 is sleeping
1896 106 is sleeping
1896 166 is eating
1896 183 is eating
1896 172 is eating
1896 114 is sleeping
1897 12 is thinking
1897 113 is sleeping
1897 198 has taken a fork
1897 190 has taken a fork
1897 194 has taken a fork
1898 35 has taken a fork
1899 43 is thinking
1899 18 has taken a fork
1900 49 has taken a fork
1901 45 is thinking
1901 196 has taken a fork
1901 188 is eating
1902 192 has taken a fork
1902 3 has taken a fork
1902 181 is eating
1902 104 is sleeping
1902 174 is eating
1902 180 is eating
1902 178 is eating
1902 110 is sleeping
1902 189 is eating
1902 185 is eating
1902 1 has taken a fork
1902 4 has taken a fork
1902 28 has taken a fork
1902 21 has taken a fork
1903 25 is thinking
1903 129 is sleeping
1903 17 is thinking
1903 115 is sleeping
1903 116 is sleeping
1904 10 is thinking
1904 171 is eating
1904 33 is thinking
1904 191 is eating
1904 36 has taken a fork
1904 47 has taken a fork
1905 44 has taken a fork
1905 41 has taken a fork
1905 176 is eating
1905 193 is eating
1905 187 is eating
1905 37 is thinking
1905 186 is eating
1905 32 is thinking
1905 179 is eating
1907 5 has taken a fork
1907 182 is eating
1908 23 has taken a fork
1909 184 is eating
1909 125 is sleeping
1909 29 has taken a fork
1909 118 is sleeping
1909 15 has taken a fork
1909 111 is sleeping
1909 123 is sleeping
1910 16 has taken a fork
1910 8 has taken a fork
1910 24 is thinking
1910 122 is sleeping
1910 40 has taken a fork
1910 9 has taken a fork
1910 50 is thinking
1911 51 is thinking
1911 7 has taken a fork
1911 197 is eating
1911 121 is sleeping
1912 61 is thinking
1912 14 has taken a fork
1913 39 has taken a fork
1913 195 is eating
1913 42 is thinking
1914 13 is thinking
1915 52 is thinking
1915 59 is thinking
1915 198 is eating
1915 190 is eating
1915 194 is eating
1915 112 is sleeping
1915 26 has taken a fork
1915 35 has taken a fork
1915 27 is thinking
1915 18 has taken a fork
1915 126 is sleeping
1915 19 is thinking
1915 54 is thinking
1915 30 is thinking
1915 22 has taken a fork
1915 49 has taken a fork
1915 46 is thinking
1915 38 is thinking
1915 53 is thinking
1917 48 is thinking
1919 55 is thinking
1920 65 is thinking
1921 196 is eating
1921 192 is eating
1921 3 is eating
1922 134 is sleeping
1922 127 is sleeping
1922 131 is sleeping
1922 31 has taken a fork
1924 11 has taken a fork
1924 34 has taken a fork
1924 1 is eating
1924 4 has taken a fork
1924 28 has taken a fork
1924 21 has taken a fork
1924 120 is sleeping
1924 20 has taken a fork
1925 64 is thinking
1925 36 has taken a fork
1925 47 has taken a fork
1925 133 is sleeping
1925 2 has taken a fork
1925 130 is sleeping
1930 6 has taken a fork
1930 44 has taken a fork
1930 41 has taken a fork
1930 128 is sleeping
1930 5 is eating
1931 12 has taken a fork
1931 132 is sleeping
1931 43 has taken a fork
1931 23 is eating
1931 29 has taken a fork
1931 15 has taken a fork
1931 140 is sleeping
1932 45 has taken a fork
1932 16 has taken a fork
1932 8 has taken a fork
1932 40 has taken a fork
1932 9 is eating
1932 147 is sleeping
1932 60 is thinking
1932 25 has taken a fork
1933 7 is eating
1934 14 has taken a fork
1934 39 is eating
1934 146 is sleeping
1934 17 has taken a fork
1935 57 is thinking
1935 63 is thinking
1938 79 is thinking
1938 77 is thinking
1939 26 has taken a fork
1939 35 is eating
1939 18 is eating
1940 22 has taken a fork
1940 49 is eating
1940 71 is thinking
1940 119 is sleeping
1940 139 is sleeping
1941 78 is thinking
1941 58 is thinking
1941 69 is thinking
1942 56 is thinking
1942 10 has taken a fork
1942 33 has taken a fork
1942 62 is thinking
1943 152 is sleeping
1943 37 has taken a fork
1943 138 is sleeping
1943 32 has taken a fork
1943 149 is sleeping
1944 72 is thinking
1944 67 is thinking
1944 74 is thinking
1944 68 is thinking
1945 24 has taken a fork
1945 76 is thinking
1945 31 has taken a fork
1945 148 is sleeping
1945 50 has taken a fork
1946 73 is thinking
1947 11 has taken a fork
1947 34 has taken a fork
1947 4 is eating
1947 28 is eating
1947 21 is eating
1947 20 has taken a fork
1947 135 is sleeping
1947 137 is sleeping
1948 150 is sleeping
1948 42 has taken a fork
1949 61 has taken a fork
1949 51 has taken a fork
1949 36 is eating
1949 47 is eating
1949 2 has taken a fork
1949 145 is sleeping
1949 142 is sleeping
1949 13 has taken a fork
1949 154 is sleeping
1949 124 is sleeping
1949 27 has taken a fork
1949 141 is sleeping
1950 153 is sleeping
1950 161 is sleeping
1950 19 has taken a fork
1951 54 has taken a fork
1951 143 is sleeping
1951 151 is sleeping
1951 38 has taken a fork
1952 70 is thinking
1952 75 is thinking
1952 83 is thinking
1953 81 is thinking
1953 52 has taken a fork
1954 46 has taken a fork
1954 59 has taken a fork
1954 30 has taken a fork
1954 6 has taken a fork
1954 44 is eating
1954 41 is eating
1954 85 is thinking
1954 159 is sleeping
1954 53 has taken a fork
1954 12 has taken a fork
1956 43 has taken a fork
1957 29 is eating
1957 15 is eating
1958 66 is thinking
1958 157 is sleeping
1958 144 is sleeping
1959 48 has taken a fork
1961 91 is thinking
1963 55 has taken a fork
1963 45 has taken a fork
1963 16 is eating
1963 8 is eating
1963 40 is eating
1963 25 has taken a fork
1963 136 is sleeping
1965 84 is thinking
1965 65 has taken a fork
1965 169 is sleeping
1965 14 is eating
1965 64 has taken a fork
1969 17 has taken a fork
1969 86 is thinking
1969 26 is eating
1969 165 is sleeping
1969 156 is sleeping
1969 57 has taken a fork
1970 60 has taken a fork
1970 22 is eating
1970 168 is sleeping
1970 164 is sleeping
1971 63 has taken a fork
1973 79 has taken a fork
1974 155 is sleeping
1974 177 is sleeping
1974 71 has taken a fork
1974 77 has taken a fork
1975 10 has taken a fork
1975 33 has taken a fork
1975 167 is sleeping
1976 175 is sleeping
1976 158 is sleeping
1976 163 is sleeping
1976 160 is sleeping
1977 78 has taken a fork
1977 69 has taken a fork
1977 56 has taken a fork
1977 58 has taken a fork
1977 37 has taken a fork
1977 32 has taken a fork
1977 62 has taken a fork
1977 82 is thinking
1977 95 is thinking
1977 80 is thinking
1977 93 is thinking
1977 162 is sleeping
1977 173 is sleeping
1977 170 is sleeping
1977 166 is sleeping
1977 183 is sleeping
1978 74 has taken a fork
1978 72 has taken a fork
1979 67 has taken a fork
1980 24 has taken a fork
1980 68 has taken a fork
1980 76 has taken a fork
1980 31 is eating
1980 50 has taken a fork
1980 172 is sleeping
1981 73 has taken a fork
1981 11 is eating
1982 34 is eating
1982 20 is eating
1982 90 is thinking
1982 42 has taken a fork
1982 61 has taken a fork
1986 51 has taken a fork
1986 2 is eating
1986 13 has taken a fork
1987 27 has taken a fork
1987 188 is sleeping
1988 19 has taken a fork
1988 178 is sleeping
1988 185 is sleeping
1989 174 is sleeping
1989 189 is sleeping
1989 180 is sleeping
1989 181 is sleeping
1990 54 has taken a fork
1990 38 has taken a fork
1990 171 is sleeping
1990 70 has taken a fork
1992 75 has taken a fork
1993 83 has taken a fork
1993 191 is sleeping
1993 81 has taken a fork
1994 52 has taken a fork
1994 46 has taken a fork
1996 59 has taken a fork
1996 30 has taken a fork
1996 6 is eating
1996 85 has taken a fork
1996 53 has taken a fork
1996 12 is eating
1996 176 is sleeping
1997 193 is sleeping
1997 187 is sleeping
1997 186 is sleeping
1997 97 is thinking
1997 179 is sleeping
1998 89 is thinking
1999 43 is eating
1999 66 has taken a fork
1999 48 has taken a fork
1999 182 is sleeping
2000 184 is sleeping
2000 91 has taken a fork
2000 87 is thinking
2001 55 has taken a fork
2001 45 is eating
2001 25 is eating
2001 197 is sleeping
2003 84 has taken a fork
2003 65 has taken a fork
2004 64 has taken a fork
2004 195 is sleeping
2004 94 is thinking
2005 17 is eating
2005 86 has taken a fork
2005 57 has taken a fork
2005 60 has taken a fork
2008 63 has taken a fork
2008 198 is sleeping
2008 190 is sleeping
2008 194 is sleeping
2008 88 is thinking
2008 92 is thinking
2009 101 is thinking
2009 96 is thinking
2009 79 has taken a fork
2009 71 has taken a fork
2010 77 has taken a fork
2010 10 is eating
2010 33 is eating
2011 78 has taken a fork
2011 69 has taken a fork
2011 196 is sleeping
2011 56 has taken a fork
2011 58 has taken a fork
2012 37 is eating
2012 32 is eating
2012 62 has taken a fork
2012 103 is thinking
2012 82 has taken a fork
2012 99 is thinking
2013 192 is sleeping
2013 95 has taken a fork
2013 80 has taken a fork
2013 93 has taken a fork
2013 3 is sleeping
2013 98 is thinking
2013 74 has taken a fork
2013 72 has taken a fork
2013 67 has taken a fork
2013 24 is eating
2013 68 has taken a fork
2013 76 has taken a fork
2013 50 is eating
2013 1 is sleeping
2013 73 has taken a fork
2014 90 has taken a fork
2014 42 is eating
2014 61 is eating
2014 109 is thinking
2014 105 is thinking
2014 107 is thinking
2014 51 is eating
2014 13 is eating
2014 27 is eating
2014 19 is eating
2014 102 is thinking
2014 54 is eating
2014 100 is thinking
2014 38 is eating
2014 70 has taken a fork
2016 5 is sleeping
2016 75 has taken a fork
2016 83 has taken a fork
2016 81 has taken a fork
2016 23 is sleeping
2016 52 is eating
2016 46 is eating
2016 117 is thinking
2017 108 is thinking
2017 106 is thinking
2018 114 is thinking
2018 59 is eating
2018 30 is eating
2018 85 has taken a fork
2018 53 is eating
2018 113 is thinking
2018 9 is sleeping
2018 97 has taken a fork
2019 89 has taken a fork
2019 7 is sleeping
2019 66 has taken a fork
2019 48 is eating
2019 91 has taken a fork
2019 87 has taken a fork
2019 39 is sleeping
2019 55 is eating
2019 104 is thinking
2019 110 is thinking
2019 129 is thinking
2020 115 is thinking
2020 116 is thinking
2020 84 has taken a fork
2020 65 is eating
2020 64 is eating
2020 94 has taken a fork
2020 86 has taken a fork
2020 57 is eating
2020 60 is eating
2021 35 is sleeping
2021 18 is sleeping
2021 49 is sleeping
2021 63 is eating
2021 88 has taken a fork
2021 92 has taken a fork
2021 111 is thinking
2021 101 has taken a fork
2022 123 is thinking
2022 125 is thinking
2022 118 is thinking
2022 96 has taken a fork
2022 79 is eating
2022 71 is eating
2022 122 is thinking
2022 77 is eating
2023 121 is thinking
2023 78 is eating
2023 69 is eating
2023 56 is eating
2023 58 is eating
2023 62 is eating
2024 103 has taken a fork
2024 82 has taken a fork
2024 99 has taken a fork
2024 4 is sleeping
2024 95 has taken a fork
2024 28 is sleeping
2024 80 has taken a fork
2024 93 has taken a fork
2024 98 has taken a fork
2024 74 is eating
2024 72 is eating
2024 67 is eating
2024 68 is eating
2024 76 is eating
2024 73 is eating
2025 90 has taken a fork
2025 21 is sleeping
2025 109 has taken a fork
2025 105 has taken a fork
2025 107 has taken a fork
2026 102 has taken a fork
2026 100 has taken a fork
2026 70 is eating
2026 126 is thinking
2026 112 is thinking
2027 36 is sleeping
2027 75 is eating
2027 47 is sleeping
2028 83 is eating
2028 81 is eating
2028 117 has taken a fork
2028 108 has taken a fork
2029 106 has taken a fork
2029 114 has taken a fork
2029 85 is eating
2029 113 has taken a fork
2029 97 has taken a fork
2029 41 is sleeping
2029 89 has taken a fork
2030 44 is sleeping
2030 66 is eating
2030 91 is eating
2031 87 has taken a fork
2032 104 has taken a fork
2033 110 has taken a fork
2033 129 has taken a fork
2033 115 has taken a fork
2033 116 has taken a fork
2034 84 is eating
2034 94 has taken a fork
2034 86 is eating
2034 88 has taken a fork
2035 92 has taken a fork
2035 101 has taken a fork
2035 131 is thinking
2035 127 is thinking
2036 134 is thinking
2036 96 has taken a fork
2036 15 is sleeping
2036 103 has taken a fork
2036 82 is eating
2036 99 has taken a fork
2036 29 is sleeping
2037 123 has taken a fork
2037 95 is eating
2037 120 is thinking
2038 111 has taken a fork
2039 80 is eating
2039 93 is eating
2039 98 has taken a fork
2040 90 is eating
2040 109 has taken a fork
2040 105 has taken a fork
2040 133 is thinking
2041 107 has taken a fork
2041 102 has taken a fork
2042 100 has taken a fork
2042 8 is sleeping
2043 125 has taken a fork
2043 16 is sleeping
2043 40 is sleeping
2043 117 has taken a fork
2043 122 has taken a fork
2043 108 has taken a fork
2043 118 has taken a fork
2044 130 is thinking
2045 106 has taken a fork
2045 114 has taken a fork
2045 113 has taken a fork
2045 97 is eating
2045 89 is eating
2045 14 is sleeping
2046 128 is thinking
2046 121 has taken a fork
2046 87 is eating
2046 132 is thinking
2046 147 is thinking
2046 140 is thinking
2047 104 has taken a fork
2047 110 has taken a fork
2049 129 has taken a fork
2049 115 has taken a fork
2049 116 has taken a fork
2049 26 is sleeping
2049 146 is thinking
2049 94 is eating
2049 126 has taken a fork
2049 88 is eating
2049 92 is eating
2049 22 is sleeping
2049 112 has taken a fork
2049 101 is eating
2049 96 is eating
2050 103 is eating
2050 99 is eating
2050 123 has taken a fork
2050 111 has taken a fork
2050 98 is eating
2051 139 is thinking
2051 109 is eating
2052 119 is thinking
2052 105 is eating
2052 31 is sleeping
2052 107 is eating
2053 131 has taken a fork
2053 102 is eating
2053 100 is eating
2053 11 is sleeping
2053 34 is sleeping
2054 127 has taken a fork
2054 134 has taken a fork
2054 125 has taken a fork
2054 20 is sleeping
2055 120 has taken a fork
2055 152 is thinking
2055 138 is thinking
2055 149 is thinking
2055 117 is eating
2055 122 has taken a fork
2055 108 is eating
2055 118 has taken a fork
2055 106 is eating
2055 148 is thinking
2055 114 is eating
2055 113 is eating
2056 121 has taken a fork
2056 2 is sleeping
2056 133 has taken a fork
2057 104 is eating
2058 135 is thinking
2059 110 is eating
2059 145 is thinking
2060 129 is eating
2060 137 is thinking
2061 154 is thinking
2061 150 is thinking
2061 142 is thinking
2061 124 is thinking
2063 115 is eating
2063 116 is eating
2063 126 has taken a fork
2063 112 has taken a fork
2064 161 is thinking
2064 153 is thinking
2065 123 is eating
2065 141 is thinking
2066 111 is eating
2067 6 is sleeping
2068 143 is thinking
2069 130 has taken a fork
2070 151 is thinking
2070 12 is sleeping
2071 128 has taken a fork
2072 131 has taken a fork
2072 159 is thinking
2072 127 has taken a fork
2072 43 is sleeping
2072 132 has taken a fork
2073 134 has taken a fork
2073 125 is eating
2073 120 has taken a fork
2073 122 is eating
2073 118 is eating
2074 121 is eating
2074 45 is sleeping
2074 25 is sleeping
2074 147 has taken a fork
2074 140 has taken a fork
2075 133 has taken a fork
2075 157 is thinking
2076 144 is thinking
2076 17 is sleeping
2076 146 has taken a fork
2076 136 is thinking
2076 126 is eating
2077 112 is eating
2077 33 is sleeping
2077 10 is sleeping
2077 119 has taken a fork
2077 169 is thinking
2077 139 has taken a fork
2077 32 is sleeping
2077 152 has taken a fork
2077 37 is sleeping
2078 138 has taken a fork
2078 24 is sleeping
2079 149 has taken a fork
2079 50 is sleeping
2079 156 is thinking
2079 130 has taken a fork
2079 165 is thinking
2079 148 has taken a fork
2079 42 is sleeping
2079 51 is sleeping
2079 168 is thinking
2079 61 is sleeping
2080 164 is thinking
2080 135 has taken a fork
2080 145 has taken a fork
2080 137 has taken a fork
2080 128 has taken a fork
2080 19 is sleeping
2080 27 is sleeping
2080 54 is sleeping
2080 154 has taken a fork
2080 13 is sleeping
2080 131 is eating
2081 38 is sleeping
2081 127 is eating
2081 124 has taken a fork
2081 161 has taken a fork
2082 132 has taken a fork
2082 150 has taken a fork
2082 142 has taken a fork
2082 134 is eating
2082 52 is sleeping
2083 46 is sleeping
2083 153 has taken a fork
2085 141 has taken a fork
2085 120 is eating
2085 177 is thinking
2086 59 is sleeping
2086 143 has taken a fork
2086 30 is sleeping
2086 151 has taken a fork
2086 155 is thinking
2087 147 has taken a fork
2087 140 has taken a fork
2087 167 is thinking
2088 53 is sleeping
2089 133 is eating
2090 159 has taken a fork
2090 55 is sleeping
2090 157 has taken a fork
2090 163 is thinking
2090 48 is sleeping
2090 144 has taken a fork
2091 175 is thinking
2091 158 is thinking
2091 146 has taken a fork
2092 65 is sleeping
2092 162 is thinking
2092 173 is thinking
2092 166 is thinking
2092 64 is sleeping
2092 170 is thinking
2092 183 is thinking
2092 160 is thinking
2092 136 has taken a fork
2093 119 has taken a fork
2093 169 has taken a fork
2093 139 has taken a fork
2093 152 has taken a fork
2094 138 has taken a fork
2096 149 has taken a fork
2096 130 is eating
2098 148 has taken a fork
2100 135 has taken a fork
2100 57 is sleeping
2101 145 has taken a fork
2101 156 has taken a fork
2101 137 has taken a fork
2101 172 is thinking
2101 60 is sleeping
2103 128 is eating
2104 165 has taken a fork
2104 154 has taken a fork
2104 63 is sleeping
2105 168 has taken a fork
2105 124 has taken a fork
2106 161 has taken a fork
2106 77 is sleeping
2107 71 is sleeping
2108 132 is eating
2109 150 has taken a fork
2111 142 has taken a fork
2112 164 has taken a fork
2112 79 is sleeping
2112 58 is sleeping
2112 56 is sleeping
2113 78 is sleeping
2113 69 is sleeping
2114 62 is sleeping
2115 153 has taken a fork
2115 74 is sleeping
2115 73 is sleeping
2115 67 is sleeping
2115 68 is sleeping
2115 72 is sleeping
2115 141 has taken a fork
2116 76 is sleeping
2116 177 has taken a fork
2116 151 has taken a fork
2117 155 has taken a fork
2118 143 has taken a fork
2119 147 is eating
2119 188 is thinking
2119 140 is eating
2120 167 has taken a fork
2120 185 is thinking
2120 178 is thinking
2120 174 is thinking
2120 70 is sleeping
2120 189 is thinking
2120 180 is thinking
2120 181 is thinking
2120 171 is thinking
2120 83 is sleeping
2120 75 is sleeping
2120 159 has taken a fork
2121 157 has taken a fork
2121 163 has taken a fork
2121 144 has taken a fork
2121 81 is sleeping
2121 175 has taken a fork
2121 146 is eating
2121 158 has taken a fork
2121 85 is sleeping
2121 162 has taken a fork
2121 173 has taken a fork
2121 166 has taken a fork
2121 170 has taken a fork
2122 183 has taken a fork
2122 160 has taken a fork
2122 136 has taken a fork
2122 191 is thinking
2123 119 is eating
2123 169 has taken a fork
2124 139 is eating
2124 152 is eating
2125 66 is sleeping
2126 138 is eating
2127 176 is thinking
2128 149 is eating
2128 91 is sleeping
2128 187 is thinking
2128 193 is thinking
2129 186 is thinking
2129 179 is thinking
2129 182 is thinking
2129 84 is sleeping
2129 184 is thinking
2129 148 is eating
2129 135 is eating
2129 145 is eating
2129 197 is thinking
2129 156 has taken a fork
2130 137 is eating
2130 172 has taken a fork
2130 86 is sleeping
2131 195 is thinking
2132 165 has taken a fork
2132 154 is eating
2133 168 has taken a fork
2133 124 is eating
2133 161 is eating
2134 82 is sleeping
2134 95 is sleeping
2134 194 is thinking
2134 198 is thinking
2134 80 is sleeping
2134 93 is sleeping
2135 190 is thinking
2136 150 is eating
2136 196 is thinking
2136 90 is sleeping
2136 142 is eating
2136 164 has taken a fork
2136 1 is thinking
2136 192 is thinking
2136 3 is thinking
2136 153 is eating
2137 141 is eating
2137 5 is thinking
2137 23 is thinking
2137 177 has taken a fork
2137 151 is eating
2138 9 is thinking
2138 155 has taken a fork
2138 7 is thinking
2138 143 is eating
2138 188 has taken a fork
2138 39 is thinking
2138 167 has taken a fork
2138 185 has taken a fork
2138 178 has taken a fork
2138 174 has taken a fork
2138 189 has taken a fork
2139 180 has taken a fork
2139 181 has taken a fork
2139 171 has taken a fork
2139 159 is eating
2139 97 is sleeping
2139 49 is thinking
2139 18 is thinking
2139 157 is eating
2139 163 has taken a fork
2139 35 is thinking
2139 144 is eating
2139 175 has taken a fork
2139 158 has taken a fork
2139 162 has taken a fork
2139 173 has taken a fork
2139 166 has taken a fork
2139 170 has taken a fork
2139 183 has taken a fork
2140 89 is sleeping
2140 160 has taken a fork
2140 136 is eating
2140 191 has taken a fork
2140 87 is sleeping
2141 169 is eating
2141 4 is thinking
2141 28 is thinking
2141 21 is thinking
2141 94 is sleeping
2141 47 is thinking
2141 36 is thinking
2142 176 has taken a fork
2142 187 has taken a fork
2142 193 has taken a fork
2142 88 is sleeping
2142 92 is sleeping
2142 41 is thinking
2142 186 has taken a fork
2142 179 has taken a fork
2142 182 has taken a fork
2143 184 has taken a fork
2143 197 has taken a fork
2143 101 is sleeping
2143 156 is eating
2143 44 is thinking
2144 96 is sleeping
2144 172 has taken a fork
2144 99 is sleeping
2144 103 is sleeping
2144 195 has taken a fork
2144 98 is sleeping
2145 165 is eating
2145 168 is eating
2145 107 is sleeping
2146 105 is sleeping
2146 109 is sleeping
2146 100 is sleeping
2146 194 has taken a fork
2146 102 is sleeping
2147 198 has taken a fork
2147 190 has taken a fork
2147 15 is thinking
2147 117 is sleeping
2147 106 is sleeping
2147 29 is thinking
2147 196 has taken a fork
2148 108 is sleeping
2148 164 is eating
2148 1 has taken a fork
2148 192 has taken a fork
2148 3 has taken a fork
2148 113 is sleeping
2148 114 is sleeping
2148 23 has taken a fork
2148 5 has taken a fork
2148 177 is eating
2149 9 has taken a fork
2149 155 is eating
2150 7 has taken a fork
2150 188 has taken a fork
2150 39 has taken a fork
2150 167 is eating
2151 185 has taken a fork
2151 178 has taken a fork
2152 174 has taken a fork
2152 189 has taken a fork
2152 110 is sleeping
2152 180 has taken a fork
2153 181 has taken a fork
2153 171 has taken a fork
2153 104 is sleeping
2153 49 has taken a fork
2153 18 has taken a fork
2154 163 is eating
2154 35 has taken a fork
2154 175 is eating
2154 158 is eating
2154 162 is eating
2154 173 is eating
2154 166 is eating
2155 170 is eating
2155 183 is eating
2155 129 is sleeping
2156 160 is eating
2156 191 has taken a fork
2156 4 has taken a fork
2157 28 has taken a fork
2157 21 has taken a fork
2158 47 has taken a fork
2158 36 has taken a fork
2159 176 has taken a fork
2159 115 is sleeping
2159 187 has taken a fork
2160 116 is sleeping
2161 193 has taken a fork
2161 8 is thinking
2161 41 has taken a fork
2162 186 has taken a fork
2162 179 has taken a fork
2162 182 has taken a fork
2162 184 has taken a fork
2162 40 is thinking
2162 16 is thinking
2163 197 has taken a fork
2163 44 has taken a fork
2163 172 is eating
2163 195 has taken a fork
2163 111 is sleeping
2163 123 is sleeping
2163 14 is thinking
2163 194 has taken a fork
2163 198 has taken a fork
2164 190 has taken a fork
2164 15 has taken a fork
2164 29 has taken a fork
2164 196 has taken a fork
2164 1 has taken a fork
2164 192 has taken a fork
2164 3 has taken a fork
2164 23 has taken a fork
2164 5 has taken a fork
2164 26 is thinking
2164 22 is thinking
2164 9 has taken a fork
2165 7 has taken a fork
2165 188 is eating
2165 39 has taken a fork
2165 125 is sleeping
2165 122 is sleeping
2165 185 is eating
2165 178 is eating
2165 118 is sleeping
2165 31 is thinking
2166 174 is eating
2166 121 is sleeping
2166 189 is eating
2166 180 is eating
2166 181 is eating
2166 171 is eating
2166 34 is thinking
2166 11 is thinking
2167 49 has taken a fork
2167 18 has taken a fork
2167 35 has taken a fork
2168 20 is thinking
2168 126 is sleeping
2168 2 is thinking
2168 191 is eating
2168 4 has taken a fork
2168 28 has taken a fork
2169 112 is sleeping
2169 21 has taken a fork
2169 47 has taken a fork
2169 36 has taken a fork
2169 176 is eating
2169 187 is eating
2169 131 is sleeping
2169 193 is eating
2169 8 has taken a fork
2170 41 has taken a fork
2170 127 is sleeping
2170 186 is eating
2170 134 is sleeping
2170 179 is eating
2170 182 is eating
2170 184 is eating
2171 40 has taken a fork
2171 16 has taken a fork
2171 197 is eating
2171 44 has taken a fork
2171 195 is eating
2172 14 has taken a fork
2172 194 is eating
2172 198 is eating
2173 190 is eating
2173 120 is sleeping
2174 15 has taken a fork
2174 29 has taken a fork
2174 196 is eating
2175 1 is eating
2175 192 is eating
2175 3 is eating
2175 23 is eating
2176 5 is eating
2178 26 has taken a fork
2178 22 has taken a fork
2178 7 is eating
2178 9 is eating
2179 39 is eating
2179 31 has taken a fork
2180 34 has taken a fork
2180 11 has taken a fork
2180 49 is eating
2180 6 is thinking
2181 18 is eating
2181 35 is eating
2182 20 has taken a fork
2182 133 is sleeping
2182 2 has taken a fork
2182 4 is eating
2182 28 is eating
2183 21 is eating
2183 47 is eating
2183 36 is eating
2183 8 has taken a fork
2184 41 is eating
2184 40 has taken a fork
2184 16 has taken a fork
2184 12 is thinking
2184 44 is eating
2184 43 is thinking
2184 14 has taken a fork
2184 25 is thinking
2184 15 is eating
2184 130 is sleeping
2184 45 is thinking
2185 29 is eating
2185 17 is thinking
2185 33 is thinking
2185 10 is thinking
2185 37 is thinking
2185 32 is thinking
2185 128 is sleeping
2185 24 is thinking
2185 26 has taken a fork
2185 22 has taken a fork
2185 51 is thinking
2186 50 is thinking
2186 13 is thinking
2187 31 has taken a fork
2187 54 is thinking
2187 27 is thinking
2188 34 has taken a fork
2188 61 is thinking
2189 19 is thinking
2189 11 has taken a fork
2190 42 is thinking
2191 6 has taken a fork
2191 38 is thinking
2191 132 is sleeping
2191 52 is thinking
2192 20 has taken a fork
2192 2 has taken a fork
2192 46 is thinking
2192 8 is eating
2192 40 is eating
2192 16 is eating
2192 12 has taken a fork
2192 43 has taken a fork
2192 14 is eating
2192 26 is eating
2193 22 is eating
2194 59 is thinking
2195 30 is thinking
2195 31 is eating
2196 34 is eating
2197 147 is sleeping
2197 25 has taken a fork
2198 140 is sleeping
2199 53 is thinking
2199 45 has taken a fork
2200 11 is eating
2201 55 is thinking
2201 48 is thinking
2202 6 has taken a fork
2202 146 is sleeping
2202 17 has taken a fork
2203 20 is eating
2203 2 is eating
2203 65 is thinking
2203 12 has taken a fork
2203 43 has taken a fork
2203 64 is thinking
2203 119 is sleeping
2204 33 has taken a fork
2204 152 is sleeping
2205 139 is sleeping
2205 138 is sleeping
2205 25 has taken a fork
2206 10 has taken a fork
2208 32 has taken a fork
2212 37 has taken a fork
2212 149 is sleeping
2213 148 is sleeping
2213 45 has taken a fork
2214 51 has taken a fork
2214 57 is thinking
2215 135 is sleeping
2215 50 has taken a fork
2215 13 has taken a fork
2215 137 is sleeping
2215 145 is sleeping
2217 24 has taken a fork
2217 54 has taken a fork
2218 154 is sleeping
2218 27 has taken a fork
2219 6 is eating
2219 60 is thinking
2220 17 has taken a fork
2220 124 is sleeping
2220 61 has taken a fork
2220 12 is eating
2221 43 is eating
2221 161 is sleeping
2222 19 has taken a fork
2222 33 has taken a fork
2223 63 is thinking
2223 142 is sleeping
2223 150 is sleeping
2224 38 has taken a fork
2224 141 is sleeping
2224 52 has taken a fork
2224 25 is eating
2225 153 is sleeping
2225 77 is thinking
2225 151 is sleeping
2226 143 is sleeping
2227 46 has taken a fork
2227 30 has taken a fork
2227 59 has taken a fork
2228 42 has taken a fork
2229 10 has taken a fork
2230 159 is sleeping
2231 71 is thinking
2231 144 is sleeping
2232 157 is sleeping
2232 53 has taken a fork
2234 32 has taken a fork
2234 48 has taken a fork
2235 169 is sleeping
2235 65 has taken a fork
2235 136 is sleeping
2235 156 is sleeping
2235 64 has taken a fork
2235 55 has taken a fork
2236 37 has taken a fork
2236 56 is thinking
2236 58 is thinking
2237 79 is thinking
2237 165 is sleeping
2237 168 is sleeping
2237 78 is thinking
2237 69 is thinking
2237 45 is eating
2238 62 is thinking
2238 51 has taken a fork
2238 57 has taken a fork
2238 74 is thinking
2239 164 is sleeping
2239 50 has taken a fork
2239 67 is thinking
2239 13 has taken a fork
2240 76 is thinking
2240 72 is thinking
2240 73 is thinking
2242 68 is thinking
2243 177 is sleeping
2244 24 has taken a fork
2244 54 has taken a fork
2244 155 is sleeping
2245 27 has taken a fork
2245 167 is sleeping
2245 60 has taken a fork
2245 17 is eating
2245 83 is thinking
2245 75 is thinking
2245 70 is thinking
2245 61 has taken a fork
2246 85 is thinking
2246 81 is thinking
2246 19 has taken a fork
2247 33 is eating
2247 163 is sleeping
2247 166 is sleeping
2248 63 has taken a fork
2248 158 is sleeping
2249 162 is sleeping
2249 175 is sleeping
2249 173 is sleeping
2249 160 is sleeping
2249 38 has taken a fork
2249 170 is sleeping
2249 183 is sleeping
2250 52 has taken a fork
2250 66 is thinking
2250 77 has taken a fork
2250 46 has taken a fork
2251 30 has taken a fork
2251 59 has taken a fork
2251 91 is thinking
2252 42 has taken a fork
2252 84 is thinking
2253 10 is eating
2253 86 is thinking
2253 71 has taken a fork
2254 172 is sleeping
2254 53 has taken a fork
2255 82 is thinking
2255 32 is eating
2255 93 is thinking
2255 80 is thinking
2255 95 is thinking
2255 48 has taken a fork
2255 65 has taken a fork
2256 64 has taken a fork
2256 55 has taken a fork
2257 90 is thinking
2258 37 is eating
2258 56 has taken a fork
2259 58 has taken a fork
2259 79 has taken a fork
2259 78 has taken a fork
2259 69 has taken a fork
2259 62 has taken a fork
2259 51 is eating
2260 57 has taken a fork
2260 74 has taken a fork
2260 97 is thinking
2260 50 is eating
2260 67 has taken a fork
2261 13 is eating
2261 89 is thinking
2261 87 is thinking
2262 76 has taken a fork
2262 72 has taken a fork
2262 73 has taken a fork
2263 94 is thinking
2263 188 is sleeping
2263 88 is thinking
2263 92 is thinking
2263 181 is sleeping
2263 178 is sleeping
2263 185 is sleeping
2264 171 is sleeping
2264 174 is sleeping
2264 189 is sleeping
2264 101 is thinking
2264 180 is sleeping
2264 68 has taken a fork
2264 96 is thinking
2264 103 is thinking
2264 98 is thinking
2265 99 is thinking
2265 24 is eating
2265 54 is eating
2265 191 is sleeping
2265 27 is eating
2265 107 is thinking
2265 60 has taken a fork
2265 83 has taken a fork
2265 75 has taken a fork
2265 70 has taken a fork
2266 61 is eating
2266 100 is thinking
2266 102 is thinking
2266 105 is thinking
2266 85 has taken a fork
2266 109 is thinking
2266 81 has taken a fork
2267 19 is eating
2267 117 is thinking
2267 106 is thinking
2267 113 is thinking
2267 63 has taken a fork
2268 108 is thinking
2268 176 is sleeping
2268 114 is thinking
2268 187 is sleeping
2268 193 is sleeping
2269 38 is eating
2269 197 is sleeping
2269 184 is sleeping
2269 186 is sleeping
2269 182 is sleeping
2269 52 is eating
2269 179 is sleeping
2269 66 has taken a fork
2269 77 has taken a fork
2269 46 is eating
2269 30 is eating
2270 195 is sleeping
2270 59 is eating
2270 91 has taken a fork
2271 110 is thinking
2271 42 is eating
2271 84 has taken a fork
2271 194 is sleeping
2272 104 is thinking
2272 71 has taken a fork
2272 198 is sleeping
2272 190 is sleeping
2272 86 has taken a fork
2272 53 is eating
2272 93 has taken a fork
2272 80 has taken a fork
2272 129 is thinking
2272 82 has taken a fork
2272 95 has taken a fork
2272 48 is eating
2273 196 is sleeping
2273 23 is sleeping
2273 192 is sleeping
2273 3 is sleeping
2273 65 is eating
2273 64 is eating
2274 1 is sleeping
2274 55 is eating
2274 5 is sleeping
2274 90 has taken a fork
2275 9 is sleeping
2275 7 is sleeping
2275 56 has taken a fork
2275 58 has taken a fork
2275 39 is sleeping
2275 79 has taken a fork
2276 115 is thinking
2276 78 has taken a fork
2276 69 has taken a fork
2277 62 has taken a fork
2277 49 is sleeping
2278 35 is sleeping
2278 57 is eating
2278 116 is thinking
2278 18 is sleeping
2278 74 has taken a fork
2278 97 has taken a fork
2278 67 has taken a fork
2278 89 has taken a fork
2279 87 has taken a fork
2279 4 is sleeping
2279 28 is sleeping
2280 47 is sleeping
2280 21 is sleeping
2280 76 has taken a fork
2280 72 has taken a fork
2280 73 has taken a fork
2280 94 has taken a fork
2280 36 is sleeping
2281 111 is thinking
2281 123 is thinking
2282 41 is sleeping
2282 88 has taken a fork
2282 92 has taken a fork
2282 44 is sleeping
2282 101 has taken a fork
2282 68 has taken a fork
2282 96 has taken a fork
2283 103 has taken a fork
2283 98 has taken a fork
2284 99 has taken a fork
2284 125 is thinking
2284 118 is thinking
2284 122 is thinking
2284 107 has taken a fork
2285 60 is eating
2285 83 has taken a fork
2285 75 has taken a fork
2285 70 has taken a fork
2286 121 is thinking
2286 15 is sleeping
2286 29 is sleeping
2287 100 has taken a fork
2287 102 has taken a fork
2287 105 has taken a fork
2287 85 has taken a fork
2287 109 has taken a fork
2287 81 has taken a fork
2287 117 has taken a fork
2287 106 has taken a fork
2287 113 has taken a fork
2287 63 is eating
2287 126 is thinking
2287 108 has taken a fork
2287 114 has taken a fork
2287 131 is thinking
2287 112 is thinking
2288 66 has taken a fork
2288 77 is eating
2288 134 is thinking
2288 127 is thinking
2288 91 has taken a fork
2288 110 has taken a fork
2290 84 has taken a fork
2290 104 has taken a fork
2291 71 is eating
2291 86 has taken a fork
2292 93 has taken a fork
2292 80 has taken a fork
2293 129 has taken a fork
2293 82 has taken a fork
2293 95 has taken a fork
2293 120 is thinking
2293 90 has taken a fork
2294 56 is eating
2294 58 is eating
2294 79 is eating
2295 115 has taken a fork
2295 78 is eating
2295 69 is eating
2295 8 is sleeping
2295 62 is eating
2296 40 is sleeping
2296 14 is sleeping
2297 116 has taken a fork
2297 16 is sleeping
2297 74 is eating
2297 97 has taken a fork
2297 67 is eating
2297 89 has taken a fork
2298 26 is sleeping
2299 22 is sleeping
2299 87 has taken a fork
2299 31 is sleeping
2299 76 is eating
2299 73 is eating
2299 72 is eating
2299 94 has taken a fork
2300 34 is sleeping
2300 111 has taken a fork
2301 123 has taken a fork
2301 88 has taken a fork
2301 133 is thinking
2301 92 has taken a fork
2301 101 has taken a fork
2301 68 is eating
2302 96 has taken a fork
2302 11 is sleeping
2303 103 has taken a fork
2303 98 has taken a fork
2304 99 has taken a fork
2304 130 is thinking
2304 125 has taken a fork
2305 118 has taken a fork
2305 122 has taken a fork
2305 107 has taken a fork
2306 128 is thinking
2306 83 is eating
2306 75 is eating
2306 70 is eating
2306 2 is sleeping
2306 20 is sleeping
2306 121 has taken a fork
2306 100 has taken a fork
2307 102 has taken a fork
2307 105 has taken a fork
2307 85 is eating
2307 109 has taken a fork
2307 81 is eating
2307 117 has taken a fork
2307 106 has taken a fork
2307 113 has taken a fork
2308 126 has taken a fork
2308 108 has taken a fork
2308 114 has taken a fork
2308 131 has taken a fork
2308 112 has taken a fork
2308 66 is eating
2309 134 has taken a fork
2309 127 has taken a fork
2310 110 has taken a fork
2310 91 is eating
2310 104 has taken a fork
2311 84 is eating
2311 86 is eating
2312 132 is thinking
2312 93 is eating
2312 80 is eating
2312 129 has taken a fork
2312 82 is eating
2313 95 is eating
2314 120 has taken a fork
2314 90 is eating
2314 115 has taken a fork
2314 116 has taken a fork
2314 147 is thinking
2314 97 is eating
2314 89 is eating
2315 140 is thinking
2318 87 is eating
2318 94 is eating
2319 123 has taken a fork
2319 88 is eating
2319 133 has taken a fork
2319 92 is eating
2320 101 is eating
2320 111 has taken a fork
2320 6 is sleeping
2320 12 is sleeping
2320 96 is eating
2320 146 is thinking
2321 119 is thinking
2321 43 is sleeping
2321 103 is eating
2322 98 is eating
2322 99 is eating
2323 152 is thinking
2324 130 has taken a fork
2325 125 has taken a fork
2325 118 has taken a fork
2325 139 is thinking
2325 138 is thinking
2325 122 has taken a fork
2325 107 is eating
2325 128 has taken a fork
2325 25 is sleeping
2326 121 has taken a fork
2327 100 is eating
2327 102 is eating
2328 105 is eating
2328 109 is eating
2329 117 is eating
2329 106 is eating
2329 113 is eating
2329 126 has taken a fork
2329 108 is eating
2329 114 is eating
2329 131 has taken a fork
2330 112 has taken a fork
2330 134 has taken a fork
2332 127 has taken a fork
2332 110 is eating
2332 104 is eating
2332 149 is thinking
2333 132 has taken a fork
2333 129 is eating
2334 45 is sleeping
2334 148 is thinking
2335 120 has taken a fork
2335 115 is eating
2335 116 is eating
2336 147 has taken a fork
2336 137 is thinking
2337 135 is thinking
2337 145 is thinking
2339 140 has taken a fork
2339 17 is sleeping
2339 154 is thinking
2340 123 is eating
2340 133 has taken a fork
2340 124 is thinking
2341 111 is eating
2341 146 has taken a fork
2341 33 is sleeping
2341 119 has taken a fork
2341 142 is thinking
2343 161 is thinking
2345 150 is thinking
2345 141 is thinking
2346 130 has taken a fork
2346 153 is thinking
2347 10 is sleeping
2347 125 is eating
2347 152 has taken a fork
2347 118 is eating
2347 122 is eating
2349 151 is thinking
2349 128 has taken a fork
2349 143 is thinking
2349 32 is sleeping
2350 139 has taken a fork
2353 121 is eating
2353 37 is sleeping
2353 138 has taken a fork
2353 51 is sleeping
2353 126 is eating
2353 131 is eating
2353 50 is sleeping
2353 112 is eating
2353 134 is eating
2354 13 is sleeping
2354 159 is thinking
2356 144 is thinking
2356 127 is eating
2356 157 is thinking
2356 149 has taken a fork
2357 54 is sleeping
2357 24 is sleeping
2357 132 has taken a fork
2358 27 is sleeping
2359 148 has taken a fork
2359 61 is sleeping
2360 156 is thinking
2360 169 is thinking
2360 120 is eating
2360 19 is sleeping
2361 136 is thinking
2361 147 has taken a fork
2361 137 has taken a fork
2362 52 is sleeping
2362 168 is thinking
2362 165 is thinking
2362 135 has taken a fork
2362 38 is sleeping
2363 145 has taken a fork
2363 30 is sleeping
2363 59 is sleeping
2364 46 is sleeping
2364 42 is sleeping
2366 164 is thinking
2366 140 has taken a fork
2367 154 has taken a fork
2367 48 is sleeping
2367 133 is eating
2368 53 is sleeping
2368 124 has taken a fork
2368 65 is sleeping
2368 146 has taken a fork
2368 119 has taken a fork
2368 142 has taken a fork
2368 64 is sleeping
2368 55 is sleeping
2369 177 is thinking
2369 155 is thinking
2370 167 is thinking
2374 161 has taken a fork
2375 150 has taken a fork
2375 141 has taken a fork
2375 57 is sleeping
2375 130 is eating
2376 153 has taken a fork
2376 166 is thinking
2376 163 is thinking
2378 152 has taken a fork
2378 158 is thinking
2378 183 is thinking
2378 175 is thinking
2378 162 is thinking
2380 151 has taken a fork
2380 160 is thinking
2380 173 is thinking
2380 170 is thinking
2381 128 is eating
2381 143 has taken a fork
2381 139 has taken a fork
2381 60 is sleeping
2381 138 has taken a fork
2381 172 is thinking
2381 159 has taken a fork
2382 63 is sleeping
2382 144 has taken a fork
2382 157 has taken a fork
2382 149 has taken a fork
2383 77 is sleeping
2383 132 is eating
2383 148 has taken a fork
2383 156 has taken a fork
2383 169 has taken a fork
2383 71 is sleeping
2383 136 has taken a fork
2383 147 is eating
2383 137 has taken a fork
2383 168 has taken a fork
2383 165 has taken a fork
2383 135 has taken a fork
2384 188 is thinking
2384 178 is thinking
2384 145 has taken a fork
2384 181 is thinking
2384 189 is thinking
2384 174 is thinking
2385 171 is thinking
2385 185 is thinking
2385 180 is thinking
2385 191 is thinking
2385 56 is sleeping
2386 78 is sleeping
2386 79 is sleeping
2386 69 is sleeping
2386 58 is sleeping
2387 164 has taken a fork
2387 140 is eating
2387 62 is sleeping
2387 154 has taken a fork
2387 67 is sleeping
2387 74 is sleeping
2387 187 is thinking
2387 124 has taken a fork
2387 176 is thinking
2387 146 is eating
2387 119 is eating
2387 142 has taken a fork
2388 182 is thinking
2388 184 is thinking
2388 179 is thinking
2388 197 is thinking
2388 186 is thinking
2389 193 is thinking
2389 177 has taken a fork
2389 155 has taken a fork
2389 72 is sleeping
2389 195 is thinking
2389 167 has taken a fork
2389 73 is sleeping
2389 194 is thinking
2390 190 is thinking
2390 68 is sleeping
2390 198 is thinking
2391 23 is thinking
2391 3 is thinking
2391 196 is thinking
2391 192 is thinking
2391 76 is sleeping
2391 5 is thinking
2391 1 is thinking
2391 161 has taken a fork
2391 150 has taken a fork
2392 141 has taken a fork
2392 7 is thinking
2392 39 is thinking
2392 9 is thinking
2392 153 has taken a fork
2393 75 is sleeping
2393 70 is sleeping
2393 83 is sleeping
2393 166 has taken a fork
2393 85 is sleeping
2393 81 is sleeping
2394 49 is thinking
2394 163 has taken a fork
2394 35 is thinking
2394 152 is eating
2394 18 is thinking
2394 158 has taken a fork
2394 183 has taken a fork
2394 175 has taken a fork
2394 162 has taken a fork
2394 28 is thinking
2395 4 is thinking
2395 21 is thinking
2395 47 is thinking
2396 66 is sleeping
2396 36 is thinking
2396 151 has taken a fork
2396 160 has taken a fork
2396 173 has taken a fork
2396 170 has taken a fork
2396 91 is sleeping
2396 143 has taken a fork
2396 139 is eating
2396 138 is eating
2397 172 has taken a fork
2397 41 is thinking
2397 84 is sleeping
2397 44 is thinking
2397 159 has taken a fork
2397 144 has taken a fork
2397 157 has taken a fork
2397 149 is eating
2398 86 is sleeping
2398 148 is eating
2398 156 has taken a fork
2398 169 has taken a fork
2398 136 has taken a fork
2398 137 is eating
2398 168 has taken a fork
2398 165 has taken a fork
2398 135 is eating
2399 82 is sleeping
2399 93 is sleeping
2399 188 has taken a fork
2399 178 has taken a fork
2399 95 is sleeping
2400 80 is sleeping
2400 145 is eating
2400 181 has taken a fork
2400 189 has taken a fork
2400 174 has taken a fork
2400 171 has taken a fork
2401 185 has taken a fork
2401 180 has taken a fork
2402 191 has taken a fork
2402 29 is thinking
2402 15 is thinking
2402 90 is sleeping
2402 164 has taken a fork
2402 154 is eating
2402 97 is sleeping
2403 187 has taken a fork
2403 124 is eating
2403 176 has taken a fork
2403 142 is eating
2403 182 has taken a fork
2403 89 is sleeping
2404 184 has taken a fork
2404 179 has taken a fork
2404 197 has taken a fork
2404 186 has taken a fork
2404 177 has taken a fork
2404 155 has taken a fork
2404 167 has taken a fork
2404 87 is sleeping
2405 193 has taken a fork
2405 92 is sleeping
2405 88 is sleeping
2405 195 has taken a fork
2405 94 is sleeping
2405 190 has taken a fork
2405 194 has taken a fork
2405 161 is eating
2406 150 is eating
2406 96 is sleeping
2406 198 has taken a fork
2406 101 is sleeping
2406 141 is eating
2406 23 has taken a fork
2406 153 is eating
2406 98 is sleeping
2406 166 has taken a fork
2406 103 is sleeping
2407 3 has taken a fork
2407 196 has taken a fork
2407 163 has taken a fork
2407 99 is sleeping
2407 192 has taken a fork
2407 183 has taken a fork
2407 175 has taken a fork
2407 162 has taken a fork
2408 158 has taken a fork
2408 107 is sleeping
2409 8 is thinking
2409 5 has taken a fork
2410 151 is eating
2410 40 is thinking
2410 14 is thinking
2410 160 has taken a fork
2410 173 has taken a fork
2410 170 has taken a fork
2411 143 is eating
2411 102 is sleeping
2411 7 has taken a fork
2412 100 is sleeping
2412 105 is sleeping
2412 9 has taken a fork
2412 109 is sleeping
2412 172 has taken a fork
2412 39 has taken a fork
2412 159 is eating
2412 144 is eating
2412 157 is eating
2412 117 is sleeping
2413 49 has taken a fork
2413 106 is sleeping
2414 113 is sleeping
2414 26 is thinking
2414 156 is eating
2415 35 has taken a fork
2416 18 has taken a fork
2416 169 is eating
2416 136 is eating
2416 168 is eating
2418 1 has taken a fork
2418 16 is thinking
2418 165 is eating
2419 108 is sleeping
2419 114 is sleeping
2420 31 is thinking
2421 22 is thinking
2421 28 has taken a fork
2421 188 has taken a fork
2422 178 has taken a fork
2422 181 has taken a fork
2422 189 has taken a fork
2422 174 has taken a fork
2422 171 has taken a fork
2422 34 is thinking
2424 4 has taken a fork
2425 185 has taken a fork
2426 180 has taken a fork
2428 110 is sleeping
2428 21 has taken a fork
2428 11 is thinking
2428 191 has taken a fork
2428 104 is sleeping
2429 47 has taken a fork
2429 164 is eating
2429 187 has taken a fork
2430 129 is sleeping
2430 176 has taken a fork
2430 36 has taken a fork
2430 182 has taken a fork
2430 184 has taken a fork
2431 179 has taken a fork
2431 197 has taken a fork
2431 177 is eating
2431 186 has taken a fork
2432 155 is eating
2432 167 is eating
2432 193 has taken a fork
2432 195 has taken a fork
2432 190 has taken a fork
2432 194 has taken a fork
2432 198 has taken a fork
2432 115 is sleeping
2432 2 is thinking
2432 41 has taken a fork
2432 20 is thinking
2432 23 has taken a fork
2432 166 is eating
2432 3 has taken a fork
2432 163 is eating
2432 196 has taken a fork
2433 192 has taken a fork
2433 44 has taken a fork
2435 116 is sleeping
2435 183 is eating
2435 175 is eating
2435 162 is eating
2435 158 is eating
2435 5 has taken a fork
2435 160 is eating
2435 173 is eating
2436 170 is eating
2436 123 is sleeping
2436 111 is sleeping
2436 7 has taken a fork
2436 29 has taken a fork
2436 9 has taken a fork
2436 15 has taken a fork
2436 172 is eating
2436 39 has taken a fork
2436 49 has taken a fork
2437 35 has taken a fork
2437 122 is sleeping
2438 8 has taken a fork
2438 118 is sleeping
2438 40 has taken a fork
2439 18 has taken a fork
2439 125 is sleeping
2440 14 has taken a fork
2440 1 has taken a fork
2440 12 is thinking
2440 6 is thinking
2440 112 is sleeping
2440 131 is sleeping
2440 121 is sleeping
2441 126 is sleeping
2441 26 has taken a fork
2441 31 has taken a fork
2442 16 has taken a fork
2442 134 is sleeping
2443 43 is thinking
2443 28 has taken a fork
2443 188 is eating
2443 127 is sleeping
2443 178 is eating
2444 181 is eating
2445 22 has taken a fork
2445 189 is eating
2446 174 is eating
2446 171 is eating
2446 34 has taken a fork
2447 25 is thinking
2447 4 has taken a fork
2447 185 is eating
2448 120 is sleeping
2448 180 is eating
2448 21 has taken a fork
2449 11 has taken a fork
2449 191 is eating
2449 47 has taken a fork
2450 187 is eating
2450 176 is eating
2450 36 has taken a fork
2451 182 is eating
2451 184 is eating
2451 179 is eating
2451 197 is eating
2451 186 is eating
2451 193 is eating
2453 195 is eating
2453 190 is eating
2453 194 is eating
2454 198 is eating
2455 2 has taken a fork
2455 41 has taken a fork
2455 23 is eating
2455 3 is eating
2455 196 is eating
2455 192 is eating
2455 44 has taken a fork
2456 133 is sleeping
2456 45 is thinking
2456 20 has taken a fork
2456 5 is eating
2457 7 is eating
2457 29 has taken a fork
2458 9 is eating
2459 15 has taken a fork
2459 39 is eating
2459 49 is eating
2460 35 is eating
2460 8 has taken a fork
2461 40 has taken a fork
2461 18 is eating
2461 17 is thinking
2461 130 is sleeping
2462 14 has taken a fork
2462 12 has taken a fork
2462 33 is thinking
2462 26 has taken a fork
2463 31 has taken a fork
2463 1 is eating
2463 16 has taken a fork
2464 28 is eating
2464 128 is sleeping
2464 6 has taken a fork
2464 22 has taken a fork
2465 34 has taken a fork
2465 10 is thinking
2466 4 is eating
2466 132 is sleeping
2466 43 has taken a fork
2466 21 is eating
2466 32 is thinking
2467 11 has taken a fork
2467 147 is sleeping
2468 25 has taken a fork
2469 47 is eating
2469 36 is eating
2469 140 is sleeping
2470 50 is thinking
2471 51 is thinking
2471 37 is thinking
2471 146 is sleeping
2471 119 is sleeping
2472 13 is thinking
2473 2 has taken a fork
2474 41 is eating
2474 45 has taken a fork
2474 44 is eating
2476 20 has taken a fork
2476 24 is thinking
2476 54 is thinking
2477 29 is eating
2478 27 is thinking
2478 61 is thinking
2479 15 is eating
2479 19 is thinking
2479 152 is sleeping
2480 8 is eating
2480 139 is sleeping
2480 40 is eating
2480 17 has taken a fork
2481 52 is thinking
2481 12 has taken a fork
2482 14 is eating
2483 38 is thinking
2483 138 is sleeping
2484 33 has taken a fork
2484 26 is eating
2484 59 is thinking
2484 30 is thinking
2485 31 is eating
2488 16 is eating
2489 42 is thinking
2489 46 is thinking
2489 6 has taken a fork
2491 22 is eating
2492 149 is sleeping
2493 34 is eating
2494 10 has taken a fork
2495 43 has taken a fork
2496 148 is sleeping
2498 32 has taken a fork
2498 137 is sleeping
2498 48 is thinking
2498 11 is eating
2498 65 is thinking
2498 64 is thinking
2498 55 is thinking
2499 135 is sleeping
2499 53 is thinking
2500 25 has taken a fork
2500 145 is sleeping
2500 50 has taken a fork
2500 154 is sleeping
2501 51 has taken a fork
2501 37 has taken a fork
2502 124 is sleeping
2502 13 has taken a fork
2502 2 is eating
2502 142 is sleeping
2502 45 has taken a fork
2503 161 is sleeping
2503 57 is thinking
2503 153 is sleeping
2503 150 is sleeping
2504 141 is sleeping
2504 20 is eating
2504 24 has taken a fork
2504 54 has taken a fork
2505 27 has taken a fork
2505 61 has taken a fork
2506 19 has taken a fork
2507 151 is sleeping
2507 17 has taken a fork
2507 143 is sleeping
2508 60 is thinking
2508 52 has taken a fork
2508 12 is eating
2508 63 is thinking
2508 159 is sleeping
2508 71 is thinking
2509 38 has taken a fork
2509 77 is thinking
2509 144 is sleeping
2509 33 has taken a fork
2510 157 is sleeping
2510 59 has taken a fork
2510 30 has taken a fork
2511 56 is thinking
2511 78 is thinking
2511 69 is thinking
2512 58 is thinking
2513 67 is thinking
2513 74 is thinking
2513 156 is sleeping
2514 79 is thinking
2514 62 is thinking
2514 169 is sleeping
2515 72 is thinking
2516 73 is thinking
2516 42 has taken a fork
2516 46 has taken a fork
2516 136 is sleeping
2516 6 is eating
2517 168 is sleeping
2518 68 is thinking
2518 165 is sleeping
2518 76 is thinking
2519 70 is thinking
2519 85 is thinking
2519 75 is thinking
2519 81 is thinking
2520 83 is thinking
2520 10 has taken a fork
2520 43 is eating
2520 66 is thinking
2520 84 is thinking
2520 91 is thinking
2521 164 is sleeping
2521 32 has taken a fork
2521 48 has taken a fork
2521 65 has taken a fork
2521 64 has taken a fork
2521 86 is thinking
2521 55 has taken a fork
2521 82 is thinking
2521 93 is thinking
2521 53 has taken a fork
2521 95 is thinking
2521 177 is sleeping
2521 80 is thinking
2521 25 is eating
2522 50 has taken a fork
2522 167 is sleeping
2522 155 is sleeping
2522 51 has taken a fork
2522 37 has taken a fork
2522 90 is thinking
2522 97 is thinking
2522 13 has taken a fork
2522 45 is eating
2522 89 is thinking
2522 57 has taken a fork
2522 87 is thinking
2522 166 is sleeping
2522 24 has taken a fork
2523 54 has taken a fork
2523 163 is sleeping
2524 94 is thinking
2524 92 is thinking
2524 27 has taken a fork
2524 88 is thinking
2524 61 has taken a fork
2525 103 is thinking
2525 96 is thinking
2525 101 is thinking
2525 19 has taken a fork
2525 98 is thinking
2526 17 is eating
2526 99 is thinking
2528 183 is sleeping
2528 175 is sleeping
2529 162 is sleeping
2529 158 is sleeping
2529 173 is sleeping
2529 160 is sleeping
2529 60 has taken a fork
2530 107 is thinking
2530 170 is sleeping
2530 52 has taken a fork
2530 63 has taken a fork
2530 71 has taken a fork
2530 38 has taken a fork
2531 77 has taken a fork
2531 172 is sleeping
2531 33 is eating
2531 59 has taken a fork
2531 30 has taken a fork
2532 102 is thinking
2532 56 has taken a fork
2532 78 has taken a fork
2532 69 has taken a fork
2532 109 is thinking
2532 100 is thinking
2533 105 is thinking
2533 117 is thinking
2534 58 has taken a fork
2534 106 is thinking
2534 67 has taken a fork
2535 74 has taken a fork
2535 113 is thinking
2535 79 has taken a fork
2535 62 has taken a fork
2535 188 is sleeping
2536 181 is sleeping
2536 178 is sleeping
2536 174 is sleeping
2536 189 is sleeping
2536 72 has taken a fork
2536 171 is sleeping
2536 73 has taken a fork
2536 42 has taken a fork
2536 46 has taken a fork
2536 191 is sleeping
2537 180 is sleeping
2537 185 is sleeping
2538 68 has taken a fork
2538 76 has taken a fork
2538 114 is thinking
2538 108 is thinking
2539 70 has taken a fork
2539 176 is sleeping
2539 187 is sleeping
2539 85 has taken a fork
2539 75 has taken a fork
2540 81 has taken a fork
2540 184 is sleeping
2540 186 is sleeping
2540 83 has taken a fork
2540 179 is sleeping
2540 182 is sleeping
2540 197 is sleeping
2540 10 is eating
2540 66 has taken a fork
2540 84 has taken a fork
2540 91 has taken a fork
2540 32 is eating
2540 48 has taken a fork
2540 65 has taken a fork
2540 64 has taken a fork
2540 86 has taken a fork
2540 55 has taken a fork
2540 193 is sleeping
2541 82 has taken a fork
2541 93 has taken a fork
2541 53 has taken a fork
2541 95 has taken a fork
2541 80 has taken a fork
2541 50 is eating
2541 194 is sleeping
2541 190 is sleeping
2541 195 is sleeping
2541 51 is eating
2541 37 is eating
2541 90 has taken a fork
2541 97 has taken a fork
2542 13 is eating
2542 89 has taken a fork
2542 57 has taken a fork
2542 87 has taken a fork
2543 24 is eating
2543 198 is sleeping
2543 54 is eating
2543 94 has taken a fork
2543 196 is sleeping
2543 92 has taken a fork
2543 27 is eating
2543 88 has taken a fork
2543 61 is eating
2543 103 has taken a fork
2543 192 is sleeping
2543 96 has taken a fork
2544 101 has taken a fork
2544 19 is eating
2544 98 has taken a fork
2544 99 has taken a fork
2544 104 is thinking
2544 110 is thinking
2544 60 has taken a fork
2544 129 is thinking
2545 107 has taken a fork
2545 52 is eating
2545 63 has taken a fork
2545 71 has taken a fork
2545 38 is eating
2546 77 has taken a fork
2546 59 is eating
2546 30 is eating
2547 102 has taken a fork
2547 56 has taken a fork
2547 78 has taken a fork
2547 69 has taken a fork
2547 109 has taken a fork
2547 100 has taken a fork
2548 105 has taken a fork
2549 117 has taken a fork
2552 58 has taken a fork
2553 115 is thinking
2553 106 has taken a fork
2553 67 has taken a fork
2554 116 is thinking
2554 74 has taken a fork
2554 113 has taken a fork
2554 79 has taken a fork
2555 62 has taken a fork
2555 123 is thinking
2555 111 is thinking
2555 72 has taken a fork
2555 73 has taken a fork
2555 42 is eating
2555 46 is eating
2555 122 is thinking
2555 118 is thinking
2556 68 has taken a fork
2556 76 has taken a fork
2556 114 has taken a fork
2556 108 has taken a fork
2557 70 has taken a fork
2557 125 is thinking
2557 85 has taken a fork
2557 75 has taken a fork
2557 81 has taken a fork
2558 112 is thinking
2558 83 has taken a fork
2558 131 is thinking
2559 66 has taken a fork
2559 84 has taken a fork
2559 91 has taken a fork
2559 48 is eating
2559 65 is eating
2559 64 is eating
2559 86 has taken a fork
2559 55 is eating
2559 82 has taken a fork
2559 93 has taken a fork
2560 126 is thinking
2560 95 has taken a fork
2560 53 is eating
2560 121 is thinking
2560 80 has taken a fork
2561 90 has taken a fork
2561 97 has taken a fork
2561 134 is thinking
2562 89 has taken a fork
2562 57 is eating
2562 87 has taken a fork
2562 94 has taken a fork
2562 127 is thinking
2562 92 has taken a fork
2562 88 has taken a fork
2563 103 has taken a fork
2563 96 has taken a fork
2564 101 has taken a fork
2564 98 has taken a fork
2565 99 has taken a fork
2565 104 has taken a fork
2565 110 has taken a fork
2565 60 is eating
2565 129 has taken a fork
2565 107 has taken a fork
2565 63 is eating
2565 71 is eating
2565 77 is eating
2565 102 has taken a fork
2565 56 is eating
2565 78 is eating
2565 69 is eating
2565 109 has taken a fork
2565 100 has taken a fork
2566 105 has taken a fork
2566 120 is thinking
2566 117 has taken a fork
2567 58 is eating
2567 115 has taken a fork
2568 106 has taken a fork
2568 67 is eating
2568 116 has taken a fork
2568 74 is eating
2568 113 has taken a fork
2568 79 is eating
2568 62 is eating
2568 123 has taken a fork
2568 111 has taken a fork
2568 72 is eating
2568 73 is eating
2568 122 has taken a fork
2568 118 has taken a fork
2569 68 is eating
2569 76 is eating
2569 133 is thinking
2570 114 has taken a fork
2570 108 has taken a fork
2570 70 is eating
2572 125 has taken a fork
2573 85 is eating
2574 75 is eating
2574 81 is eating
2574 112 has taken a fork
2574 83 is eating
2574 131 has taken a fork
2574 66 is eating
2574 84 is eating
2575 91 is eating
2575 86 is eating
2575 82 is eating
2575 93 is eating
2577 126 has taken a fork
2577 95 is eating
2577 121 has taken a fork
2578 80 is eating
2578 130 is thinking
2579 90 is eating
2579 97 is eating
2580 134 has taken a fork
2581 89 is eating
2581 87 is eating
2581 94 is eating
2582 92 is eating
2582 88 is eating
2582 103 is eating
2582 96 is eating
2584 128 is thinking
2585 101 is eating
2586 98 is eating
2587 127 has taken a fork
2588 99 is eating
2589 104 has taken a fork
2589 110 has taken a fork
2589 129 has taken a fork
2590 107 is eating
2591 102 is eating
2592 109 is eating
2592 100 is eating
2593 105 is eating
2593 132 is thinking
2593 117 is eating
2593 120 has taken a fork
2594 147 is thinking
2595 115 has taken a fork
2595 106 is eating
2596 116 has taken a fork
2596 113 is eating
2596 123 has taken a fork
2597 111 has taken a fork
2598 122 has taken a fork
2599 118 has taken a fork
2599 140 is thinking
2599 133 has taken a fork
2600 114 is eating
2600 108 is eating
2601 119 is thinking
2601 125 has taken a fork
2601 146 is thinking
2601 112 has taken a fork
2602 131 has taken a fork
2603 126 has taken a fork
2603 121 has taken a fork
2603 130 has taken a fork
2603 139 is thinking
2603 152 is thinking
2603 134 has taken a fork
2603 128 has taken a fork
2603 138 is thinking
2604 127 has taken a fork
2604 104 is eating
2604 110 is eating
2605 129 is eating
2605 149 is thinking
2605 132 has taken a fork
2605 120 has taken a fork
2605 147 has taken a fork
2605 115 is eating
2605 116 is eating
2605 123 is eating
2605 148 is thinking
2605 111 is eating
2607 137 is thinking
2607 122 is eating
2607 118 is eating
2607 135 is thinking
2608 140 has taken a fork
2608 133 has taken a fork
2608 154 is thinking
2608 145 is thinking
2608 119 has taken a fork
2609 125 is eating
2609 146 has taken a fork
2609 112 is eating
2610 124 is thinking
2610 131 is eating
2612 142 is thinking
2612 150 is thinking
2612 153 is thinking
2613 126 is eating
2613 121 is eating
2613 130 has taken a fork
2613 139 has taken a fork
2614 134 is eating
2615 161 is thinking
2615 152 has taken a fork
2616 128 has taken a fork
2616 141 is thinking
2617 127 is eating
2618 132 has taken a fork
2618 120 is eating
2618 147 has taken a fork
2619 149 has taken a fork
2619 148 has taken a fork
2620 138 has taken a fork
2620 143 is thinking
2620 151 is thinking
2620 137 has taken a fork
2620 159 is thinking
2620 140 has taken a fork
2621 133 is eating
2621 119 has taken a fork
2621 144 is thinking
2621 146 has taken a fork
2621 157 is thinking
2621 135 has taken a fork
2622 154 has taken a fork
2622 145 has taken a fork
2622 124 has taken a fork
2622 156 is thinking
2622 150 has taken a fork
2622 142 has taken a fork
2622 130 is eating
2622 139 has taken a fork
2622 169 is thinking
2622 153 has taken a fork
2622 161 has taken a fork
2622 152 has taken a fork
2622 136 is thinking
2622 128 is eating
2622 141 has taken a fork
2622 168 is thinking
2622 132 is eating
2622 165 is thinking
2622 147 is eating
2622 149 has taken a fork
2623 148 has taken a fork
2623 137 has taken a fork
2623 140 is eating
2623 138 has taken a fork
2623 164 is thinking
2627 177 is thinking
2627 119 is eating
2627 146 is eating
2627 135 has taken a fork
2627 155 is thinking
2627 154 has taken a fork
2627 145 has taken a fork
2627 167 is thinking
2628 124 has taken a fork
2628 150 has taken a fork
2628 143 has taken a fork
2628 166 is thinking
2628 142 has taken a fork
2628 139 is eating
2628 151 has taken a fork
2628 153 has taken a fork
2629 161 has taken a fork
2629 152 is eating
2629 141 has taken a fork
2629 149 is eating
2630 148 is eating
2630 137 is eating
2630 163 is thinking
2631 138 is eating
2632 135 is eating
2632 154 is eating
2632 145 is eating
2632 183 is thinking
2632 124 is eating
2632 150 is eating
2633 175 is thinking
2633 143 has taken a fork
2633 142 is eating
2633 151 has taken a fork
2634 153 is eating
2634 161 is eating
2634 158 is thinking
2634 173 is thinking
2635 159 has taken a fork
2635 144 has taken a fork
2635 160 is thinking
2635 157 has taken a fork
2635 162 is thinking
2635 156 has taken a fork
2635 141 is eating
2635 170 is thinking
2635 169 has taken a fork
2635 172 is thinking
2635 143 is eating
2635 136 has taken a fork
2635 151 is eating
2636 159 has taken a fork
2636 144 has taken a fork
2636 157 has taken a fork
2636 156 has taken a fork
2636 188 is thinking
2636 169 has taken a fork
2637 136 has taken a fork
2637 159 is eating
2637 181 is thinking
2638 144 is eating
2638 189 is thinking
2639 191 is thinking
2639 174 is thinking
2639 171 is thinking
2639 157 is eating
2639 178 is thinking
2639 156 is eating
2639 169 is eating
2639 180 is thinking
2639 165 has taken a fork
2640 185 is thinking
2641 136 is eating
2641 164 has taken a fork
2641 168 has taken a fork
2642 177 has taken a fork
2643 167 has taken a fork
2643 176 is thinking
2643 187 is thinking
2643 155 has taken a fork
2643 166 has taken a fork
2643 165 has taken a fork
2644 182 is thinking
2644 197 is thinking
2644 184 is thinking
2645 186 is thinking
2646 163 has taken a fork
2646 183 has taken a fork
2647 179 is thinking
2647 195 is thinking
2647 194 is thinking
2648 190 is thinking
2648 193 is thinking
2648 175 has taken a fork
2648 173 has taken a fork
2649 158 has taken a fork
2649 164 has taken a fork
2649 168 has taken a fork
2649 177 has taken a fork
2649 160 has taken a fork
2649 162 has taken a fork
2649 192 is thinking
2649 167 has taken a fork
2649 198 is thinking
2649 196 is thinking
2649 155 has taken a fork
2649 166 has taken a fork
2650 165 is eating
2650 170 has taken a fork
2650 172 has taken a fork
2650 188 has taken a fork
2650 163 has taken a fork
2650 181 has taken a fork
2650 183 has taken a fork
2650 189 has taken a fork
2650 174 has taken a fork
2650 191 has taken a fork
2650 171 has taken a fork
2650 178 has taken a fork
2650 180 has taken a fork
2651 185 has taken a fork
2651 176 has taken a fork
2651 175 has taken a fork
2651 173 has taken a fork
2651 158 has taken a fork
2651 187 has taken a fork
2651 164 is eating
2651 182 has taken a fork
2651 168 is eating
2651 177 is eating
2651 160 has taken a fork
2651 162 has taken a fork
2652 167 is eating
2653 155 is eating
2653 166 is eating
2654 197 has taken a fork
2654 170 has taken a fork
2654 172 has taken a fork
2654 188 has taken a fork
2654 163 is eating
2654 181 has taken a fork
2655 183 is eating
2655 189 has taken a fork
2655 174 has taken a fork
2655 191 has taken a fork
2655 171 has taken a fork
2655 178 has taken a fork
2656 180 has taken a fork
2656 185 has taken a fork
2656 176 has taken a fork
2656 175 is eating
2656 173 is eating
2656 158 is eating
2656 184 has taken a fork
2656 186 has taken a fork
2657 187 has taken a fork
2657 182 has taken a fork
2657 160 is eating
2657 162 is eating
2657 179 has taken a fork
2657 195 has taken a fork
2657 194 has taken a fork
2657 190 has taken a fork
2657 192 has taken a fork
2657 197 has taken a fork
2657 170 is eating
2658 193 has taken a fork
2658 172 is eating
2659 188 is eating
2659 181 is eating
2659 198 has taken a fork
2660 196 has taken a fork
2660 189 is eating
2660 174 is eating
2660 191 is eating
2660 171 is eating
2660 178 is eating
2660 180 is eating
2661 185 is eating
2661 176 is eating
2661 184 has taken a fork
2662 186 has taken a fork
2662 187 is eating
2662 182 is eating
2662 179 has taken a fork
2662 195 has taken a fork
2663 194 has taken a fork
2663 192 has taken a fork
2663 190 has taken a fork
2663 197 is eating
2666 193 has taken a fork
2666 198 has taken a fork
2666 196 has taken a fork
2666 184 is eating
2666 186 is eating
2667 179 is eating
2667 195 is eating
2667 194 is eating
2667 190 is eating
2667 192 is eating
2668 193 is eating
2669 198 is eating
2669 196 is eating
