0 1 has taken a fork
0 3 has taken a fork
1 1 has taken a fork
1 3 has taken a fork
1 1 is eating
1 3 is eating
1 5 has taken a fork
1 5 has taken a fork
1 5 is eating
1 7 has taken a fork
1 7 has taken a fork
1 7 is eating
1 9 has taken a fork
1 9 has taken a fork
1 9 is eating
1 2 has taken a fork
1 2 has taken a fork
1 2 is eating
1 11 has taken a fork
1 11 has taken a fork
1 11 is eating
2 13 has taken a fork
2 13 has taken a fork
2 13 is eating
2 4 has taken a fork
2 4 has taken a fork
2 4 is eating
2 15 has taken a fork
2 15 has taken a fork
2 15 is eating
2 6 has taken a fork
2 6 has taken a fork
2 6 is eating
2 17 has taken a fork
2 17 has taken a fork
2 17 is eating
2 8 has taken a fork
2 8 has taken a fork
2 8 is eating
2 19 has taken a fork
2 19 has taken a fork
2 19 is eating
2 10 has taken a fork
2 10 has taken a fork
2 10 is eating
3 12 has taken a fork
3 12 has taken a fork
3 12 is eating
3 21 has taken a fork
3 21 has taken a fork
3 21 is eating
3 14 has taken a fork
3 14 has taken a fork
3 14 is eating
3 23 has taken a fork
3 23 has taken a fork
3 23 is eating
3 16 has taken a fork
3 16 has taken a fork
3 16 is eating
3 25 has taken a fork
3 25 has taken a fork
3 25 is eating
3 27 has taken a fork
3 27 has taken a fork
3 27 is eating
3 18 has taken a fork
3 18 has taken a fork
3 18 is eating
4 29 has taken a fork
4 29 has taken a fork
4 29 is eating
4 20 has taken a fork
4 20 has taken a fork
4 20 is eating
4 31 has taken a fork
4 31 has taken a fork
4 31 is eating
4 22 has taken a fork
4 22 has taken a fork
4 22 is eating
4 24 has taken a fork
4 24 has taken a fork
4 24 is eating
4 33 has taken a fork
4 33 has taken a fork
4 26 has taken a fork
4 33 is eating
4 26 has taken a fork
4 26 is eating
5 28 has taken a fork
5 28 has taken a fork
5 28 is eating
5 35 has taken a fork
5 35 has taken a fork
5 35 is eating
5 37 has taken a fork
5 37 has taken a fork
5 37 is eating
5 30 has taken a fork
5 30 has taken a fork
5 30 is eating
5 32 has taken a fork
5 32 has taken a fork
5 32 is eating
5 39 has taken a fork
5 39 has taken a fork
5 39 is eating
5 34 has taken a fork
5 34 has taken a fork
5 34 is eating
5 41 has taken a fork
6 41 has taken a fork
6 41 is eating
6 36 has taken a fork
6 36 has taken a fork
6 36 is eating
6 43 has taken a fork
6 43 has taken a fork
6 43 is eating
6 38 has taken a fork
6 38 has taken a fork
6 38 is eating
6 40 has taken a fork
6 40 has taken a fork
6 40 is eating
6 45 has taken a fork
6 45 has taken a fork
6 45 is eating
7 47 has taken a fork
7 47 has taken a fork
7 47 is eating
7 42 has taken a fork
7 42 has taken a fork
7 42 is eating
7 44 has taken a fork
7 44 has taken a fork
7 44 is eating
8 46 has taken a fork
8 46 has taken a fork
8 46 is eating
8 49 has taken a fork
8 49 has taken a fork
8 49 is eating
8 51 has taken a fork
8 51 has taken a fork
8 51 is eating
8 48 has taken a fork
8 48 has taken a fork
8 48 is eating
8 53 has taken a fork
8 53 has taken a fork
8 53 is eating
9 55 has taken a fork
9 55 has taken a fork
9 55 is eating
9 50 has taken a fork
9 50 has taken a fork
9 50 is eating
9 52 has taken a fork
9 57 has taken a fork
9 52 has taken a fork
10 57 has taken a fork
10 52 is eating
10 59 has taken a fork
10 57 is eating
10 54 has taken a fork
10 59 has taken a fork
10 61 has taken a fork
10 54 has taken a fork
10 59 is eating
10 56 has taken a fork
11 61 has taken a fork
11 54 is eating
11 56 has taken a fork
11 63 has taken a fork
11 61 is eating
11 58 has taken a fork
11 56 is eating
11 63 has taken a fork
11 60 has taken a fork
11 58 has taken a fork
11 63 is eating
11 60 has taken a fork
11 65 has taken a fork
12 62 has taken a fork
12 67 has taken a fork
12 58 is eating
12 60 is eating
12 65 has taken a fork
12 62 has taken a fork
13 67 has taken a fork
13 69 has taken a fork
13 64 has taken a fork
13 71 has taken a fork
13 65 is eating
13 62 is eating
14 66 has taken a fork
14 67 is eating
14 68 has taken a fork
14 69 has taken a fork
14 64 has taken a fork
14 73 has taken a fork
14 71 has taken a fork
15 70 has taken a fork
15 66 has taken a fork
15 75 has taken a fork
15 72 has taken a fork
15 68 has taken a fork
15 69 is eating
16 64 is eating
16 77 has taken a fork
16 73 has taken a fork
16 71 is eating
16 74 has taken a fork
16 79 has taken a fork
17 70 has taken a fork
17 66 is eating
17 75 has taken a fork
17 72 has taken a fork
17 81 has taken a fork
17 76 has taken a fork
17 68 is eating
18 78 has taken a fork
18 77 has taken a fork
18 73 is eating
18 80 has taken a fork
18 74 has taken a fork
19 83 has taken a fork
19 79 has taken a fork
19 70 is eating
19 75 is eating
19 85 has taken a fork
19 72 is eating
20 82 has taken a fork
20 81 has taken a fork
20 76 has taken a fork
20 87 has taken a fork
20 84 has taken a fork
21 78 has taken a fork
21 77 is eating
21 89 has taken a fork
21 80 has taken a fork
21 91 has taken a fork
21 86 has taken a fork
21 74 is eating
22 83 has taken a fork
22 79 is eating
22 93 has taken a fork
22 88 has taken a fork
22 90 has taken a fork
22 85 has taken a fork
22 82 has taken a fork
22 95 has taken a fork
22 81 is eating
22 76 is eating
23 87 has taken a fork
23 92 has taken a fork
23 84 has taken a fork
23 97 has taken a fork
23 94 has taken a fork
23 78 is eating
23 89 has taken a fork
23 80 is eating
23 96 has taken a fork
24 91 has taken a fork
24 99 has taken a fork
24 86 has taken a fork
24 83 is eating
24 98 has taken a fork
24 93 has taken a fork
24 88 has taken a fork
24 90 has taken a fork
24 85 is eating
25 82 is eating
25 95 has taken a fork
25 87 is eating
25 92 has taken a fork
26 84 is eating
26 97 has taken a fork
26 94 has taken a fork
26 89 is eating
26 96 has taken a fork
26 99 has taken a fork
26 91 is eating
27 86 is eating
27 98 has taken a fork
27 93 is eating
27 88 is eating
28 90 is eating
28 95 is eating
28 92 is eating
28 97 is eating
28 94 is eating
28 96 is eating
29 99 is eating
29 98 is eating
101 5 is sleeping
101 9 is sleeping
101 2 is sleeping
101 7 is sleeping
101 3 is sleeping
101 101 has taken a fork
102 1 is sleeping
102 103 has taken a fork
102 105 has taken a fork
102 100 has taken a fork
102 107 has taken a fork
102 102 has taken a fork
102 101 has taken a fork
102 6 is sleeping
102 15 is sleeping
102 17 is sleeping
103 109 has taken a fork
103 19 is sleeping
103 103 has taken a fork
103 4 is sleeping
103 8 is sleeping
103 10 is sleeping
104 11 is sleeping
104 104 has taken a fork
104 106 has taken a fork
104 13 is sleeping
104 111 has taken a fork
104 113 has taken a fork
105 108 has taken a fork
105 115 has taken a fork
105 105 has taken a fork
106 100 has taken a fork
106 107 has taken a fork
106 110 has taken a fork
106 102 has taken a fork
107 101 is eating
107 117 has taken a fork
107 25 is sleeping
107 23 is sleeping
107 14 is sleeping
107 109 has taken a fork
107 21 is sleeping
107 27 is sleeping
107 12 is sleeping
107 16 is sleeping
107 18 is sleeping
108 112 has taken a fork
108 119 has taken a fork
108 123 has taken a fork
109 114 has taken a fork
109 116 has taken a fork
109 121 has taken a fork
109 118 has taken a fork
109 120 has taken a fork
109 103 is eating
109 104 has taken a fork
109 24 is sleeping
109 20 is sleeping
109 22 is sleeping
109 33 is sleeping
109 26 is sleeping
110 31 is sleeping
110 106 has taken a fork
110 29 is sleeping
110 124 has taken a fork
110 122 has taken a fork
110 125 has taken a fork
111 126 has taken a fork
111 129 has taken a fork
111 128 has taken a fork
111 127 has taken a fork
111 111 has taken a fork
111 113 has taken a fork
111 28 is sleeping
111 39 is sleeping
112 32 is sleeping
112 133 has taken a fork
112 108 has taken a fork
112 35 is sleeping
112 115 has taken a fork
112 132 has taken a fork
112 30 is sleeping
112 37 is sleeping
113 34 is sleeping
113 131 has taken a fork
113 130 has taken a fork
113 135 has taken a fork
114 137 has taken a fork
114 105 is eating
114 134 has taken a fork
114 43 is sleeping
114 38 is sleeping
114 40 is sleeping
114 45 is sleeping
115 100 is eating
115 36 is sleeping
115 41 is sleeping
115 136 has taken a fork
115 139 has taken a fork
115 138 has taken a fork
115 107 is eating
116 140 has taken a fork
116 141 has taken a fork
116 143 has taken a fork
116 110 has taken a fork
117 102 is eating
117 42 is sleeping
117 44 is sleeping
117 117 has taken a fork
117 142 has taken a fork
117 145 has taken a fork
118 47 is sleeping
118 144 has taken a fork
118 109 is eating
118 51 is sleeping
118 53 is sleeping
118 49 is sleeping
119 48 is sleeping
119 112 has taken a fork
119 46 is sleeping
120 119 has taken a fork
120 147 has taken a fork
120 146 has taken a fork
120 149 has taken a fork
120 151 has taken a fork
120 123 has taken a fork
120 153 has taken a fork
121 55 is sleeping
121 50 is sleeping
121 148 has taken a fork
121 114 has taken a fork
121 116 has taken a fork
122 150 has taken a fork
122 121 has taken a fork
122 118 has taken a fork
122 120 has taken a fork
122 104 is eating
122 59 is sleeping
123 52 is sleeping
123 155 has taken a fork
123 152 has taken a fork
123 106 is eating
123 57 is sleeping
123 157 has taken a fork
123 124 has taken a fork
123 122 has taken a fork
123 125 has taken a fork
124 56 is sleeping
124 63 is sleeping
124 154 has taken a fork
124 54 is sleeping
124 159 has taken a fork
124 126 has taken a fork
124 156 has taken a fork
124 129 has taken a fork
124 128 has taken a fork
124 127 has taken a fork
125 111 is eating
125 113 is eating
125 61 is sleeping
125 161 has taken a fork
126 60 is sleeping
126 62 is sleeping
126 65 is sleeping
127 58 is sleeping
127 158 has taken a fork
127 160 has taken a fork
127 163 has taken a fork
127 133 has taken a fork
127 162 has taken a fork
127 108 is eating
127 115 is eating
127 132 has taken a fork
127 67 is sleeping
128 131 has taken a fork
128 164 has taken a fork
128 130 has taken a fork
128 135 has taken a fork
128 64 is sleeping
128 165 has taken a fork
128 71 is sleeping
128 69 is sleeping
128 167 has taken a fork
128 166 has taken a fork
128 137 has taken a fork
128 134 has taken a fork
129 66 is sleeping
129 68 is sleeping
129 169 has taken a fork
129 168 has taken a fork
129 136 has taken a fork
129 139 has taken a fork
129 138 has taken a fork
130 70 is sleeping
130 73 is sleeping
130 140 has taken a fork
130 171 has taken a fork
130 173 has taken a fork
130 141 has taken a fork
130 143 has taken a fork
130 110 is eating
130 72 is sleeping
130 75 is sleeping
130 175 has taken a fork
130 170 has taken a fork
130 117 is eating
130 142 has taken a fork
130 145 has taken a fork
130 74 is sleeping
131 177 has taken a fork
131 77 is sleeping
131 172 has taken a fork
131 144 has taken a fork
131 79 is sleeping
131 76 is sleeping
132 179 has taken a fork
132 81 is sleeping
132 78 is sleeping
132 181 has taken a fork
133 174 has taken a fork
133 176 has taken a fork
133 112 is eating
133 119 is eating
133 80 is sleeping
133 147 has taken a fork
133 83 is sleeping
133 178 has taken a fork
133 146 has taken a fork
133 183 has taken a fork
134 149 has taken a fork
134 151 has taken a fork
134 123 is eating
134 153 has taken a fork
134 85 is sleeping
134 87 is sleeping
134 82 is sleeping
134 180 has taken a fork
134 185 has taken a fork
134 182 has taken a fork
134 148 has taken a fork
134 114 is eating
135 116 is eating
135 89 is sleeping
135 91 is sleeping
135 150 has taken a fork
135 187 has taken a fork
135 184 has taken a fork
136 84 is sleeping
136 121 is eating
136 118 is eating
137 189 has taken a fork
137 120 is eating
138 86 is sleeping
138 88 is sleeping
138 93 is sleeping
139 186 has taken a fork
139 193 has taken a fork
139 155 has taken a fork
140 191 has taken a fork
140 152 has taken a fork
141 157 has taken a fork
141 124 is eating
141 122 is eating
141 125 is eating
141 92 is sleeping
141 188 has taken a fork
141 90 is sleeping
141 94 is sleeping
142 97 is sleeping
142 154 has taken a fork
142 192 has taken a fork
142 195 has taken a fork
142 190 has taken a fork
142 95 is sleeping
142 197 has taken a fork
143 159 has taken a fork
143 126 is eating
143 156 has taken a fork
143 129 is eating
143 128 is eating
144 127 is eating
144 99 is sleeping
144 96 is sleeping
145 194 has taken a fork
145 196 has taken a fork
145 161 has taken a fork
145 98 is sleeping
146 198 has taken a fork
146 158 has taken a fork
146 160 has taken a fork
146 163 has taken a fork
146 133 is eating
146 162 has taken a fork
146 132 is eating
146 131 is eating
147 164 has taken a fork
147 130 is eating
147 135 is eating
147 165 has taken a fork
147 167 has taken a fork
148 166 has taken a fork
148 137 is eating
148 134 is eating
148 169 has taken a fork
148 168 has taken a fork
148 136 is eating
148 139 is eating
148 138 is eating
149 140 is eating
149 171 has taken a fork
149 173 has taken a fork
150 141 is eating
150 143 is eating
151 175 has taken a fork
151 170 has taken a fork
151 142 is eating
152 145 is eating
152 177 has taken a fork
153 172 has taken a fork
153 144 is eating
153 179 has taken a fork
154 181 has taken a fork
154 174 has taken a fork
154 176 has taken a fork
155 147 is eating
155 178 has taken a fork
155 146 is eating
156 149 is eating
156 151 is eating
157 183 has taken a fork
157 153 is eating
158 180 has taken a fork
158 185 has taken a fork
159 182 has taken a fork
159 148 is eating
159 150 is eating
159 187 has taken a fork
159 184 has taken a fork
160 189 has taken a fork
160 186 has taken a fork
163 193 has taken a fork
163 155 is eating
163 191 has taken a fork
163 152 is eating
163 157 is eating
164 188 has taken a fork
164 154 is eating
164 192 has taken a fork
164 195 has taken a fork
164 190 has taken a fork
164 197 has taken a fork
164 159 is eating
165 156 is eating
165 194 has taken a fork
166 196 has taken a fork
166 161 is eating
167 198 has taken a fork
167 158 is eating
167 160 is eating
168 163 is eating
168 162 is eating
168 164 is eating
168 167 is eating
169 165 is eating
169 166 is eating
169 169 is eating
169 168 is eating
169 171 is eating
169 173 is eating
170 175 is eating
170 170 is eating
171 177 is eating
171 172 is eating
171 179 is eating
171 181 is eating
172 174 is eating
172 176 is eating
173 178 is eating
173 183 is eating
173 180 is eating
173 185 is eating
174 182 is eating
174 187 is eating
175 184 is eating
175 189 is eating
175 186 is eating
175 193 is eating
175 191 is eating
175 188 is eating
175 192 is eating
176 195 is eating
176 190 is eating
176 197 is eating
177 194 is eating
177 196 is eating
178 198 is eating
201 5 is thinking
201 7 is thinking
201 9 is thinking
201 3 is thinking
201 2 is thinking
202 15 is thinking
202 17 is thinking
206 1 is thinking
207 6 is thinking
208 19 is thinking
209 4 is thinking
209 10 is thinking
209 8 is thinking
209 13 is thinking
210 101 is sleeping
210 5 has taken a fork
211 11 is thinking
212 103 is sleeping
212 7 has taken a fork
212 27 is thinking
213 23 is thinking
213 16 is thinking
213 25 is thinking
213 18 is thinking
213 12 is thinking
213 14 is thinking
213 21 is thinking
213 107 is sleeping
214 100 is sleeping
214 105 is sleeping
214 2 has taken a fork
214 3 has taken a fork
214 9 has taken a fork
214 24 is thinking
214 26 is thinking
215 102 is sleeping
215 20 is thinking
215 33 is thinking
216 22 is thinking
216 15 has taken a fork
216 29 is thinking
216 109 is sleeping
217 31 is thinking
217 17 has taken a fork
217 5 has taken a fork
218 39 is thinking
218 28 is thinking
219 35 is thinking
219 30 is thinking
220 32 is thinking
220 104 is sleeping
220 7 has taken a fork
220 37 is thinking
220 34 is thinking
220 1 has taken a fork
221 106 is sleeping
221 6 has taken a fork
222 43 is thinking
222 40 is thinking
223 113 is sleeping
223 45 is thinking
223 111 is sleeping
223 38 is thinking
224 19 has taken a fork
224 4 has taken a fork
225 2 has taken a fork
225 3 has taken a fork
225 9 has taken a fork
225 36 is thinking
225 41 is thinking
226 108 is sleeping
226 115 is sleeping
226 10 has taken a fork
226 8 has taken a fork
227 110 is sleeping
227 15 has taken a fork
227 13 has taken a fork
228 117 is sleeping
228 11 has taken a fork
228 42 is thinking
228 44 is thinking
229 17 has taken a fork
229 5 is eating
229 112 is sleeping
230 51 is thinking
230 49 is thinking
230 47 is thinking
230 53 is thinking
230 27 has taken a fork
230 119 is sleeping
231 114 is sleeping
231 23 has taken a fork
231 48 is thinking
231 123 is sleeping
231 116 is sleeping
231 46 is thinking
231 16 has taken a fork
231 25 has taken a fork
231 18 has taken a fork
232 12 has taken a fork
232 118 is sleeping
232 7 is eating
232 121 is sleeping
233 14 has taken a fork
233 1 has taken a fork
233 50 is thinking
233 120 is sleeping
233 55 is thinking
234 21 has taken a fork
234 6 has taken a fork
234 59 is thinking
235 57 is thinking
235 52 is thinking
235 122 is sleeping
236 125 is sleeping
236 24 has taken a fork
236 124 is sleeping
236 26 has taken a fork
236 20 has taken a fork
236 126 is sleeping
237 56 is thinking
237 128 is sleeping
237 63 is thinking
237 129 is sleeping
237 127 is sleeping
237 54 is thinking
237 22 has taken a fork
237 33 has taken a fork
237 29 has taken a fork
238 31 has taken a fork
238 19 has taken a fork
238 4 has taken a fork
238 2 is eating
238 61 is thinking
238 3 is eating
238 9 is eating
238 60 is thinking
238 65 is thinking
238 132 is sleeping
238 135 is sleeping
239 131 is sleeping
239 130 is sleeping
239 62 is thinking
239 133 is sleeping
239 28 has taken a fork
239 39 has taken a fork
239 35 has taken a fork
240 30 has taken a fork
240 10 has taken a fork
240 32 has taken a fork
240 8 has taken a fork
240 134 is sleeping
240 67 is thinking
240 138 is sleeping
240 58 is thinking
240 37 has taken a fork
241 136 is sleeping
241 137 is sleeping
241 34 has taken a fork
241 15 is eating
241 40 has taken a fork
241 43 has taken a fork
241 139 is sleeping
241 13 has taken a fork
241 45 has taken a fork
242 140 is sleeping
242 71 is thinking
242 69 is thinking
242 141 is sleeping
242 64 is thinking
242 11 has taken a fork
242 38 has taken a fork
242 143 is sleeping
242 36 has taken a fork
243 41 has taken a fork
243 66 is thinking
243 68 is thinking
243 17 is eating
243 142 is sleeping
243 42 has taken a fork
243 72 is thinking
245 70 is thinking
245 73 is thinking
245 144 is sleeping
245 75 is thinking
245 44 has taken a fork
245 74 is thinking
245 145 is sleeping
245 51 has taken a fork
246 27 has taken a fork
246 79 is thinking
246 77 is thinking
246 76 is thinking
246 23 has taken a fork
246 16 has taken a fork
246 25 has taken a fork
246 18 has taken a fork
246 81 is thinking
246 149 is sleeping
246 147 is sleeping
246 146 is sleeping
246 49 has taken a fork
246 151 is sleeping
246 78 is thinking
246 12 has taken a fork
247 47 has taken a fork
247 53 has taken a fork
247 48 has taken a fork
247 14 has taken a fork
247 80 is thinking
248 83 is thinking
248 1 is eating
248 150 is sleeping
248 21 has taken a fork
248 82 is thinking
248 148 is sleeping
248 50 has taken a fork
248 85 is thinking
248 46 has taken a fork
248 6 is eating
249 87 is thinking
249 153 is sleeping
249 55 has taken a fork
249 89 is thinking
249 91 is thinking
249 84 is thinking
249 24 has taken a fork
249 26 has taken a fork
249 20 has taken a fork
249 155 is sleeping
250 59 has taken a fork
250 152 is sleeping
250 157 is sleeping
250 57 has taken a fork
250 52 has taken a fork
250 22 has taken a fork
250 33 has taken a fork
250 29 has taken a fork
251 31 has taken a fork
251 19 is eating
251 93 is thinking
251 88 is thinking
251 4 is eating
251 86 is thinking
251 154 is sleeping
251 156 is sleeping
251 56 has taken a fork
252 159 is sleeping
252 63 has taken a fork
252 54 has taken a fork
252 161 is sleeping
252 61 has taken a fork
252 28 has taken a fork
252 39 has taken a fork
253 35 has taken a fork
253 162 is sleeping
253 60 has taken a fork
253 158 is sleeping
253 163 is sleeping
253 30 has taken a fork
253 160 is sleeping
254 65 has taken a fork
254 62 has taken a fork
254 10 is eating
254 32 has taken a fork
254 8 is eating
254 67 has taken a fork
254 37 has taken a fork
255 167 is sleeping
255 164 is sleeping
255 90 is thinking
256 92 is thinking
256 58 has taken a fork
257 34 has taken a fork
257 40 has taken a fork
258 94 is thinking
258 43 has taken a fork
258 13 is eating
258 45 has taken a fork
258 168 is sleeping
260 97 is thinking
260 166 is sleeping
260 165 is sleeping
260 169 is sleeping
261 95 is thinking
261 71 has taken a fork
261 69 has taken a fork
261 64 has taken a fork
262 11 is eating
262 38 has taken a fork
262 36 has taken a fork
262 171 is sleeping
262 173 is sleeping
262 41 has taken a fork
262 66 has taken a fork
262 68 has taken a fork
262 42 has taken a fork
262 72 has taken a fork
262 99 is thinking
262 96 is thinking
262 175 is sleeping
263 181 is sleeping
263 179 is sleeping
263 172 is sleeping
263 177 is sleeping
263 170 is sleeping
263 70 has taken a fork
264 73 has taken a fork
264 75 has taken a fork
264 44 has taken a fork
264 74 has taken a fork
264 51 has taken a fork
264 174 is sleeping
264 27 is eating
264 176 is sleeping
264 79 has taken a fork
264 77 has taken a fork
265 76 has taken a fork
265 23 is eating
266 16 is eating
266 25 is eating
266 18 is eating
267 81 has taken a fork
267 98 is thinking
268 49 has taken a fork
268 78 has taken a fork
268 185 is sleeping
268 12 is eating
269 180 is sleeping
269 183 is sleeping
269 178 is sleeping
269 47 has taken a fork
269 53 has taken a fork
270 48 has taken a fork
270 14 is eating
270 80 has taken a fork
270 182 is sleeping
271 187 is sleeping
271 83 has taken a fork
271 21 is eating
271 82 has taken a fork
271 50 has taken a fork
271 85 has taken a fork
271 46 has taken a fork
271 186 is sleeping
271 189 is sleeping
271 193 is sleeping
272 184 is sleeping
272 191 is sleeping
272 87 has taken a fork
272 55 has taken a fork
272 89 has taken a fork
273 91 has taken a fork
273 84 has taken a fork
274 24 is eating
274 26 is eating
274 20 is eating
274 197 is sleeping
275 190 is sleeping
275 188 is sleeping
275 195 is sleeping
276 192 is sleeping
276 59 has taken a fork
276 57 has taken a fork
277 52 has taken a fork
277 22 is eating
277 33 is eating
278 29 is eating
278 196 is sleeping
278 31 is eating
280 194 is sleeping
280 93 has taken a fork
280 88 has taken a fork
280 86 has taken a fork
281 56 has taken a fork
281 198 is sleeping
281 63 has taken a fork
281 54 has taken a fork
281 61 has taken a fork
281 28 is eating
282 39 is eating
282 35 is eating
282 60 has taken a fork
283 30 is eating
283 65 has taken a fork
285 62 has taken a fork
285 32 is eating
286 67 has taken a fork
287 37 is eating
287 90 has taken a fork
288 92 has taken a fork
288 58 has taken a fork
288 34 is eating
288 40 is eating
289 94 has taken a fork
289 43 is eating
289 45 is eating
291 97 has taken a fork
291 95 has taken a fork
291 71 has taken a fork
291 69 has taken a fork
292 64 has taken a fork
292 38 is eating
292 36 is eating
292 41 is eating
293 66 has taken a fork
293 68 has taken a fork
294 42 is eating
294 72 has taken a fork
295 99 has taken a fork
295 96 has taken a fork
295 70 has taken a fork
295 73 has taken a fork
295 75 has taken a fork
295 44 is eating
296 74 has taken a fork
296 51 is eating
296 79 has taken a fork
296 77 has taken a fork
297 76 has taken a fork
297 81 has taken a fork
298 98 has taken a fork
299 49 is eating
299 78 has taken a fork
300 47 is eating
300 53 is eating
300 48 is eating
301 80 has taken a fork
301 83 has taken a fork
301 82 has taken a fork
301 50 is eating
302 85 has taken a fork
302 46 is eating
302 55 is eating
302 89 has taken a fork
302 91 has taken a fork
302 84 has taken a fork
302 87 has taken a fork
303 59 is eating
303 57 is eating
304 52 is eating
305 93 has taken a fork
305 88 has taken a fork
305 86 has taken a fork
306 56 is eating
306 63 is eating
307 54 is eating
307 61 is eating
307 60 is eating
308 65 is eating
308 62 is eating
309 67 is eating
309 90 has taken a fork
310 92 has taken a fork
310 58 is eating
311 94 has taken a fork
313 97 has taken a fork
313 95 has taken a fork
314 71 is eating
314 69 is eating
314 64 is eating
314 66 is eating
314 68 is eating
314 72 is eating
315 99 has taken a fork
315 70 is eating
318 73 is eating
318 75 is eating
319 74 is eating
321 96 has taken a fork
322 79 is eating
322 77 is eating
322 76 is eating
323 81 is eating
324 98 has taken a fork
324 78 is eating
325 80 is eating
325 83 is eating
325 82 is eating
326 85 is eating
326 89 is eating
326 91 is eating
327 84 is eating
329 87 is eating
330 93 is eating
330 88 is eating
330 86 is eating
330 90 is eating
331 101 is thinking
331 92 is eating
332 94 is eating
333 103 is thinking
334 97 is eating
335 107 is thinking
335 95 is eating
336 105 is thinking
336 100 is thinking
337 99 is eating
337 102 is thinking
337 109 is thinking
337 5 is sleeping
338 7 is sleeping
338 104 is thinking
339 106 is thinking
340 96 is eating
341 113 is thinking
341 2 is sleeping
342 3 is sleeping
342 9 is sleeping
343 111 is thinking
345 98 is eating
345 15 is sleeping
346 115 is thinking
346 108 is thinking
347 17 is sleeping
347 117 is thinking
347 112 is thinking
352 110 is thinking
352 119 is thinking
352 116 is thinking
353 1 is sleeping
353 123 is thinking
353 114 is thinking
354 101 has taken a fork
354 6 is sleeping
354 118 is thinking
354 121 is thinking
354 4 is sleeping
354 19 is sleeping
354 103 has taken a fork
355 120 is thinking
355 122 is thinking
355 107 has taken a fork
355 10 is sleeping
356 8 is sleeping
356 124 is thinking
356 125 is thinking
357 105 has taken a fork
357 126 is thinking
358 100 has taken a fork
360 129 is thinking
361 128 is thinking
361 127 is thinking
362 102 has taken a fork
363 109 has taken a fork
363 13 is sleeping
363 132 is thinking
363 135 is thinking
363 104 has taken a fork
364 106 has taken a fork
364 130 is thinking
364 131 is thinking
365 133 is thinking
365 134 is thinking
365 138 is thinking
365 11 is sleeping
367 27 is sleeping
367 137 is thinking
368 136 is thinking
368 139 is thinking
369 113 has taken a fork
369 141 is thinking
369 140 is thinking
369 143 is thinking
369 25 is sleeping
369 142 is thinking
369 16 is sleeping
370 18 is sleeping
370 23 is sleeping
370 111 has taken a fork
370 12 is sleeping
371 145 is thinking
371 14 is sleeping
371 144 is thinking
371 149 is thinking
372 115 has taken a fork
372 21 is sleeping
373 151 is thinking
374 146 is thinking
374 147 is thinking
376 108 has taken a fork
376 117 has taken a fork
376 112 has taken a fork
376 148 is thinking
377 150 is thinking
377 20 is sleeping
377 26 is sleeping
377 153 is thinking
377 155 is thinking
378 24 is sleeping
378 157 is thinking
378 152 is thinking
378 29 is sleeping
378 31 is sleeping
378 156 is thinking
379 33 is sleeping
379 22 is sleeping
379 161 is thinking
379 154 is thinking
379 110 has taken a fork
379 159 is thinking
380 119 has taken a fork
380 116 has taken a fork
380 163 is thinking
380 158 is thinking
380 162 is thinking
380 123 has taken a fork
380 114 has taken a fork
380 160 is thinking
380 35 is sleeping
380 28 is sleeping
380 101 has taken a fork
380 39 is sleeping
380 118 has taken a fork
381 121 has taken a fork
381 103 has taken a fork
381 164 is thinking
381 120 has taken a fork
381 122 has taken a fork
381 30 is sleeping
381 167 is thinking
381 107 has taken a fork
381 32 is sleeping
382 124 has taken a fork
382 125 has taken a fork
382 37 is sleeping
382 105 has taken a fork
382 126 has taken a fork
382 45 is sleeping
382 34 is sleeping
383 168 is thinking
383 43 is sleeping
383 100 has taken a fork
383 169 is thinking
383 41 is sleeping
383 38 is sleeping
383 36 is sleeping
384 40 is sleeping
384 166 is thinking
384 165 is thinking
385 129 has taken a fork
385 128 has taken a fork
385 127 has taken a fork
385 173 is thinking
385 42 is sleeping
385 171 is thinking
385 175 is thinking
385 102 has taken a fork
385 51 is sleeping
385 181 is thinking
385 170 is thinking
385 109 has taken a fork
385 177 is thinking
386 172 is thinking
387 179 is thinking
387 44 is sleeping
387 132 has taken a fork
387 135 has taken a fork
387 104 has taken a fork
387 174 is thinking
388 176 is thinking
388 106 has taken a fork
388 130 has taken a fork
388 131 has taken a fork
388 133 has taken a fork
388 134 has taken a fork
388 138 has taken a fork
388 47 is sleeping
388 49 is sleeping
388 53 is sleeping
388 48 is sleeping
389 137 has taken a fork
389 46 is sleeping
389 55 is sleeping
389 50 is sleeping
389 185 is thinking
389 136 has taken a fork
389 178 is thinking
389 183 is thinking
389 139 has taken a fork
389 180 is thinking
389 113 has taken a fork
389 140 has taken a fork
389 141 has taken a fork
389 143 has taken a fork
389 59 is sleeping
389 142 has taken a fork
390 111 has taken a fork
390 57 is sleeping
390 52 is sleeping
390 189 is thinking
390 186 is thinking
390 193 is thinking
390 182 is thinking
390 145 has taken a fork
390 187 is thinking
391 144 has taken a fork
391 149 has taken a fork
391 56 is sleeping
391 63 is sleeping
391 184 is thinking
391 191 is thinking
391 115 has taken a fork
391 61 is sleeping
392 54 is sleeping
392 151 has taken a fork
392 60 is sleeping
392 65 is sleeping
393 146 has taken a fork
393 62 is sleeping
393 197 is thinking
393 147 has taken a fork
393 195 is thinking
393 188 is thinking
393 67 is sleeping
394 190 is thinking
394 58 is sleeping
394 192 is thinking
394 108 has taken a fork
394 117 has taken a fork
394 112 has taken a fork
395 148 has taken a fork
395 150 has taken a fork
395 153 has taken a fork
395 155 has taken a fork
395 196 is thinking
395 71 is sleeping
395 64 is sleeping
396 69 is sleeping
396 157 has taken a fork
396 152 has taken a fork
396 156 has taken a fork
396 66 is sleeping
396 68 is sleeping
396 72 is sleeping
396 161 has taken a fork
396 154 has taken a fork
396 110 has taken a fork
396 159 has taken a fork
396 119 has taken a fork
396 70 is sleeping
396 194 is thinking
396 116 has taken a fork
397 163 has taken a fork
397 158 has taken a fork
397 162 has taken a fork
397 123 has taken a fork
398 114 has taken a fork
398 160 has taken a fork
398 101 is eating
399 121 has taken a fork
399 118 has taken a fork
399 103 is eating
399 198 is thinking
399 164 has taken a fork
399 120 has taken a fork
400 122 has taken a fork
401 167 has taken a fork
401 107 is eating
401 74 is sleeping
401 75 is sleeping
401 73 is sleeping
401 124 has taken a fork
401 125 has taken a fork
401 105 is eating
402 126 has taken a fork
403 168 has taken a fork
404 100 is eating
404 169 has taken a fork
404 79 is sleeping
404 77 is sleeping
405 166 has taken a fork
405 165 has taken a fork
405 81 is sleeping
405 129 has taken a fork
406 128 has taken a fork
406 76 is sleeping
406 127 has taken a fork
406 173 has taken a fork
406 78 is sleeping
407 171 has taken a fork
407 175 has taken a fork
407 102 is eating
407 181 has taken a fork
407 170 has taken a fork
407 109 is eating
407 177 has taken a fork
408 83 is sleeping
408 80 is sleeping
408 85 is sleeping
408 82 is sleeping
410 172 has taken a fork
410 179 has taken a fork
410 135 has taken a fork
411 132 has taken a fork
412 104 is eating
412 174 has taken a fork
413 91 is sleeping
413 89 is sleeping
413 84 is sleeping
413 176 has taken a fork
415 106 is eating
415 130 has taken a fork
415 131 has taken a fork
415 133 has taken a fork
415 134 has taken a fork
415 138 has taken a fork
416 137 has taken a fork
416 87 is sleeping
417 185 has taken a fork
420 136 has taken a fork
420 178 has taken a fork
420 183 has taken a fork
421 139 has taken a fork
421 180 has taken a fork
421 113 is eating
421 140 has taken a fork
421 141 has taken a fork
421 143 has taken a fork
421 142 has taken a fork
421 111 is eating
421 189 has taken a fork
421 186 has taken a fork
423 193 has taken a fork
424 182 has taken a fork
424 145 has taken a fork
424 144 has taken a fork
424 149 has taken a fork
424 93 is sleeping
424 86 is sleeping
424 88 is sleeping
425 187 has taken a fork
426 184 has taken a fork
426 191 has taken a fork
426 115 is eating
427 151 has taken a fork
428 90 is sleeping
429 146 has taken a fork
429 197 has taken a fork
430 147 has taken a fork
430 92 is sleeping
432 195 has taken a fork
432 108 is eating
435 117 is eating
435 94 is sleeping
435 188 has taken a fork
436 112 is eating
436 148 has taken a fork
436 150 has taken a fork
438 153 has taken a fork
438 155 has taken a fork
438 157 has taken a fork
438 152 has taken a fork
439 156 has taken a fork
440 161 has taken a fork
440 154 has taken a fork
440 110 is eating
440 159 has taken a fork
441 119 is eating
441 116 is eating
442 163 has taken a fork
442 97 is sleeping
443 190 has taken a fork
443 158 has taken a fork
443 162 has taken a fork
444 95 is sleeping
444 192 has taken a fork
444 114 is eating
444 123 is eating
444 160 has taken a fork
445 121 is eating
446 118 is eating
446 164 has taken a fork
446 120 is eating
446 99 is sleeping
447 196 has taken a fork
447 122 is eating
448 167 has taken a fork
449 124 is eating
449 125 is eating
450 194 has taken a fork
450 96 is sleeping
450 126 is eating
451 168 has taken a fork
451 169 has taken a fork
451 166 has taken a fork
451 165 has taken a fork
451 129 is eating
451 98 is sleeping
451 128 is eating
451 127 is eating
451 173 has taken a fork
452 198 has taken a fork
453 171 has taken a fork
453 175 has taken a fork
453 181 has taken a fork
453 170 has taken a fork
454 177 has taken a fork
455 172 has taken a fork
457 179 has taken a fork
458 135 is eating
458 132 is eating
459 174 has taken a fork
460 176 has taken a fork
461 130 is eating
462 131 is eating
462 133 is eating
463 134 is eating
463 138 is eating
463 137 is eating
464 185 has taken a fork
465 136 is eating
465 178 has taken a fork
465 183 has taken a fork
467 139 is eating
468 180 has taken a fork
468 140 is eating
469 141 is eating
469 143 is eating
470 142 is eating
470 189 has taken a fork
471 186 has taken a fork
472 193 has taken a fork
472 182 has taken a fork
473 145 is eating
475 144 is eating
475 149 is eating
475 187 has taken a fork
476 184 has taken a fork
476 191 has taken a fork
477 151 is eating
477 146 is eating
477 197 has taken a fork
478 147 is eating
478 195 has taken a fork
478 188 has taken a fork
478 148 is eating
479 150 is eating
480 5 is thinking
480 153 is eating
481 155 is eating
482 157 is eating
482 152 is eating
482 7 is thinking
482 156 is eating
483 161 is eating
483 154 is eating
483 159 is eating
483 2 is thinking
483 9 is thinking
484 3 is thinking
484 163 is eating
484 190 has taken a fork
484 158 is eating
484 162 is eating
484 192 has taken a fork
484 160 is eating
484 15 is thinking
484 164 is eating
484 17 is thinking
484 196 has taken a fork
484 167 is eating
484 194 has taken a fork
485 168 is eating
485 166 is eating
485 169 is eating
485 165 is eating
485 173 is eating
485 198 has taken a fork
485 171 is eating
486 1 is thinking
486 181 is eating
486 170 is eating
486 175 is eating
486 19 is thinking
487 6 is thinking
487 4 is thinking
487 177 is eating
487 10 is thinking
488 8 is thinking
488 172 is eating
488 179 is eating
489 174 is eating
489 176 is eating
489 13 is thinking
490 185 is eating
490 101 is sleeping
490 11 is thinking
490 178 is eating
490 183 is eating
490 103 is sleeping
490 27 is thinking
490 107 is sleeping
490 180 is eating
491 25 is thinking
491 16 is thinking
491 105 is sleeping
492 23 is thinking
493 12 is thinking
494 18 is thinking
494 189 is eating
496 100 is sleeping
496 14 is thinking
496 186 is eating
497 109 is sleeping
499 21 is thinking
499 102 is sleeping
499 193 is eating
499 182 is eating
500 104 is sleeping
500 187 is eating
500 184 is eating
500 191 is eating
500 106 is sleeping
501 26 is thinking
501 197 is eating
501 24 is thinking
501 20 is thinking
502 31 is thinking
502 29 is thinking
502 188 is eating
502 33 is thinking
502 195 is eating
502 22 is thinking
503 35 is thinking
505 39 is thinking
505 28 is thinking
506 5 has taken a fork
508 30 is thinking
508 32 is thinking
508 113 is sleeping
509 34 is thinking
509 37 is thinking
509 111 is sleeping
510 45 is thinking
510 7 has taken a fork
510 43 is thinking
511 41 is thinking
511 38 is thinking
512 2 has taken a fork
512 9 has taken a fork
513 3 has taken a fork
513 40 is thinking
514 190 is eating
514 192 is eating
514 15 has taken a fork
515 17 has taken a fork
515 196 is eating
515 194 is eating
516 36 is thinking
517 42 is thinking
517 198 is eating
517 1 has taken a fork
517 115 is sleeping
517 51 is thinking
519 19 has taken a fork
519 44 is thinking
519 6 has taken a fork
519 4 has taken a fork
519 10 has taken a fork
519 48 is thinking
520 49 is thinking
521 53 is thinking
521 47 is thinking
521 108 is sleeping
521 55 is thinking
521 50 is thinking
522 59 is thinking
522 46 is thinking
522 8 has taken a fork
522 57 is thinking
523 52 is thinking
524 63 is thinking
524 56 is thinking
524 117 is sleeping
524 61 is thinking
527 13 has taken a fork
527 112 is sleeping
529 11 has taken a fork
531 54 is thinking
531 60 is thinking
531 65 is thinking
532 62 is thinking
532 67 is thinking
532 58 is thinking
532 68 is thinking
532 70 is thinking
532 66 is thinking
534 71 is thinking
534 64 is thinking
534 72 is thinking
534 69 is thinking
534 27 has taken a fork
534 110 is sleeping
534 119 is sleeping
534 116 is sleeping
535 25 has taken a fork
535 16 has taken a fork
535 123 is sleeping
535 114 is sleeping
535 23 has taken a fork
535 12 has taken a fork
535 121 is sleeping
535 118 is sleeping
535 18 has taken a fork
536 14 has taken a fork
536 120 is sleeping
536 21 has taken a fork
536 122 is sleeping
536 73 is thinking
536 26 has taken a fork
536 75 is thinking
536 74 is thinking
536 125 is sleeping
536 124 is sleeping
536 20 has taken a fork
536 126 is sleeping
536 79 is thinking
537 31 has taken a fork
537 81 is thinking
537 24 has taken a fork
537 77 is thinking
537 127 is sleeping
537 129 is sleeping
537 128 is sleeping
538 5 has taken a fork
538 78 is thinking
538 29 has taken a fork
539 76 is thinking
539 33 has taken a fork
539 22 has taken a fork
539 85 is thinking
539 83 is thinking
539 80 is thinking
540 82 is thinking
540 7 has taken a fork
540 135 is sleeping
540 132 is sleeping
540 35 has taken a fork
540 39 has taken a fork
540 2 has taken a fork
540 9 has taken a fork
540 131 is sleeping
540 28 has taken a fork
540 130 is sleeping
540 84 is thinking
540 30 has taken a fork
540 89 is thinking
541 91 is thinking
541 3 has taken a fork
541 138 is sleeping
541 134 is sleeping
541 133 is sleeping
541 32 has taken a fork
542 37 has taken a fork
542 34 has taken a fork
542 15 has taken a fork
542 137 is sleeping
542 45 has taken a fork
542 17 has taken a fork
542 136 is sleeping
542 87 is thinking
542 43 has taken a fork
543 1 has taken a fork
543 139 is sleeping
543 143 is sleeping
543 141 is sleeping
543 40 has taken a fork
543 38 has taken a fork
544 140 is sleeping
544 42 has taken a fork
544 19 has taken a fork
545 6 has taken a fork
545 4 has taken a fork
545 10 has taken a fork
545 41 has taken a fork
545 142 is sleeping
546 36 has taken a fork
546 145 is sleeping
546 51 has taken a fork
546 8 has taken a fork
546 149 is sleeping
546 144 is sleeping
546 44 has taken a fork
546 48 has taken a fork
546 88 is thinking
546 86 is thinking
547 93 is thinking
547 151 is sleeping
547 147 is sleeping
547 146 is sleeping
547 148 is sleeping
547 13 has taken a fork
548 150 is sleeping
548 55 has taken a fork
548 49 has taken a fork
548 155 is sleeping
549 153 is sleeping
549 50 has taken a fork
549 11 has taken a fork
549 157 is sleeping
549 57 has taken a fork
549 152 is sleeping
549 161 is sleeping
549 154 is sleeping
549 156 is sleeping
549 159 is sleeping
549 61 has taken a fork
551 63 has taken a fork
551 56 has taken a fork
552 53 has taken a fork
552 90 is thinking
552 92 is thinking
554 47 has taken a fork
555 59 has taken a fork
555 54 has taken a fork
557 46 has taken a fork
557 52 has taken a fork
557 160 is sleeping
557 158 is sleeping
557 163 is sleeping
557 162 is sleeping
558 65 has taken a fork
558 62 has taken a fork
558 67 has taken a fork
560 60 has taken a fork
560 164 is sleeping
560 167 is sleeping
560 169 is sleeping
560 168 is sleeping
561 68 has taken a fork
561 58 has taken a fork
562 66 has taken a fork
563 70 has taken a fork
564 27 has taken a fork
564 166 is sleeping
564 94 is thinking
565 25 has taken a fork
565 71 has taken a fork
565 165 is sleeping
565 173 is sleeping
565 16 has taken a fork
565 72 has taken a fork
565 23 has taken a fork
567 12 has taken a fork
567 64 has taken a fork
567 18 has taken a fork
567 181 is sleeping
567 177 is sleeping
567 175 is sleeping
567 170 is sleeping
568 171 is sleeping
568 14 has taken a fork
568 69 has taken a fork
568 21 has taken a fork
569 73 has taken a fork
570 26 has taken a fork
570 75 has taken a fork
571 74 has taken a fork
571 20 has taken a fork
571 79 has taken a fork
572 31 has taken a fork
573 24 has taken a fork
573 179 is sleeping
573 172 is sleeping
573 174 is sleeping
573 5 is eating
573 81 has taken a fork
574 78 has taken a fork
574 176 is sleeping
575 29 has taken a fork
576 77 has taken a fork
576 76 has taken a fork
576 33 has taken a fork
576 22 has taken a fork
576 180 is sleeping
576 185 is sleeping
576 183 is sleeping
577 178 is sleeping
577 85 has taken a fork
577 83 has taken a fork
577 80 has taken a fork
579 82 has taken a fork
579 7 is eating
579 35 has taken a fork
580 39 has taken a fork
580 2 is eating
581 9 is eating
582 28 has taken a fork
583 30 has taken a fork
584 3 is eating
584 32 has taken a fork
584 97 is thinking
587 37 has taken a fork
587 34 has taken a fork
588 15 is eating
588 189 is sleeping
589 84 has taken a fork
589 45 has taken a fork
590 17 is eating
591 43 has taken a fork
591 186 is sleeping
592 1 is eating
592 89 has taken a fork
593 40 has taken a fork
593 38 has taken a fork
593 95 is thinking
595 42 has taken a fork
596 19 is eating
596 193 is sleeping
597 182 is sleeping
598 6 is eating
599 87 has taken a fork
602 91 has taken a fork
602 4 is eating
603 10 is eating
604 41 has taken a fork
605 191 is sleeping
605 99 is thinking
607 36 has taken a fork
607 184 is sleeping
607 187 is sleeping
608 51 has taken a fork
608 8 is eating
608 44 has taken a fork
608 48 has taken a fork
608 88 has taken a fork
608 86 has taken a fork
608 197 is sleeping
608 93 has taken a fork
608 195 is sleeping
608 13 is eating
608 55 has taken a fork
608 49 has taken a fork
608 188 is sleeping
608 50 has taken a fork
608 11 is eating
609 57 has taken a fork
609 61 has taken a fork
609 96 is thinking
609 98 is thinking
609 63 has taken a fork
609 56 has taken a fork
609 53 has taken a fork
609 90 has taken a fork
609 92 has taken a fork
609 47 has taken a fork
609 59 has taken a fork
609 54 has taken a fork
609 192 is sleeping
609 190 is sleeping
609 46 has taken a fork
609 52 has taken a fork
609 196 is sleeping
609 65 has taken a fork
610 62 has taken a fork
610 67 has taken a fork
610 194 is sleeping
610 60 has taken a fork
610 68 has taken a fork
610 58 has taken a fork
610 198 is sleeping
610 66 has taken a fork
610 70 has taken a fork
610 27 is eating
610 94 has taken a fork
610 25 is eating
610 71 has taken a fork
610 16 is eating
611 72 has taken a fork
611 23 is eating
611 12 is eating
611 64 has taken a fork
611 18 is eating
611 14 is eating
611 69 has taken a fork
611 21 is eating
611 73 has taken a fork
611 26 is eating
611 75 has taken a fork
612 74 has taken a fork
612 20 is eating
612 79 has taken a fork
612 31 is eating
612 24 is eating
612 81 has taken a fork
612 78 has taken a fork
613 29 is eating
613 77 has taken a fork
613 76 has taken a fork
613 33 is eating
613 22 is eating
613 85 has taken a fork
613 83 has taken a fork
613 80 has taken a fork
613 82 has taken a fork
613 35 is eating
613 39 is eating
613 28 is eating
613 30 is eating
614 32 is eating
614 97 has taken a fork
615 37 is eating
615 34 is eating
615 84 has taken a fork
615 45 is eating
615 101 is thinking
616 103 is thinking
616 107 is thinking
616 43 is eating
616 105 is thinking
616 89 has taken a fork
616 38 is eating
616 95 has taken a fork
616 40 is eating
616 42 is eating
617 100 is thinking
617 109 is thinking
617 87 has taken a fork
617 104 is thinking
618 102 is thinking
618 106 is thinking
618 91 has taken a fork
619 41 is eating
620 99 has taken a fork
621 36 is eating
622 51 is eating
622 113 is thinking
622 44 is eating
622 48 is eating
623 88 has taken a fork
623 86 has taken a fork
623 93 has taken a fork
623 55 is eating
623 49 is eating
623 50 is eating
623 57 is eating
624 111 is thinking
624 61 is eating
624 96 has taken a fork
624 98 has taken a fork
624 63 is eating
624 56 is eating
625 53 is eating
626 90 has taken a fork
626 92 has taken a fork
627 47 is eating
628 59 is eating
628 54 is eating
629 46 is eating
629 52 is eating
630 65 is eating
630 62 is eating
630 67 is eating
631 60 is eating
631 68 is eating
631 58 is eating
632 66 is eating
632 70 is eating
632 94 has taken a fork
632 71 is eating
632 72 is eating
633 64 is eating
633 69 is eating
634 73 is eating
635 75 is eating
637 74 is eating
637 79 is eating
638 81 is eating
639 78 is eating
641 77 is eating
641 76 is eating
642 83 is eating
642 80 is eating
642 85 is eating
642 82 is eating
642 97 has taken a fork
642 84 is eating
643 89 is eating
643 95 has taken a fork
644 87 is eating
645 115 is thinking
646 91 is eating
648 99 has taken a fork
650 108 is thinking
651 88 is eating
651 86 is eating
652 93 is eating
654 117 is thinking
654 96 has taken a fork
655 98 has taken a fork
655 90 is eating
655 92 is eating
656 112 is thinking
656 101 has taken a fork
656 5 is sleeping
656 7 is sleeping
656 103 has taken a fork
656 9 is sleeping
656 2 is sleeping
657 94 is eating
657 107 has taken a fork
657 105 has taken a fork
657 110 is thinking
657 3 is sleeping
657 100 has taken a fork
657 119 is thinking
657 123 is thinking
657 121 is thinking
658 116 is thinking
658 114 is thinking
658 118 is thinking
659 15 is sleeping
659 109 has taken a fork
659 125 is thinking
659 120 is thinking
659 122 is thinking
660 124 is thinking
660 17 is sleeping
660 104 has taken a fork
660 126 is thinking
660 127 is thinking
660 129 is thinking
660 128 is thinking
661 1 is sleeping
661 102 has taken a fork
661 19 is sleeping
661 133 is thinking
661 106 has taken a fork
662 132 is thinking
662 138 is thinking
662 135 is thinking
663 130 is thinking
663 131 is thinking
664 134 is thinking
664 97 is eating
665 137 is thinking
665 136 is thinking
665 6 is sleeping
666 141 is thinking
666 95 is eating
666 113 has taken a fork
667 139 is thinking
667 143 is thinking
667 140 is thinking
667 4 is sleeping
667 10 is sleeping
669 142 is thinking
669 115 has taken a fork
669 111 has taken a fork
670 150 is thinking
670 148 is thinking
670 147 is thinking
670 149 is thinking
670 146 is thinking
670 151 is thinking
672 144 is thinking
672 99 is eating
673 155 is thinking
673 11 is sleeping
673 8 is sleeping
673 145 is thinking
673 156 is thinking
674 161 is thinking
674 157 is thinking
674 159 is thinking
674 152 is thinking
674 153 is thinking
675 154 is thinking
675 13 is sleeping
675 108 has taken a fork
675 27 is sleeping
675 25 is sleeping
675 16 is sleeping
675 117 has taken a fork
675 96 is eating
675 23 is sleeping
675 12 is sleeping
675 98 is eating
675 14 is sleeping
675 26 is sleeping
676 21 is sleeping
676 18 is sleeping
676 112 has taken a fork
676 101 has taken a fork
677 103 has taken a fork
677 163 is thinking
677 107 has taken a fork
677 105 has taken a fork
677 110 has taken a fork
678 100 has taken a fork
678 119 has taken a fork
678 123 has taken a fork
679 160 is thinking
679 162 is thinking
681 121 has taken a fork
681 158 is thinking
681 31 is sleeping
682 20 is sleeping
682 116 has taken a fork
682 114 has taken a fork
682 118 has taken a fork
682 109 has taken a fork
682 24 is sleeping
683 125 has taken a fork
683 120 has taken a fork
683 122 has taken a fork
683 29 is sleeping
683 169 is thinking
683 164 is thinking
683 167 is thinking
684 168 is thinking
684 124 has taken a fork
684 104 has taken a fork
684 126 has taken a fork
684 127 has taken a fork
684 22 is sleeping
684 33 is sleeping
684 128 has taken a fork
684 102 has taken a fork
684 106 has taken a fork
684 39 is sleeping
684 133 has taken a fork
684 35 is sleeping
684 129 has taken a fork
685 132 has taken a fork
685 28 is sleeping
685 138 has taken a fork
685 166 is thinking
685 30 is sleeping
685 32 is sleeping
685 45 is sleeping
685 131 has taken a fork
685 34 is sleeping
685 135 has taken a fork
685 37 is sleeping
685 165 is thinking
685 130 has taken a fork
687 173 is thinking
687 134 has taken a fork
688 137 has taken a fork
688 113 has taken a fork
688 43 is sleeping
689 177 is thinking
689 175 is thinking
689 181 is thinking
689 136 has taken a fork
689 171 is thinking
689 42 is sleeping
690 141 has taken a fork
690 40 is sleeping
690 139 has taken a fork
690 38 is sleeping
690 170 is thinking
690 143 has taken a fork
690 41 is sleeping
691 115 has taken a fork
691 111 has taken a fork
691 140 has taken a fork
691 36 is sleeping
691 51 is sleeping
691 150 has taken a fork
691 142 has taken a fork
691 174 is thinking
691 172 is thinking
691 179 is thinking
691 44 is sleeping
691 48 is sleeping
691 148 has taken a fork
691 147 has taken a fork
692 176 is thinking
692 108 has taken a fork
692 117 has taken a fork
692 49 is sleeping
692 50 is sleeping
692 185 is thinking
692 55 is sleeping
693 151 has taken a fork
693 180 is thinking
693 183 is thinking
693 149 has taken a fork
694 146 has taken a fork
694 101 is eating
694 103 is eating
694 57 is sleeping
694 107 is eating
694 112 has taken a fork
694 178 is thinking
694 105 is eating
694 144 has taken a fork
694 110 has taken a fork
694 63 is sleeping
694 56 is sleeping
695 100 is eating
695 119 has taken a fork
695 53 is sleeping
696 123 has taken a fork
697 156 has taken a fork
697 61 is sleeping
697 47 is sleeping
697 145 has taken a fork
698 161 has taken a fork
698 155 has taken a fork
698 157 has taken a fork
698 59 is sleeping
698 54 is sleeping
699 159 has taken a fork
699 65 is sleeping
699 67 is sleeping
699 62 is sleeping
700 154 has taken a fork
701 153 has taken a fork
701 163 has taken a fork
702 46 is sleeping
702 52 is sleeping
702 162 has taken a fork
703 152 has taken a fork
703 160 has taken a fork
704 121 has taken a fork
704 60 is sleeping
704 158 has taken a fork
704 116 has taken a fork
704 114 has taken a fork
704 118 has taken a fork
704 109 is eating
704 125 has taken a fork
704 68 is sleeping
704 70 is sleeping
705 58 is sleeping
705 66 is sleeping
706 120 has taken a fork
707 122 has taken a fork
707 169 has taken a fork
709 164 has taken a fork
709 167 has taken a fork
709 72 is sleeping
710 71 is sleeping
710 64 is sleeping
710 168 has taken a fork
710 124 has taken a fork
710 104 is eating
710 126 has taken a fork
710 127 has taken a fork
711 102 is eating
712 106 is eating
712 128 has taken a fork
713 133 has taken a fork
713 73 is sleeping
713 69 is sleeping
714 129 has taken a fork
714 132 has taken a fork
715 138 has taken a fork
715 166 has taken a fork
716 131 has taken a fork
716 135 has taken a fork
716 130 has taken a fork
716 75 is sleeping
719 165 has taken a fork
720 74 is sleeping
720 79 is sleeping
720 173 has taken a fork
720 134 has taken a fork
721 189 is thinking
721 81 is sleeping
725 137 has taken a fork
726 113 is eating
726 78 is sleeping
726 177 has taken a fork
727 175 has taken a fork
731 181 has taken a fork
732 136 has taken a fork
732 171 has taken a fork
732 76 is sleeping
732 77 is sleeping
732 141 has taken a fork
732 139 has taken a fork
732 170 has taken a fork
732 143 has taken a fork
732 80 is sleeping
733 83 is sleeping
733 85 is sleeping
733 186 is thinking
733 82 is sleeping
733 115 is eating
733 111 is eating
733 140 has taken a fork
733 150 has taken a fork
733 142 has taken a fork
733 174 has taken a fork
733 172 has taken a fork
733 179 has taken a fork
733 147 has taken a fork
733 148 has taken a fork
733 176 has taken a fork
733 84 is sleeping
733 108 is eating
733 117 is eating
733 185 has taken a fork
733 89 is sleeping
733 151 has taken a fork
734 180 has taken a fork
734 183 has taken a fork
734 149 has taken a fork
734 146 has taken a fork
734 112 is eating
734 178 has taken a fork
734 144 has taken a fork
734 110 is eating
734 87 is sleeping
734 119 is eating
734 193 is thinking
734 91 is sleeping
735 123 is eating
735 182 is thinking
735 156 has taken a fork
735 145 has taken a fork
735 161 has taken a fork
735 155 has taken a fork
735 157 has taken a fork
735 88 is sleeping
735 86 is sleeping
735 159 has taken a fork
735 93 is sleeping
736 154 has taken a fork
736 153 has taken a fork
736 163 has taken a fork
736 162 has taken a fork
736 152 has taken a fork
736 160 has taken a fork
736 90 is sleeping
736 92 is sleeping
736 121 is eating
736 158 has taken a fork
736 116 is eating
736 114 is eating
736 118 is eating
736 125 is eating
736 191 is thinking
736 120 is eating
736 184 is thinking
736 187 is thinking
736 122 is eating
737 169 has taken a fork
737 188 is thinking
737 197 is thinking
737 195 is thinking
737 190 is thinking
737 192 is thinking
737 196 is thinking
737 164 has taken a fork
737 167 has taken a fork
737 198 is thinking
737 194 is thinking
738 168 has taken a fork
738 124 is eating
738 126 is eating
738 127 is eating
739 94 is sleeping
739 128 is eating
739 133 is eating
739 129 is eating
739 132 is eating
739 138 is eating
739 166 has taken a fork
739 131 is eating
740 135 is eating
740 130 is eating
740 165 has taken a fork
740 173 has taken a fork
740 134 is eating
741 189 has taken a fork
741 97 is sleeping
741 137 is eating
741 177 has taken a fork
741 95 is sleeping
741 175 has taken a fork
741 181 has taken a fork
742 136 is eating
742 171 has taken a fork
742 141 is eating
742 139 is eating
742 170 has taken a fork
742 143 is eating
742 186 has taken a fork
742 140 is eating
743 150 is eating
743 142 is eating
743 174 has taken a fork
743 172 has taken a fork
743 179 has taken a fork
743 147 is eating
743 148 is eating
743 176 has taken a fork
744 185 has taken a fork
744 151 is eating
744 180 has taken a fork
744 183 has taken a fork
744 149 is eating
744 146 is eating
745 178 has taken a fork
745 144 is eating
745 193 has taken a fork
745 182 has taken a fork
745 156 is eating
746 145 is eating
746 161 is eating
746 155 is eating
746 157 is eating
746 159 is eating
746 154 is eating
746 153 is eating
746 163 is eating
746 162 is eating
747 152 is eating
747 160 is eating
747 158 is eating
747 191 has taken a fork
747 184 has taken a fork
747 187 has taken a fork
747 169 is eating
748 188 has taken a fork
748 197 has taken a fork
748 195 has taken a fork
748 190 has taken a fork
748 192 has taken a fork
748 164 is eating
749 167 is eating
749 168 is eating
749 99 is sleeping
749 196 has taken a fork
749 166 is eating
749 165 is eating
749 173 is eating
750 189 has taken a fork
750 177 is eating
751 175 is eating
751 181 is eating
751 98 is sleeping
751 96 is sleeping
751 194 has taken a fork
751 171 is eating
751 198 has taken a fork
751 170 is eating
752 186 has taken a fork
752 174 is eating
752 172 is eating
752 179 is eating
752 176 is eating
752 185 is eating
753 180 is eating
753 183 is eating
753 178 is eating
753 193 has taken a fork
753 182 has taken a fork
753 191 has taken a fork
753 184 has taken a fork
753 187 has taken a fork
754 188 has taken a fork
755 197 has taken a fork
755 195 has taken a fork
755 190 has taken a fork
755 192 has taken a fork
755 196 has taken a fork
755 189 is eating
755 194 has taken a fork
755 198 has taken a fork
755 186 is eating
755 193 is eating
755 182 is eating
756 191 is eating
756 184 is eating
757 187 is eating
757 188 is eating
757 197 is eating
757 195 is eating
757 190 is eating
757 192 is eating
757 196 is eating
757 194 is eating
757 198 is eating
757 7 is thinking
757 5 is thinking
758 9 is thinking
759 3 is thinking
759 2 is thinking
759 15 is thinking
760 17 is thinking
761 101 is sleeping
761 1 is thinking
761 19 is thinking
762 7 has taken a fork
762 7 has taken a fork
762 7 is eating
763 105 is sleeping
763 5 has taken a fork
763 107 is sleeping
763 103 is sleeping
765 5 has taken a fork
766 3 has taken a fork
767 5 is eating
768 6 is thinking
769 9 has taken a fork
769 100 is sleeping
769 3 has taken a fork
769 2 has taken a fork
769 10 is thinking
769 4 is thinking
771 9 has taken a fork
772 3 is eating
772 2 has taken a fork
772 109 is sleeping
772 9 is eating
772 15 has taken a fork
772 2 is eating
772 15 has taken a fork
772 15 is eating
773 8 is thinking
773 11 is thinking
774 104 is sleeping
774 17 has taken a fork
774 17 has taken a fork
774 17 is eating
775 12 is thinking
775 14 is thinking
775 27 is thinking
775 13 is thinking
780 16 is thinking
782 23 is thinking
783 102 is sleeping
785 25 is thinking
786 106 is sleeping
786 21 is thinking
786 18 is thinking
786 26 is thinking
786 1 has taken a fork
786 19 has taken a fork
786 31 is thinking
786 29 is thinking
786 24 is thinking
788 20 is thinking
789 35 is thinking
790 32 is thinking
790 34 is thinking
791 113 is sleeping
791 6 has taken a fork
793 22 is thinking
796 37 is thinking
798 30 is thinking
800 45 is thinking
800 33 is thinking
800 28 is thinking
800 39 is thinking
800 1 has taken a fork
800 19 has taken a fork
801 43 is thinking
801 111 is sleeping
801 115 is sleeping
801 38 is thinking
801 36 is thinking
801 51 is thinking
801 48 is thinking
801 44 is thinking
801 42 is thinking
801 40 is thinking
801 41 is thinking
801 10 has taken a fork
802 4 has taken a fork
803 6 has taken a fork
804 108 is sleeping
804 8 has taken a fork
805 49 is thinking
806 50 is thinking
811 55 is thinking
812 117 is sleeping
812 57 is thinking
812 112 is sleeping
812 53 is thinking
812 12 has taken a fork
812 110 is sleeping
813 123 is sleeping
813 27 has taken a fork
813 119 is sleeping
814 13 has taken a fork
814 56 is thinking
814 63 is thinking
814 11 has taken a fork
814 61 is thinking
814 116 is sleeping
814 121 is sleeping
814 118 is sleeping
815 114 is sleeping
815 47 is thinking
815 125 is sleeping
815 122 is sleeping
815 26 has taken a fork
815 59 is thinking
815 120 is sleeping
816 31 has taken a fork
816 54 is thinking
817 14 has taken a fork
817 21 has taken a fork
817 18 has taken a fork
817 23 has taken a fork
817 25 has taken a fork
818 16 has taken a fork
818 126 is sleeping
818 124 is sleeping
818 127 is sleeping
819 20 has taken a fork
819 29 has taken a fork
819 24 has taken a fork
820 65 is thinking
820 67 is thinking
821 62 is thinking
821 19 is eating
821 128 is sleeping
821 35 has taken a fork
821 133 is sleeping
822 129 is sleeping
822 34 has taken a fork
822 132 is sleeping
822 37 has taken a fork
823 138 is sleeping
823 22 has taken a fork
823 32 has taken a fork
823 1 is eating
823 10 has taken a fork
823 52 is thinking
823 46 is thinking
823 131 is sleeping
824 30 has taken a fork
824 4 has taken a fork
824 137 is sleeping
824 135 is sleeping
824 130 is sleeping
824 134 is sleeping
825 45 has taken a fork
826 6 is eating
826 60 is thinking
826 8 has taken a fork
827 66 is thinking
827 136 is sleeping
827 58 is thinking
827 139 is sleeping
827 38 has taken a fork
827 141 is sleeping
827 36 has taken a fork
827 39 has taken a fork
827 33 has taken a fork
828 68 is thinking
828 43 has taken a fork
829 70 is thinking
829 143 is sleeping
830 51 has taken a fork
830 140 is sleeping
830 28 has taken a fork
830 48 has taken a fork
830 142 is sleeping
830 147 is sleeping
831 150 is sleeping
831 148 is sleeping
832 72 is thinking
832 71 is thinking
832 146 is sleeping
832 64 is thinking
832 149 is sleeping
832 151 is sleeping
832 144 is sleeping
832 44 has taken a fork
833 42 has taken a fork
833 40 has taken a fork
833 50 has taken a fork
833 49 has taken a fork
833 41 has taken a fork
834 55 has taken a fork
834 156 is sleeping
835 57 has taken a fork
835 53 has taken a fork
835 12 has taken a fork
835 159 is sleeping
836 155 is sleeping
836 73 is thinking
836 161 is sleeping
836 157 is sleeping
836 145 is sleeping
836 69 is thinking
836 27 has taken a fork
836 153 is sleeping
836 160 is sleeping
836 163 is sleeping
836 162 is sleeping
837 152 is sleeping
838 13 has taken a fork
838 154 is sleeping
838 56 has taken a fork
839 63 has taken a fork
840 11 has taken a fork
840 61 has taken a fork
840 158 is sleeping
841 47 has taken a fork
842 26 has taken a fork
842 59 has taken a fork
842 169 is sleeping
842 167 is sleeping
842 164 is sleeping
842 75 is thinking
842 31 has taken a fork
842 54 has taken a fork
842 166 is sleeping
842 165 is sleeping
843 168 is sleeping
844 14 has taken a fork
845 21 has taken a fork
845 18 has taken a fork
846 23 has taken a fork
846 25 has taken a fork
848 173 is sleeping
848 16 has taken a fork
848 20 has taken a fork
848 29 has taken a fork
848 24 has taken a fork
849 74 is thinking
849 175 is sleeping
849 79 is thinking
849 181 is sleeping
849 171 is sleeping
849 177 is sleeping
850 65 has taken a fork
850 81 is thinking
850 170 is sleeping
850 67 has taken a fork
850 62 has taken a fork
850 35 has taken a fork
850 179 is sleeping
850 176 is sleeping
850 185 is sleeping
851 172 is sleeping
851 174 is sleeping
851 34 has taken a fork
853 37 has taken a fork
853 183 is sleeping
853 180 is sleeping
855 22 has taken a fork
856 32 has taken a fork
857 10 is eating
857 52 has taken a fork
857 46 has taken a fork
857 178 is sleeping
857 30 has taken a fork
858 4 is eating
858 45 has taken a fork
858 78 is thinking
858 60 has taken a fork
858 8 is eating
858 66 has taken a fork
858 58 has taken a fork
858 38 has taken a fork
859 36 has taken a fork
859 39 has taken a fork
859 33 has taken a fork
859 68 has taken a fork
859 43 has taken a fork
859 70 has taken a fork
859 51 has taken a fork
859 28 has taken a fork
859 48 has taken a fork
860 76 is thinking
860 72 has taken a fork
860 71 has taken a fork
860 77 is thinking
861 80 is thinking
861 64 has taken a fork
861 44 has taken a fork
861 84 is thinking
861 89 is thinking
861 82 is thinking
861 85 is thinking
861 83 is thinking
861 42 has taken a fork
861 40 has taken a fork
862 50 has taken a fork
862 41 has taken a fork
862 49 has taken a fork
864 87 is thinking
864 91 is thinking
864 55 has taken a fork
865 57 has taken a fork
865 93 is thinking
865 88 is thinking
866 86 is thinking
866 53 has taken a fork
866 12 is eating
867 90 is thinking
867 73 has taken a fork
867 92 is thinking
867 69 has taken a fork
867 27 is eating
867 189 is sleeping
867 13 is eating
867 56 has taken a fork
867 94 is thinking
867 63 has taken a fork
868 11 is eating
868 61 has taken a fork
869 97 is thinking
869 47 has taken a fork
869 95 is thinking
869 26 is eating
869 59 has taken a fork
870 75 has taken a fork
870 31 is eating
870 54 has taken a fork
870 186 is sleeping
870 14 is eating
870 182 is sleeping
870 193 is sleeping
870 21 is eating
871 18 is eating
871 184 is sleeping
871 191 is sleeping
871 23 is eating
871 25 is eating
871 187 is sleeping
871 190 is sleeping
871 188 is sleeping
871 192 is sleeping
871 196 is sleeping
871 197 is sleeping
871 195 is sleeping
871 16 is eating
872 20 is eating
872 29 is eating
872 24 is eating
872 99 is thinking
872 74 has taken a fork
873 79 has taken a fork
873 198 is sleeping
873 194 is sleeping
873 65 has taken a fork
873 81 has taken a fork
873 67 has taken a fork
873 62 has taken a fork
874 35 is eating
874 96 is thinking
875 98 is thinking
875 34 is eating
875 37 is eating
875 22 is eating
875 32 is eating
875 52 has taken a fork
875 46 has taken a fork
875 30 is eating
875 45 is eating
876 78 has taken a fork
876 60 has taken a fork
876 66 has taken a fork
877 58 has taken a fork
877 38 is eating
877 36 is eating
877 39 is eating
877 33 is eating
878 68 has taken a fork
878 43 is eating
878 70 has taken a fork
878 51 is eating
878 28 is eating
878 48 is eating
879 76 has taken a fork
879 72 has taken a fork
879 71 has taken a fork
880 77 has taken a fork
880 80 has taken a fork
880 64 has taken a fork
881 101 is thinking
881 44 is eating
882 84 has taken a fork
884 89 has taken a fork
884 82 has taken a fork
885 85 has taken a fork
885 83 has taken a fork
885 42 is eating
885 40 is eating
885 7 is sleeping
885 50 is eating
885 41 is eating
886 49 is eating
889 107 is thinking
890 103 is thinking
892 105 is thinking
894 87 has taken a fork
894 91 has taken a fork
894 55 is eating
895 5 is sleeping
895 57 is eating
895 93 has taken a fork
896 88 has taken a fork
896 86 has taken a fork
897 53 is eating
897 90 has taken a fork
897 73 has taken a fork
898 92 has taken a fork
898 69 has taken a fork
898 56 is eating
898 63 is eating
899 94 has taken a fork
899 61 is eating
899 3 is sleeping
899 9 is sleeping
899 2 is sleeping
899 97 has taken a fork
900 95 has taken a fork
900 47 is eating
900 59 is eating
902 100 is thinking
902 75 has taken a fork
902 54 is eating
902 109 is thinking
902 15 is sleeping
902 99 has taken a fork
903 74 has taken a fork
903 79 has taken a fork
903 65 is eating
904 81 has taken a fork
904 67 is eating
904 62 is eating
906 104 is thinking
906 17 is sleeping
906 96 has taken a fork
907 98 has taken a fork
907 52 is eating
907 46 is eating
907 78 has taken a fork
907 60 is eating
907 66 is eating
908 58 is eating
908 68 is eating
908 70 is eating
908 76 has taken a fork
909 72 is eating
909 71 is eating
909 77 has taken a fork
909 80 has taken a fork
910 64 is eating
910 101 has taken a fork
910 84 has taken a fork
912 89 has taken a fork
913 102 is thinking
914 82 has taken a fork
914 85 has taken a fork
914 83 has taken a fork
916 106 is thinking
917 107 has taken a fork
918 103 has taken a fork
918 113 is thinking
918 105 has taken a fork
921 87 has taken a fork
922 91 has taken a fork
922 93 has taken a fork
924 88 has taken a fork
924 86 has taken a fork
924 90 has taken a fork
924 73 is eating
924 92 has taken a fork
925 69 is eating
925 94 has taken a fork
925 97 has taken a fork
926 95 has taken a fork
926 1 is sleeping
926 111 is thinking
927 115 is thinking
929 19 is sleeping
930 100 has taken a fork
931 75 is eating
931 109 has taken a fork
931 99 has taken a fork
931 74 is eating
931 79 is eating
932 108 is thinking
932 81 is eating
932 6 is sleeping
933 96 has taken a fork
933 98 has taken a fork
933 78 is eating
934 104 has taken a fork
935 76 is eating
935 77 is eating
935 80 is eating
935 101 has taken a fork
935 112 is thinking
935 117 is thinking
937 84 is eating
937 89 is eating
938 119 is thinking
938 110 is thinking
939 123 is thinking
940 102 has taken a fork
940 116 is thinking
940 121 is thinking
941 82 is eating
941 85 is eating
941 122 is thinking
941 114 is thinking
941 83 is eating
941 118 is thinking
942 120 is thinking
942 125 is thinking
943 106 has taken a fork
943 107 has taken a fork
944 126 is thinking
944 124 is thinking
945 103 has taken a fork
945 113 has taken a fork
945 105 has taken a fork
945 127 is thinking
946 128 is thinking
946 87 is eating
947 133 is thinking
947 132 is thinking
947 91 is eating
947 93 is eating
947 129 is thinking
948 131 is thinking
948 138 is thinking
948 10 is sleeping
948 88 is eating
949 135 is thinking
949 130 is thinking
949 137 is thinking
949 134 is thinking
949 86 is eating
949 90 is eating
949 92 is eating
950 4 is sleeping
950 8 is sleeping
950 94 is eating
951 97 is eating
951 95 is eating
951 111 has taken a fork
952 136 is thinking
952 115 has taken a fork
952 141 is thinking
952 139 is thinking
952 143 is thinking
952 142 is thinking
952 140 is thinking
952 147 is thinking
953 100 has taken a fork
953 148 is thinking
953 12 is sleeping
953 109 has taken a fork
953 99 is eating
953 144 is thinking
953 27 is sleeping
954 108 has taken a fork
954 151 is thinking
954 13 is sleeping
954 11 is sleeping
954 146 is thinking
954 149 is thinking
954 150 is thinking
954 96 is eating
954 98 is eating
954 104 has taken a fork
954 14 is sleeping
954 156 is thinking
955 26 is sleeping
955 31 is sleeping
955 23 is sleeping
955 21 is sleeping
955 25 is sleeping
955 18 is sleeping
956 16 is sleeping
956 159 is thinking
956 101 is eating
956 112 has taken a fork
956 20 is sleeping
956 145 is thinking
956 163 is thinking
956 29 is sleeping
957 161 is thinking
957 157 is thinking
957 162 is thinking
957 153 is thinking
957 160 is thinking
957 24 is sleeping
957 117 has taken a fork
957 155 is thinking
958 152 is thinking
958 35 is sleeping
958 154 is thinking
958 37 is sleeping
958 32 is sleeping
958 34 is sleeping
959 119 has taken a fork
959 22 is sleeping
959 110 has taken a fork
959 30 is sleeping
959 45 is sleeping
961 123 has taken a fork
961 158 is thinking
961 102 has taken a fork
962 116 has taken a fork
962 121 has taken a fork
962 33 is sleeping
962 39 is sleeping
962 38 is sleeping
963 122 has taken a fork
963 36 is sleeping
963 114 has taken a fork
963 118 has taken a fork
964 169 is thinking
964 164 is thinking
964 43 is sleeping
964 51 is sleeping
964 166 is thinking
964 120 has taken a fork
965 167 is thinking
965 28 is sleeping
965 165 is thinking
965 125 has taken a fork
966 168 is thinking
966 48 is sleeping
966 106 has taken a fork
967 107 is eating
967 126 has taken a fork
967 124 has taken a fork
967 103 is eating
967 113 has taken a fork
967 105 is eating
967 127 has taken a fork
967 128 has taken a fork
968 44 is sleeping
969 133 has taken a fork
969 132 has taken a fork
970 129 has taken a fork
970 50 is sleeping
970 131 has taken a fork
970 40 is sleeping
970 41 is sleeping
970 42 is sleeping
971 173 is thinking
971 138 has taken a fork
971 175 is thinking
972 135 has taken a fork
972 181 is thinking
972 171 is thinking
973 49 is sleeping
973 177 is thinking
973 130 has taken a fork
973 134 has taken a fork
973 137 has taken a fork
973 179 is thinking
974 176 is thinking
974 170 is thinking
974 172 is thinking
974 185 is thinking
974 174 is thinking
975 111 has taken a fork
975 136 has taken a fork
975 115 has taken a fork
976 141 has taken a fork
976 139 has taken a fork
976 143 has taken a fork
976 142 has taken a fork
976 140 has taken a fork
977 147 has taken a fork
977 55 is sleeping
977 180 is thinking
977 183 is thinking
978 100 is eating
978 148 has taken a fork
978 109 is eating
978 144 has taken a fork
978 57 is sleeping
978 108 has taken a fork
978 151 has taken a fork
978 146 has taken a fork
978 149 has taken a fork
979 150 has taken a fork
979 53 is sleeping
979 156 has taken a fork
979 63 is sleeping
980 104 is eating
980 56 is sleeping
980 159 has taken a fork
980 112 has taken a fork
981 145 has taken a fork
981 61 is sleeping
981 178 is thinking
981 163 has taken a fork
982 117 has taken a fork
982 59 is sleeping
982 47 is sleeping
982 161 has taken a fork
982 157 has taken a fork
983 54 is sleeping
983 119 has taken a fork
984 162 has taken a fork
984 110 has taken a fork
984 123 has taken a fork
985 102 is eating
986 65 is sleeping
987 153 has taken a fork
987 116 has taken a fork
987 121 has taken a fork
988 122 has taken a fork
988 67 is sleeping
989 160 has taken a fork
989 62 is sleeping
989 155 has taken a fork
989 114 has taken a fork
990 118 has taken a fork
991 120 has taken a fork
991 46 is sleeping
991 52 is sleeping
992 152 has taken a fork
994 154 has taken a fork
995 125 has taken a fork
995 106 is eating
995 189 is thinking
995 60 is sleeping
995 126 has taken a fork
995 158 has taken a fork
995 124 has taken a fork
995 66 is sleeping
995 113 is eating
996 169 has taken a fork
996 127 has taken a fork
996 128 has taken a fork
996 68 is sleeping
996 164 has taken a fork
996 58 is sleeping
996 166 has taken a fork
996 70 is sleeping
996 167 has taken a fork
996 133 has taken a fork
996 193 is thinking
996 186 is thinking
996 132 has taken a fork
996 129 has taken a fork
997 182 is thinking
997 131 has taken a fork
997 192 is thinking
997 196 is thinking
997 190 is thinking
998 64 is sleeping
998 187 is thinking
998 195 is thinking
998 197 is thinking
998 72 is sleeping
999 191 is thinking
1000 184 is thinking
1000 71 is sleeping
1001 188 is thinking
1001 165 has taken a fork
1001 168 has taken a fork
1001 173 has taken a fork
1002 138 has taken a fork
1002 135 has taken a fork
1002 198 is thinking
1003 194 is thinking
1003 130 has taken a fork
1004 134 has taken a fork
1004 137 has taken a fork
1004 111 is eating
1004 136 has taken a fork
1004 115 is eating
1004 141 has taken a fork
1004 139 has taken a fork
1005 143 has taken a fork
1005 142 has taken a fork
1005 140 has taken a fork
1006 147 has taken a fork
1006 148 has taken a fork
1006 144 has taken a fork
1006 108 is eating
1006 151 has taken a fork
1007 146 has taken a fork
1007 149 has taken a fork
1007 150 has taken a fork
1007 156 has taken a fork
1007 73 is sleeping
1007 175 has taken a fork
1007 159 has taken a fork
1008 112 is eating
1008 145 has taken a fork
1008 69 is sleeping
1008 181 has taken a fork
1008 163 has taken a fork
1008 117 is eating
1008 161 has taken a fork
1008 157 has taken a fork
1008 119 is eating
1008 162 has taken a fork
1009 110 is eating
1009 123 is eating
1009 7 is thinking
1009 75 is sleeping
1010 153 has taken a fork
1010 116 is eating
1010 121 is eating
1010 171 has taken a fork
1010 122 is eating
1010 160 has taken a fork
1010 155 has taken a fork
1011 114 is eating
1011 79 is sleeping
1012 74 is sleeping
1012 179 has taken a fork
1012 81 is sleeping
1014 176 has taken a fork
1015 118 is eating
1015 177 has taken a fork
1016 120 is eating
1016 152 has taken a fork
1017 154 has taken a fork
1018 125 is eating
1018 5 is thinking
1018 126 is eating
1018 158 has taken a fork
1019 124 is eating
1019 78 is sleeping
1020 170 has taken a fork
1020 169 has taken a fork
1020 127 is eating
1020 128 is eating
1020 164 has taken a fork
1020 166 has taken a fork
1021 167 has taken a fork
1021 133 is eating
1021 132 is eating
1022 129 is eating
1024 131 is eating
1024 77 is sleeping
1024 80 is sleeping
1026 185 has taken a fork
1026 76 is sleeping
1026 172 has taken a fork
1027 174 has taken a fork
1027 3 is thinking
1027 89 is sleeping
1027 84 is sleeping
1028 180 has taken a fork
1028 183 has taken a fork
1029 9 is thinking
1031 2 is thinking
1032 85 is sleeping
1032 83 is sleeping
1032 178 has taken a fork
1033 165 has taken a fork
1034 189 has taken a fork
1034 168 has taken a fork
1036 82 is sleeping
1037 193 has taken a fork
1040 173 has taken a fork
1040 15 is thinking
1040 138 is eating
1040 135 is eating
1041 130 is eating
1041 134 is eating
1041 137 is eating
1041 136 is eating
1042 141 is eating
1044 139 is eating
1046 143 is eating
1048 87 is sleeping
1049 142 is eating
1049 186 has taken a fork
1049 140 is eating
1050 93 is sleeping
1051 91 is sleeping
1051 147 is eating
1051 148 is eating
1051 17 is thinking
1052 144 is eating
1054 182 has taken a fork
1055 192 has taken a fork
1057 151 is eating
1057 146 is eating
1057 149 is eating
1057 150 is eating
1057 156 is eating
1058 88 is sleeping
1058 196 has taken a fork
1058 175 has taken a fork
1058 159 is eating
1058 90 is sleeping
1059 190 has taken a fork
1061 92 is sleeping
1061 86 is sleeping
1061 145 is eating
1063 187 has taken a fork
1064 195 has taken a fork
1065 181 has taken a fork
1065 163 is eating
1065 161 is eating
1065 157 is eating
1065 162 is eating
1065 94 is sleeping
1065 197 has taken a fork
1065 95 is sleeping
1066 191 has taken a fork
1066 97 is sleeping
1067 153 is eating
1068 184 has taken a fork
1068 171 has taken a fork
1068 160 is eating
1069 155 is eating
1069 179 has taken a fork
1069 99 is sleeping
1069 188 has taken a fork
1069 96 is sleeping
1069 198 has taken a fork
1069 176 has taken a fork
1069 98 is sleeping
1069 177 has taken a fork
1070 194 has taken a fork
1070 152 is eating
1071 154 is eating
1071 158 is eating
1071 7 has taken a fork
1072 101 is sleeping
1072 170 has taken a fork
1073 169 is eating
1073 164 is eating
1073 166 is eating
1073 167 is eating
1073 1 is thinking
1073 185 has taken a fork
1073 172 has taken a fork
1073 174 has taken a fork
1073 180 has taken a fork
1073 107 is sleeping
1073 5 has taken a fork
1074 183 has taken a fork
1074 19 is thinking
1074 103 is sleeping
1074 105 is sleeping
1075 3 has taken a fork
1075 9 has taken a fork
1075 6 is thinking
1075 178 has taken a fork
1075 165 is eating
1076 189 has taken a fork
1076 168 is eating
1078 193 has taken a fork
1078 109 is sleeping
1079 2 has taken a fork
1079 173 is eating
1079 100 is sleeping
1079 15 has taken a fork
1080 104 is sleeping
1081 10 is thinking
1082 186 has taken a fork
1082 8 is thinking
1082 4 is thinking
1083 102 is sleeping
1083 17 has taken a fork
1084 13 is thinking
1084 12 is thinking
1086 11 is thinking
1086 27 is thinking
1087 14 is thinking
1088 182 has taken a fork
1088 21 is thinking
1088 23 is thinking
1088 192 has taken a fork
1089 18 is thinking
1089 31 is thinking
1089 26 is thinking
1090 25 is thinking
1090 20 is thinking
1090 29 is thinking
1091 16 is thinking
1091 24 is thinking
1091 106 is sleeping
1091 113 is sleeping
1091 35 is thinking
1091 34 is thinking
1091 32 is thinking
1092 196 has taken a fork
1093 37 is thinking
1093 175 is eating
1093 22 is thinking
1094 45 is thinking
1094 190 has taken a fork
1095 30 is thinking
1095 38 is thinking
1095 39 is thinking
1095 33 is thinking
1095 36 is thinking
1096 187 has taken a fork
1096 51 is thinking
1096 195 has taken a fork
1096 43 is thinking
1096 181 is eating
1096 28 is thinking
1096 197 has taken a fork
1096 111 is sleeping
1096 115 is sleeping
1097 191 has taken a fork
1097 48 is thinking
1097 44 is thinking
1097 184 has taken a fork
1098 171 is eating
1098 108 is sleeping
1098 179 is eating
1098 188 has taken a fork
1098 198 has taken a fork
1098 176 is eating
1098 177 is eating
1098 41 is thinking
1098 50 is thinking
1098 40 is thinking
1099 194 has taken a fork
1099 42 is thinking
1099 7 has taken a fork
1099 117 is sleeping
1099 112 is sleeping
1099 170 is eating
1099 119 is sleeping
1099 49 is thinking
1099 1 has taken a fork
1099 185 is eating
1100 172 is eating
1101 174 is eating
1101 180 is eating
1101 5 has taken a fork
1102 110 is sleeping
1103 183 is eating
1103 123 is sleeping
1104 19 has taken a fork
1105 121 is sleeping
1105 116 is sleeping
1107 3 has taken a fork
1108 9 has taken a fork
1108 6 has taken a fork
1108 178 is eating
1108 122 is sleeping
1108 114 is sleeping
1108 189 is eating
1108 57 is thinking
1108 55 is thinking
1109 193 is eating
1109 53 is thinking
1109 63 is thinking
1109 118 is sleeping
1109 120 is sleeping
1109 2 has taken a fork
1109 15 has taken a fork
1109 56 is thinking
1109 125 is sleeping
1109 126 is sleeping
1109 61 is thinking
1109 10 has taken a fork
1110 47 is thinking
1111 124 is sleeping
1111 59 is thinking
1111 186 is eating
1111 8 has taken a fork
1111 4 has taken a fork
1111 128 is sleeping
1111 54 is thinking
1111 127 is sleeping
1111 17 has taken a fork
1112 132 is sleeping
1112 13 has taken a fork
1112 12 has taken a fork
1112 133 is sleeping
1112 129 is sleeping
1112 131 is sleeping
1112 65 is thinking
1112 11 has taken a fork
1112 27 has taken a fork
1112 14 has taken a fork
1113 67 is thinking
1113 182 is eating
1113 21 has taken a fork
1113 23 has taken a fork
1113 192 is eating
1113 62 is thinking
1113 18 has taken a fork
1114 31 has taken a fork
1114 26 has taken a fork
1114 25 has taken a fork
1114 20 has taken a fork
1114 29 has taken a fork
1114 46 is thinking
1114 52 is thinking
1114 16 has taken a fork
1114 24 has taken a fork
1114 35 has taken a fork
1114 34 has taken a fork
1115 32 has taken a fork
1115 196 is eating
1115 37 has taken a fork
1115 22 has taken a fork
1115 138 is sleeping
1115 45 has taken a fork
1115 190 is eating
1115 130 is sleeping
1115 134 is sleeping
1115 66 is thinking
1115 30 has taken a fork
1115 137 is sleeping
1115 60 is thinking
1115 135 is sleeping
1116 38 has taken a fork
1116 39 has taken a fork
1116 33 has taken a fork
1116 58 is thinking
1117 70 is thinking
1117 68 is thinking
1117 187 is eating
1117 195 is eating
1117 197 is eating
1118 136 is sleeping
1118 36 has taken a fork
1118 141 is sleeping
1118 191 is eating
1118 51 has taken a fork
1118 184 is eating
1118 139 is sleeping
1118 64 is thinking
1118 43 has taken a fork
1119 188 is eating
1119 198 is eating
1119 143 is sleeping
1120 72 is thinking
1120 194 is eating
1120 28 has taken a fork
1120 7 is eating
1121 1 has taken a fork
1121 71 is thinking
1121 140 is sleeping
1122 48 has taken a fork
1122 142 is sleeping
1122 44 has taken a fork
1122 5 is eating
1123 148 is sleeping
1124 41 has taken a fork
1124 147 is sleeping
1124 50 has taken a fork
1124 144 is sleeping
1124 40 has taken a fork
1124 19 has taken a fork
1124 156 is sleeping
1124 146 is sleeping
1124 150 is sleeping
1125 49 has taken a fork
1125 149 is sleeping
1125 159 is sleeping
1125 73 is thinking
1125 3 is eating
1125 151 is sleeping
1125 42 has taken a fork
1125 9 is eating
1125 69 is thinking
1125 6 has taken a fork
1125 57 has taken a fork
1125 55 has taken a fork
1125 75 is thinking
1126 145 is sleeping
1126 53 has taken a fork
1126 63 has taken a fork
1126 2 is eating
1126 15 is eating
1126 56 has taken a fork
1126 10 has taken a fork
1126 79 is thinking
1127 163 is sleeping
1127 61 has taken a fork
1127 8 has taken a fork
1127 4 has taken a fork
1127 17 is eating
1127 161 is sleeping
1127 47 has taken a fork
1127 157 is sleeping
1128 59 has taken a fork
1128 162 is sleeping
1128 54 has taken a fork
1129 81 is thinking
1129 74 is thinking
1130 13 has taken a fork
1130 12 has taken a fork
1130 27 has taken a fork
1131 11 has taken a fork
1131 14 has taken a fork
1131 21 has taken a fork
1131 23 has taken a fork
1131 31 has taken a fork
1131 18 has taken a fork
1131 26 has taken a fork
1131 25 has taken a fork
1133 20 has taken a fork
1135 29 has taken a fork
1135 16 has taken a fork
1135 24 has taken a fork
1135 35 has taken a fork
1136 34 has taken a fork
1136 153 is sleeping
1137 32 has taken a fork
1137 65 has taken a fork
1137 37 has taken a fork
1137 22 has taken a fork
1138 45 has taken a fork
1138 30 has taken a fork
1138 160 is sleeping
1139 67 has taken a fork
1139 155 is sleeping
1140 38 has taken a fork
1140 62 has taken a fork
1140 39 has taken a fork
1140 33 has taken a fork
1140 36 has taken a fork
1140 154 is sleeping
1140 152 is sleeping
1140 46 has taken a fork
1140 52 has taken a fork
1140 51 has taken a fork
1140 43 has taken a fork
1140 158 is sleeping
1140 66 has taken a fork
1140 78 is thinking
1140 169 is sleeping
1140 60 has taken a fork
1140 28 has taken a fork
1140 166 is sleeping
1140 58 has taken a fork
1140 164 is sleeping
1140 1 is eating
1140 167 is sleeping
1141 70 has taken a fork
1141 68 has taken a fork
1141 48 has taken a fork
1142 44 has taken a fork
1142 168 is sleeping
1143 80 is thinking
1143 77 is thinking
1144 64 has taken a fork
1144 165 is sleeping
1145 41 has taken a fork
1145 72 has taken a fork
1145 50 has taken a fork
1145 40 has taken a fork
1145 19 is eating
1145 49 has taken a fork
1146 173 is sleeping
1146 71 has taken a fork
1146 42 has taken a fork
1147 6 is eating
1147 57 has taken a fork
1147 55 has taken a fork
1148 53 has taken a fork
1148 63 has taken a fork
1149 76 is thinking
1149 56 has taken a fork
1149 10 is eating
1149 84 is thinking
1149 89 is thinking
1149 61 has taken a fork
1150 8 is eating
1150 4 is eating
1150 47 has taken a fork
1151 59 has taken a fork
1151 54 has taken a fork
1151 13 is eating
1152 12 is eating
1152 27 is eating
1152 11 is eating
1152 14 is eating
1153 21 is eating
1153 23 is eating
1154 31 is eating
1154 18 is eating
1154 26 is eating
1154 25 is eating
1154 83 is thinking
1154 85 is thinking
1154 20 is eating
1155 29 is eating
1155 16 is eating
1155 24 is eating
1155 35 is eating
1155 34 is eating
1155 82 is thinking
1155 32 is eating
1155 65 has taken a fork
1156 175 is sleeping
1157 73 has taken a fork
1157 37 is eating
1157 22 is eating
1157 45 is eating
1157 30 is eating
1158 67 has taken a fork
1158 181 is sleeping
1158 69 has taken a fork
1158 38 is eating
1158 62 has taken a fork
1158 39 is eating
1158 33 is eating
1158 36 is eating
1158 46 has taken a fork
1158 52 has taken a fork
1158 51 is eating
1159 43 is eating
1159 66 has taken a fork
1159 60 has taken a fork
1160 28 is eating
1160 58 has taken a fork
1160 70 has taken a fork
1160 68 has taken a fork
1161 48 is eating
1161 44 is eating
1161 171 is sleeping
1161 75 has taken a fork
1162 64 has taken a fork
1162 179 is sleeping
1162 79 has taken a fork
1162 176 is sleeping
1162 177 is sleeping
1163 41 is eating
1163 72 has taken a fork
1163 50 is eating
1163 40 is eating
1164 81 has taken a fork
1167 74 has taken a fork
1167 49 is eating
1167 71 has taken a fork
1167 42 is eating
1167 57 is eating
1167 55 is eating
1167 87 is thinking
1167 53 is eating
1167 170 is sleeping
1168 63 is eating
1168 185 is sleeping
1169 78 has taken a fork
1170 172 is sleeping
1170 56 is eating
1171 80 has taken a fork
1173 77 has taken a fork
1174 61 is eating
1174 174 is sleeping
1174 76 has taken a fork
1175 93 is thinking
1175 180 is sleeping
1176 84 has taken a fork
1176 47 is eating
1176 183 is sleeping
1177 59 is eating
1177 91 is thinking
1178 89 has taken a fork
1178 54 is eating
1178 178 is sleeping
1180 83 has taken a fork
1181 189 is sleeping
1181 65 is eating
1181 85 has taken a fork
1182 82 has taken a fork
1182 193 is sleeping
1182 73 has taken a fork
1182 67 is eating
1182 90 is thinking
1182 186 is sleeping
1182 88 is thinking
1183 62 is eating
1183 46 is eating
1184 52 is eating
1184 69 has taken a fork
1184 66 is eating
1184 60 is eating
1184 192 is sleeping
1185 58 is eating
1186 182 is sleeping
1186 70 is eating
1186 68 is eating
1187 92 is thinking
1187 86 is thinking
1187 196 is sleeping
1187 75 has taken a fork
1187 190 is sleeping
1187 64 is eating
1187 79 has taken a fork
1188 72 is eating
1188 195 is sleeping
1188 187 is sleeping
1188 184 is sleeping
1189 197 is sleeping
1190 191 is sleeping
1191 81 has taken a fork
1193 95 is thinking
1195 94 is thinking
1196 97 is thinking
1196 198 is sleeping
1196 74 has taken a fork
1197 71 is eating
1197 188 is sleeping
1197 87 has taken a fork
1197 194 is sleeping
1198 98 is thinking
1198 96 is thinking
1198 99 is thinking
1199 78 has taken a fork
1200 7 is sleeping
1201 80 has taken a fork
1201 101 is thinking
1201 107 is thinking
1201 77 has taken a fork
1202 103 is thinking
1202 105 is thinking
1202 76 has taken a fork
1203 5 is sleeping
1204 93 has taken a fork
1204 84 has taken a fork
1205 109 is thinking
1205 91 has taken a fork
1205 89 has taken a fork
1206 100 is thinking
1206 3 is sleeping
1206 9 is sleeping
1208 83 has taken a fork
1208 104 is thinking
1208 85 has taken a fork
1208 82 has taken a fork
1209 73 is eating
1209 90 has taken a fork
1209 88 has taken a fork
1210 102 is thinking
1210 15 is sleeping
1210 2 is sleeping
1210 69 is eating
1210 92 has taken a fork
1211 86 has taken a fork
1211 75 is eating
1211 79 is eating
1211 17 is sleeping
1211 106 is thinking
1212 113 is thinking
1212 81 is eating
1212 95 has taken a fork
1212 94 has taken a fork
1213 97 has taken a fork
1213 111 is thinking
1213 115 is thinking
1213 87 has taken a fork
1213 74 is eating
1213 98 has taken a fork
1214 96 has taken a fork
1214 108 is thinking
1214 99 has taken a fork
1214 119 is thinking
1214 112 is thinking
1215 117 is thinking
1216 78 is eating
1216 80 is eating
1216 101 has taken a fork
1217 107 has taken a fork
1217 77 is eating
1218 103 has taken a fork
1218 105 has taken a fork
1218 110 is thinking
1218 76 is eating
1218 123 is thinking
1219 93 has taken a fork
1219 84 is eating
1219 121 is thinking
1220 109 has taken a fork
1220 116 is thinking
1220 91 has taken a fork
1220 89 is eating
1220 100 has taken a fork
1220 1 is sleeping
1220 114 is thinking
1221 83 is eating
1221 122 is thinking
1221 104 has taken a fork
1221 85 is eating
1221 82 is eating
1221 118 is thinking
1221 126 is thinking
1221 120 is thinking
1221 90 has taken a fork
1222 88 has taken a fork
1222 125 is thinking
1222 19 is sleeping
1222 102 has taken a fork
1222 92 has taken a fork
1222 128 is thinking
1222 127 is thinking
1223 86 has taken a fork
1223 124 is thinking
1223 6 is sleeping
1223 131 is thinking
1223 133 is thinking
1223 132 is thinking
1223 106 has taken a fork
1223 129 is thinking
1223 113 has taken a fork
1224 95 has taken a fork
1224 94 has taken a fork
1224 97 has taken a fork
1224 87 is eating
1224 98 has taken a fork
1224 96 has taken a fork
1224 99 has taken a fork
1224 137 is thinking
1224 134 is thinking
1224 138 is thinking
1224 130 is thinking
1224 135 is thinking
1224 10 is sleeping
1225 111 has taken a fork
1225 8 is sleeping
1225 115 has taken a fork
1226 4 is sleeping
1226 108 has taken a fork
1226 101 has taken a fork
1226 107 has taken a fork
1226 139 is thinking
1226 12 is sleeping
1226 119 has taken a fork
1226 141 is thinking
1226 13 is sleeping
1226 136 is thinking
1226 112 has taken a fork
1227 103 has taken a fork
1227 105 has taken a fork
1227 11 is sleeping
1227 117 has taken a fork
1227 143 is thinking
1227 93 is eating
1227 27 is sleeping
1227 110 has taken a fork
1227 109 has taken a fork
1228 14 is sleeping
1228 123 has taken a fork
1229 91 is eating
1229 100 has taken a fork
1229 140 is thinking
1229 23 is sleeping
1230 121 has taken a fork
1230 104 has taken a fork
1230 116 has taken a fork
1230 90 is eating
1230 88 is eating
1230 26 is sleeping
1230 21 is sleeping
1230 20 is sleeping
1230 122 has taken a fork
1230 18 is sleeping
1230 25 is sleeping
1230 31 is sleeping
1231 126 has taken a fork
1231 114 has taken a fork
1231 142 is thinking
1231 118 has taken a fork
1231 120 has taken a fork
1231 102 has taken a fork
1231 92 is eating
1231 32 is sleeping
1232 125 has taken a fork
1232 86 is eating
1232 16 is sleeping
1232 128 has taken a fork
1232 148 is thinking
1232 106 has taken a fork
1232 113 has taken a fork
1232 24 is sleeping
1233 29 is sleeping
1233 35 is sleeping
1233 34 is sleeping
1234 147 is thinking
1234 146 is thinking
1234 150 is thinking
1234 144 is thinking
1234 95 is eating
1234 94 is eating
1234 127 has taken a fork
1234 124 has taken a fork
1234 156 is thinking
1234 131 has taken a fork
1234 97 is eating
1235 98 is eating
1235 133 has taken a fork
1235 96 is eating
1235 99 is eating
1235 149 is thinking
1235 111 has taken a fork
1235 22 is sleeping
1235 37 is sleeping
1235 151 is thinking
1236 159 is thinking
1236 129 has taken a fork
1236 132 has taken a fork
1236 115 has taken a fork
1236 145 is thinking
1236 30 is sleeping
1236 137 has taken a fork
1236 108 has taken a fork
1236 101 is eating
1236 107 is eating
1236 119 has taken a fork
1236 45 is sleeping
1236 134 has taken a fork
1236 112 has taken a fork
1236 33 is sleeping
1236 138 has taken a fork
1236 163 is thinking
1237 38 is sleeping
1237 103 is eating
1237 157 is thinking
1237 105 is eating
1237 161 is thinking
1237 39 is sleeping
1238 130 has taken a fork
1238 135 has taken a fork
1238 117 has taken a fork
1239 110 has taken a fork
1239 109 is eating
1239 36 is sleeping
1239 162 is thinking
1240 51 is sleeping
1240 141 has taken a fork
1240 139 has taken a fork
1240 123 has taken a fork
1240 43 is sleeping
1240 136 has taken a fork
1241 100 is eating
1241 121 has taken a fork
1241 104 is eating
1242 116 has taken a fork
1242 28 is sleeping
1242 143 has taken a fork
1242 122 has taken a fork
1242 44 is sleeping
1242 48 is sleeping
1243 140 has taken a fork
1243 126 has taken a fork
1243 114 has taken a fork
1243 142 has taken a fork
1243 118 has taken a fork
1243 120 has taken a fork
1243 102 is eating
1243 125 has taken a fork
1243 128 has taken a fork
1245 106 is eating
1245 113 is eating
1245 40 is sleeping
1245 50 is sleeping
1245 148 has taken a fork
1245 41 is sleeping
1246 147 has taken a fork
1246 146 has taken a fork
1246 127 has taken a fork
1246 124 has taken a fork
1247 131 has taken a fork
1247 133 has taken a fork
1247 111 is eating
1247 129 has taken a fork
1247 132 has taken a fork
1247 115 is eating
1247 137 has taken a fork
1247 108 is eating
1248 153 is thinking
1249 119 is eating
1249 134 has taken a fork
1249 112 is eating
1249 138 has taken a fork
1249 49 is sleeping
1249 150 has taken a fork
1249 53 is sleeping
1249 55 is sleeping
1249 42 is sleeping
1249 57 is sleeping
1249 130 has taken a fork
1249 144 has taken a fork
1249 156 has taken a fork
1249 151 has taken a fork
1249 135 has taken a fork
1250 160 is thinking
1250 149 has taken a fork
1250 117 is eating
1250 110 is eating
1250 63 is sleeping
1250 159 has taken a fork
1250 155 is thinking
1250 169 is thinking
1250 154 is thinking
1250 166 is thinking
1251 167 is thinking
1251 56 is sleeping
1251 145 has taken a fork
1251 141 has taken a fork
1251 139 has taken a fork
1251 152 is thinking
1251 164 is thinking
1251 158 is thinking
1251 123 is eating
1251 136 has taken a fork
1251 121 is eating
1251 168 is thinking
1251 116 is eating
1251 143 has taken a fork
1251 122 is eating
1251 140 has taken a fork
1251 126 is eating
1251 114 is eating
1251 61 is sleeping
1251 163 has taken a fork
1252 142 has taken a fork
1252 118 is eating
1252 120 is eating
1253 125 is eating
1253 128 is eating
1253 59 is sleeping
1253 157 has taken a fork
1253 54 is sleeping
1254 165 is thinking
1254 47 is sleeping
1255 161 has taken a fork
1255 162 has taken a fork
1255 148 has taken a fork
1255 173 is thinking
1256 147 has taken a fork
1256 146 has taken a fork
1256 127 is eating
1256 124 is eating
1256 131 is eating
1257 133 is eating
1257 129 is eating
1258 132 is eating
1258 137 is eating
1258 65 is sleeping
1258 67 is sleeping
1258 134 is eating
1259 153 has taken a fork
1259 138 is eating
1260 150 has taken a fork
1260 130 is eating
1260 144 has taken a fork
1260 156 has taken a fork
1260 151 has taken a fork
1260 135 is eating
1260 160 has taken a fork
1260 149 has taken a fork
1260 62 is sleeping
1260 159 has taken a fork
1260 155 has taken a fork
1260 52 is sleeping
1260 46 is sleeping
1260 169 has taken a fork
1260 154 has taken a fork
1261 145 has taken a fork
1261 141 is eating
1262 139 is eating
1262 136 is eating
1262 143 is eating
1262 140 is eating
1262 163 has taken a fork
1262 142 is eating
1263 66 is sleeping
1263 166 has taken a fork
1263 60 is sleeping
1263 167 has taken a fork
1263 58 is sleeping
1263 157 has taken a fork
1264 152 has taken a fork
1264 68 is sleeping
1266 70 is sleeping
1267 164 has taken a fork
1267 158 has taken a fork
1268 161 has taken a fork
1268 162 has taken a fork
1269 148 is eating
1269 72 is sleeping
1269 64 is sleeping
1270 147 is eating
1270 175 is thinking
1270 146 is eating
1271 168 has taken a fork
1271 165 has taken a fork
1271 181 is thinking
1271 153 has taken a fork
1272 150 is eating
1272 144 is eating
1273 156 is eating
1273 151 is eating
1274 160 has taken a fork
1274 149 is eating
1274 159 is eating
1275 155 has taken a fork
1275 169 has taken a fork
1275 154 has taken a fork
1275 71 is sleeping
1275 173 has taken a fork
1275 145 is eating
1275 171 is thinking
1275 176 is thinking
1275 177 is thinking
1276 179 is thinking
1276 163 is eating
1277 166 has taken a fork
1277 167 has taken a fork
1277 157 is eating
1277 152 has taken a fork
1277 170 is thinking
1278 164 has taken a fork
1280 158 has taken a fork
1280 185 is thinking
1281 161 is eating
1283 162 is eating
1283 172 is thinking
1284 168 has taken a fork
1285 165 has taken a fork
1287 153 is eating
1288 73 is sleeping
1288 175 has taken a fork
1290 160 is eating
1291 174 is thinking
1291 180 is thinking
1291 155 is eating
1291 169 is eating
1291 154 is eating
1292 173 has taken a fork
1292 69 is sleeping
1292 181 has taken a fork
1292 183 is thinking
1292 75 is sleeping
1292 166 is eating
1292 167 is eating
1293 152 is eating
1293 171 has taken a fork
1293 79 is sleeping
1293 178 is thinking
1293 176 has taken a fork
1293 164 is eating
1293 158 is eating
1294 81 is sleeping
1295 74 is sleeping
1296 177 has taken a fork
1296 189 is thinking
1296 179 has taken a fork
1296 193 is thinking
1296 186 is thinking
1298 77 is sleeping
1299 80 is sleeping
1299 78 is sleeping
1299 170 has taken a fork
1299 185 has taken a fork
1299 172 has taken a fork
1300 168 is eating
1301 76 is sleeping
1301 192 is thinking
1303 165 is eating
1304 84 is sleeping
1304 89 is sleeping
1304 182 is thinking
1304 190 is thinking
1305 196 is thinking
1305 82 is sleeping
1305 195 is thinking
1306 187 is thinking
1306 85 is sleeping
1306 175 has taken a fork
1306 184 is thinking
1306 197 is thinking
1307 191 is thinking
1307 83 is sleeping
1307 174 has taken a fork
1307 180 has taken a fork
1307 173 is eating
1307 181 has taken a fork
1308 183 has taken a fork
1308 171 has taken a fork
1310 178 has taken a fork
1310 176 has taken a fork
1311 198 is thinking
1311 87 is sleeping
1311 177 has taken a fork
1311 189 has taken a fork
1311 179 has taken a fork
1312 193 has taken a fork
1312 186 has taken a fork
1313 188 is thinking
1313 194 is thinking
1313 170 has taken a fork
1313 185 has taken a fork
1313 172 has taken a fork
1315 7 is thinking
1316 93 is sleeping
1316 192 has taken a fork
1316 5 is thinking
1317 91 is sleeping
1317 182 has taken a fork
1317 3 is thinking
1317 190 has taken a fork
1318 90 is sleeping
1318 88 is sleeping
1318 196 has taken a fork
1318 175 is eating
1318 9 is thinking
1318 174 has taken a fork
1318 180 has taken a fork
1319 181 is eating
1320 183 has taken a fork
1321 171 is eating
1321 92 is sleeping
1322 195 has taken a fork
1322 2 is thinking
1322 86 is sleeping
1323 15 is thinking
1323 187 has taken a fork
1324 178 has taken a fork
1325 176 is eating
1325 177 is eating
1327 17 is thinking
1327 189 has taken a fork
1328 179 is eating
1329 193 has taken a fork
1329 186 has taken a fork
1329 170 is eating
1329 185 is eating
1329 172 is eating
1329 95 is sleeping
1329 184 has taken a fork
1330 97 is sleeping
1330 94 is sleeping
1330 197 has taken a fork
1330 191 has taken a fork
1331 192 has taken a fork
1331 98 is sleeping
1331 99 is sleeping
1331 96 is sleeping
1331 194 has taken a fork
1331 188 has taken a fork
1332 198 has taken a fork
1332 182 has taken a fork
1332 190 has taken a fork
1332 196 has taken a fork
1332 174 is eating
1333 180 is eating
1333 101 is sleeping
1333 107 is sleeping
1336 5 has taken a fork
1337 1 is thinking
1337 105 is sleeping
1337 103 is sleeping
1337 3 has taken a fork
1339 9 has taken a fork
1340 7 has taken a fork
1342 183 is eating
1342 19 is thinking
1342 195 has taken a fork
1342 109 is sleeping
1342 2 has taken a fork
1342 6 is thinking
1342 187 has taken a fork
1343 100 is sleeping
1343 10 is thinking
1343 178 is eating
1344 8 is thinking
1344 104 is sleeping
1344 12 is thinking
1344 4 is thinking
1344 13 is thinking
1344 15 has taken a fork
1347 27 is thinking
1347 17 has taken a fork
1347 102 is sleeping
1348 11 is thinking
1348 189 is eating
1348 14 is thinking
1348 193 is eating
1348 186 is eating
1348 113 is sleeping
1349 184 has taken a fork
1351 106 is sleeping
1351 23 is thinking
1351 26 is thinking
1351 18 is thinking
1351 25 is thinking
1351 31 is thinking
1351 21 is thinking
1351 20 is thinking
1352 197 has taken a fork
1352 191 has taken a fork
1352 192 is eating
1352 111 is sleeping
1352 194 has taken a fork
1353 32 is thinking
1353 188 has taken a fork
1353 198 has taken a fork
1353 16 is thinking
1354 108 is sleeping
1354 182 is eating
1354 190 is eating
1355 196 is eating
1355 29 is thinking
1356 34 is thinking
1356 115 is sleeping
1357 35 is thinking
1357 24 is thinking
1357 112 is sleeping
1357 37 is thinking
1357 119 is sleeping
1357 110 is sleeping
1357 117 is sleeping
1358 22 is thinking
1358 121 is sleeping
1358 33 is thinking
1358 45 is thinking
1358 123 is sleeping
1358 5 has taken a fork
1358 116 is sleeping
1358 30 is thinking
1358 1 has taken a fork
1359 39 is thinking
1359 122 is sleeping
1359 120 is sleeping
1359 3 has taken a fork
1359 118 is sleeping
1359 114 is sleeping
1359 38 is thinking
1359 126 is sleeping
1360 125 is sleeping
1360 128 is sleeping
1360 36 is thinking
1360 9 has taken a fork
1360 51 is thinking
1360 43 is thinking
1360 131 is sleeping
1360 124 is sleeping
1360 127 is sleeping
1360 7 has taken a fork
1360 129 is sleeping
1360 133 is sleeping
1360 134 is sleeping
1360 137 is sleeping
1360 44 is thinking
1360 28 is thinking
1360 48 is thinking
1361 19 has taken a fork
1361 195 is eating
1361 2 has taken a fork
1361 132 is sleeping
1361 6 has taken a fork
1361 187 is eating
1361 138 is sleeping
1361 10 has taken a fork
1361 130 is sleeping
1361 8 has taken a fork
1361 12 has taken a fork
1361 135 is sleeping
1361 4 has taken a fork
1362 13 has taken a fork
1362 15 has taken a fork
1362 141 is sleeping
1362 40 is thinking
1362 139 is sleeping
1362 50 is thinking
1363 143 is sleeping
1363 136 is sleeping
1363 140 is sleeping
1363 142 is sleeping
1363 27 has taken a fork
1363 41 is thinking
1363 17 has taken a fork
1363 11 has taken a fork
1363 14 has taken a fork
1363 49 is thinking
1363 57 is thinking
1363 53 is thinking
1363 184 is eating
1363 55 is thinking
1363 42 is thinking
1364 63 is thinking
1364 56 is thinking
1364 61 is thinking
1364 148 is sleeping
1364 23 has taken a fork
1365 26 has taken a fork
1365 18 has taken a fork
1365 25 has taken a fork
1365 31 has taken a fork
1365 21 has taken a fork
1365 20 has taken a fork
1365 197 is eating
1365 191 is eating
1365 147 is sleeping
1366 146 is sleeping
1366 194 is eating
1366 54 is thinking
1366 59 is thinking
1367 188 is eating
1367 198 is eating
1367 16 has taken a fork
1367 47 is thinking
1367 150 is sleeping
1367 29 has taken a fork
1367 144 is sleeping
1367 151 is sleeping
1367 156 is sleeping
1367 149 is sleeping
1368 34 has taken a fork
1368 32 has taken a fork
1368 35 has taken a fork
1368 159 is sleeping
1368 24 has taken a fork
1368 37 has taken a fork
1369 145 is sleeping
1369 67 is thinking
1369 65 is thinking
1370 22 has taken a fork
1370 33 has taken a fork
1371 45 has taken a fork
1371 5 is eating
1371 1 has taken a fork
1371 30 has taken a fork
1371 39 has taken a fork
1371 3 is eating
1371 38 has taken a fork
1371 163 is sleeping
1372 36 has taken a fork
1372 9 is eating
1372 51 has taken a fork
1373 52 is thinking
1373 62 is thinking
1373 43 has taken a fork
1373 46 is thinking
1373 7 is eating
1373 44 has taken a fork
1373 28 has taken a fork
1373 48 has taken a fork
1373 19 has taken a fork
1373 2 is eating
1373 6 has taken a fork
1374 10 has taken a fork
1374 8 has taken a fork
1374 157 is sleeping
1374 12 has taken a fork
1374 4 has taken a fork
1374 13 has taken a fork
1374 15 is eating
1374 40 has taken a fork
1374 50 has taken a fork
1374 27 has taken a fork
1375 58 is thinking
1375 60 is thinking
1375 41 has taken a fork
1375 17 is eating
1375 161 is sleeping
1375 66 is thinking
1375 11 has taken a fork
1375 14 has taken a fork
1375 49 has taken a fork
1375 57 has taken a fork
1376 53 has taken a fork
1376 55 has taken a fork
1376 42 has taken a fork
1376 162 is sleeping
1376 68 is thinking
1376 56 has taken a fork
1376 63 has taken a fork
1376 61 has taken a fork
1377 23 has taken a fork
1377 26 has taken a fork
1378 18 has taken a fork
1378 25 has taken a fork
1378 31 has taken a fork
1378 21 has taken a fork
1378 20 has taken a fork
1378 70 is thinking
1379 54 has taken a fork
1379 59 has taken a fork
1379 16 has taken a fork
1379 47 has taken a fork
1379 29 has taken a fork
1379 34 has taken a fork
1379 32 has taken a fork
1379 35 has taken a fork
1380 153 is sleeping
1380 37 has taken a fork
1380 24 has taken a fork
1381 72 is thinking
1381 64 is thinking
1381 67 has taken a fork
1381 22 has taken a fork
1381 33 has taken a fork
1381 169 is sleeping
1381 155 is sleeping
1381 65 has taken a fork
1381 45 has taken a fork
1381 160 is sleeping
1381 1 is eating
1382 30 has taken a fork
1382 39 has taken a fork
1382 38 has taken a fork
1382 166 is sleeping
1382 36 has taken a fork
1383 167 is sleeping
1383 154 is sleeping
1383 51 has taken a fork
1383 52 has taken a fork
1383 152 is sleeping
1384 62 has taken a fork
1384 43 has taken a fork
1384 46 has taken a fork
1384 44 has taken a fork
1384 28 has taken a fork
1384 48 has taken a fork
1384 19 is eating
1384 6 is eating
1384 10 is eating
1384 8 is eating
1385 164 is sleeping
1385 158 is sleeping
1385 12 is eating
1385 4 is eating
1385 13 is eating
1386 40 has taken a fork
1386 50 has taken a fork
1386 27 is eating
1386 58 has taken a fork
1386 60 has taken a fork
1386 41 has taken a fork
1387 71 is thinking
1387 66 has taken a fork
1387 11 is eating
1387 14 is eating
1387 49 has taken a fork
1387 57 has taken a fork
1387 53 has taken a fork
1387 55 has taken a fork
1387 42 has taken a fork
1387 68 has taken a fork
1387 56 has taken a fork
1387 63 has taken a fork
1387 61 has taken a fork
1387 23 is eating
1387 26 is eating
1387 168 is sleeping
1388 18 is eating
1388 25 is eating
1388 31 is eating
1389 21 is eating
1389 20 is eating
1389 70 has taken a fork
1390 54 has taken a fork
1391 59 has taken a fork
1391 16 is eating
1392 47 has taken a fork
1392 29 is eating
1393 34 is eating
1393 32 is eating
1394 35 is eating
1394 165 is sleeping
1394 37 is eating
1394 24 is eating
1394 72 has taken a fork
1394 64 has taken a fork
1394 67 has taken a fork
1395 22 is eating
1395 33 is eating
1396 65 has taken a fork
1396 45 is eating
1397 30 is eating
1398 39 is eating
1398 38 is eating
1399 36 is eating
1399 51 is eating
1399 52 has taken a fork
1399 62 has taken a fork
1399 43 is eating
1399 173 is sleeping
1400 46 has taken a fork
1400 44 is eating
1400 28 is eating
1400 48 is eating
1400 40 is eating
1400 50 is eating
1400 58 has taken a fork
1401 60 has taken a fork
1401 41 is eating
1401 71 has taken a fork
1401 66 has taken a fork
1401 49 is eating
1401 57 is eating
1401 53 is eating
1401 55 is eating
1401 42 is eating
1401 68 has taken a fork
1401 56 is eating
1402 63 is eating
1402 61 is eating
1402 73 is thinking
1402 70 has taken a fork
1402 54 is eating
1402 59 is eating
1402 69 is thinking
1404 75 is thinking
1404 47 is eating
1406 79 is thinking
1406 81 is thinking
1407 72 has taken a fork
1407 64 has taken a fork
1407 67 is eating
1407 74 is thinking
1408 175 is sleeping
1408 65 is eating
1408 181 is sleeping
1408 77 is thinking
1408 78 is thinking
1408 52 is eating
1408 62 is eating
1409 80 is thinking
1409 46 is eating
1410 171 is sleeping
1411 58 is eating
1411 60 is eating
1412 71 has taken a fork
1413 66 is eating
1413 76 is thinking
1414 68 is eating
1415 73 has taken a fork
1415 176 is sleeping
1415 70 is eating
1415 69 has taken a fork
1415 177 is sleeping
1415 89 is thinking
1415 84 is thinking
1415 75 has taken a fork
1417 82 is thinking
1419 179 is sleeping
1419 85 is thinking
1419 172 is sleeping
1421 170 is sleeping
1422 185 is sleeping
1422 81 has taken a fork
1423 72 is eating
1424 83 is thinking
1424 64 is eating
1425 74 has taken a fork
1425 77 has taken a fork
1426 78 has taken a fork
1426 79 has taken a fork
1426 80 has taken a fork
1426 87 is thinking
1426 174 is sleeping
1427 180 is sleeping
1430 71 is eating
1430 76 has taken a fork
1431 73 has taken a fork
1431 69 has taken a fork
1431 89 has taken a fork
1431 93 is thinking
1434 75 has taken a fork
1435 91 is thinking
1435 183 is sleeping
1435 88 is thinking
1435 90 is thinking
1436 84 has taken a fork
1436 178 is sleeping
1437 82 has taken a fork
1437 92 is thinking
1437 193 is sleeping
1438 186 is sleeping
1438 85 has taken a fork
1439 86 is thinking
1439 189 is sleeping
1439 81 has taken a fork
1439 83 has taken a fork
1440 74 has taken a fork
1440 77 has taken a fork
1441 78 has taken a fork
1441 79 has taken a fork
1441 80 has taken a fork
1441 87 has taken a fork
1441 192 is sleeping
1441 182 is sleeping
1441 95 is thinking
1442 97 is thinking
1442 190 is sleeping
1442 94 is thinking
1443 76 has taken a fork
1443 196 is sleeping
1443 99 is thinking
1443 98 is thinking
1443 73 is eating
1445 69 is eating
1446 89 has taken a fork
1446 96 is thinking
1446 93 has taken a fork
1447 101 is thinking
1448 107 is thinking
1448 75 is eating
1448 195 is sleeping
1448 91 has taken a fork
1448 88 has taken a fork
1448 90 has taken a fork
1448 84 has taken a fork
1449 187 is sleeping
1449 82 has taken a fork
1449 103 is thinking
1449 105 is thinking
1449 92 has taken a fork
1449 85 has taken a fork
1449 86 has taken a fork
1450 81 is eating
1450 184 is sleeping
1450 83 has taken a fork
1450 197 is sleeping
1451 74 is eating
1451 191 is sleeping
1452 77 is eating
1452 78 is eating
1452 80 is eating
1454 79 is eating
1455 87 has taken a fork
1455 95 has taken a fork
1456 188 is sleeping
1457 109 is thinking
1457 97 has taken a fork
1458 198 is sleeping
1459 194 is sleeping
1460 94 has taken a fork
1460 76 is eating
1460 99 has taken a fork
1461 98 has taken a fork
1461 100 is thinking
1461 104 is thinking
1461 5 is sleeping
1461 3 is sleeping
1461 9 is sleeping
1462 89 is eating
1462 96 has taken a fork
1462 93 has taken a fork
1463 7 is sleeping
1463 102 is thinking
1463 101 has taken a fork
1463 107 has taken a fork
1464 91 has taken a fork
1464 88 has taken a fork
1464 2 is sleeping
1465 113 is thinking
1465 90 has taken a fork
1465 84 is eating
1465 82 is eating
1466 103 has taken a fork
1466 105 has taken a fork
1466 92 has taken a fork
1466 85 is eating
1466 86 has taken a fork
1466 15 is sleeping
1466 83 is eating
1467 106 is thinking
1467 17 is sleeping
1469 111 is thinking
1469 108 is thinking
1469 87 is eating
1469 95 has taken a fork
1469 115 is thinking
1469 117 is thinking
1469 109 has taken a fork
1469 119 is thinking
1470 112 is thinking
1470 110 is thinking
1470 97 has taken a fork
1470 116 is thinking
1470 123 is thinking
1470 121 is thinking
1470 1 is sleeping
1470 118 is thinking
1470 120 is thinking
1470 122 is thinking
1470 114 is thinking
1471 126 is thinking
1472 127 is thinking
1472 94 has taken a fork
1473 133 is thinking
1473 137 is thinking
1473 134 is thinking
1473 124 is thinking
1473 131 is thinking
1473 128 is thinking
1473 129 is thinking
1473 125 is thinking
1473 99 has taken a fork
1473 98 has taken a fork
1473 100 has taken a fork
1473 104 has taken a fork
1473 135 is thinking
1473 138 is thinking
1474 130 is thinking
1474 132 is thinking
1474 141 is thinking
1475 139 is thinking
1475 96 has taken a fork
1475 93 is eating
1475 6 is sleeping
1475 143 is thinking
1475 136 is thinking
1475 19 is sleeping
1476 142 is thinking
1476 140 is thinking
1476 102 has taken a fork
1476 101 has taken a fork
1476 107 has taken a fork
1476 91 is eating
1476 88 is eating
1477 10 is sleeping
1477 148 is thinking
1477 4 is sleeping
1477 13 is sleeping
1477 113 has taken a fork
1477 12 is sleeping
1477 8 is sleeping
1478 90 is eating
1478 103 has taken a fork
1478 105 has taken a fork
1478 146 is thinking
1478 92 is eating
1478 86 is eating
1478 147 is thinking
1478 151 is thinking
1479 150 is thinking
1479 156 is thinking
1479 27 is sleeping
1479 106 has taken a fork
1479 144 is thinking
1479 149 is thinking
1480 14 is sleeping
1480 159 is thinking
1480 11 is sleeping
1480 145 is thinking
1480 26 is sleeping
1481 23 is sleeping
1482 111 has taken a fork
1484 108 has taken a fork
1484 95 is eating
1484 115 has taken a fork
1485 117 has taken a fork
1486 119 has taken a fork
1487 109 has taken a fork
1487 31 is sleeping
1487 25 is sleeping
1487 112 has taken a fork
1487 110 has taken a fork
1488 21 is sleeping
1488 18 is sleeping
1488 20 is sleeping
1488 97 is eating
1488 116 has taken a fork
1488 123 has taken a fork
1488 121 has taken a fork
1488 118 has taken a fork
1490 120 has taken a fork
1490 122 has taken a fork
1490 114 has taken a fork
1490 126 has taken a fork
1490 163 is thinking
1493 94 is eating
1493 127 has taken a fork
1494 99 is eating
1495 98 is eating
1495 100 has taken a fork
1495 104 has taken a fork
1495 16 is sleeping
1495 29 is sleeping
1496 157 is thinking
1497 133 has taken a fork
1497 34 is sleeping
1497 161 is thinking
1498 32 is sleeping
1498 137 has taken a fork
1498 96 is eating
1498 134 has taken a fork
1499 124 has taken a fork
1499 102 has taken a fork
1499 35 is sleeping
1499 162 is thinking
1499 37 is sleeping
1499 131 has taken a fork
1501 24 is sleeping
1501 101 is eating
1501 128 has taken a fork
1501 107 is eating
1501 45 is sleeping
1501 22 is sleeping
1501 125 has taken a fork
1501 33 is sleeping
1502 135 has taken a fork
1502 129 has taken a fork
1502 113 has taken a fork
1502 30 is sleeping
1502 138 has taken a fork
1502 103 is eating
1502 105 is eating
1503 38 is sleeping
1503 130 has taken a fork
1503 39 is sleeping
1504 132 has taken a fork
1504 106 has taken a fork
1504 153 is thinking
1505 44 is sleeping
1505 51 is sleeping
1505 43 is sleeping
1505 141 has taken a fork
1505 139 has taken a fork
1505 28 is sleeping
1505 36 is sleeping
1506 143 has taken a fork
1506 48 is sleeping
1506 136 has taken a fork
1506 142 has taken a fork
1506 140 has taken a fork
1507 50 is sleeping
1507 169 is thinking
1507 155 is thinking
1507 40 is sleeping
1508 146 has taken a fork
1508 160 is thinking
1508 148 has taken a fork
1508 166 is thinking
1509 41 is sleeping
1509 42 is sleeping
1509 53 is sleeping
1509 49 is sleeping
1509 55 is sleeping
1509 147 has taken a fork
1509 151 has taken a fork
1510 150 has taken a fork
1510 156 has taken a fork
1510 144 has taken a fork
1510 57 is sleeping
1510 149 has taken a fork
1510 111 has taken a fork
1510 152 is thinking
1510 154 is thinking
1510 61 is sleeping
1510 159 has taken a fork
1511 56 is sleeping
1512 145 has taken a fork
1512 63 is sleeping
1512 167 is thinking
1512 54 is sleeping
1512 59 is sleeping
1512 108 has taken a fork
1512 115 has taken a fork
1512 164 is thinking
1512 117 has taken a fork
1513 158 is thinking
1513 47 is sleeping
1513 119 has taken a fork
1513 109 is eating
1513 168 is thinking
1513 112 has taken a fork
1513 110 has taken a fork
1513 67 is sleeping
1513 116 has taken a fork
1514 123 has taken a fork
1514 121 has taken a fork
1514 118 has taken a fork
1514 65 is sleeping
1514 120 has taken a fork
1514 122 has taken a fork
1514 114 has taken a fork
1515 126 has taken a fork
1515 163 has taken a fork
1515 52 is sleeping
1515 62 is sleeping
1515 46 is sleeping
1515 127 has taken a fork
1515 66 is sleeping
1515 165 is thinking
1515 58 is sleeping
1516 60 is sleeping
1516 68 is sleeping
1516 100 is eating
1517 104 is eating
1518 157 has taken a fork
1518 133 has taken a fork
1518 70 is sleeping
1518 161 has taken a fork
1518 137 has taken a fork
1518 134 has taken a fork
1518 173 is thinking
1519 124 has taken a fork
1519 102 is eating
1519 162 has taken a fork
1519 131 has taken a fork
1519 128 has taken a fork
1519 125 has taken a fork
1519 72 is sleeping
1520 135 has taken a fork
1520 129 has taken a fork
1521 113 is eating
1521 138 has taken a fork
1522 64 is sleeping
1522 130 has taken a fork
1522 132 has taken a fork
1523 106 is eating
1523 153 has taken a fork
1523 141 has taken a fork
1524 139 has taken a fork
1524 143 has taken a fork
1524 136 has taken a fork
1524 142 has taken a fork
1525 140 has taken a fork
1525 169 has taken a fork
1525 155 has taken a fork
1525 175 is thinking
1525 146 has taken a fork
1526 181 is thinking
1526 160 has taken a fork
1526 148 has taken a fork
1526 166 has taken a fork
1526 71 is sleeping
1526 147 has taken a fork
1526 171 is thinking
1526 151 has taken a fork
1526 150 has taken a fork
1527 156 has taken a fork
1527 144 has taken a fork
1527 149 has taken a fork
1527 111 is eating
1527 152 has taken a fork
1527 154 has taken a fork
1528 159 has taken a fork
1528 145 has taken a fork
1530 167 has taken a fork
1531 108 is eating
1531 115 is eating
1531 164 has taken a fork
1532 117 is eating
1532 158 has taken a fork
1532 119 is eating
1532 168 has taken a fork
1533 112 is eating
1533 110 is eating
1534 116 is eating
1534 123 is eating
1534 121 is eating
1534 118 is eating
1535 120 is eating
1536 122 is eating
1537 114 is eating
1537 126 is eating
1537 163 has taken a fork
1537 177 is thinking
1537 176 is thinking
1537 127 is eating
1537 165 has taken a fork
1538 157 has taken a fork
1538 161 has taken a fork
1538 133 is eating
1538 137 is eating
1539 134 is eating
1539 173 has taken a fork
1539 172 is thinking
1539 124 is eating
1540 179 is thinking
1540 162 has taken a fork
1540 131 is eating
1541 128 is eating
1541 125 is eating
1541 135 is eating
1543 129 is eating
1543 170 is thinking
1544 138 is eating
1544 185 is thinking
1544 130 is eating
1544 132 is eating
1544 73 is sleeping
1544 153 has taken a fork
1544 141 is eating
1544 69 is sleeping
1544 139 is eating
1545 143 is eating
1545 136 is eating
1546 142 is eating
1546 140 is eating
1546 169 has taken a fork
1546 155 has taken a fork
1546 175 has taken a fork
1546 146 is eating
1546 174 is thinking
1547 75 is sleeping
1549 160 has taken a fork
1550 181 has taken a fork
1551 148 is eating
1551 166 has taken a fork
1552 147 is eating
1552 171 has taken a fork
1552 151 is eating
1552 150 is eating
1552 180 is thinking
1552 156 is eating
1552 144 is eating
1553 149 is eating
1553 152 has taken a fork
1553 154 has taken a fork
1553 81 is sleeping
1553 159 is eating
1554 145 is eating
1554 74 is sleeping
1555 77 is sleeping
1556 167 has taken a fork
1557 78 is sleeping
1558 80 is sleeping
1560 79 is sleeping
1561 164 has taken a fork
1562 158 has taken a fork
1562 168 has taken a fork
1563 183 is thinking
1563 178 is thinking
1564 76 is sleeping
1564 163 is eating
1565 177 has taken a fork
1566 193 is thinking
1566 176 has taken a fork
1567 165 has taken a fork
1567 186 is thinking
1568 157 is eating
1569 161 is eating
1569 89 is sleeping
1569 173 has taken a fork
1569 172 has taken a fork
1570 189 is thinking
1570 179 has taken a fork
1570 162 is eating
1570 182 is thinking
1570 192 is thinking
1570 84 is sleeping
1571 190 is thinking
1571 82 is sleeping
1571 196 is thinking
1571 170 has taken a fork
1571 185 has taken a fork
1571 153 is eating
1572 85 is sleeping
1572 83 is sleeping
1574 169 is eating
1574 155 is eating
1574 175 has taken a fork
1574 174 has taken a fork
1575 87 is sleeping
1575 195 is thinking
1575 187 is thinking
1575 160 is eating
1575 184 is thinking
1575 197 is thinking
1576 181 has taken a fork
1576 191 is thinking
1577 166 is eating
1577 171 has taken a fork
1577 180 has taken a fork
1577 93 is sleeping
1577 152 is eating
1577 154 is eating
1577 91 is sleeping
1578 188 is thinking
1578 88 is sleeping
1578 167 is eating
1578 90 is sleeping
1580 198 is thinking
1581 92 is sleeping
1581 194 is thinking
1582 86 is sleeping
1583 9 is thinking
1583 3 is thinking
1584 5 is thinking
1585 164 is eating
1586 158 is eating
1586 168 is eating
1587 7 is thinking
1587 183 has taken a fork
1588 95 is sleeping
1588 178 has taken a fork
1589 2 is thinking
1590 97 is sleeping
1590 177 has taken a fork
1590 15 is thinking
1590 193 has taken a fork
1592 176 has taken a fork
1592 165 is eating
1592 186 has taken a fork
1592 17 is thinking
1593 94 is sleeping
1593 98 is sleeping
1593 173 is eating
1593 172 has taken a fork
1594 99 is sleeping
1595 189 has taken a fork
1595 179 has taken a fork
1595 1 is thinking
1596 182 has taken a fork
1597 192 has taken a fork
1597 190 has taken a fork
1598 196 has taken a fork
1598 170 has taken a fork
1598 185 has taken a fork
1599 96 is sleeping
1600 101 is sleeping
1601 175 is eating
1601 174 has taken a fork
1601 107 is sleeping
1601 6 is thinking
1601 195 has taken a fork
1601 187 has taken a fork
1602 19 is thinking
1602 184 has taken a fork
1602 197 has taken a fork
1602 105 is sleeping
1603 103 is sleeping
1604 181 is eating
1604 191 has taken a fork
1604 8 is thinking
1604 4 is thinking
1604 12 is thinking
1604 13 is thinking
1604 171 is eating
1604 180 has taken a fork
1604 188 has taken a fork
1604 10 is thinking
1604 27 is thinking
1604 14 is thinking
1605 11 is thinking
1605 198 has taken a fork
1606 26 is thinking
1606 23 is thinking
1606 194 has taken a fork
1606 3 has taken a fork
1607 5 has taken a fork
1608 109 is sleeping
1608 9 has taken a fork
1608 25 is thinking
1608 31 is thinking
1608 7 has taken a fork
1608 183 has taken a fork
1609 20 is thinking
1609 21 is thinking
1609 18 is thinking
1609 178 has taken a fork
1609 100 is sleeping
1609 104 is sleeping
1609 2 has taken a fork
1609 177 is eating
1609 15 has taken a fork
1609 193 has taken a fork
1609 102 is sleeping
1609 176 is eating
1610 186 has taken a fork
1610 17 has taken a fork
1610 113 is sleeping
1610 172 is eating
1610 189 has taken a fork
1610 106 is sleeping
1610 29 is thinking
1610 16 is thinking
1610 179 is eating
1610 1 has taken a fork
1610 182 has taken a fork
1610 34 is thinking
1610 192 has taken a fork
1610 190 has taken a fork
1610 111 is sleeping
1610 196 has taken a fork
1611 170 is eating
1611 185 is eating
1611 37 is thinking
1611 115 is sleeping
1611 32 is thinking
1611 108 is sleeping
1611 35 is thinking
1611 22 is thinking
1611 117 is sleeping
1612 45 is thinking
1612 33 is thinking
1612 174 is eating
1612 119 is sleeping
1612 6 has taken a fork
1612 24 is thinking
1612 195 has taken a fork
1612 187 has taken a fork
1613 116 is sleeping
1613 121 is sleeping
1613 118 is sleeping
1613 123 is sleeping
1613 110 is sleeping
1613 19 has taken a fork
1613 184 has taken a fork
1613 30 is thinking
1613 112 is sleeping
1614 197 has taken a fork
1614 39 is thinking
1614 120 is sleeping
1614 122 is sleeping
1614 38 is thinking
1614 114 is sleeping
1614 126 is sleeping
1614 191 has taken a fork
1614 8 has taken a fork
1614 4 has taken a fork
1614 12 has taken a fork
1614 13 has taken a fork
1614 180 is eating
1614 188 has taken a fork
1615 10 has taken a fork
1615 27 has taken a fork
1615 14 has taken a fork
1615 11 has taken a fork
1615 44 is thinking
1615 43 is thinking
1615 127 is sleeping
1615 51 is thinking
1615 28 is thinking
1615 198 has taken a fork
1615 133 is sleeping
1615 36 is thinking
1615 48 is thinking
1615 26 has taken a fork
1615 23 has taken a fork
1615 194 has taken a fork
1615 3 has taken a fork
1615 137 is sleeping
1615 134 is sleeping
1616 40 is thinking
1616 124 is sleeping
1616 131 is sleeping
1617 50 is thinking
1617 5 has taken a fork
1617 9 has taken a fork
1617 25 has taken a fork
1617 31 has taken a fork
1618 7 has taken a fork
1618 183 is eating
1618 125 is sleeping
1618 20 has taken a fork
1618 53 is thinking
1618 42 is thinking
1618 55 is thinking
1618 41 is thinking
1618 49 is thinking
1618 21 has taken a fork
1618 135 is sleeping
1619 128 is sleeping
1619 18 has taken a fork
1619 178 is eating
1619 2 has taken a fork
1619 15 has taken a fork
1619 193 is eating
1619 186 is eating
1620 17 has taken a fork
1620 129 is sleeping
1620 189 is eating
1621 29 has taken a fork
1621 57 is thinking
1621 16 has taken a fork
1621 1 has taken a fork
1621 61 is thinking
1621 182 is eating
1622 34 has taken a fork
1622 192 is eating
1622 190 is eating
1622 196 is eating
1623 56 is thinking
1623 37 has taken a fork
1623 138 is sleeping
1623 32 has taken a fork
1623 35 has taken a fork
1623 22 has taken a fork
1623 63 is thinking
1623 130 is sleeping
1623 141 is sleeping
1623 45 has taken a fork
1624 59 is thinking
1624 132 is sleeping
1624 54 is thinking
1624 33 has taken a fork
1624 6 has taken a fork
1624 24 has taken a fork
1624 195 is eating
1624 140 is sleeping
1624 143 is sleeping
1624 142 is sleeping
1624 136 is sleeping
1624 139 is sleeping
1625 67 is thinking
1625 187 is eating
1625 19 has taken a fork
1625 184 is eating
1626 30 has taken a fork
1626 197 is eating
1626 146 is sleeping
1626 39 has taken a fork
1627 38 has taken a fork
1628 191 is eating
1628 65 is thinking
1628 47 is thinking
1628 8 has taken a fork
1629 4 has taken a fork
1629 12 has taken a fork
1629 13 has taken a fork
1629 188 is eating
1629 58 is thinking
1629 10 has taken a fork
1629 62 is thinking
1630 27 has taken a fork
1630 46 is thinking
1631 14 has taken a fork
1631 11 has taken a fork
1632 44 has taken a fork
1632 43 has taken a fork
1633 66 is thinking
1633 51 has taken a fork
1633 28 has taken a fork
1633 198 is eating
1633 52 is thinking
1633 36 has taken a fork
1633 48 has taken a fork
1633 26 has taken a fork
1633 23 has taken a fork
1633 194 is eating
1633 3 is eating
1633 68 is thinking
1633 148 is sleeping
1634 60 is thinking
1634 40 has taken a fork
1635 151 is sleeping
1635 147 is sleeping
1635 50 has taken a fork
1635 5 is eating
1635 144 is sleeping
1635 150 is sleeping
1636 9 is eating
1636 25 has taken a fork
1636 31 has taken a fork
1636 7 is eating
1636 159 is sleeping
1636 149 is sleeping
1637 156 is sleeping
1637 20 has taken a fork
1638 53 has taken a fork
1638 70 is thinking
1638 42 has taken a fork
1638 55 has taken a fork
1638 41 has taken a fork
1639 49 has taken a fork
1639 21 has taken a fork
1639 72 is thinking
1639 145 is sleeping
1639 18 has taken a fork
1639 2 is eating
1639 15 is eating
1640 17 is eating
1640 29 has taken a fork
1641 16 has taken a fork
1641 1 is eating
1642 61 has taken a fork
1642 64 is thinking
1642 57 has taken a fork
1642 34 has taken a fork
1642 56 has taken a fork
1643 37 has taken a fork
1643 32 has taken a fork
1643 35 has taken a fork
1643 22 has taken a fork
1643 45 has taken a fork
1643 33 has taken a fork
1643 6 is eating
1643 24 has taken a fork
1643 19 is eating
1643 30 has taken a fork
1643 71 is thinking
1643 39 has taken a fork
1644 163 is sleeping
1651 63 has taken a fork
1651 38 has taken a fork
1655 8 is eating
1656 4 is eating
1656 12 is eating
1656 13 is eating
1656 10 is eating
1657 27 is eating
1658 14 is eating
1659 11 is eating
1659 157 is sleeping
1659 59 has taken a fork
1659 44 has taken a fork
1659 43 has taken a fork
1659 161 is sleeping
1659 51 has taken a fork
1659 28 has taken a fork
1659 36 has taken a fork
1659 48 has taken a fork
1660 54 has taken a fork
1660 26 is eating
1660 23 is eating
1660 40 has taken a fork
1660 162 is sleeping
1660 50 has taken a fork
1660 67 has taken a fork
1660 25 is eating
1660 31 is eating
1660 20 is eating
1661 53 has taken a fork
1661 153 is sleeping
1661 42 has taken a fork
1661 55 has taken a fork
1661 41 has taken a fork
1661 65 has taken a fork
1661 49 has taken a fork
1662 21 is eating
1662 18 is eating
1662 29 is eating
1662 16 is eating
1662 169 is sleeping
1662 155 is sleeping
1662 61 has taken a fork
1662 47 has taken a fork
1662 160 is sleeping
1662 58 has taken a fork
1662 62 has taken a fork
1662 57 has taken a fork
1662 34 is eating
1663 56 has taken a fork
1663 37 is eating
1663 166 is sleeping
1663 46 has taken a fork
1663 32 is eating
1663 35 is eating
1663 22 is eating
1663 45 is eating
1663 33 is eating
1663 24 is eating
1663 30 is eating
1663 39 is eating
1663 69 is thinking
1664 73 is thinking
1665 154 is sleeping
1665 152 is sleeping
1665 66 has taken a fork
1665 167 is sleeping
1666 68 has taken a fork
1666 75 is thinking
1666 60 has taken a fork
1667 158 is sleeping
1667 63 has taken a fork
1667 38 is eating
1667 164 is sleeping
1667 168 is sleeping
1667 52 has taken a fork
1667 165 is sleeping
1667 64 has taken a fork
1668 70 has taken a fork
1668 74 is thinking
1669 81 is thinking
1669 77 is thinking
1670 173 is sleeping
1670 71 has taken a fork
1670 72 has taken a fork
1670 78 is thinking
1671 80 is thinking
1671 59 has taken a fork
1671 44 is eating
1671 43 is eating
1671 51 is eating
1671 28 is eating
1671 36 is eating
1671 48 is eating
1671 54 has taken a fork
1671 40 is eating
1671 50 is eating
1671 67 has taken a fork
1671 53 is eating
1672 79 is thinking
1673 42 is eating
1673 55 is eating
1673 41 is eating
1673 65 has taken a fork
1674 49 is eating
1674 61 is eating
1674 47 has taken a fork
1675 58 has taken a fork
1675 62 has taken a fork
1675 57 is eating
1675 175 is sleeping
1675 56 is eating
1675 46 has taken a fork
1675 69 has taken a fork
1675 76 is thinking
1676 181 is sleeping
1676 73 has taken a fork
1676 171 is sleeping
1676 66 has taken a fork
1676 68 has taken a fork
1676 75 has taken a fork
1676 60 has taken a fork
1676 63 is eating
1676 52 has taken a fork
1676 64 has taken a fork
1676 70 has taken a fork
1676 89 is thinking
1676 84 is thinking
1676 71 has taken a fork
1677 72 has taken a fork
1678 59 is eating
1678 54 is eating
1678 82 is thinking
1678 67 is eating
1678 83 is thinking
1678 85 is thinking
1678 176 is sleeping
1678 177 is sleeping
1679 74 has taken a fork
1679 81 has taken a fork
1680 65 is eating
1681 47 is eating
1681 58 is eating
1681 179 is sleeping
1681 172 is sleeping
1681 87 is thinking
1681 62 is eating
1681 78 has taken a fork
1681 46 is eating
1681 69 has taken a fork
1681 73 has taken a fork
1681 66 is eating
1681 68 is eating
1682 75 has taken a fork
1682 77 has taken a fork
1682 60 is eating
1682 52 is eating
1682 64 is eating
1682 70 is eating
1682 71 is eating
1682 93 is thinking
1682 91 is thinking
1682 170 is sleeping
1682 80 has taken a fork
1682 72 is eating
1682 185 is sleeping
1683 79 has taken a fork
1683 90 is thinking
1683 88 is thinking
1683 174 is sleeping
1683 74 has taken a fork
1683 76 has taken a fork
1683 81 has taken a fork
1683 92 is thinking
1683 78 has taken a fork
1684 69 is eating
1685 73 is eating
1686 75 is eating
1686 77 has taken a fork
1687 86 is thinking
1687 80 has taken a fork
1687 180 is sleeping
1687 79 has taken a fork
1687 74 is eating
1687 76 has taken a fork
1687 81 is eating
1687 89 has taken a fork
1687 78 is eating
1689 77 is eating
1690 80 is eating
1690 79 is eating
1690 76 is eating
1690 89 has taken a fork
1690 95 is thinking
1690 97 is thinking
1690 89 is eating
1691 178 is sleeping
1691 183 is sleeping
1691 82 has taken a fork
1691 84 has taken a fork
1691 82 has taken a fork
1691 84 has taken a fork
1691 82 is eating
1691 84 is eating
1693 186 is sleeping
1693 193 is sleeping
1694 98 is thinking
1694 94 is thinking
1694 83 has taken a fork
1694 85 has taken a fork
1694 83 has taken a fork
1694 85 has taken a fork
1694 83 is eating
1694 85 is eating
1694 99 is thinking
1695 189 is sleeping
1695 87 has taken a fork
1695 87 has taken a fork
1695 87 is eating
1696 182 is sleeping
1696 192 is sleeping
1696 93 has taken a fork
1696 93 has taken a fork
1696 93 is eating
1696 91 has taken a fork
1696 91 has taken a fork
1696 91 is eating
1697 196 is sleeping
1697 190 is sleeping
1697 90 has taken a fork
1697 90 has taken a fork
1697 90 is eating
1698 88 has taken a fork
1698 88 has taken a fork
1699 96 is thinking
1700 101 is thinking
1700 195 is sleeping
1700 187 is sleeping
1700 88 is eating
1702 86 has taken a fork
1702 92 has taken a fork
1702 197 is sleeping
1702 184 is sleeping
1702 107 is thinking
1702 95 has taken a fork
1702 97 has taken a fork
1702 86 has taken a fork
1702 92 has taken a fork
1702 95 has taken a fork
1702 97 has taken a fork
1705 86 is eating
1705 92 is eating
1705 95 is eating
1705 191 is sleeping
1705 97 is eating
1705 98 has taken a fork
1706 103 is thinking
1706 105 is thinking
1707 188 is sleeping
1707 94 has taken a fork
1708 98 has taken a fork
1708 198 is sleeping
1709 99 has taken a fork
1709 194 is sleeping
1709 96 has taken a fork
1709 94 has taken a fork
1709 109 is thinking
1709 98 is eating
1709 3 is sleeping
1709 101 has taken a fork
1709 104 is thinking
1709 100 is thinking
1709 102 is thinking
1710 99 has taken a fork
1710 96 has taken a fork
1710 94 is eating
1710 101 has taken a fork
1710 99 is eating
1710 96 is eating
1710 5 is sleeping
1710 101 is eating
1710 111 is thinking
1711 106 is thinking
1711 107 has taken a fork
1711 113 is thinking
1711 115 is thinking
1711 107 has taken a fork
1711 108 is thinking
1711 107 is eating
1712 7 is sleeping
1712 117 is thinking
1712 119 is thinking
1712 103 has taken a fork
1712 103 has taken a fork
1712 103 is eating
1713 118 is thinking
1713 121 is thinking
1713 9 is sleeping
1713 112 is thinking
1713 110 is thinking
1713 116 is thinking
1713 123 is thinking
1713 105 has taken a fork
1713 105 has taken a fork
1713 105 is eating
1714 122 is thinking
1714 2 is sleeping
1714 114 is thinking
1714 126 is thinking
1714 120 is thinking
1714 109 has taken a fork
1714 109 has taken a fork
1714 109 is eating
1715 15 is sleeping
1715 133 is thinking
1715 127 is thinking
1715 137 is thinking
1715 134 is thinking
1715 104 has taken a fork
1715 104 has taken a fork
1715 104 is eating
1716 124 is thinking
1716 131 is thinking
1718 17 is sleeping
1718 125 is thinking
1718 100 has taken a fork
1718 100 has taken a fork
1718 100 is eating
1718 135 is thinking
1719 1 is sleeping
1719 102 has taken a fork
1719 102 has taken a fork
1719 102 is eating
1720 129 is thinking
1720 128 is thinking
1722 6 is sleeping
1722 111 has taken a fork
1722 111 has taken a fork
1722 111 is eating
1723 19 is sleeping
1723 106 has taken a fork
1723 106 has taken a fork
1723 106 is eating
1723 138 is thinking
1723 141 is thinking
1723 130 is thinking
1724 139 is thinking
1724 142 is thinking
1724 140 is thinking
1724 136 is thinking
1724 143 is thinking
1724 132 is thinking
1726 146 is thinking
1730 10 is sleeping
1730 113 has taken a fork
1730 113 has taken a fork
1730 113 is eating
1730 12 is sleeping
1730 115 has taken a fork
1730 8 is sleeping
1730 108 has taken a fork
1730 115 has taken a fork
1731 4 is sleeping
1731 13 is sleeping
1731 117 has taken a fork
1731 119 has taken a fork
1732 108 has taken a fork
1732 115 is eating
1732 27 is sleeping
1732 14 is sleeping
1732 121 has taken a fork
1732 118 has taken a fork
1732 117 has taken a fork
1732 11 is sleeping
1732 112 has taken a fork
1732 119 has taken a fork
1732 108 is eating
1732 121 has taken a fork
1733 118 has taken a fork
1733 117 is eating
1733 112 has taken a fork
1733 119 is eating
1733 121 is eating
1733 23 is sleeping
1733 110 has taken a fork
1736 118 is eating
1736 148 is thinking
1736 112 is eating
1736 110 has taken a fork
1736 116 has taken a fork
1736 26 is sleeping
1737 31 is sleeping
1737 25 is sleeping
1737 122 has taken a fork
1737 123 has taken a fork
1737 147 is thinking
1738 20 is sleeping
1738 150 is thinking
1738 151 is thinking
1738 144 is thinking
1738 114 has taken a fork
1738 149 is thinking
1738 159 is thinking
1738 34 is sleeping
1738 21 is sleeping
1739 126 has taken a fork
1739 120 has taken a fork
1739 16 is sleeping
1739 18 is sleeping
1739 127 has taken a fork
1740 133 has taken a fork
1740 29 is sleeping
1740 110 is eating
1740 137 has taken a fork
1740 116 has taken a fork
1741 22 is sleeping
1741 134 has taken a fork
1741 156 is thinking
1741 32 is sleeping
1741 35 is sleeping
1741 37 is sleeping
1741 124 has taken a fork
1741 131 has taken a fork
1741 122 has taken a fork
1742 123 has taken a fork
1742 30 is sleeping
1742 24 is sleeping
1743 125 has taken a fork
1743 135 has taken a fork
1743 45 is sleeping
1744 33 is sleeping
1744 129 has taken a fork
1744 128 has taken a fork
1744 138 has taken a fork
1744 114 has taken a fork
1744 126 has taken a fork
1745 39 is sleeping
1745 120 has taken a fork
1745 141 has taken a fork
1745 145 is thinking
1745 127 has taken a fork
1745 133 has taken a fork
1745 137 has taken a fork
1745 116 is eating
1745 134 has taken a fork
1745 38 is sleeping
1745 124 has taken a fork
1745 130 has taken a fork
1745 131 has taken a fork
1745 122 is eating
1746 123 is eating
1746 51 is sleeping
1746 139 has taken a fork
1746 44 is sleeping
1746 142 has taken a fork
1746 28 is sleeping
1746 140 has taken a fork
1746 48 is sleeping
1746 36 is sleeping
1746 136 has taken a fork
1746 143 has taken a fork
1746 43 is sleeping
1747 132 has taken a fork
1747 135 has taken a fork
1747 125 has taken a fork
1747 163 is thinking
1747 50 is sleeping
1747 40 is sleeping
1747 146 has taken a fork
1747 129 has taken a fork
1747 128 has taken a fork
1747 138 has taken a fork
1747 148 has taken a fork
1747 114 is eating
1748 126 is eating
1748 53 is sleeping
1748 147 has taken a fork
1748 120 is eating
1748 141 has taken a fork
1748 127 is eating
1749 133 is eating
1749 137 is eating
1749 134 is eating
1749 124 is eating
1749 130 has taken a fork
1749 131 is eating
1749 49 is sleeping
1749 41 is sleeping
1750 55 is sleeping
1750 151 has taken a fork
1750 42 is sleeping
1750 139 has taken a fork
1750 149 has taken a fork
1751 150 has taken a fork
1751 144 has taken a fork
1751 142 has taken a fork
1751 140 has taken a fork
1751 136 has taken a fork
1751 143 has taken a fork
1751 132 has taken a fork
1751 135 is eating
1751 125 is eating
1752 146 has taken a fork
1752 129 is eating
1752 128 is eating
1752 138 is eating
1752 148 has taken a fork
1752 61 is sleeping
1752 147 has taken a fork
1752 159 has taken a fork
1753 141 is eating
1753 56 is sleeping
1753 156 has taken a fork
1753 57 is sleeping
1754 130 is eating
1755 145 has taken a fork
1755 151 has taken a fork
1755 139 is eating
1756 149 has taken a fork
1756 150 has taken a fork
1756 144 has taken a fork
1756 142 is eating
1756 140 is eating
1756 136 is eating
1757 143 is eating
1757 132 is eating
1757 146 is eating
1757 63 is sleeping
1757 163 has taken a fork
1757 148 is eating
1757 147 is eating
1757 159 has taken a fork
1758 156 has taken a fork
1758 59 is sleeping
1758 145 has taken a fork
1758 151 is eating
1758 149 is eating
1758 54 is sleeping
1758 150 is eating
1758 144 is eating
1759 67 is sleeping
1759 163 has taken a fork
1759 159 is eating
1760 156 is eating
1760 145 is eating
1760 65 is sleeping
1760 161 is thinking
1760 163 is eating
1760 157 is thinking
1760 162 is thinking
1760 161 has taken a fork
1761 157 has taken a fork
1761 162 has taken a fork
1761 161 has taken a fork
1761 157 has taken a fork
1763 153 is thinking
1763 162 has taken a fork
1763 161 is eating
1763 157 is eating
1763 160 is thinking
1764 155 is thinking
1764 58 is sleeping
1764 62 is sleeping
1765 169 is thinking
1765 46 is sleeping
1765 47 is sleeping
1765 166 is thinking
1766 153 has taken a fork
1766 162 is eating
1766 68 is sleeping
1766 66 is sleeping
1766 160 has taken a fork
1766 155 has taken a fork
1767 169 has taken a fork
1767 154 is thinking
1767 152 is thinking
1767 166 has taken a fork
1767 153 has taken a fork
1767 167 is thinking
1767 160 has taken a fork
1767 155 has taken a fork
1767 164 is thinking
1767 168 is thinking
1768 169 has taken a fork
1768 154 has taken a fork
1768 152 has taken a fork
1768 166 has taken a fork
1769 153 is eating
1770 165 is thinking
1770 158 is thinking
1770 160 is eating
1770 155 is eating
1771 60 is sleeping
1771 52 is sleeping
1771 64 is sleeping
1771 168 has taken a fork
1771 167 has taken a fork
1772 164 has taken a fork
1772 169 is eating
1772 154 has taken a fork
1773 152 has taken a fork
1773 166 is eating
1773 70 is sleeping
1774 71 is sleeping
1774 173 is thinking
1774 72 is sleeping
1774 165 has taken a fork
1774 158 has taken a fork
1774 168 has taken a fork
1774 167 has taken a fork
1774 164 has taken a fork
1774 154 is eating
1774 152 is eating
1774 69 is sleeping
1775 173 has taken a fork
1775 165 has taken a fork
1776 158 has taken a fork
1776 168 is eating
1776 167 is eating
1777 164 is eating
1778 73 is sleeping
1778 175 is thinking
1779 173 has taken a fork
1779 165 is eating
1779 158 is eating
1780 75 is sleeping
1780 171 is thinking
1780 181 is thinking
1780 177 is thinking
1780 176 is thinking
1780 175 has taken a fork
1781 173 is eating
1781 74 is sleeping
1782 81 is sleeping
1783 171 has taken a fork
1783 181 has taken a fork
1783 177 has taken a fork
1783 176 has taken a fork
1783 175 has taken a fork
1783 179 is thinking
1784 172 is thinking
1785 185 is thinking
1785 78 is sleeping
1785 170 is thinking
1786 174 is thinking
1786 171 has taken a fork
1787 181 has taken a fork
1787 177 has taken a fork
1787 77 is sleeping
1787 176 has taken a fork
1788 175 is eating
1788 179 has taken a fork
1789 79 is sleeping
1790 80 is sleeping
1790 172 has taken a fork
1791 185 has taken a fork
1791 170 has taken a fork
1792 76 is sleeping
1793 174 has taken a fork
1794 171 is eating
1795 181 is eating
1795 89 is sleeping
1795 177 is eating
1795 180 is thinking
1795 176 is eating
1795 179 has taken a fork
1796 172 has taken a fork
1796 84 is sleeping
1799 178 is thinking
1799 82 is sleeping
1800 185 has taken a fork
1800 183 is thinking
1801 170 has taken a fork
1801 193 is thinking
1802 174 has taken a fork
1803 186 is thinking
1804 85 is sleeping
1804 83 is sleeping
1805 87 is sleeping
1806 189 is thinking
1808 180 has taken a fork
1808 179 is eating
1808 182 is thinking
1809 172 is eating
1810 93 is sleeping
1810 192 is thinking
1810 90 is sleeping
1811 91 is sleeping
1813 178 has taken a fork
1814 196 is thinking
1814 190 is thinking
1814 88 is sleeping
1814 195 is thinking
1814 185 is eating
1814 187 is thinking
1814 183 has taken a fork
1815 170 is eating
1815 193 has taken a fork
1815 184 is thinking
1815 197 is thinking
1815 174 is eating
1815 92 is sleeping
1815 86 is sleeping
1816 97 is sleeping
1816 186 has taken a fork
1817 95 is sleeping
1818 191 is thinking
1818 189 has taken a fork
1818 98 is sleeping
1820 94 is sleeping
1820 188 is thinking
1821 180 has taken a fork
1822 198 is thinking
1822 182 has taken a fork
1823 99 is sleeping
1823 194 is thinking
1824 3 is thinking
1824 101 is sleeping
1825 96 is sleeping
1826 5 is thinking
1826 192 has taken a fork
1826 107 is sleeping
1826 7 is thinking
1827 178 has taken a fork
1828 9 is thinking
1829 105 is sleeping
1830 103 is sleeping
1830 2 is thinking
1831 196 has taken a fork
1831 195 has taken a fork
1832 187 has taken a fork
1832 183 has taken a fork
1833 190 has taken a fork
1834 109 is sleeping
1834 104 is sleeping
1834 15 is thinking
1834 193 has taken a fork
1834 184 has taken a fork
1834 197 has taken a fork
1835 186 has taken a fork
1835 191 has taken a fork
1836 100 is sleeping
1837 17 is thinking
1837 189 has taken a fork
1837 1 is thinking
1838 102 is sleeping
1838 188 has taken a fork
1839 180 is eating
1839 198 has taken a fork
1839 6 is thinking
1840 111 is sleeping
1842 182 has taken a fork
1842 19 is thinking
1842 106 is sleeping
1842 194 has taken a fork
1843 3 has taken a fork
1843 5 has taken a fork
1843 192 has taken a fork
1843 7 has taken a fork
1844 178 is eating
1845 9 has taken a fork
1845 12 is thinking
1845 113 is sleeping
1845 10 is thinking
1846 8 is thinking
1846 2 has taken a fork
1846 108 is sleeping
1847 196 has taken a fork
1847 13 is thinking
1847 115 is sleeping
1847 195 has taken a fork
1847 121 is sleeping
1847 14 is thinking
1848 4 is thinking
1848 11 is thinking
1848 27 is thinking
1849 187 has taken a fork
1849 119 is sleeping
1849 117 is sleeping
1849 183 is eating
1849 23 is thinking
1849 190 has taken a fork
1849 118 is sleeping
1849 15 has taken a fork
1849 193 is eating
1849 184 has taken a fork
1849 112 is sleeping
1849 197 has taken a fork
1849 186 is eating
1850 191 has taken a fork
1850 26 is thinking
1850 17 has taken a fork
1850 25 is thinking
1850 110 is sleeping
1850 31 is thinking
1850 189 is eating
1850 1 has taken a fork
1850 21 is thinking
1850 20 is thinking
1850 34 is thinking
1850 188 has taken a fork
1850 116 is sleeping
1850 16 is thinking
1850 18 is thinking
1850 198 has taken a fork
1850 6 has taken a fork
1851 122 is sleeping
1851 123 is sleeping
1851 29 is thinking
1851 35 is thinking
1851 22 is thinking
1851 32 is thinking
1851 37 is thinking
1851 24 is thinking
1851 182 is eating
1851 30 is thinking
1851 19 has taken a fork
1851 120 is sleeping
1852 126 is sleeping
1852 114 is sleeping
1852 127 is sleeping
1852 194 has taken a fork
1852 124 is sleeping
1852 45 is thinking
1852 134 is sleeping
1852 133 is sleeping
1852 131 is sleeping
1852 137 is sleeping
1852 3 has taken a fork
1852 5 has taken a fork
1852 192 is eating
1852 7 has taken a fork
1852 33 is thinking
1852 39 is thinking
1852 128 is sleeping
1852 129 is sleeping
1852 135 is sleeping
1852 138 is sleeping
1853 125 is sleeping
1853 9 has taken a fork
1853 38 is thinking
1853 12 has taken a fork
1853 10 has taken a fork
1853 51 is thinking
1853 48 is thinking
1853 141 is sleeping
1853 43 is thinking
1853 44 is thinking
1853 36 is thinking
1853 28 is thinking
1853 8 has taken a fork
1853 2 has taken a fork
1853 50 is thinking
1853 40 is thinking
1853 196 is eating
1853 13 has taken a fork
1853 195 is eating
1854 14 has taken a fork
1854 53 is thinking
1855 130 is sleeping
1856 4 has taken a fork
1856 11 has taken a fork
1856 27 has taken a fork
1856 139 is sleeping
1856 49 is thinking
1856 41 is thinking
1856 187 is eating
1856 23 has taken a fork
1857 190 is eating
1857 15 has taken a fork
1857 184 is eating
1857 197 is eating
1857 191 is eating
1857 143 is sleeping
1857 55 is thinking
1857 142 is sleeping
1857 140 is sleeping
1858 26 has taken a fork
1858 132 is sleeping
1858 42 is thinking
1858 17 has taken a fork
1858 25 has taken a fork
1858 136 is sleeping
1858 31 has taken a fork
1858 1 has taken a fork
1858 21 has taken a fork
1858 20 has taken a fork
1858 34 has taken a fork
1858 188 is eating
1858 16 has taken a fork
1859 18 has taken a fork
1859 198 is eating
1859 6 has taken a fork
1859 147 is sleeping
1860 146 is sleeping
1860 148 is sleeping
1860 29 has taken a fork
1860 35 has taken a fork
1860 22 has taken a fork
1860 32 has taken a fork
1860 37 has taken a fork
1860 24 has taken a fork
1860 30 has taken a fork
1860 19 has taken a fork
1860 144 is sleeping
1861 149 is sleeping
1861 194 is eating
1861 150 is sleeping
1861 45 has taken a fork
1861 61 is thinking
1861 151 is sleeping
1861 3 is eating
1861 5 is eating
1861 7 is eating
1861 33 has taken a fork
1862 39 has taken a fork
1862 56 is thinking
1862 57 is thinking
1862 9 is eating
1862 38 has taken a fork
1862 12 has taken a fork
1863 10 has taken a fork
1863 51 has taken a fork
1863 48 has taken a fork
1864 43 has taken a fork
1864 44 has taken a fork
1864 36 has taken a fork
1864 28 has taken a fork
1864 8 has taken a fork
1864 2 is eating
1865 50 has taken a fork
1865 40 has taken a fork
1865 13 has taken a fork
1865 159 is sleeping
1865 14 has taken a fork
1865 53 has taken a fork
1865 156 is sleeping
1866 145 is sleeping
1867 163 is sleeping
1867 4 has taken a fork
1868 11 has taken a fork
1868 27 has taken a fork
1870 49 has taken a fork
1870 41 has taken a fork
1870 23 has taken a fork
1870 63 is thinking
1870 15 is eating
1871 55 has taken a fork
1871 26 has taken a fork
1871 59 is thinking
1871 42 has taken a fork
1871 17 is eating
1871 25 has taken a fork
1871 31 has taken a fork
1871 1 is eating
1871 21 has taken a fork
1871 20 has taken a fork
1871 34 has taken a fork
1873 54 is thinking
1873 16 has taken a fork
1873 67 is thinking
1873 18 has taken a fork
1874 6 is eating
1874 29 has taken a fork
1874 35 has taken a fork
1874 65 is thinking
1874 22 has taken a fork
1874 32 has taken a fork
1874 37 has taken a fork
1874 24 has taken a fork
1874 30 has taken a fork
1874 19 is eating
1874 45 has taken a fork
1875 61 has taken a fork
1875 33 has taken a fork
1875 157 is sleeping
1875 39 has taken a fork
1875 161 is sleeping
1876 56 has taken a fork
1876 57 has taken a fork
1876 38 has taken a fork
1876 12 is eating
1877 10 is eating
1878 162 is sleeping
1878 51 has taken a fork
1878 48 has taken a fork
1878 43 has taken a fork
1878 58 is thinking
1878 62 is thinking
1878 44 has taken a fork
1878 36 has taken a fork
1878 28 has taken a fork
1878 8 is eating
1878 47 is thinking
1878 46 is thinking
1879 50 has taken a fork
1879 40 has taken a fork
1880 14 is eating
1881 13 is eating
1881 53 has taken a fork
1881 68 is thinking
1881 66 is thinking
1881 160 is sleeping
1881 153 is sleeping
1881 155 is sleeping
1882 4 is eating
1882 11 is eating
1882 27 is eating
1883 169 is sleeping
1883 166 is sleeping
1883 49 has taken a fork
1883 41 has taken a fork
1883 23 is eating
1883 63 has taken a fork
1883 154 is sleeping
1883 152 is sleeping
1884 52 is thinking
1885 60 is thinking
1885 55 has taken a fork
1885 26 is eating
1885 59 has taken a fork
1885 42 has taken a fork
1886 25 is eating
1886 31 is eating
1886 21 is eating
1886 20 is eating
1886 34 is eating
1886 167 is sleeping
1887 64 is thinking
1887 168 is sleeping
1888 70 is thinking
1888 54 has taken a fork
1888 164 is sleeping
1888 16 is eating
1888 67 has taken a fork
1888 18 is eating
1888 71 is thinking
1888 72 is thinking
1888 69 is thinking
1888 29 is eating
1888 35 is eating
1888 65 has taken a fork
1889 22 is eating
1889 32 is eating
1889 37 is eating
1889 24 is eating
1889 30 is eating
1889 45 is eating
1889 61 has taken a fork
1889 33 is eating
1889 158 is sleeping
1889 165 is sleeping
1890 39 is eating
1891 56 has taken a fork
1891 57 has taken a fork
1891 38 is eating
1891 51 is eating
1892 48 is eating
1892 43 is eating
1893 58 has taken a fork
1893 173 is sleeping
1894 62 has taken a fork
1894 44 is eating
1894 36 is eating
1894 73 is thinking
1894 28 is eating
1894 47 has taken a fork
1894 46 has taken a fork
1895 50 is eating
1895 40 is eating
1895 75 is thinking
1895 74 is thinking
1896 53 is eating
1896 68 has taken a fork
1896 66 has taken a fork
1896 81 is thinking
1898 49 is eating
1899 41 is eating
1899 175 is sleeping
1899 63 has taken a fork
1899 52 has taken a fork
1899 60 has taken a fork
1899 78 is thinking
1899 55 is eating
1900 59 has taken a fork
1900 42 is eating
1900 77 is thinking
1900 171 is sleeping
1901 64 has taken a fork
1901 70 has taken a fork
1901 54 has taken a fork
1902 67 has taken a fork
1902 71 has taken a fork
1903 176 is sleeping
1903 72 has taken a fork
1903 181 is sleeping
1904 69 has taken a fork
1904 177 is sleeping
1905 65 has taken a fork
1906 79 is thinking
1906 61 is eating
1907 80 is thinking
1907 56 is eating
1907 57 is eating
1907 76 is thinking
1907 58 has taken a fork
1907 62 has taken a fork
1908 73 has taken a fork
1908 47 has taken a fork
1909 46 has taken a fork
1909 89 is thinking
1910 75 has taken a fork
1910 74 has taken a fork
1910 84 is thinking
1910 68 has taken a fork
1910 66 has taken a fork
1910 81 has taken a fork
1910 172 is sleeping
1910 179 is sleeping
1911 82 is thinking
1911 63 is eating
1911 52 has taken a fork
1911 60 has taken a fork
1911 78 has taken a fork
1911 185 is sleeping
1911 59 is eating
1912 77 has taken a fork
1912 170 is sleeping
1912 174 is sleeping
1913 64 has taken a fork
1913 70 has taken a fork
1914 54 is eating
1914 67 is eating
1915 71 has taken a fork
1916 72 has taken a fork
1916 85 is thinking
1916 83 is thinking
1918 69 has taken a fork
1918 87 is thinking
1920 65 is eating
1921 79 has taken a fork
1921 80 has taken a fork
1921 76 has taken a fork
1922 58 is eating
1923 62 is eating
1923 73 has taken a fork
1924 47 is eating
1924 46 is eating
1924 75 has taken a fork
1924 74 has taken a fork
1924 68 is eating
1925 66 is eating
1926 93 is thinking
1926 90 is thinking
1926 81 has taken a fork
1926 91 is thinking
1927 52 is eating
1927 60 is eating
1928 78 has taken a fork
1928 77 has taken a fork
1928 64 is eating
1928 70 is eating
1929 88 is thinking
1929 86 is thinking
1930 92 is thinking
1931 71 is eating
1931 97 is thinking
1932 72 is eating
1932 95 is thinking
1932 180 is sleeping
1932 98 is thinking
1933 89 has taken a fork
1933 69 is eating
1934 94 is thinking
1934 79 has taken a fork
1935 80 has taken a fork
1935 76 has taken a fork
1935 178 is sleeping
1935 84 has taken a fork
1935 99 is thinking
1936 73 is eating
1937 101 is thinking
1937 75 is eating
1937 74 is eating
1938 183 is sleeping
1938 82 has taken a fork
1938 193 is sleeping
1938 96 is thinking
1938 85 has taken a fork
1939 186 is sleeping
1939 83 has taken a fork
1939 81 is eating
1939 107 is thinking
1939 78 is eating
1939 77 is eating
1939 105 is thinking
1939 189 is sleeping
1939 87 has taken a fork
1940 103 is thinking
1941 182 is sleeping
1941 93 has taken a fork
1941 192 is sleeping
1941 90 has taken a fork
1941 89 has taken a fork
1941 104 is thinking
1941 196 is sleeping
1941 91 has taken a fork
1941 109 is thinking
1942 195 is sleeping
1942 88 has taken a fork
1943 79 is eating
1943 80 is eating
1943 76 is eating
1943 187 is sleeping
1943 86 has taken a fork
1943 84 has taken a fork
1944 197 is sleeping
1944 190 is sleeping
1944 184 is sleeping
1944 100 is thinking
1944 97 has taken a fork
1944 95 has taken a fork
1944 92 has taken a fork
1944 102 is thinking
1944 191 is sleeping
1944 98 has taken a fork
1944 82 has taken a fork
1944 85 has taken a fork
1945 83 has taken a fork
1945 188 is sleeping
1945 94 has taken a fork
1945 87 has taken a fork
1946 111 is thinking
1946 198 is sleeping
1946 93 has taken a fork
1946 99 has taken a fork
1946 90 has taken a fork
1946 89 is eating
1946 91 has taken a fork
1946 106 is thinking
1946 194 is sleeping
1947 88 has taken a fork
1947 101 has taken a fork
1947 3 is sleeping
1947 86 has taken a fork
1947 96 has taken a fork
1947 84 is eating
1947 7 is sleeping
1947 5 is sleeping
1947 97 has taken a fork
1947 95 has taken a fork
1947 92 has taken a fork
1947 105 has taken a fork
1948 98 has taken a fork
1948 82 is eating
1948 85 is eating
1948 9 is sleeping
1948 113 is thinking
1948 83 is eating
1949 107 has taken a fork
1949 94 has taken a fork
1949 87 is eating
1949 103 has taken a fork
1951 108 is thinking
1952 93 is eating
1952 99 has taken a fork
1952 90 is eating
1953 91 is eating
1953 88 is eating
1953 115 is thinking
1954 101 has taken a fork
1954 121 is thinking
1954 86 is eating
1954 96 has taken a fork
1954 97 is eating
1954 95 is eating
1956 92 is eating
1957 105 has taken a fork
1957 98 is eating
1957 2 is sleeping
1958 117 is thinking
1958 119 is thinking
1958 104 has taken a fork
1958 112 is thinking
1958 118 is thinking
1958 94 is eating
1960 103 has taken a fork
1960 110 is thinking
1960 116 is thinking
1960 107 has taken a fork
1960 123 is thinking
1960 122 is thinking
1960 133 is thinking
1960 124 is thinking
1960 127 is thinking
1961 120 is thinking
1961 129 is thinking
1961 131 is thinking
1961 99 is eating
1962 114 is thinking
1962 135 is thinking
1962 134 is thinking
1962 138 is thinking
1962 126 is thinking
1962 137 is thinking
1962 128 is thinking
1962 15 is sleeping
1962 125 is thinking
1962 141 is thinking
1963 109 has taken a fork
1963 101 is eating
1964 1 is sleeping
1964 17 is sleeping
1964 102 has taken a fork
1964 100 has taken a fork
1964 96 is eating
1964 130 is thinking
1964 139 is thinking
1964 6 is sleeping
1964 105 is eating
1964 142 is thinking
1965 143 is thinking
1965 111 has taken a fork
1965 104 has taken a fork
1965 136 is thinking
1965 140 is thinking
1965 132 is thinking
1967 19 is sleeping
1968 106 has taken a fork
1968 147 is thinking
1968 103 is eating
1969 146 is thinking
1969 148 is thinking
1969 107 is eating
1969 12 is sleeping
1969 149 is thinking
1969 151 is thinking
1969 150 is thinking
1969 144 is thinking
1969 10 is sleeping
1969 108 has taken a fork
1970 113 has taken a fork
1970 8 is sleeping
1971 115 has taken a fork
1971 109 has taken a fork
1971 13 is sleeping
1971 121 has taken a fork
1971 102 has taken a fork
1971 100 has taken a fork
1971 14 is sleeping
1971 117 has taken a fork
1971 4 is sleeping
1972 156 is thinking
1972 159 is thinking
1972 27 is sleeping
1972 112 has taken a fork
1972 119 has taken a fork
1972 111 has taken a fork
1972 104 is eating
1972 11 is sleeping
1973 118 has taken a fork
1973 23 is sleeping
1973 145 is thinking
1973 163 is thinking
1973 110 has taken a fork
1973 106 has taken a fork
1973 20 is sleeping
1973 31 is sleeping
1973 21 is sleeping
1974 34 is sleeping
1974 26 is sleeping
1974 25 is sleeping
1975 116 has taken a fork
1975 123 has taken a fork
1975 122 has taken a fork
1976 133 has taken a fork
1976 124 has taken a fork
1976 127 has taken a fork
1976 16 is sleeping
1976 120 has taken a fork
1976 18 is sleeping
1976 129 has taken a fork
1977 108 has taken a fork
1977 32 is sleeping
1977 29 is sleeping
1978 22 is sleeping
1978 37 is sleeping
1978 35 is sleeping
1978 24 is sleeping
1979 131 has taken a fork
1979 114 has taken a fork
1979 30 is sleeping
1979 113 has taken a fork
1979 134 has taken a fork
1979 138 has taken a fork
1980 135 has taken a fork
1980 126 has taken a fork
1980 137 has taken a fork
1980 33 is sleeping
1980 39 is sleeping
1980 115 has taken a fork
1980 45 is sleeping
1981 125 has taken a fork
1981 109 is eating
1982 141 has taken a fork
1982 121 has taken a fork
1983 102 is eating
1983 100 is eating
1983 117 has taken a fork
1983 38 is sleeping
1983 51 is sleeping
1983 130 has taken a fork
1983 139 has taken a fork
1984 112 has taken a fork
1984 119 has taken a fork
1984 111 is eating
1984 118 has taken a fork
1984 110 has taken a fork
1984 106 is eating
1984 48 is sleeping
1986 128 has taken a fork
1987 142 has taken a fork
1987 43 is sleeping
1987 143 has taken a fork
1987 40 is sleeping
1987 36 is sleeping
1987 28 is sleeping
1988 44 is sleeping
1988 136 has taken a fork
1988 132 has taken a fork
1989 140 has taken a fork
1990 161 is thinking
1990 157 is thinking
1991 116 has taken a fork
1991 50 is sleeping
1992 53 is sleeping
1993 147 has taken a fork
1993 123 has taken a fork
1995 146 has taken a fork
1995 148 has taken a fork
1995 122 has taken a fork
1996 133 has taken a fork
1996 124 has taken a fork
1996 127 has taken a fork
1996 120 has taken a fork
1997 129 has taken a fork
1997 108 is eating
1997 49 is sleeping
1997 55 is sleeping
1997 41 is sleeping
1997 151 has taken a fork
1998 150 has taken a fork
1998 149 has taken a fork
1998 162 is thinking
1998 131 has taken a fork
1998 42 is sleeping
1999 144 has taken a fork
1999 114 has taken a fork
1999 113 is eating
2000 134 has taken a fork
2000 138 has taken a fork
2000 135 has taken a fork
2000 126 has taken a fork
2001 137 has taken a fork
2001 115 is eating
2002 125 has taken a fork
2002 153 is thinking
2002 155 is thinking
2002 160 is thinking
2002 141 has taken a fork
2002 121 is eating
2002 117 is eating
2002 154 is thinking
2002 130 has taken a fork
2002 152 is thinking
2003 169 is thinking
2004 166 is thinking
2004 139 has taken a fork
2004 61 is sleeping
2005 156 has taken a fork
2005 112 is eating
2005 119 is eating
2005 118 is eating
2006 110 is eating
2006 57 is sleeping
2006 56 is sleeping
2006 159 has taken a fork
2006 145 has taken a fork
2006 168 is thinking
2006 167 is thinking
2007 128 has taken a fork
2008 142 has taken a fork
2008 143 has taken a fork
2008 136 has taken a fork
2009 164 is thinking
2010 132 has taken a fork
2011 165 is thinking
2012 158 is thinking
2013 140 has taken a fork
2013 116 is eating
2013 63 is sleeping
2013 59 is sleeping
2013 163 has taken a fork
2013 161 has taken a fork
2013 147 has taken a fork
2013 67 is sleeping
2013 123 is eating
2013 157 has taken a fork
2014 173 is thinking
2015 54 is sleeping
2015 146 has taken a fork
2016 148 has taken a fork
2016 122 is eating
2016 133 is eating
2016 124 is eating
2016 127 is eating
2016 120 is eating
2016 129 is eating
2016 65 is sleeping
2017 151 has taken a fork
2017 150 has taken a fork
2019 149 has taken a fork
2021 162 has taken a fork
2021 131 is eating
2021 175 is thinking
2022 144 has taken a fork
2022 114 is eating
2022 171 is thinking
2022 134 is eating
2022 58 is sleeping
2022 138 is eating
2022 135 is eating
2022 126 is eating
2022 62 is sleeping
2022 47 is sleeping
2022 137 is eating
2022 46 is sleeping
2022 125 is eating
2022 153 has taken a fork
2022 155 has taken a fork
2023 160 has taken a fork
2023 141 is eating
2023 130 is eating
2024 152 has taken a fork
2025 66 is sleeping
2025 181 is thinking
2025 176 is thinking
2025 154 has taken a fork
2026 169 has taken a fork
2026 68 is sleeping
2027 177 is thinking
2027 139 is eating
2027 156 has taken a fork
2028 166 has taken a fork
2030 52 is sleeping
2030 60 is sleeping
2031 145 has taken a fork
2032 159 has taken a fork
2032 168 has taken a fork
2033 167 has taken a fork
2034 128 is eating
2034 70 is sleeping
2035 142 is eating
2035 143 is eating
2035 136 is eating
2037 64 is sleeping
2038 164 has taken a fork
2039 172 is thinking
2039 179 is thinking
2039 71 is sleeping
2039 72 is sleeping
2039 69 is sleeping
2039 132 is eating
2039 165 has taken a fork
2039 185 is thinking
2039 170 is thinking
2039 158 has taken a fork
2039 174 is thinking
2039 140 is eating
2039 163 has taken a fork
2041 161 has taken a fork
2041 147 is eating
2042 157 has taken a fork
2043 173 has taken a fork
2044 73 is sleeping
2044 146 is eating
2045 74 is sleeping
2045 75 is sleeping
2045 148 is eating
2045 151 is eating
2045 150 is eating
2045 81 is sleeping
2045 78 is sleeping
2045 149 is eating
2045 77 is sleeping
2045 162 has taken a fork
2045 175 has taken a fork
2046 144 is eating
2046 171 has taken a fork
2046 153 has taken a fork
2048 155 has taken a fork
2049 160 has taken a fork
2049 152 has taken a fork
2049 79 is sleeping
2050 181 has taken a fork
2050 176 has taken a fork
2050 154 has taken a fork
2051 76 is sleeping
2051 80 is sleeping
2051 169 has taken a fork
2051 177 has taken a fork
2051 156 is eating
2051 166 has taken a fork
2051 145 is eating
2051 159 is eating
2051 180 is thinking
2052 168 has taken a fork
2052 89 is sleeping
2052 167 has taken a fork
2053 178 is thinking
2053 84 is sleeping
2054 82 is sleeping
2055 85 is sleeping
2055 183 is thinking
2055 83 is sleeping
2055 193 is thinking
2055 164 has taken a fork
2056 172 has taken a fork
2057 179 has taken a fork
2058 186 is thinking
2059 189 is thinking
2059 87 is sleeping
2060 165 has taken a fork
2060 185 has taken a fork
2060 170 has taken a fork
2060 158 has taken a fork
2060 174 has taken a fork
2060 163 is eating
2060 182 is thinking
2060 196 is thinking
2060 192 is thinking
2061 93 is sleeping
2061 161 is eating
2061 157 is eating
2061 195 is thinking
2061 90 is sleeping
2061 173 has taken a fork
2063 187 is thinking
2063 88 is sleeping
2064 184 is thinking
2064 190 is thinking
2064 197 is thinking
2064 91 is sleeping
2065 191 is thinking
2066 188 is thinking
2066 95 is sleeping
2066 97 is sleeping
2066 86 is sleeping
2066 162 is eating
2066 175 has taken a fork
2066 198 is thinking
2067 92 is sleeping
2067 194 is thinking
2067 171 has taken a fork
2067 153 is eating
2068 7 is thinking
2068 5 is thinking
2068 3 is thinking
2069 9 is thinking
2073 155 is eating
2073 98 is sleeping
2074 94 is sleeping
2076 160 is eating
2076 152 is eating
2077 181 has taken a fork
2078 176 has taken a fork
2080 154 is eating
2082 169 is eating
2082 99 is sleeping
2083 177 has taken a fork
2084 166 is eating
2085 180 has taken a fork
2085 168 is eating
2086 178 has taken a fork
2086 101 is sleeping
2086 167 is eating
2086 105 is sleeping
2087 96 is sleeping
2088 183 has taken a fork
2088 193 has taken a fork
2089 164 is eating
2091 172 has taken a fork
2091 103 is sleeping
2091 2 is thinking
2091 107 is sleeping
2091 179 has taken a fork
2091 186 has taken a fork
2092 189 has taken a fork
2093 165 is eating
2093 185 has taken a fork
2093 170 has taken a fork
2093 158 is eating
2093 174 has taken a fork
2093 182 has taken a fork
2093 196 has taken a fork
2094 192 has taken a fork
2094 104 is sleeping
2094 195 has taken a fork
2094 173 is eating
2094 15 is thinking
2094 187 has taken a fork
2094 17 is thinking
2094 1 is thinking
2094 184 has taken a fork
2095 6 is thinking
2095 190 has taken a fork
2095 197 has taken a fork
2095 191 has taken a fork
2095 188 has taken a fork
2095 175 is eating
2096 198 has taken a fork
2096 109 is sleeping
2096 19 is thinking
2096 171 is eating
2096 194 has taken a fork
2096 7 has taken a fork
2096 5 has taken a fork
2096 3 has taken a fork
2096 102 is sleeping
2096 100 is sleeping
2096 12 is thinking
2096 10 is thinking
2096 9 has taken a fork
2097 8 is thinking
2097 13 is thinking
2097 14 is thinking
2097 4 is thinking
2097 27 is thinking
2097 106 is sleeping
2097 11 is thinking
2097 111 is sleeping
2098 20 is thinking
2098 31 is thinking
2098 21 is thinking
2098 25 is thinking
2098 34 is thinking
2098 26 is thinking
2099 23 is thinking
2099 16 is thinking
2099 18 is thinking
2099 32 is thinking
2100 29 is thinking
2101 181 is eating
2101 176 is eating
2101 37 is thinking
2101 24 is thinking
2101 22 is thinking
2101 35 is thinking
2101 108 is sleeping
2101 113 is sleeping
2102 39 is thinking
2102 33 is thinking
2102 45 is thinking
2103 30 is thinking
2103 115 is sleeping
2103 121 is sleeping
2103 51 is thinking
2103 117 is sleeping
2104 38 is thinking
2104 177 is eating
2104 48 is thinking
2104 112 is sleeping
2104 119 is sleeping
2104 180 has taken a fork
2104 118 is sleeping
2104 178 has taken a fork
2104 43 is thinking
2105 110 is sleeping
2105 40 is thinking
2105 36 is thinking
2105 44 is thinking
2105 183 has taken a fork
2105 28 is thinking
2106 193 has taken a fork
2106 116 is sleeping
2107 123 is sleeping
2107 2 has taken a fork
2107 50 is thinking
2107 172 is eating
2107 179 is eating
2107 186 has taken a fork
2107 133 is sleeping
2107 127 is sleeping
2107 124 is sleeping
2107 122 is sleeping
2107 53 is thinking
2107 189 has taken a fork
2108 120 is sleeping
2108 129 is sleeping
2108 185 is eating
2108 170 is eating
2108 174 is eating
2108 182 has taken a fork
2108 196 has taken a fork
2108 192 has taken a fork
2108 195 has taken a fork
2108 15 has taken a fork
2108 187 has taken a fork
2108 17 has taken a fork
2108 1 has taken a fork
2108 184 has taken a fork
2109 6 has taken a fork
2109 190 has taken a fork
2109 197 has taken a fork
2109 191 has taken a fork
2109 188 has taken a fork
2109 198 has taken a fork
2109 131 is sleeping
2109 19 has taken a fork
2109 135 is sleeping
2110 137 is sleeping
2110 194 has taken a fork
2110 7 has taken a fork
2110 114 is sleeping
2110 134 is sleeping
2110 5 has taken a fork
2110 138 is sleeping
2110 3 has taken a fork
2110 12 has taken a fork
2111 10 has taken a fork
2111 9 has taken a fork
2111 141 is sleeping
2111 55 is thinking
2111 8 has taken a fork
2111 41 is thinking
2111 125 is sleeping
2111 126 is sleeping
2111 49 is thinking
2111 13 has taken a fork
2111 14 has taken a fork
2111 4 has taken a fork
2111 27 has taken a fork
2112 11 has taken a fork
2112 42 is thinking
2112 130 is sleeping
2112 20 has taken a fork
2112 21 has taken a fork
2112 31 has taken a fork
2112 25 has taken a fork
2112 34 has taken a fork
2112 26 has taken a fork
2112 23 has taken a fork
2112 16 has taken a fork
2112 18 has taken a fork
2112 32 has taken a fork
2112 139 is sleeping
2112 29 has taken a fork
2112 24 has taken a fork
2112 37 has taken a fork
2112 22 has taken a fork
2112 35 has taken a fork
2112 39 has taken a fork
2112 33 has taken a fork
2113 45 has taken a fork
2113 30 has taken a fork
2113 51 has taken a fork
2113 61 is thinking
2113 142 is sleeping
2113 38 has taken a fork
2113 180 is eating
2113 178 is eating
2113 136 is sleeping
2113 143 is sleeping
2113 48 has taken a fork
2113 43 has taken a fork
2113 128 is sleeping
2113 40 has taken a fork
2113 183 is eating
2113 57 is thinking
2113 56 is thinking
2113 193 is eating
2113 132 is sleeping
2114 36 has taken a fork
2114 2 has taken a fork
2114 44 has taken a fork
2114 140 is sleeping
2114 186 is eating
2115 189 is eating
2115 147 is sleeping
2115 28 has taken a fork
2115 182 is eating
2116 196 is eating
2116 192 is eating
2116 195 is eating
2116 15 has taken a fork
2117 187 is eating
2117 17 has taken a fork
2117 1 has taken a fork
2117 184 is eating
2117 6 has taken a fork
2117 190 is eating
2118 197 is eating
2118 191 is eating
2118 188 is eating
2119 198 is eating
2119 19 has taken a fork
2119 148 is sleeping
2119 146 is sleeping
2119 53 has taken a fork
2119 194 is eating
2119 7 is eating
2119 50 has taken a fork
2119 5 is eating
2119 3 is eating
2120 12 has taken a fork
2120 10 has taken a fork
2120 9 is eating
2120 8 has taken a fork
2120 13 has taken a fork
2121 14 has taken a fork
2121 4 has taken a fork
2121 27 has taken a fork
2122 150 is sleeping
2122 11 has taken a fork
2122 55 has taken a fork
2123 151 is sleeping
2123 41 has taken a fork
2123 20 has taken a fork
2123 21 has taken a fork
2123 31 has taken a fork
2123 149 is sleeping
2123 25 has taken a fork
2123 49 has taken a fork
2124 34 has taken a fork
2124 26 has taken a fork
2124 23 has taken a fork
2124 16 has taken a fork
2124 18 has taken a fork
2125 32 has taken a fork
2125 29 has taken a fork
2125 24 has taken a fork
2126 37 has taken a fork
2127 22 has taken a fork
2127 35 has taken a fork
2128 39 has taken a fork
2129 33 has taken a fork
2131 144 is sleeping
2133 67 is thinking
2135 63 is thinking
2136 45 has taken a fork
2136 59 is thinking
2136 30 has taken a fork
2136 51 has taken a fork
2136 38 has taken a fork
2137 42 has taken a fork
2137 48 has taken a fork
2137 43 has taken a fork
2137 40 has taken a fork
2137 36 has taken a fork
2138 2 is eating
2138 44 has taken a fork
2139 54 is thinking
2139 28 has taken a fork
2139 65 is thinking
2141 15 is eating
2141 17 is eating
2142 1 is eating
2142 6 is eating
2142 156 is sleeping
2142 61 has taken a fork
2143 159 is sleeping
2143 57 has taken a fork
2143 19 is eating
2144 53 has taken a fork
2144 145 is sleeping
2145 56 has taken a fork
2145 50 has taken a fork
2146 12 is eating
2146 10 is eating
2146 8 is eating
2147 13 is eating
2147 14 is eating
2147 4 is eating
2147 27 is eating
2148 58 is thinking
2148 46 is thinking
2148 47 is thinking
2148 62 is thinking
2148 11 is eating
2148 55 has taken a fork
2148 41 has taken a fork
2148 20 is eating
2149 21 is eating
2149 31 is eating
2149 25 is eating
2149 49 has taken a fork
2149 34 is eating
2149 26 is eating
2149 23 is eating
2149 16 is eating
2150 18 is eating
2150 32 is eating
2150 29 is eating
2151 24 is eating
2153 66 is thinking
2153 37 is eating
2153 163 is sleeping
2155 22 is eating
2157 68 is thinking
2158 161 is sleeping
2158 35 is eating
2158 157 is sleeping
2158 39 is eating
2158 33 is eating
2158 52 is thinking
2160 60 is thinking
2161 162 is sleeping
2162 67 has taken a fork
2162 70 is thinking
2162 63 has taken a fork
2162 45 is eating
2162 153 is sleeping
2162 59 has taken a fork
2162 30 is eating
2162 51 is eating
2162 38 is eating
2162 42 has taken a fork
2163 64 is thinking
2164 48 is eating
2164 43 is eating
2164 40 is eating
2165 36 is eating
2166 155 is sleeping
2167 44 is eating
2168 160 is sleeping
2168 72 is thinking
2169 54 has taken a fork
2169 28 is eating
2171 152 is sleeping
2171 65 has taken a fork
2172 69 is thinking
2175 71 is thinking
2175 154 is sleeping
2175 61 has taken a fork
2176 57 has taken a fork
2178 169 is sleeping
2179 53 is eating
2180 73 is thinking
2181 81 is thinking
2181 56 has taken a fork
2181 78 is thinking
2181 74 is thinking
2181 77 is thinking
2181 166 is sleeping
2181 75 is thinking
2182 50 is eating
2182 167 is sleeping
2182 168 is sleeping
2182 58 has taken a fork
2182 46 has taken a fork
2182 47 has taken a fork
2182 62 has taken a fork
2182 55 is eating
2182 41 is eating
2182 49 is eating
2183 164 is sleeping
2184 79 is thinking
2184 80 is thinking
2185 76 is thinking
2185 89 is thinking
2185 165 is sleeping
2185 158 is sleeping
2185 84 is thinking
2185 66 has taken a fork
2186 173 is sleeping
2186 82 is thinking
2188 85 is thinking
2191 83 is thinking
2193 68 has taken a fork
2194 52 has taken a fork
2194 87 is thinking
2194 171 is sleeping
2194 60 has taken a fork
2194 175 is sleeping
2194 93 is thinking
2194 90 is thinking
2196 67 has taken a fork
2197 70 has taken a fork
2198 63 has taken a fork
2199 59 has taken a fork
2200 42 is eating
2201 181 is sleeping
2201 176 is sleeping
2202 88 is thinking
2202 64 has taken a fork
2203 91 is thinking
2203 177 is sleeping
2203 97 is thinking
2203 86 is thinking
2204 95 is thinking
2204 92 is thinking
2205 72 has taken a fork
2205 54 has taken a fork
2206 65 has taken a fork
2206 69 has taken a fork
2206 179 is sleeping
2206 172 is sleeping
2206 185 is sleeping
2207 174 is sleeping
2207 170 is sleeping
2207 98 is thinking
2207 94 is thinking
2207 71 has taken a fork
2207 61 is eating
2207 57 is eating
2207 73 has taken a fork
2208 81 has taken a fork
2208 56 is eating
2208 78 has taken a fork
2209 74 has taken a fork
2210 77 has taken a fork
2210 99 is thinking
2210 75 has taken a fork
2210 58 has taken a fork
2210 46 has taken a fork
2210 47 has taken a fork
2210 62 has taken a fork
2210 180 is sleeping
2210 178 is sleeping
2211 183 is sleeping
2211 193 is sleeping
2211 79 has taken a fork
2211 80 has taken a fork
2211 76 has taken a fork
2211 89 has taken a fork
2212 84 has taken a fork
2212 101 is thinking
2213 66 has taken a fork
2214 105 is thinking
2214 82 has taken a fork
2214 189 is sleeping
2214 96 is thinking
2215 186 is sleeping
2215 182 is sleeping
2215 192 is sleeping
2215 196 is sleeping
2215 85 has taken a fork
2215 195 is sleeping
2215 187 is sleeping
2216 190 is sleeping
2216 197 is sleeping
2216 184 is sleeping
2216 103 is thinking
2217 107 is thinking
2218 83 has taken a fork
2219 188 is sleeping
2219 191 is sleeping
2219 198 is sleeping
2219 194 is sleeping
2219 68 has taken a fork
2219 52 has taken a fork
2219 7 is sleeping
2219 5 is sleeping
2219 87 has taken a fork
2220 60 has taken a fork
2220 3 is sleeping
2220 93 has taken a fork
2220 90 has taken a fork
2222 104 is thinking
2222 9 is sleeping
2223 67 is eating
2223 102 is thinking
2224 109 is thinking
2224 100 is thinking
2224 106 is thinking
2224 70 has taken a fork
2224 111 is thinking
2224 63 is eating
2224 59 is eating
2224 108 is thinking
2224 88 has taken a fork
2225 113 is thinking
2225 64 has taken a fork
2225 115 is thinking
2225 91 has taken a fork
2225 121 is thinking
2225 117 is thinking
2225 97 has taken a fork
2225 86 has taken a fork
2225 118 is thinking
2226 112 is thinking
2226 119 is thinking
2226 95 has taken a fork
2226 92 has taken a fork
2226 110 is thinking
2226 72 has taken a fork
2226 54 is eating
2227 65 is eating
2227 116 is thinking
2227 69 has taken a fork
2227 123 is thinking
2227 98 has taken a fork
2227 94 has taken a fork
2227 127 is thinking
2227 122 is thinking
2227 71 has taken a fork
2228 124 is thinking
2228 133 is thinking
2228 73 has taken a fork
2228 129 is thinking
2228 120 is thinking
2228 81 has taken a fork
2229 78 has taken a fork
2229 131 is thinking
2229 135 is thinking
2229 74 has taken a fork
2229 137 is thinking
2229 134 is thinking
2229 114 is thinking
2229 138 is thinking
2231 77 has taken a fork
2231 99 has taken a fork
2231 75 has taken a fork
2231 58 is eating
2231 46 is eating
2231 47 is eating
2231 62 is eating
2231 141 is thinking
2231 126 is thinking
2231 125 is thinking
2233 79 has taken a fork
2233 80 has taken a fork
2233 76 has taken a fork
2233 89 has taken a fork
2233 130 is thinking
2233 84 has taken a fork
2233 139 is thinking
2233 101 has taken a fork
2233 128 is thinking
2233 136 is thinking
2233 142 is thinking
2233 132 is thinking
2233 143 is thinking
2234 66 is eating
2234 140 is thinking
2234 105 has taken a fork
2234 82 has taken a fork
2234 96 has taken a fork
2234 2 is sleeping
2234 147 is thinking
2234 85 has taken a fork
2234 103 has taken a fork
2234 107 has taken a fork
2234 17 is sleeping
2234 1 is sleeping
2234 15 is sleeping
2234 83 has taken a fork
2235 146 is thinking
2235 148 is thinking
2235 6 is sleeping
2235 68 is eating
2235 52 is eating
2235 87 has taken a fork
2235 19 is sleeping
2235 60 is eating
2235 93 has taken a fork
2235 90 has taken a fork
2235 12 is sleeping
2235 10 is sleeping
2235 8 is sleeping
2236 4 is sleeping
2236 14 is sleeping
2236 150 is thinking
2236 13 is sleeping
2236 27 is sleeping
2236 104 has taken a fork
2236 11 is sleeping
2236 151 is thinking
2236 20 is sleeping
2236 149 is thinking
2236 102 has taken a fork
2236 26 is sleeping
2236 25 is sleeping
2236 31 is sleeping
2236 34 is sleeping
2236 23 is sleeping
2236 21 is sleeping
2236 109 has taken a fork
2236 100 has taken a fork
2236 106 has taken a fork
2236 70 is eating
2236 111 has taken a fork
2236 108 has taken a fork
2237 88 has taken a fork
2237 113 has taken a fork
2237 64 is eating
2237 16 is sleeping
2237 115 has taken a fork
2237 32 is sleeping
2237 18 is sleeping
2237 91 has taken a fork
2238 121 has taken a fork
2238 97 has taken a fork
2238 117 has taken a fork
2238 86 has taken a fork
2238 118 has taken a fork
2238 112 has taken a fork
2238 119 has taken a fork
2238 95 has taken a fork
2238 92 has taken a fork
2239 24 is sleeping
2239 29 is sleeping
2239 110 has taken a fork
2240 72 is eating
2240 37 is sleeping
2240 116 has taken a fork
2240 69 is eating
2241 123 has taken a fork
2241 98 has taken a fork
2241 94 has taken a fork
2241 127 has taken a fork
2241 122 has taken a fork
2242 71 is eating
2242 124 has taken a fork
2242 133 has taken a fork
2242 73 is eating
2242 129 has taken a fork
2242 120 has taken a fork
2242 81 is eating
2242 78 is eating
2242 131 has taken a fork
2242 135 has taken a fork
2242 22 is sleeping
2242 74 is eating
2242 137 has taken a fork
2242 134 has taken a fork
2242 114 has taken a fork
2242 33 is sleeping
2242 35 is sleeping
2242 138 has taken a fork
2242 39 is sleeping
2242 144 is thinking
2242 77 is eating
2243 99 has taken a fork
2243 75 is eating
2244 141 has taken a fork
2244 126 has taken a fork
2244 45 is sleeping
2245 125 has taken a fork
2245 30 is sleeping
2245 38 is sleeping
2245 79 is eating
2245 51 is sleeping
2245 80 is eating
2245 76 is eating
2245 89 is eating
2245 130 has taken a fork
2245 84 is eating
2245 139 has taken a fork
2246 101 has taken a fork
2246 128 has taken a fork
2246 105 has taken a fork
2246 82 is eating
2247 96 has taken a fork
2247 85 is eating
2247 103 has taken a fork
2247 107 has taken a fork
2247 83 is eating
2247 48 is sleeping
2247 40 is sleeping
2247 136 has taken a fork
2247 142 has taken a fork
2248 43 is sleeping
2248 87 is eating
2249 132 has taken a fork
2249 93 is eating
2249 90 is eating
2249 104 has taken a fork
2249 36 is sleeping
2249 143 has taken a fork
2249 102 has taken a fork
2249 109 has taken a fork
2249 100 has taken a fork
2250 106 has taken a fork
2250 111 has taken a fork
2250 108 has taken a fork
2250 88 is eating
2251 44 is sleeping
2251 113 has taken a fork
2251 140 has taken a fork
2251 115 has taken a fork
2251 91 is eating
2252 121 has taken a fork
2252 97 is eating
2252 117 has taken a fork
2252 86 is eating
2252 118 has taken a fork
2253 112 has taken a fork
2253 119 has taken a fork
2253 95 is eating
2253 92 is eating
2253 28 is sleeping
2254 147 has taken a fork
2254 110 has taken a fork
2254 116 has taken a fork
2254 123 has taken a fork
2255 98 is eating
2255 127 has taken a fork
2255 94 is eating
2255 122 has taken a fork
2255 124 has taken a fork
2255 133 has taken a fork
2255 129 has taken a fork
2255 120 has taken a fork
2256 156 is thinking
2256 131 has taken a fork
2257 135 has taken a fork
2257 137 has taken a fork
2258 134 has taken a fork
2258 114 has taken a fork
2258 138 has taken a fork
2258 159 is thinking
2258 99 is eating
2258 145 is thinking
2258 141 has taken a fork
2259 126 has taken a fork
2259 125 has taken a fork
2259 53 is sleeping
2259 146 has taken a fork
2259 130 has taken a fork
2259 139 has taken a fork
2259 50 is sleeping
2259 101 is eating
2259 148 has taken a fork
2260 105 is eating
2260 128 has taken a fork
2260 96 is eating
2260 49 is sleeping
2260 55 is sleeping
2260 41 is sleeping
2260 150 has taken a fork
2260 103 is eating
2261 107 is eating
2261 151 has taken a fork
2261 149 has taken a fork
2261 136 has taken a fork
2261 142 has taken a fork
2261 132 has taken a fork
2261 104 is eating
2261 143 has taken a fork
2262 102 is eating
2262 109 is eating
2262 100 is eating
2262 106 is eating
2262 111 is eating
2263 108 is eating
2264 113 is eating
2264 140 has taken a fork
2264 115 is eating
2265 121 is eating
2265 117 is eating
2265 118 is eating
2266 112 is eating
2266 119 is eating
2266 163 is thinking
2266 147 has taken a fork
2266 110 is eating
2266 116 is eating
2266 123 is eating
2266 127 is eating
2266 122 is eating
2267 124 is eating
2267 133 is eating
2267 129 is eating
2268 120 is eating
2268 131 is eating
2268 42 is sleeping
2269 135 is eating
2269 144 has taken a fork
2270 137 is eating
2271 161 is thinking
2271 157 is thinking
2271 134 is eating
2271 114 is eating
2272 138 is eating
2272 141 is eating
2272 126 is eating
2273 125 is eating
2274 146 has taken a fork
2274 130 is eating
2274 139 is eating
2275 148 has taken a fork
2275 128 is eating
2275 150 has taken a fork
2275 162 is thinking
2275 151 has taken a fork
2275 149 has taken a fork
2275 142 is eating
2276 136 is eating
2276 132 is eating
2277 143 is eating
2277 153 is thinking
2277 61 is sleeping
2277 57 is sleeping
2277 156 has taken a fork
2278 56 is sleeping
2278 159 has taken a fork
2278 140 is eating
2279 155 is thinking
2279 147 is eating
2279 145 has taken a fork
2279 160 is thinking
2279 144 has taken a fork
2279 152 is thinking
2279 146 is eating
2280 148 is eating
2280 154 is thinking
2280 150 is eating
2281 151 is eating
2282 149 is eating
2282 156 has taken a fork
2283 169 is thinking
2284 67 is sleeping
2284 159 has taken a fork
2284 163 has taken a fork
2284 145 has taken a fork
2285 144 is eating
2286 63 is sleeping
2286 59 is sleeping
2286 161 has taken a fork
2286 157 has taken a fork
2286 166 is thinking
2287 167 is thinking
2287 168 is thinking
2287 156 is eating
2287 164 is thinking
2288 65 is sleeping
2288 54 is sleeping
2288 162 has taken a fork
2289 153 has taken a fork
2289 159 is eating
2290 163 has taken a fork
2293 145 is eating
2294 158 is thinking
2294 165 is thinking
2295 173 is thinking
2295 161 has taken a fork
2295 157 has taken a fork
2295 162 has taken a fork
2296 153 has taken a fork
2296 58 is sleeping
2296 46 is sleeping
2296 155 has taken a fork
2296 160 has taken a fork
2296 47 is sleeping
2296 62 is sleeping
2296 163 is eating
2296 152 has taken a fork
2296 154 has taken a fork
2296 175 is thinking
2297 171 is thinking
2297 66 is sleeping
2298 169 has taken a fork
2298 161 is eating
2298 157 is eating
2299 162 is eating
2299 153 is eating
2300 155 has taken a fork
2300 160 has taken a fork
2301 152 has taken a fork
2302 154 has taken a fork
2302 68 is sleeping
2303 166 has taken a fork
2303 52 is sleeping
2304 167 has taken a fork
2305 169 has taken a fork
2306 60 is sleeping
2306 168 has taken a fork
2307 70 is sleeping
2307 164 has taken a fork
2307 155 is eating
2307 64 is sleeping
2308 160 is eating
2308 158 has taken a fork
2309 152 is eating
2309 176 is thinking
2310 154 is eating
2311 177 is thinking
2311 166 has taken a fork
2312 167 has taken a fork
2312 169 is eating
2313 72 is sleeping
2313 172 is thinking
2314 185 is thinking
2314 179 is thinking
2315 165 has taken a fork
2315 69 is sleeping
2315 173 has taken a fork
2315 168 has taken a fork
2316 181 is thinking
2316 164 has taken a fork
2316 170 is thinking
2317 174 is thinking
2317 158 has taken a fork
2317 71 is sleeping
2317 175 has taken a fork
2317 178 is thinking
2318 180 is thinking
2318 193 is thinking
2318 73 is sleeping
2319 183 is thinking
2320 171 has taken a fork
2320 166 is eating
2320 74 is sleeping
2321 176 has taken a fork
2321 81 is sleeping
2322 177 has taken a fork
2322 167 is eating
2322 77 is sleeping
2322 78 is sleeping
2322 75 is sleeping
2322 172 has taken a fork
2322 189 is thinking
2322 185 has taken a fork
2323 76 is sleeping
2323 79 is sleeping
2324 186 is thinking
2325 192 is thinking
2326 187 is thinking
2327 179 has taken a fork
2327 196 is thinking
2327 195 is thinking
2327 182 is thinking
2328 84 is sleeping
2328 89 is sleeping
2328 80 is sleeping
2328 165 has taken a fork
2328 173 has taken a fork
2328 168 is eating
2328 190 is thinking
2328 197 is thinking
2328 184 is thinking
2328 82 is sleeping
2329 181 has taken a fork
2329 164 is eating
2330 170 has taken a fork
2330 174 has taken a fork
2331 158 is eating
2331 175 has taken a fork
2332 85 is sleeping
2332 178 has taken a fork
2333 180 has taken a fork
2333 193 has taken a fork
2333 191 is thinking
2334 198 is thinking
2334 5 is thinking
2334 194 is thinking
2334 188 is thinking
2337 7 is thinking
2339 83 is sleeping
2342 183 has taken a fork
2342 171 has taken a fork
2342 3 is thinking
2343 87 is sleeping
2343 176 has taken a fork
2343 177 has taken a fork
2343 9 is thinking
2344 90 is sleeping
2344 93 is sleeping
2344 172 has taken a fork
2345 189 has taken a fork
2345 185 has taken a fork
2345 186 has taken a fork
2346 192 has taken a fork
2346 88 is sleeping
2347 187 has taken a fork
2347 91 is sleeping
2348 179 has taken a fork
2348 196 has taken a fork
2349 195 has taken a fork
2349 86 is sleeping
2349 165 is eating
2349 97 is sleeping
2349 173 is eating
2350 190 has taken a fork
2350 182 has taken a fork
2350 92 is sleeping
2350 95 is sleeping
2351 184 has taken a fork
2351 197 has taken a fork
2351 181 has taken a fork
2352 170 has taken a fork
2352 174 has taken a fork
2352 94 is sleeping
2352 98 is sleeping
2352 175 is eating
2353 178 has taken a fork
2353 180 has taken a fork
2353 193 has taken a fork
2353 191 has taken a fork
2353 99 is sleeping
2353 15 is thinking
2353 2 is thinking
2353 198 has taken a fork
2353 17 is thinking
2353 5 has taken a fork
2353 1 is thinking
2353 6 is thinking
2353 10 is thinking
2353 12 is thinking
2353 19 is thinking
2353 14 is thinking
2353 20 is thinking
2353 26 is thinking
2353 8 is thinking
2353 101 is sleeping
2353 23 is thinking
2354 34 is thinking
2354 4 is thinking
2354 25 is thinking
2354 11 is thinking
2354 13 is thinking
2354 31 is thinking
2354 21 is thinking
2355 27 is thinking
2355 194 has taken a fork
2355 16 is thinking
2355 32 is thinking
2355 105 is sleeping
2355 96 is sleeping
2355 188 has taken a fork
2355 18 is thinking
2355 103 is sleeping
2355 29 is thinking
2356 24 is thinking
2356 107 is sleeping
2356 7 has taken a fork
2356 37 is thinking
2356 22 is thinking
2356 35 is thinking
2356 33 is thinking
2356 183 has taken a fork
2356 104 is sleeping
2356 39 is thinking
2357 171 is eating
2357 3 has taken a fork
2357 109 is sleeping
2357 102 is sleeping
2357 100 is sleeping
2357 111 is sleeping
2358 106 is sleeping
2358 176 is eating
2358 177 is eating
2358 9 has taken a fork
2358 108 is sleeping
2359 45 is thinking
2359 172 is eating
2359 115 is sleeping
2359 121 is sleeping
2359 117 is sleeping
2359 113 is sleeping
2359 38 is thinking
2360 118 is sleeping
2360 30 is thinking
2360 51 is thinking
2360 189 has taken a fork
2360 185 is eating
2360 186 has taken a fork
2360 110 is sleeping
2361 112 is sleeping
2361 119 is sleeping
2362 192 has taken a fork
2362 116 is sleeping
2362 127 is sleeping
2362 40 is thinking
2363 48 is thinking
2363 122 is sleeping
2363 123 is sleeping
2363 187 has taken a fork
2363 43 is thinking
2363 120 is sleeping
2363 133 is sleeping
2363 124 is sleeping
2363 179 is eating
2363 129 is sleeping
2364 196 has taken a fork
2364 36 is thinking
2364 131 is sleeping
2364 195 has taken a fork
2365 135 is sleeping
2365 137 is sleeping
2365 190 has taken a fork
2365 114 is sleeping
2366 134 is sleeping
2366 182 has taken a fork
2367 184 has taken a fork
2367 138 is sleeping
2367 44 is thinking
2367 197 has taken a fork
2367 181 is eating
2368 141 is sleeping
2368 170 is eating
2368 126 is sleeping
2369 174 is eating
2369 178 is eating
2369 180 is eating
2369 193 is eating
2369 191 has taken a fork
2369 15 has taken a fork
2369 125 is sleeping
2370 28 is thinking
2370 2 has taken a fork
2370 198 has taken a fork
2370 17 has taken a fork
2370 5 has taken a fork
2370 1 has taken a fork
2371 6 has taken a fork
2371 10 has taken a fork
2371 12 has taken a fork
2371 19 has taken a fork
2372 14 has taken a fork
2372 20 has taken a fork
2372 26 has taken a fork
2372 8 has taken a fork
2372 23 has taken a fork
2372 34 has taken a fork
2372 130 is sleeping
2373 128 is sleeping
2373 4 has taken a fork
2373 139 is sleeping
2373 25 has taken a fork
2374 11 has taken a fork
2374 13 has taken a fork
2374 31 has taken a fork
2374 21 has taken a fork
2375 142 is sleeping
2376 27 has taken a fork
2376 194 has taken a fork
2377 16 has taken a fork
2377 32 has taken a fork
2377 188 has taken a fork
2377 18 has taken a fork
2377 29 has taken a fork
2377 24 has taken a fork
2377 136 is sleeping
2377 132 is sleeping
2377 7 has taken a fork
2378 37 has taken a fork
2379 22 has taken a fork
2379 35 has taken a fork
2379 33 has taken a fork
2379 183 is eating
2379 39 has taken a fork
2379 3 has taken a fork
2379 143 is sleeping
2379 140 is sleeping
2379 9 has taken a fork
2379 147 is sleeping
2379 53 is thinking
2379 45 has taken a fork
2379 50 is thinking
2380 38 has taken a fork
2380 41 is thinking
2380 49 is thinking
2380 55 is thinking
2380 30 has taken a fork
2380 51 has taken a fork
2380 189 is eating
2380 186 is eating
2381 146 is sleeping
2381 192 is eating
2381 40 has taken a fork
2382 148 is sleeping
2382 48 has taken a fork
2382 187 is eating
2383 43 has taken a fork
2383 196 is eating
2383 36 has taken a fork
2385 150 is sleeping
2386 151 is sleeping
2386 195 is eating
2386 149 is sleeping
2387 190 is eating
2387 182 is eating
2387 184 is eating
2387 44 has taken a fork
2387 197 is eating
2387 42 is thinking
2387 191 is eating
2388 15 has taken a fork
2388 28 has taken a fork
2388 2 has taken a fork
2388 198 is eating
2388 17 has taken a fork
2388 5 is eating
2388 1 has taken a fork
2388 144 is sleeping
2389 6 has taken a fork
2389 10 has taken a fork
2389 12 has taken a fork
2391 19 has taken a fork
2391 14 has taken a fork
2392 20 has taken a fork
2392 26 has taken a fork
2392 8 has taken a fork
2393 23 has taken a fork
2393 34 has taken a fork
2393 4 has taken a fork
2393 25 has taken a fork
2393 11 has taken a fork
2393 13 has taken a fork
2393 31 has taken a fork
2394 21 has taken a fork
2394 156 is sleeping
2394 27 has taken a fork
2395 194 is eating
2395 16 has taken a fork
2395 32 has taken a fork
2396 188 is eating
2396 61 is thinking
2396 18 has taken a fork
2397 159 is sleeping
2397 29 has taken a fork
2398 24 has taken a fork
2398 57 is thinking
2399 7 is eating
2399 56 is thinking
2399 37 has taken a fork
2399 22 has taken a fork
2399 35 has taken a fork
2400 33 has taken a fork
2400 39 has taken a fork
2400 3 is eating
2401 9 is eating
2401 53 has taken a fork
2401 45 has taken a fork
2402 50 has taken a fork
2403 38 has taken a fork
2403 41 has taken a fork
2403 145 is sleeping
2403 49 has taken a fork
2404 55 has taken a fork
2404 30 has taken a fork
2404 51 has taken a fork
2404 40 has taken a fork
2405 48 has taken a fork
2405 43 has taken a fork
2406 36 has taken a fork
2406 67 is thinking
2406 63 is thinking
2407 59 is thinking
2407 163 is sleeping
2407 44 has taken a fork
2407 42 has taken a fork
2408 15 is eating
2408 28 has taken a fork
2408 2 is eating
2408 17 is eating
2408 1 is eating
2410 54 is thinking
2410 65 is thinking
2410 157 is sleeping
2410 6 is eating
2411 10 is eating
2411 12 is eating
2412 161 is sleeping
2413 153 is sleeping
2413 162 is sleeping
2413 19 is eating
2413 14 is eating
2413 20 is eating
2414 26 is eating
2414 8 is eating
2414 23 is eating
2414 34 is eating
2414 4 is eating
2415 25 is eating
2415 11 is eating
2415 13 is eating
2416 31 is eating
2416 21 is eating
2416 27 is eating
2417 16 is eating
2417 32 is eating
2417 58 is thinking
2418 47 is thinking
2419 46 is thinking
2421 62 is thinking
2422 61 has taken a fork
2422 18 is eating
2422 66 is thinking
2423 29 is eating
2423 24 is eating
2423 57 has taken a fork
2423 56 has taken a fork
2423 37 is eating
2423 22 is eating
2424 155 is sleeping
2424 35 is eating
2425 160 is sleeping
2425 33 is eating
2425 152 is sleeping
2426 154 is sleeping
2426 39 is eating
2426 53 has taken a fork
2426 45 is eating
2426 50 has taken a fork
2426 68 is thinking
2427 52 is thinking
2427 38 is eating
2427 41 has taken a fork
2427 49 has taken a fork
2428 55 has taken a fork
2428 169 is sleeping
2428 30 is eating
2428 51 is eating
2428 40 is eating
2429 48 is eating
2429 43 is eating
2429 36 is eating
2429 60 is thinking
2429 67 has taken a fork
2430 63 has taken a fork
2432 64 is thinking
2432 70 is thinking
2434 59 has taken a fork
2434 44 is eating
2435 42 has taken a fork
2435 28 is eating
2435 166 is sleeping
2436 54 has taken a fork
2437 167 is sleeping
2437 65 has taken a fork
2437 168 is sleeping
2437 72 is thinking
2440 164 is sleeping
2442 69 is thinking
2442 158 is sleeping
2442 71 is thinking
2443 58 has taken a fork
2443 47 has taken a fork
2444 73 is thinking
2447 46 has taken a fork
2448 74 is thinking
2449 81 is thinking
2450 62 has taken a fork
2450 61 has taken a fork
2450 78 is thinking
2450 77 is thinking
2450 75 is thinking
2450 66 has taken a fork
2451 57 has taken a fork
2451 56 has taken a fork
2451 79 is thinking
2451 76 is thinking
2452 53 is eating
2452 50 is eating
2452 68 has taken a fork
2453 52 has taken a fork
2453 41 is eating
2453 49 is eating
2453 55 is eating
2453 80 is thinking
2453 165 is sleeping
2453 84 is thinking
2453 89 is thinking
2454 173 is sleeping
2455 82 is thinking
2455 60 has taken a fork
2455 67 has taken a fork
2455 63 has taken a fork
2456 175 is sleeping
2456 70 has taken a fork
2456 64 has taken a fork
2460 85 is thinking
2461 59 has taken a fork
2462 171 is sleeping
2462 176 is sleeping
2462 177 is sleeping
2462 42 is eating
2463 172 is sleeping
2464 54 has taken a fork
2464 65 has taken a fork
2464 185 is sleeping
2465 72 has taken a fork
2465 179 is sleeping
2465 83 is thinking
2466 69 has taken a fork
2466 181 is sleeping
2466 170 is sleeping
2467 71 has taken a fork
2467 174 is sleeping
2467 87 is thinking
2468 58 has taken a fork
2468 47 has taken a fork
2468 90 is thinking
2468 93 is thinking
2468 178 is sleeping
2468 193 is sleeping
2468 180 is sleeping
2468 73 has taken a fork
2469 88 is thinking
2469 91 is thinking
2470 46 has taken a fork
2470 74 has taken a fork
2470 97 is thinking
2470 183 is sleeping
2471 81 has taken a fork
2471 86 is thinking
2471 95 is thinking
2472 92 is thinking
2472 61 is eating
2473 62 has taken a fork
2473 78 has taken a fork
2473 77 has taken a fork
2473 75 has taken a fork
2473 66 has taken a fork
2474 189 is sleeping
2474 57 is eating
2474 56 is eating
2475 79 has taken a fork
2475 98 is thinking
2475 76 has taken a fork
2475 94 is thinking
2475 186 is sleeping
2476 68 has taken a fork
2476 52 has taken a fork
2476 101 is thinking
2476 80 has taken a fork
2477 84 has taken a fork
2477 89 has taken a fork
2478 99 is thinking
2478 192 is sleeping
2478 103 is thinking
2478 96 is thinking
2478 105 is thinking
2478 82 has taken a fork
2478 60 has taken a fork
2478 187 is sleeping
2478 196 is sleeping
2478 67 is eating
2478 63 is eating
2479 104 is thinking
2479 107 is thinking
2479 70 has taken a fork
2479 64 has taken a fork
2479 100 is thinking
2479 111 is thinking
2480 195 is sleeping
2480 109 is thinking
2480 102 is thinking
2481 190 is sleeping
2481 184 is sleeping
2481 182 is sleeping
2481 108 is thinking
2482 106 is thinking
2482 197 is sleeping
2483 117 is thinking
2483 121 is thinking
2484 115 is thinking
2484 113 is thinking
2486 110 is thinking
2487 118 is thinking
2487 191 is sleeping
2487 85 has taken a fork
2487 112 is thinking
2488 198 is sleeping
2488 119 is thinking
2488 59 is eating
2488 127 is thinking
2488 116 is thinking
2489 120 is thinking
2489 124 is thinking
2489 133 is thinking
2490 123 is thinking
2491 122 is thinking
2491 131 is thinking
2491 129 is thinking
2492 54 is eating
2492 65 is eating
2492 137 is thinking
2492 72 has taken a fork
2492 135 is thinking
2493 114 is thinking
2494 83 has taken a fork
2494 134 is thinking
2494 194 is sleeping
2494 69 has taken a fork
2494 138 is thinking
2494 71 has taken a fork
2494 188 is sleeping
2494 87 has taken a fork
2494 58 is eating
2494 47 is eating
2495 90 has taken a fork
2495 141 is thinking
2495 93 has taken a fork
2495 126 is thinking
2495 73 has taken a fork
2495 88 has taken a fork
2495 125 is thinking
2495 91 has taken a fork
2495 46 is eating
2495 74 has taken a fork
2495 97 has taken a fork
2495 81 has taken a fork
2495 86 has taken a fork
2495 95 has taken a fork
2496 92 has taken a fork
2496 128 is thinking
2496 139 is thinking
2496 130 is thinking
2496 62 is eating
2496 78 has taken a fork
2496 77 has taken a fork
2496 75 has taken a fork
2496 66 is eating
2496 79 has taken a fork
2496 98 has taken a fork
2496 76 has taken a fork
2496 94 has taken a fork
2496 68 is eating
2496 52 is eating
2497 142 is thinking
2497 101 has taken a fork
2497 80 has taken a fork
2497 136 is thinking
2497 132 is thinking
2497 84 has taken a fork
2497 89 has taken a fork
2497 99 has taken a fork
2497 103 has taken a fork
2497 96 has taken a fork
2497 105 has taken a fork
2498 82 has taken a fork
2498 60 is eating
2498 143 is thinking
2498 140 is thinking
2498 104 has taken a fork
2498 147 is thinking
2498 70 is eating
2498 64 is eating
2499 111 has taken a fork
2499 146 is thinking
2500 107 has taken a fork
2500 100 has taken a fork
2500 109 has taken a fork
2500 148 is thinking
2500 106 has taken a fork
2500 102 has taken a fork
2504 108 has taken a fork
2504 121 has taken a fork
2504 117 has taken a fork
2505 115 has taken a fork
2505 113 has taken a fork
2505 150 is thinking
2506 151 is thinking
2506 110 has taken a fork
2507 149 is thinking
2507 118 has taken a fork
2507 85 has taken a fork
2507 112 has taken a fork
2507 119 has taken a fork
2508 144 is thinking
2508 127 has taken a fork
2508 116 has taken a fork
2508 120 has taken a fork
2509 124 has taken a fork
2509 133 has taken a fork
2509 123 has taken a fork
2509 122 has taken a fork
2510 131 has taken a fork
2510 129 has taken a fork
2510 137 has taken a fork
2510 72 is eating
2510 135 has taken a fork
2510 114 has taken a fork
2510 156 is thinking
2510 83 has taken a fork
2510 134 has taken a fork
2510 69 is eating
2510 138 has taken a fork
2510 71 is eating
2510 87 has taken a fork
2511 90 has taken a fork
2511 141 has taken a fork
2511 93 has taken a fork
2511 126 has taken a fork
2511 73 is eating
2511 88 has taken a fork
2512 125 has taken a fork
2512 91 has taken a fork
2512 74 is eating
2512 97 has taken a fork
2512 81 is eating
2512 86 has taken a fork
2512 95 has taken a fork
2512 92 has taken a fork
2513 128 has taken a fork
2513 139 has taken a fork
2514 130 has taken a fork
2514 78 is eating
2514 77 is eating
2514 75 is eating
2514 79 is eating
2514 98 has taken a fork
2515 76 is eating
2517 94 has taken a fork
2517 159 is thinking
2519 142 has taken a fork
2519 101 has taken a fork
2519 80 is eating
2519 136 has taken a fork
2519 132 has taken a fork
2520 84 is eating
2520 89 is eating
2520 99 has taken a fork
2520 103 has taken a fork
2520 96 has taken a fork
2520 105 has taken a fork
2520 82 is eating
2521 143 has taken a fork
2521 104 has taken a fork
2521 111 has taken a fork
2521 107 has taken a fork
2521 100 has taken a fork
2521 109 has taken a fork
2521 106 has taken a fork
2521 102 has taken a fork
2521 145 is thinking
2522 108 has taken a fork
2522 140 has taken a fork
2523 121 has taken a fork
2528 147 has taken a fork
2528 117 has taken a fork
2528 115 has taken a fork
2528 113 has taken a fork
2530 110 has taken a fork
2530 163 is thinking
2530 118 has taken a fork
2530 85 is eating
2530 112 has taken a fork
2530 119 has taken a fork
2530 127 has taken a fork
2530 116 has taken a fork
2530 120 has taken a fork
2531 124 has taken a fork
2532 133 has taken a fork
2532 123 has taken a fork
2532 122 has taken a fork
2532 157 is thinking
2532 131 has taken a fork
2533 129 has taken a fork
2533 137 has taken a fork
2533 135 has taken a fork
2534 114 has taken a fork
2534 83 is eating
2535 134 has taken a fork
2535 138 has taken a fork
2535 87 is eating
2535 90 is eating
2536 141 has taken a fork
2536 93 is eating
2536 126 has taken a fork
2536 88 is eating
2536 161 is thinking
2536 125 has taken a fork
2537 91 is eating
2537 97 is eating
2537 86 is eating
2537 95 is eating
2537 92 is eating
2538 162 is thinking
2539 153 is thinking
2542 128 has taken a fork
2543 139 has taken a fork
2543 130 has taken a fork
2543 98 is eating
2543 148 has taken a fork
2543 150 has taken a fork
2545 94 is eating
2545 146 has taken a fork
2546 151 has taken a fork
2546 149 has taken a fork
2546 142 has taken a fork
2546 101 is eating
2547 136 has taken a fork
2547 132 has taken a fork
2547 99 is eating
2547 103 is eating
2552 96 is eating
2553 105 is eating
2555 143 has taken a fork
2555 104 is eating
2556 107 is eating
2557 111 is eating
2557 100 is eating
2558 109 is eating
2558 106 is eating
2559 102 is eating
2559 108 is eating
2559 121 is eating
2559 155 is thinking
2559 152 is thinking
2560 140 has taken a fork
2560 160 is thinking
2560 144 has taken a fork
2560 169 is thinking
2560 147 has taken a fork
2561 154 is thinking
2561 117 is eating
2561 115 is eating
2561 113 is eating
2561 110 is eating
2561 118 is eating
2561 112 is eating
2561 119 is eating
2561 127 is eating
2561 116 is eating
2562 120 is eating
2566 124 is eating
2566 133 is eating
2566 123 is eating
2566 122 is eating
2566 131 is eating
2566 129 is eating
2566 137 is eating
2567 135 is eating
2567 156 has taken a fork
2570 114 is eating
2571 134 is eating
2571 166 is thinking
2571 138 is eating
2575 141 is eating
2575 126 is eating
2575 159 has taken a fork
2575 125 is eating
2575 145 has taken a fork
2575 168 is thinking
2576 167 is thinking
2576 164 is thinking
2577 158 is thinking
2578 128 is eating
2578 163 has taken a fork
2578 139 is eating
2578 157 has taken a fork
2579 130 is eating
2579 148 has taken a fork
2579 150 has taken a fork
2580 146 has taken a fork
2580 151 has taken a fork
2581 149 has taken a fork
2581 142 is eating
2581 136 is eating
2582 132 is eating
2582 161 has taken a fork
2584 162 has taken a fork
2584 165 is thinking
2584 173 is thinking
2584 153 has taken a fork
2585 143 is eating
2585 175 is thinking
2585 155 has taken a fork
2585 152 has taken a fork
2585 140 is eating
2585 160 has taken a fork
2586 144 has taken a fork
2586 169 has taken a fork
2586 147 is eating
2586 154 has taken a fork
2586 177 is thinking
2586 171 is thinking
2586 176 is thinking
2586 181 is thinking
2586 170 is thinking
2586 172 is thinking
2586 179 is thinking
2586 185 is thinking
2586 174 is thinking
2586 156 has taken a fork
2587 178 is thinking
2587 183 is thinking
2587 193 is thinking
2587 180 is thinking
2587 166 has taken a fork
2587 189 is thinking
2587 159 has taken a fork
2588 145 has taken a fork
2588 168 has taken a fork
2588 186 is thinking
2588 167 has taken a fork
2589 164 has taken a fork
2589 158 has taken a fork
2589 196 is thinking
2589 192 is thinking
2589 187 is thinking
2589 163 has taken a fork
2589 157 has taken a fork
2589 148 is eating
2589 150 is eating
2589 195 is thinking
2590 146 is eating
2590 151 is eating
2590 182 is thinking
2590 190 is thinking
2590 184 is thinking
2590 149 is eating
2590 197 is thinking
2590 161 has taken a fork
2590 162 has taken a fork
2590 173 has taken a fork
2590 165 has taken a fork
2590 153 has taken a fork
2590 175 has taken a fork
2590 155 has taken a fork
2590 152 has taken a fork
2590 160 has taken a fork
2590 144 is eating
2590 169 has taken a fork
2591 154 has taken a fork
2591 177 has taken a fork
2591 171 has taken a fork
2591 176 has taken a fork
2591 181 has taken a fork
2591 170 has taken a fork
2592 172 has taken a fork
2592 179 has taken a fork
2592 185 has taken a fork
2592 156 is eating
2592 191 is thinking
2592 174 has taken a fork
2592 178 has taken a fork
2592 183 has taken a fork
2592 166 has taken a fork
2592 198 is thinking
2592 159 is eating
2592 145 is eating
2592 168 has taken a fork
2593 193 has taken a fork
2593 167 has taken a fork
2593 164 has taken a fork
2593 158 has taken a fork
2593 163 is eating
2593 157 is eating
2593 161 is eating
2593 162 is eating
2593 173 has taken a fork
2594 165 has taken a fork
2594 153 is eating
2594 175 has taken a fork
2594 155 is eating
2594 152 is eating
2594 160 is eating
2594 169 is eating
2595 154 is eating
2595 177 has taken a fork
2595 171 has taken a fork
2595 176 has taken a fork
2595 181 has taken a fork
2595 170 has taken a fork
2596 172 has taken a fork
2596 179 has taken a fork
2596 174 has taken a fork
2596 178 has taken a fork
2596 185 has taken a fork
2596 183 has taken a fork
2596 166 is eating
2596 168 is eating
2597 193 has taken a fork
2597 167 is eating
2597 164 is eating
2598 158 is eating
2598 173 is eating
2598 188 is thinking
2598 194 is thinking
2598 165 is eating
2598 175 is eating
2598 180 has taken a fork
2598 177 is eating
2598 171 is eating
2598 176 is eating
2598 181 is eating
2598 170 is eating
2598 172 is eating
2598 179 is eating
2598 174 is eating
2598 178 is eating
2599 185 is eating
2599 183 is eating
2599 193 is eating
2600 180 has taken a fork
2600 189 has taken a fork
2600 180 is eating
2600 189 has taken a fork
2600 189 is eating
2601 186 has taken a fork
2601 186 has taken a fork
2601 186 is eating
2602 196 has taken a fork
2602 196 has taken a fork
2602 196 is eating
2602 192 has taken a fork
2602 192 has taken a fork
2602 192 is eating
2603 187 has taken a fork
2603 187 has taken a fork
2603 187 is eating
2603 195 has taken a fork
2603 195 has taken a fork
2603 195 is eating
2604 182 has taken a fork
2604 182 has taken a fork
2604 182 is eating
2604 190 has taken a fork
2604 190 has taken a fork
2604 190 is eating
2604 184 has taken a fork
2604 184 has taken a fork
2604 184 is eating
2605 197 has taken a fork
2605 197 has taken a fork
2605 197 is eating
2609 191 has taken a fork
2609 191 has taken a fork
2609 191 is eating
2611 198 has taken a fork
2611 198 has taken a fork
2611 198 is eating
2611 188 has taken a fork
2611 188 has taken a fork
2611 188 is eating
2614 194 has taken a fork
2614 194 has taken a fork
2614 194 is eating
