0 1 has taken a fork
0 3 has taken a fork
0 1 has taken a fork
0 3 has taken a fork
0 1 is eating
0 3 is eating
1 5 has taken a fork
1 5 has taken a fork
1 5 is eating
1 7 has taken a fork
1 7 has taken a fork
1 7 is eating
1 9 has taken a fork
1 9 has taken a fork
1 9 is eating
1 2 has taken a fork
1 2 has taken a fork
1 11 has taken a fork
1 2 is eating
1 11 has taken a fork
1 11 is eating
2 13 has taken a fork
2 13 has taken a fork
2 13 is eating
2 4 has taken a fork
2 4 has taken a fork
2 4 is eating
2 15 has taken a fork
2 15 has taken a fork
2 15 is eating
2 6 has taken a fork
2 6 has taken a fork
2 6 is eating
2 8 has taken a fork
2 8 has taken a fork
2 8 is eating
2 17 has taken a fork
2 17 has taken a fork
2 17 is eating
2 19 has taken a fork
2 10 has taken a fork
2 19 has taken a fork
2 10 has taken a fork
2 19 is eating
2 10 is eating
3 21 has taken a fork
3 21 has taken a fork
3 21 is eating
3 12 has taken a fork
3 12 has taken a fork
3 12 is eating
3 14 has taken a fork
3 14 has taken a fork
3 14 is eating
3 23 has taken a fork
3 23 has taken a fork
3 23 is eating
3 16 has taken a fork
3 16 has taken a fork
3 16 is eating
3 25 has taken a fork
3 25 has taken a fork
3 25 is eating
3 18 has taken a fork
3 18 has taken a fork
3 18 is eating
3 27 has taken a fork
3 27 has taken a fork
3 27 is eating
4 20 has taken a fork
4 20 has taken a fork
4 20 is eating
4 29 has taken a fork
4 29 has taken a fork
4 29 is eating
4 22 has taken a fork
4 22 has taken a fork
4 22 is eating
4 31 has taken a fork
4 31 has taken a fork
4 31 is eating
4 24 has taken a fork
4 24 has taken a fork
4 24 is eating
4 33 has taken a fork
4 33 has taken a fork
4 33 is eating
4 26 has taken a fork
4 26 has taken a fork
4 26 is eating
5 35 has taken a fork
5 35 has taken a fork
5 35 is eating
5 28 has taken a fork
5 28 has taken a fork
5 28 is eating
5 37 has taken a fork
5 37 has taken a fork
5 37 is eating
5 30 has taken a fork
5 30 has taken a fork
5 30 is eating
5 32 has taken a fork
5 32 has taken a fork
5 32 is eating
6 34 has taken a fork
6 34 has taken a fork
6 34 is eating
6 36 has taken a fork
6 36 has taken a fork
6 36 is eating
6 39 has taken a fork
6 39 has taken a fork
6 39 is eating
7 41 has taken a fork
7 41 has taken a fork
7 41 is eating
7 43 has taken a fork
7 43 has taken a fork
7 43 is eating
7 38 has taken a fork
7 38 has taken a fork
7 38 is eating
8 40 has taken a fork
8 40 has taken a fork
8 40 is eating
8 42 has taken a fork
8 42 has taken a fork
8 42 is eating
8 44 has taken a fork
8 44 has taken a fork
8 44 is eating
8 45 has taken a fork
8 45 has taken a fork
8 45 is eating
9 47 has taken a fork
9 47 has taken a fork
9 47 is eating
9 49 has taken a fork
9 49 has taken a fork
9 49 is eating
10 51 has taken a fork
10 51 has taken a fork
10 51 is eating
10 46 has taken a fork
10 46 has taken a fork
10 53 has taken a fork
10 46 is eating
10 53 has taken a fork
10 55 has taken a fork
10 53 is eating
11 48 has taken a fork
11 55 has taken a fork
11 57 has taken a fork
11 48 has taken a fork
11 50 has taken a fork
11 55 is eating
11 57 has taken a fork
11 52 has taken a fork
12 48 is eating
12 59 has taken a fork
12 50 has taken a fork
12 54 has taken a fork
12 57 is eating
12 52 has taken a fork
12 56 has taken a fork
12 59 has taken a fork
12 50 is eating
12 54 has taken a fork
12 61 has taken a fork
12 58 has taken a fork
13 52 is eating
13 56 has taken a fork
13 59 is eating
13 63 has taken a fork
13 54 is eating
13 61 has taken a fork
13 58 has taken a fork
13 65 has taken a fork
13 60 has taken a fork
13 56 is eating
13 63 has taken a fork
13 61 is eating
13 67 has taken a fork
14 58 is eating
14 65 has taken a fork
14 62 has taken a fork
14 60 has taken a fork
14 63 is eating
14 67 has taken a fork
14 69 has taken a fork
14 65 is eating
14 64 has taken a fork
14 62 has taken a fork
14 60 is eating
14 66 has taken a fork
14 71 has taken a fork
14 67 is eating
14 69 has taken a fork
14 64 has taken a fork
15 62 is eating
15 66 has taken a fork
15 71 has taken a fork
15 69 is eating
15 64 is eating
15 68 has taken a fork
15 66 is eating
15 71 is eating
15 73 has taken a fork
15 68 has taken a fork
16 70 has taken a fork
16 75 has taken a fork
16 73 has taken a fork
16 72 has taken a fork
16 68 is eating
16 77 has taken a fork
17 70 has taken a fork
17 79 has taken a fork
17 75 has taken a fork
17 81 has taken a fork
17 73 is eating
18 72 has taken a fork
18 74 has taken a fork
18 77 has taken a fork
18 70 is eating
18 83 has taken a fork
18 78 has taken a fork
19 76 has taken a fork
19 79 has taken a fork
19 80 has taken a fork
19 75 is eating
20 81 has taken a fork
20 85 has taken a fork
20 82 has taken a fork
20 72 is eating
20 74 has taken a fork
20 77 is eating
20 83 has taken a fork
21 84 has taken a fork
21 87 has taken a fork
21 78 has taken a fork
21 76 has taken a fork
21 79 is eating
21 89 has taken a fork
22 80 has taken a fork
22 86 has taken a fork
22 91 has taken a fork
22 88 has taken a fork
22 81 is eating
22 93 has taken a fork
23 85 has taken a fork
23 95 has taken a fork
23 82 has taken a fork
23 74 is eating
23 90 has taken a fork
23 83 is eating
24 84 has taken a fork
24 92 has taken a fork
24 87 has taken a fork
24 97 has taken a fork
25 78 is eating
25 76 is eating
25 99 has taken a fork
25 94 has taken a fork
25 89 has taken a fork
26 80 is eating
26 101 has taken a fork
26 96 has taken a fork
26 86 has taken a fork
26 91 has taken a fork
26 88 has taken a fork
26 93 has taken a fork
26 85 is eating
26 95 has taken a fork
26 82 is eating
26 90 has taken a fork
26 84 is eating
27 92 has taken a fork
27 87 is eating
27 97 has taken a fork
27 99 has taken a fork
27 94 has taken a fork
27 89 is eating
27 101 has taken a fork
27 96 has taken a fork
27 86 is eating
28 91 is eating
28 88 is eating
28 93 is eating
28 95 is eating
28 90 is eating
28 92 is eating
29 97 is eating
29 99 is eating
29 94 is eating
29 101 is eating
29 96 is eating
100 1 is sleeping
100 98 has taken a fork
100 98 has taken a fork
100 98 is eating
100 3 is sleeping
100 103 has taken a fork
100 103 has taken a fork
100 103 is eating
101 5 is sleeping
101 11 is sleeping
101 9 is sleeping
101 2 is sleeping
101 100 has taken a fork
101 100 has taken a fork
101 100 is eating
101 7 is sleeping
101 102 has taken a fork
101 102 has taken a fork
101 102 is eating
101 107 has taken a fork
102 107 has taken a fork
102 107 is eating
102 8 is sleeping
102 17 is sleeping
102 6 is sleeping
102 13 is sleeping
102 4 is sleeping
102 19 is sleeping
103 10 is sleeping
103 109 has taken a fork
103 106 has taken a fork
103 111 has taken a fork
103 113 has taken a fork
103 108 has taken a fork
103 110 has taken a fork
104 115 has taken a fork
104 117 has taken a fork
104 21 is sleeping
104 104 has taken a fork
105 27 is sleeping
107 16 is sleeping
107 14 is sleeping
107 18 is sleeping
107 118 has taken a fork
108 23 is sleeping
108 121 has taken a fork
108 12 is sleeping
108 112 has taken a fork
108 120 has taken a fork
108 114 has taken a fork
109 109 has taken a fork
109 116 has taken a fork
109 119 has taken a fork
109 106 has taken a fork
110 111 has taken a fork
110 113 has taken a fork
110 108 has taken a fork
110 110 has taken a fork
110 20 is sleeping
110 115 has taken a fork
110 26 is sleeping
110 31 is sleeping
110 33 is sleeping
111 125 has taken a fork
111 22 is sleeping
111 29 is sleeping
111 123 has taken a fork
111 25 is sleeping
111 117 has taken a fork
111 122 has taken a fork
111 124 has taken a fork
111 24 is sleeping
111 126 has taken a fork
111 127 has taken a fork
111 129 has taken a fork
111 104 has taken a fork
111 128 has taken a fork
112 30 is sleeping
112 15 is sleeping
112 131 has taken a fork
112 32 is sleeping
113 133 has taken a fork
113 35 is sleeping
113 28 is sleeping
113 37 is sleeping
114 130 has taken a fork
114 135 has taken a fork
114 137 has taken a fork
115 39 is sleeping
115 132 has taken a fork
115 36 is sleeping
116 34 is sleeping
123 134 has taken a fork
124 139 has taken a fork
124 38 is sleeping
125 136 has taken a fork
125 41 is sleeping
125 105 has taken a fork
125 138 has taken a fork
125 43 is sleeping
125 141 has taken a fork
125 118 has taken a fork
125 121 has taken a fork
126 44 is sleeping
126 42 is sleeping
126 45 is sleeping
126 40 is sleeping
126 143 has taken a fork
126 140 has taken a fork
126 145 has taken a fork
126 142 has taken a fork
126 112 has taken a fork
126 120 has taken a fork
126 114 has taken a fork
126 49 is sleeping
126 47 is sleeping
127 109 is eating
127 144 has taken a fork
127 147 has taken a fork
127 116 has taken a fork
127 119 has taken a fork
127 106 is eating
127 46 is sleeping
127 51 is sleeping
127 111 is eating
127 149 has taken a fork
128 146 has taken a fork
128 113 is eating
128 108 is eating
128 110 is eating
128 115 is eating
128 57 is sleeping
128 125 has taken a fork
128 48 is sleeping
128 55 is sleeping
128 148 has taken a fork
129 151 has taken a fork
129 123 has taken a fork
129 153 has taken a fork
129 53 is sleeping
129 150 has taken a fork
130 117 is eating
130 122 has taken a fork
130 124 has taken a fork
130 126 has taken a fork
130 127 has taken a fork
130 129 has taken a fork
130 104 is eating
130 128 has taken a fork
131 59 is sleeping
131 56 is sleeping
131 54 is sleeping
131 50 is sleeping
132 155 has taken a fork
132 152 has taken a fork
132 52 is sleeping
132 154 has taken a fork
132 157 has taken a fork
132 156 has taken a fork
132 131 has taken a fork
133 133 has taken a fork
133 58 is sleeping
133 61 is sleeping
133 159 has taken a fork
133 158 has taken a fork
134 63 is sleeping
134 161 has taken a fork
134 65 is sleeping
134 130 has taken a fork
135 67 is sleeping
135 60 is sleeping
135 163 has taken a fork
135 162 has taken a fork
135 62 is sleeping
135 135 has taken a fork
136 160 has taken a fork
136 165 has taken a fork
136 137 has taken a fork
136 71 is sleeping
136 66 is sleeping
136 69 is sleeping
136 64 is sleeping
136 164 has taken a fork
136 167 has taken a fork
136 166 has taken a fork
136 169 has taken a fork
136 132 has taken a fork
136 75 is sleeping
137 70 is sleeping
137 173 has taken a fork
137 171 has taken a fork
137 73 is sleeping
138 77 is sleeping
138 72 is sleeping
138 170 has taken a fork
139 168 has taken a fork
139 175 has taken a fork
139 81 is sleeping
139 79 is sleeping
140 172 has taken a fork
140 177 has taken a fork
141 68 is sleeping
141 174 has taken a fork
141 74 is sleeping
141 83 is sleeping
142 179 has taken a fork
142 176 has taken a fork
142 76 is sleeping
142 78 is sleeping
142 178 has taken a fork
143 181 has taken a fork
143 84 is sleeping
143 85 is sleeping
143 183 has taken a fork
143 82 is sleeping
143 80 is sleeping
143 180 has taken a fork
143 185 has taken a fork
143 182 has taken a fork
143 87 is sleeping
143 187 has taken a fork
143 86 is sleeping
143 134 has taken a fork
143 184 has taken a fork
143 91 is sleeping
143 88 is sleeping
144 90 is sleeping
144 189 has taken a fork
144 188 has taken a fork
144 95 is sleeping
144 89 is sleeping
144 93 is sleeping
144 191 has taken a fork
144 190 has taken a fork
144 186 has taken a fork
144 193 has taken a fork
144 139 has taken a fork
145 92 is sleeping
146 99 is sleeping
146 94 is sleeping
146 97 is sleeping
146 194 has taken a fork
147 197 has taken a fork
147 136 has taken a fork
147 195 has taken a fork
147 192 has taken a fork
147 105 has taken a fork
147 138 has taken a fork
147 141 has taken a fork
147 118 is eating
147 96 is sleeping
147 121 is eating
147 101 is sleeping
147 196 has taken a fork
147 198 has taken a fork
147 143 has taken a fork
147 140 has taken a fork
147 145 has taken a fork
147 142 has taken a fork
147 112 is eating
147 120 is eating
147 114 is eating
147 144 has taken a fork
147 147 has taken a fork
147 116 is eating
147 119 is eating
147 149 has taken a fork
147 146 has taken a fork
147 125 is eating
147 148 has taken a fork
147 151 has taken a fork
148 123 is eating
148 153 has taken a fork
148 150 has taken a fork
148 122 is eating
148 124 is eating
148 126 is eating
148 127 is eating
148 129 is eating
148 128 is eating
148 155 has taken a fork
148 152 has taken a fork
148 154 has taken a fork
148 157 has taken a fork
148 156 has taken a fork
148 131 is eating
148 133 is eating
148 159 has taken a fork
148 158 has taken a fork
148 161 has taken a fork
148 130 is eating
148 163 has taken a fork
148 162 has taken a fork
148 135 is eating
148 160 has taken a fork
148 165 has taken a fork
148 137 is eating
148 164 has taken a fork
148 167 has taken a fork
148 166 has taken a fork
148 169 has taken a fork
149 132 is eating
149 173 has taken a fork
149 171 has taken a fork
149 170 has taken a fork
149 168 has taken a fork
149 175 has taken a fork
149 172 has taken a fork
149 177 has taken a fork
149 174 has taken a fork
149 179 has taken a fork
149 176 has taken a fork
149 178 has taken a fork
149 181 has taken a fork
149 183 has taken a fork
149 180 has taken a fork
149 185 has taken a fork
149 182 has taken a fork
149 187 has taken a fork
149 134 is eating
149 184 has taken a fork
149 189 has taken a fork
149 188 has taken a fork
149 191 has taken a fork
149 190 has taken a fork
149 186 has taken a fork
149 193 has taken a fork
149 139 is eating
149 194 has taken a fork
150 197 has taken a fork
150 136 is eating
150 195 has taken a fork
150 192 has taken a fork
150 105 is eating
150 138 is eating
150 141 is eating
150 196 has taken a fork
150 198 has taken a fork
150 143 is eating
150 140 is eating
150 145 is eating
150 142 is eating
150 144 is eating
150 147 is eating
150 149 is eating
150 146 is eating
151 148 is eating
151 151 is eating
151 153 is eating
151 150 is eating
151 155 is eating
151 152 is eating
151 154 is eating
151 157 is eating
151 156 is eating
151 159 is eating
151 158 is eating
151 161 is eating
151 162 is eating
151 163 is eating
151 160 is eating
151 165 is eating
151 164 is eating
151 167 is eating
152 166 is eating
152 169 is eating
152 173 is eating
152 170 is eating
152 171 is eating
152 168 is eating
152 175 is eating
152 172 is eating
152 177 is eating
152 174 is eating
153 179 is eating
153 176 is eating
153 178 is eating
153 181 is eating
153 183 is eating
153 180 is eating
153 185 is eating
153 182 is eating
153 187 is eating
153 184 is eating
153 189 is eating
154 188 is eating
154 191 is eating
154 190 is eating
154 186 is eating
154 193 is eating
154 194 is eating
155 197 is eating
155 195 is eating
155 192 is eating
155 196 is eating
155 198 is eating
201 98 is sleeping
203 1 is thinking
203 100 is sleeping
204 11 is thinking
207 102 is sleeping
208 103 is sleeping
209 17 is thinking
210 9 is thinking
211 6 is thinking
211 3 is thinking
214 5 is thinking
214 8 is thinking
214 4 is thinking
217 2 is thinking
220 7 is thinking
223 13 is thinking
224 1 has taken a fork
226 11 has taken a fork
231 107 is sleeping
232 19 is thinking
232 10 is thinking
233 21 is thinking
233 27 is thinking
235 14 is thinking
235 18 is thinking
235 16 is thinking
235 23 is thinking
237 17 has taken a fork
237 12 is thinking
237 20 is thinking
237 26 is thinking
237 33 is thinking
238 9 has taken a fork
238 31 is thinking
238 25 is thinking
238 29 is thinking
239 24 is thinking
239 22 is thinking
240 6 has taken a fork
240 30 is thinking
240 37 is thinking
240 28 is thinking
240 35 is thinking
240 15 is thinking
240 32 is thinking
240 117 is sleeping
240 115 is sleeping
240 108 is sleeping
240 106 is sleeping
241 113 is sleeping
241 111 is sleeping
241 39 is thinking
241 36 is thinking
241 2 has taken a fork
241 104 is sleeping
241 109 is sleeping
241 3 has taken a fork
241 5 has taken a fork
241 8 has taken a fork
241 4 has taken a fork
241 7 has taken a fork
241 110 is sleeping
241 34 is thinking
241 13 has taken a fork
242 1 has taken a fork
242 120 is sleeping
242 119 is sleeping
242 121 is sleeping
242 114 is sleeping
242 112 is sleeping
242 118 is sleeping
242 116 is sleeping
242 127 is sleeping
242 122 is sleeping
242 128 is sleeping
242 129 is sleeping
242 125 is sleeping
242 124 is sleeping
242 126 is sleeping
242 123 is sleeping
242 11 has taken a fork
242 133 is sleeping
242 131 is sleeping
242 137 is sleeping
242 135 is sleeping
242 130 is sleeping
242 51 is thinking
242 139 is sleeping
244 44 is thinking
246 55 is thinking
249 49 is thinking
251 43 is thinking
251 42 is thinking
251 132 is sleeping
253 47 is thinking
256 40 is thinking
256 45 is thinking
256 134 is sleeping
256 57 is thinking
256 48 is thinking
256 46 is thinking
256 41 is thinking
256 38 is thinking
257 143 is sleeping
257 136 is sleeping
257 142 is sleeping
257 145 is sleeping
257 140 is sleeping
257 146 is sleeping
257 149 is sleeping
257 147 is sleeping
257 144 is sleeping
258 53 is thinking
258 138 is sleeping
258 141 is sleeping
258 153 is sleeping
258 148 is sleeping
258 105 is sleeping
258 150 is sleeping
258 151 is sleeping
259 56 is thinking
260 50 is thinking
261 54 is thinking
261 59 is thinking
262 152 is sleeping
262 159 is sleeping
262 157 is sleeping
262 155 is sleeping
262 158 is sleeping
262 154 is sleeping
262 156 is sleeping
262 19 has taken a fork
263 52 is thinking
263 164 is sleeping
263 161 is sleeping
263 162 is sleeping
263 165 is sleeping
263 160 is sleeping
263 167 is sleeping
263 163 is sleeping
265 58 is thinking
265 10 has taken a fork
265 21 has taken a fork
267 169 is sleeping
267 166 is sleeping
267 61 is thinking
268 63 is thinking
268 65 is thinking
268 27 has taken a fork
268 171 is sleeping
268 168 is sleeping
268 175 is sleeping
268 173 is sleeping
268 170 is sleeping
268 62 is thinking
268 60 is thinking
268 67 is thinking
268 14 has taken a fork
268 18 has taken a fork
268 16 has taken a fork
269 23 has taken a fork
269 177 is sleeping
269 172 is sleeping
269 174 is sleeping
269 66 is thinking
269 75 is thinking
269 64 is thinking
269 69 is thinking
269 73 is thinking
270 71 is thinking
270 178 is sleeping
270 179 is sleeping
270 181 is sleeping
270 176 is sleeping
270 70 is thinking
270 17 has taken a fork
270 12 has taken a fork
270 20 has taken a fork
270 26 has taken a fork
270 33 has taken a fork
270 187 is sleeping
271 182 is sleeping
271 180 is sleeping
271 183 is sleeping
271 77 is thinking
271 72 is thinking
271 9 has taken a fork
271 31 has taken a fork
271 25 has taken a fork
271 29 has taken a fork
271 185 is sleeping
271 193 is sleeping
272 190 is sleeping
272 191 is sleeping
272 184 is sleeping
272 188 is sleeping
272 186 is sleeping
272 189 is sleeping
272 81 is thinking
273 79 is thinking
273 24 has taken a fork
273 194 is sleeping
273 197 is sleeping
273 192 is sleeping
273 22 has taken a fork
273 195 is sleeping
273 6 has taken a fork
273 30 has taken a fork
273 37 has taken a fork
274 28 has taken a fork
274 35 has taken a fork
274 15 has taken a fork
274 32 has taken a fork
274 68 is thinking
274 198 is sleeping
274 196 is sleeping
274 83 is thinking
274 74 is thinking
274 39 has taken a fork
274 36 has taken a fork
274 2 has taken a fork
274 3 has taken a fork
274 5 has taken a fork
274 8 has taken a fork
274 4 has taken a fork
274 7 has taken a fork
275 34 has taken a fork
275 13 has taken a fork
275 76 is thinking
275 1 is eating
275 11 is eating
275 78 is thinking
275 51 has taken a fork
275 91 is thinking
275 86 is thinking
275 84 is thinking
275 92 is thinking
275 88 is thinking
275 97 is thinking
275 44 has taken a fork
275 89 is thinking
275 90 is thinking
275 94 is thinking
276 93 is thinking
276 80 is thinking
276 82 is thinking
276 87 is thinking
276 95 is thinking
276 85 is thinking
276 99 is thinking
276 55 has taken a fork
276 96 is thinking
276 101 is thinking
276 49 has taken a fork
276 43 has taken a fork
276 42 has taken a fork
276 47 has taken a fork
276 40 has taken a fork
277 45 has taken a fork
277 57 has taken a fork
277 48 has taken a fork
277 41 has taken a fork
277 46 has taken a fork
277 38 has taken a fork
277 53 has taken a fork
277 56 has taken a fork
277 50 has taken a fork
277 54 has taken a fork
277 59 has taken a fork
277 19 has taken a fork
277 52 has taken a fork
277 58 has taken a fork
277 10 has taken a fork
277 21 has taken a fork
277 61 has taken a fork
277 63 has taken a fork
277 65 has taken a fork
277 27 has taken a fork
277 62 has taken a fork
277 60 has taken a fork
277 67 has taken a fork
277 14 has taken a fork
278 18 has taken a fork
278 16 has taken a fork
278 23 has taken a fork
278 66 has taken a fork
278 75 has taken a fork
278 64 has taken a fork
278 69 has taken a fork
278 73 has taken a fork
278 71 has taken a fork
278 70 has taken a fork
278 17 is eating
278 12 has taken a fork
278 20 has taken a fork
278 26 has taken a fork
278 33 has taken a fork
278 77 has taken a fork
278 72 has taken a fork
278 9 is eating
278 25 has taken a fork
278 31 has taken a fork
278 29 has taken a fork
279 81 has taken a fork
279 79 has taken a fork
279 24 has taken a fork
279 22 has taken a fork
279 6 is eating
279 30 has taken a fork
279 37 has taken a fork
279 28 has taken a fork
279 35 has taken a fork
279 15 has taken a fork
279 32 has taken a fork
279 68 has taken a fork
279 83 has taken a fork
279 74 has taken a fork
279 39 has taken a fork
280 36 has taken a fork
280 2 is eating
280 3 is eating
280 5 is eating
281 8 is eating
281 4 is eating
281 7 is eating
281 34 has taken a fork
281 76 has taken a fork
281 13 is eating
281 78 has taken a fork
281 51 has taken a fork
281 91 has taken a fork
281 86 has taken a fork
281 84 has taken a fork
281 92 has taken a fork
281 88 has taken a fork
281 97 has taken a fork
281 44 has taken a fork
281 89 has taken a fork
281 90 has taken a fork
281 94 has taken a fork
281 93 has taken a fork
281 80 has taken a fork
281 82 has taken a fork
282 87 has taken a fork
282 95 has taken a fork
282 99 has taken a fork
282 55 has taken a fork
282 85 has taken a fork
282 96 has taken a fork
282 101 has taken a fork
282 49 has taken a fork
282 43 has taken a fork
282 42 has taken a fork
282 47 has taken a fork
282 40 has taken a fork
282 45 has taken a fork
282 57 has taken a fork
282 48 has taken a fork
282 41 has taken a fork
283 46 has taken a fork
283 38 has taken a fork
283 53 has taken a fork
283 56 has taken a fork
283 50 has taken a fork
283 54 has taken a fork
283 59 has taken a fork
283 19 is eating
283 52 has taken a fork
283 58 has taken a fork
283 10 is eating
283 21 is eating
283 61 has taken a fork
283 63 has taken a fork
283 65 has taken a fork
284 27 is eating
284 62 has taken a fork
284 60 has taken a fork
284 67 has taken a fork
284 14 is eating
284 18 is eating
284 16 is eating
284 23 is eating
284 66 has taken a fork
284 75 has taken a fork
284 64 has taken a fork
284 69 has taken a fork
284 73 has taken a fork
284 71 has taken a fork
284 70 has taken a fork
285 12 is eating
285 20 is eating
285 26 is eating
285 33 is eating
285 77 has taken a fork
285 72 has taken a fork
286 25 is eating
286 31 is eating
286 29 is eating
286 81 has taken a fork
286 79 has taken a fork
286 24 is eating
286 22 is eating
286 30 is eating
286 37 is eating
286 28 is eating
286 35 is eating
286 15 is eating
287 32 is eating
287 68 has taken a fork
287 83 has taken a fork
287 74 has taken a fork
287 39 is eating
287 36 is eating
287 34 is eating
287 76 has taken a fork
287 78 has taken a fork
287 91 has taken a fork
287 51 is eating
288 86 has taken a fork
288 84 has taken a fork
288 92 has taken a fork
288 88 has taken a fork
288 97 has taken a fork
288 44 is eating
288 89 has taken a fork
288 90 has taken a fork
288 94 has taken a fork
288 93 has taken a fork
288 80 has taken a fork
288 82 has taken a fork
288 87 has taken a fork
288 95 has taken a fork
289 99 has taken a fork
289 55 is eating
289 85 has taken a fork
289 96 has taken a fork
289 101 has taken a fork
289 49 is eating
289 43 is eating
289 42 is eating
289 47 is eating
289 40 is eating
289 45 is eating
289 57 is eating
290 48 is eating
290 41 is eating
290 46 is eating
290 38 is eating
290 53 is eating
290 56 is eating
290 50 is eating
290 54 is eating
291 59 is eating
291 52 is eating
291 58 is eating
291 61 is eating
291 63 is eating
291 65 is eating
291 62 is eating
291 60 is eating
291 67 is eating
291 66 is eating
291 75 is eating
291 69 is eating
291 64 is eating
291 73 is eating
291 71 is eating
291 70 is eating
291 77 is eating
291 72 is eating
291 81 is eating
291 79 is eating
291 68 is eating
291 83 is eating
292 74 is eating
292 76 is eating
292 78 is eating
292 91 is eating
292 86 is eating
292 84 is eating
292 92 is eating
292 88 is eating
292 97 is eating
292 89 is eating
292 90 is eating
293 94 is eating
293 93 is eating
293 80 is eating
293 82 is eating
293 87 is eating
293 95 is eating
294 99 is eating
295 85 is eating
295 96 is eating
295 101 is eating
301 98 is thinking
303 100 is thinking
307 102 is thinking
308 103 is thinking
331 107 is thinking
340 115 is thinking
340 117 is thinking
340 108 is thinking
341 111 is thinking
341 106 is thinking
341 104 is thinking
341 1 is sleeping
341 113 is thinking
341 110 is thinking
341 109 is thinking
341 100 has taken a fork
343 11 is sleeping
344 98 has taken a fork
344 100 has taken a fork
346 124 is thinking
347 129 is thinking
348 137 is thinking
349 116 is thinking
350 133 is thinking
351 119 is thinking
352 139 is thinking
352 114 is thinking
353 118 is thinking
354 121 is thinking
356 126 is thinking
357 128 is thinking
359 130 is thinking
361 127 is thinking
362 123 is thinking
363 125 is thinking
364 112 is thinking
364 120 is thinking
365 122 is thinking
367 135 is thinking
367 98 has taken a fork
367 9 is sleeping
368 17 is sleeping
368 103 has taken a fork
368 102 has taken a fork
368 100 is eating
368 131 is thinking
368 6 is sleeping
368 107 has taken a fork
368 2 is sleeping
368 115 has taken a fork
368 5 is sleeping
368 117 has taken a fork
368 3 is sleeping
368 108 has taken a fork
368 8 is sleeping
368 111 has taken a fork
369 4 is sleeping
369 106 has taken a fork
371 7 is sleeping
371 104 has taken a fork
371 13 is sleeping
371 113 has taken a fork
371 132 is thinking
372 134 is thinking
372 142 is thinking
374 145 is thinking
374 144 is thinking
374 147 is thinking
374 136 is thinking
374 149 is thinking
375 140 is thinking
375 143 is thinking
375 146 is thinking
375 19 is sleeping
375 110 has taken a fork
375 109 has taken a fork
375 10 is sleeping
375 21 is sleeping
375 27 is sleeping
375 129 has taken a fork
376 148 is thinking
376 105 is thinking
376 138 is thinking
376 151 is thinking
376 153 is thinking
376 141 is thinking
376 150 is thinking
377 124 has taken a fork
377 16 is sleeping
377 18 is sleeping
377 14 is sleeping
377 23 is sleeping
377 119 has taken a fork
378 26 is sleeping
378 20 is sleeping
378 114 has taken a fork
378 12 is sleeping
378 118 has taken a fork
378 33 is sleeping
378 137 has taken a fork
379 116 has taken a fork
379 133 has taken a fork
379 139 has taken a fork
379 31 is sleeping
379 126 has taken a fork
380 155 is thinking
380 157 is thinking
380 156 is thinking
380 29 is sleeping
380 25 is sleeping
380 121 has taken a fork
380 158 is thinking
380 159 is thinking
380 154 is thinking
380 152 is thinking
380 37 is sleeping
380 127 has taken a fork
380 35 is sleeping
380 123 has taken a fork
380 30 is sleeping
380 164 is thinking
380 162 is thinking
380 22 is sleeping
380 28 is sleeping
381 165 is thinking
381 161 is thinking
381 160 is thinking
381 163 is thinking
381 24 is sleeping
381 167 is thinking
381 128 has taken a fork
381 130 has taken a fork
381 125 has taken a fork
381 15 is sleeping
381 36 is sleeping
381 34 is sleeping
381 39 is sleeping
381 32 is sleeping
381 112 has taken a fork
381 120 has taken a fork
382 51 is sleeping
382 166 is thinking
382 44 is sleeping
382 98 is eating
382 169 is thinking
382 173 is thinking
382 170 is thinking
382 168 is thinking
382 171 is thinking
382 175 is thinking
382 135 has taken a fork
383 122 has taken a fork
383 55 is sleeping
383 103 has taken a fork
383 102 has taken a fork
383 131 has taken a fork
383 107 has taken a fork
383 115 has taken a fork
383 117 has taken a fork
383 108 has taken a fork
383 111 has taken a fork
383 49 is sleeping
383 177 is thinking
383 174 is thinking
384 172 is thinking
384 106 has taken a fork
384 178 is thinking
384 43 is sleeping
384 185 is thinking
384 181 is thinking
384 176 is thinking
384 180 is thinking
384 193 is thinking
384 179 is thinking
384 183 is thinking
384 182 is thinking
384 187 is thinking
384 104 has taken a fork
385 42 is sleeping
385 113 has taken a fork
385 132 has taken a fork
385 189 is thinking
385 188 is thinking
385 191 is thinking
385 186 is thinking
385 184 is thinking
385 190 is thinking
385 134 has taken a fork
385 142 has taken a fork
385 57 is sleeping
385 41 is sleeping
385 47 is sleeping
385 48 is sleeping
385 40 is sleeping
385 45 is sleeping
385 192 is thinking
385 197 is thinking
385 46 is sleeping
385 53 is sleeping
386 195 is thinking
386 198 is thinking
386 194 is thinking
386 38 is sleeping
386 196 is thinking
386 145 has taken a fork
386 144 has taken a fork
386 147 has taken a fork
386 136 has taken a fork
386 149 has taken a fork
386 50 is sleeping
386 56 is sleeping
386 140 has taken a fork
387 143 has taken a fork
387 146 has taken a fork
387 110 has taken a fork
387 109 has taken a fork
387 129 has taken a fork
387 54 is sleeping
387 148 has taken a fork
387 105 has taken a fork
387 138 has taken a fork
387 151 has taken a fork
387 153 has taken a fork
387 141 has taken a fork
387 150 has taken a fork
387 52 is sleeping
387 59 is sleeping
387 124 has taken a fork
387 58 is sleeping
388 119 has taken a fork
388 114 has taken a fork
388 118 has taken a fork
388 137 has taken a fork
388 61 is sleeping
388 116 has taken a fork
388 133 has taken a fork
389 139 has taken a fork
389 126 has taken a fork
389 69 is sleeping
389 63 is sleeping
389 65 is sleeping
389 66 is sleeping
389 67 is sleeping
389 60 is sleeping
389 64 is sleeping
389 75 is sleeping
389 73 is sleeping
389 62 is sleeping
390 155 has taken a fork
390 157 has taken a fork
390 156 has taken a fork
391 121 has taken a fork
392 158 has taken a fork
392 159 has taken a fork
393 154 has taken a fork
393 152 has taken a fork
393 127 has taken a fork
393 123 has taken a fork
393 164 has taken a fork
393 162 has taken a fork
393 70 is sleeping
393 77 is sleeping
393 72 is sleeping
393 71 is sleeping
394 165 has taken a fork
394 161 has taken a fork
394 160 has taken a fork
394 163 has taken a fork
394 167 has taken a fork
394 128 has taken a fork
394 130 has taken a fork
394 125 has taken a fork
394 112 has taken a fork
394 120 has taken a fork
395 79 is sleeping
395 81 is sleeping
395 166 has taken a fork
395 169 has taken a fork
395 173 has taken a fork
395 170 has taken a fork
396 168 has taken a fork
396 171 has taken a fork
396 175 has taken a fork
396 135 has taken a fork
396 68 is sleeping
396 83 is sleeping
396 74 is sleeping
396 122 has taken a fork
396 103 is eating
397 102 is eating
397 131 has taken a fork
397 107 is eating
397 115 is eating
397 117 is eating
398 108 is eating
398 111 is eating
398 177 has taken a fork
398 174 has taken a fork
398 84 is sleeping
398 76 is sleeping
399 97 is sleeping
399 91 is sleeping
399 86 is sleeping
399 88 is sleeping
399 92 is sleeping
399 78 is sleeping
399 89 is sleeping
399 90 is sleeping
400 172 has taken a fork
400 106 is eating
400 178 has taken a fork
400 185 has taken a fork
400 181 has taken a fork
400 176 has taken a fork
400 180 has taken a fork
401 193 has taken a fork
401 179 has taken a fork
401 183 has taken a fork
402 182 has taken a fork
402 187 has taken a fork
402 104 is eating
402 80 is sleeping
402 94 is sleeping
402 95 is sleeping
402 87 is sleeping
402 113 is eating
402 132 has taken a fork
402 189 has taken a fork
402 93 is sleeping
402 82 is sleeping
402 188 has taken a fork
403 191 has taken a fork
403 186 has taken a fork
403 184 has taken a fork
403 190 has taken a fork
403 134 has taken a fork
403 142 has taken a fork
403 192 has taken a fork
404 197 has taken a fork
404 96 is sleeping
404 101 is sleeping
404 85 is sleeping
405 195 has taken a fork
405 198 has taken a fork
405 99 is sleeping
405 194 has taken a fork
405 196 has taken a fork
405 145 has taken a fork
405 144 has taken a fork
405 147 has taken a fork
405 136 has taken a fork
405 149 has taken a fork
406 140 has taken a fork
406 143 has taken a fork
406 146 has taken a fork
407 110 is eating
407 109 is eating
408 129 is eating
408 148 has taken a fork
408 105 has taken a fork
408 138 has taken a fork
408 151 has taken a fork
408 153 has taken a fork
408 141 has taken a fork
408 150 has taken a fork
408 124 is eating
409 119 is eating
410 114 is eating
410 118 is eating
410 137 is eating
410 116 is eating
410 133 is eating
411 139 is eating
411 126 is eating
411 155 has taken a fork
411 157 has taken a fork
411 156 has taken a fork
411 121 is eating
411 158 has taken a fork
411 159 has taken a fork
411 154 has taken a fork
412 152 has taken a fork
412 127 is eating
412 123 is eating
413 164 has taken a fork
413 162 has taken a fork
413 165 has taken a fork
414 161 has taken a fork
414 160 has taken a fork
414 163 has taken a fork
415 167 has taken a fork
415 128 is eating
415 130 is eating
415 125 is eating
415 112 is eating
415 120 is eating
416 166 has taken a fork
416 169 has taken a fork
417 173 has taken a fork
417 170 has taken a fork
417 168 has taken a fork
417 175 has taken a fork
417 171 has taken a fork
418 135 is eating
418 122 is eating
418 131 is eating
419 177 has taken a fork
419 174 has taken a fork
419 172 has taken a fork
419 178 has taken a fork
419 185 has taken a fork
420 181 has taken a fork
420 176 has taken a fork
421 180 has taken a fork
421 193 has taken a fork
421 179 has taken a fork
421 183 has taken a fork
421 182 has taken a fork
422 187 has taken a fork
422 132 is eating
422 189 has taken a fork
422 188 has taken a fork
422 191 has taken a fork
423 186 has taken a fork
423 184 has taken a fork
423 190 has taken a fork
424 134 is eating
424 142 is eating
424 192 has taken a fork
424 197 has taken a fork
424 195 has taken a fork
424 198 has taken a fork
424 194 has taken a fork
424 196 has taken a fork
425 145 is eating
425 144 is eating
425 147 is eating
426 136 is eating
426 149 is eating
426 140 is eating
427 143 is eating
427 146 is eating
427 148 is eating
427 105 is eating
427 138 is eating
427 151 is eating
427 153 is eating
428 141 is eating
428 150 is eating
428 155 is eating
429 157 is eating
429 156 is eating
429 158 is eating
429 159 is eating
429 154 is eating
429 152 is eating
430 164 is eating
430 162 is eating
430 165 is eating
430 161 is eating
431 160 is eating
432 163 is eating
432 167 is eating
432 166 is eating
432 169 is eating
432 173 is eating
432 170 is eating
433 168 is eating
437 175 is eating
437 171 is eating
444 177 is eating
444 174 is eating
445 172 is eating
446 178 is eating
446 185 is eating
447 181 is eating
447 176 is eating
447 180 is eating
448 193 is eating
448 179 is eating
448 183 is eating
449 182 is eating
449 187 is eating
449 189 is eating
450 188 is eating
450 191 is eating
451 186 is eating
451 184 is eating
452 190 is eating
453 192 is eating
454 197 is eating
455 195 is eating
455 198 is eating
456 194 is eating
456 196 is eating
458 11 is thinking
458 1 is thinking
460 100 is sleeping
460 11 has taken a fork
460 11 has taken a fork
460 11 is eating
462 98 is sleeping
462 1 has taken a fork
462 1 has taken a fork
462 1 is eating
468 6 is thinking
468 17 is thinking
468 5 is thinking
468 3 is thinking
471 9 is thinking
471 2 is thinking
482 8 is thinking
482 4 is thinking
482 13 is thinking
482 103 is sleeping
482 7 is thinking
482 102 is sleeping
482 107 is sleeping
482 6 has taken a fork
482 17 has taken a fork
482 5 has taken a fork
482 115 is sleeping
482 117 is sleeping
482 108 is sleeping
482 21 is thinking
482 19 is thinking
482 111 is sleeping
482 10 is thinking
482 27 is thinking
492 2 has taken a fork
492 3 has taken a fork
492 9 has taken a fork
493 106 is sleeping
493 18 is thinking
493 113 is sleeping
493 104 is sleeping
493 14 is thinking
493 23 is thinking
493 20 is thinking
493 33 is thinking
493 26 is thinking
494 12 is thinking
494 32 is thinking
494 36 is thinking
494 44 is thinking
496 31 is thinking
496 16 is thinking
496 8 has taken a fork
496 25 is thinking
497 22 is thinking
497 4 has taken a fork
497 37 is thinking
497 13 has taken a fork
497 30 is thinking
498 51 is thinking
498 29 is thinking
498 34 is thinking
498 7 has taken a fork
499 6 has taken a fork
499 17 has taken a fork
499 5 has taken a fork
499 28 is thinking
499 39 is thinking
499 24 is thinking
499 35 is thinking
499 110 is sleeping
499 21 has taken a fork
500 55 is thinking
500 109 is sleeping
500 19 has taken a fork
500 15 is thinking
501 129 is sleeping
501 10 has taken a fork
501 124 is sleeping
501 27 has taken a fork
502 49 is thinking
503 47 is thinking
503 45 is thinking
503 42 is thinking
504 41 is thinking
504 119 is sleeping
504 56 is thinking
504 133 is sleeping
504 114 is sleeping
504 50 is thinking
504 38 is thinking
504 139 is sleeping
504 118 is sleeping
505 116 is sleeping
505 137 is sleeping
505 59 is thinking
506 52 is thinking
506 126 is sleeping
506 54 is thinking
506 121 is sleeping
506 123 is sleeping
506 61 is thinking
506 127 is sleeping
506 69 is thinking
506 64 is thinking
506 65 is thinking
506 130 is sleeping
506 66 is thinking
506 125 is sleeping
507 60 is thinking
507 128 is sleeping
507 112 is sleeping
507 62 is thinking
507 120 is sleeping
507 122 is sleeping
508 75 is thinking
509 40 is thinking
509 43 is thinking
510 58 is thinking
510 57 is thinking
511 46 is thinking
512 73 is thinking
512 53 is thinking
512 2 has taken a fork
513 48 is thinking
514 67 is thinking
514 63 is thinking
515 3 has taken a fork
515 9 has taken a fork
515 18 has taken a fork
516 72 is thinking
516 131 is sleeping
516 70 is thinking
516 135 is sleeping
516 77 is thinking
516 14 has taken a fork
516 23 has taken a fork
516 20 has taken a fork
516 33 has taken a fork
516 26 has taken a fork
516 12 has taken a fork
518 32 has taken a fork
518 71 is thinking
518 36 has taken a fork
518 44 has taken a fork
518 79 is thinking
518 81 is thinking
518 83 is thinking
518 68 is thinking
518 31 has taken a fork
518 16 has taken a fork
518 74 is thinking
518 8 has taken a fork
518 25 has taken a fork
518 132 is sleeping
518 22 has taken a fork
518 4 has taken a fork
518 37 has taken a fork
518 13 has taken a fork
518 30 has taken a fork
518 84 is thinking
518 134 is sleeping
518 51 has taken a fork
518 29 has taken a fork
518 142 is sleeping
518 34 has taken a fork
519 7 has taken a fork
519 89 is thinking
519 78 is thinking
519 92 is thinking
519 90 is thinking
519 97 is thinking
519 6 is eating
519 91 is thinking
519 88 is thinking
519 76 is thinking
519 86 is thinking
519 17 is eating
519 5 is eating
520 28 has taken a fork
520 39 has taken a fork
520 24 has taken a fork
520 21 has taken a fork
520 145 is sleeping
520 136 is sleeping
520 35 has taken a fork
520 144 is sleeping
520 147 is sleeping
520 55 has taken a fork
520 149 is sleeping
520 19 has taken a fork
521 146 is sleeping
521 140 is sleeping
521 143 is sleeping
521 15 has taken a fork
521 10 has taken a fork
521 27 has taken a fork
521 95 is thinking
521 87 is thinking
521 141 is sleeping
521 94 is thinking
521 80 is thinking
521 93 is thinking
521 153 is sleeping
521 82 is thinking
521 151 is sleeping
521 105 is sleeping
521 138 is sleeping
522 148 is sleeping
522 49 has taken a fork
522 150 is sleeping
522 47 has taken a fork
522 45 has taken a fork
522 42 has taken a fork
522 101 is thinking
522 41 has taken a fork
522 85 is thinking
522 96 is thinking
522 56 has taken a fork
522 50 has taken a fork
522 38 has taken a fork
522 158 is sleeping
522 162 is sleeping
522 152 is sleeping
523 164 is sleeping
523 99 is thinking
523 154 is sleeping
524 156 is sleeping
524 155 is sleeping
524 157 is sleeping
524 159 is sleeping
524 59 has taken a fork
524 165 is sleeping
524 52 has taken a fork
524 54 has taken a fork
524 161 is sleeping
524 61 has taken a fork
525 69 has taken a fork
525 64 has taken a fork
525 65 has taken a fork
525 66 has taken a fork
525 160 is sleeping
525 60 has taken a fork
525 163 is sleeping
525 173 is sleeping
526 169 is sleeping
526 170 is sleeping
526 167 is sleeping
526 166 is sleeping
526 62 has taken a fork
526 168 is sleeping
526 75 has taken a fork
526 40 has taken a fork
526 175 is sleeping
526 171 is sleeping
527 43 has taken a fork
527 58 has taken a fork
527 57 has taken a fork
527 46 has taken a fork
527 73 has taken a fork
527 53 has taken a fork
527 2 is eating
527 48 has taken a fork
527 177 is sleeping
527 174 is sleeping
527 67 has taken a fork
528 178 is sleeping
528 185 is sleeping
528 172 is sleeping
528 63 has taken a fork
528 3 is eating
528 18 has taken a fork
528 193 is sleeping
529 181 is sleeping
529 179 is sleeping
529 72 has taken a fork
529 183 is sleeping
529 180 is sleeping
529 176 is sleeping
529 70 has taken a fork
529 77 has taken a fork
529 14 has taken a fork
529 23 has taken a fork
529 20 has taken a fork
530 33 has taken a fork
530 26 has taken a fork
530 12 has taken a fork
530 189 is sleeping
531 187 is sleeping
531 182 is sleeping
531 191 is sleeping
531 188 is sleeping
531 186 is sleeping
531 184 is sleeping
532 9 is eating
532 32 has taken a fork
532 71 has taken a fork
532 36 has taken a fork
532 44 has taken a fork
532 79 has taken a fork
532 81 has taken a fork
533 83 has taken a fork
533 68 has taken a fork
533 31 has taken a fork
533 16 has taken a fork
533 74 has taken a fork
533 8 is eating
533 25 has taken a fork
534 22 has taken a fork
534 4 is eating
534 37 has taken a fork
534 13 is eating
534 30 has taken a fork
534 84 has taken a fork
534 51 has taken a fork
534 29 has taken a fork
535 34 has taken a fork
535 7 is eating
535 89 has taken a fork
536 190 is sleeping
536 192 is sleeping
536 78 has taken a fork
536 92 has taken a fork
536 90 has taken a fork
537 97 has taken a fork
537 91 has taken a fork
537 88 has taken a fork
537 76 has taken a fork
537 86 has taken a fork
537 28 has taken a fork
538 197 is sleeping
538 39 has taken a fork
538 24 has taken a fork
538 21 is eating
538 35 has taken a fork
538 55 has taken a fork
539 19 is eating
539 195 is sleeping
539 198 is sleeping
539 194 is sleeping
539 196 is sleeping
540 15 has taken a fork
540 10 is eating
540 27 is eating
540 95 has taken a fork
541 87 has taken a fork
541 94 has taken a fork
541 80 has taken a fork
541 93 has taken a fork
541 82 has taken a fork
542 49 has taken a fork
542 47 has taken a fork
542 45 has taken a fork
542 42 has taken a fork
542 101 has taken a fork
542 41 has taken a fork
542 85 has taken a fork
543 96 has taken a fork
543 56 has taken a fork
543 50 has taken a fork
543 38 has taken a fork
544 99 has taken a fork
544 59 has taken a fork
544 52 has taken a fork
544 54 has taken a fork
544 61 has taken a fork
544 69 has taken a fork
544 64 has taken a fork
544 65 has taken a fork
544 66 has taken a fork
544 60 has taken a fork
544 62 has taken a fork
545 75 has taken a fork
545 40 has taken a fork
545 43 has taken a fork
545 58 has taken a fork
545 57 has taken a fork
545 46 has taken a fork
545 73 has taken a fork
545 53 has taken a fork
546 48 has taken a fork
546 67 has taken a fork
546 63 has taken a fork
546 18 is eating
546 72 has taken a fork
546 70 has taken a fork
546 77 has taken a fork
546 14 is eating
547 23 is eating
547 20 is eating
547 33 is eating
547 26 is eating
547 12 is eating
547 32 is eating
548 71 has taken a fork
548 36 is eating
548 44 is eating
549 79 has taken a fork
549 81 has taken a fork
549 83 has taken a fork
549 68 has taken a fork
550 31 is eating
550 16 is eating
551 74 has taken a fork
551 25 is eating
551 22 is eating
551 37 is eating
552 30 is eating
552 84 has taken a fork
553 51 is eating
553 29 is eating
553 34 is eating
554 89 has taken a fork
554 78 has taken a fork
554 92 has taken a fork
554 90 has taken a fork
554 97 has taken a fork
555 91 has taken a fork
555 88 has taken a fork
556 76 has taken a fork
556 86 has taken a fork
556 28 is eating
556 39 is eating
556 24 is eating
557 35 is eating
557 55 is eating
557 15 is eating
557 95 has taken a fork
558 87 has taken a fork
558 94 has taken a fork
558 80 has taken a fork
558 93 has taken a fork
558 82 has taken a fork
559 49 is eating
559 47 is eating
559 45 is eating
559 42 is eating
560 101 has taken a fork
560 41 is eating
560 85 has taken a fork
560 96 has taken a fork
560 56 is eating
560 50 is eating
561 38 is eating
561 99 has taken a fork
561 59 is eating
562 52 is eating
562 54 is eating
562 61 is eating
562 69 is eating
562 64 is eating
562 65 is eating
562 66 is eating
563 60 is eating
563 62 is eating
563 75 is eating
564 40 is eating
564 43 is eating
564 58 is eating
564 57 is eating
564 46 is eating
564 73 is eating
565 53 is eating
565 48 is eating
565 67 is eating
565 63 is eating
566 72 is eating
566 70 is eating
567 77 is eating
567 71 is eating
567 79 is eating
568 81 is eating
568 83 is eating
568 68 is eating
569 74 is eating
569 84 is eating
569 89 is eating
569 78 is eating
570 92 is eating
570 90 is eating
570 97 is eating
571 91 is eating
571 88 is eating
572 76 is eating
572 86 is eating
572 95 is eating
573 87 is eating
573 94 is eating
574 80 is eating
574 93 is eating
574 82 is eating
574 11 is sleeping
575 100 is thinking
575 101 is eating
575 85 is eating
575 96 is eating
576 99 is eating
576 98 is thinking
576 1 is sleeping
577 100 has taken a fork
577 98 has taken a fork
577 100 has taken a fork
577 98 has taken a fork
577 100 is eating
578 98 is eating
582 103 is thinking
582 115 is thinking
582 107 is thinking
582 108 is thinking
582 102 is thinking
582 111 is thinking
583 117 is thinking
593 104 is thinking
593 106 is thinking
593 113 is thinking
595 17 is sleeping
595 6 is sleeping
595 115 has taken a fork
595 103 has taken a fork
596 115 has taken a fork
597 103 has taken a fork
597 115 is eating
599 5 is sleeping
599 103 is eating
600 107 has taken a fork
601 110 is thinking
602 109 is thinking
603 107 has taken a fork
604 124 is thinking
604 2 is sleeping
604 3 is sleeping
604 108 has taken a fork
604 102 has taken a fork
604 107 is eating
604 139 is thinking
605 118 is thinking
605 133 is thinking
605 114 is thinking
605 9 is sleeping
605 111 has taken a fork
606 119 is thinking
606 108 has taken a fork
606 102 has taken a fork
607 137 is thinking
607 116 is thinking
608 111 has taken a fork
608 130 is thinking
608 125 is thinking
608 126 is thinking
609 123 is thinking
609 102 is eating
610 108 is eating
610 121 is thinking
611 127 is thinking
611 112 is thinking
612 120 is thinking
613 128 is thinking
613 122 is thinking
613 111 is eating
613 13 is sleeping
614 129 is thinking
614 8 is sleeping
615 104 has taken a fork
616 4 is sleeping
616 117 has taken a fork
617 106 has taken a fork
618 7 is sleeping
619 113 has taken a fork
620 21 is sleeping
620 110 has taken a fork
620 19 is sleeping
620 27 is sleeping
620 124 has taken a fork
620 10 is sleeping
620 139 has taken a fork
620 109 has taken a fork
621 104 has taken a fork
621 131 is thinking
622 135 is thinking
622 117 has taken a fork
622 106 has taken a fork
623 142 is thinking
624 134 is thinking
624 132 is thinking
625 113 has taken a fork
625 145 is thinking
625 18 is sleeping
626 118 has taken a fork
626 26 is sleeping
628 33 is sleeping
628 114 has taken a fork
628 14 is sleeping
629 110 has taken a fork
629 144 is thinking
630 136 is thinking
630 149 is thinking
630 147 is thinking
630 133 has taken a fork
630 23 is sleeping
631 137 has taken a fork
631 119 has taken a fork
631 124 has taken a fork
632 139 has taken a fork
632 109 has taken a fork
632 44 is sleeping
632 146 is thinking
632 143 is thinking
633 151 is thinking
633 32 is sleeping
633 153 is thinking
633 130 has taken a fork
633 36 is sleeping
633 138 is thinking
634 140 is thinking
634 105 is thinking
634 12 is sleeping
634 104 is eating
634 116 has taken a fork
634 141 is thinking
634 125 has taken a fork
634 20 is sleeping
634 123 has taken a fork
634 152 is thinking
634 150 is thinking
634 126 has taken a fork
634 162 is thinking
634 158 is thinking
634 117 is eating
634 106 is eating
635 16 is sleeping
636 164 is thinking
636 121 has taken a fork
636 154 is thinking
636 31 is sleeping
636 156 is thinking
636 157 is thinking
636 161 is thinking
637 165 is thinking
637 22 is sleeping
638 127 has taken a fork
638 25 is sleeping
639 159 is thinking
639 37 is sleeping
639 128 has taken a fork
639 155 is thinking
639 173 is thinking
639 112 has taken a fork
639 113 is eating
639 120 has taken a fork
639 30 is sleeping
639 163 is thinking
640 160 is thinking
640 122 has taken a fork
640 167 is thinking
640 170 is thinking
640 51 is sleeping
640 175 is thinking
641 129 has taken a fork
641 29 is sleeping
641 166 is thinking
641 131 has taken a fork
641 118 has taken a fork
641 168 is thinking
641 169 is thinking
641 171 is thinking
641 34 is sleeping
641 177 is thinking
641 24 is sleeping
641 135 has taken a fork
642 172 is thinking
642 39 is sleeping
642 178 is thinking
642 185 is thinking
642 174 is thinking
642 28 is sleeping
642 134 has taken a fork
642 142 has taken a fork
642 193 is thinking
643 132 has taken a fork
643 114 has taken a fork
643 183 is thinking
644 55 is sleeping
644 180 is thinking
644 176 is thinking
644 35 is sleeping
644 110 is eating
644 179 is thinking
644 15 is sleeping
644 181 is thinking
644 145 has taken a fork
644 136 has taken a fork
644 148 is thinking
644 189 is thinking
644 133 has taken a fork
644 144 has taken a fork
644 182 is thinking
645 47 is sleeping
645 149 has taken a fork
645 49 is sleeping
645 137 has taken a fork
645 45 is sleeping
645 187 is thinking
645 188 is thinking
645 186 is thinking
645 191 is thinking
645 147 has taken a fork
645 119 has taken a fork
645 124 is eating
645 139 is eating
645 50 is sleeping
645 56 is sleeping
645 184 is thinking
646 109 is eating
646 42 is sleeping
646 41 is sleeping
646 146 has taken a fork
646 143 has taken a fork
646 151 has taken a fork
646 38 is sleeping
646 59 is sleeping
646 153 has taken a fork
646 130 has taken a fork
646 138 has taken a fork
646 61 is sleeping
646 54 is sleeping
646 140 has taken a fork
647 66 is sleeping
647 105 has taken a fork
647 69 is sleeping
647 52 is sleeping
648 65 is sleeping
648 64 is sleeping
648 116 has taken a fork
648 141 has taken a fork
648 125 has taken a fork
648 123 has taken a fork
648 152 has taken a fork
648 150 has taken a fork
648 126 has taken a fork
648 162 has taken a fork
648 158 has taken a fork
648 60 is sleeping
648 62 is sleeping
648 75 is sleeping
648 164 has taken a fork
648 121 has taken a fork
649 154 has taken a fork
649 156 has taken a fork
649 157 has taken a fork
649 161 has taken a fork
649 58 is sleeping
649 43 is sleeping
649 40 is sleeping
649 165 has taken a fork
649 190 is thinking
649 192 is thinking
649 197 is thinking
649 57 is sleeping
649 127 has taken a fork
649 46 is sleeping
650 73 is sleeping
650 196 is thinking
650 159 has taken a fork
650 53 is sleeping
651 48 is sleeping
651 198 is thinking
652 194 is thinking
652 195 is thinking
652 128 has taken a fork
652 155 has taken a fork
652 173 has taken a fork
652 112 has taken a fork
652 120 has taken a fork
652 163 has taken a fork
652 63 is sleeping
653 67 is sleeping
653 160 has taken a fork
653 122 has taken a fork
654 167 has taken a fork
654 170 has taken a fork
654 175 has taken a fork
654 72 is sleeping
654 70 is sleeping
654 129 has taken a fork
654 166 has taken a fork
655 131 has taken a fork
656 118 is eating
656 168 has taken a fork
656 169 has taken a fork
656 135 has taken a fork
656 77 is sleeping
656 171 has taken a fork
656 134 has taken a fork
656 142 has taken a fork
657 71 is sleeping
657 81 is sleeping
657 68 is sleeping
657 177 has taken a fork
657 83 is sleeping
657 185 has taken a fork
657 132 has taken a fork
657 178 has taken a fork
657 172 has taken a fork
657 79 is sleeping
657 114 is eating
657 174 has taken a fork
657 78 is sleeping
657 74 is sleeping
658 193 has taken a fork
658 183 has taken a fork
658 89 is sleeping
658 84 is sleeping
658 180 has taken a fork
658 176 has taken a fork
658 145 has taken a fork
658 136 has taken a fork
661 133 is eating
661 92 is sleeping
667 144 has taken a fork
667 97 is sleeping
667 90 is sleeping
667 91 is sleeping
667 88 is sleeping
667 179 has taken a fork
667 181 has taken a fork
667 148 has taken a fork
667 149 has taken a fork
667 182 has taken a fork
667 189 has taken a fork
667 137 is eating
667 147 has taken a fork
668 119 is eating
668 86 is sleeping
668 187 has taken a fork
668 76 is sleeping
668 188 has taken a fork
668 146 has taken a fork
669 143 has taken a fork
669 151 has taken a fork
669 153 has taken a fork
669 130 is eating
669 138 has taken a fork
669 140 has taken a fork
670 94 is sleeping
670 87 is sleeping
670 95 is sleeping
670 186 has taken a fork
670 191 has taken a fork
670 184 has taken a fork
671 105 has taken a fork
671 80 is sleeping
671 82 is sleeping
671 93 is sleeping
671 116 is eating
671 141 has taken a fork
671 125 is eating
671 123 is eating
671 152 has taken a fork
671 150 has taken a fork
671 126 is eating
671 162 has taken a fork
671 158 has taken a fork
671 164 has taken a fork
672 121 is eating
672 85 is sleeping
672 154 has taken a fork
672 156 has taken a fork
672 157 has taken a fork
673 96 is sleeping
673 161 has taken a fork
673 165 has taken a fork
673 190 has taken a fork
673 192 has taken a fork
673 197 has taken a fork
673 101 is sleeping
673 127 is eating
673 99 is sleeping
674 196 has taken a fork
674 159 has taken a fork
674 198 has taken a fork
674 194 has taken a fork
674 195 has taken a fork
674 128 is eating
674 155 has taken a fork
674 173 has taken a fork
674 112 is eating
674 120 is eating
674 163 has taken a fork
675 160 has taken a fork
675 122 is eating
675 167 has taken a fork
675 170 has taken a fork
675 175 has taken a fork
675 129 is eating
675 166 has taken a fork
676 131 is eating
676 168 has taken a fork
676 169 has taken a fork
677 135 is eating
677 171 has taken a fork
677 134 is eating
677 142 is eating
677 177 has taken a fork
677 185 has taken a fork
677 132 is eating
677 178 has taken a fork
677 172 has taken a fork
678 174 has taken a fork
678 193 has taken a fork
678 183 has taken a fork
678 180 has taken a fork
678 176 has taken a fork
678 145 is eating
678 136 is eating
679 144 is eating
679 179 has taken a fork
679 181 has taken a fork
679 148 has taken a fork
679 149 is eating
679 182 has taken a fork
679 189 has taken a fork
679 147 is eating
679 187 has taken a fork
680 188 has taken a fork
680 146 is eating
680 143 is eating
680 151 is eating
680 153 is eating
680 138 is eating
680 140 is eating
680 186 has taken a fork
680 191 has taken a fork
681 184 has taken a fork
681 105 is eating
681 141 is eating
681 152 is eating
682 150 is eating
682 162 is eating
682 158 is eating
682 164 is eating
683 154 is eating
683 156 is eating
683 157 is eating
683 161 is eating
684 165 is eating
684 190 has taken a fork
684 192 has taken a fork
684 197 has taken a fork
685 196 has taken a fork
685 159 is eating
685 198 has taken a fork
686 11 is thinking
686 194 has taken a fork
686 195 has taken a fork
686 155 is eating
686 173 is eating
687 163 is eating
687 160 is eating
687 167 is eating
687 170 is eating
687 175 is eating
688 166 is eating
688 1 is thinking
688 168 is eating
689 100 is sleeping
690 169 is eating
690 98 is sleeping
690 171 is eating
691 177 is eating
691 185 is eating
691 178 is eating
691 172 is eating
692 174 is eating
692 193 is eating
692 183 is eating
692 180 is eating
692 176 is eating
692 179 is eating
693 181 is eating
693 148 is eating
693 182 is eating
693 189 is eating
693 187 is eating
693 188 is eating
693 186 is eating
693 191 is eating
694 184 is eating
694 190 is eating
694 192 is eating
694 197 is eating
694 196 is eating
694 198 is eating
694 11 has taken a fork
694 194 is eating
694 195 is eating
694 1 has taken a fork
695 11 has taken a fork
695 1 has taken a fork
695 11 is eating
695 17 is thinking
695 6 is thinking
695 1 is eating
696 115 is sleeping
697 17 has taken a fork
697 17 has taken a fork
697 17 is eating
697 103 is sleeping
697 6 has taken a fork
697 6 has taken a fork
697 6 is eating
699 5 is thinking
702 107 is sleeping
702 5 has taken a fork
702 5 has taken a fork
702 5 is eating
704 3 is thinking
704 2 is thinking
705 9 is thinking
706 108 is sleeping
706 3 has taken a fork
706 3 has taken a fork
706 3 is eating
706 102 is sleeping
706 2 has taken a fork
706 2 has taken a fork
706 2 is eating
709 111 is sleeping
709 9 has taken a fork
709 9 has taken a fork
709 9 is eating
713 13 is thinking
714 8 is thinking
716 4 is thinking
718 7 is thinking
720 10 is thinking
720 21 is thinking
720 19 is thinking
721 27 is thinking
722 106 is sleeping
722 104 is sleeping
723 117 is sleeping
724 4 has taken a fork
724 13 has taken a fork
725 8 has taken a fork
725 4 has taken a fork
726 113 is sleeping
726 7 has taken a fork
727 13 has taken a fork
727 18 is thinking
728 8 has taken a fork
728 4 is eating
729 26 is thinking
729 7 has taken a fork
729 13 is eating
729 8 is eating
730 33 is thinking
731 110 is sleeping
732 14 is thinking
732 10 has taken a fork
734 139 is sleeping
734 21 has taken a fork
734 7 is eating
734 124 is sleeping
734 109 is sleeping
734 19 has taken a fork
734 27 has taken a fork
734 23 is thinking
734 44 is thinking
734 10 has taken a fork
734 36 is thinking
734 32 is thinking
734 21 has taken a fork
734 12 is thinking
735 19 has taken a fork
735 27 has taken a fork
736 10 is eating
736 21 is eating
736 20 is thinking
737 16 is thinking
737 19 is eating
737 27 is eating
737 31 is thinking
737 22 is thinking
738 118 is sleeping
738 25 is thinking
739 37 is thinking
739 30 is thinking
739 114 is sleeping
739 26 has taken a fork
739 26 has taken a fork
739 26 is eating
740 18 has taken a fork
740 18 has taken a fork
740 18 is eating
741 51 is thinking
741 34 is thinking
741 29 is thinking
741 24 is thinking
743 28 is thinking
743 39 is thinking
744 133 is sleeping
744 33 has taken a fork
744 119 is sleeping
744 137 is sleeping
745 14 has taken a fork
745 23 has taken a fork
746 55 is thinking
747 15 is thinking
747 35 is thinking
747 33 has taken a fork
747 14 has taken a fork
747 56 is thinking
747 45 is thinking
748 23 has taken a fork
748 47 is thinking
748 130 is sleeping
749 44 has taken a fork
749 50 is thinking
749 49 is thinking
750 123 is sleeping
750 32 has taken a fork
750 41 is thinking
750 54 is thinking
750 38 is thinking
751 42 is thinking
751 125 is sleeping
751 36 has taken a fork
751 61 is thinking
751 59 is thinking
752 116 is sleeping
752 12 has taken a fork
752 126 is sleeping
752 20 has taken a fork
752 69 is thinking
752 52 is thinking
753 66 is thinking
753 33 is eating
754 14 is eating
755 62 is thinking
755 65 is thinking
755 121 is sleeping
755 23 is eating
755 64 is thinking
755 60 is thinking
755 16 has taken a fork
756 75 is thinking
756 58 is thinking
756 44 has taken a fork
756 57 is thinking
756 128 is sleeping
756 31 has taken a fork
757 40 is thinking
757 43 is thinking
757 127 is sleeping
757 22 has taken a fork
757 122 is sleeping
758 25 has taken a fork
758 53 is thinking
758 46 is thinking
758 73 is thinking
758 112 is sleeping
758 37 has taken a fork
758 120 is sleeping
758 32 has taken a fork
758 30 has taken a fork
758 48 is thinking
758 129 is sleeping
758 51 has taken a fork
758 131 is sleeping
758 34 has taken a fork
758 36 has taken a fork
758 63 is thinking
758 12 has taken a fork
758 20 has taken a fork
762 142 is sleeping
764 29 has taken a fork
764 67 is thinking
764 134 is sleeping
764 132 is sleeping
764 24 has taken a fork
764 28 has taken a fork
764 135 is sleeping
764 39 has taken a fork
764 70 is thinking
764 145 is sleeping
764 55 has taken a fork
764 144 is sleeping
764 136 is sleeping
764 72 is thinking
764 15 has taken a fork
765 35 has taken a fork
765 147 is sleeping
765 149 is sleeping
765 45 has taken a fork
765 56 has taken a fork
765 16 has taken a fork
765 77 is thinking
765 44 is eating
765 143 is sleeping
765 47 has taken a fork
765 146 is sleeping
765 31 has taken a fork
765 50 has taken a fork
765 78 is thinking
765 140 is sleeping
765 49 has taken a fork
765 153 is sleeping
765 41 has taken a fork
765 138 is sleeping
765 54 has taken a fork
765 22 has taken a fork
766 83 is thinking
766 79 is thinking
766 81 is thinking
766 151 is sleeping
766 74 is thinking
766 68 is thinking
767 71 is thinking
767 38 has taken a fork
768 158 is sleeping
768 42 has taken a fork
768 25 has taken a fork
768 37 has taken a fork
769 141 is sleeping
769 32 is eating
769 61 has taken a fork
769 30 has taken a fork
769 84 is thinking
769 51 has taken a fork
769 34 has taken a fork
769 36 is eating
769 12 is eating
770 105 is sleeping
770 20 is eating
770 164 is sleeping
770 89 is thinking
770 152 is sleeping
770 66 has taken a fork
770 92 is thinking
770 154 is sleeping
770 150 is sleeping
770 161 is sleeping
770 162 is sleeping
771 59 has taken a fork
771 159 is sleeping
771 165 is sleeping
771 157 is sleeping
771 156 is sleeping
771 69 has taken a fork
771 52 has taken a fork
772 58 has taken a fork
772 64 has taken a fork
772 60 has taken a fork
772 160 is sleeping
772 40 has taken a fork
772 29 has taken a fork
772 163 is sleeping
773 167 is sleeping
773 43 has taken a fork
773 53 has taken a fork
773 24 has taken a fork
773 28 has taken a fork
773 170 is sleeping
773 46 has taken a fork
773 39 has taken a fork
773 173 is sleeping
774 73 has taken a fork
774 55 has taken a fork
774 57 has taken a fork
774 15 has taken a fork
774 35 has taken a fork
774 45 has taken a fork
774 56 has taken a fork
774 166 is sleeping
774 48 has taken a fork
774 16 is eating
774 47 has taken a fork
774 31 is eating
774 50 has taken a fork
774 155 is sleeping
775 63 has taken a fork
775 175 is sleeping
775 49 has taken a fork
775 67 has taken a fork
775 168 is sleeping
775 41 has taken a fork
775 70 has taken a fork
775 62 has taken a fork
775 65 has taken a fork
775 75 has taken a fork
776 54 has taken a fork
776 22 is eating
776 171 is sleeping
776 169 is sleeping
776 72 has taken a fork
776 177 is sleeping
776 91 is thinking
776 178 is sleeping
776 97 is thinking
776 88 is thinking
776 90 is thinking
777 185 is sleeping
777 172 is sleeping
777 78 has taken a fork
777 79 has taken a fork
777 81 has taken a fork
777 83 has taken a fork
777 77 has taken a fork
777 38 has taken a fork
777 174 is sleeping
777 176 is sleeping
777 74 has taken a fork
778 68 has taken a fork
778 42 has taken a fork
778 180 is sleeping
778 193 is sleeping
778 183 is sleeping
778 86 is thinking
778 76 is thinking
779 25 is eating
779 71 has taken a fork
779 37 is eating
779 179 is sleeping
779 189 is sleeping
780 181 is sleeping
780 148 is sleeping
780 182 is sleeping
780 61 has taken a fork
780 30 is eating
780 84 has taken a fork
780 51 is eating
780 34 is eating
780 191 is sleeping
780 87 is thinking
781 95 is thinking
781 94 is thinking
781 89 has taken a fork
781 66 has taken a fork
781 186 is sleeping
782 187 is sleeping
784 188 is sleeping
784 92 has taken a fork
784 184 is sleeping
784 80 is thinking
785 82 is thinking
785 59 has taken a fork
785 93 is thinking
786 69 has taken a fork
786 52 has taken a fork
786 85 is thinking
786 190 is sleeping
786 197 is sleeping
786 196 is sleeping
786 58 has taken a fork
786 192 is sleeping
786 64 has taken a fork
786 60 has taken a fork
787 40 has taken a fork
787 29 is eating
787 96 is thinking
787 101 is thinking
787 194 is sleeping
787 43 has taken a fork
787 198 is sleeping
788 195 is sleeping
788 53 has taken a fork
788 24 is eating
788 28 is eating
789 46 has taken a fork
789 39 is eating
789 73 has taken a fork
789 99 is thinking
789 55 is eating
790 57 has taken a fork
790 15 is eating
790 35 is eating
790 45 is eating
790 56 is eating
790 48 has taken a fork
790 47 is eating
790 50 is eating
790 63 has taken a fork
790 67 has taken a fork
791 49 is eating
791 41 is eating
791 70 has taken a fork
792 62 has taken a fork
792 65 has taken a fork
792 75 has taken a fork
792 54 is eating
793 72 has taken a fork
793 91 has taken a fork
794 97 has taken a fork
794 88 has taken a fork
794 90 has taken a fork
794 78 has taken a fork
794 79 has taken a fork
794 81 has taken a fork
795 83 has taken a fork
795 77 has taken a fork
795 38 is eating
795 74 has taken a fork
795 68 has taken a fork
795 42 is eating
796 86 has taken a fork
796 76 has taken a fork
796 71 has taken a fork
796 61 is eating
796 84 has taken a fork
796 87 has taken a fork
797 95 has taken a fork
797 94 has taken a fork
797 89 has taken a fork
797 66 is eating
798 92 has taken a fork
798 80 has taken a fork
798 82 has taken a fork
799 59 is eating
800 93 has taken a fork
800 69 is eating
801 52 is eating
801 85 has taken a fork
801 58 is eating
801 64 is eating
802 60 is eating
802 40 is eating
802 96 has taken a fork
802 101 has taken a fork
802 43 is eating
803 53 is eating
803 100 is thinking
804 46 is eating
804 73 is eating
805 99 has taken a fork
805 98 is thinking
806 57 is eating
806 48 is eating
806 63 is eating
806 67 is eating
806 11 is sleeping
806 70 is eating
807 62 is eating
807 65 is eating
808 1 is sleeping
808 75 is eating
808 72 is eating
808 91 has taken a fork
808 97 has taken a fork
809 88 has taken a fork
809 90 has taken a fork
809 78 is eating
809 79 is eating
809 81 is eating
809 83 is eating
809 77 is eating
810 74 is eating
810 68 is eating
810 115 is thinking
810 86 has taken a fork
810 76 has taken a fork
810 71 is eating
810 84 is eating
811 87 has taken a fork
811 17 is sleeping
811 6 is sleeping
811 95 has taken a fork
812 94 has taken a fork
812 89 is eating
812 92 is eating
812 103 is thinking
812 80 has taken a fork
812 82 has taken a fork
815 93 has taken a fork
815 85 has taken a fork
815 5 is sleeping
816 96 has taken a fork
816 101 has taken a fork
817 107 is thinking
817 100 has taken a fork
817 99 has taken a fork
817 98 has taken a fork
818 108 is thinking
818 3 is sleeping
819 102 is thinking
821 2 is sleeping
821 91 is eating
821 97 is eating
822 88 is eating
822 90 is eating
823 9 is sleeping
823 111 is thinking
823 115 has taken a fork
823 86 is eating
824 76 is eating
824 87 is eating
824 95 is eating
824 94 is eating
825 103 has taken a fork
825 80 is eating
825 82 is eating
826 93 is eating
826 85 is eating
827 96 is eating
827 101 is eating
828 107 has taken a fork
828 100 has taken a fork
828 99 is eating
828 108 has taken a fork
831 98 has taken a fork
831 102 has taken a fork
831 104 is thinking
832 106 is thinking
834 111 has taken a fork
834 115 has taken a fork
835 117 is thinking
835 13 is sleeping
837 103 has taken a fork
837 4 is sleeping
837 113 is thinking
838 8 is sleeping
840 107 has taken a fork
843 100 is eating
843 108 has taken a fork
843 7 is sleeping
845 98 is eating
846 110 is thinking
847 102 has taken a fork
847 104 has taken a fork
847 10 is sleeping
848 106 has taken a fork
848 21 is sleeping
849 124 is thinking
849 139 is thinking
849 27 is sleeping
850 109 is thinking
850 19 is sleeping
850 111 has taken a fork
850 115 is eating
850 117 has taken a fork
851 103 is eating
852 113 has taken a fork
853 118 is thinking
853 114 is thinking
853 26 is sleeping
853 18 is sleeping
854 107 is eating
854 108 is eating
854 119 is thinking
855 133 is thinking
855 137 is thinking
856 110 has taken a fork
857 102 is eating
858 104 has taken a fork
858 130 is thinking
858 33 is sleeping
858 106 has taken a fork
858 14 is sleeping
858 124 has taken a fork
859 139 has taken a fork
859 123 is thinking
860 23 is sleeping
860 109 has taken a fork
862 111 is eating
862 117 has taken a fork
862 125 is thinking
862 126 is thinking
863 116 is thinking
864 113 has taken a fork
864 118 has taken a fork
864 114 has taken a fork
865 119 has taken a fork
865 121 is thinking
865 44 is sleeping
866 133 has taken a fork
866 137 has taken a fork
866 128 is thinking
869 110 has taken a fork
870 122 is thinking
871 127 is thinking
871 12 is sleeping
873 129 is thinking
873 131 is thinking
873 32 is sleeping
874 112 is thinking
874 130 has taken a fork
875 106 is eating
876 120 is thinking
876 36 is sleeping
876 104 is eating
876 139 has taken a fork
876 124 has taken a fork
877 20 is sleeping
877 123 has taken a fork
877 109 has taken a fork
877 16 is sleeping
878 117 is eating
878 125 has taken a fork
878 142 is thinking
878 31 is sleeping
878 126 has taken a fork
878 116 has taken a fork
878 22 is sleeping
878 145 is thinking
878 132 is thinking
878 144 is thinking
879 113 is eating
880 134 is thinking
880 135 is thinking
880 136 is thinking
880 118 has taken a fork
881 114 has taken a fork
881 143 is thinking
882 149 is thinking
882 138 is thinking
882 25 is sleeping
882 153 is thinking
882 37 is sleeping
882 119 has taken a fork
882 146 is thinking
883 30 is sleeping
883 121 has taken a fork
884 140 is thinking
884 147 is thinking
884 34 is sleeping
884 51 is sleeping
884 133 has taken a fork
884 151 is thinking
885 137 has taken a fork
885 128 has taken a fork
885 158 is thinking
885 141 is thinking
885 110 is eating
886 161 is thinking
886 154 is thinking
886 152 is thinking
886 105 is thinking
886 164 is thinking
886 150 is thinking
886 122 has taken a fork
886 162 is thinking
886 29 is sleeping
887 127 has taken a fork
887 165 is thinking
887 157 is thinking
887 28 is sleeping
887 24 is sleeping
887 156 is thinking
887 159 is thinking
887 39 is sleeping
887 160 is thinking
887 35 is sleeping
887 15 is sleeping
887 163 is thinking
888 55 is sleeping
888 47 is sleeping
888 129 has taken a fork
888 170 is thinking
888 56 is sleeping
888 131 has taken a fork
888 173 is thinking
889 167 is thinking
889 50 is sleeping
889 45 is sleeping
889 49 is sleeping
889 155 is thinking
890 41 is sleeping
890 112 has taken a fork
890 166 is thinking
890 130 has taken a fork
890 175 is thinking
890 168 is thinking
890 54 is sleeping
890 169 is thinking
890 120 has taken a fork
891 177 is thinking
891 171 is thinking
891 178 is thinking
891 38 is sleeping
891 139 is eating
891 124 is eating
891 176 is thinking
891 61 is sleeping
891 172 is thinking
892 42 is sleeping
892 185 is thinking
892 174 is thinking
892 123 has taken a fork
892 109 is eating
892 183 is thinking
892 180 is thinking
892 193 is thinking
892 125 has taken a fork
892 142 has taken a fork
893 126 has taken a fork
893 116 has taken a fork
893 145 has taken a fork
893 132 has taken a fork
893 144 has taken a fork
893 189 is thinking
893 66 is sleeping
893 179 is thinking
893 148 is thinking
893 134 has taken a fork
893 191 is thinking
893 182 is thinking
893 181 is thinking
893 135 has taken a fork
893 136 has taken a fork
893 118 is eating
893 114 is eating
893 59 is sleeping
893 186 is thinking
893 143 has taken a fork
894 149 has taken a fork
894 52 is sleeping
894 138 has taken a fork
894 69 is sleeping
894 153 has taken a fork
894 119 is eating
895 146 has taken a fork
895 64 is sleeping
895 43 is sleeping
895 40 is sleeping
895 60 is sleeping
895 121 has taken a fork
895 73 is sleeping
896 53 is sleeping
896 187 is thinking
896 58 is sleeping
896 188 is thinking
896 140 has taken a fork
896 46 is sleeping
897 184 is thinking
897 147 has taken a fork
897 133 is eating
898 151 has taken a fork
898 137 is eating
898 57 is sleeping
898 128 has taken a fork
898 158 has taken a fork
898 141 has taken a fork
899 63 is sleeping
899 196 is thinking
899 161 has taken a fork
899 70 is sleeping
900 67 is sleeping
900 192 is thinking
900 190 is thinking
900 65 is sleeping
900 62 is sleeping
900 197 is thinking
901 48 is sleeping
901 154 has taken a fork
901 152 has taken a fork
901 105 has taken a fork
901 164 has taken a fork
901 150 has taken a fork
901 122 has taken a fork
901 162 has taken a fork
901 194 is thinking
901 75 is sleeping
901 127 has taken a fork
901 198 is thinking
901 165 has taken a fork
901 72 is sleeping
901 157 has taken a fork
901 156 has taken a fork
901 159 has taken a fork
902 160 has taken a fork
902 163 has taken a fork
902 81 is sleeping
902 83 is sleeping
902 77 is sleeping
902 79 is sleeping
902 195 is thinking
902 78 is sleeping
903 129 has taken a fork
903 170 has taken a fork
903 131 has taken a fork
904 173 has taken a fork
904 71 is sleeping
904 68 is sleeping
904 74 is sleeping
904 167 has taken a fork
904 155 has taken a fork
904 84 is sleeping
904 112 has taken a fork
905 166 has taken a fork
905 130 is eating
905 175 has taken a fork
905 168 has taken a fork
905 169 has taken a fork
905 120 has taken a fork
905 89 is sleeping
905 92 is sleeping
906 177 has taken a fork
906 171 has taken a fork
906 178 has taken a fork
906 176 has taken a fork
906 172 has taken a fork
907 185 has taken a fork
907 174 has taken a fork
907 123 is eating
908 183 has taken a fork
908 180 has taken a fork
908 193 has taken a fork
908 125 is eating
908 142 has taken a fork
908 126 is eating
908 116 is eating
909 145 has taken a fork
909 132 has taken a fork
909 144 has taken a fork
909 189 has taken a fork
909 134 has taken a fork
909 135 has taken a fork
909 136 has taken a fork
909 143 has taken a fork
909 149 has taken a fork
909 138 has taken a fork
910 153 has taken a fork
910 146 has taken a fork
910 121 is eating
910 140 has taken a fork
910 147 has taken a fork
910 151 has taken a fork
910 128 is eating
910 158 has taken a fork
910 141 has taken a fork
910 90 is sleeping
910 88 is sleeping
910 179 has taken a fork
911 148 has taken a fork
911 91 is sleeping
911 191 has taken a fork
911 97 is sleeping
912 161 has taken a fork
912 182 has taken a fork
912 154 has taken a fork
912 152 has taken a fork
912 105 has taken a fork
912 164 has taken a fork
913 150 has taken a fork
913 122 is eating
913 162 has taken a fork
913 76 is sleeping
913 127 is eating
914 86 is sleeping
915 181 has taken a fork
915 186 has taken a fork
915 165 has taken a fork
915 157 has taken a fork
915 156 has taken a fork
915 159 has taken a fork
916 87 is sleeping
916 160 has taken a fork
916 187 has taken a fork
916 163 has taken a fork
916 95 is sleeping
916 94 is sleeping
917 188 has taken a fork
917 129 is eating
917 184 has taken a fork
917 170 has taken a fork
917 131 is eating
917 173 has taken a fork
917 167 has taken a fork
918 155 has taken a fork
918 112 is eating
918 80 is sleeping
919 166 has taken a fork
919 175 has taken a fork
919 196 has taken a fork
919 168 has taken a fork
919 82 is sleeping
919 192 has taken a fork
919 169 has taken a fork
919 120 is eating
919 85 is sleeping
919 177 has taken a fork
919 11 is thinking
919 93 is sleeping
919 197 has taken a fork
919 190 has taken a fork
919 171 has taken a fork
919 178 has taken a fork
919 176 has taken a fork
920 172 has taken a fork
920 101 is sleeping
921 185 has taken a fork
922 96 is sleeping
922 198 has taken a fork
922 194 has taken a fork
922 174 has taken a fork
922 1 is thinking
922 183 has taken a fork
922 180 has taken a fork
922 193 has taken a fork
923 142 is eating
923 99 is sleeping
923 195 has taken a fork
924 145 is eating
924 132 is eating
924 144 is eating
924 189 has taken a fork
925 134 is eating
925 135 is eating
925 136 is eating
925 143 is eating
925 149 is eating
926 138 is eating
927 153 is eating
928 146 is eating
929 140 is eating
930 147 is eating
930 151 is eating
933 158 is eating
933 141 is eating
933 179 has taken a fork
933 148 has taken a fork
934 191 has taken a fork
934 6 is thinking
936 17 is thinking
936 161 is eating
937 182 has taken a fork
937 154 is eating
937 152 is eating
938 105 is eating
939 164 is eating
940 150 is eating
940 162 is eating
940 181 has taken a fork
940 186 has taken a fork
941 165 is eating
942 157 is eating
942 156 is eating
942 159 is eating
942 160 is eating
942 187 has taken a fork
943 163 is eating
943 5 is thinking
943 188 has taken a fork
943 170 is eating
943 184 has taken a fork
944 173 is eating
944 167 is eating
944 3 is thinking
944 155 is eating
944 166 is eating
944 175 is eating
944 196 has taken a fork
944 168 is eating
944 192 has taken a fork
945 169 is eating
945 177 is eating
945 197 has taken a fork
945 190 has taken a fork
945 171 is eating
945 178 is eating
946 176 is eating
946 172 is eating
947 2 is thinking
947 185 is eating
948 198 has taken a fork
949 194 has taken a fork
950 174 is eating
951 183 is eating
952 180 is eating
952 193 is eating
952 9 is thinking
953 100 is sleeping
953 11 has taken a fork
953 195 has taken a fork
954 189 is eating
954 98 is sleeping
954 1 has taken a fork
954 115 is sleeping
954 103 is sleeping
954 179 is eating
954 148 is eating
955 191 is eating
955 6 has taken a fork
955 17 has taken a fork
955 13 is thinking
955 107 is sleeping
955 108 is sleeping
956 4 is thinking
956 182 is eating
956 8 is thinking
956 102 is sleeping
956 181 is eating
956 186 is eating
956 187 is eating
956 111 is sleeping
956 7 is thinking
957 5 has taken a fork
957 188 is eating
958 184 is eating
958 3 has taken a fork
958 196 is eating
959 192 is eating
959 197 is eating
960 190 is eating
961 10 is thinking
961 2 has taken a fork
961 198 is eating
961 21 is thinking
961 194 is eating
961 27 is thinking
961 19 is thinking
961 9 has taken a fork
962 11 has taken a fork
962 18 is thinking
963 26 is thinking
964 195 is eating
964 106 is sleeping
964 104 is sleeping
965 1 has taken a fork
968 6 has taken a fork
968 17 has taken a fork
969 13 has taken a fork
969 4 has taken a fork
970 117 is sleeping
970 5 has taken a fork
970 8 has taken a fork
970 113 is sleeping
970 33 is thinking
970 3 has taken a fork
971 14 is thinking
971 7 has taken a fork
972 23 is thinking
973 2 has taken a fork
973 9 has taken a fork
974 11 is eating
974 1 is eating
974 44 is thinking
975 110 is sleeping
975 10 has taken a fork
976 6 is eating
976 17 is eating
977 13 has taken a fork
977 4 has taken a fork
978 139 is sleeping
978 21 has taken a fork
978 124 is sleeping
978 8 has taken a fork
978 3 is eating
978 5 is eating
979 27 has taken a fork
980 12 is thinking
981 109 is sleeping
982 19 has taken a fork
983 7 has taken a fork
984 32 is thinking
987 118 is sleeping
987 2 is eating
987 114 is sleeping
987 9 is eating
987 26 has taken a fork
987 18 has taken a fork
989 10 has taken a fork
990 119 is sleeping
990 36 is thinking
991 33 has taken a fork
992 133 is sleeping
994 137 is sleeping
994 13 is eating
994 4 is eating
995 14 has taken a fork
995 16 is thinking
996 20 is thinking
996 31 is thinking
997 23 has taken a fork
999 22 is thinking
1000 21 has taken a fork
1000 8 is eating
1001 27 has taken a fork
1002 37 is thinking
1002 19 has taken a fork
1002 130 is sleeping
1002 25 is thinking
1002 30 is thinking
1002 7 is eating
1002 44 has taken a fork
1002 29 is thinking
1002 34 is thinking
1002 116 is sleeping
1003 126 is sleeping
1003 51 is thinking
1003 123 is sleeping
1003 15 is thinking
1004 28 is thinking
1004 24 is thinking
1004 39 is thinking
1005 35 is thinking
1005 26 has taken a fork
1005 18 has taken a fork
1005 47 is thinking
1005 32 has taken a fork
1006 128 is sleeping
1006 121 is sleeping
1006 10 is eating
1006 56 is thinking
1006 49 is thinking
1007 55 is thinking
1007 45 is thinking
1008 50 is thinking
1008 12 has taken a fork
1008 54 is thinking
1008 125 is sleeping
1008 36 has taken a fork
1009 41 is thinking
1009 61 is thinking
1010 38 is thinking
1010 33 has taken a fork
1010 122 is sleeping
1011 42 is thinking
1011 66 is thinking
1011 59 is thinking
1011 127 is sleeping
1011 52 is thinking
1011 69 is thinking
1011 43 is thinking
1011 131 is sleeping
1011 40 is thinking
1012 60 is thinking
1012 14 has taken a fork
1012 64 is thinking
1012 16 has taken a fork
1012 129 is sleeping
1012 46 is thinking
1012 73 is thinking
1013 58 is thinking
1013 20 has taken a fork
1013 53 is thinking
1013 112 is sleeping
1013 31 has taken a fork
1013 23 has taken a fork
1013 57 is thinking
1014 63 is thinking
1014 120 is sleeping
1014 22 has taken a fork
1015 67 is thinking
1015 70 is thinking
1015 62 is thinking
1015 21 is eating
1015 48 is thinking
1015 65 is thinking
1015 132 is sleeping
1015 145 is sleeping
1016 72 is thinking
1016 75 is thinking
1016 27 is eating
1017 142 is sleeping
1017 144 is sleeping
1017 79 is thinking
1017 78 is thinking
1018 83 is thinking
1018 77 is thinking
1018 81 is thinking
1018 37 has taken a fork
1018 19 is eating
1018 25 has taken a fork
1018 30 has taken a fork
1018 44 has taken a fork
1018 29 has taken a fork
1018 34 has taken a fork
1019 143 is sleeping
1019 134 is sleeping
1019 51 has taken a fork
1019 15 has taken a fork
1019 136 is sleeping
1019 135 is sleeping
1019 74 is thinking
1019 138 is sleeping
1019 84 is thinking
1019 68 is thinking
1019 28 has taken a fork
1019 149 is sleeping
1019 71 is thinking
1019 24 has taken a fork
1019 39 has taken a fork
1020 92 is thinking
1020 146 is sleeping
1020 153 is sleeping
1020 89 is thinking
1020 35 has taken a fork
1020 26 is eating
1020 18 is eating
1021 47 has taken a fork
1021 32 has taken a fork
1021 56 has taken a fork
1021 49 has taken a fork
1021 55 has taken a fork
1021 147 is sleeping
1021 45 has taken a fork
1021 140 is sleeping
1021 151 is sleeping
1021 50 has taken a fork
1021 12 has taken a fork
1021 54 has taken a fork
1021 36 has taken a fork
1021 41 has taken a fork
1021 158 is sleeping
1021 141 is sleeping
1021 61 has taken a fork
1022 90 is thinking
1022 88 is thinking
1022 38 has taken a fork
1022 33 is eating
1022 91 is thinking
1022 161 is sleeping
1022 42 has taken a fork
1022 97 is thinking
1022 66 has taken a fork
1022 154 is sleeping
1022 59 has taken a fork
1023 152 is sleeping
1023 52 has taken a fork
1023 105 is sleeping
1023 69 has taken a fork
1024 14 is eating
1024 16 has taken a fork
1024 162 is sleeping
1024 43 has taken a fork
1024 76 is thinking
1024 150 is sleeping
1025 40 has taken a fork
1025 164 is sleeping
1025 60 has taken a fork
1025 20 has taken a fork
1025 31 has taken a fork
1026 23 is eating
1026 86 is thinking
1026 165 is sleeping
1026 64 has taken a fork
1026 22 has taken a fork
1026 160 is sleeping
1027 46 has taken a fork
1028 159 is sleeping
1028 73 has taken a fork
1028 157 is sleeping
1028 156 is sleeping
1028 163 is sleeping
1029 57 has taken a fork
1029 58 has taken a fork
1029 53 has taken a fork
1029 94 is thinking
1029 170 is sleeping
1029 173 is sleeping
1029 87 is thinking
1030 95 is thinking
1030 63 has taken a fork
1030 67 has taken a fork
1030 168 is sleeping
1030 175 is sleeping
1030 62 has taken a fork
1030 155 is sleeping
1031 48 has taken a fork
1031 167 is sleeping
1031 70 has taken a fork
1031 65 has taken a fork
1031 169 is sleeping
1032 80 is thinking
1032 37 has taken a fork
1032 171 is sleeping
1032 72 has taken a fork
1033 75 has taken a fork
1033 166 is sleeping
1033 79 has taken a fork
1033 177 is sleeping
1033 78 has taken a fork
1033 25 has taken a fork
1033 30 has taken a fork
1033 44 is eating
1033 29 has taken a fork
1033 34 has taken a fork
1034 176 is sleeping
1034 51 has taken a fork
1034 83 has taken a fork
1035 15 has taken a fork
1035 85 is thinking
1035 82 is thinking
1036 93 is thinking
1036 172 is sleeping
1037 77 has taken a fork
1037 178 is sleeping
1037 81 has taken a fork
1037 28 has taken a fork
1038 24 has taken a fork
1038 39 has taken a fork
1038 185 is sleeping
1038 74 has taken a fork
1039 101 is thinking
1039 35 has taken a fork
1039 47 has taken a fork
1039 174 is sleeping
1040 56 has taken a fork
1040 32 is eating
1041 84 has taken a fork
1041 49 has taken a fork
1041 55 has taken a fork
1041 45 has taken a fork
1041 50 has taken a fork
1041 12 is eating
1041 54 has taken a fork
1041 36 is eating
1041 41 has taken a fork
1041 61 has taken a fork
1041 183 is sleeping
1041 68 has taken a fork
1041 180 is sleeping
1041 193 is sleeping
1042 92 has taken a fork
1042 71 has taken a fork
1042 96 is thinking
1042 38 has taken a fork
1042 42 has taken a fork
1042 66 has taken a fork
1043 59 has taken a fork
1043 52 has taken a fork
1043 69 has taken a fork
1043 99 is thinking
1043 189 is sleeping
1044 89 has taken a fork
1044 16 is eating
1044 43 has taken a fork
1045 40 has taken a fork
1045 60 has taken a fork
1046 20 is eating
1046 31 is eating
1046 64 has taken a fork
1047 22 is eating
1047 46 has taken a fork
1048 191 is sleeping
1048 148 is sleeping
1048 88 has taken a fork
1048 182 is sleeping
1049 179 is sleeping
1049 97 has taken a fork
1050 90 has taken a fork
1050 73 has taken a fork
1051 91 has taken a fork
1051 181 is sleeping
1051 76 has taken a fork
1051 187 is sleeping
1052 186 is sleeping
1052 57 has taken a fork
1053 86 has taken a fork
1053 58 has taken a fork
1054 53 has taken a fork
1054 94 has taken a fork
1054 63 has taken a fork
1054 67 has taken a fork
1054 188 is sleeping
1054 87 has taken a fork
1055 62 has taken a fork
1056 184 is sleeping
1057 48 has taken a fork
1057 70 has taken a fork
1057 65 has taken a fork
1058 95 has taken a fork
1058 192 is sleeping
1058 80 has taken a fork
1058 196 is sleeping
1058 37 is eating
1059 72 has taken a fork
1059 197 is sleeping
1059 75 has taken a fork
1059 190 is sleeping
1059 78 has taken a fork
1059 25 is eating
1060 30 is eating
1060 79 has taken a fork
1061 29 is eating
1061 34 is eating
1061 51 is eating
1062 198 is sleeping
1062 194 is sleeping
1062 83 has taken a fork
1062 15 is eating
1063 85 has taken a fork
1063 82 has taken a fork
1063 93 has taken a fork
1064 77 has taken a fork
1064 195 is sleeping
1064 81 has taken a fork
1064 28 is eating
1064 24 is eating
1065 39 is eating
1065 74 has taken a fork
1065 101 has taken a fork
1065 35 is eating
1066 47 is eating
1066 56 is eating
1067 84 has taken a fork
1067 49 is eating
1067 55 is eating
1067 45 is eating
1067 50 is eating
1068 54 is eating
1068 41 is eating
1068 61 is eating
1068 68 has taken a fork
1068 92 has taken a fork
1068 71 has taken a fork
1068 96 has taken a fork
1068 38 is eating
1068 42 is eating
1069 66 is eating
1069 59 is eating
1070 52 is eating
1070 69 is eating
1070 99 has taken a fork
1070 89 has taken a fork
1072 43 is eating
1074 40 is eating
1074 60 is eating
1075 64 is eating
1077 46 is eating
1078 88 has taken a fork
1079 11 is sleeping
1079 97 has taken a fork
1079 1 is sleeping
1079 90 has taken a fork
1080 73 is eating
1080 91 has taken a fork
1080 76 has taken a fork
1080 57 is eating
1083 86 has taken a fork
1083 100 is thinking
1085 58 is eating
1085 53 is eating
1087 94 has taken a fork
1087 63 is eating
1090 98 is thinking
1090 67 is eating
1090 103 is thinking
1090 115 is thinking
1090 87 has taken a fork
1091 108 is thinking
1092 62 is eating
1093 6 is sleeping
1094 107 is thinking
1094 102 is thinking
1095 111 is thinking
1095 17 is sleeping
1096 48 is eating
1096 70 is eating
1096 65 is eating
1096 95 has taken a fork
1096 80 has taken a fork
1096 72 is eating
1097 75 is eating
1097 78 is eating
1098 79 is eating
1099 5 is sleeping
1099 3 is sleeping
1099 83 is eating
1100 85 has taken a fork
1100 82 has taken a fork
1101 93 has taken a fork
1101 106 is thinking
1102 77 is eating
1102 81 is eating
1103 104 is thinking
1103 101 has taken a fork
1104 74 is eating
1105 2 is sleeping
1105 84 is eating
1106 68 is eating
1106 92 is eating
1106 71 is eating
1107 96 has taken a fork
1107 99 has taken a fork
1107 89 is eating
1107 117 is thinking
1107 113 is thinking
1109 9 is sleeping
1110 4 is sleeping
1110 13 is sleeping
1111 110 is thinking
1111 124 is thinking
1111 88 is eating
1113 139 is thinking
1114 8 is sleeping
1114 97 is eating
1115 90 is eating
1116 91 is eating
1116 76 is eating
1117 7 is sleeping
1118 109 is thinking
1118 86 is eating
1119 100 has taken a fork
1121 10 is sleeping
1121 118 is thinking
1122 94 is eating
1122 114 is thinking
1122 119 is thinking
1123 98 has taken a fork
1123 103 has taken a fork
1124 115 has taken a fork
1124 87 is eating
1125 108 has taken a fork
1125 133 is thinking
1125 21 is sleeping
1125 137 is thinking
1125 27 is sleeping
1126 107 has taken a fork
1126 102 has taken a fork
1127 19 is sleeping
1127 111 has taken a fork
1128 95 is eating
1128 80 is eating
1128 18 is sleeping
1128 26 is sleeping
1128 33 is sleeping
1128 85 is eating
1129 82 is eating
1130 93 is eating
1130 14 is sleeping
1130 106 has taken a fork
1130 23 is sleeping
1130 130 is thinking
1131 116 is thinking
1131 126 is thinking
1132 123 is thinking
1132 104 has taken a fork
1133 101 is eating
1133 121 is thinking
1133 128 is thinking
1133 96 is eating
1134 99 is eating
1134 117 has taken a fork
1134 113 has taken a fork
1134 44 is sleeping
1134 125 is thinking
1135 122 is thinking
1135 127 is thinking
1136 110 has taken a fork
1136 124 has taken a fork
1136 131 is thinking
1137 129 is thinking
1137 139 has taken a fork
1137 112 is thinking
1137 32 is sleeping
1137 120 is thinking
1137 145 is thinking
1137 132 is thinking
1137 12 is sleeping
1137 36 is sleeping
1137 144 is thinking
1138 142 is thinking
1138 109 has taken a fork
1138 149 is thinking
1138 138 is thinking
1138 136 is thinking
1139 134 is thinking
1139 143 is thinking
1139 135 is thinking
1139 100 has taken a fork
1139 153 is thinking
1139 146 is thinking
1139 16 is sleeping
1139 140 is thinking
1139 158 is thinking
1139 141 is thinking
1139 151 is thinking
1140 20 is sleeping
1140 147 is thinking
1140 31 is sleeping
1140 118 has taken a fork
1140 161 is thinking
1140 154 is thinking
1140 114 has taken a fork
1140 119 has taken a fork
1140 152 is thinking
1140 105 is thinking
1140 22 is sleeping
1141 98 has taken a fork
1141 103 has taken a fork
1141 162 is thinking
1141 150 is thinking
1141 115 has taken a fork
1142 108 has taken a fork
1142 133 has taken a fork
1142 137 has taken a fork
1143 164 is thinking
1143 165 is thinking
1143 160 is thinking
1143 107 has taken a fork
1143 102 has taken a fork
1144 111 has taken a fork
1144 156 is thinking
1144 157 is thinking
1144 159 is thinking
1145 163 is thinking
1145 173 is thinking
1145 170 is thinking
1145 155 is thinking
1145 37 is sleeping
1146 175 is thinking
1146 168 is thinking
1146 106 has taken a fork
1147 130 has taken a fork
1147 30 is sleeping
1147 116 has taken a fork
1147 25 is sleeping
1148 167 is thinking
1148 126 has taken a fork
1148 169 is thinking
1148 51 is sleeping
1148 34 is sleeping
1148 171 is thinking
1148 123 has taken a fork
1148 29 is sleeping
1148 104 has taken a fork
1148 166 is thinking
1148 177 is thinking
1149 121 has taken a fork
1149 128 has taken a fork
1149 15 is sleeping
1149 28 is sleeping
1149 176 is thinking
1149 24 is sleeping
1150 117 has taken a fork
1150 113 has taken a fork
1150 125 has taken a fork
1150 35 is sleeping
1150 39 is sleeping
1150 122 has taken a fork
1150 127 has taken a fork
1150 56 is sleeping
1150 47 is sleeping
1150 172 is thinking
1150 110 has taken a fork
1151 124 has taken a fork
1151 131 has taken a fork
1151 49 is sleeping
1151 45 is sleeping
1151 55 is sleeping
1151 129 has taken a fork
1151 139 has taken a fork
1151 178 is thinking
1151 112 has taken a fork
1152 120 has taken a fork
1152 145 has taken a fork
1152 132 has taken a fork
1152 144 has taken a fork
1152 185 is thinking
1152 54 is sleeping
1153 142 has taken a fork
1153 50 is sleeping
1153 109 has taken a fork
1153 149 has taken a fork
1154 138 has taken a fork
1154 136 has taken a fork
1154 38 is sleeping
1154 41 is sleeping
1154 134 has taken a fork
1154 143 has taken a fork
1154 135 has taken a fork
1154 100 is eating
1154 174 is thinking
1154 61 is sleeping
1155 153 has taken a fork
1155 146 has taken a fork
1155 140 has taken a fork
1155 158 has taken a fork
1156 141 has taken a fork
1156 151 has taken a fork
1156 42 is sleeping
1156 66 is sleeping
1156 147 has taken a fork
1156 118 has taken a fork
1157 161 has taken a fork
1157 114 has taken a fork
1157 119 has taken a fork
1157 59 is sleeping
1157 180 is thinking
1158 52 is sleeping
1158 183 is thinking
1158 152 has taken a fork
1158 193 is thinking
1158 69 is sleeping
1159 105 has taken a fork
1159 98 is eating
1159 154 has taken a fork
1159 103 is eating
1160 115 is eating
1160 108 is eating
1160 133 has taken a fork
1160 137 has taken a fork
1160 43 is sleeping
1160 162 has taken a fork
1161 107 is eating
1161 102 is eating
1161 189 is thinking
1161 111 is eating
1161 60 is sleeping
1161 40 is sleeping
1161 150 has taken a fork
1162 164 has taken a fork
1162 64 is sleeping
1162 165 has taken a fork
1162 46 is sleeping
1162 106 is eating
1163 160 has taken a fork
1163 130 has taken a fork
1164 116 has taken a fork
1164 148 is thinking
1164 182 is thinking
1164 73 is sleeping
1164 57 is sleeping
1164 191 is thinking
1164 157 has taken a fork
1164 156 has taken a fork
1165 126 has taken a fork
1165 123 has taken a fork
1165 104 is eating
1165 128 has taken a fork
1165 179 is thinking
1165 121 has taken a fork
1165 58 is sleeping
1166 159 has taken a fork
1166 53 is sleeping
1166 117 is eating
1166 113 is eating
1166 163 has taken a fork
1167 125 has taken a fork
1167 122 has taken a fork
1167 127 has taken a fork
1167 110 is eating
1167 187 is thinking
1168 124 is eating
1168 181 is thinking
1168 131 has taken a fork
1168 129 has taken a fork
1168 139 is eating
1168 112 has taken a fork
1168 186 is thinking
1169 120 has taken a fork
1170 145 has taken a fork
1170 63 is sleeping
1171 173 has taken a fork
1171 132 has taken a fork
1171 144 has taken a fork
1171 142 has taken a fork
1171 109 is eating
1171 67 is sleeping
1171 149 has taken a fork
1172 170 has taken a fork
1172 138 has taken a fork
1172 136 has taken a fork
1172 188 is thinking
1173 134 has taken a fork
1173 143 has taken a fork
1173 135 has taken a fork
1173 153 has taken a fork
1173 62 is sleeping
1173 155 has taken a fork
1174 146 has taken a fork
1174 140 has taken a fork
1174 158 has taken a fork
1174 184 is thinking
1175 141 has taken a fork
1175 151 has taken a fork
1176 147 has taken a fork
1176 118 is eating
1176 161 has taken a fork
1176 114 is eating
1177 119 is eating
1177 48 is sleeping
1178 72 is sleeping
1178 70 is sleeping
1179 65 is sleeping
1179 168 has taken a fork
1179 175 has taken a fork
1179 167 has taken a fork
1180 169 has taken a fork
1180 79 is sleeping
1180 171 has taken a fork
1180 78 is sleeping
1180 192 is thinking
1180 75 is sleeping
1181 196 is thinking
1181 166 has taken a fork
1181 177 has taken a fork
1181 152 has taken a fork
1181 105 has taken a fork
1181 190 is thinking
1182 197 is thinking
1182 83 is sleeping
1182 176 has taken a fork
1182 154 has taken a fork
1182 133 is eating
1183 137 is eating
1183 162 has taken a fork
1183 81 is sleeping
1183 172 has taken a fork
1184 77 is sleeping
1184 178 has taken a fork
1185 150 has taken a fork
1185 194 is thinking
1186 74 is sleeping
1186 164 has taken a fork
1186 198 is thinking
1186 185 has taken a fork
1186 165 has taken a fork
1186 160 has taken a fork
1187 130 is eating
1187 84 is sleeping
1187 71 is sleeping
1187 68 is sleeping
1188 116 is eating
1188 195 is thinking
1188 92 is sleeping
1188 174 has taken a fork
1189 180 has taken a fork
1190 193 has taken a fork
1190 183 has taken a fork
1190 157 has taken a fork
1191 156 has taken a fork
1191 126 is eating
1191 123 is eating
1191 128 is eating
1191 121 is eating
1191 159 has taken a fork
1192 89 is sleeping
1192 189 has taken a fork
1193 163 has taken a fork
1193 125 is eating
1194 122 is eating
1194 127 is eating
1194 131 is eating
1194 129 is eating
1194 112 is eating
1195 120 is eating
1195 88 is sleeping
1195 148 has taken a fork
1195 145 is eating
1195 97 is sleeping
1195 173 has taken a fork
1195 132 is eating
1196 144 is eating
1196 142 is eating
1196 182 has taken a fork
1197 149 is eating
1197 91 is sleeping
1197 191 has taken a fork
1197 170 has taken a fork
1197 90 is sleeping
1197 179 has taken a fork
1197 138 is eating
1197 136 is eating
1197 76 is sleeping
1197 187 has taken a fork
1197 134 is eating
1197 143 is eating
1197 135 is eating
1197 153 is eating
1198 155 has taken a fork
1198 146 is eating
1199 140 is eating
1201 86 is sleeping
1201 181 has taken a fork
1202 158 is eating
1203 141 is eating
1203 151 is eating
1203 94 is sleeping
1204 147 is eating
1204 186 has taken a fork
1205 161 is eating
1205 87 is sleeping
1205 188 has taken a fork
1205 11 is thinking
1205 1 is thinking
1206 168 has taken a fork
1207 175 has taken a fork
1207 167 has taken a fork
1207 95 is sleeping
1207 184 has taken a fork
1208 169 has taken a fork
1208 80 is sleeping
1209 171 has taken a fork
1210 192 has taken a fork
1210 166 has taken a fork
1211 177 has taken a fork
1212 152 is eating
1212 105 is eating
1212 85 is sleeping
1212 82 is sleeping
1213 196 has taken a fork
1213 190 has taken a fork
1214 176 has taken a fork
1214 154 is eating
1214 93 is sleeping
1215 197 has taken a fork
1215 162 is eating
1215 172 has taken a fork
1216 178 has taken a fork
1216 150 is eating
1217 164 is eating
1217 101 is sleeping
1217 194 has taken a fork
1217 185 has taken a fork
1217 165 is eating
1217 160 is eating
1218 96 is sleeping
1218 198 has taken a fork
1218 174 has taken a fork
1218 195 has taken a fork
1219 99 is sleeping
1219 180 has taken a fork
1220 193 has taken a fork
1220 183 has taken a fork
1220 157 is eating
1220 156 is eating
1220 159 is eating
1221 189 has taken a fork
1222 6 is thinking
1222 163 is eating
1222 17 is thinking
1222 148 has taken a fork
1222 173 is eating
1224 182 has taken a fork
1224 191 has taken a fork
1224 170 is eating
1224 179 has taken a fork
1224 187 has taken a fork
1224 155 is eating
1225 5 is thinking
1225 3 is thinking
1226 181 has taken a fork
1226 186 has taken a fork
1226 2 is thinking
1226 188 has taken a fork
1227 168 is eating
1227 175 is eating
1229 167 is eating
1229 184 has taken a fork
1229 169 is eating
1230 9 is thinking
1230 171 is eating
1230 13 is thinking
1231 192 has taken a fork
1232 4 is thinking
1233 166 is eating
1233 177 is eating
1233 196 has taken a fork
1233 190 has taken a fork
1234 176 is eating
1234 8 is thinking
1235 197 has taken a fork
1235 172 is eating
1235 178 is eating
1236 7 is thinking
1236 194 has taken a fork
1236 185 is eating
1237 198 has taken a fork
1238 174 is eating
1238 195 has taken a fork
1238 100 is sleeping
1238 11 has taken a fork
1239 180 is eating
1239 193 is eating
1239 183 is eating
1239 10 is thinking
1239 189 is eating
1239 148 is eating
1239 182 is eating
1239 191 is eating
1239 179 is eating
1240 187 is eating
1240 103 is sleeping
1240 27 is thinking
1240 98 is sleeping
1240 6 has taken a fork
1240 21 is thinking
1241 115 is sleeping
1241 17 has taken a fork
1242 1 has taken a fork
1243 181 is eating
1243 108 is sleeping
1243 5 has taken a fork
1243 186 is eating
1243 188 is eating
1244 19 is thinking
1244 102 is sleeping
1244 18 is thinking
1244 26 is thinking
1244 111 is sleeping
1244 2 has taken a fork
1244 107 is sleeping
1244 33 is thinking
1245 3 has taken a fork
1245 184 is eating
1246 9 has taken a fork
1247 23 is thinking
1247 14 is thinking
1247 192 is eating
1247 106 is sleeping
1247 13 has taken a fork
1248 196 is eating
1248 190 is eating
1248 104 is sleeping
1248 4 has taken a fork
1249 44 is thinking
1249 197 is eating
1250 194 is eating
1250 36 is thinking
1250 12 is thinking
1251 32 is thinking
1251 113 is sleeping
1252 198 is eating
1253 117 is sleeping
1253 7 has taken a fork
1253 8 has taken a fork
1253 195 is eating
1253 11 has taken a fork
1254 16 is thinking
1254 110 is sleeping
1254 10 has taken a fork
1254 20 is thinking
1254 6 has taken a fork
1255 22 is thinking
1255 124 is sleeping
1255 27 has taken a fork
1256 31 is thinking
1256 139 is sleeping
1257 21 has taken a fork
1257 17 has taken a fork
1259 1 has taken a fork
1259 5 has taken a fork
1259 2 has taken a fork
1259 109 is sleeping
1259 19 has taken a fork
1259 3 has taken a fork
1260 37 is thinking
1260 9 has taken a fork
1261 30 is thinking
1261 25 is thinking
1261 13 has taken a fork
1262 34 is thinking
1262 29 is thinking
1263 51 is thinking
1263 118 is sleeping
1263 18 has taken a fork
1263 24 is thinking
1263 4 has taken a fork
1263 114 is sleeping
1263 26 has taken a fork
1263 28 is thinking
1263 47 is thinking
1263 35 is thinking
1264 119 is sleeping
1264 15 is thinking
1265 39 is thinking
1266 56 is thinking
1266 49 is thinking
1266 33 has taken a fork
1266 45 is thinking
1266 55 is thinking
1267 54 is thinking
1267 50 is thinking
1267 7 has taken a fork
1267 8 has taken a fork
1267 11 is eating
1268 38 is thinking
1268 133 is sleeping
1269 23 has taken a fork
1269 41 is thinking
1269 137 is sleeping
1269 14 has taken a fork
1269 10 has taken a fork
1269 6 is eating
1270 61 is thinking
1270 27 has taken a fork
1270 66 is thinking
1270 42 is thinking
1270 59 is thinking
1270 21 has taken a fork
1270 17 is eating
1271 52 is thinking
1271 1 is eating
1271 69 is thinking
1271 5 is eating
1271 2 is eating
1271 130 is sleeping
1271 19 has taken a fork
1272 3 is eating
1272 44 has taken a fork
1273 9 is eating
1273 43 is thinking
1274 126 is sleeping
1275 116 is sleeping
1275 60 is thinking
1275 40 is thinking
1275 36 has taken a fork
1276 12 has taken a fork
1276 13 is eating
1276 123 is sleeping
1276 64 is thinking
1276 128 is sleeping
1277 46 is thinking
1277 121 is sleeping
1277 20 has taken a fork
1277 32 has taken a fork
1277 16 has taken a fork
1277 18 has taken a fork
1277 4 is eating
1277 26 has taken a fork
1277 125 is sleeping
1278 57 is thinking
1278 73 is thinking
1278 22 has taken a fork
1278 58 is thinking
1278 127 is sleeping
1278 122 is sleeping
1278 131 is sleeping
1278 31 has taken a fork
1278 53 is thinking
1278 37 has taken a fork
1278 30 has taken a fork
1278 132 is sleeping
1278 112 is sleeping
1278 145 is sleeping
1279 120 is sleeping
1279 129 is sleeping
1280 24 has taken a fork
1280 34 has taken a fork
1280 25 has taken a fork
1280 29 has taken a fork
1280 51 has taken a fork
1280 33 has taken a fork
1280 142 is sleeping
1280 144 is sleeping
1280 47 has taken a fork
1282 7 is eating
1282 28 has taken a fork
1282 8 is eating
1282 134 is sleeping
1282 136 is sleeping
1282 138 is sleeping
1282 35 has taken a fork
1283 15 has taken a fork
1283 49 has taken a fork
1283 39 has taken a fork
1283 143 is sleeping
1283 149 is sleeping
1284 135 is sleeping
1284 56 has taken a fork
1284 45 has taken a fork
1284 23 has taken a fork
1284 153 is sleeping
1284 146 is sleeping
1284 55 has taken a fork
1284 14 has taken a fork
1285 54 has taken a fork
1285 10 is eating
1286 27 is eating
1286 140 is sleeping
1287 50 has taken a fork
1287 63 is thinking
1287 21 is eating
1287 158 is sleeping
1287 151 is sleeping
1287 141 is sleeping
1287 67 is thinking
1287 38 has taken a fork
1287 41 has taken a fork
1287 61 has taken a fork
1288 19 is eating
1288 147 is sleeping
1288 44 has taken a fork
1289 62 is thinking
1289 161 is sleeping
1289 42 has taken a fork
1289 66 has taken a fork
1290 36 has taken a fork
1290 12 has taken a fork
1290 20 has taken a fork
1290 48 is thinking
1290 152 is sleeping
1290 32 has taken a fork
1290 59 has taken a fork
1290 16 has taken a fork
1290 105 is sleeping
1290 52 has taken a fork
1291 18 is eating
1291 26 is eating
1291 154 is sleeping
1292 22 has taken a fork
1292 70 is thinking
1292 72 is thinking
1292 69 has taken a fork
1292 31 has taken a fork
1293 37 has taken a fork
1293 30 has taken a fork
1293 162 is sleeping
1293 43 has taken a fork
1293 65 is thinking
1294 78 is thinking
1294 79 is thinking
1294 24 has taken a fork
1294 34 has taken a fork
1295 75 is thinking
1295 25 has taken a fork
1295 150 is sleeping
1295 29 has taken a fork
1295 60 has taken a fork
1295 51 has taken a fork
1295 33 is eating
1295 165 is sleeping
1295 164 is sleeping
1295 64 has taken a fork
1296 40 has taken a fork
1296 47 has taken a fork
1296 83 is thinking
1296 160 is sleeping
1297 46 has taken a fork
1297 28 has taken a fork
1297 35 has taken a fork
1297 81 is thinking
1297 15 has taken a fork
1297 49 has taken a fork
1297 39 has taken a fork
1297 77 is thinking
1297 56 has taken a fork
1297 45 has taken a fork
1297 23 is eating
1297 156 is sleeping
1297 57 has taken a fork
1297 55 has taken a fork
1297 157 is sleeping
1298 14 is eating
1298 73 has taken a fork
1298 54 has taken a fork
1298 74 is thinking
1298 159 is sleeping
1299 163 is sleeping
1300 58 has taken a fork
1301 53 has taken a fork
1301 68 is thinking
1301 50 has taken a fork
1302 71 is thinking
1302 173 is sleeping
1302 84 is thinking
1302 63 has taken a fork
1302 38 has taken a fork
1302 41 has taken a fork
1303 61 has taken a fork
1303 92 is thinking
1303 44 is eating
1303 170 is sleeping
1303 67 has taken a fork
1303 42 has taken a fork
1303 66 has taken a fork
1303 155 is sleeping
1303 62 has taken a fork
1303 36 is eating
1303 12 is eating
1304 20 is eating
1304 32 is eating
1304 59 has taken a fork
1304 16 is eating
1304 52 has taken a fork
1304 168 is sleeping
1304 22 is eating
1304 89 is thinking
1304 175 is sleeping
1304 48 has taken a fork
1304 70 has taken a fork
1304 69 has taken a fork
1304 31 is eating
1305 169 is sleeping
1305 167 is sleeping
1305 37 is eating
1305 72 has taken a fork
1306 30 is eating
1308 43 has taken a fork
1308 65 has taken a fork
1309 171 is sleeping
1309 78 has taken a fork
1309 24 is eating
1309 34 is eating
1309 97 is thinking
1309 25 is eating
1309 29 is eating
1310 88 is thinking
1310 60 has taken a fork
1310 51 is eating
1310 64 has taken a fork
1310 40 has taken a fork
1310 177 is sleeping
1310 79 has taken a fork
1310 166 is sleeping
1310 75 has taken a fork
1310 47 is eating
1310 46 has taken a fork
1310 28 is eating
1310 35 is eating
1310 91 is thinking
1310 15 is eating
1310 76 is thinking
1310 176 is sleeping
1310 83 has taken a fork
1310 90 is thinking
1310 49 is eating
1310 39 is eating
1310 56 is eating
1310 45 is eating
1310 57 has taken a fork
1310 55 is eating
1310 178 is sleeping
1312 81 has taken a fork
1312 172 is sleeping
1312 77 has taken a fork
1312 73 has taken a fork
1312 54 is eating
1312 185 is sleeping
1312 74 has taken a fork
1312 58 has taken a fork
1312 53 has taken a fork
1312 174 is sleeping
1312 86 is thinking
1315 68 has taken a fork
1315 50 is eating
1315 180 is sleeping
1315 193 is sleeping
1315 183 is sleeping
1315 71 has taken a fork
1315 63 has taken a fork
1315 84 has taken a fork
1315 38 is eating
1315 41 is eating
1315 94 is thinking
1315 189 is sleeping
1315 61 is eating
1316 92 has taken a fork
1316 67 has taken a fork
1317 42 is eating
1317 66 is eating
1318 62 has taken a fork
1319 59 is eating
1319 52 is eating
1319 89 has taken a fork
1320 48 has taken a fork
1320 70 has taken a fork
1320 69 is eating
1320 182 is sleeping
1320 87 is thinking
1320 148 is sleeping
1321 72 has taken a fork
1321 179 is sleeping
1321 191 is sleeping
1321 95 is thinking
1321 187 is sleeping
1321 80 is thinking
1322 43 is eating
1322 65 has taken a fork
1322 181 is sleeping
1322 78 has taken a fork
1322 97 has taken a fork
1322 188 is sleeping
1322 186 is sleeping
1322 88 has taken a fork
1322 60 is eating
1322 64 is eating
1322 40 is eating
1322 79 has taken a fork
1322 75 has taken a fork
1322 46 is eating
1323 91 has taken a fork
1323 76 has taken a fork
1323 83 has taken a fork
1323 90 has taken a fork
1323 57 is eating
1323 82 is thinking
1324 81 has taken a fork
1324 85 is thinking
1324 77 has taken a fork
1325 73 is eating
1325 74 has taken a fork
1325 58 is eating
1326 53 is eating
1326 86 has taken a fork
1326 184 is sleeping
1326 93 is thinking
1326 192 is sleeping
1327 68 has taken a fork
1327 71 has taken a fork
1327 190 is sleeping
1327 196 is sleeping
1327 63 is eating
1327 84 has taken a fork
1328 94 has taken a fork
1328 92 has taken a fork
1328 67 is eating
1328 197 is sleeping
1328 101 is thinking
1328 96 is thinking
1328 62 is eating
1328 194 is sleeping
1329 99 is thinking
1329 89 has taken a fork
1329 198 is sleeping
1329 48 is eating
1330 70 is eating
1330 87 has taken a fork
1330 195 is sleeping
1331 72 is eating
1331 95 has taken a fork
1332 80 has taken a fork
1332 65 is eating
1332 78 is eating
1332 97 has taken a fork
1333 88 has taken a fork
1336 79 is eating
1336 75 is eating
1337 91 has taken a fork
1337 76 has taken a fork
1337 83 is eating
1337 90 has taken a fork
1338 82 has taken a fork
1338 81 is eating
1338 85 has taken a fork
1338 77 is eating
1338 74 is eating
1338 86 has taken a fork
1338 93 has taken a fork
1339 68 is eating
1339 71 is eating
1339 84 is eating
1340 94 has taken a fork
1340 92 is eating
1341 101 has taken a fork
1341 96 has taken a fork
1342 99 has taken a fork
1343 89 is eating
1344 87 has taken a fork
1344 95 has taken a fork
1345 80 has taken a fork
1345 97 is eating
1346 88 is eating
1346 91 is eating
1346 76 is eating
1347 90 is eating
1349 100 is thinking
1349 82 has taken a fork
1350 85 has taken a fork
1350 86 is eating
1351 93 has taken a fork
1351 98 is thinking
1351 103 is thinking
1351 94 is eating
1351 115 is thinking
1352 101 has taken a fork
1352 96 has taken a fork
1352 99 has taken a fork
1352 11 is sleeping
1352 111 is thinking
1352 107 is thinking
1352 102 is thinking
1353 108 is thinking
1355 87 is eating
1356 80 is eating
1357 95 is eating
1358 6 is sleeping
1358 106 is thinking
1358 17 is sleeping
1358 104 is thinking
1358 1 is sleeping
1359 5 is sleeping
1359 100 has taken a fork
1359 82 is eating
1360 2 is sleeping
1362 85 is eating
1362 93 is eating
1362 3 is sleeping
1362 98 has taken a fork
1362 103 has taken a fork
1362 115 has taken a fork
1362 113 is thinking
1363 9 is sleeping
1364 101 is eating
1364 96 is eating
1365 99 is eating
1365 111 has taken a fork
1365 107 has taken a fork
1365 102 has taken a fork
1366 117 is thinking
1367 108 has taken a fork
1367 110 is thinking
1367 124 is thinking
1368 13 is sleeping
1368 139 is thinking
1368 4 is sleeping
1369 106 has taken a fork
1369 104 has taken a fork
1369 100 has taken a fork
1370 109 is thinking
1370 8 is sleeping
1371 7 is sleeping
1373 10 is sleeping
1373 98 has taken a fork
1373 103 has taken a fork
1374 115 has taken a fork
1375 113 has taken a fork
1375 118 is thinking
1376 114 is thinking
1376 27 is sleeping
1377 119 is thinking
1378 21 is sleeping
1378 111 has taken a fork
1378 107 has taken a fork
1379 102 has taken a fork
1379 117 has taken a fork
1380 108 has taken a fork
1380 110 has taken a fork
1381 133 is thinking
1382 124 has taken a fork
1382 139 has taken a fork
1383 19 is sleeping
1383 106 has taken a fork
1384 104 has taken a fork
1385 100 is eating
1385 137 is thinking
1386 26 is sleeping
1386 18 is sleeping
1386 109 has taken a fork
1386 130 is thinking
1386 33 is sleeping
1386 98 is eating
1386 103 is eating
1387 126 is thinking
1388 115 is eating
1389 116 is thinking
1390 113 has taken a fork
1390 118 has taken a fork
1390 123 is thinking
1390 114 has taken a fork
1390 23 is sleeping
1390 14 is sleeping
1391 125 is thinking
1391 119 has taken a fork
1392 121 is thinking
1392 128 is thinking
1392 122 is thinking
1392 132 is thinking
1392 111 is eating
1392 107 is eating
1393 131 is thinking
1393 145 is thinking
1394 112 is thinking
1394 127 is thinking
1394 102 is eating
1394 120 is thinking
1394 129 is thinking
1394 117 has taken a fork
1394 108 is eating
1394 110 has taken a fork
1394 142 is thinking
1394 144 is thinking
1394 133 has taken a fork
1394 12 is sleeping
1394 136 is thinking
1394 138 is thinking
1395 134 is thinking
1395 36 is sleeping
1395 124 has taken a fork
1395 44 is sleeping
1395 139 has taken a fork
1395 32 is sleeping
1395 16 is sleeping
1395 143 is thinking
1395 149 is thinking
1395 20 is sleeping
1396 106 is eating
1396 22 is sleeping
1396 153 is thinking
1396 146 is thinking
1397 135 is thinking
1397 104 is eating
1397 31 is sleeping
1397 137 has taken a fork
1397 37 is sleeping
1397 140 is thinking
1397 30 is sleeping
1397 109 has taken a fork
1397 130 has taken a fork
1397 158 is thinking
1398 141 is thinking
1398 151 is thinking
1398 126 has taken a fork
1398 51 is sleeping
1398 34 is sleeping
1398 29 is sleeping
1398 25 is sleeping
1398 147 is thinking
1398 24 is sleeping
1398 49 is sleeping
1398 161 is thinking
1398 45 is sleeping
1398 56 is sleeping
1398 116 has taken a fork
1398 28 is sleeping
1399 35 is sleeping
1399 39 is sleeping
1399 15 is sleeping
1399 47 is sleeping
1399 113 is eating
1399 118 has taken a fork
1399 123 has taken a fork
1399 114 has taken a fork
1399 105 is thinking
1399 152 is thinking
1400 55 is sleeping
1400 154 is thinking
1400 54 is sleeping
1400 119 has taken a fork
1400 125 has taken a fork
1400 121 has taken a fork
1400 128 has taken a fork
1400 122 has taken a fork
1400 132 has taken a fork
1400 50 is sleeping
1401 61 is sleeping
1401 38 is sleeping
1401 131 has taken a fork
1401 162 is thinking
1402 41 is sleeping
1402 145 has taken a fork
1402 112 has taken a fork
1402 127 has taken a fork
1402 120 has taken a fork
1402 129 has taken a fork
1402 117 is eating
1402 110 is eating
1403 142 has taken a fork
1403 144 has taken a fork
1403 133 has taken a fork
1403 136 has taken a fork
1403 138 has taken a fork
1403 42 is sleeping
1403 134 has taken a fork
1403 165 is thinking
1403 150 is thinking
1403 164 is thinking
1403 66 is sleeping
1404 124 is eating
1404 139 is eating
1404 143 has taken a fork
1404 149 has taken a fork
1404 160 is thinking
1405 153 has taken a fork
1405 146 has taken a fork
1405 135 has taken a fork
1405 137 has taken a fork
1405 156 is thinking
1405 140 has taken a fork
1405 157 is thinking
1405 109 is eating
1405 130 has taken a fork
1405 158 has taken a fork
1405 159 is thinking
1406 52 is sleeping
1406 141 has taken a fork
1406 151 has taken a fork
1407 126 has taken a fork
1407 147 has taken a fork
1407 161 has taken a fork
1407 116 has taken a fork
1407 69 is sleeping
1407 163 is thinking
1407 118 is eating
1407 123 has taken a fork
1407 114 is eating
1407 105 has taken a fork
1407 152 has taken a fork
1407 119 is eating
1407 125 has taken a fork
1407 121 has taken a fork
1407 128 has taken a fork
1407 122 has taken a fork
1407 132 has taken a fork
1408 59 is sleeping
1408 60 is sleeping
1408 43 is sleeping
1408 154 has taken a fork
1408 131 has taken a fork
1408 162 has taken a fork
1408 173 is thinking
1408 64 is sleeping
1408 145 has taken a fork
1409 112 has taken a fork
1409 127 has taken a fork
1409 120 has taken a fork
1409 129 has taken a fork
1410 40 is sleeping
1410 142 has taken a fork
1410 155 is thinking
1410 144 has taken a fork
1410 46 is sleeping
1411 133 is eating
1411 136 has taken a fork
1411 138 has taken a fork
1411 134 has taken a fork
1411 170 is thinking
1412 165 has taken a fork
1412 150 has taken a fork
1412 164 has taken a fork
1412 175 is thinking
1412 57 is sleeping
1412 168 is thinking
1412 143 has taken a fork
1412 149 has taken a fork
1413 160 has taken a fork
1413 73 is sleeping
1413 153 has taken a fork
1413 146 has taken a fork
1413 167 is thinking
1413 135 has taken a fork
1413 169 is thinking
1414 137 is eating
1414 156 has taken a fork
1414 140 has taken a fork
1414 157 has taken a fork
1414 130 is eating
1414 158 has taken a fork
1414 58 is sleeping
1415 159 has taken a fork
1415 53 is sleeping
1415 141 has taken a fork
1415 151 has taken a fork
1415 126 is eating
1415 147 has taken a fork
1415 161 has taken a fork
1415 116 is eating
1415 163 has taken a fork
1415 123 is eating
1415 63 is sleeping
1415 105 has taken a fork
1416 152 has taken a fork
1416 125 is eating
1416 121 is eating
1416 128 is eating
1417 122 is eating
1417 132 is eating
1418 154 has taken a fork
1419 131 is eating
1419 162 has taken a fork
1419 173 has taken a fork
1419 145 is eating
1420 67 is sleeping
1420 171 is thinking
1420 62 is sleeping
1420 112 is eating
1420 127 is eating
1420 120 is eating
1420 129 is eating
1421 176 is thinking
1421 166 is thinking
1421 177 is thinking
1421 178 is thinking
1421 142 is eating
1421 155 has taken a fork
1421 144 is eating
1422 48 is sleeping
1422 136 is eating
1422 138 is eating
1422 70 is sleeping
1422 134 is eating
1422 170 has taken a fork
1422 72 is sleeping
1422 165 has taken a fork
1423 174 is thinking
1423 150 has taken a fork
1423 164 has taken a fork
1423 185 is thinking
1423 175 has taken a fork
1423 168 has taken a fork
1424 143 is eating
1424 149 is eating
1424 172 is thinking
1424 65 is sleeping
1424 160 has taken a fork
1424 78 is sleeping
1425 153 is eating
1425 146 is eating
1425 167 has taken a fork
1425 135 is eating
1425 169 has taken a fork
1425 156 has taken a fork
1425 140 is eating
1425 157 has taken a fork
1425 158 is eating
1425 159 has taken a fork
1425 189 is thinking
1425 141 is eating
1425 183 is thinking
1425 151 is eating
1425 180 is thinking
1425 147 is eating
1425 161 is eating
1426 193 is thinking
1426 163 has taken a fork
1426 105 is eating
1426 152 is eating
1427 75 is sleeping
1427 79 is sleeping
1427 83 is sleeping
1427 81 is sleeping
1427 77 is sleeping
1427 154 is eating
1427 74 is sleeping
1428 162 is eating
1428 173 has taken a fork
1430 68 is sleeping
1434 148 is thinking
1435 171 has taken a fork
1436 182 is thinking
1436 191 is thinking
1438 187 is thinking
1439 71 is sleeping
1439 176 has taken a fork
1440 84 is sleeping
1440 179 is thinking
1441 166 has taken a fork
1441 177 has taken a fork
1441 178 has taken a fork
1441 155 has taken a fork
1441 186 is thinking
1441 181 is thinking
1442 188 is thinking
1443 92 is sleeping
1443 170 has taken a fork
1443 165 is eating
1443 174 has taken a fork
1443 150 is eating
1443 164 is eating
1443 185 has taken a fork
1443 175 has taken a fork
1443 168 has taken a fork
1443 89 is sleeping
1443 172 has taken a fork
1443 160 is eating
1443 167 has taken a fork
1444 169 has taken a fork
1444 156 is eating
1444 157 is eating
1444 159 is eating
1444 189 has taken a fork
1445 183 has taken a fork
1445 180 has taken a fork
1445 193 has taken a fork
1445 163 is eating
1445 192 is thinking
1445 184 is thinking
1445 97 is sleeping
1445 196 is thinking
1445 190 is thinking
1445 88 is sleeping
1445 194 is thinking
1445 197 is thinking
1445 173 is eating
1446 90 is sleeping
1446 91 is sleeping
1446 76 is sleeping
1446 198 is thinking
1446 195 is thinking
1446 86 is sleeping
1446 94 is sleeping
1447 148 has taken a fork
1447 171 has taken a fork
1447 182 has taken a fork
1447 191 has taken a fork
1448 187 has taken a fork
1448 87 is sleeping
1449 95 is sleeping
1449 80 is sleeping
1449 176 has taken a fork
1450 179 has taken a fork
1450 166 has taken a fork
1451 177 has taken a fork
1451 178 has taken a fork
1451 155 is eating
1451 186 has taken a fork
1451 181 has taken a fork
1451 82 is sleeping
1451 188 has taken a fork
1451 85 is sleeping
1451 170 is eating
1451 174 has taken a fork
1451 185 has taken a fork
1452 175 is eating
1452 168 is eating
1452 93 is sleeping
1452 167 is eating
1452 169 is eating
1452 189 has taken a fork
1454 172 has taken a fork
1454 183 has taken a fork
1454 180 has taken a fork
1455 193 has taken a fork
1455 192 has taken a fork
1455 184 has taken a fork
1455 196 has taken a fork
1455 190 has taken a fork
1455 194 has taken a fork
1455 101 is sleeping
1455 197 has taken a fork
1455 96 is sleeping
1455 198 has taken a fork
1455 148 has taken a fork
1455 99 is sleeping
1455 171 is eating
1456 182 has taken a fork
1456 191 has taken a fork
1456 195 has taken a fork
1456 187 has taken a fork
1457 176 is eating
1457 179 has taken a fork
1457 166 is eating
1457 177 is eating
1457 178 is eating
1457 186 has taken a fork
1457 181 has taken a fork
1458 188 has taken a fork
1458 174 is eating
1459 185 is eating
1460 11 is thinking
1460 189 is eating
1461 172 is eating
1462 183 is eating
1463 180 is eating
1463 193 is eating
1464 192 has taken a fork
1464 184 has taken a fork
1464 196 has taken a fork
1464 190 has taken a fork
1464 194 has taken a fork
1465 197 has taken a fork
1465 198 has taken a fork
1465 148 is eating
1465 182 is eating
1465 191 is eating
1465 195 has taken a fork
1465 187 is eating
1465 179 is eating
1466 186 is eating
1466 181 is eating
1466 6 is thinking
1466 1 is thinking
1466 188 is eating
1467 17 is thinking
1467 5 is thinking
1467 2 is thinking
1468 3 is thinking
1468 9 is thinking
1468 192 is eating
1468 184 is eating
1468 196 is eating
1468 190 is eating
1468 194 is eating
1468 197 is eating
1469 198 is eating
1470 195 is eating
1471 100 is sleeping
1473 4 is thinking
1473 11 has taken a fork
1473 13 is thinking
1474 115 is sleeping
1474 6 has taken a fork
1475 8 is thinking
1475 103 is sleeping
1476 98 is sleeping
1476 7 is thinking
1477 1 has taken a fork
1477 17 has taken a fork
1477 107 is sleeping
1477 5 has taken a fork
1477 102 is sleeping
1478 111 is sleeping
1478 2 has taken a fork
1478 10 is thinking
1479 3 has taken a fork
1480 11 has taken a fork
1482 108 is sleeping
1482 9 has taken a fork
1483 6 has taken a fork
1483 27 is thinking
1484 1 has taken a fork
1484 17 has taken a fork
1485 5 has taken a fork
1485 106 is sleeping
1485 21 is thinking
1486 104 is sleeping
1487 4 has taken a fork
1487 13 has taken a fork
1487 2 has taken a fork
1487 3 has taken a fork
1487 113 is sleeping
1487 11 is eating
1488 8 has taken a fork
1489 9 has taken a fork
1489 6 is eating
1489 19 is thinking
1490 1 is eating
1490 117 is sleeping
1490 17 is eating
1490 7 has taken a fork
1490 5 is eating
1491 110 is sleeping
1491 10 has taken a fork
1491 33 is thinking
1492 124 is sleeping
1492 26 is thinking
1492 18 is thinking
1493 27 has taken a fork
1494 139 is sleeping
1495 21 has taken a fork
1495 4 has taken a fork
1496 13 has taken a fork
1496 2 is eating
1497 3 is eating
1498 109 is sleeping
1499 8 has taken a fork
1500 9 is eating
1500 19 has taken a fork
1500 23 is thinking
1500 14 is thinking
1500 7 has taken a fork
1500 118 is sleeping
1500 10 has taken a fork
1500 33 has taken a fork
1500 119 is sleeping
1501 114 is sleeping
1501 18 has taken a fork
1501 26 has taken a fork
1502 27 has taken a fork
1502 12 is thinking
1502 32 is thinking
1502 20 is thinking
1502 16 is thinking
1502 21 has taken a fork
1502 36 is thinking
1503 44 is thinking
1503 4 is eating
1504 13 is eating
1504 133 is sleeping
1504 22 is thinking
1504 31 is thinking
1505 37 is thinking
1505 30 is thinking
1505 45 is thinking
1505 34 is thinking
1505 29 is thinking
1506 56 is thinking
1506 49 is thinking
1506 25 is thinking
1506 24 is thinking
1506 51 is thinking
1506 39 is thinking
1506 47 is thinking
1507 8 is eating
1507 35 is thinking
1508 28 is thinking
1508 15 is thinking
1508 55 is thinking
1508 19 has taken a fork
1508 23 has taken a fork
1508 137 is sleeping
1508 7 is eating
1508 14 has taken a fork
1508 130 is sleeping
1509 54 is thinking
1510 50 is thinking
1510 10 is eating
1510 33 has taken a fork
1511 38 is thinking
1511 61 is thinking
1511 126 is sleeping
1511 18 has taken a fork
1511 26 has taken a fork
1511 116 is sleeping
1511 27 is eating
1512 32 has taken a fork
1512 41 is thinking
1512 12 has taken a fork
1512 20 has taken a fork
1512 21 is eating
1512 123 is sleeping
1512 42 is thinking
1512 66 is thinking
1513 16 has taken a fork
1513 128 is sleeping
1513 125 is sleeping
1513 36 has taken a fork
1513 44 has taken a fork
1513 121 is sleeping
1513 22 has taken a fork
1513 132 is sleeping
1513 31 has taken a fork
1513 131 is sleeping
1513 37 has taken a fork
1514 52 is thinking
1514 145 is sleeping
1515 122 is sleeping
1515 30 has taken a fork
1515 45 has taken a fork
1516 112 is sleeping
1516 69 is thinking
1516 120 is sleeping
1516 34 has taken a fork
1516 129 is sleeping
1516 127 is sleeping
1516 29 has taken a fork
1516 56 has taken a fork
1516 49 has taken a fork
1516 60 is thinking
1516 43 is thinking
1516 64 is thinking
1517 142 is sleeping
1517 25 has taken a fork
1517 136 is sleeping
1517 144 is sleeping
1517 138 is sleeping
1517 59 is thinking
1517 24 has taken a fork
1518 51 has taken a fork
1518 39 has taken a fork
1518 19 is eating
1518 23 has taken a fork
1518 14 has taken a fork
1518 134 is sleeping
1518 46 is thinking
1518 149 is sleeping
1518 47 has taken a fork
1518 35 has taken a fork
1518 143 is sleeping
1518 40 is thinking
1518 28 has taken a fork
1518 33 is eating
1519 153 is sleeping
1519 146 is sleeping
1519 15 has taken a fork
1519 135 is sleeping
1519 55 has taken a fork
1519 140 is sleeping
1519 158 is sleeping
1519 38 has taken a fork
1520 54 has taken a fork
1520 50 has taken a fork
1520 18 is eating
1520 26 is eating
1520 57 is thinking
1520 32 has taken a fork
1520 151 is sleeping
1520 147 is sleeping
1520 141 is sleeping
1520 161 is sleeping
1521 41 has taken a fork
1521 12 has taken a fork
1521 20 has taken a fork
1521 42 has taken a fork
1521 66 has taken a fork
1522 152 is sleeping
1522 105 is sleeping
1522 16 has taken a fork
1522 73 is thinking
1522 36 has taken a fork
1522 44 has taken a fork
1522 22 has taken a fork
1522 31 has taken a fork
1523 37 has taken a fork
1523 58 is thinking
1523 154 is sleeping
1523 61 has taken a fork
1523 52 has taken a fork
1523 162 is sleeping
1523 53 is thinking
1523 63 is thinking
1523 30 has taken a fork
1523 45 has taken a fork
1524 69 has taken a fork
1525 34 has taken a fork
1525 29 has taken a fork
1525 56 has taken a fork
1525 49 has taken a fork
1525 60 has taken a fork
1525 43 has taken a fork
1525 25 has taken a fork
1525 24 has taken a fork
1525 51 has taken a fork
1525 39 has taken a fork
1525 23 is eating
1525 14 is eating
1526 47 has taken a fork
1526 35 has taken a fork
1526 28 has taken a fork
1526 15 has taken a fork
1526 55 has taken a fork
1526 38 has taken a fork
1527 67 is thinking
1527 54 has taken a fork
1527 50 has taken a fork
1527 62 is thinking
1527 32 is eating
1528 41 has taken a fork
1528 12 is eating
1528 20 is eating
1528 42 has taken a fork
1528 66 has taken a fork
1528 48 is thinking
1528 72 is thinking
1528 70 is thinking
1528 16 is eating
1528 36 is eating
1528 44 is eating
1528 22 is eating
1529 31 is eating
1529 165 is sleeping
1529 164 is sleeping
1529 59 has taken a fork
1529 37 is eating
1529 150 is sleeping
1529 64 has taken a fork
1529 61 has taken a fork
1529 52 has taken a fork
1529 30 is eating
1529 45 is eating
1530 65 is thinking
1530 46 has taken a fork
1530 78 is thinking
1530 160 is sleeping
1530 40 has taken a fork
1530 69 has taken a fork
1530 34 is eating
1530 157 is sleeping
1530 29 is eating
1530 57 has taken a fork
1530 56 is eating
1530 49 is eating
1531 159 is sleeping
1531 73 has taken a fork
1531 43 has taken a fork
1531 25 is eating
1532 156 is sleeping
1532 24 is eating
1532 58 has taken a fork
1532 51 is eating
1532 39 is eating
1533 60 has taken a fork
1534 47 is eating
1534 163 is sleeping
1534 35 is eating
1534 53 has taken a fork
1535 28 is eating
1535 15 is eating
1535 55 is eating
1535 38 is eating
1535 173 is sleeping
1535 54 is eating
1535 74 is thinking
1535 81 is thinking
1536 63 has taken a fork
1536 50 is eating
1536 77 is thinking
1536 83 is thinking
1536 79 is thinking
1537 75 is thinking
1537 41 is eating
1538 42 is eating
1539 66 is eating
1539 59 has taken a fork
1539 64 has taken a fork
1540 61 is eating
1540 52 is eating
1540 68 is thinking
1541 46 has taken a fork
1541 40 has taken a fork
1541 69 is eating
1541 57 has taken a fork
1541 73 has taken a fork
1541 155 is sleeping
1541 67 has taken a fork
1541 170 is sleeping
1541 62 has taken a fork
1541 43 is eating
1541 175 is sleeping
1541 58 has taken a fork
1542 48 has taken a fork
1543 168 is sleeping
1543 169 is sleeping
1543 167 is sleeping
1544 65 has taken a fork
1544 70 has taken a fork
1544 72 has taken a fork
1544 60 is eating
1545 53 has taken a fork
1545 63 has taken a fork
1545 171 is sleeping
1545 78 has taken a fork
1545 71 is thinking
1545 59 is eating
1546 64 is eating
1546 176 is sleeping
1546 166 is sleeping
1546 177 is sleeping
1546 74 has taken a fork
1546 178 is sleeping
1546 81 has taken a fork
1546 84 is thinking
1547 77 has taken a fork
1547 83 has taken a fork
1547 185 is sleeping
1548 79 has taken a fork
1548 174 is sleeping
1548 46 is eating
1548 40 is eating
1548 57 is eating
1548 73 is eating
1548 67 has taken a fork
1549 62 has taken a fork
1549 58 is eating
1550 75 has taken a fork
1550 48 has taken a fork
1550 172 is sleeping
1550 189 is sleeping
1550 89 is thinking
1551 92 is thinking
1551 68 has taken a fork
1552 180 is sleeping
1552 183 is sleeping
1552 65 has taken a fork
1552 70 has taken a fork
1552 72 has taken a fork
1553 53 is eating
1553 88 is thinking
1553 193 is sleeping
1553 63 is eating
1553 97 is thinking
1553 78 has taken a fork
1553 71 has taken a fork
1553 90 is thinking
1553 76 is thinking
1554 86 is thinking
1554 91 is thinking
1554 94 is thinking
1554 74 has taken a fork
1554 81 has taken a fork
1554 84 has taken a fork
1554 77 has taken a fork
1554 83 has taken a fork
1554 79 has taken a fork
1554 67 is eating
1554 62 is eating
1555 80 is thinking
1555 95 is thinking
1555 87 is thinking
1555 148 is sleeping
1555 75 has taken a fork
1555 48 is eating
1555 89 has taken a fork
1555 82 is thinking
1555 92 has taken a fork
1555 85 is thinking
1555 182 is sleeping
1555 191 is sleeping
1555 68 has taken a fork
1557 65 is eating
1557 70 is eating
1557 93 is thinking
1557 187 is sleeping
1557 72 is eating
1557 179 is sleeping
1557 88 has taken a fork
1558 97 has taken a fork
1558 78 is eating
1559 71 has taken a fork
1559 90 has taken a fork
1559 76 has taken a fork
1559 188 is sleeping
1559 86 has taken a fork
1559 181 is sleeping
1559 91 has taken a fork
1560 94 has taken a fork
1560 74 is eating
1560 186 is sleeping
1560 81 is eating
1560 84 has taken a fork
1560 77 is eating
1561 83 is eating
1562 79 is eating
1562 99 is thinking
1562 80 has taken a fork
1562 101 is thinking
1563 75 is eating
1563 89 has taken a fork
1563 92 has taken a fork
1563 68 is eating
1563 96 is thinking
1563 196 is sleeping
1563 95 has taken a fork
1563 184 is sleeping
1564 87 has taken a fork
1564 194 is sleeping
1564 190 is sleeping
1564 82 has taken a fork
1564 85 has taken a fork
1564 197 is sleeping
1564 192 is sleeping
1565 93 has taken a fork
1565 88 has taken a fork
1566 97 has taken a fork
1567 198 is sleeping
1567 71 is eating
1567 90 has taken a fork
1568 76 has taken a fork
1568 86 has taken a fork
1568 91 has taken a fork
1568 195 is sleeping
1568 94 has taken a fork
1568 84 is eating
1568 99 has taken a fork
1568 80 has taken a fork
1568 101 has taken a fork
1568 89 is eating
1568 92 is eating
1569 96 has taken a fork
1569 95 has taken a fork
1569 87 has taken a fork
1570 82 has taken a fork
1570 85 has taken a fork
1570 93 has taken a fork
1571 88 is eating
1572 97 is eating
1572 90 is eating
1573 76 is eating
1573 86 is eating
1573 91 is eating
1574 94 is eating
1574 99 has taken a fork
1575 80 is eating
1575 101 has taken a fork
1576 96 has taken a fork
1576 95 is eating
1576 87 is eating
1576 82 is eating
1576 85 is eating
1576 93 is eating
1579 100 is thinking
1579 115 is thinking
1579 99 is eating
1580 103 is thinking
1580 101 is eating
1580 98 is thinking
1580 96 is eating
1580 102 is thinking
1580 111 is thinking
1580 11 is sleeping
1581 100 has taken a fork
1581 107 is thinking
1581 6 is sleeping
1581 115 has taken a fork
1582 17 is sleeping
1582 1 is sleeping
1582 5 is sleeping
1582 103 has taken a fork
1582 98 has taken a fork
1582 100 has taken a fork
1582 102 has taken a fork
1583 115 has taken a fork
1583 108 is thinking
1584 103 has taken a fork
1585 98 has taken a fork
1586 100 is eating
1587 102 has taken a fork
1587 115 is eating
1588 103 is eating
1588 106 is thinking
1588 2 is sleeping
1588 98 is eating
1589 3 is sleeping
1590 111 has taken a fork
1590 104 is thinking
1590 107 has taken a fork
1590 9 is sleeping
1590 102 is eating
1590 108 has taken a fork
1590 113 is thinking
1591 111 has taken a fork
1591 107 has taken a fork
1592 117 is thinking
1592 108 has taken a fork
1592 13 is sleeping
1592 4 is sleeping
1592 110 is thinking
1592 111 is eating
1593 106 has taken a fork
1593 104 has taken a fork
1593 107 is eating
1593 124 is thinking
1593 108 is eating
1593 106 has taken a fork
1593 104 has taken a fork
1593 106 is eating
1593 104 is eating
1594 139 is thinking
1594 8 is sleeping
1594 113 has taken a fork
1594 113 has taken a fork
1594 113 is eating
1596 7 is sleeping
1596 117 has taken a fork
1596 117 has taken a fork
1596 117 is eating
1598 109 is thinking
1598 10 is sleeping
1598 110 has taken a fork
1598 110 has taken a fork
1598 110 is eating
1599 27 is sleeping
1599 124 has taken a fork
1599 124 has taken a fork
1599 124 is eating
1599 21 is sleeping
1599 139 has taken a fork
1599 139 has taken a fork
1599 139 is eating
1600 119 is thinking
1600 118 is thinking
1601 114 is thinking
1604 133 is thinking
1604 19 is sleeping
1604 109 has taken a fork
1604 109 has taken a fork
1604 109 is eating
1605 33 is sleeping
1605 119 has taken a fork
1605 119 has taken a fork
1605 119 is eating
1606 18 is sleeping
1606 118 has taken a fork
1606 118 has taken a fork
1606 118 is eating
1607 26 is sleeping
1607 114 has taken a fork
1607 114 has taken a fork
1607 114 is eating
1608 130 is thinking
1608 137 is thinking
1611 126 is thinking
1611 116 is thinking
1612 123 is thinking
1613 121 is thinking
1613 128 is thinking
1613 132 is thinking
1613 23 is sleeping
1613 131 is thinking
1613 14 is sleeping
1613 125 is thinking
1614 133 has taken a fork
1614 130 has taken a fork
1614 145 is thinking
1615 133 has taken a fork
1615 130 has taken a fork
1615 122 is thinking
1616 20 is sleeping
1616 133 is eating
1616 12 is sleeping
1616 126 has taken a fork
1617 137 has taken a fork
1617 130 is eating
1617 32 is sleeping
1618 116 has taken a fork
1618 112 is thinking
1618 120 is thinking
1618 129 is thinking
1618 22 is sleeping
1618 123 has taken a fork
1618 36 is sleeping
1618 121 has taken a fork
1618 127 is thinking
1618 44 is sleeping
1619 128 has taken a fork
1619 16 is sleeping
1619 132 has taken a fork
1619 126 has taken a fork
1619 136 is thinking
1620 144 is thinking
1620 138 is thinking
1620 137 has taken a fork
1620 142 is thinking
1620 31 is sleeping
1620 131 has taken a fork
1620 45 is sleeping
1621 116 has taken a fork
1621 125 has taken a fork
1621 143 is thinking
1621 134 is thinking
1621 149 is thinking
1621 145 has taken a fork
1621 30 is sleeping
1621 37 is sleeping
1621 123 has taken a fork
1621 122 has taken a fork
1621 121 has taken a fork
1621 158 is thinking
1622 140 is thinking
1622 128 has taken a fork
1622 135 is thinking
1622 146 is thinking
1622 153 is thinking
1622 56 is sleeping
1623 49 is sleeping
1623 34 is sleeping
1623 112 has taken a fork
1623 120 has taken a fork
1623 129 has taken a fork
1624 132 has taken a fork
1624 126 is eating
1624 29 is sleeping
1624 141 is thinking
1624 51 is sleeping
1624 136 has taken a fork
1624 24 is sleeping
1624 25 is sleeping
1624 161 is thinking
1624 151 is thinking
1624 39 is sleeping
1624 127 has taken a fork
1624 144 has taken a fork
1625 147 is thinking
1625 138 has taken a fork
1625 137 is eating
1625 142 has taken a fork
1625 131 has taken a fork
1625 116 is eating
1626 125 has taken a fork
1626 145 has taken a fork
1626 123 is eating
1626 122 has taken a fork
1626 121 is eating
1626 128 is eating
1626 152 is thinking
1626 35 is sleeping
1626 47 is sleeping
1626 143 has taken a fork
1626 134 has taken a fork
1626 105 is thinking
1626 154 is thinking
1626 55 is sleeping
1626 15 is sleeping
1627 162 is thinking
1627 38 is sleeping
1627 54 is sleeping
1627 28 is sleeping
1627 149 has taken a fork
1627 158 has taken a fork
1627 140 has taken a fork
1627 135 has taken a fork
1628 146 has taken a fork
1628 112 has taken a fork
1628 120 has taken a fork
1628 129 has taken a fork
1628 132 is eating
1628 136 has taken a fork
1628 50 is sleeping
1628 153 has taken a fork
1628 127 has taken a fork
1628 144 has taken a fork
1628 41 is sleeping
1629 42 is sleeping
1629 138 has taken a fork
1630 142 has taken a fork
1630 131 is eating
1630 141 has taken a fork
1631 161 has taken a fork
1631 66 is sleeping
1631 145 is eating
1631 125 is eating
1631 151 has taken a fork
1632 122 is eating
1632 143 has taken a fork
1632 134 has taken a fork
1632 52 is sleeping
1633 147 has taken a fork
1633 149 has taken a fork
1633 158 has taken a fork
1633 140 has taken a fork
1633 135 has taken a fork
1633 61 is sleeping
1633 146 has taken a fork
1633 112 is eating
1633 120 is eating
1634 129 is eating
1634 136 is eating
1634 152 has taken a fork
1634 153 has taken a fork
1634 127 is eating
1634 144 is eating
1634 165 is thinking
1634 164 is thinking
1635 150 is thinking
1635 43 is sleeping
1637 69 is sleeping
1638 138 is eating
1638 105 has taken a fork
1638 154 has taken a fork
1639 157 is thinking
1639 160 is thinking
1639 142 is eating
1640 60 is sleeping
1640 162 has taken a fork
1641 141 has taken a fork
1641 161 has taken a fork
1641 159 is thinking
1642 151 has taken a fork
1642 156 is thinking
1642 143 is eating
1644 134 is eating
1644 147 has taken a fork
1645 149 is eating
1645 158 is eating
1645 140 is eating
1645 135 is eating
1645 146 is eating
1646 152 has taken a fork
1646 153 is eating
1646 59 is sleeping
1646 163 is thinking
1647 165 has taken a fork
1648 64 is sleeping
1648 173 is thinking
1648 164 has taken a fork
1648 40 is sleeping
1648 150 has taken a fork
1648 73 is sleeping
1649 58 is sleeping
1649 46 is sleeping
1649 57 is sleeping
1649 105 has taken a fork
1649 154 has taken a fork
1649 157 has taken a fork
1649 160 has taken a fork
1649 63 is sleeping
1649 53 is sleeping
1649 162 has taken a fork
1649 175 is thinking
1649 170 is thinking
1649 141 is eating
1649 155 is thinking
1649 161 is eating
1649 159 has taken a fork
1649 151 is eating
1653 156 has taken a fork
1653 167 is thinking
1653 67 is sleeping
1653 62 is sleeping
1657 169 is thinking
1663 48 is sleeping
1665 168 is thinking
1666 147 is eating
1666 65 is sleeping
1667 72 is sleeping
1668 70 is sleeping
1670 171 is thinking
1672 176 is thinking
1672 152 is eating
1672 163 has taken a fork
1672 177 is thinking
1672 166 is thinking
1672 178 is thinking
1672 185 is thinking
1672 165 has taken a fork
1672 78 is sleeping
1672 174 is thinking
1672 173 has taken a fork
1672 164 has taken a fork
1672 150 has taken a fork
1672 105 is eating
1672 154 is eating
1672 157 has taken a fork
1672 160 has taken a fork
1672 162 is eating
1672 175 has taken a fork
1672 170 has taken a fork
1672 155 has taken a fork
1672 159 has taken a fork
1672 74 is sleeping
1673 189 is thinking
1673 83 is sleeping
1674 81 is sleeping
1674 172 is thinking
1675 156 has taken a fork
1675 180 is thinking
1675 79 is sleeping
1675 77 is sleeping
1676 167 has taken a fork
1676 68 is sleeping
1677 183 is thinking
1678 193 is thinking
1678 148 is thinking
1679 71 is sleeping
1684 169 has taken a fork
1689 179 is thinking
1694 75 is sleeping
1695 188 is thinking
1695 186 is thinking
1695 196 is thinking
1695 90 is sleeping
1698 84 is sleeping
1698 88 is sleeping
1698 194 is thinking
1700 181 is thinking
1700 94 is sleeping
1701 184 is thinking
1701 192 is thinking
1702 76 is sleeping
1702 182 is thinking
1702 191 is thinking
1703 80 is sleeping
1703 86 is sleeping
1703 190 is thinking
1704 89 is sleeping
1704 187 is thinking
1705 197 is thinking
1705 92 is sleeping
1706 168 has taken a fork
1707 97 is sleeping
1708 91 is sleeping
1708 95 is sleeping
1708 87 is sleeping
1708 93 is sleeping
1709 85 is sleeping
1709 82 is sleeping
1710 195 is thinking
1711 198 is thinking
1712 171 has taken a fork
1712 99 is sleeping
1712 176 has taken a fork
1712 163 has taken a fork
1713 177 has taken a fork
1713 166 has taken a fork
1714 185 has taken a fork
1714 178 has taken a fork
1714 165 is eating
1714 174 has taken a fork
1714 173 has taken a fork
1714 164 is eating
1714 150 is eating
1714 96 is sleeping
1715 157 is eating
1715 160 is eating
1715 175 has taken a fork
1715 170 has taken a fork
1715 101 is sleeping
1715 155 has taken a fork
1715 159 is eating
1717 189 has taken a fork
1718 172 has taken a fork
1719 156 is eating
1720 180 has taken a fork
1720 167 has taken a fork
1720 183 has taken a fork
1721 193 has taken a fork
1721 148 has taken a fork
1721 6 is thinking
1721 1 is thinking
1721 17 is thinking
1721 115 is sleeping
1721 5 is thinking
1721 169 has taken a fork
1722 100 is sleeping
1723 103 is sleeping
1725 11 is thinking
1727 102 is sleeping
1728 179 has taken a fork
1728 98 is sleeping
1728 2 is thinking
1728 111 is sleeping
1729 9 is thinking
1730 108 is sleeping
1730 107 is sleeping
1730 4 is thinking
1730 13 is thinking
1731 106 is sleeping
1731 104 is sleeping
1733 3 is thinking
1734 8 is thinking
1736 113 is sleeping
1736 188 has taken a fork
1736 186 has taken a fork
1736 196 has taken a fork
1736 117 is sleeping
1736 10 is thinking
1737 194 has taken a fork
1738 110 is sleeping
1738 7 is thinking
1738 21 is thinking
1738 124 is sleeping
1738 27 is thinking
1738 139 is sleeping
1738 181 has taken a fork
1738 184 has taken a fork
1738 192 has taken a fork
1738 182 has taken a fork
1738 191 has taken a fork
1738 190 has taken a fork
1740 109 is sleeping
1740 187 has taken a fork
1740 19 is thinking
1741 33 is thinking
1741 197 has taken a fork
1741 119 is sleeping
1741 18 is thinking
1741 168 has taken a fork
1741 118 is sleeping
1741 26 is thinking
1741 114 is sleeping
1742 195 has taken a fork
1742 198 has taken a fork
1742 171 has taken a fork
1742 176 has taken a fork
1742 163 is eating
1742 14 is thinking
1742 23 is thinking
1742 177 has taken a fork
1742 166 has taken a fork
1742 185 has taken a fork
1742 178 has taken a fork
1742 174 has taken a fork
1742 173 is eating
1742 175 is eating
1743 170 is eating
1743 130 is sleeping
1743 133 is sleeping
1743 155 is eating
1743 12 is thinking
1743 20 is thinking
1743 189 has taken a fork
1744 36 is thinking
1744 22 is thinking
1744 32 is thinking
1744 172 has taken a fork
1744 44 is thinking
1744 16 is thinking
1745 31 is thinking
1746 45 is thinking
1746 116 is sleeping
1746 180 has taken a fork
1747 167 is eating
1747 126 is sleeping
1749 183 has taken a fork
1749 137 is sleeping
1749 37 is thinking
1749 121 is sleeping
1749 30 is thinking
1752 123 is sleeping
1752 128 is sleeping
1752 193 has taken a fork
1752 148 has taken a fork
1765 6 has taken a fork
1765 1 has taken a fork
1765 17 has taken a fork
1770 5 has taken a fork
1773 169 is eating
1773 56 is thinking
1773 132 is sleeping
1773 34 is thinking
1773 49 is thinking
1773 51 is thinking
1773 29 is thinking
1773 24 is thinking
1773 25 is thinking
1773 39 is thinking
1773 125 is sleeping
1773 122 is sleeping
1773 131 is sleeping
1773 145 is sleeping
1773 11 has taken a fork
1773 127 is sleeping
1773 120 is sleeping
1774 55 is thinking
1774 136 is sleeping
1774 112 is sleeping
1774 35 is thinking
1774 47 is thinking
1774 15 is thinking
1774 54 is thinking
1774 144 is sleeping
1774 129 is sleeping
1774 38 is thinking
1774 41 is thinking
1774 28 is thinking
1774 50 is thinking
1775 179 has taken a fork
1775 2 has taken a fork
1775 138 is sleeping
1775 42 is thinking
1775 9 has taken a fork
1775 142 is sleeping
1775 4 has taken a fork
1776 66 is thinking
1777 13 has taken a fork
1777 52 is thinking
1777 143 is sleeping
1777 134 is sleeping
1777 3 has taken a fork
1777 61 is thinking
1777 149 is sleeping
1777 140 is sleeping
1778 158 is sleeping
1779 8 has taken a fork
1780 153 is sleeping
1780 43 is thinking
1780 188 has taken a fork
1780 186 has taken a fork
1780 196 has taken a fork
1780 10 has taken a fork
1780 69 is thinking
1781 194 has taken a fork
1782 7 has taken a fork
1782 21 has taken a fork
1782 27 has taken a fork
1782 181 has taken a fork
1784 184 has taken a fork
1784 192 has taken a fork
1784 182 has taken a fork
1784 191 has taken a fork
1784 187 has taken a fork
1784 190 has taken a fork
1785 60 is thinking
1785 19 has taken a fork
1786 33 has taken a fork
1786 197 has taken a fork
1786 18 has taken a fork
1786 168 is eating
1786 26 has taken a fork
1786 195 has taken a fork
1786 198 has taken a fork
1786 171 is eating
1786 176 is eating
1786 14 has taken a fork
1787 23 has taken a fork
1787 177 is eating
1787 166 is eating
1787 185 is eating
1787 178 is eating
1787 174 is eating
1787 12 has taken a fork
1787 20 has taken a fork
1787 189 is eating
1787 36 has taken a fork
1787 22 has taken a fork
1787 32 has taken a fork
1787 172 is eating
1787 44 has taken a fork
1787 135 is sleeping
1788 31 has taken a fork
1788 146 is sleeping
1788 16 has taken a fork
1788 151 is sleeping
1788 161 is sleeping
1788 141 is sleeping
1788 59 is thinking
1788 45 has taken a fork
1788 180 is eating
1788 147 is sleeping
1788 53 is thinking
1788 63 is thinking
1788 73 is thinking
1788 64 is thinking
1788 58 is thinking
1788 40 is thinking
1788 183 is eating
1788 57 is thinking
1789 46 is thinking
1789 37 has taken a fork
1789 30 has taken a fork
1789 162 is sleeping
1790 154 is sleeping
1790 152 is sleeping
1790 105 is sleeping
1790 193 is eating
1790 148 is eating
1790 67 is thinking
1791 62 is thinking
1791 48 is thinking
1792 6 has taken a fork
1792 1 has taken a fork
1792 17 has taken a fork
1793 72 is thinking
1794 70 is thinking
1794 5 has taken a fork
1794 65 is thinking
1794 83 is thinking
1795 56 has taken a fork
1795 34 has taken a fork
1795 74 is thinking
1795 78 is thinking
1795 49 has taken a fork
1795 51 has taken a fork
1795 29 has taken a fork
1796 24 has taken a fork
1796 25 has taken a fork
1796 39 has taken a fork
1797 11 has taken a fork
1797 81 is thinking
1797 55 has taken a fork
1797 35 has taken a fork
1797 47 has taken a fork
1798 15 has taken a fork
1798 54 has taken a fork
1799 38 has taken a fork
1799 41 has taken a fork
1799 28 has taken a fork
1800 165 is sleeping
1800 50 has taken a fork
1801 150 is sleeping
1802 179 is eating
1803 164 is sleeping
1803 79 is thinking
1803 2 has taken a fork
1803 77 is thinking
1803 42 has taken a fork
1803 9 has taken a fork
1803 4 has taken a fork
1803 66 has taken a fork
1804 157 is sleeping
1804 160 is sleeping
1804 13 has taken a fork
1804 52 has taken a fork
1804 68 is thinking
1804 3 has taken a fork
1804 61 has taken a fork
1804 159 is sleeping
1804 71 is thinking
1805 8 has taken a fork
1806 43 has taken a fork
1806 188 is eating
1806 186 is eating
1806 196 is eating
1806 10 has taken a fork
1806 69 has taken a fork
1806 156 is sleeping
1806 194 is eating
1806 7 has taken a fork
1807 21 has taken a fork
1807 27 has taken a fork
1807 181 is eating
1807 184 is eating
1807 192 is eating
1807 182 is eating
1807 191 is eating
1807 187 is eating
1807 190 is eating
1808 60 has taken a fork
1808 19 has taken a fork
1808 33 has taken a fork
1808 197 is eating
1808 18 has taken a fork
1809 26 has taken a fork
1809 195 is eating
1809 198 is eating
1809 14 has taken a fork
1810 23 has taken a fork
1810 12 has taken a fork
1810 20 has taken a fork
1810 36 has taken a fork
1810 22 has taken a fork
1810 32 has taken a fork
1811 44 has taken a fork
1811 31 has taken a fork
1811 16 has taken a fork
1811 59 has taken a fork
1811 45 has taken a fork
1811 53 has taken a fork
1811 63 has taken a fork
1811 73 has taken a fork
1811 64 has taken a fork
1811 58 has taken a fork
1811 40 has taken a fork
1811 37 has taken a fork
1811 30 has taken a fork
1811 6 is eating
1811 1 is eating
1812 17 is eating
1812 163 is sleeping
1812 5 is eating
1812 75 is thinking
1812 57 has taken a fork
1812 56 has taken a fork
1812 34 has taken a fork
1812 173 is sleeping
1812 90 is thinking
1812 46 has taken a fork
1813 49 has taken a fork
1813 51 has taken a fork
1813 29 has taken a fork
1813 24 has taken a fork
1813 175 is sleeping
1813 67 has taken a fork
1813 170 is sleeping
1813 62 has taken a fork
1813 155 is sleeping
1813 48 has taken a fork
1813 25 has taken a fork
1814 39 has taken a fork
1814 11 is eating
1814 55 has taken a fork
1814 35 has taken a fork
1814 47 has taken a fork
1814 84 is thinking
1814 15 has taken a fork
1814 88 is thinking
1814 54 has taken a fork
1814 38 has taken a fork
1814 41 has taken a fork
1814 28 has taken a fork
1815 167 is sleeping
1815 72 has taken a fork
1815 94 is thinking
1815 50 has taken a fork
1815 76 is thinking
1815 80 is thinking
1815 86 is thinking
1815 2 is eating
1815 42 has taken a fork
1815 9 is eating
1815 4 is eating
1815 66 has taken a fork
1815 89 is thinking
1815 13 is eating
1816 52 has taken a fork
1816 3 is eating
1816 61 has taken a fork
1816 92 is thinking
1816 8 is eating
1816 43 has taken a fork
1816 10 is eating
1816 69 has taken a fork
1816 21 is eating
1816 97 is thinking
1816 27 is eating
1817 7 is eating
1817 93 is thinking
1817 87 is thinking
1817 95 is thinking
1817 91 is thinking
1817 60 has taken a fork
1817 19 is eating
1818 33 is eating
1818 18 is eating
1818 26 is eating
1818 85 is thinking
1818 14 is eating
1818 82 is thinking
1818 12 is eating
1818 23 is eating
1819 20 is eating
1819 36 is eating
1819 22 is eating
1820 32 is eating
1820 44 is eating
1820 31 is eating
1820 16 is eating
1820 59 has taken a fork
1820 45 is eating
1820 53 has taken a fork
1820 63 has taken a fork
1820 73 has taken a fork
1820 64 has taken a fork
1820 58 has taken a fork
1820 40 has taken a fork
1820 37 is eating
1820 30 is eating
1820 99 is thinking
1821 57 has taken a fork
1821 56 is eating
1821 34 is eating
1822 46 has taken a fork
1822 49 is eating
1822 51 is eating
1824 29 is eating
1824 24 is eating
1824 67 has taken a fork
1824 62 has taken a fork
1827 48 has taken a fork
1827 25 is eating
1827 96 is thinking
1828 39 is eating
1828 55 is eating
1828 35 is eating
1828 47 is eating
1829 15 is eating
1829 54 is eating
1829 38 is eating
1830 41 is eating
1830 28 is eating
1831 101 is thinking
1831 169 is sleeping
1831 70 has taken a fork
1832 72 has taken a fork
1832 50 is eating
1832 42 is eating
1832 66 is eating
1832 52 is eating
1832 61 is eating
1832 43 is eating
1833 69 is eating
1833 60 is eating
1833 59 is eating
1833 53 is eating
1833 63 is eating
1834 73 is eating
1834 64 is eating
1834 58 is eating
1834 40 is eating
1834 115 is thinking
1835 57 is eating
1835 100 is thinking
1836 46 is eating
1836 103 is thinking
1836 67 is eating
1836 62 is eating
1836 48 is eating
1837 102 is thinking
1837 168 is sleeping
1838 65 has taken a fork
1838 98 is thinking
1838 171 is sleeping
1838 83 has taken a fork
1839 111 is thinking
1839 176 is sleeping
1840 74 has taken a fork
1840 166 is sleeping
1840 107 is thinking
1841 174 is sleeping
1841 189 is sleeping
1841 177 is sleeping
1841 78 has taken a fork
1841 108 is thinking
1841 77 has taken a fork
1841 178 is sleeping
1841 185 is sleeping
1841 71 has taken a fork
1841 81 has taken a fork
1841 106 is thinking
1841 172 is sleeping
1841 75 has taken a fork
1841 79 has taken a fork
1841 104 is thinking
1841 68 has taken a fork
1842 70 has taken a fork
1843 90 has taken a fork
1843 180 is sleeping
1844 72 is eating
1844 183 is sleeping
1845 84 has taken a fork
1845 193 is sleeping
1845 148 is sleeping
1846 94 has taken a fork
1846 88 has taken a fork
1846 113 is thinking
1846 117 is thinking
1846 65 has taken a fork
1847 124 is thinking
1847 139 is thinking
1847 110 is thinking
1848 83 has taken a fork
1848 109 is thinking
1848 74 has taken a fork
1848 119 is thinking
1848 78 has taken a fork
1848 118 is thinking
1849 77 has taken a fork
1850 71 has taken a fork
1850 81 has taken a fork
1850 75 has taken a fork
1851 79 has taken a fork
1851 68 has taken a fork
1852 114 is thinking
1853 70 is eating
1853 133 is thinking
1853 130 is thinking
1853 90 has taken a fork
1853 84 has taken a fork
1853 179 is sleeping
1853 94 has taken a fork
1854 116 is thinking
1854 76 has taken a fork
1855 88 has taken a fork
1856 126 is thinking
1857 65 is eating
1857 83 is eating
1858 74 is eating
1858 78 is eating
1859 137 is thinking
1859 121 is thinking
1859 77 is eating
1859 71 is eating
1859 81 is eating
1859 75 is eating
1860 196 is sleeping
1861 188 is sleeping
1861 86 has taken a fork
1861 79 is eating
1862 68 is eating
1862 186 is sleeping
1862 80 has taken a fork
1863 89 has taken a fork
1863 194 is sleeping
1863 123 is thinking
1863 128 is thinking
1863 92 has taken a fork
1863 90 is eating
1864 84 is eating
1864 94 is eating
1864 181 is sleeping
1865 97 has taken a fork
1865 184 is sleeping
1866 76 has taken a fork
1866 93 has taken a fork
1866 191 is sleeping
1866 95 has taken a fork
1867 192 is sleeping
1867 190 is sleeping
1867 91 has taken a fork
1867 182 is sleeping
1867 85 has taken a fork
1867 87 has taken a fork
1867 187 is sleeping
1867 88 is eating
1868 82 has taken a fork
1869 197 is sleeping
1870 99 has taken a fork
1870 195 is sleeping
1870 86 has taken a fork
1870 198 is sleeping
1871 96 has taken a fork
1871 101 has taken a fork
1871 80 has taken a fork
1872 89 has taken a fork
1873 92 has taken a fork
1874 97 has taken a fork
1874 1 is sleeping
1874 76 is eating
1874 93 has taken a fork
1874 95 has taken a fork
1875 115 has taken a fork
1875 6 is sleeping
1875 5 is sleeping
1876 17 is sleeping
1876 100 has taken a fork
1876 91 has taken a fork
1876 103 has taken a fork
1876 102 has taken a fork
1877 85 has taken a fork
1878 87 has taken a fork
1881 82 has taken a fork
1881 99 has taken a fork
1882 11 is sleeping
1882 98 has taken a fork
1882 86 is eating
1883 96 has taken a fork
1883 101 has taken a fork
1883 80 is eating
1883 2 is sleeping
1884 111 has taken a fork
1884 89 is eating
1885 9 is sleeping
1885 107 has taken a fork
1886 131 is thinking
1886 125 is thinking
1887 13 is sleeping
1887 120 is thinking
1887 132 is thinking
1888 4 is sleeping
1889 127 is thinking
1889 92 is eating
1890 122 is thinking
1890 145 is thinking
1891 106 has taken a fork
1891 144 is thinking
1891 136 is thinking
1891 129 is thinking
1892 112 is thinking
1892 108 has taken a fork
1892 97 is eating
1892 93 is eating
1892 95 is eating
1892 142 is thinking
1892 138 is thinking
1892 3 is sleeping
1892 8 is sleeping
1892 115 has taken a fork
1892 113 has taken a fork
1893 104 has taken a fork
1893 10 is sleeping
1893 117 has taken a fork
1893 100 has taken a fork
1893 91 is eating
1893 103 has taken a fork
1893 102 has taken a fork
1894 21 is sleeping
1894 27 is sleeping
1894 139 has taken a fork
1894 149 is thinking
1894 143 is thinking
1894 124 has taken a fork
1894 134 is thinking
1894 85 is eating
1894 140 is thinking
1895 158 is thinking
1895 7 is sleeping
1895 19 is sleeping
1895 109 has taken a fork
1896 87 is eating
1896 18 is sleeping
1896 33 is sleeping
1896 119 has taken a fork
1897 118 has taken a fork
1897 153 is thinking
1897 26 is sleeping
1897 23 is sleeping
1897 14 is sleeping
1897 12 is sleeping
1897 133 has taken a fork
1897 130 has taken a fork
1897 114 has taken a fork
1897 20 is sleeping
1897 82 is eating
1897 110 has taken a fork
1897 126 has taken a fork
1897 116 has taken a fork
1897 99 is eating
1897 22 is sleeping
1897 44 is sleeping
1897 36 is sleeping
1898 137 has taken a fork
1898 123 has taken a fork
1898 32 is sleeping
1898 98 has taken a fork
1899 128 has taken a fork
1899 45 is sleeping
1899 16 is sleeping
1899 31 is sleeping
1899 121 has taken a fork
1899 96 is eating
1899 101 is eating
1899 111 has taken a fork
1900 30 is sleeping
1900 37 is sleeping
1900 107 has taken a fork
1900 131 has taken a fork
1900 125 has taken a fork
1901 120 has taken a fork
1901 132 has taken a fork
1902 135 is thinking
1902 146 is thinking
1902 147 is thinking
1902 141 is thinking
1902 161 is thinking
1903 151 is thinking
1903 127 has taken a fork
1903 162 is thinking
1903 152 is thinking
1904 105 is thinking
1904 154 is thinking
1904 106 has taken a fork
1904 108 has taken a fork
1904 115 is eating
1904 113 has taken a fork
1904 104 has taken a fork
1904 117 has taken a fork
1904 100 is eating
1904 103 is eating
1904 102 is eating
1904 139 has taken a fork
1904 124 has taken a fork
1905 109 has taken a fork
1905 119 has taken a fork
1905 118 has taken a fork
1905 133 has taken a fork
1905 34 is sleeping
1905 130 has taken a fork
1905 114 has taken a fork
1905 122 has taken a fork
1905 56 is sleeping
1905 145 has taken a fork
1906 110 has taken a fork
1906 126 has taken a fork
1906 116 has taken a fork
1906 49 is sleeping
1906 144 has taken a fork
1906 137 has taken a fork
1906 51 is sleeping
1906 136 has taken a fork
1907 123 has taken a fork
1907 98 is eating
1907 29 is sleeping
1907 24 is sleeping
1908 128 has taken a fork
1908 129 has taken a fork
1908 121 has taken a fork
1909 112 has taken a fork
1909 111 is eating
1909 107 is eating
1909 131 has taken a fork
1909 165 is thinking
1909 125 has taken a fork
1909 142 has taken a fork
1909 25 is sleeping
1909 39 is sleeping
1909 120 has taken a fork
1909 55 is sleeping
1909 47 is sleeping
1909 35 is sleeping
1909 134 has taken a fork
1909 138 has taken a fork
1909 149 has taken a fork
1910 132 has taken a fork
1910 41 is sleeping
1910 38 is sleeping
1911 143 has taken a fork
1912 15 is sleeping
1912 153 has taken a fork
1912 54 is sleeping
1912 140 has taken a fork
1912 158 has taken a fork
1912 135 has taken a fork
1913 164 is thinking
1913 127 has taken a fork
1913 150 is thinking
1913 28 is sleeping
1913 146 has taken a fork
1913 42 is sleeping
1913 160 is thinking
1914 159 is thinking
1914 66 is sleeping
1914 141 has taken a fork
1914 106 is eating
1914 108 is eating
1914 157 is thinking
1914 147 has taken a fork
1915 113 is eating
1915 50 is sleeping
1915 104 is eating
1915 117 is eating
1915 139 is eating
1916 124 is eating
1916 109 is eating
1916 61 is sleeping
1916 119 is eating
1916 118 is eating
1916 133 is eating
1916 161 has taken a fork
1916 52 is sleeping
1916 151 has taken a fork
1917 162 has taken a fork
1917 130 is eating
1917 114 is eating
1917 122 has taken a fork
1918 145 has taken a fork
1918 110 is eating
1919 43 is sleeping
1919 152 has taken a fork
1919 126 is eating
1919 116 is eating
1919 144 has taken a fork
1920 137 is eating
1920 156 is thinking
1921 136 has taken a fork
1921 69 is sleeping
1922 105 has taken a fork
1922 123 is eating
1922 128 is eating
1922 121 is eating
1922 60 is sleeping
1923 154 has taken a fork
1923 129 has taken a fork
1923 112 has taken a fork
1924 131 is eating
1924 125 is eating
1925 142 has taken a fork
1926 120 is eating
1926 134 has taken a fork
1926 138 has taken a fork
1926 149 has taken a fork
1926 132 is eating
1926 63 is sleeping
1927 40 is sleeping
1927 64 is sleeping
1927 73 is sleeping
1927 58 is sleeping
1927 143 has taken a fork
1927 53 is sleeping
1928 59 is sleeping
1928 165 has taken a fork
1929 153 has taken a fork
1929 163 is thinking
1929 173 is thinking
1930 140 has taken a fork
1930 158 has taken a fork
1931 135 has taken a fork
1931 164 has taken a fork
1931 127 is eating
1932 155 is thinking
1933 170 is thinking
1934 175 is thinking
1935 150 has taken a fork
1935 146 has taken a fork
1936 160 has taken a fork
1936 159 has taken a fork
1937 141 has taken a fork
1937 157 has taken a fork
1937 147 has taken a fork
1938 57 is sleeping
1938 167 is thinking
1939 48 is sleeping
1939 62 is sleeping
1940 67 is sleeping
1940 46 is sleeping
1940 161 has taken a fork
1940 151 has taken a fork
1941 162 has taken a fork
1941 122 is eating
1941 145 is eating
1942 152 has taken a fork
1942 144 is eating
1942 156 has taken a fork
1943 136 is eating
1943 105 has taken a fork
1944 72 is sleeping
1944 154 has taken a fork
1945 129 is eating
1946 112 is eating
1947 142 is eating
1947 134 is eating
1948 138 is eating
1948 149 is eating
1948 143 is eating
1949 165 has taken a fork
1949 153 is eating
1949 163 has taken a fork
1950 173 has taken a fork
1950 140 is eating
1950 158 is eating
1951 169 is thinking
1951 135 is eating
1951 164 has taken a fork
1952 155 has taken a fork
1953 170 has taken a fork
1953 70 is sleeping
1953 175 has taken a fork
1954 150 has taken a fork
1954 146 is eating
1954 160 has taken a fork
1954 159 has taken a fork
1954 141 is eating
1954 168 is thinking
1955 157 has taken a fork
1955 147 is eating
1955 171 is thinking
1955 167 has taken a fork
1955 176 is thinking
1955 161 is eating
1955 151 is eating
1955 166 is thinking
1955 174 is thinking
1957 162 is eating
1957 185 is thinking
1958 178 is thinking
1959 172 is thinking
1959 177 is thinking
1959 189 is thinking
1959 152 is eating
1960 156 has taken a fork
1960 65 is sleeping
1961 180 is thinking
1962 105 is eating
1962 83 is sleeping
1962 78 is sleeping
1962 74 is sleeping
1962 183 is thinking
1963 154 is eating
1963 81 is sleeping
1964 71 is sleeping
1964 193 is thinking
1964 75 is sleeping
1964 77 is sleeping
1965 148 is thinking
1966 79 is sleeping
1967 68 is sleeping
1967 90 is sleeping
1967 165 is eating
1967 84 is sleeping
1967 94 is sleeping
1968 163 has taken a fork
1969 173 has taken a fork
1969 88 is sleeping
1969 169 has taken a fork
1969 164 is eating
1970 155 has taken a fork
1970 170 has taken a fork
1970 179 is thinking
1970 175 has taken a fork
1970 150 is eating
1971 160 is eating
1971 159 is eating
1971 168 has taken a fork
1971 157 is eating
1971 171 has taken a fork
1972 167 has taken a fork
1973 176 has taken a fork
1973 166 has taken a fork
1974 174 has taken a fork
1974 185 has taken a fork
1975 178 has taken a fork
1975 172 has taken a fork
1975 177 has taken a fork
1975 189 has taken a fork
1976 76 is sleeping
1976 156 is eating
1977 196 is thinking
1977 188 is thinking
1978 180 has taken a fork
1979 186 is thinking
1979 183 has taken a fork
1980 194 is thinking
1980 181 is thinking
1981 193 has taken a fork
1982 148 has taken a fork
1983 184 is thinking
1984 191 is thinking
1984 182 is thinking
1984 190 is thinking
1985 187 is thinking
1985 80 is sleeping
1985 192 is thinking
1985 86 is sleeping
1985 163 is eating
1986 89 is sleeping
1986 173 is eating
1987 169 has taken a fork
1987 197 is thinking
1988 198 is thinking
1989 155 is eating
1989 195 is thinking
1990 170 is eating
1990 179 has taken a fork
1990 175 is eating
1991 92 is sleeping
1991 168 has taken a fork
1992 171 has taken a fork
1992 167 is eating
1992 97 is sleeping
1993 176 has taken a fork
1993 93 is sleeping
1993 166 has taken a fork
1993 174 has taken a fork
1993 91 is sleeping
1993 95 is sleeping
1994 185 has taken a fork
1994 1 is thinking
1995 178 has taken a fork
1995 85 is sleeping
1996 5 is thinking
1996 172 has taken a fork
1996 177 has taken a fork
1996 189 has taken a fork
1996 87 is sleeping
1996 6 is thinking
1997 17 is thinking
1998 196 has taken a fork
1998 99 is sleeping
1998 82 is sleeping
2000 188 has taken a fork
2000 180 has taken a fork
2000 186 has taken a fork
2000 183 has taken a fork
2000 96 is sleeping
2000 101 is sleeping
2001 194 has taken a fork
2001 181 has taken a fork
2001 193 has taken a fork
2002 11 is thinking
2002 148 has taken a fork
2002 2 is thinking
2002 184 has taken a fork
2003 191 has taken a fork
2003 182 has taken a fork
2003 190 has taken a fork
2003 187 has taken a fork
2003 115 is sleeping
2004 9 is thinking
2004 192 has taken a fork
2004 102 is sleeping
2004 103 is sleeping
2004 100 is sleeping
2004 169 is eating
2004 13 is thinking
2004 197 has taken a fork
2005 4 is thinking
2005 198 has taken a fork
2005 98 is sleeping
2005 195 has taken a fork
2005 179 has taken a fork
2005 107 is sleeping
2005 111 is sleeping
2006 168 is eating
2006 3 is thinking
2006 171 is eating
2006 8 is thinking
2007 176 is eating
2007 10 is thinking
2007 166 is eating
2007 174 is eating
2007 27 is thinking
2007 106 is sleeping
2008 108 is sleeping
2008 21 is thinking
2008 185 is eating
2008 1 has taken a fork
2008 104 is sleeping
2008 113 is sleeping
2008 7 is thinking
2008 178 is eating
2009 19 is thinking
2009 5 has taken a fork
2009 117 is sleeping
2009 33 is thinking
2009 18 is thinking
2010 172 is eating
2010 177 is eating
2011 189 is eating
2012 6 has taken a fork
2012 12 is thinking
2012 14 is thinking
2012 20 is thinking
2012 44 is thinking
2012 36 is thinking
2012 139 is sleeping
2012 22 is thinking
2013 23 is thinking
2013 124 is sleeping
2013 26 is thinking
2013 119 is sleeping
2013 118 is sleeping
2013 32 is thinking
2014 109 is sleeping
2014 17 has taken a fork
2015 196 has taken a fork
2015 16 is thinking
2015 114 is sleeping
2016 45 is thinking
2016 31 is thinking
2016 133 is sleeping
2016 130 is sleeping
2016 30 is thinking
2017 188 has taken a fork
2017 126 is sleeping
2017 37 is thinking
2017 116 is sleeping
2018 180 is eating
2018 110 is sleeping
2018 186 has taken a fork
2019 183 is eating
2019 137 is sleeping
2019 194 has taken a fork
2019 181 has taken a fork
2019 193 is eating
2020 11 has taken a fork
2020 128 is sleeping
2020 148 is eating
2020 2 has taken a fork
2020 123 is sleeping
2020 184 has taken a fork
2020 191 has taken a fork
2021 182 has taken a fork
2021 121 is sleeping
2021 190 has taken a fork
2022 187 has taken a fork
2022 9 has taken a fork
2022 192 has taken a fork
2022 13 has taken a fork
2022 197 has taken a fork
2022 131 is sleeping
2023 4 has taken a fork
2023 198 has taken a fork
2023 34 is thinking
2023 195 has taken a fork
2023 56 is thinking
2024 179 is eating
2024 125 is sleeping
2024 3 has taken a fork
2025 49 is thinking
2025 51 is thinking
2025 8 has taken a fork
2025 120 is sleeping
2025 24 is thinking
2026 29 is thinking
2026 10 has taken a fork
2026 132 is sleeping
2027 27 has taken a fork
2027 21 has taken a fork
2028 1 has taken a fork
2028 7 has taken a fork
2028 55 is thinking
2028 39 is thinking
2028 47 is thinking
2028 25 is thinking
2028 35 is thinking
2029 19 has taken a fork
2029 5 has taken a fork
2029 33 has taken a fork
2029 41 is thinking
2029 38 is thinking
2029 18 has taken a fork
2029 127 is sleeping
2029 6 has taken a fork
2029 54 is thinking
2030 12 has taken a fork
2030 14 has taken a fork
2030 20 has taken a fork
2030 44 has taken a fork
2030 36 has taken a fork
2030 15 is thinking
2030 22 has taken a fork
2030 23 has taken a fork
2030 42 is thinking
2031 26 has taken a fork
2031 28 is thinking
2031 32 has taken a fork
2031 66 is thinking
2031 17 has taken a fork
2031 50 is thinking
2031 196 is eating
2031 16 has taken a fork
2031 61 is thinking
2031 52 is thinking
2031 45 has taken a fork
2031 31 has taken a fork
2032 30 has taken a fork
2032 188 is eating
2032 37 has taken a fork
2032 186 is eating
2032 122 is sleeping
2032 145 is sleeping
2032 43 is thinking
2032 194 is eating
2032 181 is eating
2032 144 is sleeping
2032 11 has taken a fork
2032 2 has taken a fork
2032 184 is eating
2032 191 is eating
2032 69 is thinking
2033 136 is sleeping
2033 182 is eating
2033 190 is eating
2033 129 is sleeping
2033 187 is eating
2033 60 is thinking
2033 9 has taken a fork
2033 192 is eating
2033 13 has taken a fork
2034 197 is eating
2034 112 is sleeping
2034 4 has taken a fork
2034 198 is eating
2034 34 has taken a fork
2034 195 is eating
2034 56 has taken a fork
2034 142 is sleeping
2035 134 is sleeping
2036 3 has taken a fork
2036 138 is sleeping
2036 49 has taken a fork
2036 51 has taken a fork
2036 143 is sleeping
2036 8 has taken a fork
2037 24 has taken a fork
2037 158 is sleeping
2037 140 is sleeping
2037 153 is sleeping
2037 149 is sleeping
2037 10 has taken a fork
2037 40 is thinking
2037 135 is sleeping
2037 29 has taken a fork
2037 73 is thinking
2038 53 is thinking
2038 27 has taken a fork
2038 58 is thinking
2038 63 is thinking
2039 64 is thinking
2039 21 has taken a fork
2039 59 is thinking
2039 1 is eating
2039 7 has taken a fork
2039 55 has taken a fork
2039 39 has taken a fork
2039 47 has taken a fork
2040 25 has taken a fork
2040 35 has taken a fork
2040 141 is sleeping
2040 146 is sleeping
2040 19 has taken a fork
2040 5 is eating
2040 33 has taken a fork
2040 41 has taken a fork
2040 38 has taken a fork
2041 18 has taken a fork
2041 6 is eating
2043 54 has taken a fork
2043 161 is sleeping
2043 147 is sleeping
2043 151 is sleeping
2043 12 has taken a fork
2044 14 has taken a fork
2044 20 has taken a fork
2045 44 has taken a fork
2045 36 has taken a fork
2045 15 has taken a fork
2046 22 has taken a fork
2046 23 has taken a fork
2046 42 has taken a fork
2046 162 is sleeping
2046 26 has taken a fork
2046 28 has taken a fork
2047 32 has taken a fork
2047 66 has taken a fork
2047 17 is eating
2047 50 has taken a fork
2048 16 has taken a fork
2049 61 has taken a fork
2050 52 has taken a fork
2050 45 has taken a fork
2050 31 has taken a fork
2050 30 has taken a fork
2051 37 has taken a fork
2051 11 is eating
2051 2 is eating
2051 152 is sleeping
2051 43 has taken a fork
2052 9 is eating
2052 13 is eating
2052 4 is eating
2052 34 has taken a fork
2053 56 has taken a fork
2053 105 is sleeping
2053 69 has taken a fork
2053 3 is eating
2053 154 is sleeping
2053 60 has taken a fork
2053 49 has taken a fork
2053 51 has taken a fork
2053 8 is eating
2053 24 has taken a fork
2053 10 is eating
2054 29 has taken a fork
2054 57 is thinking
2054 27 is eating
2054 48 is thinking
2054 21 is eating
2054 62 is thinking
2055 165 is sleeping
2055 40 has taken a fork
2056 7 is eating
2056 55 has taken a fork
2056 39 has taken a fork
2057 47 has taken a fork
2057 67 is thinking
2057 46 is thinking
2057 25 has taken a fork
2057 35 has taken a fork
2057 19 is eating
2057 33 is eating
2057 41 has taken a fork
2058 38 has taken a fork
2058 164 is sleeping
2058 18 is eating
2058 160 is sleeping
2059 53 has taken a fork
2059 157 is sleeping
2060 58 has taken a fork
2060 159 is sleeping
2060 63 has taken a fork
2062 150 is sleeping
2062 73 has taken a fork
2062 54 has taken a fork
2062 64 has taken a fork
2062 12 is eating
2062 72 is thinking
2062 14 is eating
2062 20 is eating
2063 44 is eating
2063 36 is eating
2063 15 has taken a fork
2063 22 is eating
2063 23 is eating
2064 42 has taken a fork
2064 26 is eating
2064 28 has taken a fork
2065 32 is eating
2065 66 has taken a fork
2065 50 has taken a fork
2065 156 is sleeping
2065 16 is eating
2065 59 has taken a fork
2066 61 has taken a fork
2066 52 has taken a fork
2066 45 is eating
2067 31 is eating
2067 30 is eating
2068 37 is eating
2069 43 has taken a fork
2069 34 is eating
2069 56 is eating
2071 70 is thinking
2071 69 has taken a fork
2071 60 has taken a fork
2072 49 is eating
2073 51 is eating
2073 24 is eating
2074 29 is eating
2074 40 has taken a fork
2074 55 is eating
2074 47 is eating
2074 163 is sleeping
2074 57 has taken a fork
2074 39 is eating
2074 25 is eating
2074 35 is eating
2075 41 is eating
2075 173 is sleeping
2075 48 has taken a fork
2075 38 is eating
2076 53 has taken a fork
2077 65 is thinking
2077 58 has taken a fork
2078 63 has taken a fork
2078 155 is sleeping
2078 62 has taken a fork
2079 73 has taken a fork
2080 54 is eating
2080 170 is sleeping
2080 67 has taken a fork
2081 64 has taken a fork
2081 83 is thinking
2082 74 is thinking
2084 78 is thinking
2084 175 is sleeping
2084 46 has taken a fork
2085 81 is thinking
2086 15 is eating
2086 71 is thinking
2087 42 is eating
2087 77 is thinking
2087 75 is thinking
2088 28 is eating
2088 167 is sleeping
2088 72 has taken a fork
2089 66 is eating
2089 50 is eating
2089 59 has taken a fork
2089 79 is thinking
2090 61 is eating
2091 52 is eating
2091 84 is thinking
2091 68 is thinking
2092 94 is thinking
2092 90 is thinking
2093 88 is thinking
2093 43 is eating
2093 69 is eating
2093 60 is eating
2093 40 is eating
2093 57 has taken a fork
2093 48 has taken a fork
2093 76 is thinking
2094 53 is eating
2094 58 is eating
2094 169 is sleeping
2094 63 is eating
2094 70 has taken a fork
2095 62 has taken a fork
2095 73 is eating
2096 67 has taken a fork
2096 168 is sleeping
2096 174 is sleeping
2096 171 is sleeping
2096 166 is sleeping
2097 176 is sleeping
2097 64 is eating
2098 65 has taken a fork
2098 83 has taken a fork
2098 74 has taken a fork
2099 178 is sleeping
2099 78 has taken a fork
2100 185 is sleeping
2100 46 has taken a fork
2100 172 is sleeping
2100 189 is sleeping
2101 80 is thinking
2101 81 has taken a fork
2102 177 is sleeping
2103 86 is thinking
2103 89 is thinking
2103 71 has taken a fork
2103 77 has taken a fork
2104 75 has taken a fork
2105 72 has taken a fork
2105 59 is eating
2105 79 has taken a fork
2105 180 is sleeping
2106 92 is thinking
2107 183 is sleeping
2107 84 has taken a fork
2108 68 has taken a fork
2109 97 is thinking
2109 193 is sleeping
2110 94 has taken a fork
2112 90 has taken a fork
2112 148 is sleeping
2112 93 is thinking
2112 91 is thinking
2114 95 is thinking
2115 88 has taken a fork
2115 57 is eating
2116 48 is eating
2117 70 has taken a fork
2117 85 is thinking
2117 62 is eating
2117 67 is eating
2118 87 is thinking
2118 179 is sleeping
2118 76 has taken a fork
2119 99 is thinking
2119 65 has taken a fork
2119 82 is thinking
2120 83 has taken a fork
2120 74 has taken a fork
2120 78 has taken a fork
2120 96 is thinking
2121 101 is thinking
2121 46 is eating
2121 81 has taken a fork
2121 71 has taken a fork
2122 115 is thinking
2122 77 has taken a fork
2122 196 is sleeping
2122 80 has taken a fork
2123 102 is thinking
2124 103 is thinking
2124 75 has taken a fork
2124 100 is thinking
2124 188 is sleeping
2125 107 is thinking
2125 111 is thinking
2125 98 is thinking
2126 72 is eating
2126 86 has taken a fork
2126 79 has taken a fork
2126 186 is sleeping
2126 194 is sleeping
2126 89 has taken a fork
2126 92 has taken a fork
2127 106 is thinking
2127 181 is sleeping
2127 84 has taken a fork
2127 191 is sleeping
2127 184 is sleeping
2128 113 is thinking
2128 68 has taken a fork
2128 104 is thinking
2128 108 is thinking
2128 187 is sleeping
2129 97 has taken a fork
2129 192 is sleeping
2129 182 is sleeping
2130 117 is thinking
2130 94 has taken a fork
2130 198 is sleeping
2130 190 is sleeping
2130 197 is sleeping
2130 195 is sleeping
2131 139 is thinking
2132 90 has taken a fork
2132 93 has taken a fork
2132 91 has taken a fork
2133 119 is thinking
2133 118 is thinking
2133 95 has taken a fork
2133 124 is thinking
2133 109 is thinking
2133 88 has taken a fork
2134 114 is thinking
2134 133 is thinking
2134 130 is thinking
2134 70 is eating
2134 1 is sleeping
2134 126 is thinking
2134 116 is thinking
2134 85 has taken a fork
2134 5 is sleeping
2134 110 is thinking
2135 87 has taken a fork
2135 76 has taken a fork
2135 6 is sleeping
2135 137 is thinking
2135 99 has taken a fork
2135 65 is eating
2136 82 has taken a fork
2136 128 is thinking
2136 123 is thinking
2136 83 is eating
2136 74 is eating
2137 78 is eating
2137 96 has taken a fork
2137 101 has taken a fork
2137 121 is thinking
2137 81 is eating
2138 71 is eating
2138 131 is thinking
2138 115 has taken a fork
2138 77 is eating
2138 80 has taken a fork
2138 17 is sleeping
2138 102 has taken a fork
2138 103 has taken a fork
2139 75 is eating
2139 125 is thinking
2140 100 has taken a fork
2140 120 is thinking
2140 132 is thinking
2140 86 has taken a fork
2141 79 is eating
2141 89 has taken a fork
2141 92 has taken a fork
2141 2 is sleeping
2141 107 has taken a fork
2141 11 is sleeping
2141 84 is eating
2141 68 is eating
2141 111 has taken a fork
2142 9 is sleeping
2142 13 is sleeping
2142 98 has taken a fork
2142 106 has taken a fork
2143 97 has taken a fork
2143 127 is thinking
2143 4 is sleeping
2143 113 has taken a fork
2143 8 is sleeping
2143 10 is sleeping
2143 104 has taken a fork
2143 3 is sleeping
2144 108 has taken a fork
2144 117 has taken a fork
2144 94 is eating
2144 27 is sleeping
2144 139 has taken a fork
2150 21 is sleeping
2151 90 is eating
2152 93 has taken a fork
2152 122 is thinking
2152 7 is sleeping
2152 145 is thinking
2152 144 is thinking
2152 91 has taken a fork
2152 129 is thinking
2153 136 is thinking
2153 119 has taken a fork
2153 118 has taken a fork
2153 95 has taken a fork
2153 33 is sleeping
2153 19 is sleeping
2153 124 has taken a fork
2153 109 has taken a fork
2153 88 is eating
2153 112 is thinking
2153 142 is thinking
2153 18 is sleeping
2153 114 has taken a fork
2154 85 has taken a fork
2154 134 is thinking
2154 87 has taken a fork
2154 76 is eating
2154 99 has taken a fork
2154 143 is thinking
2155 138 is thinking
2155 82 has taken a fork
2155 149 is thinking
2156 140 is thinking
2157 135 is thinking
2157 14 is sleeping
2157 130 has taken a fork
2157 20 is sleeping
2157 153 is thinking
2157 126 has taken a fork
2157 158 is thinking
2158 12 is sleeping
2158 116 has taken a fork
2158 96 has taken a fork
2158 101 has taken a fork
2158 36 is sleeping
2158 110 has taken a fork
2158 22 is sleeping
2158 115 has taken a fork
2158 23 is sleeping
2158 137 has taken a fork
2158 44 is sleeping
2158 133 has taken a fork
2159 128 has taken a fork
2159 80 is eating
2159 102 has taken a fork
2159 103 has taken a fork
2159 32 is sleeping
2159 123 has taken a fork
2159 26 is sleeping
2159 121 has taken a fork
2159 146 is thinking
2159 141 is thinking
2159 100 has taken a fork
2159 16 is sleeping
2159 131 has taken a fork
2159 86 is eating
2159 45 is sleeping
2160 125 has taken a fork
2160 89 is eating
2160 92 is eating
2160 107 has taken a fork
2160 111 has taken a fork
2160 31 is sleeping
2160 30 is sleeping
2160 132 has taken a fork
2160 120 has taken a fork
2160 98 has taken a fork
2160 106 has taken a fork
2161 151 is thinking
2161 161 is thinking
2161 147 is thinking
2161 97 is eating
2161 113 has taken a fork
2161 104 has taken a fork
2161 37 is sleeping
2161 127 has taken a fork
2161 108 has taken a fork
2161 117 has taken a fork
2161 56 is sleeping
2162 162 is thinking
2162 51 is sleeping
2162 49 is sleeping
2162 24 is sleeping
2162 34 is sleeping
2162 139 has taken a fork
2163 152 is thinking
2163 25 is sleeping
2163 55 is sleeping
2163 35 is sleeping
2163 39 is sleeping
2163 47 is sleeping
2163 29 is sleeping
2163 93 is eating
2163 41 is sleeping
2163 38 is sleeping
2164 122 has taken a fork
2164 145 has taken a fork
2164 144 has taken a fork
2164 91 is eating
2165 129 has taken a fork
2165 105 is thinking
2166 154 is thinking
2167 136 has taken a fork
2167 119 has taken a fork
2167 118 has taken a fork
2167 95 is eating
2167 124 has taken a fork
2167 109 has taken a fork
2168 112 has taken a fork
2168 142 has taken a fork
2168 114 has taken a fork
2168 85 is eating
2168 134 has taken a fork
2168 87 is eating
2168 99 is eating
2168 143 has taken a fork
2168 165 is thinking
2168 54 is sleeping
2170 138 has taken a fork
2170 82 is eating
2170 149 has taken a fork
2170 140 has taken a fork
2170 135 has taken a fork
2171 130 has taken a fork
2171 153 has taken a fork
2171 126 has taken a fork
2171 116 has taken a fork
2171 96 is eating
2171 15 is sleeping
2171 158 has taken a fork
2171 101 is eating
2171 164 is thinking
2171 160 is thinking
2171 110 has taken a fork
2172 115 is eating
2172 137 has taken a fork
2172 133 has taken a fork
2172 42 is sleeping
2174 157 is thinking
2175 128 has taken a fork
2175 102 is eating
2175 103 is eating
2175 123 has taken a fork
2175 121 has taken a fork
2175 146 has taken a fork
2175 100 is eating
2176 131 has taken a fork
2177 159 is thinking
2177 66 is sleeping
2177 141 has taken a fork
2177 28 is sleeping
2177 50 is sleeping
2177 125 has taken a fork
2178 107 is eating
2178 111 is eating
2179 132 has taken a fork
2179 120 has taken a fork
2179 98 is eating
2179 106 is eating
2179 52 is sleeping
2180 151 has taken a fork
2180 61 is sleeping
2181 161 has taken a fork
2181 147 has taken a fork
2181 113 is eating
2182 104 is eating
2182 127 has taken a fork
2182 108 is eating
2182 117 is eating
2182 150 is thinking
2182 162 has taken a fork
2182 139 is eating
2182 43 is sleeping
2182 152 has taken a fork
2182 69 is sleeping
2182 122 has taken a fork
2182 145 has taken a fork
2183 144 has taken a fork
2183 129 has taken a fork
2183 60 is sleeping
2184 156 is thinking
2184 105 has taken a fork
2184 154 has taken a fork
2184 136 has taken a fork
2184 119 is eating
2184 118 is eating
2184 124 is eating
2184 109 is eating
2184 40 is sleeping
2185 112 has taken a fork
2186 142 has taken a fork
2186 114 is eating
2186 134 has taken a fork
2186 53 is sleeping
2186 165 has taken a fork
2186 63 is sleeping
2186 58 is sleeping
2186 73 is sleeping
2186 143 has taken a fork
2186 138 has taken a fork
2186 149 has taken a fork
2186 140 has taken a fork
2186 135 has taken a fork
2186 64 is sleeping
2187 130 is eating
2187 153 has taken a fork
2187 126 is eating
2187 116 is eating
2187 158 has taken a fork
2188 164 has taken a fork
2188 160 has taken a fork
2190 110 is eating
2190 137 is eating
2190 133 is eating
2190 163 is thinking
2190 157 has taken a fork
2190 128 is eating
2190 173 is thinking
2190 123 is eating
2190 121 is eating
2190 146 has taken a fork
2191 131 is eating
2191 159 has taken a fork
2192 141 has taken a fork
2192 59 is sleeping
2192 125 is eating
2192 155 is thinking
2192 132 is eating
2192 120 is eating
2192 151 has taken a fork
2192 161 has taken a fork
2192 147 has taken a fork
2193 170 is thinking
2193 127 is eating
2193 150 has taken a fork
2193 162 has taken a fork
2194 152 has taken a fork
2194 122 is eating
2194 145 is eating
2195 144 is eating
2195 129 is eating
2195 175 is thinking
2196 156 has taken a fork
2196 105 has taken a fork
2196 154 has taken a fork
2196 136 is eating
2196 57 is sleeping
2196 112 is eating
2196 142 is eating
2196 134 is eating
2196 165 has taken a fork
2196 143 is eating
2196 138 is eating
2196 149 is eating
2196 140 is eating
2196 135 is eating
2196 48 is sleeping
2196 153 is eating
2196 158 is eating
2196 167 is thinking
2197 164 has taken a fork
2197 160 has taken a fork
2198 62 is sleeping
2198 67 is sleeping
2199 163 has taken a fork
2199 157 has taken a fork
2200 173 has taken a fork
2200 146 is eating
2201 159 has taken a fork
2201 46 is sleeping
2201 141 is eating
2201 155 has taken a fork
2202 151 is eating
2204 161 is eating
2205 147 is eating
2205 170 has taken a fork
2205 150 has taken a fork
2205 162 is eating
2206 169 is thinking
2206 152 is eating
2206 175 has taken a fork
2206 168 is thinking
2206 171 is thinking
2207 72 is sleeping
2207 156 has taken a fork
2207 105 is eating
2207 154 is eating
2207 165 is eating
2207 166 is thinking
2207 174 is thinking
2207 167 has taken a fork
2207 176 is thinking
2207 164 is eating
2207 160 is eating
2207 178 is thinking
2207 163 has taken a fork
2207 157 is eating
2208 185 is thinking
2209 172 is thinking
2209 173 has taken a fork
2210 159 is eating
2211 155 has taken a fork
2212 177 is thinking
2212 189 is thinking
2212 170 has taken a fork
2212 150 is eating
2212 180 is thinking
2212 70 is sleeping
2212 169 has taken a fork
2212 175 has taken a fork
2213 156 is eating
2214 183 is thinking
2214 167 has taken a fork
2214 163 is eating
2214 65 is sleeping
2215 74 is sleeping
2216 171 has taken a fork
2216 168 has taken a fork
2217 193 is thinking
2217 83 is sleeping
2217 166 has taken a fork
2218 173 is eating
2218 81 is sleeping
2218 174 has taken a fork
2218 78 is sleeping
2218 176 has taken a fork
2218 155 is eating
2218 148 is thinking
2218 71 is sleeping
2219 178 has taken a fork
2219 170 is eating
2219 169 has taken a fork
2219 175 is eating
2219 75 is sleeping
2220 77 is sleeping
2220 172 has taken a fork
2220 185 has taken a fork
2221 167 is eating
2221 79 is sleeping
2221 177 has taken a fork
2221 68 is sleeping
2222 171 has taken a fork
2222 84 is sleeping
2223 189 has taken a fork
2224 168 has taken a fork
2225 166 has taken a fork
2225 180 has taken a fork
2225 94 is sleeping
2225 179 is thinking
2225 183 has taken a fork
2225 174 has taken a fork
2225 176 has taken a fork
2226 178 has taken a fork
2227 169 is eating
2228 172 has taken a fork
2228 185 has taken a fork
2228 177 has taken a fork
2229 90 is sleeping
2229 171 is eating
2229 196 is thinking
2229 148 has taken a fork
2229 88 is sleeping
2229 193 has taken a fork
2229 189 has taken a fork
2229 188 is thinking
2229 168 is eating
2229 166 is eating
2229 180 has taken a fork
2229 183 has taken a fork
2229 174 is eating
2229 176 is eating
2230 76 is sleeping
2230 179 has taken a fork
2230 186 is thinking
2230 194 is thinking
2230 178 is eating
2231 191 is thinking
2231 184 is thinking
2232 181 is thinking
2232 172 is eating
2232 187 is thinking
2232 185 is eating
2233 177 is eating
2234 148 has taken a fork
2235 193 has taken a fork
2237 189 is eating
2237 192 is thinking
2238 182 is thinking
2238 180 is eating
2238 183 is eating
2238 197 is thinking
2239 198 is thinking
2239 179 has taken a fork
2239 190 is thinking
2240 195 is thinking
2240 86 is sleeping
2240 80 is sleeping
2241 196 has taken a fork
2241 188 has taken a fork
2241 92 is sleeping
2241 89 is sleeping
2241 186 has taken a fork
2241 194 has taken a fork
2242 1 is thinking
2242 148 is eating
2242 5 is thinking
2243 97 is sleeping
2243 6 is thinking
2243 191 has taken a fork
2244 193 is eating
2244 93 is sleeping
2244 17 is thinking
2245 91 is sleeping
2245 184 has taken a fork
2245 179 is eating
2246 181 has taken a fork
2247 196 has taken a fork
2247 95 is sleeping
2247 188 has taken a fork
2247 187 has taken a fork
2248 2 is thinking
2248 11 is thinking
2248 186 has taken a fork
2248 194 has taken a fork
2248 9 is thinking
2249 13 is thinking
2249 4 is thinking
2249 87 is sleeping
2249 3 is thinking
2249 192 has taken a fork
2249 10 is thinking
2249 8 is thinking
2249 85 is sleeping
2249 182 has taken a fork
2249 191 has taken a fork
2250 27 is thinking
2250 99 is sleeping
2250 197 has taken a fork
2250 82 is sleeping
2250 198 has taken a fork
2251 184 has taken a fork
2251 96 is sleeping
2251 101 is sleeping
2251 190 has taken a fork
2251 195 has taken a fork
2251 181 has taken a fork
2252 115 is sleeping
2252 1 has taken a fork
2252 196 is eating
2252 188 is eating
2252 187 has taken a fork
2253 186 is eating
2253 194 is eating
2253 102 is sleeping
2253 192 has taken a fork
2254 5 has taken a fork
2254 182 has taken a fork
2254 191 is eating
2254 103 is sleeping
2254 6 has taken a fork
2254 21 is thinking
2255 100 is sleeping
2255 197 has taken a fork
2255 17 has taken a fork
2255 198 has taken a fork
2255 184 is eating
2256 190 has taken a fork
2256 195 has taken a fork
2256 7 is thinking
2257 181 is eating
2257 1 has taken a fork
2258 187 is eating
2258 19 is thinking
2258 111 is sleeping
2258 33 is thinking
2258 107 is sleeping
2258 11 has taken a fork
2258 18 is thinking
2258 2 has taken a fork
2258 192 is eating
2259 5 has taken a fork
2259 106 is sleeping
2259 9 has taken a fork
2259 98 is sleeping
2260 182 is eating
2260 13 has taken a fork
2261 6 has taken a fork
2261 197 is eating
2261 113 is sleeping
2261 17 has taken a fork
2261 198 is eating
2261 4 has taken a fork
2261 117 is sleeping
2261 104 is sleeping
2261 190 is eating
2261 108 is sleeping
2261 3 has taken a fork
2261 10 has taken a fork
2261 8 has taken a fork
2261 195 is eating
2261 20 is thinking
2261 14 is thinking
2261 139 is sleeping
2262 27 has taken a fork
2262 1 is eating
2262 44 is thinking
2262 22 is thinking
2262 23 is thinking
2262 12 is thinking
2263 36 is thinking
2263 11 has taken a fork
2264 2 has taken a fork
2264 26 is thinking
2264 32 is thinking
2264 118 is sleeping
2264 21 has taken a fork
2264 9 has taken a fork
2265 45 is thinking
2265 124 is sleeping
2265 19 has taken a fork
2265 5 is eating
2265 16 is thinking
2265 30 is thinking
2266 31 is thinking
2266 7 has taken a fork
2266 109 is sleeping
2266 119 is sleeping
2266 114 is sleeping
2266 33 has taken a fork
2266 18 has taken a fork
2267 13 has taken a fork
2267 37 is thinking
2267 6 is eating
2267 56 is thinking
2268 17 is eating
2268 4 has taken a fork
2268 3 has taken a fork
2269 10 has taken a fork
2269 8 has taken a fork
2269 24 is thinking
2269 27 has taken a fork
2269 126 is sleeping
2269 49 is thinking
2269 20 has taken a fork
2269 116 is sleeping
2269 14 has taken a fork
2270 51 is thinking
2270 34 is thinking
2270 130 is sleeping
2270 44 has taken a fork
2270 39 is thinking
2270 38 is thinking
2270 55 is thinking
2270 29 is thinking
2270 25 is thinking
2270 47 is thinking
2270 35 is thinking
2271 41 is thinking
2271 11 is eating
2271 128 is sleeping
2271 133 is sleeping
2271 2 is eating
2271 137 is sleeping
2271 22 has taken a fork
2271 23 has taken a fork
2271 21 has taken a fork
2271 9 is eating
2272 121 is sleeping
2272 110 is sleeping
2272 123 is sleeping
2273 26 has taken a fork
2274 12 has taken a fork
2274 36 has taken a fork
2274 19 has taken a fork
2274 32 has taken a fork
2274 131 is sleeping
2274 45 has taken a fork
2274 7 has taken a fork
2274 33 has taken a fork
2274 18 has taken a fork
2274 120 is sleeping
2274 13 is eating
2275 16 has taken a fork
2275 54 is thinking
2276 132 is sleeping
2276 125 is sleeping
2276 127 is sleeping
2276 30 has taken a fork
2277 31 has taken a fork
2277 4 is eating
2277 37 has taken a fork
2277 3 is eating
2277 10 is eating
2277 8 is eating
2277 27 is eating
2277 20 has taken a fork
2277 14 has taken a fork
2277 44 has taken a fork
2277 15 is thinking
2277 22 has taken a fork
2278 23 has taken a fork
2278 21 is eating
2278 42 is thinking
2278 122 is sleeping
2278 56 has taken a fork
2278 145 is sleeping
2278 26 has taken a fork
2278 24 has taken a fork
2278 12 has taken a fork
2278 144 is sleeping
2278 129 is sleeping
2280 36 has taken a fork
2280 19 is eating
2281 32 has taken a fork
2281 45 has taken a fork
2281 7 is eating
2281 33 is eating
2281 49 has taken a fork
2281 51 has taken a fork
2281 18 is eating
2281 112 is sleeping
2281 136 is sleeping
2281 39 has taken a fork
2281 134 is sleeping
2282 38 has taken a fork
2282 143 is sleeping
2283 55 has taken a fork
2283 142 is sleeping
2283 16 has taken a fork
2283 25 has taken a fork
2283 34 has taken a fork
2283 140 is sleeping
2284 138 is sleeping
2284 29 has taken a fork
2284 149 is sleeping
2284 35 has taken a fork
2284 47 has taken a fork
2284 30 has taken a fork
2284 135 is sleeping
2284 50 is thinking
2284 158 is sleeping
2284 66 is thinking
2284 31 has taken a fork
2286 28 is thinking
2287 153 is sleeping
2287 41 has taken a fork
2287 54 has taken a fork
2287 37 has taken a fork
2287 20 is eating
2287 14 is eating
2287 44 is eating
2287 15 has taken a fork
2287 22 is eating
2288 23 is eating
2288 56 has taken a fork
2288 26 is eating
2288 24 has taken a fork
2288 12 is eating
2288 52 is thinking
2288 61 is thinking
2288 36 is eating
2288 146 is sleeping
2288 42 has taken a fork
2288 141 is sleeping
2289 32 is eating
2289 45 is eating
2289 49 has taken a fork
2289 51 has taken a fork
2289 39 has taken a fork
2289 69 is thinking
2289 38 has taken a fork
2289 151 is sleeping
2289 43 is thinking
2289 161 is sleeping
2289 60 is thinking
2290 55 has taken a fork
2290 16 is eating
2290 25 has taken a fork
2290 34 has taken a fork
2290 147 is sleeping
2290 162 is sleeping
2291 40 is thinking
2291 29 has taken a fork
2291 35 has taken a fork
2291 47 has taken a fork
2291 30 is eating
2291 50 has taken a fork
2291 66 has taken a fork
2292 31 is eating
2292 152 is sleeping
2292 73 is thinking
2292 58 is thinking
2292 105 is sleeping
2292 53 is thinking
2292 63 is thinking
2293 28 has taken a fork
2293 64 is thinking
2293 154 is sleeping
2293 41 has taken a fork
2294 54 has taken a fork
2294 37 is eating
2294 15 has taken a fork
2294 165 is sleeping
2294 56 is eating
2294 24 is eating
2294 52 has taken a fork
2294 61 has taken a fork
2294 42 has taken a fork
2294 160 is sleeping
2294 164 is sleeping
2294 49 is eating
2294 51 is eating
2294 39 is eating
2294 69 has taken a fork
2295 38 is eating
2295 43 has taken a fork
2295 60 has taken a fork
2296 55 is eating
2296 25 is eating
2296 34 is eating
2296 40 has taken a fork
2296 157 is sleeping
2296 29 is eating
2297 35 is eating
2297 47 is eating
2297 50 has taken a fork
2297 66 has taken a fork
2297 59 is thinking
2297 73 has taken a fork
2297 58 has taken a fork
2297 53 has taken a fork
2297 28 has taken a fork
2297 41 is eating
2297 54 is eating
2298 159 is sleeping
2298 63 has taken a fork
2298 15 is eating
2298 52 has taken a fork
2298 61 has taken a fork
2298 42 is eating
2299 69 has taken a fork
2299 43 has taken a fork
2299 60 has taken a fork
2300 57 is thinking
2300 48 is thinking
2300 40 has taken a fork
2300 50 is eating
2300 66 is eating
2300 73 has taken a fork
2300 58 has taken a fork
2300 150 is sleeping
2300 53 has taken a fork
2300 64 has taken a fork
2301 28 is eating
2301 67 is thinking
2302 62 is thinking
2302 63 has taken a fork
2302 52 is eating
2302 61 is eating
2303 156 is sleeping
2303 69 is eating
2303 59 has taken a fork
2304 43 is eating
2304 60 is eating
2304 40 is eating
2304 73 is eating
2304 58 is eating
2304 53 is eating
2304 64 has taken a fork
2305 46 is thinking
2305 163 is sleeping
2305 57 has taken a fork
2305 63 is eating
2306 59 has taken a fork
2306 173 is sleeping
2307 48 has taken a fork
2307 64 is eating
2307 155 is sleeping
2307 57 has taken a fork
2308 67 has taken a fork
2308 59 is eating
2308 170 is sleeping
2308 62 has taken a fork
2308 175 is sleeping
2308 48 has taken a fork
2309 72 is thinking
2309 46 has taken a fork
2310 57 is eating
2310 67 has taken a fork
2310 62 has taken a fork
2311 48 is eating
2311 167 is sleeping
2311 72 has taken a fork
2311 46 has taken a fork
2311 67 is eating
2312 62 is eating
2313 72 has taken a fork
2313 46 is eating
2316 70 is thinking
2317 72 is eating
2317 74 is thinking
2319 65 is thinking
2320 169 is sleeping
2321 70 has taken a fork
2321 83 is thinking
2322 78 is thinking
2322 71 is thinking
2322 75 is thinking
2322 168 is sleeping
2323 166 is sleeping
2323 74 has taken a fork
2323 171 is sleeping
2323 81 is thinking
2323 65 has taken a fork
2323 176 is sleeping
2323 77 is thinking
2323 174 is sleeping
2323 79 is thinking
2324 68 is thinking
2324 178 is sleeping
2324 70 has taken a fork
2324 83 has taken a fork
2324 84 is thinking
2324 78 has taken a fork
2324 71 has taken a fork
2324 75 has taken a fork
2324 74 has taken a fork
2324 185 is sleeping
2325 81 has taken a fork
2325 65 has taken a fork
2325 172 is sleeping
2326 77 has taken a fork
2327 177 is sleeping
2327 70 is eating
2327 83 has taken a fork
2327 79 has taken a fork
2327 78 has taken a fork
2327 71 has taken a fork
2327 75 has taken a fork
2328 74 is eating
2328 81 has taken a fork
2328 65 is eating
2329 94 is thinking
2329 77 has taken a fork
2330 83 is eating
2330 189 is sleeping
2330 79 has taken a fork
2331 68 has taken a fork
2331 78 is eating
2332 71 is eating
2332 75 is eating
2333 183 is sleeping
2333 180 is sleeping
2333 84 has taken a fork
2333 81 is eating
2334 90 is thinking
2334 88 is thinking
2334 94 has taken a fork
2334 77 is eating
2335 76 is thinking
2335 79 is eating
2335 68 has taken a fork
2335 148 is sleeping
2335 84 has taken a fork
2335 90 has taken a fork
2336 193 is sleeping
2336 88 has taken a fork
2337 94 has taken a fork
2338 68 is eating
2339 84 is eating
2339 90 has taken a fork
2339 179 is sleeping
2340 76 has taken a fork
2340 88 has taken a fork
2340 94 is eating
2341 90 is eating
2341 86 is thinking
2341 76 has taken a fork
2341 80 is thinking
2341 88 is eating
2341 76 is eating
2341 92 is thinking
2342 89 is thinking
2342 188 is sleeping
2342 196 is sleeping
2343 86 has taken a fork
2343 86 has taken a fork
2343 80 has taken a fork
2343 86 is eating
2343 80 has taken a fork
2343 194 is sleeping
2343 97 is thinking
2343 186 is sleeping
2343 92 has taken a fork
2343 80 is eating
2344 92 has taken a fork
2344 89 has taken a fork
2345 92 is eating
2345 93 is thinking
2345 89 has taken a fork
2345 191 is sleeping
2345 97 has taken a fork
2345 89 is eating
2345 97 has taken a fork
2345 91 is thinking
2345 97 is eating
2347 95 is thinking
2347 184 is sleeping
2347 93 has taken a fork
2347 93 has taken a fork
2347 93 is eating
2348 181 is sleeping
2348 91 has taken a fork
2348 91 has taken a fork
2348 91 is eating
2349 87 is thinking
2349 85 is thinking
2350 187 is sleeping
2350 95 has taken a fork
2350 95 has taken a fork
2350 95 is eating
2350 82 is thinking
2350 99 is thinking
2351 101 is thinking
2351 96 is thinking
2351 192 is sleeping
2352 87 has taken a fork
2352 182 is sleeping
2353 115 is thinking
2353 87 has taken a fork
2353 85 has taken a fork
2353 102 is thinking
2354 197 is sleeping
2354 198 is sleeping
2354 99 has taken a fork
2354 82 has taken a fork
2354 87 is eating
2354 85 has taken a fork
2355 190 is sleeping
2355 103 is thinking
2355 101 has taken a fork
2355 99 has taken a fork
2356 82 has taken a fork
2356 85 is eating
2357 195 is sleeping
2357 115 has taken a fork
2357 96 has taken a fork
2358 100 is thinking
2358 101 has taken a fork
2358 82 is eating
2358 99 is eating
2358 102 has taken a fork
2359 115 has taken a fork
2359 96 has taken a fork
2359 111 is thinking
2359 107 is thinking
2359 101 is eating
2360 102 has taken a fork
2360 115 is eating
2361 106 is thinking
2361 100 has taken a fork
2361 103 has taken a fork
2361 96 is eating
2361 102 is eating
2361 98 is thinking
2362 108 is thinking
2362 104 is thinking
2363 117 is thinking
2363 113 is thinking
2363 139 is thinking
2364 100 has taken a fork
2364 103 has taken a fork
2364 111 has taken a fork
2365 107 has taken a fork
2365 106 has taken a fork
2366 100 is eating
2366 118 is thinking
2367 103 is eating
2368 98 has taken a fork
2368 111 has taken a fork
2368 124 is thinking
2368 107 has taken a fork
2369 106 has taken a fork
2369 109 is thinking
2369 119 is thinking
2369 114 is thinking
2369 108 has taken a fork
2369 104 has taken a fork
2370 113 has taken a fork
2370 139 has taken a fork
2370 117 has taken a fork
2371 98 has taken a fork
2371 111 is eating
2372 107 is eating
2373 106 is eating
2373 116 is thinking
2373 126 is thinking
2374 118 has taken a fork
2374 108 has taken a fork
2375 104 has taken a fork
2375 113 has taken a fork
2375 139 has taken a fork
2375 130 is thinking
2375 124 has taken a fork
2375 117 has taken a fork
2375 109 has taken a fork
2375 98 is eating
2375 114 has taken a fork
2375 133 is thinking
2375 137 is thinking
2375 110 is thinking
2375 123 is thinking
2375 128 is thinking
2375 119 has taken a fork
2375 121 is thinking
2376 131 is thinking
2376 120 is thinking
2376 118 has taken a fork
2377 108 is eating
2377 104 is eating
2377 113 is eating
2377 139 is eating
2377 124 has taken a fork
2377 117 is eating
2377 109 has taken a fork
2377 116 has taken a fork
2377 114 has taken a fork
2378 126 has taken a fork
2378 130 has taken a fork
2378 119 has taken a fork
2378 127 is thinking
2378 132 is thinking
2378 125 is thinking
2378 118 is eating
2379 133 has taken a fork
2379 137 has taken a fork
2379 110 has taken a fork
2380 124 is eating
2380 109 is eating
2380 123 has taken a fork
2381 128 has taken a fork
2381 116 has taken a fork
2381 114 is eating
2381 121 has taken a fork
2381 145 is thinking
2381 126 has taken a fork
2381 130 has taken a fork
2381 119 is eating
2381 144 is thinking
2381 129 is thinking
2381 122 is thinking
2381 131 has taken a fork
2381 133 has taken a fork
2381 120 has taken a fork
2381 137 has taken a fork
2381 110 has taken a fork
2381 127 has taken a fork
2381 132 has taken a fork
2381 123 has taken a fork
2381 128 has taken a fork
2381 116 is eating
2381 121 has taken a fork
2381 126 is eating
2381 130 is eating
2381 112 is thinking
2381 131 has taken a fork
2381 133 is eating
2382 120 has taken a fork
2382 136 is thinking
2382 137 is eating
2382 110 is eating
2382 125 has taken a fork
2382 127 has taken a fork
2382 132 has taken a fork
2383 123 is eating
2383 128 is eating
2384 134 is thinking
2384 121 is eating
2384 131 is eating
2384 120 is eating
2385 143 is thinking
2385 125 has taken a fork
2385 127 is eating
2385 140 is thinking
2385 132 is eating
2385 142 is thinking
2385 138 is thinking
2385 149 is thinking
2385 158 is thinking
2385 145 has taken a fork
2386 135 is thinking
2386 144 has taken a fork
2386 129 has taken a fork
2386 122 has taken a fork
2386 112 has taken a fork
2387 125 is eating
2387 136 has taken a fork
2387 145 has taken a fork
2387 144 has taken a fork
2388 134 has taken a fork
2388 143 has taken a fork
2389 140 has taken a fork
2389 129 has taken a fork
2389 142 has taken a fork
2389 122 has taken a fork
2389 112 has taken a fork
2389 153 is thinking
2389 136 has taken a fork
2389 158 has taken a fork
2390 138 has taken a fork
2390 135 has taken a fork
2390 149 has taken a fork
2390 145 is eating
2390 144 is eating
2390 141 is thinking
2390 134 has taken a fork
2390 143 has taken a fork
2391 140 has taken a fork
2391 146 is thinking
2392 161 is thinking
2392 151 is thinking
2392 129 is eating
2392 142 has taken a fork
2392 122 is eating
2392 112 is eating
2393 153 has taken a fork
2393 136 is eating
2393 158 has taken a fork
2393 138 has taken a fork
2393 147 is thinking
2394 135 has taken a fork
2394 149 has taken a fork
2394 141 has taken a fork
2394 134 is eating
2394 143 is eating
2394 162 is thinking
2394 140 is eating
2395 105 is thinking
2395 161 has taken a fork
2395 152 is thinking
2396 146 has taken a fork
2396 142 is eating
2397 154 is thinking
2397 153 has taken a fork
2398 158 is eating
2398 138 is eating
2398 135 is eating
2398 149 is eating
2398 151 has taken a fork
2398 141 has taken a fork
2399 160 is thinking
2399 164 is thinking
2399 165 is thinking
2399 147 has taken a fork
2399 162 has taken a fork
2399 161 has taken a fork
2399 157 is thinking
2399 105 has taken a fork
2400 146 has taken a fork
2400 152 has taken a fork
2401 153 is eating
2401 154 has taken a fork
2401 159 is thinking
2401 151 has taken a fork
2401 141 is eating
2401 160 has taken a fork
2401 164 has taken a fork
2401 165 has taken a fork
2402 147 has taken a fork
2402 162 has taken a fork
2402 161 is eating
2402 157 has taken a fork
2402 105 has taken a fork
2402 150 is thinking
2403 146 is eating
2403 152 has taken a fork
2403 154 has taken a fork
2403 159 has taken a fork
2403 151 is eating
2403 160 has taken a fork
2403 164 has taken a fork
2404 165 has taken a fork
2404 147 is eating
2404 162 is eating
2404 157 has taken a fork
2404 105 is eating
2404 150 has taken a fork
2404 156 is thinking
2404 152 is eating
2405 154 is eating
2405 159 has taken a fork
2405 160 is eating
2405 164 is eating
2405 165 is eating
2405 157 is eating
2405 150 has taken a fork
2405 156 has taken a fork
2405 163 is thinking
2406 159 is eating
2406 150 is eating
2406 156 has taken a fork
2406 173 is thinking
2406 163 has taken a fork
2407 156 is eating
2407 163 has taken a fork
2407 155 is thinking
2407 163 is eating
2408 170 is thinking
2408 173 has taken a fork
2408 173 has taken a fork
2408 173 is eating
2408 175 is thinking
2408 155 has taken a fork
2408 155 has taken a fork
2408 155 is eating
2409 170 has taken a fork
2409 170 has taken a fork
2409 170 is eating
2410 175 has taken a fork
2410 175 has taken a fork
2410 175 is eating
2411 167 is thinking
2413 167 has taken a fork
2413 167 has taken a fork
2413 167 is eating
2420 169 is thinking
2422 168 is thinking
2422 169 has taken a fork
2422 169 has taken a fork
2422 169 is eating
2423 174 is thinking
2423 171 is thinking
2423 166 is thinking
2423 176 is thinking
2424 185 is thinking
2424 168 has taken a fork
2424 168 has taken a fork
2424 168 is eating
2424 178 is thinking
2424 174 has taken a fork
2424 174 has taken a fork
2424 174 is eating
2426 171 has taken a fork
2426 171 has taken a fork
2426 171 is eating
2426 172 is thinking
2427 185 has taken a fork
2427 185 has taken a fork
2427 185 is eating
2427 166 has taken a fork
2427 166 has taken a fork
2427 166 is eating
2427 177 is thinking
2427 176 has taken a fork
2427 176 has taken a fork
2427 176 is eating
2431 189 is thinking
2431 178 has taken a fork
2431 178 has taken a fork
2431 178 is eating
2431 172 has taken a fork
2431 172 has taken a fork
2431 172 is eating
2432 177 has taken a fork
2432 177 has taken a fork
2432 177 is eating
2433 183 is thinking
2433 180 is thinking
2433 189 has taken a fork
2434 189 has taken a fork
2434 189 is eating
2434 183 has taken a fork
2434 183 has taken a fork
2434 183 is eating
2435 148 is thinking
2436 193 is thinking
2436 180 has taken a fork
2436 180 has taken a fork
2436 180 is eating
2438 148 has taken a fork
2438 148 has taken a fork
2438 148 is eating
2438 193 has taken a fork
2438 193 has taken a fork
2438 193 is eating
2439 179 is thinking
2439 179 has taken a fork
2439 179 has taken a fork
2439 179 is eating
2442 196 is thinking
2442 188 is thinking
2443 196 has taken a fork
2443 196 has taken a fork
2443 196 is eating
2443 186 is thinking
2443 194 is thinking
2443 188 has taken a fork
2443 188 has taken a fork
2443 188 is eating
2445 191 is thinking
2445 191 has taken a fork
2445 191 has taken a fork
2445 191 is eating
2446 186 has taken a fork
2446 186 has taken a fork
2446 194 has taken a fork
2448 186 is eating
2449 194 has taken a fork
2449 184 is thinking
2449 181 is thinking
2450 194 is eating
2450 184 has taken a fork
2450 181 has taken a fork
2450 187 is thinking
2450 184 has taken a fork
2450 181 has taken a fork
2450 187 has taken a fork
2450 184 is eating
2451 181 is eating
2451 187 has taken a fork
2451 192 is thinking
2451 187 is eating
2452 182 is thinking
2453 192 has taken a fork
2453 192 has taken a fork
2453 192 is eating
2454 197 is thinking
2454 198 is thinking
2454 182 has taken a fork
2454 182 has taken a fork
2454 182 is eating
2455 190 is thinking
2456 197 has taken a fork
2456 197 has taken a fork
2456 197 is eating
2456 198 has taken a fork
2456 198 has taken a fork
2456 198 is eating
2457 195 is thinking
2457 190 has taken a fork
2457 190 has taken a fork
2457 190 is eating
2458 195 has taken a fork
2458 195 has taken a fork
2458 195 is eating
