1 1 has taken a fork
1 1 has taken a fork
1 1 is eating
1 3 has taken a fork
1 3 has taken a fork
1 3 is eating
1 5 has taken a fork
1 5 has taken a fork
1 5 is eating
2 2 has taken a fork
2 2 has taken a fork
2 2 is eating
2 4 has taken a fork
2 4 has taken a fork
2 4 is eating
2 7 has taken a fork
2 7 has taken a fork
2 7 is eating
3 6 has taken a fork
3 6 has taken a fork
3 6 is eating
3 9 has taken a fork
3 9 has taken a fork
3 9 is eating
4 11 has taken a fork
4 11 has taken a fork
4 11 is eating
4 8 has taken a fork
4 8 has taken a fork
4 8 is eating
4 13 has taken a fork
4 13 has taken a fork
4 13 is eating
5 10 has taken a fork
5 10 has taken a fork
5 10 is eating
5 15 has taken a fork
5 15 has taken a fork
5 15 is eating
5 12 has taken a fork
5 12 has taken a fork
5 12 is eating
5 17 has taken a fork
5 17 has taken a fork
5 17 is eating
5 14 has taken a fork
5 14 has taken a fork
5 14 is eating
6 16 has taken a fork
6 16 has taken a fork
6 16 is eating
6 19 has taken a fork
6 18 has taken a fork
6 19 has taken a fork
7 18 has taken a fork
7 19 is eating
7 18 is eating
7 21 has taken a fork
7 21 has taken a fork
7 21 is eating
8 20 has taken a fork
8 20 has taken a fork
8 20 is eating
8 22 has taken a fork
8 22 has taken a fork
8 22 is eating
9 23 has taken a fork
9 23 has taken a fork
9 23 is eating
11 24 has taken a fork
11 24 has taken a fork
11 24 is eating
11 25 has taken a fork
11 25 has taken a fork
11 25 is eating
13 27 has taken a fork
13 27 has taken a fork
13 27 is eating
14 26 has taken a fork
14 26 has taken a fork
14 26 is eating
14 28 has taken a fork
14 28 has taken a fork
14 28 is eating
14 29 has taken a fork
14 29 has taken a fork
14 29 is eating
15 31 has taken a fork
15 31 has taken a fork
15 31 is eating
16 30 has taken a fork
16 30 has taken a fork
16 30 is eating
17 33 has taken a fork
17 33 has taken a fork
17 33 is eating
17 32 has taken a fork
17 32 has taken a fork
17 32 is eating
17 35 has taken a fork
17 35 has taken a fork
17 35 is eating
18 34 has taken a fork
18 34 has taken a fork
18 34 is eating
19 37 has taken a fork
19 37 has taken a fork
19 37 is eating
20 36 has taken a fork
20 36 has taken a fork
20 36 is eating
21 39 has taken a fork
21 39 has taken a fork
21 39 is eating
21 41 has taken a fork
21 41 has taken a fork
21 41 is eating
22 38 has taken a fork
22 38 has taken a fork
22 38 is eating
22 40 has taken a fork
22 40 has taken a fork
22 40 is eating
22 43 has taken a fork
22 43 has taken a fork
22 43 is eating
23 42 has taken a fork
23 42 has taken a fork
23 42 is eating
23 45 has taken a fork
23 45 has taken a fork
23 45 is eating
23 47 has taken a fork
23 47 has taken a fork
23 47 is eating
24 44 has taken a fork
24 44 has taken a fork
24 44 is eating
24 49 has taken a fork
24 49 has taken a fork
24 49 is eating
24 46 has taken a fork
24 46 has taken a fork
24 46 is eating
25 51 has taken a fork
25 51 has taken a fork
25 51 is eating
25 48 has taken a fork
25 48 has taken a fork
25 48 is eating
26 53 has taken a fork
26 53 has taken a fork
26 53 is eating
26 50 has taken a fork
26 50 has taken a fork
26 50 is eating
26 55 has taken a fork
26 55 has taken a fork
26 55 is eating
26 52 has taken a fork
26 52 has taken a fork
26 52 is eating
26 54 has taken a fork
26 54 has taken a fork
26 54 is eating
27 56 has taken a fork
27 57 has taken a fork
27 56 has taken a fork
27 57 has taken a fork
27 56 is eating
27 57 is eating
28 58 has taken a fork
28 58 has taken a fork
28 58 is eating
28 59 has taken a fork
28 59 has taken a fork
28 59 is eating
29 60 has taken a fork
29 60 has taken a fork
30 60 is eating
30 61 has taken a fork
30 61 has taken a fork
30 61 is eating
30 63 has taken a fork
30 63 has taken a fork
30 63 is eating
31 65 has taken a fork
31 65 has taken a fork
31 65 is eating
31 62 has taken a fork
31 62 has taken a fork
31 62 is eating
31 67 has taken a fork
31 67 has taken a fork
31 67 is eating
32 64 has taken a fork
32 64 has taken a fork
32 64 is eating
32 69 has taken a fork
32 69 has taken a fork
32 69 is eating
32 71 has taken a fork
32 71 has taken a fork
32 71 is eating
33 66 has taken a fork
33 66 has taken a fork
33 66 is eating
33 68 has taken a fork
33 68 has taken a fork
33 73 has taken a fork
33 68 is eating
33 73 has taken a fork
34 73 is eating
34 70 has taken a fork
34 70 has taken a fork
34 70 is eating
34 75 has taken a fork
34 75 has taken a fork
34 75 is eating
34 72 has taken a fork
34 72 has taken a fork
34 72 is eating
34 77 has taken a fork
34 77 has taken a fork
34 77 is eating
35 74 has taken a fork
35 74 has taken a fork
35 74 is eating
35 79 has taken a fork
35 79 has taken a fork
35 79 is eating
36 76 has taken a fork
36 76 has taken a fork
36 76 is eating
36 78 has taken a fork
36 78 has taken a fork
36 78 is eating
37 80 has taken a fork
37 80 has taken a fork
37 80 is eating
37 81 has taken a fork
37 81 has taken a fork
37 81 is eating
39 82 has taken a fork
39 82 has taken a fork
39 82 is eating
40 83 has taken a fork
40 83 has taken a fork
40 83 is eating
40 85 has taken a fork
40 85 has taken a fork
40 85 is eating
41 87 has taken a fork
41 87 has taken a fork
41 87 is eating
41 89 has taken a fork
41 89 has taken a fork
41 89 is eating
42 84 has taken a fork
42 84 has taken a fork
42 84 is eating
42 91 has taken a fork
42 91 has taken a fork
42 91 is eating
42 86 has taken a fork
42 86 has taken a fork
42 86 is eating
43 88 has taken a fork
43 88 has taken a fork
43 88 is eating
43 93 has taken a fork
43 93 has taken a fork
44 90 has taken a fork
44 93 is eating
44 92 has taken a fork
44 90 has taken a fork
44 92 has taken a fork
45 90 is eating
45 92 is eating
46 95 has taken a fork
46 95 has taken a fork
46 95 is eating
46 94 has taken a fork
46 94 has taken a fork
46 94 is eating
47 97 has taken a fork
47 97 has taken a fork
47 97 is eating
47 99 has taken a fork
47 99 has taken a fork
48 96 has taken a fork
48 99 is eating
48 96 has taken a fork
48 96 is eating
48 101 has taken a fork
48 101 has taken a fork
48 101 is eating
49 98 has taken a fork
49 98 has taken a fork
49 98 is eating
101 3 is sleeping
101 103 has taken a fork
102 5 is sleeping
103 103 has taken a fork
103 1 is sleeping
103 105 has taken a fork
105 100 has taken a fork
105 7 is sleeping
105 102 has taken a fork
105 2 is sleeping
111 4 is sleeping
112 106 has taken a fork
113 104 has taken a fork
113 103 is eating
113 9 is sleeping
113 107 has taken a fork
114 6 is sleeping
114 13 is sleeping
115 109 has taken a fork
115 10 is sleeping
116 12 is sleeping
116 105 has taken a fork
116 100 has taken a fork
116 108 has taken a fork
116 111 has taken a fork
116 113 has taken a fork
116 102 has taken a fork
116 18 is sleeping
116 115 has taken a fork
116 21 is sleeping
117 112 has taken a fork
117 8 is sleeping
117 114 has taken a fork
119 15 is sleeping
119 22 is sleeping
119 14 is sleeping
120 23 is sleeping
121 117 has taken a fork
121 116 has taken a fork
121 24 is sleeping
122 118 has taken a fork
122 25 is sleeping
123 121 has taken a fork
123 119 has taken a fork
123 106 has taken a fork
123 104 has taken a fork
123 27 is sleeping
123 123 has taken a fork
123 107 has taken a fork
123 29 is sleeping
123 28 is sleeping
123 26 is sleeping
123 120 has taken a fork
124 125 has taken a fork
124 122 has taken a fork
124 109 has taken a fork
124 31 is sleeping
124 127 has taken a fork
125 30 is sleeping
125 17 is sleeping
127 124 has taken a fork
127 129 has taken a fork
128 105 is eating
128 100 is eating
128 108 has taken a fork
128 111 has taken a fork
128 113 has taken a fork
128 102 is eating
128 115 has taken a fork
129 112 has taken a fork
129 32 is sleeping
129 126 has taken a fork
129 110 has taken a fork
129 114 has taken a fork
130 34 is sleeping
130 33 is sleeping
130 35 is sleeping
130 131 has taken a fork
130 128 has taken a fork
130 133 has taken a fork
130 135 has taken a fork
131 11 is sleeping
132 37 is sleeping
133 130 has taken a fork
134 20 is sleeping
134 137 has taken a fork
146 36 is sleeping
146 132 has taken a fork
146 39 is sleeping
146 117 has taken a fork
147 41 is sleeping
147 139 has taken a fork
147 116 has taken a fork
147 134 has taken a fork
148 38 is sleeping
148 118 has taken a fork
149 43 is sleeping
149 136 has taken a fork
149 138 has taken a fork
149 141 has taken a fork
149 121 has taken a fork
149 45 is sleeping
151 42 is sleeping
151 47 is sleeping
151 119 has taken a fork
151 140 has taken a fork
151 142 has taken a fork
151 143 has taken a fork
151 106 is eating
151 104 is eating
151 123 has taken a fork
151 107 is eating
151 40 is sleeping
151 120 has taken a fork
151 125 has taken a fork
152 46 is sleeping
153 44 is sleeping
153 122 has taken a fork
154 49 is sleeping
154 144 has taken a fork
154 145 has taken a fork
154 109 is eating
154 146 has taken a fork
154 127 has taken a fork
154 51 is sleeping
156 48 is sleeping
157 147 has taken a fork
157 149 has taken a fork
157 52 is sleeping
157 148 has taken a fork
157 19 is sleeping
158 150 has taken a fork
160 54 is sleeping
160 151 has taken a fork
161 53 is sleeping
161 152 has taken a fork
161 56 is sleeping
161 50 is sleeping
161 153 has taken a fork
161 55 is sleeping
162 57 is sleeping
162 154 has taken a fork
162 155 has taken a fork
162 157 has taken a fork
162 124 has taken a fork
162 129 has taken a fork
162 58 is sleeping
162 59 is sleeping
162 159 has taken a fork
162 156 has taken a fork
162 108 is eating
163 111 is eating
163 113 is eating
163 16 is sleeping
163 158 has taken a fork
163 115 is eating
163 112 is eating
163 126 has taken a fork
163 110 has taken a fork
163 114 is eating
164 63 is sleeping
164 163 has taken a fork
164 60 is sleeping
164 131 has taken a fork
166 61 is sleeping
166 161 has taken a fork
166 128 has taken a fork
166 160 has taken a fork
166 133 has taken a fork
166 135 has taken a fork
167 65 is sleeping
167 165 has taken a fork
168 67 is sleeping
168 164 has taken a fork
172 62 is sleeping
172 167 has taken a fork
173 64 is sleeping
175 71 is sleeping
177 69 is sleeping
177 166 has taken a fork
177 169 has taken a fork
177 162 has taken a fork
179 66 is sleeping
179 68 is sleeping
179 168 has taken a fork
179 130 has taken a fork
180 171 has taken a fork
181 77 is sleeping
181 72 is sleeping
182 75 is sleeping
183 73 is sleeping
183 70 is sleeping
184 170 has taken a fork
184 173 has taken a fork
184 177 has taken a fork
184 175 has taken a fork
184 172 has taken a fork
185 74 is sleeping
185 76 is sleeping
186 174 has taken a fork
186 179 has taken a fork
186 78 is sleeping
186 176 has taken a fork
187 81 is sleeping
187 80 is sleeping
187 181 has taken a fork
187 178 has taken a fork
189 82 is sleeping
189 180 has taken a fork
190 85 is sleeping
191 83 is sleeping
191 184 has taken a fork
191 182 has taken a fork
193 87 is sleeping
194 89 is sleeping
194 187 has taken a fork
194 186 has taken a fork
194 91 is sleeping
195 86 is sleeping
196 84 is sleeping
200 88 is sleeping
200 190 has taken a fork
200 191 has taken a fork
201 92 is sleeping
202 90 is sleeping
202 193 has taken a fork
203 93 is sleeping
203 195 has taken a fork
203 192 has taken a fork
203 189 has taken a fork
204 94 is sleeping
204 197 has taken a fork
205 95 is sleeping
205 137 has taken a fork
205 196 has taken a fork
205 132 has taken a fork
205 117 is eating
205 139 has taken a fork
206 97 is sleeping
206 134 has taken a fork
206 194 has taken a fork
206 199 has taken a fork
206 99 is sleeping
206 96 is sleeping
206 118 is eating
206 198 has taken a fork
207 98 is sleeping
208 101 is sleeping
208 136 has taken a fork
208 138 has taken a fork
208 183 has taken a fork
208 185 has taken a fork
208 141 has taken a fork
208 121 is eating
208 188 has taken a fork
208 116 is eating
208 200 has taken a fork
208 79 is sleeping
208 119 is eating
208 140 has taken a fork
208 142 has taken a fork
208 143 has taken a fork
209 123 is eating
209 120 is eating
209 125 is eating
209 122 is eating
209 144 has taken a fork
209 145 has taken a fork
209 146 has taken a fork
209 127 is eating
209 147 has taken a fork
209 149 has taken a fork
209 148 has taken a fork
209 150 has taken a fork
209 151 has taken a fork
210 152 has taken a fork
210 153 has taken a fork
210 154 has taken a fork
210 155 has taken a fork
210 157 has taken a fork
210 124 is eating
210 129 is eating
210 159 has taken a fork
210 156 has taken a fork
210 158 has taken a fork
210 126 is eating
210 110 is eating
210 163 has taken a fork
210 131 is eating
211 161 has taken a fork
211 128 is eating
211 160 has taken a fork
211 133 is eating
211 135 is eating
211 165 has taken a fork
211 164 has taken a fork
211 167 has taken a fork
212 166 has taken a fork
212 169 has taken a fork
212 162 has taken a fork
212 168 has taken a fork
212 130 is eating
212 171 has taken a fork
212 170 has taken a fork
212 173 has taken a fork
212 177 has taken a fork
212 175 has taken a fork
212 172 has taken a fork
212 174 has taken a fork
212 179 has taken a fork
212 176 has taken a fork
213 181 has taken a fork
213 178 has taken a fork
213 180 has taken a fork
213 184 has taken a fork
213 182 has taken a fork
213 187 has taken a fork
213 186 has taken a fork
213 190 has taken a fork
213 191 has taken a fork
213 3 is thinking
213 5 is thinking
213 193 has taken a fork
213 195 has taken a fork
213 192 has taken a fork
214 189 has taken a fork
218 1 is thinking
218 197 has taken a fork
218 137 is eating
219 196 has taken a fork
219 132 is eating
219 139 is eating
219 134 is eating
219 194 has taken a fork
219 199 has taken a fork
220 7 is thinking
220 198 has taken a fork
223 103 is sleeping
223 136 is eating
224 183 has taken a fork
224 138 is eating
224 185 has taken a fork
224 141 is eating
226 2 is thinking
226 188 has taken a fork
226 200 has taken a fork
226 140 is eating
226 142 is eating
227 143 is eating
227 144 is eating
227 145 is eating
227 146 is eating
227 147 is eating
227 149 is eating
227 148 is eating
227 151 is eating
227 152 is eating
227 150 is eating
227 153 is eating
227 154 is eating
227 155 is eating
228 157 is eating
228 159 is eating
228 156 is eating
228 158 is eating
228 163 is eating
228 161 is eating
229 160 is eating
229 165 is eating
229 164 is eating
229 167 is eating
229 166 is eating
230 169 is eating
231 4 is thinking
231 162 is eating
231 168 is eating
231 171 is eating
231 170 is eating
231 173 is eating
231 177 is eating
231 175 is eating
232 172 is eating
232 174 is eating
232 179 is eating
232 176 is eating
232 181 is eating
232 178 is eating
232 180 is eating
232 184 is eating
232 182 is eating
233 187 is eating
233 186 is eating
233 190 is eating
233 191 is eating
233 3 has taken a fork
234 193 is eating
235 195 is eating
235 192 is eating
235 189 is eating
236 100 is sleeping
239 102 is sleeping
240 105 is sleeping
246 5 has taken a fork
248 9 is thinking
249 21 is thinking
252 18 is thinking
252 10 is thinking
253 13 is thinking
254 12 is thinking
256 8 is thinking
257 1 has taken a fork
258 197 is eating
258 196 is eating
259 15 is thinking
259 14 is thinking
259 194 is eating
260 199 is eating
261 6 is thinking
262 22 is thinking
265 23 is thinking
267 7 has taken a fork
268 198 is eating
269 24 is thinking
269 29 is thinking
270 26 is thinking
272 27 is thinking
273 25 is thinking
276 28 is thinking
276 183 is eating
276 185 is eating
278 31 is thinking
278 188 is eating
278 200 is eating
282 106 is sleeping
283 104 is sleeping
283 107 is sleeping
283 17 is thinking
283 2 has taken a fork
283 109 is sleeping
283 4 has taken a fork
284 33 is thinking
284 34 is thinking
284 35 is thinking
284 32 is thinking
284 11 is thinking
284 30 is thinking
284 108 is sleeping
285 111 is sleeping
285 37 is thinking
285 115 is sleeping
285 112 is sleeping
285 3 has taken a fork
285 20 is thinking
285 114 is sleeping
286 113 is sleeping
286 5 has taken a fork
286 39 is thinking
286 36 is thinking
286 41 is thinking
286 38 is thinking
286 9 has taken a fork
286 43 is thinking
286 21 has taken a fork
286 47 is thinking
287 42 is thinking
288 40 is thinking
288 45 is thinking
289 18 has taken a fork
290 10 has taken a fork
290 44 is thinking
290 13 has taken a fork
291 12 has taken a fork
291 46 is thinking
291 51 is thinking
291 8 has taken a fork
291 49 is thinking
291 52 is thinking
291 48 is thinking
292 1 has taken a fork
292 117 is sleeping
294 19 is thinking
294 15 has taken a fork
294 118 is sleeping
294 14 has taken a fork
294 116 is sleeping
294 54 is thinking
295 119 is sleeping
295 121 is sleeping
295 123 is sleeping
296 6 has taken a fork
296 50 is thinking
297 55 is thinking
298 56 is thinking
298 53 is thinking
298 122 is sleeping
298 120 is sleeping
298 127 is sleeping
298 125 is sleeping
299 22 has taken a fork
300 57 is thinking
300 124 is sleeping
300 59 is thinking
300 58 is thinking
300 129 is sleeping
301 110 is sleeping
301 126 is sleeping
301 128 is sleeping
301 16 is thinking
301 23 has taken a fork
302 131 is sleeping
302 63 is thinking
302 60 is thinking
302 135 is sleeping
304 133 is sleeping
305 130 is sleeping
305 65 is thinking
305 61 is thinking
305 7 has taken a fork
305 137 is sleeping
305 67 is thinking
305 24 has taken a fork
306 29 has taken a fork
306 139 is sleeping
306 132 is sleeping
306 134 is sleeping
306 26 has taken a fork
306 62 is thinking
307 27 has taken a fork
307 136 is sleeping
307 141 is sleeping
307 25 has taken a fork
307 138 is sleeping
307 142 is sleeping
307 140 is sleeping
308 143 is sleeping
309 64 is thinking
309 71 is thinking
310 28 has taken a fork
310 149 is sleeping
310 145 is sleeping
310 154 is sleeping
310 151 is sleeping
310 148 is sleeping
310 153 is sleeping
310 150 is sleeping
310 147 is sleeping
310 69 is thinking
310 144 is sleeping
311 31 has taken a fork
311 155 is sleeping
311 158 is sleeping
311 159 is sleeping
311 157 is sleeping
311 156 is sleeping
311 152 is sleeping
312 163 is sleeping
312 161 is sleeping
312 68 is thinking
312 66 is thinking
312 164 is sleeping
312 165 is sleeping
313 160 is sleeping
314 167 is sleeping
314 169 is sleeping
314 166 is sleeping
315 146 is sleeping
315 77 is thinking
315 72 is thinking
315 75 is thinking
316 168 is sleeping
316 171 is sleeping
316 162 is sleeping
316 173 is sleeping
317 73 is thinking
317 177 is sleeping
317 172 is sleeping
317 170 is sleeping
317 175 is sleeping
317 2 has taken a fork
319 17 has taken a fork
323 4 has taken a fork
323 179 is sleeping
324 176 is sleeping
325 33 has taken a fork
325 70 is thinking
327 174 is sleeping
327 34 has taken a fork
327 35 has taken a fork
327 32 has taken a fork
330 11 has taken a fork
330 30 has taken a fork
330 181 is sleeping
331 178 is sleeping
331 76 is thinking
331 74 is thinking
331 37 has taken a fork
332 3 is eating
333 20 has taken a fork
335 5 is eating
335 39 has taken a fork
335 36 has taken a fork
335 180 is sleeping
335 182 is sleeping
335 41 has taken a fork
336 184 is sleeping
337 38 has taken a fork
337 78 is thinking
338 9 has taken a fork
339 43 has taken a fork
339 21 has taken a fork
339 47 has taken a fork
339 187 is sleeping
339 80 is thinking
339 81 is thinking
341 42 has taken a fork
341 186 is sleeping
341 190 is sleeping
341 191 is sleeping
342 40 has taken a fork
343 45 has taken a fork
343 82 is thinking
343 195 is sleeping
343 193 is sleeping
343 192 is sleeping
343 85 is thinking
344 189 is sleeping
345 18 has taken a fork
345 10 has taken a fork
345 44 has taken a fork
347 13 has taken a fork
347 12 has taken a fork
348 46 has taken a fork
348 51 has taken a fork
348 8 has taken a fork
348 49 has taken a fork
348 83 is thinking
348 52 has taken a fork
349 48 has taken a fork
349 1 is eating
349 87 is thinking
349 19 has taken a fork
349 91 is thinking
349 89 is thinking
350 15 has taken a fork
352 14 has taken a fork
352 54 has taken a fork
353 86 is thinking
354 6 has taken a fork
355 50 has taken a fork
356 84 is thinking
358 55 has taken a fork
359 56 has taken a fork
359 53 has taken a fork
363 22 has taken a fork
364 57 has taken a fork
365 88 is thinking
366 59 has taken a fork
367 58 has taken a fork
367 92 is thinking
369 23 has taken a fork
369 16 has taken a fork
369 197 is sleeping
369 196 is sleeping
370 90 is thinking
370 63 has taken a fork
371 60 has taken a fork
371 93 is thinking
371 199 is sleeping
371 94 is thinking
371 194 is sleeping
372 95 is thinking
372 65 has taken a fork
373 61 has taken a fork
373 7 is eating
373 24 has taken a fork
374 67 has taken a fork
374 97 is thinking
374 99 is thinking
375 29 has taken a fork
377 26 has taken a fork
377 62 has taken a fork
378 98 is thinking
381 27 has taken a fork
383 25 has taken a fork
383 198 is sleeping
384 96 is thinking
385 101 is thinking
388 64 has taken a fork
389 79 is thinking
389 71 has taken a fork
390 28 has taken a fork
391 69 has taken a fork
392 31 has taken a fork
392 68 has taken a fork
394 66 has taken a fork
394 183 is sleeping
394 185 is sleeping
394 188 is sleeping
394 200 is sleeping
395 77 has taken a fork
396 72 has taken a fork
396 75 has taken a fork
397 73 has taken a fork
397 2 is eating
397 17 has taken a fork
397 4 is eating
397 103 is thinking
397 33 has taken a fork
397 70 has taken a fork
397 34 has taken a fork
397 35 has taken a fork
397 32 has taken a fork
397 11 has taken a fork
397 30 has taken a fork
397 76 has taken a fork
397 74 has taken a fork
397 37 has taken a fork
397 20 has taken a fork
397 39 has taken a fork
398 36 has taken a fork
398 41 has taken a fork
398 38 has taken a fork
398 100 is thinking
398 78 has taken a fork
398 9 is eating
398 43 has taken a fork
398 21 is eating
398 47 has taken a fork
398 102 is thinking
398 80 has taken a fork
398 81 has taken a fork
398 42 has taken a fork
398 40 has taken a fork
398 45 has taken a fork
398 82 has taken a fork
398 85 has taken a fork
398 105 is thinking
398 18 is eating
398 10 is eating
398 44 has taken a fork
399 13 is eating
399 12 is eating
399 46 has taken a fork
399 51 has taken a fork
399 8 is eating
399 49 has taken a fork
399 83 has taken a fork
399 52 has taken a fork
399 48 has taken a fork
399 87 has taken a fork
399 19 has taken a fork
399 91 has taken a fork
399 89 has taken a fork
399 15 is eating
400 14 is eating
400 54 has taken a fork
400 86 has taken a fork
400 6 is eating
400 50 has taken a fork
400 84 has taken a fork
400 55 has taken a fork
400 56 has taken a fork
400 53 has taken a fork
400 22 is eating
400 57 has taken a fork
400 88 has taken a fork
400 59 has taken a fork
400 58 has taken a fork
401 92 has taken a fork
401 23 is eating
401 16 has taken a fork
401 90 has taken a fork
401 63 has taken a fork
401 60 has taken a fork
401 93 has taken a fork
401 94 has taken a fork
401 95 has taken a fork
401 65 has taken a fork
401 61 has taken a fork
401 3 is sleeping
402 24 is eating
402 67 has taken a fork
402 97 has taken a fork
402 99 has taken a fork
402 29 is eating
403 26 is eating
403 62 has taken a fork
403 5 is sleeping
403 98 has taken a fork
403 27 is eating
403 25 is eating
405 109 is thinking
405 104 is thinking
406 106 is thinking
407 107 is thinking
407 96 has taken a fork
407 101 has taken a fork
407 64 has taken a fork
408 79 has taken a fork
408 1 is sleeping
409 114 is thinking
410 112 is thinking
410 113 is thinking
412 115 is thinking
412 108 is thinking
412 111 is thinking
412 71 has taken a fork
412 28 is eating
412 69 has taken a fork
412 117 is thinking
412 31 is eating
412 68 has taken a fork
412 66 has taken a fork
413 116 is thinking
413 77 has taken a fork
413 119 is thinking
413 118 is thinking
413 121 is thinking
413 72 has taken a fork
413 123 is thinking
413 75 has taken a fork
413 73 has taken a fork
413 7 is sleeping
413 17 is eating
413 103 has taken a fork
413 33 is eating
413 70 has taken a fork
413 34 is eating
413 35 is eating
414 32 is eating
414 11 is eating
414 30 is eating
414 76 has taken a fork
414 74 has taken a fork
414 37 is eating
414 20 is eating
414 39 is eating
414 36 is eating
415 127 is thinking
415 41 is eating
415 38 is eating
415 100 has taken a fork
415 78 has taken a fork
415 43 is eating
415 47 is eating
415 102 has taken a fork
415 80 has taken a fork
415 81 has taken a fork
415 42 is eating
415 40 is eating
415 45 is eating
415 82 has taken a fork
415 85 has taken a fork
417 120 is thinking
417 122 is thinking
417 105 has taken a fork
418 125 is thinking
418 44 is eating
418 46 is eating
418 51 is eating
418 49 is eating
418 83 has taken a fork
418 48 is eating
418 52 is eating
418 87 has taken a fork
418 19 is eating
418 91 has taken a fork
418 89 has taken a fork
418 124 is thinking
418 54 is eating
418 86 has taken a fork
418 50 is eating
418 84 has taken a fork
418 55 is eating
418 56 is eating
418 53 is eating
418 57 is eating
420 88 has taken a fork
420 59 is eating
420 58 is eating
420 92 has taken a fork
421 128 is thinking
421 16 is eating
421 90 has taken a fork
421 63 is eating
421 60 is eating
421 93 has taken a fork
421 94 has taken a fork
422 110 is thinking
422 126 is thinking
422 129 is thinking
422 95 has taken a fork
422 65 is eating
422 61 is eating
422 67 is eating
422 131 is thinking
422 97 has taken a fork
422 99 has taken a fork
422 62 is eating
424 135 is thinking
424 98 has taken a fork
424 133 is thinking
426 130 is thinking
426 137 is thinking
426 139 is thinking
426 134 is thinking
426 132 is thinking
426 141 is thinking
426 138 is thinking
429 136 is thinking
430 96 has taken a fork
430 101 has taken a fork
430 64 is eating
430 79 has taken a fork
432 143 is thinking
436 140 is thinking
441 142 is thinking
441 153 is thinking
441 147 is thinking
441 148 is thinking
443 151 is thinking
443 150 is thinking
443 144 is thinking
443 156 is thinking
443 152 is thinking
443 163 is thinking
445 154 is thinking
447 157 is thinking
449 158 is thinking
449 165 is thinking
451 155 is thinking
451 161 is thinking
451 159 is thinking
451 145 is thinking
451 149 is thinking
451 164 is thinking
451 71 is eating
451 69 is eating
451 68 is eating
451 66 is eating
451 160 is thinking
451 2 is sleeping
451 109 has taken a fork
451 77 is eating
452 72 is eating
452 75 is eating
452 73 is eating
452 103 has taken a fork
452 70 is eating
452 4 is sleeping
452 76 is eating
452 74 is eating
452 167 is thinking
453 104 has taken a fork
454 166 is thinking
454 169 is thinking
454 146 is thinking
454 100 has taken a fork
454 78 is eating
454 102 has taken a fork
454 80 is eating
454 81 is eating
454 82 is eating
454 85 is eating
455 162 is thinking
455 175 is thinking
456 105 has taken a fork
456 168 is thinking
456 177 is thinking
456 172 is thinking
457 170 is thinking
458 173 is thinking
458 171 is thinking
458 83 is eating
458 87 is eating
458 89 is eating
458 91 is eating
458 86 is eating
458 84 is eating
458 88 is eating
458 92 is eating
458 90 is eating
458 93 is eating
458 94 is eating
458 95 is eating
458 97 is eating
459 99 is eating
459 9 is sleeping
459 21 is sleeping
459 176 is thinking
459 98 is eating
459 10 is sleeping
459 18 is sleeping
460 13 is sleeping
461 114 has taken a fork
463 112 has taken a fork
466 113 has taken a fork
468 106 has taken a fork
471 107 has taken a fork
472 179 is thinking
472 12 is sleeping
472 174 is thinking
472 8 is sleeping
472 15 is sleeping
472 115 has taken a fork
472 108 has taken a fork
472 96 is eating
473 117 has taken a fork
473 181 is thinking
473 101 is eating
473 14 is sleeping
473 79 is eating
473 22 is sleeping
473 6 is sleeping
474 116 has taken a fork
475 178 is thinking
475 119 has taken a fork
476 111 has taken a fork
477 23 is sleeping
477 118 has taken a fork
477 29 is sleeping
477 121 has taken a fork
477 24 is sleeping
477 184 is thinking
478 182 is thinking
478 180 is thinking
478 26 is sleeping
479 127 has taken a fork
479 27 is sleeping
479 25 is sleeping
479 122 has taken a fork
480 123 has taken a fork
482 120 has taken a fork
482 186 is thinking
484 187 is thinking
485 191 is thinking
486 190 is thinking
486 193 is thinking
487 195 is thinking
488 192 is thinking
488 28 is sleeping
488 189 is thinking
488 31 is sleeping
489 124 has taken a fork
491 125 has taken a fork
491 17 is sleeping
491 35 is sleeping
491 34 is sleeping
491 30 is sleeping
491 33 is sleeping
491 32 is sleeping
491 128 has taken a fork
492 11 is sleeping
492 133 has taken a fork
493 131 has taken a fork
493 110 has taken a fork
494 126 has taken a fork
496 129 has taken a fork
496 135 has taken a fork
496 36 is sleeping
496 37 is sleeping
496 39 is sleeping
496 20 is sleeping
497 139 has taken a fork
501 137 has taken a fork
502 134 has taken a fork
503 130 has taken a fork
503 38 is sleeping
503 41 is sleeping
503 43 is sleeping
503 42 is sleeping
503 47 is sleeping
504 141 has taken a fork
504 138 has taken a fork
505 132 has taken a fork
505 136 has taken a fork
505 143 has taken a fork
507 109 has taken a fork
507 45 is sleeping
507 40 is sleeping
508 103 is eating
510 140 has taken a fork
513 142 has taken a fork
514 104 has taken a fork
514 44 is sleeping
519 153 has taken a fork
521 100 is eating
521 102 is eating
521 49 is sleeping
523 46 is sleeping
523 51 is sleeping
524 52 is sleeping
524 48 is sleeping
524 147 has taken a fork
524 148 has taken a fork
524 151 has taken a fork
524 150 has taken a fork
524 144 has taken a fork
525 54 is sleeping
525 105 is eating
526 19 is sleeping
526 156 has taken a fork
526 152 has taken a fork
526 50 is sleeping
526 163 has taken a fork
526 55 is sleeping
526 56 is sleeping
526 53 is sleeping
527 157 has taken a fork
527 154 has taken a fork
529 158 has taken a fork
529 59 is sleeping
530 58 is sleeping
530 57 is sleeping
530 165 has taken a fork
531 16 is sleeping
531 114 has taken a fork
531 155 has taken a fork
532 161 has taken a fork
532 63 is sleeping
533 60 is sleeping
534 112 has taken a fork
534 159 has taken a fork
537 145 has taken a fork
538 149 has taken a fork
539 62 is sleeping
539 61 is sleeping
540 67 is sleeping
541 65 is sleeping
541 160 has taken a fork
541 167 has taken a fork
541 166 has taken a fork
541 164 has taken a fork
541 113 has taken a fork
541 106 has taken a fork
543 64 is sleeping
544 194 is thinking
544 199 is thinking
546 196 is thinking
546 197 is thinking
547 169 has taken a fork
548 107 has taken a fork
548 115 has taken a fork
549 108 has taken a fork
549 117 has taken a fork
549 116 has taken a fork
549 119 has taken a fork
550 111 has taken a fork
550 118 has taken a fork
550 121 has taken a fork
551 127 has taken a fork
552 122 has taken a fork
554 123 has taken a fork
555 69 is sleeping
555 71 is sleeping
555 146 has taken a fork
555 68 is sleeping
556 66 is sleeping
556 175 has taken a fork
557 120 has taken a fork
557 162 has taken a fork
557 75 is sleeping
558 77 is sleeping
559 72 is sleeping
560 198 is thinking
561 168 has taken a fork
562 177 has taken a fork
562 170 has taken a fork
564 172 has taken a fork
565 73 is sleeping
567 173 has taken a fork
569 70 is sleeping
569 124 has taken a fork
570 171 has taken a fork
571 125 has taken a fork
571 128 has taken a fork
572 74 is sleeping
572 76 is sleeping
572 133 has taken a fork
573 131 has taken a fork
574 176 has taken a fork
575 110 has taken a fork
576 179 has taken a fork
577 183 is thinking
578 185 is thinking
578 126 has taken a fork
578 188 is thinking
578 200 is thinking
578 78 is sleeping
579 174 has taken a fork
581 129 has taken a fork
581 135 has taken a fork
582 139 has taken a fork
585 80 is sleeping
586 81 is sleeping
586 178 has taken a fork
588 85 is sleeping
590 82 is sleeping
591 3 is thinking
591 137 has taken a fork
591 181 has taken a fork
593 184 has taken a fork
594 134 has taken a fork
596 182 has taken a fork
598 83 is sleeping
599 5 is thinking
599 130 has taken a fork
599 180 has taken a fork
599 91 is sleeping
600 89 is sleeping
606 87 is sleeping
607 187 has taken a fork
609 191 has taken a fork
610 141 has taken a fork
610 138 has taken a fork
611 186 has taken a fork
611 132 has taken a fork
611 136 has taken a fork
611 143 has taken a fork
611 86 is sleeping
611 84 is sleeping
611 109 is eating
611 190 has taken a fork
611 193 has taken a fork
612 1 is thinking
613 140 has taken a fork
614 88 is sleeping
614 195 has taken a fork
615 7 is thinking
616 92 is sleeping
616 192 has taken a fork
618 90 is sleeping
618 189 has taken a fork
621 142 has taken a fork
622 104 is eating
622 93 is sleeping
623 153 has taken a fork
623 95 is sleeping
623 98 is sleeping
623 99 is sleeping
624 97 is sleeping
624 94 is sleeping
624 147 has taken a fork
625 148 has taken a fork
627 151 has taken a fork
627 150 has taken a fork
627 144 has taken a fork
628 156 has taken a fork
629 152 has taken a fork
630 163 has taken a fork
630 157 has taken a fork
631 154 has taken a fork
631 96 is sleeping
631 158 has taken a fork
631 101 is sleeping
633 165 has taken a fork
633 79 is sleeping
633 114 is eating
633 155 has taken a fork
633 161 has taken a fork
633 112 is eating
633 159 has taken a fork
633 145 has taken a fork
633 149 has taken a fork
633 160 has taken a fork
633 167 has taken a fork
637 166 has taken a fork
638 164 has taken a fork
639 113 is eating
639 106 is eating
639 194 has taken a fork
639 199 has taken a fork
640 196 has taken a fork
640 197 has taken a fork
641 169 has taken a fork
641 107 is eating
641 115 is eating
641 108 is eating
641 117 is eating
642 116 is eating
642 119 is eating
642 111 is eating
642 118 is eating
642 121 is eating
642 127 is eating
645 2 is thinking
646 122 is eating
646 103 is sleeping
647 123 is eating
647 4 is thinking
647 146 has taken a fork
647 175 has taken a fork
647 120 is eating
647 162 has taken a fork
647 10 is thinking
648 18 is thinking
652 9 is thinking
653 21 is thinking
653 102 is sleeping
654 13 is thinking
654 100 is sleeping
654 198 has taken a fork
654 168 has taken a fork
654 105 is sleeping
655 177 has taken a fork
655 170 has taken a fork
655 172 has taken a fork
656 173 has taken a fork
656 124 is eating
659 171 has taken a fork
659 125 is eating
659 128 is eating
659 8 is thinking
659 133 is eating
659 22 is thinking
659 6 is thinking
659 14 is thinking
659 15 is thinking
659 12 is thinking
659 131 is eating
659 176 has taken a fork
659 110 is eating
659 179 has taken a fork
659 23 is thinking
659 24 is thinking
659 183 has taken a fork
661 29 is thinking
661 185 has taken a fork
661 126 is eating
662 188 has taken a fork
662 200 has taken a fork
662 26 is thinking
662 174 has taken a fork
662 129 is eating
662 135 is eating
663 25 is thinking
663 27 is thinking
663 139 is eating
663 178 has taken a fork
663 28 is thinking
663 31 is thinking
663 17 is thinking
664 3 has taken a fork
664 35 is thinking
666 30 is thinking
666 32 is thinking
667 34 is thinking
668 33 is thinking
668 137 is eating
669 181 has taken a fork
670 11 is thinking
670 184 has taken a fork
670 134 is eating
670 20 is thinking
670 182 has taken a fork
670 37 is thinking
671 39 is thinking
671 36 is thinking
671 5 has taken a fork
671 130 is eating
672 180 has taken a fork
672 43 is thinking
673 38 is thinking
673 42 is thinking
673 47 is thinking
674 41 is thinking
674 187 has taken a fork
674 40 is thinking
676 45 is thinking
676 191 has taken a fork
676 141 is eating
676 138 is eating
677 186 has taken a fork
677 132 is eating
677 136 is eating
677 143 is eating
677 190 has taken a fork
677 193 has taken a fork
677 109 is sleeping
677 1 has taken a fork
678 140 is eating
678 195 has taken a fork
679 44 is thinking
679 7 has taken a fork
680 192 has taken a fork
680 189 has taken a fork
680 142 is eating
681 49 is thinking
681 104 is sleeping
681 153 is eating
681 51 is thinking
681 46 is thinking
681 48 is thinking
681 52 is thinking
681 147 is eating
681 54 is thinking
681 148 is eating
681 55 is thinking
682 53 is thinking
684 56 is thinking
684 19 is thinking
684 151 is eating
684 150 is eating
684 144 is eating
684 156 is eating
685 50 is thinking
685 152 is eating
685 163 is eating
686 59 is thinking
687 58 is thinking
687 57 is thinking
688 157 is eating
688 16 is thinking
688 154 is eating
690 158 is eating
691 63 is thinking
692 60 is thinking
692 165 is eating
692 114 is sleeping
693 155 is eating
693 161 is eating
693 112 is sleeping
693 159 is eating
693 145 is eating
693 149 is eating
693 160 is eating
693 167 is eating
694 166 is eating
695 164 is eating
695 113 is sleeping
695 106 is sleeping
695 194 has taken a fork
696 62 is thinking
696 61 is thinking
696 199 has taken a fork
696 67 is thinking
696 196 has taken a fork
697 197 has taken a fork
698 65 is thinking
698 169 is eating
698 107 is sleeping
698 115 is sleeping
698 108 is sleeping
698 117 is sleeping
698 116 is sleeping
698 119 is sleeping
698 111 is sleeping
698 118 is sleeping
698 121 is sleeping
698 127 is sleeping
699 64 is thinking
699 2 has taken a fork
699 122 is sleeping
699 123 is sleeping
699 4 has taken a fork
699 146 is eating
700 175 is eating
700 162 is eating
700 120 is sleeping
700 10 has taken a fork
701 18 has taken a fork
702 9 has taken a fork
703 21 has taken a fork
705 13 has taken a fork
705 198 has taken a fork
705 168 is eating
706 177 is eating
706 68 is thinking
707 71 is thinking
708 69 is thinking
708 170 is eating
709 172 is eating
710 173 is eating
710 124 is sleeping
710 72 is thinking
711 75 is thinking
711 77 is thinking
714 66 is thinking
716 171 is eating
716 125 is sleeping
716 128 is sleeping
717 8 has taken a fork
717 133 is sleeping
718 22 has taken a fork
722 6 has taken a fork
722 14 has taken a fork
722 15 has taken a fork
722 12 has taken a fork
722 131 is sleeping
722 176 is eating
722 110 is sleeping
723 179 is eating
726 23 has taken a fork
729 24 has taken a fork
730 183 has taken a fork
730 185 has taken a fork
730 29 has taken a fork
730 126 is sleeping
731 188 has taken a fork
731 200 has taken a fork
731 26 has taken a fork
731 174 is eating
732 129 is sleeping
732 135 is sleeping
734 25 has taken a fork
734 27 has taken a fork
734 139 is sleeping
734 178 is eating
735 28 has taken a fork
736 31 has taken a fork
736 3 has taken a fork
736 17 has taken a fork
737 35 has taken a fork
738 73 is thinking
739 30 has taken a fork
739 32 has taken a fork
740 34 has taken a fork
741 33 has taken a fork
741 137 is sleeping
741 181 is eating
742 70 is thinking
742 11 has taken a fork
742 184 is eating
742 134 is sleeping
742 20 has taken a fork
743 182 is eating
744 37 has taken a fork
745 39 has taken a fork
745 5 has taken a fork
745 130 is sleeping
746 180 is eating
746 36 has taken a fork
747 76 is thinking
748 74 is thinking
748 187 is eating
748 191 is eating
748 141 is sleeping
748 138 is sleeping
748 186 is eating
748 132 is sleeping
748 136 is sleeping
748 143 is sleeping
749 41 has taken a fork
749 190 is eating
749 193 is eating
750 1 has taken a fork
752 38 has taken a fork
752 42 has taken a fork
752 47 has taken a fork
753 43 has taken a fork
754 140 is sleeping
754 195 is eating
756 78 is thinking
758 40 has taken a fork
758 7 has taken a fork
758 192 is eating
758 189 is eating
760 142 is sleeping
760 45 has taken a fork
760 153 is sleeping
760 44 has taken a fork
760 147 is sleeping
760 148 is sleeping
760 49 has taken a fork
762 51 has taken a fork
762 151 is sleeping
762 150 is sleeping
762 144 is sleeping
762 156 is sleeping
762 46 has taken a fork
762 54 has taken a fork
764 80 is thinking
765 48 has taken a fork
766 52 has taken a fork
766 152 is sleeping
766 163 is sleeping
767 55 has taken a fork
767 81 is thinking
768 53 has taken a fork
771 157 is sleeping
771 85 is thinking
771 56 has taken a fork
771 154 is sleeping
771 19 has taken a fork
772 158 is sleeping
773 82 is thinking
773 50 has taken a fork
773 165 is sleeping
773 59 has taken a fork
773 155 is sleeping
773 159 is sleeping
773 16 has taken a fork
773 145 is sleeping
773 149 is sleeping
773 160 is sleeping
773 63 has taken a fork
773 167 is sleeping
773 57 has taken a fork
774 58 has taken a fork
774 161 is sleeping
774 60 has taken a fork
774 166 is sleeping
774 164 is sleeping
774 194 is eating
774 62 has taken a fork
774 61 has taken a fork
774 199 is eating
774 67 has taken a fork
774 196 is eating
775 197 is eating
775 83 is thinking
775 65 has taken a fork
775 169 is sleeping
775 91 is thinking
775 64 has taken a fork
775 2 has taken a fork
775 4 has taken a fork
775 146 is sleeping
776 89 is thinking
776 175 is sleeping
776 162 is sleeping
776 10 has taken a fork
777 18 has taken a fork
777 9 has taken a fork
777 21 has taken a fork
777 13 has taken a fork
777 198 is eating
777 168 is sleeping
777 177 is sleeping
778 87 is thinking
778 68 has taken a fork
778 71 has taken a fork
778 69 has taken a fork
778 170 is sleeping
778 172 is sleeping
778 72 has taken a fork
779 173 is sleeping
779 84 is thinking
779 86 is thinking
779 75 has taken a fork
780 77 has taken a fork
780 88 is thinking
780 66 has taken a fork
780 171 is sleeping
781 92 is thinking
781 8 has taken a fork
782 90 is thinking
782 22 has taken a fork
782 93 is thinking
782 6 has taken a fork
782 14 has taken a fork
782 15 has taken a fork
782 12 has taken a fork
782 176 is sleeping
783 98 is thinking
786 99 is thinking
787 179 is sleeping
787 95 is thinking
787 94 is thinking
787 97 is thinking
788 23 has taken a fork
788 24 has taken a fork
788 183 is eating
788 185 is eating
789 29 has taken a fork
789 101 is thinking
789 96 is thinking
789 200 is eating
789 188 is eating
790 26 has taken a fork
790 174 is sleeping
790 79 is thinking
791 25 has taken a fork
791 27 has taken a fork
791 178 is sleeping
792 28 has taken a fork
792 31 has taken a fork
792 3 is eating
792 17 has taken a fork
792 35 has taken a fork
793 73 has taken a fork
793 30 has taken a fork
794 32 has taken a fork
794 34 has taken a fork
794 33 has taken a fork
794 181 is sleeping
795 70 has taken a fork
795 11 has taken a fork
796 184 is sleeping
796 20 has taken a fork
796 182 is sleeping
796 37 has taken a fork
796 39 has taken a fork
796 5 is eating
796 180 is sleeping
797 103 is thinking
797 36 has taken a fork
797 76 has taken a fork
798 74 has taken a fork
798 187 is sleeping
798 191 is sleeping
798 186 is sleeping
798 41 has taken a fork
798 190 is sleeping
798 193 is sleeping
798 1 is eating
798 38 has taken a fork
798 42 has taken a fork
799 47 has taken a fork
799 102 is thinking
800 43 has taken a fork
804 100 is thinking
804 195 is sleeping
805 105 is thinking
805 78 has taken a fork
806 40 has taken a fork
806 7 is eating
806 192 is sleeping
806 189 is sleeping
807 45 has taken a fork
807 44 has taken a fork
808 49 has taken a fork
808 51 has taken a fork
808 46 has taken a fork
808 54 has taken a fork
809 80 has taken a fork
809 48 has taken a fork
810 52 has taken a fork
810 55 has taken a fork
810 81 has taken a fork
810 53 has taken a fork
811 85 has taken a fork
811 56 has taken a fork
811 19 has taken a fork
812 82 has taken a fork
812 50 has taken a fork
812 59 has taken a fork
813 16 has taken a fork
813 63 has taken a fork
813 57 has taken a fork
813 58 has taken a fork
814 60 has taken a fork
814 194 is sleeping
814 62 has taken a fork
814 61 has taken a fork
814 199 is sleeping
814 67 has taken a fork
814 196 is sleeping
814 197 is sleeping
815 83 has taken a fork
815 65 has taken a fork
816 91 has taken a fork
816 64 has taken a fork
816 2 is eating
816 4 is eating
816 89 has taken a fork
816 10 is eating
817 18 is eating
817 109 is thinking
817 9 is eating
820 21 is eating
820 13 is eating
820 198 is sleeping
822 87 has taken a fork
822 68 has taken a fork
823 71 has taken a fork
823 69 has taken a fork
824 72 has taken a fork
824 84 has taken a fork
825 86 has taken a fork
827 75 has taken a fork
827 77 has taken a fork
827 88 has taken a fork
830 66 has taken a fork
830 92 has taken a fork
835 104 is thinking
837 8 is eating
837 90 has taken a fork
838 22 is eating
839 93 has taken a fork
839 6 is eating
839 14 is eating
839 15 is eating
839 12 is eating
841 98 has taken a fork
846 99 has taken a fork
847 95 has taken a fork
848 94 has taken a fork
848 23 is eating
848 24 is eating
848 183 is sleeping
848 185 is sleeping
849 97 has taken a fork
849 29 is eating
851 101 has taken a fork
851 200 is sleeping
851 188 is sleeping
852 96 has taken a fork
852 26 is eating
852 79 has taken a fork
852 25 is eating
852 27 is eating
852 28 is eating
852 31 is eating
852 3 is sleeping
853 17 is eating
855 35 is eating
857 73 has taken a fork
857 30 is eating
858 32 is eating
858 34 is eating
860 33 is eating
863 112 is thinking
868 114 is thinking
868 70 has taken a fork
868 11 is eating
868 20 is eating
868 37 is eating
872 106 is thinking
876 113 is thinking
876 39 is eating
876 103 has taken a fork
876 36 is eating
876 76 has taken a fork
876 74 has taken a fork
878 115 is thinking
878 5 is sleeping
878 41 is eating
878 38 is eating
881 119 is thinking
883 121 is thinking
884 108 is thinking
885 111 is thinking
885 117 is thinking
887 118 is thinking
887 116 is thinking
887 127 is thinking
887 107 is thinking
887 42 is eating
887 47 is eating
888 123 is thinking
889 122 is thinking
889 102 has taken a fork
890 120 is thinking
890 43 is eating
891 78 has taken a fork
891 1 is sleeping
891 100 has taken a fork
891 40 is eating
891 45 is eating
891 44 is eating
891 49 is eating
891 51 is eating
891 46 is eating
891 54 is eating
891 80 has taken a fork
891 48 is eating
891 124 is thinking
891 52 is eating
892 55 is eating
892 81 has taken a fork
892 53 is eating
892 7 is sleeping
892 85 has taken a fork
892 105 has taken a fork
892 19 is eating
892 56 is eating
892 82 has taken a fork
892 50 is eating
892 59 is eating
892 16 is eating
892 63 is eating
893 57 is eating
893 58 is eating
893 60 is eating
893 62 is eating
893 61 is eating
893 67 is eating
893 83 has taken a fork
893 65 is eating
893 125 is thinking
894 91 has taken a fork
895 64 is eating
895 128 is thinking
895 89 has taken a fork
896 133 is thinking
896 87 has taken a fork
897 110 is thinking
897 68 is eating
897 131 is thinking
897 71 is eating
897 69 is eating
897 72 is eating
897 84 has taken a fork
897 86 has taken a fork
897 75 is eating
898 77 is eating
898 88 has taken a fork
898 66 is eating
898 126 is thinking
898 92 has taken a fork
898 2 is sleeping
898 10 is sleeping
899 135 is thinking
899 129 is thinking
899 18 is sleeping
899 4 is sleeping
899 139 is thinking
899 109 has taken a fork
899 13 is sleeping
899 21 is sleeping
899 9 is sleeping
900 90 has taken a fork
900 104 has taken a fork
900 93 has taken a fork
900 137 is thinking
900 98 has taken a fork
900 130 is thinking
900 134 is thinking
900 99 has taken a fork
901 95 has taken a fork
901 132 is thinking
901 94 has taken a fork
901 138 is thinking
901 8 is sleeping
901 136 is thinking
901 141 is thinking
901 15 is sleeping
901 22 is sleeping
901 14 is sleeping
902 12 is sleeping
902 97 has taken a fork
902 6 is sleeping
902 101 has taken a fork
902 143 is thinking
902 96 has taken a fork
902 79 has taken a fork
902 23 is sleeping
902 140 is thinking
902 29 is sleeping
902 24 is sleeping
902 26 is sleeping
903 73 is eating
903 31 is sleeping
903 28 is sleeping
903 27 is sleeping
903 25 is sleeping
903 153 is thinking
903 148 is thinking
903 142 is thinking
904 17 is sleeping
904 147 is thinking
904 35 is sleeping
904 150 is thinking
904 156 is thinking
905 144 is thinking
905 151 is thinking
905 30 is sleeping
905 32 is sleeping
905 34 is sleeping
905 112 has taken a fork
905 33 is sleeping
906 163 is thinking
906 152 is thinking
906 114 has taken a fork
906 70 is eating
907 11 is sleeping
907 20 is sleeping
907 37 is sleeping
907 154 is thinking
907 157 is thinking
907 158 is thinking
908 106 has taken a fork
908 145 is thinking
909 155 is thinking
909 165 is thinking
909 149 is thinking
909 159 is thinking
909 160 is thinking
910 166 is thinking
910 164 is thinking
910 167 is thinking
911 169 is thinking
911 146 is thinking
911 161 is thinking
911 162 is thinking
911 175 is thinking
912 113 has taken a fork
912 39 is sleeping
912 103 has taken a fork
912 36 is sleeping
912 76 is eating
913 74 is eating
913 177 is thinking
913 168 is thinking
913 172 is thinking
913 170 is thinking
914 115 has taken a fork
914 41 is sleeping
914 38 is sleeping
914 173 is thinking
914 171 is thinking
914 119 has taken a fork
914 176 is thinking
914 121 has taken a fork
915 108 has taken a fork
915 111 has taken a fork
915 117 has taken a fork
915 179 is thinking
915 118 has taken a fork
915 116 has taken a fork
915 127 has taken a fork
916 107 has taken a fork
916 42 is sleeping
916 47 is sleeping
916 123 has taken a fork
916 122 has taken a fork
916 102 has taken a fork
917 174 is thinking
917 120 has taken a fork
917 43 is sleeping
918 78 is eating
918 178 is thinking
918 100 has taken a fork
918 40 is sleeping
918 45 is sleeping
918 44 is sleeping
918 49 is sleeping
918 51 is sleeping
918 46 is sleeping
918 54 is sleeping
918 80 is eating
918 48 is sleeping
919 52 is sleeping
919 55 is sleeping
919 81 is eating
919 53 is sleeping
920 85 is eating
920 105 has taken a fork
920 19 is sleeping
920 56 is sleeping
920 82 is eating
921 50 is sleeping
921 124 has taken a fork
921 63 is sleeping
921 16 is sleeping
922 59 is sleeping
922 83 is eating
922 57 is sleeping
922 181 is thinking
922 58 is sleeping
922 60 is sleeping
922 125 has taken a fork
923 61 is sleeping
923 62 is sleeping
923 67 is sleeping
923 91 is eating
924 128 has taken a fork
924 89 is eating
925 184 is thinking
926 182 is thinking
926 65 is sleeping
926 133 has taken a fork
927 180 is thinking
928 64 is sleeping
928 87 is eating
928 110 has taken a fork
929 131 has taken a fork
929 84 is eating
929 86 is eating
930 191 is thinking
930 193 is thinking
930 190 is thinking
931 186 is thinking
931 187 is thinking
931 88 is eating
931 126 has taken a fork
932 92 is eating
932 135 has taken a fork
933 129 has taken a fork
933 139 has taken a fork
933 109 has taken a fork
934 90 is eating
934 104 has taken a fork
934 93 is eating
935 137 has taken a fork
935 98 is eating
936 130 has taken a fork
936 134 has taken a fork
936 99 is eating
937 95 is eating
937 132 has taken a fork
937 94 is eating
938 138 has taken a fork
938 136 has taken a fork
938 141 has taken a fork
939 71 is sleeping
940 68 is sleeping
940 97 is eating
940 101 is eating
940 143 has taken a fork
940 96 is eating
941 79 is eating
941 140 has taken a fork
942 69 is sleeping
942 153 has taken a fork
942 148 has taken a fork
943 142 has taken a fork
944 75 is sleeping
944 195 is thinking
945 72 is sleeping
945 147 has taken a fork
946 150 has taken a fork
946 156 has taken a fork
946 77 is sleeping
947 144 has taken a fork
948 151 has taken a fork
948 112 has taken a fork
948 192 is thinking
948 163 has taken a fork
949 189 is thinking
949 152 has taken a fork
949 114 has taken a fork
949 154 has taken a fork
949 157 has taken a fork
950 66 is sleeping
950 158 has taken a fork
951 106 has taken a fork
951 145 has taken a fork
952 155 has taken a fork
952 165 has taken a fork
952 149 has taken a fork
952 159 has taken a fork
952 160 has taken a fork
953 166 has taken a fork
953 164 has taken a fork
953 167 has taken a fork
953 169 has taken a fork
953 146 has taken a fork
953 161 has taken a fork
953 162 has taken a fork
953 175 has taken a fork
953 113 has taken a fork
953 103 is eating
953 177 has taken a fork
953 168 has taken a fork
953 172 has taken a fork
953 170 has taken a fork
953 115 has taken a fork
953 199 is thinking
954 194 is thinking
955 119 has taken a fork
955 196 is thinking
955 197 is thinking
955 121 has taken a fork
956 108 has taken a fork
956 111 has taken a fork
957 117 has taken a fork
957 118 has taken a fork
958 116 has taken a fork
958 127 has taken a fork
959 107 has taken a fork
959 123 has taken a fork
960 122 has taken a fork
961 102 is eating
962 120 has taken a fork
962 100 is eating
962 198 is thinking
962 105 is eating
962 73 is sleeping
963 124 has taken a fork
964 173 has taken a fork
964 125 has taken a fork
964 128 has taken a fork
964 70 is sleeping
965 171 has taken a fork
965 133 has taken a fork
966 110 has taken a fork
966 131 has taken a fork
966 76 is sleeping
966 176 has taken a fork
967 74 is sleeping
967 179 has taken a fork
968 126 has taken a fork
968 135 has taken a fork
968 129 has taken a fork
968 139 has taken a fork
969 109 is eating
969 104 is eating
969 137 has taken a fork
969 130 has taken a fork
969 134 has taken a fork
970 174 has taken a fork
970 78 is sleeping
970 132 has taken a fork
971 138 has taken a fork
971 136 has taken a fork
971 141 has taken a fork
971 143 has taken a fork
971 80 is sleeping
971 140 has taken a fork
972 178 has taken a fork
972 148 has taken a fork
976 153 has taken a fork
978 81 is sleeping
978 181 has taken a fork
979 142 has taken a fork
979 147 has taken a fork
981 150 has taken a fork
981 156 has taken a fork
981 85 is sleeping
982 184 has taken a fork
982 144 has taken a fork
983 82 is sleeping
983 151 has taken a fork
983 182 has taken a fork
983 185 is thinking
984 112 is eating
985 183 is thinking
985 163 has taken a fork
985 91 is sleeping
985 83 is sleeping
986 152 has taken a fork
986 114 is eating
987 180 has taken a fork
987 154 has taken a fork
987 157 has taken a fork
988 89 is sleeping
989 191 has taken a fork
989 193 has taken a fork
989 158 has taken a fork
990 200 is thinking
990 106 is eating
992 188 is thinking
993 145 has taken a fork
993 3 is thinking
994 155 has taken a fork
995 165 has taken a fork
995 149 has taken a fork
995 159 has taken a fork
995 160 has taken a fork
995 87 is sleeping
995 166 has taken a fork
995 164 has taken a fork
996 167 has taken a fork
996 169 has taken a fork
996 146 has taken a fork
997 161 has taken a fork
997 162 has taken a fork
997 175 has taken a fork
998 113 is eating
998 177 has taken a fork
1000 168 has taken a fork
1000 172 has taken a fork
1000 170 has taken a fork
1000 115 is eating
1001 190 has taken a fork
1001 84 is sleeping
1002 86 is sleeping
1002 187 has taken a fork
1003 186 has taken a fork
1003 119 is eating
1003 121 is eating
1003 108 is eating
1003 88 is sleeping
1003 111 is eating
1004 195 has taken a fork
1005 92 is sleeping
1005 117 is eating
1005 192 has taken a fork
1005 118 is eating
1006 90 is sleeping
1006 116 is eating
1006 93 is sleeping
1006 189 has taken a fork
1006 127 is eating
1007 199 has taken a fork
1007 107 is eating
1008 123 is eating
1008 122 is eating
1008 98 is sleeping
1009 194 has taken a fork
1009 99 is sleeping
1009 196 has taken a fork
1010 120 is eating
1010 94 is sleeping
1011 95 is sleeping
1012 198 has taken a fork
1012 197 has taken a fork
1013 124 is eating
1013 173 has taken a fork
1013 125 is eating
1014 128 is eating
1014 96 is sleeping
1015 171 has taken a fork
1015 133 is eating
1015 101 is sleeping
1016 97 is sleeping
1016 79 is sleeping
1016 110 is eating
1017 131 is eating
1017 176 has taken a fork
1017 179 has taken a fork
1017 126 is eating
1018 135 is eating
1019 129 is eating
1019 139 is eating
1019 137 is eating
1019 130 is eating
1019 134 is eating
1019 174 has taken a fork
1019 132 is eating
1019 138 is eating
1020 136 is eating
1020 143 is eating
1020 140 is eating
1021 178 has taken a fork
1021 148 is eating
1021 141 is eating
1021 103 is sleeping
1021 153 is eating
1021 5 is thinking
1023 181 has taken a fork
1023 142 is eating
1023 147 is eating
1023 150 is eating
1024 156 is eating
1024 102 is sleeping
1024 184 has taken a fork
1024 144 is eating
1024 151 is eating
1025 182 has taken a fork
1026 185 has taken a fork
1029 100 is sleeping
1030 183 has taken a fork
1031 163 is eating
1031 152 is eating
1032 105 is sleeping
1032 180 has taken a fork
1032 154 is eating
1032 157 is eating
1033 191 has taken a fork
1036 193 has taken a fork
1036 158 is eating
1038 200 has taken a fork
1039 1 is thinking
1040 188 has taken a fork
1041 7 is thinking
1041 145 is eating
1041 3 has taken a fork
1041 155 is eating
1041 165 is eating
1041 149 is eating
1041 159 is eating
1041 160 is eating
1044 166 is eating
1044 164 is eating
1048 167 is eating
1048 169 is eating
1048 146 is eating
1048 161 is eating
1048 162 is eating
1052 175 is eating
1056 10 is thinking
1059 177 is eating
1060 2 is thinking
1061 9 is thinking
1061 4 is thinking
1061 13 is thinking
1061 18 is thinking
1061 21 is thinking
1061 168 is eating
1062 172 is eating
1064 170 is eating
1065 190 has taken a fork
1065 22 is thinking
1065 8 is thinking
1065 15 is thinking
1065 6 is thinking
1065 23 is thinking
1065 109 is sleeping
1065 12 is thinking
1066 29 is thinking
1066 26 is thinking
1066 24 is thinking
1066 14 is thinking
1068 187 has taken a fork
1068 104 is sleeping
1072 186 has taken a fork
1072 25 is thinking
1072 27 is thinking
1072 28 is thinking
1072 31 is thinking
1074 195 has taken a fork
1074 35 is thinking
1074 17 is thinking
1074 30 is thinking
1074 33 is thinking
1074 32 is thinking
1075 192 has taken a fork
1075 34 is thinking
1077 189 has taken a fork
1077 20 is thinking
1077 11 is thinking
1077 199 has taken a fork
1077 37 is thinking
1077 194 has taken a fork
1078 196 has taken a fork
1078 36 is thinking
1078 198 has taken a fork
1078 39 is thinking
1078 197 has taken a fork
1078 173 is eating
1078 38 is thinking
1078 41 is thinking
1080 171 is eating
1080 47 is thinking
1080 42 is thinking
1080 43 is thinking
1082 176 is eating
1083 179 is eating
1083 45 is thinking
1083 48 is thinking
1083 46 is thinking
1084 49 is thinking
1084 54 is thinking
1084 44 is thinking
1084 51 is thinking
1084 40 is thinking
1084 53 is thinking
1084 52 is thinking
1084 55 is thinking
1084 174 is eating
1084 19 is thinking
1084 56 is thinking
1084 178 is eating
1084 63 is thinking
1085 50 is thinking
1085 16 is thinking
1085 5 has taken a fork
1085 60 is thinking
1085 58 is thinking
1085 57 is thinking
1085 59 is thinking
1085 181 is eating
1086 67 is thinking
1086 61 is thinking
1086 62 is thinking
1086 184 is eating
1086 112 is sleeping
1087 182 is eating
1087 65 is thinking
1088 185 has taken a fork
1088 64 is thinking
1089 114 is sleeping
1089 183 has taken a fork
1090 180 is eating
1091 106 is sleeping
1092 191 is eating
1092 193 is eating
1093 113 is sleeping
1093 200 has taken a fork
1093 71 is thinking
1093 115 is sleeping
1093 1 has taken a fork
1093 68 is thinking
1094 188 has taken a fork
1094 7 has taken a fork
1094 3 has taken a fork
1094 119 is sleeping
1094 69 is thinking
1094 121 is sleeping
1094 111 is sleeping
1094 75 is thinking
1094 108 is sleeping
1094 72 is thinking
1094 118 is sleeping
1094 127 is sleeping
1094 116 is sleeping
1095 107 is sleeping
1095 77 is thinking
1097 117 is sleeping
1097 123 is sleeping
1097 122 is sleeping
1097 120 is sleeping
1097 66 is thinking
1097 124 is sleeping
1097 125 is sleeping
1097 128 is sleeping
1097 133 is sleeping
1100 10 has taken a fork
1100 110 is sleeping
1100 131 is sleeping
1100 126 is sleeping
1100 135 is sleeping
1100 139 is sleeping
1100 129 is sleeping
1101 132 is sleeping
1101 137 is sleeping
1101 138 is sleeping
1101 134 is sleeping
1101 130 is sleeping
1101 2 has taken a fork
1101 140 is sleeping
1101 143 is sleeping
1101 136 is sleeping
1101 141 is sleeping
1101 9 has taken a fork
1101 4 has taken a fork
1101 13 has taken a fork
1101 21 has taken a fork
1101 73 is thinking
1102 18 has taken a fork
1102 153 is sleeping
1102 148 is sleeping
1102 142 is sleeping
1103 70 is thinking
1103 147 is sleeping
1105 150 is sleeping
1105 151 is sleeping
1108 156 is sleeping
1110 144 is sleeping
1111 190 is eating
1113 22 has taken a fork
1113 8 has taken a fork
1113 15 has taken a fork
1115 6 has taken a fork
1115 23 has taken a fork
1116 12 has taken a fork
1117 29 has taken a fork
1118 76 is thinking
1121 26 has taken a fork
1121 24 has taken a fork
1123 14 has taken a fork
1124 74 is thinking
1124 187 is eating
1124 157 is sleeping
1125 78 is thinking
1125 80 is thinking
1127 163 is sleeping
1131 152 is sleeping
1134 154 is sleeping
1136 186 is eating
1136 158 is sleeping
1137 25 has taken a fork
1138 27 has taken a fork
1138 28 has taken a fork
1139 31 has taken a fork
1139 195 is eating
1139 35 has taken a fork
1139 17 has taken a fork
1139 30 has taken a fork
1139 33 has taken a fork
1139 32 has taken a fork
1139 149 is sleeping
1139 155 is sleeping
1139 165 is sleeping
1139 160 is sleeping
1139 159 is sleeping
1139 192 is eating
1139 145 is sleeping
1140 34 has taken a fork
1140 164 is sleeping
1140 166 is sleeping
1141 189 is eating
1141 11 has taken a fork
1141 20 has taken a fork
1141 199 is eating
1142 37 has taken a fork
1143 194 is eating
1145 81 is thinking
1145 196 is eating
1146 36 has taken a fork
1146 198 is eating
1147 39 has taken a fork
1147 197 is eating
1147 38 has taken a fork
1147 41 has taken a fork
1147 161 is sleeping
1147 146 is sleeping
1147 169 is sleeping
1147 162 is sleeping
1148 167 is sleeping
1148 47 has taken a fork
1148 42 has taken a fork
1148 43 has taken a fork
1150 85 is thinking
1151 175 is sleeping
1151 82 is thinking
1151 45 has taken a fork
1151 48 has taken a fork
1151 46 has taken a fork
1151 49 has taken a fork
1151 54 has taken a fork
1151 44 has taken a fork
1151 51 has taken a fork
1151 40 has taken a fork
1151 53 has taken a fork
1151 52 has taken a fork
1151 55 has taken a fork
1151 19 has taken a fork
1152 56 has taken a fork
1152 63 has taken a fork
1152 91 is thinking
1153 83 is thinking
1153 50 has taken a fork
1153 16 has taken a fork
1153 5 has taken a fork
1153 60 has taken a fork
1153 58 has taken a fork
1153 57 has taken a fork
1153 59 has taken a fork
1153 67 has taken a fork
1153 177 is sleeping
1153 61 has taken a fork
1153 62 has taken a fork
1154 65 has taken a fork
1154 89 is thinking
1154 185 is eating
1154 64 has taken a fork
1155 168 is sleeping
1155 172 is sleeping
1155 183 is eating
1156 170 is sleeping
1156 200 is eating
1156 71 has taken a fork
1156 1 has taken a fork
1156 68 has taken a fork
1156 188 is eating
1156 7 has taken a fork
1156 3 is eating
1156 69 has taken a fork
1156 75 has taken a fork
1156 72 has taken a fork
1157 87 is thinking
1157 77 has taken a fork
1157 66 has taken a fork
1157 173 is sleeping
1158 10 has taken a fork
1158 84 is thinking
1159 2 has taken a fork
1159 9 has taken a fork
1159 4 has taken a fork
1159 13 has taken a fork
1159 21 has taken a fork
1159 73 has taken a fork
1162 86 is thinking
1162 18 has taken a fork
1162 171 is sleeping
1163 88 is thinking
1163 70 has taken a fork
1165 92 is thinking
1168 90 is thinking
1171 93 is thinking
1171 176 is sleeping
1171 179 is sleeping
1171 99 is thinking
1171 98 is thinking
1175 94 is thinking
1178 95 is thinking
1178 174 is sleeping
1178 22 has taken a fork
1178 8 has taken a fork
1178 15 has taken a fork
1178 181 is sleeping
1179 178 is sleeping
1180 101 is thinking
1184 96 is thinking
1184 6 has taken a fork
1184 23 has taken a fork
1188 79 is thinking
1189 97 is thinking
1189 12 has taken a fork
1189 29 has taken a fork
1190 184 is sleeping
1191 182 is sleeping
1192 76 has taken a fork
1193 103 is thinking
1194 26 has taken a fork
1194 193 is sleeping
1195 180 is sleeping
1195 191 is sleeping
1195 24 has taken a fork
1195 14 has taken a fork
1198 102 is thinking
1198 74 has taken a fork
1198 78 has taken a fork
1198 80 has taken a fork
1198 100 is thinking
1200 105 is thinking
1201 190 is sleeping
1201 25 has taken a fork
1201 27 has taken a fork
1201 28 has taken a fork
1201 31 has taken a fork
1201 187 is sleeping
1201 35 has taken a fork
1201 17 has taken a fork
1201 30 has taken a fork
1201 33 has taken a fork
1201 32 has taken a fork
1201 34 has taken a fork
1201 11 has taken a fork
1201 20 has taken a fork
1201 37 has taken a fork
1202 81 has taken a fork
1202 186 is sleeping
1202 36 has taken a fork
1202 39 has taken a fork
1203 38 has taken a fork
1203 41 has taken a fork
1203 195 is sleeping
1203 192 is sleeping
1203 47 has taken a fork
1203 42 has taken a fork
1203 43 has taken a fork
1203 199 is sleeping
1204 189 is sleeping
1204 85 has taken a fork
1204 82 has taken a fork
1204 45 has taken a fork
1204 48 has taken a fork
1204 46 has taken a fork
1204 49 has taken a fork
1204 54 has taken a fork
1204 44 has taken a fork
1204 51 has taken a fork
1204 40 has taken a fork
1204 53 has taken a fork
1204 52 has taken a fork
1204 55 has taken a fork
1204 19 has taken a fork
1204 194 is sleeping
1204 56 has taken a fork
1204 63 has taken a fork
1204 91 has taken a fork
1205 196 is sleeping
1207 83 has taken a fork
1207 50 has taken a fork
1207 16 has taken a fork
1207 5 is eating
1207 60 has taken a fork
1207 58 has taken a fork
1207 57 has taken a fork
1207 59 has taken a fork
1207 67 has taken a fork
1207 61 has taken a fork
1207 62 has taken a fork
1207 65 has taken a fork
1207 89 has taken a fork
1207 64 has taken a fork
1207 198 is sleeping
1209 197 is sleeping
1209 71 has taken a fork
1209 1 is eating
1209 68 has taken a fork
1209 7 is eating
1209 69 has taken a fork
1209 75 has taken a fork
1209 72 has taken a fork
1210 87 has taken a fork
1211 77 has taken a fork
1211 66 has taken a fork
1211 10 is eating
1213 84 has taken a fork
1213 2 is eating
1213 9 is eating
1213 4 is eating
1214 13 is eating
1214 21 is eating
1214 73 has taken a fork
1216 86 has taken a fork
1216 18 is eating
1217 88 has taken a fork
1218 70 has taken a fork
1219 109 is thinking
1220 92 has taken a fork
1220 104 is thinking
1220 90 has taken a fork
1221 185 is sleeping
1221 183 is sleeping
1221 93 has taken a fork
1221 98 has taken a fork
1222 99 has taken a fork
1222 200 is sleeping
1222 188 is sleeping
1222 3 is sleeping
1223 94 has taken a fork
1223 95 has taken a fork
1223 22 is eating
1223 8 is eating
1223 15 is eating
1227 101 has taken a fork
1230 96 has taken a fork
1230 6 is eating
1231 23 is eating
1234 112 is thinking
1237 79 has taken a fork
1237 114 is thinking
1240 97 has taken a fork
1240 12 is eating
1240 29 is eating
1240 106 is thinking
1243 76 has taken a fork
1243 113 is thinking
1243 115 is thinking
1247 103 has taken a fork
1247 119 is thinking
1247 108 is thinking
1247 26 is eating
1247 107 is thinking
1250 111 is thinking
1253 121 is thinking
1259 127 is thinking
1262 116 is thinking
1263 118 is thinking
1263 24 is eating
1263 14 is eating
1266 117 is thinking
1270 128 is thinking
1271 122 is thinking
1272 133 is thinking
1272 124 is thinking
1273 123 is thinking
1273 74 has taken a fork
1273 78 has taken a fork
1273 120 is thinking
1273 80 has taken a fork
1273 129 is thinking
1273 110 is thinking
1273 139 is thinking
1273 126 is thinking
1273 131 is thinking
1273 135 is thinking
1274 125 is thinking
1274 25 is eating
1274 27 is eating
1274 28 is eating
1275 31 is eating
1275 17 is eating
1275 35 is eating
1275 30 is eating
1275 33 is eating
1275 32 is eating
1276 34 is eating
1276 11 is eating
1276 20 is eating
1276 37 is eating
1277 153 is thinking
1277 148 is thinking
1277 81 has taken a fork
1277 36 is eating
1277 39 is eating
1278 38 is eating
1278 41 is eating
1278 47 is eating
1278 42 is eating
1278 43 is eating
1279 85 has taken a fork
1279 82 has taken a fork
1279 45 is eating
1279 48 is eating
1279 46 is eating
1279 49 is eating
1279 54 is eating
1280 44 is eating
1280 51 is eating
1280 40 is eating
1281 53 is eating
1281 134 is thinking
1283 143 is thinking
1283 52 is eating
1284 132 is thinking
1285 140 is thinking
1285 136 is thinking
1285 141 is thinking
1285 147 is thinking
1285 130 is thinking
1286 137 is thinking
1287 142 is thinking
1288 138 is thinking
1288 55 is eating
1288 19 is eating
1288 56 is eating
1288 63 is eating
1288 91 has taken a fork
1288 150 is thinking
1288 83 has taken a fork
1288 50 is eating
1288 151 is thinking
1288 16 is eating
1288 60 is eating
1289 58 is eating
1289 57 is eating
1289 59 is eating
1289 67 is eating
1289 61 is eating
1289 62 is eating
1290 65 is eating
1290 89 has taken a fork
1290 64 is eating
1291 71 is eating
1291 68 is eating
1291 69 is eating
1291 75 is eating
1291 72 is eating
1292 144 is thinking
1292 87 has taken a fork
1292 77 is eating
1292 66 is eating
1293 156 is thinking
1293 84 has taken a fork
1293 5 is sleeping
1293 73 is eating
1293 102 has taken a fork
1294 86 has taken a fork
1294 88 has taken a fork
1294 70 is eating
1294 92 has taken a fork
1294 90 has taken a fork
1294 93 has taken a fork
1294 98 has taken a fork
1294 99 has taken a fork
1295 94 has taken a fork
1295 95 has taken a fork
1296 1 is sleeping
1296 157 is thinking
1296 7 is sleeping
1296 100 has taken a fork
1296 163 is thinking
1297 105 has taken a fork
1297 101 has taken a fork
1297 96 has taken a fork
1298 152 is thinking
1298 10 is sleeping
1298 154 is thinking
1298 109 has taken a fork
1298 2 is sleeping
1299 158 is thinking
1299 9 is sleeping
1299 104 has taken a fork
1300 79 has taken a fork
1300 4 is sleeping
1300 21 is sleeping
1300 13 is sleeping
1300 114 has taken a fork
1300 18 is sleeping
1300 145 is thinking
1300 160 is thinking
1301 159 is thinking
1301 165 is thinking
1302 155 is thinking
1302 149 is thinking
1302 112 has taken a fork
1303 97 has taken a fork
1304 106 has taken a fork
1305 166 is thinking
1305 164 is thinking
1305 76 is eating
1306 113 has taken a fork
1306 115 has taken a fork
1307 15 is sleeping
1308 22 is sleeping
1308 8 is sleeping
1308 103 has taken a fork
1308 119 has taken a fork
1308 108 has taken a fork
1308 107 has taken a fork
1308 6 is sleeping
1308 23 is sleeping
1308 161 is thinking
1308 146 is thinking
1309 169 is thinking
1309 167 is thinking
1309 111 has taken a fork
1309 162 is thinking
1309 175 is thinking
1309 12 is sleeping
1309 29 is sleeping
1309 121 has taken a fork
1310 177 is thinking
1310 168 is thinking
1310 172 is thinking
1311 170 is thinking
1311 26 is sleeping
1311 173 is thinking
1311 127 has taken a fork
1311 171 is thinking
1311 116 has taken a fork
1311 24 is sleeping
1311 14 is sleeping
1312 117 has taken a fork
1312 118 has taken a fork
1312 128 has taken a fork
1313 179 is thinking
1316 176 is thinking
1316 74 is eating
1316 78 is eating
1316 80 is eating
1316 25 is sleeping
1317 122 has taken a fork
1317 124 has taken a fork
1317 27 is sleeping
1317 28 is sleeping
1318 31 is sleeping
1319 133 has taken a fork
1320 123 has taken a fork
1321 120 has taken a fork
1321 35 is sleeping
1321 17 is sleeping
1321 129 has taken a fork
1321 30 is sleeping
1321 110 has taken a fork
1322 33 is sleeping
1322 32 is sleeping
1322 139 has taken a fork
1322 34 is sleeping
1322 126 has taken a fork
1323 131 has taken a fork
1323 11 is sleeping
1323 37 is sleeping
1323 20 is sleeping
1324 81 is eating
1324 153 has taken a fork
1324 174 is thinking
1325 39 is sleeping
1325 36 is sleeping
1325 181 is thinking
1325 148 has taken a fork
1326 135 has taken a fork
1326 125 has taken a fork
1327 47 is sleeping
1327 41 is sleeping
1328 42 is sleeping
1328 178 is thinking
1328 38 is sleeping
1329 85 is eating
1329 82 is eating
1330 43 is sleeping
1330 45 is sleeping
1330 46 is sleeping
1330 48 is sleeping
1330 134 has taken a fork
1330 44 is sleeping
1330 49 is sleeping
1330 51 is sleeping
1330 40 is sleeping
1330 54 is sleeping
1331 53 is sleeping
1331 143 has taken a fork
1331 52 is sleeping
1333 132 has taken a fork
1334 140 has taken a fork
1335 136 has taken a fork
1336 141 has taken a fork
1337 147 has taken a fork
1338 130 has taken a fork
1339 137 has taken a fork
1341 142 has taken a fork
1342 138 has taken a fork
1343 55 is sleeping
1343 19 is sleeping
1344 56 is sleeping
1344 63 is sleeping
1344 91 is eating
1344 150 has taken a fork
1344 83 is eating
1345 50 is sleeping
1346 151 has taken a fork
1347 16 is sleeping
1347 60 is sleeping
1348 58 is sleeping
1348 57 is sleeping
1349 59 is sleeping
1349 67 is sleeping
1350 61 is sleeping
1350 62 is sleeping
1352 184 is thinking
1353 65 is sleeping
1353 89 is eating
1354 64 is sleeping
1356 182 is thinking
1356 68 is sleeping
1357 144 has taken a fork
1357 71 is sleeping
1358 87 is eating
1358 75 is sleeping
1359 69 is sleeping
1359 156 has taken a fork
1359 84 is eating
1360 72 is sleeping
1360 102 has taken a fork
1360 77 is sleeping
1362 193 is thinking
1363 86 is eating
1364 88 is eating
1364 92 is eating
1364 90 is eating
1364 93 is eating
1364 98 is eating
1364 99 is eating
1364 180 is thinking
1364 66 is sleeping
1364 94 is eating
1367 191 is thinking
1368 95 is eating
1369 157 has taken a fork
1371 100 has taken a fork
1371 163 has taken a fork
1371 73 is sleeping
1376 105 has taken a fork
1377 101 is eating
1378 96 is eating
1378 152 has taken a fork
1379 154 has taken a fork
1379 109 has taken a fork
1380 158 has taken a fork
1384 70 is sleeping
1384 104 has taken a fork
1384 79 is eating
1384 114 has taken a fork
1384 145 has taken a fork
1384 160 has taken a fork
1386 187 is thinking
1386 190 is thinking
1389 159 has taken a fork
1390 165 has taken a fork
1390 155 has taken a fork
1391 149 has taken a fork
1391 112 has taken a fork
1393 192 is thinking
1393 199 is thinking
1396 186 is thinking
1397 195 is thinking
1398 97 is eating
1398 189 is thinking
1398 106 has taken a fork
1398 166 has taken a fork
1398 196 is thinking
1400 194 is thinking
1401 164 has taken a fork
1404 113 has taken a fork
1404 115 has taken a fork
1406 198 is thinking
1407 103 is eating
1407 119 has taken a fork
1408 108 has taken a fork
1410 107 has taken a fork
1410 161 has taken a fork
1411 146 has taken a fork
1411 169 has taken a fork
1413 197 is thinking
1414 167 has taken a fork
1414 111 has taken a fork
1414 162 has taken a fork
1414 175 has taken a fork
1414 121 has taken a fork
1414 177 has taken a fork
1415 168 has taken a fork
1415 172 has taken a fork
1415 170 has taken a fork
1421 173 has taken a fork
1421 127 has taken a fork
1421 171 has taken a fork
1422 116 has taken a fork
1422 76 is sleeping
1422 117 has taken a fork
1422 118 has taken a fork
1422 128 has taken a fork
1422 179 has taken a fork
1423 122 has taken a fork
1423 124 has taken a fork
1423 133 has taken a fork
1423 74 is sleeping
1423 123 has taken a fork
1424 176 has taken a fork
1424 80 is sleeping
1424 120 has taken a fork
1424 78 is sleeping
1424 129 has taken a fork
1425 183 is thinking
1425 185 is thinking
1425 110 has taken a fork
1427 188 is thinking
1428 3 is thinking
1428 139 has taken a fork
1428 126 has taken a fork
1430 200 is thinking
1430 153 has taken a fork
1430 174 has taken a fork
1430 181 has taken a fork
1430 148 has taken a fork
1431 135 has taken a fork
1431 131 has taken a fork
1431 125 has taken a fork
1432 134 has taken a fork
1432 143 has taken a fork
1432 132 has taken a fork
1432 140 has taken a fork
1432 81 is sleeping
1432 136 has taken a fork
1433 141 has taken a fork
1433 178 has taken a fork
1433 147 has taken a fork
1433 130 has taken a fork
1433 137 has taken a fork
1433 85 is sleeping
1433 82 is sleeping
1434 142 has taken a fork
1434 138 has taken a fork
1435 150 has taken a fork
1435 151 has taken a fork
1436 91 is sleeping
1436 83 is sleeping
1436 184 has taken a fork
1436 89 is sleeping
1436 182 has taken a fork
1437 144 has taken a fork
1437 87 is sleeping
1437 156 has taken a fork
1437 84 is sleeping
1437 102 is eating
1437 193 has taken a fork
1437 86 is sleeping
1437 88 is sleeping
1437 180 has taken a fork
1437 92 is sleeping
1437 90 is sleeping
1437 191 has taken a fork
1437 93 is sleeping
1437 99 is sleeping
1437 98 is sleeping
1438 94 is sleeping
1438 157 has taken a fork
1438 100 is eating
1438 163 has taken a fork
1438 95 is sleeping
1440 105 is eating
1440 152 has taken a fork
1440 154 has taken a fork
1440 109 is eating
1440 101 is sleeping
1442 96 is sleeping
1442 158 has taken a fork
1442 104 is eating
1442 114 is eating
1442 145 has taken a fork
1442 160 has taken a fork
1442 187 has taken a fork
1442 79 is sleeping
1442 190 has taken a fork
1442 159 has taken a fork
1442 165 has taken a fork
1443 155 has taken a fork
1443 149 has taken a fork
1443 112 is eating
1444 5 is thinking
1444 192 has taken a fork
1444 199 has taken a fork
1444 1 is thinking
1444 7 is thinking
1444 186 has taken a fork
1444 195 has taken a fork
1444 2 is thinking
1444 10 is thinking
1444 97 is sleeping
1444 189 has taken a fork
1444 106 is eating
1445 166 has taken a fork
1445 196 has taken a fork
1446 4 is thinking
1446 13 is thinking
1447 18 is thinking
1448 21 is thinking
1449 9 is thinking
1450 194 has taken a fork
1450 164 has taken a fork
1450 113 is eating
1451 115 is eating
1451 198 has taken a fork
1451 103 is sleeping
1451 15 is thinking
1451 119 is eating
1451 6 is thinking
1451 23 is thinking
1451 8 is thinking
1453 22 is thinking
1453 108 is eating
1453 29 is thinking
1453 107 is eating
1453 161 has taken a fork
1453 12 is thinking
1453 24 is thinking
1453 146 has taken a fork
1453 169 has taken a fork
1454 26 is thinking
1454 14 is thinking
1454 197 has taken a fork
1454 167 has taken a fork
1454 111 is eating
1454 162 has taken a fork
1454 175 has taken a fork
1454 121 is eating
1454 177 has taken a fork
1454 168 has taken a fork
1454 172 has taken a fork
1454 170 has taken a fork
1454 28 is thinking
1454 31 is thinking
1454 35 is thinking
1455 30 is thinking
1455 25 is thinking
1455 27 is thinking
1455 17 is thinking
1455 173 has taken a fork
1455 127 is eating
1455 171 has taken a fork
1455 34 is thinking
1455 32 is thinking
1455 116 is eating
1455 33 is thinking
1455 117 is eating
1455 118 is eating
1455 128 is eating
1456 179 has taken a fork
1456 11 is thinking
1456 37 is thinking
1456 122 is eating
1456 124 is eating
1456 20 is thinking
1456 133 is eating
1456 123 is eating
1456 176 has taken a fork
1456 120 is eating
1456 129 is eating
1456 39 is thinking
1456 36 is thinking
1457 183 has taken a fork
1457 185 has taken a fork
1457 110 is eating
1457 41 is thinking
1457 47 is thinking
1458 188 has taken a fork
1458 42 is thinking
1458 38 is thinking
1459 3 has taken a fork
1459 139 is eating
1459 126 is eating
1459 48 is thinking
1459 49 is thinking
1459 46 is thinking
1459 40 is thinking
1459 44 is thinking
1459 43 is thinking
1459 45 is thinking
1459 51 is thinking
1460 54 is thinking
1460 200 has taken a fork
1460 153 is eating
1460 174 has taken a fork
1460 181 has taken a fork
1460 148 is eating
1460 53 is thinking
1460 52 is thinking
1461 135 is eating
1461 131 is eating
1461 125 is eating
1462 134 is eating
1462 143 is eating
1462 132 is eating
1462 140 is eating
1462 136 is eating
1462 141 is eating
1462 178 has taken a fork
1462 147 is eating
1463 130 is eating
1463 137 is eating
1463 142 is eating
1463 150 is eating
1463 138 is eating
1463 151 is eating
1464 184 has taken a fork
1464 182 has taken a fork
1464 144 is eating
1464 156 is eating
1464 102 is sleeping
1464 193 has taken a fork
1464 180 has taken a fork
1464 191 has taken a fork
1464 157 is eating
1464 100 is sleeping
1464 163 is eating
1464 105 is sleeping
1465 152 is eating
1465 154 is eating
1465 109 is sleeping
1465 158 is eating
1465 104 is sleeping
1465 114 is sleeping
1465 160 is eating
1465 145 is eating
1466 187 has taken a fork
1466 190 has taken a fork
1467 159 is eating
1467 165 is eating
1467 19 is thinking
1467 55 is thinking
1467 155 is eating
1467 149 is eating
1467 112 is sleeping
1467 63 is thinking
1467 56 is thinking
1468 5 has taken a fork
1469 192 has taken a fork
1469 199 has taken a fork
1469 1 has taken a fork
1470 7 has taken a fork
1470 186 has taken a fork
1470 195 has taken a fork
1470 2 has taken a fork
1470 10 has taken a fork
1471 189 has taken a fork
1471 106 is sleeping
1471 50 is thinking
1471 166 is eating
1471 196 has taken a fork
1473 4 has taken a fork
1473 13 has taken a fork
1473 16 is thinking
1473 60 is thinking
1474 18 has taken a fork
1474 57 is thinking
1474 58 is thinking
1474 59 is thinking
1474 67 is thinking
1474 61 is thinking
1474 62 is thinking
1474 194 has taken a fork
1474 164 is eating
1474 113 is sleeping
1474 115 is sleeping
1474 198 has taken a fork
1475 21 has taken a fork
1475 9 has taken a fork
1476 119 is sleeping
1477 15 has taken a fork
1477 65 is thinking
1477 108 is sleeping
1477 6 has taken a fork
1478 107 is sleeping
1478 161 is eating
1479 23 has taken a fork
1479 146 is eating
1479 169 is eating
1479 64 is thinking
1480 197 has taken a fork
1480 167 is eating
1480 111 is sleeping
1480 162 is eating
1480 175 is eating
1480 121 is sleeping
1480 177 is eating
1481 168 is eating
1481 172 is eating
1481 170 is eating
1481 8 has taken a fork
1483 22 has taken a fork
1484 173 is eating
1484 171 is eating
1484 179 is eating
1484 68 is thinking
1484 176 is eating
1484 127 is sleeping
1484 71 is thinking
1484 183 has taken a fork
1485 29 has taken a fork
1485 185 has taken a fork
1485 75 is thinking
1486 188 has taken a fork
1486 69 is thinking
1486 116 is sleeping
1486 3 has taken a fork
1486 12 has taken a fork
1486 72 is thinking
1487 200 has taken a fork
1487 174 is eating
1488 181 is eating
1488 118 is sleeping
1488 77 is thinking
1488 117 is sleeping
1489 24 has taken a fork
1490 26 has taken a fork
1490 178 is eating
1490 128 is sleeping
1490 14 has taken a fork
1490 66 is thinking
1492 184 is eating
1492 182 is eating
1492 193 is eating
1493 180 is eating
1494 191 is eating
1494 122 is sleeping
1494 124 is sleeping
1494 28 has taken a fork
1494 31 has taken a fork
1494 110 is sleeping
1494 35 has taken a fork
1494 123 is sleeping
1494 129 is sleeping
1494 120 is sleeping
1494 30 has taken a fork
1496 25 has taken a fork
1497 27 has taken a fork
1498 133 is sleeping
1502 187 is eating
1503 17 has taken a fork
1504 190 is eating
1504 139 is sleeping
1504 34 has taken a fork
1504 126 is sleeping
1504 32 has taken a fork
1504 5 has taken a fork
1504 148 is sleeping
1504 153 is sleeping
1504 33 has taken a fork
1504 131 is sleeping
1504 37 has taken a fork
1504 11 has taken a fork
1504 192 is eating
1504 199 is eating
1507 1 has taken a fork
1507 125 is sleeping
1507 20 has taken a fork
1508 135 is sleeping
1508 39 has taken a fork
1509 7 has taken a fork
1509 186 is eating
1509 195 is eating
1512 2 has taken a fork
1516 10 has taken a fork
1516 73 is thinking
1530 189 is eating
1530 196 is eating
1530 134 is sleeping
1530 36 has taken a fork
1530 143 is sleeping
1531 4 has taken a fork
1531 41 has taken a fork
1532 132 is sleeping
1532 47 has taken a fork
1532 13 has taken a fork
1532 147 is sleeping
1533 42 has taken a fork
1533 140 is sleeping
1533 136 is sleeping
1533 48 has taken a fork
1534 38 has taken a fork
1534 18 has taken a fork
1534 141 is sleeping
1535 49 has taken a fork
1535 194 is eating
1536 198 is eating
1537 142 is sleeping
1537 46 has taken a fork
1537 137 is sleeping
1537 21 has taken a fork
1543 9 has taken a fork
1546 40 has taken a fork
1546 150 is sleeping
1546 44 has taken a fork
1546 130 is sleeping
1546 43 has taken a fork
1546 151 is sleeping
1546 138 is sleeping
1547 45 has taken a fork
1547 51 has taken a fork
1548 15 has taken a fork
1548 6 has taken a fork
1548 144 is sleeping
1548 54 has taken a fork
1548 156 is sleeping
1548 53 has taken a fork
1548 23 has taken a fork
1548 163 is sleeping
1548 157 is sleeping
1549 197 is eating
1549 19 has taken a fork
1549 52 has taken a fork
1549 8 has taken a fork
1549 154 is sleeping
1549 158 is sleeping
1549 63 has taken a fork
1549 152 is sleeping
1550 56 has taken a fork
1550 55 has taken a fork
1550 145 is sleeping
1550 160 is sleeping
1550 50 has taken a fork
1550 16 has taken a fork
1550 22 has taken a fork
1552 70 is thinking
1552 159 is sleeping
1552 60 has taken a fork
1552 183 is eating
1552 155 is sleeping
1553 57 has taken a fork
1553 149 is sleeping
1553 165 is sleeping
1553 59 has taken a fork
1553 58 has taken a fork
1554 29 has taken a fork
1554 185 is eating
1554 188 is eating
1554 3 is eating
1554 12 has taken a fork
1554 200 is eating
1554 166 is sleeping
1556 67 has taken a fork
1556 24 has taken a fork
1556 164 is sleeping
1557 61 has taken a fork
1557 26 has taken a fork
1557 14 has taken a fork
1558 161 is sleeping
1559 62 has taken a fork
1559 169 is sleeping
1559 146 is sleeping
1560 64 has taken a fork
1560 28 has taken a fork
1561 65 has taken a fork
1561 31 has taken a fork
1561 35 has taken a fork
1561 30 has taken a fork
1561 162 is sleeping
1563 68 has taken a fork
1563 177 is sleeping
1564 71 has taken a fork
1564 167 is sleeping
1564 175 is sleeping
1564 75 has taken a fork
1564 69 has taken a fork
1564 25 has taken a fork
1564 172 is sleeping
1564 72 has taken a fork
1564 168 is sleeping
1564 170 is sleeping
1565 77 has taken a fork
1566 66 has taken a fork
1566 27 has taken a fork
1566 171 is sleeping
1566 179 is sleeping
1566 173 is sleeping
1566 176 is sleeping
1566 17 has taken a fork
1566 34 has taken a fork
1567 32 has taken a fork
1567 5 is eating
1567 33 has taken a fork
1568 37 has taken a fork
1569 11 has taken a fork
1569 174 is sleeping
1569 181 is sleeping
1570 1 is eating
1570 20 has taken a fork
1570 39 has taken a fork
1571 7 is eating
1572 2 is eating
1572 178 is sleeping
1572 10 is eating
1573 73 has taken a fork
1574 182 is sleeping
1574 184 is sleeping
1574 193 is sleeping
1574 180 is sleeping
1574 78 is thinking
1575 74 is thinking
1576 80 is thinking
1577 76 is thinking
1577 36 has taken a fork
1577 191 is sleeping
1577 4 is eating
1578 81 is thinking
1578 41 has taken a fork
1579 47 has taken a fork
1579 13 is eating
1584 82 is thinking
1588 42 has taken a fork
1592 85 is thinking
1593 48 has taken a fork
1593 38 has taken a fork
1595 18 is eating
1596 49 has taken a fork
1598 89 is thinking
1599 91 is thinking
1604 86 is thinking
1605 87 is thinking
1607 46 has taken a fork
1608 21 is eating
1609 101 is thinking
1609 96 is thinking
1611 79 is thinking
1612 88 is thinking
1612 92 is thinking
1612 90 is thinking
1613 94 is thinking
1616 93 is thinking
1616 95 is thinking
1616 84 is thinking
1616 98 is thinking
1618 99 is thinking
1618 83 is thinking
1618 9 is eating
1618 187 is sleeping
1618 97 is thinking
1618 190 is sleeping
1619 40 has taken a fork
1624 44 has taken a fork
1626 43 has taken a fork
1628 45 has taken a fork
1629 51 has taken a fork
1633 15 is eating
1633 6 is eating
1634 54 has taken a fork
1634 53 has taken a fork
1634 23 is eating
1634 199 is sleeping
1635 19 has taken a fork
1636 52 has taken a fork
1636 8 is eating
1637 63 has taken a fork
1637 192 is sleeping
1638 56 has taken a fork
1639 55 has taken a fork
1641 50 has taken a fork
1641 16 has taken a fork
1641 22 is eating
1642 103 is thinking
1642 70 has taken a fork
1643 60 has taken a fork
1643 186 is sleeping
1643 195 is sleeping
1643 57 has taken a fork
1645 59 has taken a fork
1645 58 has taken a fork
1645 29 is eating
1645 12 is eating
1646 67 has taken a fork
1646 24 is eating
1646 61 has taken a fork
1646 26 is eating
1646 14 is eating
1647 62 has taken a fork
1647 64 has taken a fork
1647 28 is eating
1647 65 has taken a fork
1647 31 is eating
1647 35 is eating
1647 30 is eating
1648 68 has taken a fork
1648 189 is sleeping
1648 105 is thinking
1648 102 is thinking
1648 196 is sleeping
1649 100 is thinking
1649 71 has taken a fork
1649 75 has taken a fork
1649 69 has taken a fork
1649 25 is eating
1649 72 has taken a fork
1650 77 has taken a fork
1650 109 is thinking
1650 114 is thinking
1650 104 is thinking
1651 66 has taken a fork
1651 27 is eating
1651 17 is eating
1651 34 is eating
1651 32 is eating
1651 112 is thinking
1651 33 is eating
1651 194 is sleeping
1651 37 is eating
1652 11 is eating
1652 20 is eating
1652 39 is eating
1652 106 is thinking
1652 198 is sleeping
1653 73 has taken a fork
1653 113 is thinking
1653 115 is thinking
1653 78 has taken a fork
1653 74 has taken a fork
1653 119 is thinking
1654 80 has taken a fork
1654 108 is thinking
1654 76 has taken a fork
1654 36 is eating
1655 107 is thinking
1655 81 has taken a fork
1656 41 is eating
1656 47 is eating
1656 111 is thinking
1656 197 is sleeping
1657 121 is thinking
1657 127 is thinking
1657 82 has taken a fork
1657 116 is thinking
1657 42 is eating
1658 118 is thinking
1658 117 is thinking
1658 183 is sleeping
1658 185 is sleeping
1658 188 is sleeping
1658 128 is thinking
1658 3 is sleeping
1659 200 is sleeping
1659 48 is eating
1659 38 is eating
1659 122 is thinking
1659 124 is thinking
1659 120 is thinking
1659 123 is thinking
1660 110 is thinking
1660 129 is thinking
1660 85 has taken a fork
1660 49 is eating
1661 89 has taken a fork
1661 133 is thinking
1661 91 has taken a fork
1662 148 is thinking
1662 126 is thinking
1662 153 is thinking
1662 139 is thinking
1662 131 is thinking
1662 86 has taken a fork
1662 87 has taken a fork
1662 5 is sleeping
1663 125 is thinking
1663 46 is eating
1663 1 is sleeping
1663 10 is sleeping
1663 135 is thinking
1663 2 is sleeping
1663 7 is sleeping
1664 101 has taken a fork
1664 96 has taken a fork
1664 79 has taken a fork
1664 4 is sleeping
1664 88 has taken a fork
1664 92 has taken a fork
1664 90 has taken a fork
1664 94 has taken a fork
1664 13 is sleeping
1665 93 has taken a fork
1665 95 has taken a fork
1665 84 has taken a fork
1665 98 has taken a fork
1665 99 has taken a fork
1665 83 has taken a fork
1665 97 has taken a fork
1665 40 is eating
1665 18 is sleeping
1665 44 is eating
1665 43 is eating
1666 45 is eating
1666 51 is eating
1666 134 is thinking
1666 143 is thinking
1667 147 is thinking
1667 136 is thinking
1667 132 is thinking
1667 140 is thinking
1667 141 is thinking
1667 54 is eating
1668 53 is eating
1668 21 is sleeping
1668 9 is sleeping
1670 19 is eating
1670 52 is eating
1670 137 is thinking
1671 142 is thinking
1671 63 is eating
1671 55 is eating
1671 56 is eating
1672 50 is eating
1672 16 is eating
1672 103 has taken a fork
1672 15 is sleeping
1672 6 is sleeping
1673 60 is eating
1674 70 has taken a fork
1674 23 is sleeping
1674 8 is sleeping
1675 57 is eating
1676 59 is eating
1676 58 is eating
1676 130 is thinking
1676 138 is thinking
1677 150 is thinking
1677 151 is thinking
1677 67 is eating
1678 61 is eating
1680 62 is eating
1680 64 is eating
1680 65 is eating
1680 68 is eating
1680 22 is sleeping
1681 163 is thinking
1681 105 has taken a fork
1681 102 has taken a fork
1682 144 is thinking
1683 157 is thinking
1685 154 is thinking
1685 152 is thinking
1685 100 has taken a fork
1686 71 is eating
1686 75 is eating
1686 69 is eating
1687 156 is thinking
1687 158 is thinking
1687 72 is eating
1689 77 is eating
1690 109 has taken a fork
1690 160 is thinking
1690 145 is thinking
1691 114 has taken a fork
1691 104 has taken a fork
1692 66 is eating
1693 112 has taken a fork
1693 29 is sleeping
1694 155 is thinking
1694 159 is thinking
1695 106 has taken a fork
1695 12 is sleeping
1695 73 is eating
1696 165 is thinking
1697 149 is thinking
1697 113 has taken a fork
1698 115 has taken a fork
1698 78 has taken a fork
1699 74 has taken a fork
1700 119 has taken a fork
1701 26 is sleeping
1701 24 is sleeping
1702 166 is thinking
1703 80 has taken a fork
1703 108 has taken a fork
1703 14 is sleeping
1703 107 has taken a fork
1704 76 has taken a fork
1705 81 has taken a fork
1705 28 is sleeping
1705 31 is sleeping
1706 164 is thinking
1706 111 has taken a fork
1706 30 is sleeping
1707 121 has taken a fork
1707 35 is sleeping
1707 127 has taken a fork
1708 82 has taken a fork
1709 116 has taken a fork
1709 25 is sleeping
1709 161 is thinking
1710 118 has taken a fork
1712 117 has taken a fork
1712 128 has taken a fork
1712 17 is sleeping
1713 27 is sleeping
1713 169 is thinking
1713 34 is sleeping
1715 146 is thinking
1716 122 has taken a fork
1716 124 has taken a fork
1716 120 has taken a fork
1717 123 has taken a fork
1718 37 is sleeping
1718 32 is sleeping
1719 33 is sleeping
1721 110 has taken a fork
1722 129 has taken a fork
1722 85 has taken a fork
1722 20 is sleeping
1722 39 is sleeping
1726 162 is thinking
1728 89 has taken a fork
1728 11 is sleeping
1728 133 has taken a fork
1728 91 has taken a fork
1729 148 has taken a fork
1729 126 has taken a fork
1730 153 has taken a fork
1731 139 has taken a fork
1731 131 has taken a fork
1731 86 has taken a fork
1732 87 has taken a fork
1732 125 has taken a fork
1732 177 is thinking
1733 135 has taken a fork
1734 101 has taken a fork
1734 36 is sleeping
1734 96 has taken a fork
1735 170 is thinking
1737 175 is thinking
1737 79 has taken a fork
1737 168 is thinking
1738 172 is thinking
1741 167 is thinking
1742 88 has taken a fork
1743 92 has taken a fork
1744 90 has taken a fork
1745 94 has taken a fork
1745 93 has taken a fork
1745 95 has taken a fork
1746 84 has taken a fork
1747 98 has taken a fork
1747 99 has taken a fork
1748 83 has taken a fork
1749 97 has taken a fork
1749 47 is sleeping
1750 41 is sleeping
1751 173 is thinking
1752 179 is thinking
1752 42 is sleeping
1752 176 is thinking
1752 134 has taken a fork
1753 143 has taken a fork
1755 171 is thinking
1755 38 is sleeping
1755 49 is sleeping
1756 48 is sleeping
1756 147 has taken a fork
1756 136 has taken a fork
1756 132 has taken a fork
1756 140 has taken a fork
1756 141 has taken a fork
1759 174 is thinking
1766 181 is thinking
1766 40 is sleeping
1766 46 is sleeping
1767 137 has taken a fork
1767 142 has taken a fork
1767 44 is sleeping
1768 51 is sleeping
1769 43 is sleeping
1769 45 is sleeping
1770 103 has taken a fork
1772 178 is thinking
1772 54 is sleeping
1772 53 is sleeping
1773 184 is thinking
1773 182 is thinking
1773 193 is thinking
1773 180 is thinking
1774 70 is eating
1774 52 is sleeping
1775 19 is sleeping
1775 130 has taken a fork
1775 138 has taken a fork
1775 55 is sleeping
1775 191 is thinking
1775 56 is sleeping
1776 63 is sleeping
1776 150 has taken a fork
1776 151 has taken a fork
1777 50 is sleeping
1777 16 is sleeping
1778 60 is sleeping
1778 57 is sleeping
1778 163 has taken a fork
1778 58 is sleeping
1778 59 is sleeping
1778 105 has taken a fork
1778 102 has taken a fork
1778 67 is sleeping
1778 144 has taken a fork
1779 61 is sleeping
1779 157 has taken a fork
1779 154 has taken a fork
1779 152 has taken a fork
1779 100 has taken a fork
1779 65 is sleeping
1780 62 is sleeping
1780 156 has taken a fork
1781 64 is sleeping
1781 158 has taken a fork
1782 68 is sleeping
1782 109 has taken a fork
1782 160 has taken a fork
1782 145 has taken a fork
1783 71 is sleeping
1783 69 is sleeping
1783 114 has taken a fork
1784 75 is sleeping
1784 104 has taken a fork
1784 72 is sleeping
1784 112 has taken a fork
1785 77 is sleeping
1785 66 is sleeping
1785 159 has taken a fork
1785 155 has taken a fork
1785 106 has taken a fork
1785 165 has taken a fork
1786 149 has taken a fork
1786 113 has taken a fork
1786 115 has taken a fork
1786 78 is eating
1787 74 is eating
1787 119 has taken a fork
1787 166 has taken a fork
1788 80 is eating
1788 108 has taken a fork
1788 107 has taken a fork
1788 76 is eating
1789 81 is eating
1789 164 has taken a fork
1789 111 has taken a fork
1789 121 has taken a fork
1790 73 is sleeping
1790 127 has taken a fork
1790 82 is eating
1790 116 has taken a fork
1790 161 has taken a fork
1790 118 has taken a fork
1790 117 has taken a fork
1791 128 has taken a fork
1791 169 has taken a fork
1791 146 has taken a fork
1792 122 has taken a fork
1792 124 has taken a fork
1792 120 has taken a fork
1792 123 has taken a fork
1792 190 is thinking
1793 187 is thinking
1793 110 has taken a fork
1793 129 has taken a fork
1793 85 is eating
1794 162 has taken a fork
1795 89 is eating
1795 133 has taken a fork
1795 91 is eating
1795 148 has taken a fork
1796 126 has taken a fork
1796 153 has taken a fork
1796 139 has taken a fork
1796 131 has taken a fork
1796 86 is eating
1796 87 is eating
1796 125 has taken a fork
1796 177 has taken a fork
1796 135 has taken a fork
1796 101 is eating
1797 199 is thinking
1797 96 is eating
1798 170 has taken a fork
1798 175 has taken a fork
1798 79 is eating
1798 168 has taken a fork
1799 192 is thinking
1799 172 has taken a fork
1799 167 has taken a fork
1799 88 is eating
1800 186 is thinking
1801 92 is eating
1801 195 is thinking
1801 90 is eating
1801 94 is eating
1802 93 is eating
1802 95 is eating
1802 84 is eating
1803 98 is eating
1804 99 is eating
1805 189 is thinking
1806 196 is thinking
1806 83 is eating
1806 97 is eating
1807 194 is thinking
1808 173 has taken a fork
1808 134 has taken a fork
1808 143 has taken a fork
1811 198 is thinking
1814 197 is thinking
1814 147 has taken a fork
1815 136 has taken a fork
1815 132 has taken a fork
1815 140 has taken a fork
1815 141 has taken a fork
1815 3 is thinking
1816 200 is thinking
1817 188 is thinking
1817 183 is thinking
1818 185 is thinking
1819 5 is thinking
1819 7 is thinking
1819 1 is thinking
1819 10 is thinking
1819 2 is thinking
1819 13 is thinking
1819 18 is thinking
1819 4 is thinking
1819 137 has taken a fork
1819 142 has taken a fork
1819 21 is thinking
1820 9 is thinking
1820 103 is eating
1820 6 is thinking
1820 15 is thinking
1820 8 is thinking
1820 23 is thinking
1821 70 is sleeping
1821 179 has taken a fork
1821 130 has taken a fork
1821 138 has taken a fork
1821 150 has taken a fork
1821 151 has taken a fork
1822 163 has taken a fork
1822 105 is eating
1822 102 is eating
1822 144 has taken a fork
1822 157 has taken a fork
1822 154 has taken a fork
1822 152 has taken a fork
1822 100 is eating
1823 156 has taken a fork
1824 22 is thinking
1824 158 has taken a fork
1824 109 is eating
1824 160 has taken a fork
1824 145 has taken a fork
1824 114 is eating
1824 104 is eating
1824 112 is eating
1824 159 has taken a fork
1824 155 has taken a fork
1824 106 is eating
1824 165 has taken a fork
1824 149 has taken a fork
1824 113 is eating
1824 115 is eating
1824 78 is sleeping
1824 176 has taken a fork
1825 74 is sleeping
1826 171 has taken a fork
1826 119 is eating
1826 166 has taken a fork
1826 80 is sleeping
1826 174 has taken a fork
1826 108 is eating
1826 107 is eating
1827 76 is sleeping
1827 181 has taken a fork
1828 81 is sleeping
1828 178 has taken a fork
1828 121 is eating
1828 111 is eating
1828 164 has taken a fork
1828 127 is eating
1829 82 is sleeping
1829 116 is eating
1829 161 has taken a fork
1829 118 is eating
1829 117 is eating
1829 128 is eating
1829 169 has taken a fork
1829 184 has taken a fork
1829 146 has taken a fork
1829 122 is eating
1829 124 is eating
1830 120 is eating
1830 123 is eating
1830 29 is thinking
1830 110 is eating
1830 129 is eating
1831 85 is sleeping
1831 182 has taken a fork
1833 162 has taken a fork
1834 12 is thinking
1834 133 is eating
1834 148 is eating
1834 126 is eating
1834 153 is eating
1834 139 is eating
1834 131 is eating
1834 125 is eating
1835 177 has taken a fork
1835 135 is eating
1836 91 is sleeping
1838 89 is sleeping
1838 180 has taken a fork
1839 193 has taken a fork
1839 170 has taken a fork
1840 175 has taken a fork
1840 168 has taken a fork
1841 172 has taken a fork
1842 167 has taken a fork
1842 86 is sleeping
1843 191 has taken a fork
1843 87 is sleeping
1843 24 is thinking
1844 26 is thinking
1845 190 has taken a fork
1845 101 is sleeping
1845 96 is sleeping
1845 14 is thinking
1845 187 has taken a fork
1846 199 has taken a fork
1847 79 is sleeping
1847 88 is sleeping
1847 192 has taken a fork
1847 31 is thinking
1849 28 is thinking
1850 30 is thinking
1850 186 has taken a fork
1850 90 is sleeping
1850 195 has taken a fork
1850 92 is sleeping
1850 94 is sleeping
1850 173 has taken a fork
1850 196 has taken a fork
1851 134 is eating
1852 35 is thinking
1852 143 is eating
1852 93 is sleeping
1853 84 is sleeping
1853 95 is sleeping
1853 194 has taken a fork
1854 189 has taken a fork
1855 25 is thinking
1855 99 is sleeping
1855 98 is sleeping
1855 198 has taken a fork
1856 97 is sleeping
1856 34 is thinking
1856 17 is thinking
1856 83 is sleeping
1857 27 is thinking
1860 197 has taken a fork
1860 147 is eating
1860 136 is eating
1861 132 is eating
1861 140 is eating
1861 141 is eating
1861 3 has taken a fork
1861 200 has taken a fork
1861 188 has taken a fork
1867 183 has taken a fork
1867 37 is thinking
1870 32 is thinking
1871 137 is eating
1871 142 is eating
1871 33 is thinking
1871 179 has taken a fork
1871 138 is eating
1871 130 is eating
1876 150 is eating
1876 151 is eating
1876 39 is thinking
1876 163 is eating
1877 144 is eating
1877 157 is eating
1877 154 is eating
1877 20 is thinking
1877 152 is eating
1877 156 is eating
1878 158 is eating
1879 160 is eating
1879 145 is eating
1879 159 is eating
1880 155 is eating
1880 165 is eating
1880 149 is eating
1880 176 has taken a fork
1880 171 has taken a fork
1880 166 is eating
1880 174 has taken a fork
1880 181 has taken a fork
1880 11 is thinking
1880 178 has taken a fork
1880 164 is eating
1881 161 is eating
1881 169 is eating
1881 184 has taken a fork
1882 146 is eating
1882 103 is sleeping
1882 182 has taken a fork
1883 185 has taken a fork
1883 162 is eating
1883 36 is thinking
1883 102 is sleeping
1883 105 is sleeping
1883 177 is eating
1883 5 has taken a fork
1884 7 has taken a fork
1884 100 is sleeping
1884 1 has taken a fork
1884 109 is sleeping
1884 114 is sleeping
1884 104 is sleeping
1884 106 is sleeping
1884 112 is sleeping
1884 10 has taken a fork
1885 2 has taken a fork
1885 180 has taken a fork
1885 13 has taken a fork
1885 18 has taken a fork
1885 4 has taken a fork
1885 115 is sleeping
1885 113 is sleeping
1885 193 has taken a fork
1886 9 has taken a fork
1886 170 is eating
1886 119 is sleeping
1886 108 is sleeping
1886 175 is eating
1886 6 has taken a fork
1887 168 is eating
1887 21 has taken a fork
1887 107 is sleeping
1887 15 has taken a fork
1888 172 is eating
1888 8 has taken a fork
1888 111 is sleeping
1888 23 has taken a fork
1889 167 is eating
1889 127 is sleeping
1890 116 is sleeping
1890 121 is sleeping
1890 29 has taken a fork
1890 191 has taken a fork
1890 122 is sleeping
1890 24 has taken a fork
1890 124 is sleeping
1890 117 is sleeping
1890 128 is sleeping
1890 118 is sleeping
1890 12 has taken a fork
1890 22 has taken a fork
1890 129 is sleeping
1893 26 has taken a fork
1893 110 is sleeping
1893 123 is sleeping
1893 120 is sleeping
1894 190 has taken a fork
1895 14 has taken a fork
1896 187 has taken a fork
1896 199 has taken a fork
1896 192 has taken a fork
1896 31 has taken a fork
1896 148 is sleeping
1896 133 is sleeping
1897 139 is sleeping
1897 131 is sleeping
1897 126 is sleeping
1897 153 is sleeping
1897 135 is sleeping
1897 47 is thinking
1897 125 is sleeping
1897 28 has taken a fork
1897 30 has taken a fork
1898 41 is thinking
1898 186 has taken a fork
1898 195 has taken a fork
1898 173 is eating
1898 196 has taken a fork
1898 35 has taken a fork
1900 42 is thinking
1900 194 has taken a fork
1900 189 has taken a fork
1901 38 is thinking
1902 25 has taken a fork
1902 198 has taken a fork
1902 34 has taken a fork
1902 17 has taken a fork
1903 49 is thinking
1903 48 is thinking
1903 134 is sleeping
1903 27 has taken a fork
1904 143 is sleeping
1905 197 has taken a fork
1905 3 has taken a fork
1905 200 has taken a fork
1905 188 has taken a fork
1905 132 is sleeping
1905 141 is sleeping
1905 136 is sleeping
1905 147 is sleeping
1905 140 is sleeping
1906 40 is thinking
1906 46 is thinking
1907 44 is thinking
1907 183 has taken a fork
1908 37 has taken a fork
1909 51 is thinking
1909 43 is thinking
1909 45 is thinking
1909 32 has taken a fork
1909 137 is sleeping
1909 142 is sleeping
1909 33 has taken a fork
1909 179 is eating
1910 53 is thinking
1911 54 is thinking
1911 55 is thinking
1911 52 is thinking
1913 19 is thinking
1913 56 is thinking
1913 138 is sleeping
1913 130 is sleeping
1914 63 is thinking
1915 39 has taken a fork
1916 50 is thinking
1916 16 is thinking
1917 150 is sleeping
1917 151 is sleeping
1917 58 is thinking
1917 59 is thinking
1917 57 is thinking
1917 60 is thinking
1918 67 is thinking
1918 20 has taken a fork
1919 65 is thinking
1919 163 is sleeping
1919 61 is thinking
1919 176 is eating
1919 171 is eating
1920 62 is thinking
1920 144 is sleeping
1920 174 is eating
1920 181 is eating
1921 11 has taken a fork
1921 178 is eating
1921 154 is sleeping
1921 157 is sleeping
1921 152 is sleeping
1922 64 is thinking
1922 184 is eating
1923 68 is thinking
1923 182 is eating
1923 158 is sleeping
1926 69 is thinking
1926 71 is thinking
1926 185 has taken a fork
1927 156 is sleeping
1927 36 has taken a fork
1927 5 has taken a fork
1927 7 has taken a fork
1927 1 has taken a fork
1928 72 is thinking
1928 10 has taken a fork
1928 160 is sleeping
1928 77 is thinking
1928 66 is thinking
1928 2 has taken a fork
1928 180 is eating
1929 13 has taken a fork
1929 145 is sleeping
1929 18 has taken a fork
1929 75 is thinking
1929 4 has taken a fork
1929 193 is eating
1929 9 has taken a fork
1929 6 has taken a fork
1929 155 is sleeping
1929 159 is sleeping
1929 21 has taken a fork
1930 15 has taken a fork
1930 165 is sleeping
1930 8 has taken a fork
1930 23 has taken a fork
1930 149 is sleeping
1930 29 has taken a fork
1931 73 is thinking
1931 191 is eating
1932 24 has taken a fork
1933 12 has taken a fork
1933 22 has taken a fork
1934 166 is sleeping
1934 164 is sleeping
1934 26 has taken a fork
1935 190 is eating
1935 161 is sleeping
1935 14 has taken a fork
1935 187 is eating
1935 199 is eating
1935 192 is eating
1935 31 has taken a fork
1935 169 is sleeping
1937 47 has taken a fork
1942 28 has taken a fork
1944 30 has taken a fork
1945 41 has taken a fork
1946 186 is eating
1946 195 is eating
1946 196 is eating
1947 35 has taken a fork
1948 146 is sleeping
1949 42 has taken a fork
1949 194 is eating
1949 189 is eating
1950 38 has taken a fork
1951 25 has taken a fork
1951 198 is eating
1952 34 has taken a fork
1953 17 has taken a fork
1955 49 has taken a fork
1956 48 has taken a fork
1957 27 has taken a fork
1957 162 is sleeping
1958 197 is eating
1958 3 is eating
1958 200 is eating
1958 188 is eating
1960 40 has taken a fork
1960 46 has taken a fork
1960 44 has taken a fork
1961 183 is eating
1961 177 is sleeping
1961 37 has taken a fork
1962 51 has taken a fork
1963 43 has taken a fork
1968 45 has taken a fork
1969 32 has taken a fork
1969 33 has taken a fork
1971 53 has taken a fork
1971 170 is sleeping
1971 54 has taken a fork
1971 55 has taken a fork
1973 52 has taken a fork
1973 175 is sleeping
1973 168 is sleeping
1973 172 is sleeping
1973 19 has taken a fork
1973 56 has taken a fork
1973 63 has taken a fork
1976 39 has taken a fork
1976 167 is sleeping
1977 50 has taken a fork
1977 16 has taken a fork
1978 58 has taken a fork
1979 59 has taken a fork
1979 57 has taken a fork
1981 60 has taken a fork
1981 67 has taken a fork
1981 20 has taken a fork
1981 65 has taken a fork
1982 61 has taken a fork
1983 62 has taken a fork
1984 70 is thinking
1985 11 has taken a fork
1987 64 has taken a fork
1987 68 has taken a fork
1988 78 is thinking
1988 74 is thinking
1988 173 is sleeping
1990 69 has taken a fork
1991 80 is thinking
1991 71 has taken a fork
1991 185 is eating
1992 76 is thinking
1993 36 has taken a fork
1993 5 is eating
1993 7 is eating
1993 1 is eating
1993 72 has taken a fork
1993 10 is eating
1994 77 has taken a fork
1994 81 is thinking
1994 66 has taken a fork
1995 2 is eating
1997 82 is thinking
1997 13 is eating
1997 18 is eating
1998 75 has taken a fork
1998 4 is eating
1998 9 is eating
1998 6 is eating
1998 21 is eating
1999 15 is eating
1999 8 is eating
1999 23 is eating
1999 29 is eating
1999 73 has taken a fork
2000 85 is thinking
2001 24 is eating
2001 12 is eating
2002 22 is eating
2003 26 is eating
2004 14 is eating
2004 31 is eating
2005 91 is thinking
2006 47 has taken a fork
2007 89 is thinking
2007 179 is sleeping
2007 86 is thinking
2008 28 is eating
2008 30 is eating
2010 101 is thinking
2011 41 has taken a fork
2012 87 is thinking
2012 96 is thinking
2012 88 is thinking
2013 35 is eating
2014 79 is thinking
2015 42 has taken a fork
2015 94 is thinking
2015 92 is thinking
2016 38 has taken a fork
2016 25 is eating
2017 34 is eating
2017 90 is thinking
2018 93 is thinking
2018 171 is sleeping
2018 176 is sleeping
2018 17 is eating
2018 84 is thinking
2018 95 is thinking
2018 174 is sleeping
2018 181 is sleeping
2018 178 is sleeping
2018 99 is thinking
2019 98 is thinking
2019 49 has taken a fork
2021 48 has taken a fork
2022 83 is thinking
2022 184 is sleeping
2022 27 is eating
2022 97 is thinking
2022 182 is sleeping
2023 40 has taken a fork
2024 46 has taken a fork
2024 44 has taken a fork
2024 37 is eating
2025 51 has taken a fork
2025 180 is sleeping
2025 43 has taken a fork
2026 193 is sleeping
2026 191 is sleeping
2028 45 has taken a fork
2028 32 is eating
2028 190 is sleeping
2028 187 is sleeping
2028 199 is sleeping
2028 33 is eating
2028 192 is sleeping
2029 53 has taken a fork
2030 54 has taken a fork
2030 55 has taken a fork
2030 52 has taken a fork
2031 19 has taken a fork
2031 56 has taken a fork
2031 63 has taken a fork
2031 186 is sleeping
2031 39 is eating
2031 196 is sleeping
2031 195 is sleeping
2031 50 has taken a fork
2031 16 has taken a fork
2031 58 has taken a fork
2031 59 has taken a fork
2031 57 has taken a fork
2031 189 is sleeping
2031 194 is sleeping
2031 60 has taken a fork
2031 67 has taken a fork
2032 198 is sleeping
2032 20 is eating
2032 65 has taken a fork
2033 103 is thinking
2033 61 has taken a fork
2033 62 has taken a fork
2033 102 is thinking
2033 106 is thinking
2033 104 is thinking
2033 70 has taken a fork
2033 109 is thinking
2033 115 is thinking
2033 100 is thinking
2033 11 is eating
2033 105 is thinking
2033 113 is thinking
2033 114 is thinking
2034 112 is thinking
2034 197 is sleeping
2034 200 is sleeping
2034 64 has taken a fork
2034 68 has taken a fork
2034 108 is thinking
2034 3 is sleeping
2034 107 is thinking
2034 188 is sleeping
2034 78 has taken a fork
2034 74 has taken a fork
2034 111 is thinking
2034 183 is sleeping
2034 119 is thinking
2034 127 is thinking
2035 128 is thinking
2035 129 is thinking
2035 122 is thinking
2035 121 is thinking
2037 116 is thinking
2037 124 is thinking
2037 117 is thinking
2037 118 is thinking
2037 69 has taken a fork
2037 80 has taken a fork
2037 71 has taken a fork
2037 76 has taken a fork
2037 120 is thinking
2037 36 is eating
2037 110 is thinking
2037 123 is thinking
2037 72 has taken a fork
2037 77 has taken a fork
2037 81 has taken a fork
2037 66 has taken a fork
2038 133 is thinking
2038 148 is thinking
2039 131 is thinking
2040 153 is thinking
2041 126 is thinking
2041 125 is thinking
2042 139 is thinking
2043 135 is thinking
2043 82 has taken a fork
2043 75 has taken a fork
2043 73 has taken a fork
2043 85 has taken a fork
2043 134 is thinking
2043 143 is thinking
2043 141 is thinking
2043 140 is thinking
2043 132 is thinking
2044 147 is thinking
2045 136 is thinking
2045 91 has taken a fork
2045 47 is eating
2045 89 has taken a fork
2045 86 has taken a fork
2046 137 is thinking
2046 142 is thinking
2047 101 has taken a fork
2047 185 is sleeping
2047 41 is eating
2048 87 has taken a fork
2048 96 has taken a fork
2048 88 has taken a fork
2049 138 is thinking
2051 130 is thinking
2052 5 is sleeping
2052 7 is sleeping
2053 79 has taken a fork
2053 1 is sleeping
2053 42 is eating
2053 94 has taken a fork
2053 92 has taken a fork
2053 10 is sleeping
2054 38 is eating
2055 151 is thinking
2055 2 is sleeping
2056 90 has taken a fork
2056 150 is thinking
2056 4 is sleeping
2057 18 is sleeping
2057 13 is sleeping
2057 93 has taken a fork
2057 84 has taken a fork
2057 95 has taken a fork
2058 99 has taken a fork
2058 21 is sleeping
2059 6 is sleeping
2059 163 is thinking
2060 9 is sleeping
2060 98 has taken a fork
2060 49 is eating
2060 8 is sleeping
2061 144 is thinking
2061 29 is sleeping
2061 152 is thinking
2063 154 is thinking
2064 157 is thinking
2064 23 is sleeping
2064 48 is eating
2065 15 is sleeping
2065 83 has taken a fork
2065 97 has taken a fork
2065 12 is sleeping
2066 40 is eating
2066 22 is sleeping
2066 158 is thinking
2066 24 is sleeping
2066 26 is sleeping
2067 46 is eating
2067 44 is eating
2068 14 is sleeping
2069 51 is eating
2070 43 is eating
2071 31 is sleeping
2072 156 is thinking
2073 45 is eating
2073 160 is thinking
2074 30 is sleeping
2074 28 is sleeping
2075 53 is eating
2075 145 is thinking
2075 155 is thinking
2076 159 is thinking
2078 54 is eating
2081 165 is thinking
2081 149 is thinking
2081 55 is eating
2081 52 is eating
2081 19 is eating
2081 56 is eating
2081 63 is eating
2081 50 is eating
2081 16 is eating
2082 58 is eating
2082 59 is eating
2082 57 is eating
2082 60 is eating
2083 67 is eating
2083 65 is eating
2083 103 has taken a fork
2084 61 is eating
2084 62 is eating
2084 102 has taken a fork
2085 106 has taken a fork
2086 35 is sleeping
2086 104 has taken a fork
2086 70 has taken a fork
2086 109 has taken a fork
2087 115 has taken a fork
2087 100 has taken a fork
2087 105 has taken a fork
2087 113 has taken a fork
2087 114 has taken a fork
2088 112 has taken a fork
2088 64 is eating
2088 68 is eating
2089 108 has taken a fork
2089 107 has taken a fork
2089 78 has taken a fork
2089 74 has taken a fork
2091 164 is thinking
2092 111 has taken a fork
2093 166 is thinking
2093 119 has taken a fork
2093 127 has taken a fork
2093 128 has taken a fork
2096 129 has taken a fork
2096 122 has taken a fork
2098 169 is thinking
2101 161 is thinking
2101 121 has taken a fork
2101 25 is sleeping
2102 17 is sleeping
2103 116 has taken a fork
2103 34 is sleeping
2103 124 has taken a fork
2103 117 has taken a fork
2103 118 has taken a fork
2105 69 is eating
2106 80 has taken a fork
2106 71 is eating
2106 76 has taken a fork
2106 120 has taken a fork
2106 110 has taken a fork
2106 123 has taken a fork
2106 72 is eating
2106 77 is eating
2106 81 has taken a fork
2106 66 is eating
2107 133 has taken a fork
2108 27 is sleeping
2108 148 has taken a fork
2108 82 has taken a fork
2108 75 is eating
2108 73 is eating
2108 85 has taken a fork
2108 91 has taken a fork
2108 89 has taken a fork
2108 86 has taken a fork
2108 37 is sleeping
2109 101 has taken a fork
2110 131 has taken a fork
2110 87 has taken a fork
2111 146 is thinking
2111 96 has taken a fork
2111 88 has taken a fork
2111 32 is sleeping
2111 153 has taken a fork
2111 33 is sleeping
2111 126 has taken a fork
2111 79 has taken a fork
2111 94 has taken a fork
2111 92 has taken a fork
2112 39 is sleeping
2113 20 is sleeping
2113 139 has taken a fork
2114 125 has taken a fork
2115 90 has taken a fork
2115 11 is sleeping
2115 162 is thinking
2116 93 has taken a fork
2116 135 has taken a fork
2116 84 has taken a fork
2116 95 has taken a fork
2117 99 has taken a fork
2117 36 is sleeping
2117 98 has taken a fork
2118 134 has taken a fork
2118 177 is thinking
2118 83 has taken a fork
2119 97 has taken a fork
2119 170 is thinking
2119 47 is sleeping
2121 143 has taken a fork
2122 175 is thinking
2122 172 is thinking
2125 168 is thinking
2126 41 is sleeping
2128 141 has taken a fork
2128 38 is sleeping
2129 42 is sleeping
2129 132 has taken a fork
2129 167 is thinking
2129 140 has taken a fork
2129 49 is sleeping
2130 147 has taken a fork
2130 48 is sleeping
2130 103 has taken a fork
2130 102 has taken a fork
2131 106 has taken a fork
2131 136 has taken a fork
2131 104 has taken a fork
2131 70 is eating
2131 109 has taken a fork
2131 44 is sleeping
2131 115 has taken a fork
2132 137 has taken a fork
2132 100 has taken a fork
2132 105 has taken a fork
2132 113 has taken a fork
2132 114 has taken a fork
2132 112 has taken a fork
2133 46 is sleeping
2134 40 is sleeping
2134 173 is thinking
2134 108 has taken a fork
2134 107 has taken a fork
2134 78 is eating
2134 74 is eating
2134 43 is sleeping
2134 130 has taken a fork
2134 45 is sleeping
2134 51 is sleeping
2135 142 has taken a fork
2136 138 has taken a fork
2136 111 has taken a fork
2137 150 has taken a fork
2137 53 is sleeping
2138 151 has taken a fork
2138 119 has taken a fork
2138 127 has taken a fork
2139 128 has taken a fork
2139 55 is sleeping
2139 163 has taken a fork
2139 129 has taken a fork
2139 54 is sleeping
2139 122 has taken a fork
2139 56 is sleeping
2140 154 has taken a fork
2140 144 has taken a fork
2141 19 is sleeping
2141 157 has taken a fork
2143 52 is sleeping
2144 152 has taken a fork
2144 63 is sleeping
2145 156 has taken a fork
2145 16 is sleeping
2145 50 is sleeping
2145 145 has taken a fork
2145 60 is sleeping
2146 155 has taken a fork
2146 57 is sleeping
2146 58 is sleeping
2146 158 has taken a fork
2146 59 is sleeping
2146 160 has taken a fork
2146 159 has taken a fork
2146 65 is sleeping
2146 67 is sleeping
2147 166 has taken a fork
2147 121 has taken a fork
2147 62 is sleeping
2147 61 is sleeping
2147 149 has taken a fork
2148 164 has taken a fork
2149 165 has taken a fork
2149 169 has taken a fork
2150 161 has taken a fork
2150 116 has taken a fork
2150 124 has taken a fork
2150 117 has taken a fork
2150 118 has taken a fork
2150 64 is sleeping
2150 68 is sleeping
2150 80 is eating
2150 76 is eating
2150 120 has taken a fork
2150 110 has taken a fork
2150 123 has taken a fork
2150 81 is eating
2150 179 is thinking
2151 133 has taken a fork
2153 148 has taken a fork
2153 82 is eating
2153 85 is eating
2153 91 is eating
2153 89 is eating
2153 86 is eating
2153 101 is eating
2154 131 has taken a fork
2154 87 is eating
2154 146 has taken a fork
2154 96 is eating
2154 88 is eating
2154 153 has taken a fork
2155 126 has taken a fork
2155 79 is eating
2155 94 is eating
2155 92 is eating
2155 139 has taken a fork
2156 125 has taken a fork
2156 90 is eating
2157 162 has taken a fork
2157 93 is eating
2157 71 is sleeping
2158 135 has taken a fork
2158 84 is eating
2158 95 is eating
2158 72 is sleeping
2158 66 is sleeping
2159 69 is sleeping
2159 77 is sleeping
2159 99 is eating
2159 98 is eating
2159 181 is thinking
2160 174 is thinking
2162 176 is thinking
2162 134 has taken a fork
2164 171 is thinking
2166 178 is thinking
2168 177 has taken a fork
2168 83 is eating
2168 75 is sleeping
2168 97 is eating
2170 170 has taken a fork
2170 73 is sleeping
2171 143 has taken a fork
2172 175 has taken a fork
2173 182 is thinking
2173 184 is thinking
2175 172 has taken a fork
2175 180 is thinking
2176 168 has taken a fork
2177 191 is thinking
2178 193 is thinking
2179 141 has taken a fork
2179 192 is thinking
2180 190 is thinking
2181 199 is thinking
2183 187 is thinking
2184 132 has taken a fork
2184 167 has taken a fork
2184 140 has taken a fork
2186 147 has taken a fork
2186 103 is eating
2186 102 is eating
2187 194 is thinking
2187 106 is eating
2189 186 is thinking
2189 136 has taken a fork
2189 195 is thinking
2189 104 is eating
2189 109 is eating
2190 196 is thinking
2190 189 is thinking
2190 115 is eating
2190 198 is thinking
2190 137 has taken a fork
2190 105 is eating
2191 100 is eating
2191 113 is eating
2191 114 is eating
2191 112 is eating
2191 183 is thinking
2192 173 has taken a fork
2192 200 is thinking
2192 108 is eating
2192 107 is eating
2193 130 has taken a fork
2193 188 is thinking
2194 3 is thinking
2195 197 is thinking
2196 142 has taken a fork
2197 138 has taken a fork
2197 111 is eating
2197 150 has taken a fork
2198 151 has taken a fork
2198 119 is eating
2198 127 is eating
2198 128 is eating
2199 163 has taken a fork
2201 129 is eating
2201 122 is eating
2202 154 has taken a fork
2202 144 has taken a fork
2205 157 has taken a fork
2206 152 has taken a fork
2206 156 has taken a fork
2208 145 has taken a fork
2210 155 has taken a fork
2210 158 has taken a fork
2211 160 has taken a fork
2212 159 has taken a fork
2213 166 has taken a fork
2213 121 is eating
2213 185 is thinking
2213 149 has taken a fork
2213 164 has taken a fork
2214 165 has taken a fork
2214 169 has taken a fork
2214 161 has taken a fork
2214 116 is eating
2214 124 is eating
2214 117 is eating
2214 118 is eating
2215 120 is eating
2215 110 is eating
2215 123 is eating
2215 133 is eating
2216 5 is thinking
2216 7 is thinking
2216 148 is eating
2216 10 is thinking
2216 1 is thinking
2217 131 is eating
2217 146 has taken a fork
2218 153 is eating
2218 126 is eating
2219 139 is eating
2219 4 is thinking
2219 125 is eating
2220 2 is thinking
2220 13 is thinking
2220 18 is thinking
2221 162 has taken a fork
2221 135 is eating
2221 70 is sleeping
2221 21 is thinking
2221 179 has taken a fork
2221 6 is thinking
2221 9 is thinking
2221 78 is sleeping
2222 29 is thinking
2222 74 is sleeping
2222 174 has taken a fork
2223 8 is thinking
2224 181 has taken a fork
2224 134 is eating
2224 23 is thinking
2224 26 is thinking
2225 24 is thinking
2225 22 is thinking
2226 12 is thinking
2227 15 is thinking
2227 14 is thinking
2227 177 has taken a fork
2227 170 has taken a fork
2227 31 is thinking
2227 76 is sleeping
2228 176 has taken a fork
2228 80 is sleeping
2229 171 has taken a fork
2229 143 is eating
2229 81 is sleeping
2230 178 has taken a fork
2230 175 has taken a fork
2230 30 is thinking
2230 82 is sleeping
2230 182 has taken a fork
2231 28 is thinking
2231 172 has taken a fork
2232 168 has taken a fork
2232 85 is sleeping
2232 184 has taken a fork
2232 91 is sleeping
2233 141 is eating
2233 180 has taken a fork
2233 86 is sleeping
2233 89 is sleeping
2233 191 has taken a fork
2235 193 has taken a fork
2235 101 is sleeping
2235 88 is sleeping
2235 87 is sleeping
2235 96 is sleeping
2236 187 has taken a fork
2236 199 has taken a fork
2237 190 has taken a fork
2238 192 has taken a fork
2239 132 is eating
2240 167 has taken a fork
2240 140 is eating
2240 92 is sleeping
2240 79 is sleeping
2240 94 is sleeping
2240 147 is eating
2241 35 is thinking
2241 90 is sleeping
2241 194 has taken a fork
2241 95 is sleeping
2241 93 is sleeping
2241 84 is sleeping
2241 98 is sleeping
2242 99 is sleeping
2242 186 has taken a fork
2243 136 is eating
2243 195 has taken a fork
2243 196 has taken a fork
2244 189 has taken a fork
2245 198 has taken a fork
2246 137 is eating
2246 183 has taken a fork
2246 173 has taken a fork
2246 200 has taken a fork
2247 130 is eating
2247 188 has taken a fork
2247 83 is sleeping
2247 97 is sleeping
2247 197 has taken a fork
2247 3 has taken a fork
2247 142 is eating
2247 138 is eating
2247 150 is eating
2248 151 is eating
2249 163 is eating
2249 25 is thinking
2250 154 is eating
2250 144 is eating
2250 17 is thinking
2250 157 is eating
2250 34 is thinking
2251 156 is eating
2251 37 is thinking
2251 152 is eating
2251 145 is eating
2252 27 is thinking
2252 102 is sleeping
2252 103 is sleeping
2252 106 is sleeping
2253 155 is eating
2253 158 is eating
2253 109 is sleeping
2253 104 is sleeping
2253 160 is eating
2253 32 is thinking
2255 33 is thinking
2255 39 is thinking
2255 100 is sleeping
2255 114 is sleeping
2255 115 is sleeping
2255 113 is sleeping
2255 105 is sleeping
2256 159 is eating
2256 20 is thinking
2256 108 is sleeping
2257 112 is sleeping
2257 166 is eating
2257 107 is sleeping
2258 185 has taken a fork
2258 149 is eating
2260 164 is eating
2260 165 is eating
2261 169 is eating
2262 161 is eating
2262 11 is thinking
2263 5 has taken a fork
2263 127 is sleeping
2263 111 is sleeping
2263 119 is sleeping
2263 7 has taken a fork
2263 10 has taken a fork
2264 1 has taken a fork
2265 36 is thinking
2265 128 is sleeping
2266 146 is eating
2266 122 is sleeping
2268 129 is sleeping
2268 47 is thinking
2269 4 has taken a fork
2271 2 has taken a fork
2271 13 has taken a fork
2271 18 has taken a fork
2272 162 is eating
2272 21 has taken a fork
2272 179 has taken a fork
2272 6 has taken a fork
2272 9 has taken a fork
2272 29 has taken a fork
2272 174 has taken a fork
2273 8 has taken a fork
2273 121 is sleeping
2273 181 has taken a fork
2273 23 has taken a fork
2273 26 has taken a fork
2273 24 has taken a fork
2273 22 has taken a fork
2273 110 is sleeping
2273 123 is sleeping
2273 117 is sleeping
2273 118 is sleeping
2273 12 has taken a fork
2274 41 is thinking
2274 124 is sleeping
2274 120 is sleeping
2274 116 is sleeping
2274 15 has taken a fork
2274 14 has taken a fork
2274 177 is eating
2274 133 is sleeping
2274 170 is eating
2275 31 has taken a fork
2275 38 is thinking
2275 176 has taken a fork
2276 42 is thinking
2276 171 has taken a fork
2277 148 is sleeping
2278 49 is thinking
2279 178 has taken a fork
2279 48 is thinking
2279 175 is eating
2279 30 has taken a fork
2279 182 has taken a fork
2280 28 has taken a fork
2280 44 is thinking
2280 172 is eating
2280 168 is eating
2280 131 is sleeping
2281 184 has taken a fork
2281 46 is thinking
2281 180 has taken a fork
2281 191 has taken a fork
2281 40 is thinking
2281 43 is thinking
2282 51 is thinking
2283 45 is thinking
2283 126 is sleeping
2283 193 has taken a fork
2283 153 is sleeping
2283 187 has taken a fork
2283 199 has taken a fork
2285 53 is thinking
2285 190 has taken a fork
2285 125 is sleeping
2285 139 is sleeping
2285 192 has taken a fork
2286 55 is thinking
2286 54 is thinking
2286 56 is thinking
2286 135 is sleeping
2286 167 is eating
2286 19 is thinking
2286 35 has taken a fork
2286 194 has taken a fork
2286 186 has taken a fork
2287 134 is sleeping
2287 52 is thinking
2287 195 has taken a fork
2288 196 has taken a fork
2288 63 is thinking
2288 189 has taken a fork
2290 50 is thinking
2291 16 is thinking
2293 60 is thinking
2293 198 has taken a fork
2294 67 is thinking
2294 58 is thinking
2296 65 is thinking
2297 57 is thinking
2297 59 is thinking
2298 183 has taken a fork
2298 173 is eating
2298 200 has taken a fork
2300 62 is thinking
2302 61 is thinking
2302 188 has taken a fork
2302 197 has taken a fork
2302 3 has taken a fork
2304 25 has taken a fork
2305 68 is thinking
2306 64 is thinking
2306 17 has taken a fork
2306 143 is sleeping
2307 34 has taken a fork
2307 37 has taken a fork
2307 27 has taken a fork
2307 141 is sleeping
2307 32 has taken a fork
2307 33 has taken a fork
2307 39 has taken a fork
2308 20 has taken a fork
2309 71 is thinking
2310 72 is thinking
2311 66 is thinking
2311 185 has taken a fork
2312 69 is thinking
2314 77 is thinking
2315 132 is sleeping
2315 140 is sleeping
2315 147 is sleeping
2316 11 has taken a fork
2316 5 has taken a fork
2316 7 has taken a fork
2317 10 has taken a fork
2317 136 is sleeping
2317 1 has taken a fork
2317 36 has taken a fork
2317 137 is sleeping
2318 75 is thinking
2319 47 has taken a fork
2319 4 has taken a fork
2319 130 is sleeping
2319 138 is sleeping
2319 142 is sleeping
2319 150 is sleeping
2319 73 is thinking
2319 2 has taken a fork
2319 13 has taken a fork
2319 18 has taken a fork
2319 21 has taken a fork
2319 179 is eating
2319 6 has taken a fork
2319 151 is sleeping
2320 9 has taken a fork
2320 29 has taken a fork
2320 174 is eating
2320 8 has taken a fork
2320 163 is sleeping
2321 181 is eating
2321 23 has taken a fork
2321 26 has taken a fork
2321 24 has taken a fork
2321 22 has taken a fork
2321 12 has taken a fork
2321 154 is sleeping
2321 144 is sleeping
2322 157 is sleeping
2323 41 has taken a fork
2323 15 has taken a fork
2323 14 has taken a fork
2323 156 is sleeping
2323 145 is sleeping
2323 31 has taken a fork
2323 152 is sleeping
2324 38 has taken a fork
2324 176 is eating
2326 42 has taken a fork
2326 171 is eating
2327 155 is sleeping
2327 160 is sleeping
2327 158 is sleeping
2329 49 has taken a fork
2329 178 is eating
2330 166 is sleeping
2330 159 is sleeping
2330 48 has taken a fork
2331 30 has taken a fork
2331 182 is eating
2331 28 has taken a fork
2332 149 is sleeping
2332 44 has taken a fork
2332 184 is eating
2333 164 is sleeping
2333 165 is sleeping
2333 46 has taken a fork
2333 180 is eating
2333 191 is eating
2335 40 has taken a fork
2336 43 has taken a fork
2336 169 is sleeping
2337 51 has taken a fork
2338 161 is sleeping
2338 45 has taken a fork
2338 193 is eating
2338 187 is eating
2339 199 is eating
2339 53 has taken a fork
2339 190 is eating
2339 192 is eating
2339 55 has taken a fork
2339 54 has taken a fork
2339 56 has taken a fork
2339 19 has taken a fork
2339 35 has taken a fork
2339 194 is eating
2339 186 is eating
2340 52 has taken a fork
2340 195 is eating
2340 196 is eating
2340 63 has taken a fork
2340 189 is eating
2340 146 is sleeping
2340 50 has taken a fork
2341 16 has taken a fork
2342 60 has taken a fork
2343 198 is eating
2343 162 is sleeping
2344 67 has taken a fork
2344 58 has taken a fork
2345 65 has taken a fork
2346 177 is sleeping
2346 170 is sleeping
2346 57 has taken a fork
2346 59 has taken a fork
2349 183 is eating
2349 200 is eating
2349 62 has taken a fork
2350 175 is sleeping
2350 172 is sleeping
2351 61 has taken a fork
2352 188 is eating
2352 197 is eating
2352 3 is eating
2352 168 is sleeping
2352 25 has taken a fork
2353 68 has taken a fork
2353 64 has taken a fork
2353 17 has taken a fork
2354 34 has taken a fork
2355 37 has taken a fork
2356 27 has taken a fork
2357 32 has taken a fork
2357 33 has taken a fork
2358 39 has taken a fork
2359 167 is sleeping
2359 20 has taken a fork
2361 71 has taken a fork
2361 72 has taken a fork
2361 66 has taken a fork
2361 185 is eating
2361 69 has taken a fork
2363 77 has taken a fork
2363 173 is sleeping
2364 11 has taken a fork
2364 5 is eating
2364 7 is eating
2365 10 is eating
2365 1 is eating
2365 36 has taken a fork
2365 75 has taken a fork
2365 47 has taken a fork
2366 4 is eating
2366 73 has taken a fork
2367 2 is eating
2367 13 is eating
2367 18 is eating
2367 21 is eating
2367 6 is eating
2367 9 is eating
2367 29 is eating
2368 8 is eating
2368 23 is eating
2368 26 is eating
2369 24 is eating
2369 22 is eating
2369 12 is eating
2370 78 is thinking
2371 70 is thinking
2372 74 is thinking
2373 41 has taken a fork
2373 15 is eating
2374 14 is eating
2374 31 is eating
2375 38 has taken a fork
2375 42 has taken a fork
2376 81 is thinking
2379 80 is thinking
2380 49 has taken a fork
2381 76 is thinking
2381 82 is thinking
2382 48 has taken a fork
2382 30 is eating
2382 28 is eating
2382 44 has taken a fork
2382 91 is thinking
2383 85 is thinking
2385 46 has taken a fork
2385 86 is thinking
2385 89 is thinking
2385 40 has taken a fork
2386 96 is thinking
2386 101 is thinking
2386 88 is thinking
2387 87 is thinking
2387 43 has taken a fork
2388 51 has taken a fork
2388 179 is sleeping
2389 53 has taken a fork
2390 55 has taken a fork
2390 54 has taken a fork
2391 56 has taken a fork
2391 19 has taken a fork
2391 35 is eating
2392 94 is thinking
2392 92 is thinking
2392 79 is thinking
2394 45 has taken a fork
2394 52 has taken a fork
2395 63 has taken a fork
2395 50 has taken a fork
2395 174 is sleeping
2395 90 is thinking
2396 16 has taken a fork
2396 93 is thinking
2397 84 is thinking
2397 95 is thinking
2397 181 is sleeping
2397 99 is thinking
2397 60 has taken a fork
2397 98 is thinking
2397 67 has taken a fork
2397 58 has taken a fork
2398 65 has taken a fork
2398 57 has taken a fork
2398 59 has taken a fork
2398 176 is sleeping
2398 83 is thinking
2398 97 is thinking
2398 171 is sleeping
2398 62 has taken a fork
2398 178 is sleeping
2398 61 has taken a fork
2398 25 is eating
2398 102 is thinking
2398 106 is thinking
2398 103 is thinking
2398 182 is sleeping
2399 109 is thinking
2399 104 is thinking
2399 68 has taken a fork
2400 64 has taken a fork
2400 17 is eating
2400 34 is eating
2400 114 is thinking
2400 184 is sleeping
2400 115 is thinking
2400 37 is eating
2400 100 is thinking
2400 113 is thinking
2400 105 is thinking
2400 180 is sleeping
2400 27 is eating
2400 32 is eating
2400 108 is thinking
2400 112 is thinking
2400 107 is thinking
2401 191 is sleeping
2401 33 is eating
2401 39 is eating
2401 193 is sleeping
2401 20 is eating
2401 71 has taken a fork
2402 72 has taken a fork
2403 66 has taken a fork
2403 187 is sleeping
2403 190 is sleeping
2403 192 is sleeping
2403 199 is sleeping
2403 69 has taken a fork
2403 194 is sleeping
2403 127 is thinking
2403 111 is thinking
2404 119 is thinking
2408 77 has taken a fork
2408 186 is sleeping
2408 11 is eating
2409 189 is sleeping
2409 196 is sleeping
2409 128 is thinking
2409 195 is sleeping
2409 36 is eating
2409 75 has taken a fork
2409 47 is eating
2409 122 is thinking
2411 73 has taken a fork
2411 198 is sleeping
2411 129 is thinking
2412 78 has taken a fork
2412 183 is sleeping
2412 70 has taken a fork
2412 200 is sleeping
2412 74 has taken a fork
2413 117 is thinking
2413 110 is thinking
2413 121 is thinking
2414 123 is thinking
2416 118 is thinking
2416 188 is sleeping
2416 41 is eating
2417 124 is thinking
2417 116 is thinking
2418 133 is thinking
2418 197 is sleeping
2418 3 is sleeping
2419 120 is thinking
2420 38 is eating
2420 42 is eating
2420 81 has taken a fork
2420 148 is thinking
2420 80 has taken a fork
2421 131 is thinking
2421 49 is eating
2421 76 has taken a fork
2422 82 has taken a fork
2422 48 is eating
2423 44 is eating
2424 91 has taken a fork
2424 85 has taken a fork
2425 126 is thinking
2426 153 is thinking
2427 125 is thinking
2427 46 is eating
2427 139 is thinking
2428 86 has taken a fork
2428 89 has taken a fork
2429 40 is eating
2429 135 is thinking
2429 96 has taken a fork
2429 101 has taken a fork
2430 88 has taken a fork
2431 134 is thinking
2431 185 is sleeping
2432 87 has taken a fork
2432 43 is eating
2432 51 is eating
2432 53 is eating
2432 5 is sleeping
2433 55 is eating
2433 7 is sleeping
2433 54 is eating
2433 1 is sleeping
2433 10 is sleeping
2433 56 is eating
2434 19 is eating
2435 94 has taken a fork
2435 92 has taken a fork
2437 79 has taken a fork
2437 4 is sleeping
2437 18 is sleeping
2437 13 is sleeping
2438 6 is sleeping
2438 21 is sleeping
2438 45 is eating
2438 9 is sleeping
2438 52 is eating
2439 2 is sleeping
2439 29 is sleeping
2440 63 is eating
2440 50 is eating
2441 90 has taken a fork
2442 26 is sleeping
2442 8 is sleeping
2442 16 is eating
2442 23 is sleeping
2442 93 has taken a fork
2442 22 is sleeping
2442 24 is sleeping
2445 84 has taken a fork
2446 95 has taken a fork
2446 99 has taken a fork
2446 60 is eating
2447 98 has taken a fork
2448 67 is eating
2448 58 is eating
2448 12 is sleeping
2448 65 is eating
2449 57 is eating
2449 59 is eating
2449 83 has taken a fork
2449 97 has taken a fork
2450 62 is eating
2450 61 is eating
2450 102 has taken a fork
2450 106 has taken a fork
2450 103 has taken a fork
2450 109 has taken a fork
2450 104 has taken a fork
2450 68 is eating
2450 64 is eating
2450 15 is sleeping
2452 114 has taken a fork
2452 115 has taken a fork
2452 100 has taken a fork
2452 113 has taken a fork
2452 105 has taken a fork
2453 108 has taken a fork
2453 112 has taken a fork
2453 107 has taken a fork
2453 14 is sleeping
2453 31 is sleeping
2455 71 is eating
2455 72 is eating
2457 66 is eating
2457 69 is eating
2458 127 has taken a fork
2459 111 has taken a fork
2460 119 has taken a fork
2461 30 is sleeping
2461 28 is sleeping
2461 141 is thinking
2462 143 is thinking
2463 77 is eating
2464 128 has taken a fork
2464 75 is eating
2465 122 has taken a fork
2467 73 is eating
2468 129 has taken a fork
2468 78 has taken a fork
2468 70 has taken a fork
2468 74 has taken a fork
2469 117 has taken a fork
2469 110 has taken a fork
2470 121 has taken a fork
2473 123 has taken a fork
2473 35 is sleeping
2474 140 is thinking
2475 147 is thinking
2475 132 is thinking
2477 118 has taken a fork
2477 136 is thinking
2477 137 is thinking
2478 124 has taken a fork
2478 150 is thinking
2478 151 is thinking
2480 130 is thinking
2480 138 is thinking
2480 142 is thinking
2481 81 has taken a fork
2482 80 has taken a fork
2483 163 is thinking
2483 154 is thinking
2484 144 is thinking
2486 76 has taken a fork
2486 157 is thinking
2488 82 has taken a fork
2488 156 is thinking
2488 145 is thinking
2489 25 is sleeping
2490 152 is thinking
2490 91 has taken a fork
2491 85 has taken a fork
2491 17 is sleeping
2491 34 is sleeping
2492 116 has taken a fork
2492 133 has taken a fork
2493 120 has taken a fork
2493 37 is sleeping
2494 131 has taken a fork
2495 27 is sleeping
2495 32 is sleeping
2495 160 is thinking
2496 155 is thinking
2496 158 is thinking
2497 126 has taken a fork
2498 148 has taken a fork
2498 39 is sleeping
2498 153 has taken a fork
2498 33 is sleeping
2499 86 has taken a fork
2499 125 has taken a fork
2500 89 has taken a fork
2500 20 is sleeping
2500 139 has taken a fork
2501 96 has taken a fork
2501 101 has taken a fork
2502 166 is thinking
2504 88 has taken a fork
2504 159 is thinking
2504 149 is thinking
2504 87 has taken a fork
2505 164 is thinking
2505 165 is thinking
2505 11 is sleeping
2505 94 has taken a fork
2505 92 has taken a fork
2506 135 has taken a fork
2506 36 is sleeping
2507 79 has taken a fork
2507 169 is thinking
2509 134 has taken a fork
2510 161 is thinking
2510 47 is sleeping
2510 146 is thinking
2511 90 has taken a fork
2511 93 has taken a fork
2512 162 is thinking
2512 41 is sleeping
2513 84 has taken a fork
2513 177 is thinking
2513 170 is thinking
2513 95 has taken a fork
2513 99 has taken a fork
2514 98 has taken a fork
2517 38 is sleeping
2518 42 is sleeping
2521 83 has taken a fork
2521 97 has taken a fork
2521 175 is thinking
2521 172 is thinking
2521 49 is sleeping
2521 102 has taken a fork
2521 106 has taken a fork
2521 103 has taken a fork
2521 109 has taken a fork
2522 104 has taken a fork
2522 48 is sleeping
2522 44 is sleeping
2522 168 is thinking
2522 114 has taken a fork
2522 115 has taken a fork
2522 100 has taken a fork
2522 113 has taken a fork
2522 105 has taken a fork
2522 108 has taken a fork
2522 112 has taken a fork
2522 107 has taken a fork
2522 46 is sleeping
2522 40 is sleeping
2522 51 is sleeping
2522 43 is sleeping
2522 127 has taken a fork
2522 53 is sleeping
2522 111 has taken a fork
2522 167 is thinking
2522 19 is sleeping
2522 56 is sleeping
2522 55 is sleeping
2522 54 is sleeping
2522 119 has taken a fork
2522 45 is sleeping
2522 141 has taken a fork
2523 143 has taken a fork
2523 52 is sleeping
2523 173 is thinking
2523 128 has taken a fork
2523 63 is sleeping
2523 122 has taken a fork
2523 50 is sleeping
2524 16 is sleeping
2524 129 has taken a fork
2524 78 is eating
2524 70 is eating
2524 74 is eating
2525 117 has taken a fork
2528 110 has taken a fork
2528 60 is sleeping
2529 121 has taken a fork
2529 58 is sleeping
2529 59 is sleeping
2529 57 is sleeping
2529 65 is sleeping
2529 67 is sleeping
2529 123 has taken a fork
2529 140 has taken a fork
2529 147 has taken a fork
2530 62 is sleeping
2530 132 has taken a fork
2530 61 is sleeping
2530 118 has taken a fork
2530 137 has taken a fork
2530 136 has taken a fork
2530 64 is sleeping
2531 68 is sleeping
2531 124 has taken a fork
2531 150 has taken a fork
2531 151 has taken a fork
2531 130 has taken a fork
2531 138 has taken a fork
2531 142 has taken a fork
2531 81 is eating
2531 80 is eating
2532 71 is sleeping
2532 163 has taken a fork
2532 72 is sleeping
2532 154 has taken a fork
2533 66 is sleeping
2533 144 has taken a fork
2533 69 is sleeping
2533 76 is eating
2533 157 has taken a fork
2533 82 is eating
2533 179 is thinking
2533 156 has taken a fork
2533 145 has taken a fork
2534 152 has taken a fork
2534 91 is eating
2534 77 is sleeping
2534 85 is eating
2534 116 has taken a fork
2534 75 is sleeping
2535 133 has taken a fork
2535 73 is sleeping
2535 120 has taken a fork
2536 131 has taken a fork
2537 174 is thinking
2537 160 has taken a fork
2537 155 has taken a fork
2537 158 has taken a fork
2537 181 is thinking
2537 126 has taken a fork
2537 176 is thinking
2538 171 is thinking
2538 178 is thinking
2538 148 has taken a fork
2538 153 has taken a fork
2538 182 is thinking
2538 86 is eating
2538 125 has taken a fork
2540 184 is thinking
2540 180 is thinking
2540 89 is eating
2540 139 has taken a fork
2541 193 is thinking
2541 191 is thinking
2541 96 is eating
2541 101 is eating
2541 166 has taken a fork
2541 187 is thinking
2541 194 is thinking
2542 190 is thinking
2543 199 is thinking
2544 192 is thinking
2544 88 is eating
2544 159 has taken a fork
2544 149 has taken a fork
2544 87 is eating
2544 164 has taken a fork
2544 165 has taken a fork
2544 94 is eating
2544 92 is eating
2544 135 has taken a fork
2544 79 is eating
2544 169 has taken a fork
2544 186 is thinking
2545 195 is thinking
2545 196 is thinking
2545 189 is thinking
2546 134 has taken a fork
2546 161 has taken a fork
2546 146 has taken a fork
2546 198 is thinking
2546 90 is eating
2546 93 is eating
2547 183 is thinking
2547 162 has taken a fork
2547 200 is thinking
2547 84 is eating
2547 177 has taken a fork
2547 170 has taken a fork
2547 95 is eating
2547 99 is eating
2547 98 is eating
2547 188 is thinking
2548 197 is thinking
2549 3 is thinking
2550 83 is eating
2550 97 is eating
2550 175 has taken a fork
2550 172 has taken a fork
2550 102 is eating
2550 106 is eating
2550 103 is eating
2550 109 is eating
2550 104 is eating
2550 168 has taken a fork
2550 114 is eating
2550 115 is eating
2550 100 is eating
2551 113 is eating
2551 105 is eating
2551 108 is eating
2551 112 is eating
2551 107 is eating
2551 127 is eating
2551 111 is eating
2552 167 has taken a fork
2553 119 is eating
2553 141 has taken a fork
2554 143 has taken a fork
2554 173 has taken a fork
2555 128 is eating
2555 122 is eating
2555 129 is eating
2556 117 is eating
2558 110 is eating
2559 121 is eating
2561 123 is eating
2562 140 has taken a fork
2562 147 has taken a fork
2562 132 has taken a fork
2562 118 is eating
2562 137 has taken a fork
2562 136 has taken a fork
2565 185 is thinking
2567 124 is eating
2567 150 has taken a fork
2567 151 has taken a fork
2567 130 has taken a fork
2567 138 has taken a fork
2567 142 has taken a fork
2567 5 is thinking
2568 163 has taken a fork
2568 154 has taken a fork
2569 10 is thinking
2569 144 has taken a fork
2570 7 is thinking
2570 1 is thinking
2570 157 has taken a fork
2570 156 has taken a fork
2571 145 has taken a fork
2571 152 has taken a fork
2571 116 is eating
2571 133 is eating
2571 120 is eating
2573 131 is eating
2573 13 is thinking
2573 18 is thinking
2573 4 is thinking
2573 160 has taken a fork
2573 155 has taken a fork
2573 158 has taken a fork
2573 126 is eating
2574 6 is thinking
2574 9 is thinking
2576 21 is thinking
2576 148 is eating
2576 153 is eating
2576 125 is eating
2576 29 is thinking
2577 2 is thinking
2577 139 is eating
2577 166 has taken a fork
2577 23 is thinking
2577 8 is thinking
2578 22 is thinking
2578 26 is thinking
2579 24 is thinking
2579 159 has taken a fork
2579 149 has taken a fork
2579 164 has taken a fork
2579 165 has taken a fork
2579 135 is eating
2579 169 has taken a fork
2579 161 has taken a fork
2580 134 is eating
2581 146 has taken a fork
2581 78 is sleeping
2582 179 has taken a fork
2583 162 has taken a fork
2583 177 has taken a fork
2583 170 has taken a fork
2584 70 is sleeping
2584 74 is sleeping
2584 174 has taken a fork
2585 181 has taken a fork
2585 12 is thinking
2585 175 has taken a fork
2585 172 has taken a fork
2585 15 is thinking
2585 168 has taken a fork
2585 167 has taken a fork
2585 141 is eating
2586 31 is thinking
2586 14 is thinking
2586 81 is sleeping
2586 143 is eating
2586 176 has taken a fork
2586 173 has taken a fork
2587 80 is sleeping
2587 171 has taken a fork
2587 82 is sleeping
2587 76 is sleeping
2588 91 is sleeping
2588 184 has taken a fork
2588 182 has taken a fork
2588 178 has taken a fork
2588 85 is sleeping
2588 180 has taken a fork
2588 28 is thinking
2588 140 is eating
2588 147 is eating
2588 132 is eating
2588 137 is eating
2588 136 is eating
2588 86 is sleeping
2590 193 has taken a fork
2590 30 is thinking
2590 89 is sleeping
2590 101 is sleeping
2590 96 is sleeping
2591 194 has taken a fork
2591 88 is sleeping
2591 87 is sleeping
2592 191 has taken a fork
2593 190 has taken a fork
2594 187 has taken a fork
2594 199 has taken a fork
2594 150 is eating
2595 151 is eating
2595 130 is eating
2595 138 is eating
2595 142 is eating
2595 163 is eating
2595 94 is sleeping
2595 92 is sleeping
2595 154 is eating
2596 79 is sleeping
2598 192 has taken a fork
2598 186 has taken a fork
2598 195 has taken a fork
2598 144 is eating
2599 157 is eating
2599 156 is eating
2599 145 is eating
2599 93 is sleeping
2599 90 is sleeping
2599 196 has taken a fork
2601 189 has taken a fork
2601 152 is eating
2601 98 is sleeping
2601 198 has taken a fork
2601 84 is sleeping
2601 183 has taken a fork
2602 95 is sleeping
2602 200 has taken a fork
2602 99 is sleeping
2606 188 has taken a fork
2606 35 is thinking
2607 160 is eating
2607 155 is eating
2607 158 is eating
2607 102 is sleeping
2607 83 is sleeping
2609 3 has taken a fork
2609 106 is sleeping
2609 97 is sleeping
2609 103 is sleeping
2609 5 has taken a fork
2609 10 has taken a fork
2610 197 has taken a fork
2612 185 has taken a fork
2612 115 is sleeping
2612 104 is sleeping
2612 109 is sleeping
2612 13 has taken a fork
2612 112 is sleeping
2612 108 is sleeping
2612 100 is sleeping
2612 6 has taken a fork
2612 107 is sleeping
2612 113 is sleeping
2613 114 is sleeping
2614 21 has taken a fork
2614 105 is sleeping
2616 7 has taken a fork
2617 1 has taken a fork
2617 9 has taken a fork
2617 29 has taken a fork
2618 4 has taken a fork
2620 18 has taken a fork
2620 111 is sleeping
2621 127 is sleeping
2621 2 has taken a fork
2621 166 is eating
2621 23 has taken a fork
2621 8 has taken a fork
2621 119 is sleeping
2621 159 is eating
2621 149 is eating
2621 164 is eating
2622 22 has taken a fork
2623 165 is eating
2623 169 is eating
2624 161 is eating
2625 146 is eating
2625 128 is sleeping
2625 122 is sleeping
2625 26 has taken a fork
2625 24 has taken a fork
2625 179 has taken a fork
2625 129 is sleeping
2627 162 is eating
2628 177 is eating
2628 170 is eating
2628 174 has taken a fork
2629 117 is sleeping
2629 181 has taken a fork
2629 12 has taken a fork
2629 175 is eating
2630 172 is eating
2633 15 has taken a fork
2633 168 is eating
2634 167 is eating
2634 110 is sleeping
2634 121 is sleeping
2634 31 has taken a fork
2634 14 has taken a fork
2635 176 has taken a fork
2635 173 is eating
2635 171 has taken a fork
2635 184 has taken a fork
2635 182 has taken a fork
2635 178 has taken a fork
2635 180 has taken a fork
2635 123 is sleeping
2635 25 is thinking
2635 118 is sleeping
2637 28 has taken a fork
2639 193 has taken a fork
2639 30 has taken a fork
2640 34 is thinking
2643 17 is thinking
2644 194 has taken a fork
2644 124 is sleeping
2645 191 has taken a fork
2645 37 is thinking
2646 190 has taken a fork
2647 187 has taken a fork
2647 199 has taken a fork
2648 27 is thinking
2648 32 is thinking
2648 120 is sleeping
2648 116 is sleeping
2648 133 is sleeping
2649 39 is thinking
2649 33 is thinking
2649 192 has taken a fork
2649 186 has taken a fork
2650 195 has taken a fork
2650 196 has taken a fork
2650 126 is sleeping
2650 20 is thinking
2650 131 is sleeping
2650 189 has taken a fork
2650 198 has taken a fork
2650 183 has taken a fork
2651 153 is sleeping
2651 148 is sleeping
2651 125 is sleeping
2651 200 has taken a fork
2651 139 is sleeping
2651 11 is thinking
2651 188 has taken a fork
2651 36 is thinking
2651 35 has taken a fork
2651 135 is sleeping
2651 134 is sleeping
2652 3 has taken a fork
2652 5 has taken a fork
2652 10 has taken a fork
2652 47 is thinking
2653 197 has taken a fork
2654 185 has taken a fork
2654 13 has taken a fork
2654 41 is thinking
2655 6 has taken a fork
2655 21 has taken a fork
2655 7 has taken a fork
2656 38 is thinking
2656 1 has taken a fork
2656 9 has taken a fork
2656 29 has taken a fork
2656 42 is thinking
2657 4 has taken a fork
2659 18 has taken a fork
2659 49 is thinking
2659 2 has taken a fork
2659 23 has taken a fork
2659 8 has taken a fork
2660 45 is thinking
2661 54 is thinking
2662 55 is thinking
2662 40 is thinking
2664 43 is thinking
2664 51 is thinking
2668 53 is thinking
2669 46 is thinking
2669 56 is thinking
2670 44 is thinking
2670 19 is thinking
2670 48 is thinking
2671 22 has taken a fork
2671 52 is thinking
2672 141 is sleeping
2672 63 is thinking
2672 50 is thinking
2672 143 is sleeping
2672 16 is thinking
2672 26 has taken a fork
2673 24 has taken a fork
2673 179 is eating
2673 60 is thinking
2674 174 is eating
2674 58 is thinking
2675 57 is thinking
2676 59 is thinking
2677 67 is thinking
2677 65 is thinking
2677 181 is eating
2677 12 has taken a fork
2677 64 is thinking
2677 62 is thinking
2677 61 is thinking
2677 140 is sleeping
2677 147 is sleeping
2677 132 is sleeping
2677 72 is thinking
2677 66 is thinking
2677 15 has taken a fork
2677 71 is thinking
2677 68 is thinking
2678 137 is sleeping
2678 69 is thinking
2678 136 is sleeping
2678 75 is thinking
2680 77 is thinking
2680 31 has taken a fork
2680 14 has taken a fork
2680 73 is thinking
2681 176 is eating
2681 171 is eating
2682 184 is eating
2682 182 is eating
2683 178 is eating
2683 180 is eating
2683 25 has taken a fork
2683 150 is sleeping
2683 151 is sleeping
2684 28 has taken a fork
2684 142 is sleeping
2684 138 is sleeping
2684 130 is sleeping
2685 193 is eating
2685 154 is sleeping
2685 163 is sleeping
2685 30 has taken a fork
2685 34 has taken a fork
2685 144 is sleeping
2685 157 is sleeping
2685 17 has taken a fork
2686 156 is sleeping
2686 145 is sleeping
2686 194 is eating
2686 191 is eating
2688 37 has taken a fork
2689 152 is sleeping
2692 190 is eating
2693 187 is eating
2693 199 is eating
2693 32 has taken a fork
2693 27 has taken a fork
2694 39 has taken a fork
2694 33 has taken a fork
2694 192 is eating
2694 186 is eating
2695 195 is eating
2695 196 is eating
2695 20 has taken a fork
2695 189 is eating
2697 198 is eating
2697 183 is eating
2697 160 is sleeping
2697 200 is eating
2698 11 has taken a fork
2698 188 is eating
2698 36 has taken a fork
2700 35 has taken a fork
2700 3 is eating
2700 5 is eating
2700 158 is sleeping
2700 155 is sleeping
2700 10 is eating
2702 47 has taken a fork
2704 197 is eating
2704 185 is eating
2705 13 is eating
2707 41 has taken a fork
2707 6 is eating
2707 21 is eating
2707 7 is eating
2707 38 has taken a fork
2707 1 is eating
2707 9 is eating
2707 29 is eating
2707 42 has taken a fork
2707 4 is eating
2707 18 is eating
2707 49 has taken a fork
2707 2 is eating
2707 23 is eating
2707 8 is eating
2710 45 has taken a fork
2711 54 has taken a fork
2711 166 is sleeping
2711 55 has taken a fork
2711 40 has taken a fork
2711 149 is sleeping
2711 164 is sleeping
2711 159 is sleeping
2712 165 is sleeping
2712 43 has taken a fork
2713 51 has taken a fork
2714 169 is sleeping
2714 161 is sleeping
2714 146 is sleeping
2715 53 has taken a fork
2716 46 has taken a fork
2716 44 has taken a fork
2716 56 has taken a fork
2716 162 is sleeping
2719 19 has taken a fork
2720 48 has taken a fork
2720 22 is eating
2720 170 is sleeping
2721 177 is sleeping
2721 52 has taken a fork
2722 63 has taken a fork
2724 50 has taken a fork
2725 16 has taken a fork
2725 26 is eating
2726 24 is eating
2726 60 has taken a fork
2726 58 has taken a fork
2726 175 is sleeping
2726 57 has taken a fork
2726 172 is sleeping
2726 59 has taken a fork
2726 67 has taken a fork
2726 65 has taken a fork
2726 12 is eating
2728 64 has taken a fork
2730 62 has taken a fork
2731 61 has taken a fork
2731 72 has taken a fork
2732 66 has taken a fork
2732 15 is eating
2732 71 has taken a fork
2732 167 is sleeping
2732 168 is sleeping
2732 68 has taken a fork
2732 69 has taken a fork
2732 75 has taken a fork
2732 173 is sleeping
2736 77 has taken a fork
2736 31 is eating
2736 14 is eating
2736 73 has taken a fork
2736 78 is thinking
2737 25 has taken a fork
2738 70 is thinking
2740 28 is eating
2743 74 is thinking
2743 30 is eating
2743 34 has taken a fork
2743 17 has taken a fork
2746 81 is thinking
2746 82 is thinking
2747 85 is thinking
2748 86 is thinking
2748 37 has taken a fork
2749 80 is thinking
2749 76 is thinking
2750 91 is thinking
2752 88 is thinking
2753 101 is thinking
2754 89 is thinking
2755 96 is thinking
2756 87 is thinking
2756 32 has taken a fork
2756 27 has taken a fork
2756 39 has taken a fork
2757 33 has taken a fork
2758 94 is thinking
2758 92 is thinking
2759 20 has taken a fork
2759 79 is thinking
2760 11 has taken a fork
2760 36 has taken a fork
2760 90 is thinking
2761 93 is thinking
2761 35 is eating
2761 98 is thinking
2762 84 is thinking
2763 47 has taken a fork
2763 99 is thinking
2763 95 is thinking
2764 102 is thinking
2764 41 has taken a fork
2764 83 is thinking
2766 38 has taken a fork
2766 42 has taken a fork
2766 49 has taken a fork
2767 103 is thinking
2767 179 is sleeping
2768 45 has taken a fork
2768 106 is thinking
2769 97 is thinking
2769 54 has taken a fork
2769 55 has taken a fork
2769 40 has taken a fork
2769 174 is sleeping
2770 112 is thinking
2770 115 is thinking
2771 104 is thinking
2772 113 is thinking
2772 109 is thinking
2772 108 is thinking
2772 100 is thinking
2772 107 is thinking
2772 43 has taken a fork
2772 114 is thinking
2772 51 has taken a fork
2773 181 is sleeping
2773 105 is thinking
2773 53 has taken a fork
2773 46 has taken a fork
2773 44 has taken a fork
2773 56 has taken a fork
2773 19 has taken a fork
2773 176 is sleeping
2773 111 is thinking
2773 184 is sleeping
2773 171 is sleeping
2773 48 has taken a fork
2773 182 is sleeping
2773 180 is sleeping
2773 127 is thinking
2773 119 is thinking
2773 178 is sleeping
2773 52 has taken a fork
2773 63 has taken a fork
2773 50 has taken a fork
2773 16 has taken a fork
2773 193 is sleeping
2774 60 has taken a fork
2774 58 has taken a fork
2774 57 has taken a fork
2774 59 has taken a fork
2774 67 has taken a fork
2774 65 has taken a fork
2774 129 is thinking
2774 122 is thinking
2774 194 is sleeping
2775 128 is thinking
2775 191 is sleeping
2775 64 has taken a fork
2775 117 is thinking
2775 62 has taken a fork
2775 199 is sleeping
2775 61 has taken a fork
2775 190 is sleeping
2775 187 is sleeping
2775 192 is sleeping
2776 72 has taken a fork
2776 66 has taken a fork
2776 71 has taken a fork
2776 186 is sleeping
2777 68 has taken a fork
2777 69 has taken a fork
2777 75 has taken a fork
2777 195 is sleeping
2777 196 is sleeping
2777 189 is sleeping
2777 183 is sleeping
2777 188 is sleeping
2778 200 is sleeping
2778 123 is thinking
2778 77 has taken a fork
2778 121 is thinking
2778 110 is thinking
2778 118 is thinking
2779 198 is sleeping
2779 73 has taken a fork
2779 25 is eating
2779 5 is sleeping
2779 10 is sleeping
2779 3 is sleeping
2779 70 has taken a fork
2781 78 has taken a fork
2781 13 is sleeping
2781 185 is sleeping
2781 197 is sleeping
2782 9 is sleeping
2782 8 is sleeping
2782 21 is sleeping
2783 23 is sleeping
2783 6 is sleeping
2783 2 is sleeping
2783 29 is sleeping
2783 1 is sleeping
2784 7 is sleeping
2784 18 is sleeping
2784 4 is sleeping
2785 74 has taken a fork
2785 34 is eating
2785 17 is eating
2785 124 is thinking
2785 81 has taken a fork
2785 82 has taken a fork
2786 85 has taken a fork
2786 116 is thinking
2787 133 is thinking
2787 120 is thinking
2788 86 has taken a fork
2788 37 is eating
2788 80 has taken a fork
2788 76 has taken a fork
2789 131 is thinking
2789 22 is sleeping
2790 126 is thinking
2790 91 has taken a fork
2791 135 is thinking
2793 125 is thinking
2794 139 is thinking
2795 148 is thinking
2798 134 is thinking
2799 153 is thinking
2799 88 has taken a fork
2799 101 has taken a fork
2800 26 is sleeping
2800 24 is sleeping
2800 89 has taken a fork
2801 96 has taken a fork
2801 12 is sleeping
2801 87 has taken a fork
2801 32 is eating
2801 27 is eating
2802 39 is eating
2802 33 is eating
2802 94 has taken a fork
2803 92 has taken a fork
2803 15 is sleeping
2803 20 is eating
2803 79 has taken a fork
2804 11 is eating
2804 36 is eating
2804 90 has taken a fork
2804 14 is sleeping
2804 31 is sleeping
2805 93 has taken a fork
2805 98 has taken a fork
2806 84 has taken a fork
2806 47 is eating
2806 99 has taken a fork
2807 95 has taken a fork
2807 102 has taken a fork
2807 41 is eating
2808 83 has taken a fork
2809 28 is sleeping
2809 38 is eating
2809 42 is eating
2809 49 is eating
2809 103 has taken a fork
2810 30 is sleeping
2810 45 is eating
2810 106 has taken a fork
2810 97 has taken a fork
2810 54 is eating
2810 55 is eating
2810 40 is eating
2810 112 has taken a fork
2810 115 has taken a fork
2810 104 has taken a fork
2812 141 is thinking
2812 109 has taken a fork
2813 108 has taken a fork
2813 100 has taken a fork
2815 113 has taken a fork
2816 107 has taken a fork
2817 143 is thinking
2818 43 is eating
2818 114 has taken a fork
2819 51 is eating
2819 105 has taken a fork
2820 53 is eating
2820 46 is eating
2820 44 is eating
2820 56 is eating
2821 19 is eating
2821 111 has taken a fork
2821 48 is eating
2821 127 has taken a fork
2821 119 has taken a fork
2822 52 is eating
2822 63 is eating
2822 50 is eating
2822 16 is eating
2823 60 is eating
2823 58 is eating
2824 57 is eating
2824 59 is eating
2824 67 is eating
2824 65 is eating
2825 129 has taken a fork
2825 122 has taken a fork
2825 128 has taken a fork
2826 64 is eating
2827 117 has taken a fork
2827 62 is eating
2828 61 is eating
2828 72 is eating
2828 66 is eating
2829 71 is eating
2830 68 is eating
2830 69 is eating
2830 75 is eating
2831 123 has taken a fork
2831 140 is thinking
2832 132 is thinking
2833 137 is thinking
2835 136 is thinking
2838 147 is thinking
2839 77 is eating
2839 121 has taken a fork
2839 110 has taken a fork
2840 118 has taken a fork
2840 73 is eating
2840 70 has taken a fork
2840 78 has taken a fork
2840 35 is sleeping
2840 142 is thinking
2840 144 is thinking
2845 163 is thinking
2846 151 is thinking
2847 138 is thinking
2852 150 is thinking
2853 74 has taken a fork
2853 130 is thinking
2853 157 is thinking
2853 154 is thinking
2853 124 has taken a fork
2853 81 has taken a fork
2853 82 has taken a fork
2853 85 has taken a fork
2857 156 is thinking
2859 145 is thinking
2859 86 has taken a fork
2860 80 has taken a fork
2860 76 has taken a fork
2860 152 is thinking
2860 91 has taken a fork
2861 160 is thinking
2861 88 has taken a fork
2861 101 has taken a fork
2862 158 is thinking
2863 155 is thinking
2863 89 has taken a fork
2864 96 has taken a fork
2864 87 has taken a fork
2865 94 has taken a fork
2865 92 has taken a fork
2865 79 has taken a fork
2865 90 has taken a fork
2866 93 has taken a fork
2866 98 has taken a fork
2866 84 has taken a fork
2866 99 has taken a fork
2866 25 is sleeping
2866 95 has taken a fork
2867 102 has taken a fork
2868 116 has taken a fork
2870 83 has taken a fork
2871 103 has taken a fork
2871 106 has taken a fork
2871 97 has taken a fork
2872 112 has taken a fork
2872 115 has taken a fork
2872 104 has taken a fork
2872 164 is thinking
2872 159 is thinking
2873 166 is thinking
2877 149 is thinking
2877 165 is thinking
2877 109 has taken a fork
2877 34 is sleeping
2877 108 has taken a fork
2878 100 has taken a fork
2878 161 is thinking
2879 133 has taken a fork
2881 169 is thinking
2882 146 is thinking
2882 17 is sleeping
2882 113 has taken a fork
2883 120 has taken a fork
2883 162 is thinking
2883 107 has taken a fork
2883 37 is sleeping
2884 131 has taken a fork
2884 114 has taken a fork
2884 105 has taken a fork
2884 177 is thinking
2884 111 has taken a fork
2884 127 has taken a fork
2885 119 has taken a fork
2886 170 is thinking
2886 129 has taken a fork
2886 27 is sleeping
2886 122 has taken a fork
2886 32 is sleeping
2886 128 has taken a fork
2888 175 is thinking
2888 33 is sleeping
2888 39 is sleeping
2888 20 is sleeping
2888 117 has taken a fork
2888 36 is sleeping
2888 11 is sleeping
2888 153 has taken a fork
2888 47 is sleeping
2889 126 has taken a fork
2891 135 has taken a fork
2891 172 is thinking
2891 125 has taken a fork
2892 139 has taken a fork
2892 148 has taken a fork
2892 134 has taken a fork
2893 123 has taken a fork
2893 41 is sleeping
2894 143 has taken a fork
2894 141 has taken a fork
2895 168 is thinking
2895 167 is thinking
2895 173 is thinking
2895 42 is sleeping
2895 38 is sleeping
2895 49 is sleeping
2895 45 is sleeping
2896 132 has taken a fork
2897 140 has taken a fork
2897 136 has taken a fork
2897 137 has taken a fork
2897 40 is sleeping
2897 54 is sleeping
2897 55 is sleeping
2897 147 has taken a fork
2897 121 has taken a fork
2897 110 has taken a fork
2898 118 has taken a fork
2898 70 is eating
2898 78 is eating
2898 142 has taken a fork
2898 144 has taken a fork
2898 43 is sleeping
2898 51 is sleeping
2898 53 is sleeping
2900 44 is sleeping
2900 46 is sleeping
2900 56 is sleeping
2901 163 has taken a fork
2901 151 has taken a fork
2901 19 is sleeping
2901 48 is sleeping
2901 16 is sleeping
2901 52 is sleeping
2901 63 is sleeping
2901 50 is sleeping
2902 138 has taken a fork
2902 60 is sleeping
2902 58 is sleeping
2902 57 is sleeping
2905 65 is sleeping
2905 67 is sleeping
2905 59 is sleeping
2906 62 is sleeping
2906 64 is sleeping
2906 150 has taken a fork
2906 71 is sleeping
2907 72 is sleeping
2907 66 is sleeping
2907 61 is sleeping
2907 74 is eating
2907 130 has taken a fork
2907 157 has taken a fork
2907 154 has taken a fork
2907 124 has taken a fork
2907 81 is eating
2907 82 is eating
2907 85 is eating
2908 75 is sleeping
2908 68 is sleeping
2909 69 is sleeping
2909 156 has taken a fork
2909 145 has taken a fork
2909 86 is eating
2909 77 is sleeping
2909 73 is sleeping
2909 80 is eating
2909 76 is eating
2909 152 has taken a fork
2909 91 is eating
2910 160 has taken a fork
2910 88 is eating
2910 101 is eating
2910 158 has taken a fork
2911 155 has taken a fork
2911 89 is eating
2911 96 is eating
2911 87 is eating
2911 94 is eating
2911 92 is eating
2912 79 is eating
2913 90 is eating
2913 93 is eating
2913 98 is eating
2914 84 is eating
2914 99 is eating
2914 95 is eating
2914 179 is thinking
2915 102 is eating
2915 116 has taken a fork
2915 174 is thinking
2915 83 is eating
2915 103 is eating
2916 106 is eating
2916 97 is eating
2916 112 is eating
2916 115 is eating
2916 104 is eating
2917 164 has taken a fork
2917 159 has taken a fork
2921 176 is thinking
2922 180 is thinking
2924 171 is thinking
2925 181 is thinking
2926 182 is thinking
2927 178 is thinking
2928 193 is thinking
2931 184 is thinking
2931 166 has taken a fork
2932 194 is thinking
2933 199 is thinking
2933 187 is thinking
2936 191 is thinking
2937 192 is thinking
2938 190 is thinking
2940 186 is thinking
2942 183 is thinking
2942 189 is thinking
2943 196 is thinking
2946 188 is thinking
2949 195 is thinking
2949 149 has taken a fork
2950 165 has taken a fork
2950 109 is eating
2951 108 is eating
2951 100 is eating
2953 200 is thinking
2953 161 has taken a fork
2953 3 is thinking
2955 10 is thinking
2955 5 is thinking
2955 198 is thinking
2956 133 has taken a fork
2959 13 is thinking
2960 185 is thinking
2960 169 has taken a fork
2960 9 is thinking
2964 197 is thinking
2967 21 is thinking
2971 8 is thinking
2971 146 has taken a fork
2972 113 is eating
2974 29 is thinking
2978 2 is thinking
2981 6 is thinking
2983 1 is thinking
2988 23 is thinking
2989 120 has taken a fork
2989 162 has taken a fork
2989 107 is eating
2992 18 is thinking
2992 131 has taken a fork
2995 4 is thinking
2996 7 is thinking
2997 114 is eating
2997 105 is eating
2997 177 has taken a fork
2997 111 is eating
2997 127 is eating
2997 119 is eating
2997 170 has taken a fork
2997 129 is eating
2997 122 is eating
2997 128 is eating
2998 175 has taken a fork
2998 117 is eating
2998 153 has taken a fork
2998 126 has taken a fork
2999 22 is thinking
2999 135 has taken a fork
2999 172 has taken a fork
2999 125 has taken a fork
2999 139 has taken a fork
2999 148 has taken a fork
3000 134 has taken a fork
3000 123 is eating
3000 143 has taken a fork
3000 141 has taken a fork
3001 168 has taken a fork
3001 167 has taken a fork
3001 173 has taken a fork
3002 132 has taken a fork
3002 140 has taken a fork
3002 136 has taken a fork
3002 137 has taken a fork
3002 147 has taken a fork
3002 121 is eating
3002 110 is eating
3002 118 is eating
3002 142 has taken a fork
3002 144 has taken a fork
3004 24 is thinking
3004 26 is thinking
3004 163 has taken a fork
3004 151 has taken a fork
3004 12 is thinking
3005 138 has taken a fork
3005 15 is thinking
3005 14 is thinking
3005 31 is thinking
3005 150 has taken a fork
3005 130 has taken a fork
3005 157 has taken a fork
3005 154 has taken a fork
3005 124 is eating
3005 156 has taken a fork
3005 145 has taken a fork
3006 152 has taken a fork
3006 28 is thinking
3006 160 has taken a fork
3006 30 is thinking
3006 158 has taken a fork
3006 155 has taken a fork
3006 116 is eating
3006 164 has taken a fork
3007 159 has taken a fork
3007 70 is sleeping
3008 179 has taken a fork
3008 78 is sleeping
3008 174 has taken a fork
3008 74 is sleeping
3009 176 has taken a fork
3009 85 is sleeping
3009 82 is sleeping
3009 81 is sleeping
3010 180 has taken a fork
3010 171 has taken a fork
3011 181 has taken a fork
3011 76 is sleeping
3011 86 is sleeping
3011 80 is sleeping
3012 193 has taken a fork
3012 91 is sleeping
3012 88 is sleeping
3013 178 has taken a fork
3014 182 has taken a fork
3014 184 has taken a fork
3014 166 has taken a fork
3014 101 is sleeping
3014 194 has taken a fork
3014 96 is sleeping
3014 89 is sleeping
3015 199 has taken a fork
3015 87 is sleeping
3015 94 is sleeping
3015 92 is sleeping
3016 79 is sleeping
3016 187 has taken a fork
3016 191 has taken a fork
3016 93 is sleeping
3016 98 is sleeping
3016 90 is sleeping
3016 192 has taken a fork
3016 84 is sleeping
3017 190 has taken a fork
3017 95 is sleeping
3017 99 is sleeping
3017 102 is sleeping
3017 83 is sleeping
3019 186 has taken a fork
3022 35 is thinking
3022 103 is sleeping
3022 106 is sleeping
3023 183 has taken a fork
3023 189 has taken a fork
3023 115 is sleeping
3023 97 is sleeping
3023 112 is sleeping
3023 196 has taken a fork
3023 104 is sleeping
3023 188 has taken a fork
3023 195 has taken a fork
3023 149 has taken a fork
3023 165 has taken a fork
3023 200 has taken a fork
3023 161 has taken a fork
3023 3 has taken a fork
3023 10 has taken a fork
3023 5 has taken a fork
3023 198 has taken a fork
3023 133 is eating
3024 13 has taken a fork
3024 185 has taken a fork
3024 169 has taken a fork
3024 9 has taken a fork
3024 109 is sleeping
3024 108 is sleeping
3024 100 is sleeping
3024 197 has taken a fork
3024 25 is thinking
3024 21 has taken a fork
3025 8 has taken a fork
3025 146 has taken a fork
3025 113 is sleeping
3025 29 has taken a fork
3026 34 is thinking
3027 2 has taken a fork
3027 6 has taken a fork
3027 17 is thinking
3028 37 is thinking
3029 27 is thinking
3030 32 is thinking
3031 47 is thinking
3031 11 is thinking
3031 39 is thinking
3031 33 is thinking
3032 20 is thinking
3033 36 is thinking
3033 120 is eating
3033 162 has taken a fork
3033 107 is sleeping
3033 1 has taken a fork
3033 131 is eating
3034 41 is thinking
3035 38 is thinking
3036 45 is thinking
3038 49 is thinking
3039 42 is thinking
3040 54 is thinking
3042 55 is thinking
3042 114 is sleeping
3045 40 is thinking
3045 105 is sleeping
3045 177 has taken a fork
3047 18 has taken a fork
3047 111 is sleeping
3047 23 has taken a fork
3047 119 is sleeping
3047 127 is sleeping
3047 129 is sleeping
3047 170 has taken a fork
3047 122 is sleeping
3047 128 is sleeping
3047 175 has taken a fork
3048 43 is thinking
3049 53 is thinking
3050 51 is thinking
3050 117 is sleeping
3050 153 is eating
3050 126 is eating
3051 7 has taken a fork
3051 4 has taken a fork
3051 22 has taken a fork
3052 135 is eating
3052 172 has taken a fork
3052 125 is eating
3052 139 is eating
3052 148 is eating
3054 56 is thinking
3054 134 is eating
3057 46 is thinking
3057 123 is sleeping
3057 143 is eating
3057 141 is eating
3059 50 is thinking
3064 63 is thinking
3066 48 is thinking
3071 52 is thinking
3073 19 is thinking
3074 16 is thinking
3076 44 is thinking
3076 168 has taken a fork
3076 167 has taken a fork
3076 173 has taken a fork
3078 60 is thinking
3079 58 is thinking
3079 132 is eating
3081 57 is thinking
3081 140 is eating
3081 136 is eating
3081 137 is eating
3081 147 is eating
3081 121 is sleeping
3081 110 is sleeping
3081 118 is sleeping
3081 142 is eating
3081 144 is eating
3081 24 has taken a fork
3082 26 has taken a fork
3082 163 is eating
3082 151 is eating
3082 12 has taken a fork
3082 138 is eating
3084 65 is thinking
3088 67 is thinking
3088 15 has taken a fork
3089 14 has taken a fork
3089 31 has taken a fork
3089 150 is eating
3089 130 is eating
3089 157 is eating
3089 154 is eating
3089 124 is sleeping
3089 156 is eating
3090 145 is eating
3093 59 is thinking
3097 62 is thinking
3097 64 is thinking
3099 71 is thinking
3099 152 is eating
3099 28 has taken a fork
3099 160 is eating
3099 30 has taken a fork
3099 155 is eating
3099 158 is eating
3099 164 is eating
3099 159 is eating
3105 66 is thinking
3107 72 is thinking
3110 61 is thinking
3110 116 is sleeping
3110 68 is thinking
3110 75 is thinking
3110 179 has taken a fork
3111 174 has taken a fork
3112 77 is thinking
3113 69 is thinking
3113 73 is thinking
3113 176 has taken a fork
3114 180 has taken a fork
3114 171 has taken a fork
3114 181 has taken a fork
3115 193 has taken a fork
3116 178 has taken a fork
3116 182 has taken a fork
3116 184 has taken a fork
3117 166 is eating
3117 194 has taken a fork
3117 199 has taken a fork
3117 187 has taken a fork
3117 191 has taken a fork
3117 192 has taken a fork
3117 190 has taken a fork
3117 186 has taken a fork
3118 35 has taken a fork
3118 183 has taken a fork
3118 189 has taken a fork
3118 196 has taken a fork
3118 188 has taken a fork
3118 195 has taken a fork
3118 149 is eating
3118 165 is eating
3118 200 has taken a fork
3118 161 is eating
3119 3 has taken a fork
3119 10 has taken a fork
3119 5 has taken a fork
3119 133 is sleeping
3119 198 has taken a fork
3119 13 has taken a fork
3119 185 has taken a fork
3119 9 has taken a fork
3119 169 is eating
3119 197 has taken a fork
3119 25 has taken a fork
3119 21 has taken a fork
3119 8 has taken a fork
3119 146 is eating
3119 29 has taken a fork
3119 34 has taken a fork
3120 2 has taken a fork
3120 6 has taken a fork
3120 120 is sleeping
3120 162 is eating
3121 1 has taken a fork
3121 131 is sleeping
3122 17 has taken a fork
3122 37 has taken a fork
3122 177 is eating
3122 18 has taken a fork
3122 23 has taken a fork
3122 170 is eating
3122 175 is eating
3122 153 is sleeping
3122 126 is sleeping
3122 7 has taken a fork
3123 27 has taken a fork
3123 32 has taken a fork
3123 4 has taken a fork
3123 22 has taken a fork
3123 135 is sleeping
3124 172 is eating
3124 125 is sleeping
3124 139 is sleeping
3124 148 is sleeping
3124 33 has taken a fork
3125 47 has taken a fork
3125 11 has taken a fork
3125 39 has taken a fork
3125 134 is sleeping
3126 20 has taken a fork
3126 143 is sleeping
3126 141 is sleeping
3126 36 has taken a fork
3128 41 has taken a fork
3128 168 is eating
3128 167 is eating
3128 173 is eating
3128 132 is sleeping
3129 38 has taken a fork
3129 140 is sleeping
3130 136 is sleeping
3130 137 is sleeping
3130 147 is sleeping
3130 142 is sleeping
3130 144 is sleeping
3130 24 has taken a fork
3130 26 has taken a fork
3131 163 is sleeping
3131 151 is sleeping
3131 12 has taken a fork
3131 138 is sleeping
3131 43 has taken a fork
3132 45 has taken a fork
3134 49 has taken a fork
3136 42 has taken a fork
3139 55 has taken a fork
3142 53 has taken a fork
3146 54 has taken a fork
3146 51 has taken a fork
3146 40 has taken a fork
3146 15 has taken a fork
3147 14 has taken a fork
3147 31 has taken a fork
3147 150 is sleeping
3147 130 is sleeping
3148 46 has taken a fork
3148 157 is sleeping
3148 154 is sleeping
3148 156 is sleeping
3148 145 is sleeping
3148 56 has taken a fork
3148 50 has taken a fork
3149 52 has taken a fork
3151 63 has taken a fork
3151 48 has taken a fork
3151 152 is sleeping
3151 28 has taken a fork
3151 160 is sleeping
3151 30 has taken a fork
3151 155 is sleeping
3151 158 is sleeping
3151 164 is sleeping
3151 159 is sleeping
3151 44 has taken a fork
3152 19 has taken a fork
3152 16 has taken a fork
3153 60 has taken a fork
3153 58 has taken a fork
3153 57 has taken a fork
3154 70 is thinking
3156 74 is thinking
3159 85 is thinking
3160 78 is thinking
3160 82 is thinking
3162 81 is thinking
3162 179 is eating
3166 80 is thinking
3167 174 is eating
3167 86 is thinking
3167 76 is thinking
3168 91 is thinking
3168 88 is thinking
3168 176 is eating
3169 89 is thinking
3169 96 is thinking
3173 101 is thinking
3173 180 is eating
3173 171 is eating
3173 92 is thinking
3174 87 is thinking
3174 181 is eating
3174 94 is thinking
3174 193 is eating
3175 84 is thinking
3176 90 is thinking
3181 79 is thinking
3182 178 is eating
3182 98 is thinking
3182 93 is thinking
3182 182 is eating
3183 184 is eating
3186 102 is thinking
3186 166 is sleeping
3186 194 is eating
3189 83 is thinking
3189 199 is eating
3195 99 is thinking
3196 95 is thinking
3196 187 is eating
3196 65 has taken a fork
3196 191 is eating
3196 192 is eating
3196 190 is eating
3196 186 is eating
3197 35 has taken a fork
3197 183 is eating
3197 189 is eating
3197 196 is eating
3197 188 is eating
3198 195 is eating
3198 149 is sleeping
3198 165 is sleeping
3198 67 has taken a fork
3198 200 is eating
3198 59 has taken a fork
3198 161 is sleeping
3198 3 is eating
3199 62 has taken a fork
3199 10 is eating
3199 5 is eating
3199 13 is eating
3199 198 is eating
3199 185 is eating
3199 9 is eating
3199 169 is sleeping
3199 197 is eating
3200 64 has taken a fork
3200 25 has taken a fork
3200 21 is eating
3200 8 is eating
3200 146 is sleeping
3200 29 is eating
3201 34 has taken a fork
3201 2 is eating
3201 6 is eating
3201 71 has taken a fork
3201 162 is sleeping
3201 1 is eating
3201 106 is thinking
3201 103 is thinking
3201 66 has taken a fork
3202 17 has taken a fork
3202 37 has taken a fork
3202 177 is sleeping
3202 18 is eating
3202 23 is eating
3203 170 is sleeping
3203 175 is sleeping
3203 7 is eating
3204 97 is thinking
3205 104 is thinking
3206 115 is thinking
3207 112 is thinking
3207 61 has taken a fork
3207 27 has taken a fork
3207 68 has taken a fork
3208 72 has taken a fork
3208 32 has taken a fork
3208 4 is eating
3208 22 is eating
3208 172 is sleeping
3209 108 is thinking
3209 100 is thinking
3209 109 is thinking
3209 33 has taken a fork
3210 113 is thinking
3210 75 has taken a fork
3210 47 has taken a fork
3211 11 has taken a fork
3211 39 has taken a fork
3211 20 has taken a fork
3212 36 has taken a fork
3212 41 has taken a fork
3212 168 is sleeping
3212 167 is sleeping
3212 173 is sleeping
3212 69 has taken a fork
3212 73 has taken a fork
3212 38 has taken a fork
3213 77 has taken a fork
3213 24 is eating
3213 26 is eating
3213 12 is eating
3214 43 has taken a fork
3215 45 has taken a fork
3216 107 is thinking
3216 49 has taken a fork
3216 42 has taken a fork
3217 55 has taken a fork
3218 114 is thinking
3219 53 has taken a fork
3219 105 is thinking
3219 54 has taken a fork
3220 51 has taken a fork
3220 40 has taken a fork
3220 15 is eating
3221 14 is eating
3221 31 is eating
3222 127 is thinking
3224 128 is thinking
3224 46 has taken a fork
3224 56 has taken a fork
3225 122 is thinking
3225 119 is thinking
3227 111 is thinking
3227 129 is thinking
3228 50 has taken a fork
3228 52 has taken a fork
3228 63 has taken a fork
3228 117 is thinking
3228 48 has taken a fork
3228 28 is eating
3228 30 is eating
3228 44 has taken a fork
3229 19 has taken a fork
3229 16 has taken a fork
3230 60 has taken a fork
3230 58 has taken a fork
3230 57 has taken a fork
3232 123 is thinking
3232 179 is sleeping
3234 70 has taken a fork
3235 174 is sleeping
3239 74 has taken a fork
3239 176 is sleeping
3239 85 has taken a fork
3239 171 is sleeping
3240 78 has taken a fork
3241 180 is sleeping
3242 82 has taken a fork
3242 181 is sleeping
3243 81 has taken a fork
3243 193 is sleeping
3244 80 has taken a fork
3247 110 is thinking
3249 121 is thinking
3251 118 is thinking
3251 178 is sleeping
3251 86 has taken a fork
3251 182 is sleeping
3251 184 is sleeping
3252 76 has taken a fork
3253 91 has taken a fork
3253 194 is sleeping
3254 88 has taken a fork
3257 124 is thinking
3257 199 is sleeping
3258 89 has taken a fork
3258 187 is sleeping
3258 65 has taken a fork
3258 191 is sleeping
3258 192 is sleeping
3259 92 has taken a fork
3259 190 is sleeping
3259 186 is sleeping
3260 87 has taken a fork
3260 35 is eating
3260 94 has taken a fork
3260 189 is sleeping
3260 188 is sleeping
3263 96 has taken a fork
3266 101 has taken a fork
3267 183 is sleeping
3267 196 is sleeping
3267 195 is sleeping
3269 93 has taken a fork
3270 98 has taken a fork
3272 84 has taken a fork
3272 90 has taken a fork
3273 79 has taken a fork
3273 67 has taken a fork
3273 200 is sleeping
3273 59 has taken a fork
3273 3 is sleeping
3273 62 has taken a fork
3274 10 is sleeping
3274 5 is sleeping
3274 13 is sleeping
3274 198 is sleeping
3274 185 is sleeping
3274 9 is sleeping
3274 197 is sleeping
3274 64 has taken a fork
3274 95 has taken a fork
3276 99 has taken a fork
3276 25 is eating
3276 21 is sleeping
3276 8 is sleeping
3276 29 is sleeping
3277 34 is eating
3280 102 has taken a fork
3285 83 has taken a fork
3285 2 is sleeping
3285 6 is sleeping
3285 71 has taken a fork
3285 1 is sleeping
3288 106 has taken a fork
3293 103 has taken a fork
3293 66 has taken a fork
3293 17 is eating
3293 37 is eating
3293 18 is sleeping
3293 23 is sleeping
3293 7 is sleeping
3296 97 has taken a fork
3299 104 has taken a fork
3304 115 has taken a fork
3308 112 has taken a fork
3308 61 has taken a fork
3308 27 is eating
3310 68 has taken a fork
3310 72 has taken a fork
3310 32 is eating
3310 4 is sleeping
3310 22 is sleeping
3312 108 has taken a fork
3314 100 has taken a fork
3316 109 has taken a fork
3316 33 is eating
3321 113 has taken a fork
3324 116 is thinking
3325 75 has taken a fork
3325 47 is eating
3325 11 is eating
3325 39 is eating
3325 20 is eating
3325 36 is eating
3325 41 is eating
3325 69 has taken a fork
3325 73 has taken a fork
3325 38 is eating
3327 77 has taken a fork
3327 24 is sleeping
3327 26 is sleeping
3327 12 is sleeping
3327 43 is eating
3327 45 is eating
3330 107 has taken a fork
3330 49 is eating
3330 42 is eating
3330 55 is eating
3335 114 has taken a fork
3335 53 is eating
3335 133 is thinking
3338 105 has taken a fork
3338 54 is eating
3341 120 is thinking
3341 51 is eating
3341 40 is eating
3341 15 is sleeping
3341 14 is sleeping
3341 31 is sleeping
3343 126 is thinking
3345 153 is thinking
3345 131 is thinking
3346 127 has taken a fork
3347 135 is thinking
3349 148 is thinking
3351 125 is thinking
3351 139 is thinking
3351 128 has taken a fork
3351 46 is eating
3351 56 is eating
3353 122 has taken a fork
3356 119 has taken a fork
3358 143 is thinking
3358 141 is thinking
3358 134 is thinking
3363 111 has taken a fork
3367 129 has taken a fork
3367 132 is thinking
3367 50 is eating
3367 52 is eating
3367 63 is eating
3367 117 has taken a fork
3367 48 is eating
3367 28 is sleeping
3367 30 is sleeping
3367 44 is eating
3367 19 is eating
3367 16 is eating
3368 136 is thinking
3368 140 is thinking
3368 147 is thinking
3368 144 is thinking
3368 142 is thinking
3369 137 is thinking
3369 60 is eating
3369 58 is eating
3369 57 is eating
3369 138 is thinking
3369 163 is thinking
3369 151 is thinking
3369 123 has taken a fork
3369 70 has taken a fork
3370 74 has taken a fork
3371 85 has taken a fork
3371 78 has taken a fork
3371 82 has taken a fork
3371 81 has taken a fork
3371 80 has taken a fork
3372 130 is thinking
3373 150 is thinking
3373 110 has taken a fork
3375 145 is thinking
3377 156 is thinking
3381 157 is thinking
3384 154 is thinking
3384 121 has taken a fork
3384 160 is thinking
3384 158 is thinking
3384 152 is thinking
3384 164 is thinking
3384 155 is thinking
3386 159 is thinking
3386 118 has taken a fork
3386 86 has taken a fork
3386 76 has taken a fork
3386 91 has taken a fork
3386 88 has taken a fork
3386 89 has taken a fork
3386 65 is eating
3386 92 has taken a fork
3386 87 has taken a fork
3386 35 is sleeping
3386 94 has taken a fork
3386 124 has taken a fork
3386 96 has taken a fork
3386 101 has taken a fork
3386 93 has taken a fork
3386 98 has taken a fork
3387 84 has taken a fork
3388 90 has taken a fork
3388 79 has taken a fork
3388 67 is eating
3388 59 is eating
3388 62 is eating
3388 64 is eating
3388 95 has taken a fork
3389 99 has taken a fork
3389 25 is sleeping
3389 34 is sleeping
3389 102 has taken a fork
3390 83 has taken a fork
3390 71 is eating
3390 106 has taken a fork
3390 166 is thinking
3391 103 has taken a fork
3391 66 is eating
3391 17 is sleeping
3391 37 is sleeping
3392 97 has taken a fork
3392 104 has taken a fork
3393 149 is thinking
3393 169 is thinking
3393 161 is thinking
3394 165 is thinking
3396 115 has taken a fork
3397 177 is thinking
3397 146 is thinking
3397 170 is thinking
3397 175 is thinking
3398 162 is thinking
3398 112 has taken a fork
3398 61 is eating
3398 27 is sleeping
3398 172 is thinking
3399 68 is eating
3399 72 is eating
3399 32 is sleeping
3399 173 is thinking
3401 168 is thinking
3401 167 is thinking
3403 108 has taken a fork
3404 100 has taken a fork
3405 109 has taken a fork
3406 33 is sleeping
3406 113 has taken a fork
3406 116 has taken a fork
3406 75 is eating
3406 11 is sleeping
3406 47 is sleeping
3406 39 is sleeping
3406 20 is sleeping
3406 36 is sleeping
3406 41 is sleeping
3406 69 is eating
3406 73 is eating
3406 38 is sleeping
3406 77 is eating
3406 43 is sleeping
3406 45 is sleeping
3407 107 has taken a fork
3408 42 is sleeping
3408 49 is sleeping
3408 55 is sleeping
3412 174 is thinking
3413 179 is thinking
3418 114 has taken a fork
3418 53 is sleeping
3419 133 has taken a fork
3424 105 has taken a fork
3424 54 is sleeping
3426 180 is thinking
3426 176 is thinking
3426 171 is thinking
3427 120 has taken a fork
3427 51 is sleeping
3427 40 is sleeping
3427 193 is thinking
3428 181 is thinking
3429 126 has taken a fork
3429 153 has taken a fork
3429 131 has taken a fork
3433 127 has taken a fork
3434 135 has taken a fork
3436 148 has taken a fork
3441 178 is thinking
3442 184 is thinking
3443 125 has taken a fork
3443 182 is thinking
3443 139 has taken a fork
3447 128 has taken a fork
3447 46 is sleeping
3447 56 is sleeping
3447 194 is thinking
3448 122 has taken a fork
3449 119 has taken a fork
3450 199 is thinking
3453 187 is thinking
3453 191 is thinking
3453 192 is thinking
3454 143 has taken a fork
3454 141 has taken a fork
3454 134 has taken a fork
3455 190 is thinking
3456 186 is thinking
3458 189 is thinking
3459 188 is thinking
3459 111 has taken a fork
3461 183 is thinking
3462 196 is thinking
3463 195 is thinking
3463 129 has taken a fork
3464 132 has taken a fork
3464 50 is sleeping
3464 52 is sleeping
3464 63 is sleeping
3467 117 has taken a fork
3468 48 is sleeping
3468 44 is sleeping
3468 19 is sleeping
3468 16 is sleeping
3468 136 has taken a fork
3468 140 has taken a fork
3469 147 has taken a fork
3469 144 has taken a fork
3469 142 has taken a fork
3469 137 has taken a fork
3469 60 is sleeping
3469 58 is sleeping
3470 57 is sleeping
3470 138 has taken a fork
3470 163 has taken a fork
3470 151 has taken a fork
3473 123 has taken a fork
3473 70 is eating
3474 74 is eating
3475 85 is eating
3475 78 is eating
3475 82 is eating
3475 81 is eating
3476 80 is eating
3477 130 has taken a fork
3480 3 is thinking
3482 150 has taken a fork
3485 200 is thinking
3485 185 is thinking
3487 198 is thinking
3489 13 is thinking
3492 10 is thinking
3496 197 is thinking
3500 9 is thinking
3500 5 is thinking
3501 110 has taken a fork
3505 21 is thinking
3509 8 is thinking
3510 29 is thinking
3521 145 has taken a fork
3521 156 has taken a fork
3522 157 has taken a fork
3522 154 has taken a fork
3522 121 has taken a fork
3522 160 has taken a fork
3522 158 has taken a fork
3523 152 has taken a fork
3523 164 has taken a fork
3523 155 has taken a fork
3523 6 is thinking
3523 2 is thinking
3523 1 is thinking
3523 159 has taken a fork
3523 118 has taken a fork
3523 86 is eating
3523 76 is eating
3523 91 is eating
3524 88 is eating
3524 89 is eating
3524 65 is sleeping
3524 92 is eating
3524 87 is eating
3524 94 is eating
3524 124 has taken a fork
3524 96 is eating
3524 101 is eating
3524 93 is eating
3524 98 is eating
3524 84 is eating
3524 90 is eating
3525 79 is eating
3525 67 is sleeping
3525 59 is sleeping
3525 62 is sleeping
3525 64 is sleeping
3526 95 is eating
3526 99 is eating
3526 102 is eating
3526 83 is eating
3526 71 is sleeping
3527 106 is eating
3527 166 has taken a fork
3527 103 is eating
3528 66 is sleeping
3528 97 is eating
3528 104 is eating
3528 7 is thinking
3528 149 has taken a fork
3529 23 is thinking
3529 18 is thinking
3529 169 has taken a fork
3529 161 has taken a fork
3529 165 has taken a fork
3530 115 is eating
3530 177 has taken a fork
3530 146 has taken a fork
3531 112 is eating
3531 61 is sleeping
3531 170 has taken a fork
3531 68 is sleeping
3531 72 is sleeping
3531 162 has taken a fork
3532 175 has taken a fork
3532 108 is eating
3532 100 is eating
3532 109 is eating
3532 113 is eating
3533 116 has taken a fork
3533 75 is sleeping
3533 69 is sleeping
3533 73 is sleeping
3533 172 has taken a fork
3533 173 has taken a fork
3533 77 is sleeping
3534 167 has taken a fork
3534 107 is eating
3534 168 has taken a fork
3534 4 is thinking
3534 22 is thinking
3535 114 is eating
3535 133 has taken a fork
3535 105 is eating
3535 120 has taken a fork
3535 26 is thinking
3535 24 is thinking
3535 12 is thinking
3536 126 has taken a fork
3536 153 has taken a fork
3536 131 has taken a fork
3536 135 has taken a fork
3536 127 is eating
3537 148 has taken a fork
3537 15 is thinking
3537 14 is thinking
3537 31 is thinking
3537 125 has taken a fork
3538 139 has taken a fork
3538 128 is eating
3538 122 is eating
3538 119 is eating
3539 143 has taken a fork
3539 141 has taken a fork
3539 134 has taken a fork
3539 111 is eating
3539 129 is eating
3539 132 has taken a fork
3540 30 is thinking
3540 117 is eating
3540 28 is thinking
3540 136 has taken a fork
3540 140 has taken a fork
3541 147 has taken a fork
3541 144 has taken a fork
3541 142 has taken a fork
3541 137 has taken a fork
3541 138 has taken a fork
3541 163 has taken a fork
3541 151 has taken a fork
3541 123 is eating
3541 70 is sleeping
3541 74 is sleeping
3542 179 has taken a fork
3542 85 is sleeping
3542 78 is sleeping
3542 82 is sleeping
3543 81 is sleeping
3543 176 has taken a fork
3544 171 has taken a fork
3544 193 has taken a fork
3544 80 is sleeping
3544 181 has taken a fork
3544 174 has taken a fork
3544 180 has taken a fork
3544 130 has taken a fork
3544 150 has taken a fork
3544 35 is thinking
3544 25 is thinking
3546 34 is thinking
3547 17 is thinking
3547 37 is thinking
3547 27 is thinking
3548 32 is thinking
3549 110 is eating
3549 45 is thinking
3549 33 is thinking
3550 38 is thinking
3551 36 is thinking
3553 41 is thinking
3553 47 is thinking
3553 11 is thinking
3553 43 is thinking
3553 39 is thinking
3553 20 is thinking
3555 42 is thinking
3555 49 is thinking
3559 55 is thinking
3559 53 is thinking
3559 145 has taken a fork
3559 156 has taken a fork
3559 157 has taken a fork
3559 154 has taken a fork
3559 121 is eating
3559 160 has taken a fork
3559 158 has taken a fork
3560 152 has taken a fork
3560 164 has taken a fork
3560 155 has taken a fork
3560 159 has taken a fork
3560 118 is eating
3561 86 is sleeping
3561 178 has taken a fork
3561 76 is sleeping
3561 184 has taken a fork
3561 91 is sleeping
3561 88 is sleeping
3562 182 has taken a fork
3562 194 has taken a fork
3562 89 is sleeping
3563 199 has taken a fork
3563 92 is sleeping
3563 187 has taken a fork
3563 87 is sleeping
3563 94 is sleeping
3564 191 has taken a fork
3564 124 is eating
3564 192 has taken a fork
3564 96 is sleeping
3564 190 has taken a fork
3564 101 is sleeping
3565 93 is sleeping
3565 186 has taken a fork
3565 98 is sleeping
3565 188 has taken a fork
3565 189 has taken a fork
3565 84 is sleeping
3565 183 has taken a fork
3566 90 is sleeping
3566 79 is sleeping
3566 196 has taken a fork
3567 195 has taken a fork
3567 54 is thinking
3567 95 is sleeping
3567 3 has taken a fork
3568 99 is sleeping
3568 200 has taken a fork
3569 102 is sleeping
3569 185 has taken a fork
3569 83 is sleeping
3569 198 has taken a fork
3569 51 is thinking
3569 106 is sleeping
3570 13 has taken a fork
3570 166 has taken a fork
3570 40 is thinking
3570 103 is sleeping
3571 10 has taken a fork
3571 97 is sleeping
3571 197 has taken a fork
3571 104 is sleeping
3571 9 has taken a fork
3571 149 has taken a fork
3572 169 has taken a fork
3572 161 has taken a fork
3572 165 has taken a fork
3572 115 is sleeping
3572 177 has taken a fork
3572 146 has taken a fork
3572 5 has taken a fork
3572 112 is sleeping
3572 21 has taken a fork
3572 170 has taken a fork
3573 162 has taken a fork
3573 175 has taken a fork
3574 108 is sleeping
3574 8 has taken a fork
3574 100 is sleeping
3574 109 is sleeping
3575 29 has taken a fork
3575 6 has taken a fork
3575 113 is sleeping
3576 2 has taken a fork
3576 116 is eating
3577 172 has taken a fork
3577 173 has taken a fork
3577 167 has taken a fork
3577 107 is sleeping
3578 168 has taken a fork
3578 1 has taken a fork
3578 114 is sleeping
3578 7 has taken a fork
3579 133 is eating
3579 105 is sleeping
3579 23 has taken a fork
3580 120 is eating
3580 153 is eating
3580 126 is eating
3580 131 is eating
3580 135 is eating
3580 127 is sleeping
3581 148 is eating
3581 18 has taken a fork
3581 125 is eating
3582 139 is eating
3582 128 is sleeping
3582 122 is sleeping
3582 4 has taken a fork
3582 119 is sleeping
3583 22 has taken a fork
3583 26 has taken a fork
3583 143 is eating
3583 141 is eating
3584 134 is eating
3584 111 is sleeping
3585 129 is sleeping
3585 24 has taken a fork
3585 132 is eating
3585 12 has taken a fork
3590 117 is sleeping
3590 15 has taken a fork
3591 136 is eating
3591 140 is eating
3592 147 is eating
3593 144 is eating
3593 142 is eating
3593 137 is eating
3594 138 is eating
3594 163 is eating
3595 151 is eating
3595 123 is sleeping
3595 14 has taken a fork
3595 179 has taken a fork
3596 176 has taken a fork
3596 171 has taken a fork
3596 193 has taken a fork
3597 181 has taken a fork
3597 174 has taken a fork
3598 180 has taken a fork
3598 130 is eating
3599 150 is eating
3600 46 is thinking
3600 56 is thinking
3601 110 is sleeping
3601 31 has taken a fork
3601 145 is eating
3601 156 is eating
3602 157 is eating
3602 154 is eating
3603 121 is sleeping
3603 30 has taken a fork
3603 160 is eating
3603 158 is eating
3604 152 is eating
3604 164 is eating
3604 155 is eating
3604 159 is eating
3605 118 is sleeping
3605 28 has taken a fork
3605 178 has taken a fork
3606 184 has taken a fork
3606 182 has taken a fork
3606 194 has taken a fork
3607 199 has taken a fork
3607 187 has taken a fork
3607 191 has taken a fork
3608 124 is sleeping
3608 52 is thinking
3608 35 has taken a fork
3609 192 has taken a fork
3610 190 has taken a fork
3610 50 is thinking
3610 63 is thinking
3611 186 has taken a fork
3611 188 has taken a fork
3612 189 has taken a fork
3612 183 has taken a fork
3613 196 has taken a fork
3613 195 has taken a fork
3613 3 has taken a fork
3613 16 is thinking
3613 44 is thinking
3614 200 has taken a fork
3615 60 is thinking
3615 185 has taken a fork
3615 198 has taken a fork
3616 48 is thinking
3616 19 is thinking
3617 13 has taken a fork
3617 166 is eating
3618 58 is thinking
3618 57 is thinking
3618 10 has taken a fork
3618 197 has taken a fork
3618 9 has taken a fork
3618 149 is eating
3618 169 is eating
3618 161 is eating
3618 165 is eating
3618 177 is eating
3619 146 is eating
3619 5 has taken a fork
3619 21 has taken a fork
3620 170 is eating
3620 162 is eating
3620 175 is eating
3620 8 has taken a fork
3620 29 has taken a fork
3620 6 has taken a fork
3621 2 has taken a fork
3621 116 is sleeping
3622 25 has taken a fork
3622 172 is eating
3622 173 is eating
3623 167 is eating
3623 168 is eating
3623 1 has taken a fork
3623 7 has taken a fork
3624 133 is sleeping
3624 23 has taken a fork
3625 34 has taken a fork
3625 120 is sleeping
3625 153 is sleeping
3625 126 is sleeping
3628 37 has taken a fork
3629 131 is sleeping
3629 135 is sleeping
3630 17 has taken a fork
3630 148 is sleeping
3631 18 has taken a fork
3631 125 is sleeping
3631 45 has taken a fork
3632 139 is sleeping
3632 4 has taken a fork
3633 33 has taken a fork
3633 38 has taken a fork
3633 36 has taken a fork
3634 22 has taken a fork
3634 26 has taken a fork
3635 143 is sleeping
3635 141 is sleeping
3636 41 has taken a fork
3637 27 has taken a fork
3638 32 has taken a fork
3638 134 is sleeping
3639 47 has taken a fork
3639 24 has taken a fork
3640 132 is sleeping
3640 11 has taken a fork
3640 12 has taken a fork
3642 43 has taken a fork
3642 15 has taken a fork
3642 140 is sleeping
3642 136 is sleeping
3643 20 has taken a fork
3643 147 is sleeping
3645 39 has taken a fork
3645 144 is sleeping
3645 142 is sleeping
3646 137 is sleeping
3646 138 is sleeping
3648 163 is sleeping
3649 51 has taken a fork
3649 151 is sleeping
3650 14 has taken a fork
3650 179 is eating
3650 176 is eating
3650 171 is eating
3650 42 has taken a fork
3650 49 has taken a fork
3650 55 has taken a fork
3650 53 has taken a fork
3650 54 has taken a fork
3651 40 has taken a fork
3651 193 is eating
3651 181 is eating
3651 174 is eating
3651 180 is eating
3652 130 is sleeping
3652 150 is sleeping
3655 46 has taken a fork
3656 56 has taken a fork
3656 31 has taken a fork
3657 145 is sleeping
3657 157 is sleeping
3657 156 is sleeping
3657 154 is sleeping
3657 30 has taken a fork
3658 160 is sleeping
3658 158 is sleeping
3659 152 is sleeping
3659 164 is sleeping
3660 155 is sleeping
3660 159 is sleeping
3660 28 has taken a fork
3666 178 is eating
3667 184 is eating
3667 182 is eating
3667 194 is eating
3669 199 is eating
3670 187 is eating
3671 191 is eating
3671 52 has taken a fork
3672 35 has taken a fork
3672 192 is eating
3672 190 is eating
3672 50 has taken a fork
3672 63 has taken a fork
3673 186 is eating
3673 188 is eating
3674 189 is eating
3677 183 is eating
3677 196 is eating
3678 195 is eating
3678 3 is eating
3678 16 has taken a fork
3679 44 has taken a fork
3679 200 is eating
3680 60 has taken a fork
3681 185 is eating
3682 198 is eating
3682 48 has taken a fork
3682 19 has taken a fork
3684 13 is eating
3684 166 is sleeping
3686 58 has taken a fork
3688 57 has taken a fork
3690 10 is eating
3692 197 is eating
3694 9 is eating
3694 149 is sleeping
3694 169 is sleeping
3694 161 is sleeping
3694 165 is sleeping
3694 177 is sleeping
3694 146 is sleeping
3696 5 is eating
3696 21 is eating
3696 170 is sleeping
3696 162 is sleeping
3696 175 is sleeping
3698 8 is eating
3700 29 is eating
3700 6 is eating
3703 2 is eating
3703 25 has taken a fork
3704 172 is sleeping
3704 173 is sleeping
3705 167 is sleeping
3705 168 is sleeping
3708 1 is eating
3710 7 is eating
3711 65 is thinking
3711 23 is eating
3712 62 is thinking
3712 59 is thinking
3712 67 is thinking
3713 34 has taken a fork
3714 64 is thinking
3714 71 is thinking
3717 66 is thinking
3720 37 has taken a fork
3723 17 has taken a fork
3723 72 is thinking
3724 18 is eating
3724 61 is thinking
3725 68 is thinking
3725 45 has taken a fork
3727 4 is eating
3727 69 is thinking
3728 73 is thinking
3728 33 has taken a fork
3729 77 is thinking
3729 75 is thinking
3730 38 has taken a fork
3730 36 has taken a fork
3730 22 is eating
3730 26 is eating
3732 41 has taken a fork
3733 27 has taken a fork
3733 32 has taken a fork
3733 47 has taken a fork
3734 24 is eating
3734 12 is eating
3734 70 is thinking
3734 74 is thinking
3736 11 has taken a fork
3736 43 has taken a fork
3736 85 is thinking
3736 82 is thinking
3736 15 is eating
3736 78 is thinking
3736 81 is thinking
3738 20 has taken a fork
3739 80 is thinking
3740 39 has taken a fork
3740 51 has taken a fork
3740 14 is eating
3741 42 has taken a fork
3742 49 has taken a fork
3743 55 has taken a fork
3744 53 has taken a fork
3744 54 has taken a fork
3744 40 has taken a fork
3745 46 has taken a fork
3745 56 has taken a fork
3745 31 is eating
3745 30 is eating
3745 28 is eating
3746 76 is thinking
3746 86 is thinking
3746 91 is thinking
3746 88 is thinking
3746 89 is thinking
3746 171 is sleeping
3746 179 is sleeping
3746 176 is sleeping
3746 87 is thinking
3746 94 is thinking
3746 92 is thinking
3746 181 is sleeping
3746 193 is sleeping
3746 180 is sleeping
3746 96 is thinking
3746 174 is sleeping
3747 101 is thinking
3747 93 is thinking
3747 98 is thinking
3747 90 is thinking
3747 79 is thinking
3747 84 is thinking
3747 95 is thinking
3747 99 is thinking
3748 83 is thinking
3748 106 is thinking
3748 102 is thinking
3748 103 is thinking
3748 104 is thinking
3748 97 is thinking
3749 52 has taken a fork
3749 112 is thinking
3749 35 is eating
3750 50 has taken a fork
3750 63 has taken a fork
3750 115 is thinking
3750 109 is thinking
3751 100 is thinking
3751 108 is thinking
3752 113 is thinking
3752 114 is thinking
3753 107 is thinking
3753 16 has taken a fork
3753 105 is thinking
3753 44 has taken a fork
3753 60 has taken a fork
3753 127 is thinking
3754 119 is thinking
3754 128 is thinking
3755 122 is thinking
3755 48 has taken a fork
3755 19 has taken a fork
3756 111 is thinking
3756 129 is thinking
3756 58 has taken a fork
3758 57 has taken a fork
3758 117 is thinking
3758 123 is thinking
3758 182 is sleeping
3758 194 is sleeping
3758 184 is sleeping
3758 178 is sleeping
3758 192 is sleeping
3758 190 is sleeping
3758 187 is sleeping
3758 191 is sleeping
3759 199 is sleeping
3759 188 is sleeping
3760 189 is sleeping
3760 186 is sleeping
3760 110 is thinking
3760 195 is sleeping
3760 196 is sleeping
3760 3 is sleeping
3760 200 is sleeping
3761 183 is sleeping
3761 25 is eating
3761 121 is thinking
3761 118 is thinking
3761 198 is sleeping
3762 185 is sleeping
3762 124 is thinking
3762 13 is sleeping
3762 10 is sleeping
3762 197 is sleeping
3762 65 has taken a fork
3762 9 is sleeping
3762 62 has taken a fork
3763 59 has taken a fork
3763 67 has taken a fork
3763 5 is sleeping
3763 34 is eating
3763 21 is sleeping
3763 64 has taken a fork
3764 71 has taken a fork
3765 66 has taken a fork
3765 8 is sleeping
3765 29 is sleeping
3765 6 is sleeping
3766 2 is sleeping
3767 37 is eating
3767 116 is thinking
3767 1 is sleeping
3768 17 is eating
3770 7 is sleeping
3771 72 has taken a fork
3771 133 is thinking
3771 23 is sleeping
3771 61 has taken a fork
3773 153 is thinking
3774 120 is thinking
3774 68 has taken a fork
3774 126 is thinking
3774 45 is eating
3774 69 has taken a fork
3774 33 is eating
3774 73 has taken a fork
3774 131 is thinking
3775 135 is thinking
3775 77 has taken a fork
3775 75 has taken a fork
3775 148 is thinking
3776 38 is eating
3776 36 is eating
3777 125 is thinking
3777 139 is thinking
3777 18 is sleeping
3777 41 is eating
3777 27 is eating
3778 4 is sleeping
3778 32 is eating
3778 47 is eating
3778 22 is sleeping
3778 70 has taken a fork
3779 74 has taken a fork
3779 141 is thinking
3779 143 is thinking
3779 26 is sleeping
3780 11 is eating
3780 43 is eating
3780 85 has taken a fork
3780 82 has taken a fork
3780 78 has taken a fork
3780 81 has taken a fork
3780 12 is sleeping
3780 24 is sleeping
3781 134 is thinking
3781 20 is eating
3781 15 is sleeping
3782 80 has taken a fork
3782 132 is thinking
3783 39 is eating
3783 51 is eating
3783 14 is sleeping
3784 42 is eating
3785 140 is thinking
3786 136 is thinking
3786 49 is eating
3787 147 is thinking
3787 55 is eating
3787 53 is eating
3787 54 is eating
3788 40 is eating
3789 142 is thinking
3790 144 is thinking
3790 46 is eating
3790 56 is eating
3790 137 is thinking
3790 76 has taken a fork
3790 86 has taken a fork
3790 138 is thinking
3790 91 has taken a fork
3790 88 has taken a fork
3790 89 has taken a fork
3790 87 has taken a fork
3790 94 has taken a fork
3790 92 has taken a fork
3790 96 has taken a fork
3790 31 is sleeping
3790 101 has taken a fork
3790 93 has taken a fork
3790 98 has taken a fork
3791 90 has taken a fork
3791 84 has taken a fork
3791 95 has taken a fork
3791 99 has taken a fork
3793 163 is thinking
3793 83 has taken a fork
3793 79 has taken a fork
3793 106 has taken a fork
3793 102 has taken a fork
3794 103 has taken a fork
3795 104 has taken a fork
3795 97 has taken a fork
3795 151 is thinking
3795 52 is eating
3796 112 has taken a fork
3796 50 is eating
3796 63 is eating
3796 115 has taken a fork
3796 109 has taken a fork
3797 100 has taken a fork
3797 130 is thinking
3797 30 is sleeping
3798 150 is thinking
3799 108 has taken a fork
3799 113 has taken a fork
3799 114 has taken a fork
3800 107 has taken a fork
3800 28 is sleeping
3800 16 is eating
3800 105 has taken a fork
3801 44 is eating
3802 60 is eating
3802 127 has taken a fork
3803 119 has taken a fork
3803 128 has taken a fork
3804 122 has taken a fork
3804 48 is eating
3805 19 is eating
3805 129 has taken a fork
3805 111 has taken a fork
3806 58 is eating
3807 156 is thinking
3808 157 is thinking
3808 35 is sleeping
3808 145 is thinking
3810 154 is thinking
3810 158 is thinking
3811 160 is thinking
3811 57 is eating
3811 117 has taken a fork
3812 123 has taken a fork
3813 164 is thinking
3814 152 is thinking
3814 155 is thinking
3817 159 is thinking
3818 110 has taken a fork
3819 121 has taken a fork
3819 118 has taken a fork
3820 124 has taken a fork
3820 65 has taken a fork
3820 62 has taken a fork
3820 59 has taken a fork
3820 67 has taken a fork
3820 64 has taken a fork
3820 71 has taken a fork
3820 66 has taken a fork
3820 25 is sleeping
3822 116 has taken a fork
3822 34 is sleeping
3822 72 has taken a fork
3822 133 has taken a fork
3822 61 has taken a fork
3822 37 is sleeping
3822 68 has taken a fork
3822 69 has taken a fork
3822 73 has taken a fork
3823 153 has taken a fork
3823 17 is sleeping
3823 120 has taken a fork
3823 77 has taken a fork
3823 75 has taken a fork
3824 45 is sleeping
3824 126 has taken a fork
3824 70 has taken a fork
3825 33 is sleeping
3825 74 has taken a fork
3826 131 has taken a fork
3826 27 is sleeping
3826 41 is sleeping
3826 36 is sleeping
3827 38 is sleeping
3827 135 has taken a fork
3828 85 has taken a fork
3828 82 has taken a fork
3828 78 has taken a fork
3829 125 has taken a fork
3829 81 has taken a fork
3830 139 has taken a fork
3831 148 has taken a fork
3831 47 is sleeping
3832 32 is sleeping
3833 141 has taken a fork
3834 143 has taken a fork
3835 80 has taken a fork
3835 43 is sleeping
3836 11 is sleeping
3838 134 has taken a fork
3838 132 has taken a fork
3838 166 is thinking
3838 20 is sleeping
3839 140 has taken a fork
3839 39 is sleeping
3839 51 is sleeping
3840 136 has taken a fork
3840 147 has taken a fork
3840 42 is sleeping
3840 76 has taken a fork
3840 86 has taken a fork
3840 91 has taken a fork
3840 88 has taken a fork
3841 89 has taken a fork
3841 87 has taken a fork
3841 94 has taken a fork
3841 92 has taken a fork
3842 96 has taken a fork
3842 101 has taken a fork
3842 93 has taken a fork
3842 98 has taken a fork
3842 49 is sleeping
3845 142 has taken a fork
3845 90 has taken a fork
3845 84 has taken a fork
3845 95 has taken a fork
3845 144 has taken a fork
3846 99 has taken a fork
3847 55 is sleeping
3847 53 is sleeping
3847 54 is sleeping
3848 40 is sleeping
3849 138 has taken a fork
3850 137 has taken a fork
3850 163 has taken a fork
3851 83 has taken a fork
3851 79 has taken a fork
3851 106 has taken a fork
3852 102 has taken a fork
3855 169 is thinking
3857 161 is thinking
3857 103 has taken a fork
3858 177 is thinking
3861 165 is thinking
3864 146 is thinking
3865 149 is thinking
3865 104 has taken a fork
3866 56 is sleeping
3866 46 is sleeping
3866 97 has taken a fork
3869 151 has taken a fork
3870 112 has taken a fork
3871 175 is thinking
3871 115 has taken a fork
3871 109 has taken a fork
3871 100 has taken a fork
3872 162 is thinking
3873 130 has taken a fork
3874 170 is thinking
3874 150 has taken a fork
3874 108 has taken a fork
3874 113 has taken a fork
3875 114 has taken a fork
3875 107 has taken a fork
3875 105 has taken a fork
3875 52 is sleeping
3876 127 has taken a fork
3876 50 is sleeping
3876 119 has taken a fork
3876 128 has taken a fork
3876 63 is sleeping
3877 122 has taken a fork
3880 173 is thinking
3881 172 is thinking
3881 167 is thinking
3881 168 is thinking
3882 129 has taken a fork
3883 111 has taken a fork
3883 16 is sleeping
3884 156 has taken a fork
3885 44 is sleeping
3886 157 has taken a fork
3886 145 has taken a fork
3886 60 is sleeping
3886 48 is sleeping
3889 154 has taken a fork
3890 158 has taken a fork
3890 19 is sleeping
3890 160 has taken a fork
3890 117 has taken a fork
3890 123 has taken a fork
3891 58 is sleeping
3893 164 has taken a fork
3894 152 has taken a fork
3894 155 has taken a fork
3894 57 is sleeping
3895 159 has taken a fork
3895 110 has taken a fork
3895 121 has taken a fork
3896 118 has taken a fork
3896 65 is eating
3896 62 is eating
3896 59 is eating
3896 67 is eating
3896 64 is eating
3896 71 is eating
3896 66 is eating
3897 124 has taken a fork
3898 116 has taken a fork
3898 72 is eating
3898 133 has taken a fork
3898 61 is eating
3898 68 is eating
3898 69 is eating
3898 73 is eating
3898 153 has taken a fork
3898 120 has taken a fork
3898 77 is eating
3898 75 is eating
3898 70 is eating
3898 126 has taken a fork
3898 74 is eating
3899 131 has taken a fork
3899 135 has taken a fork
3899 85 is eating
3899 82 is eating
3899 78 is eating
3900 125 has taken a fork
3900 81 is eating
3901 139 has taken a fork
3901 148 has taken a fork
3901 141 has taken a fork
3902 143 has taken a fork
3902 80 is eating
3903 134 has taken a fork
3903 132 has taken a fork
3906 140 has taken a fork
3907 136 has taken a fork
3907 147 has taken a fork
3907 76 is eating
3907 86 is eating
3907 91 is eating
3907 88 is eating
3907 89 is eating
3907 87 is eating
3907 94 is eating
3907 92 is eating
3907 96 is eating
3907 101 is eating
3907 93 is eating
3907 98 is eating
3907 90 is eating
3910 142 has taken a fork
3910 84 is eating
3910 95 is eating
3914 144 has taken a fork
3914 179 is thinking
3915 180 is thinking
3915 193 is thinking
3915 181 is thinking
3915 174 is thinking
3915 176 is thinking
3916 171 is thinking
3916 99 is eating
3916 138 has taken a fork
3920 137 has taken a fork
3922 163 has taken a fork
3922 83 is eating
3922 79 is eating
3922 106 is eating
3922 102 is eating
3922 103 is eating
3922 184 is thinking
3923 192 is thinking
3924 187 is thinking
3924 191 is thinking
3925 182 is thinking
3925 178 is thinking
3925 190 is thinking
3925 194 is thinking
3926 199 is thinking
3927 188 is thinking
3927 189 is thinking
3927 3 is thinking
3927 196 is thinking
3927 195 is thinking
3927 186 is thinking
3928 200 is thinking
3928 183 is thinking
3928 198 is thinking
3928 10 is thinking
3928 185 is thinking
3929 197 is thinking
3929 13 is thinking
3929 9 is thinking
3930 5 is thinking
3930 21 is thinking
3930 8 is thinking
3930 6 is thinking
3930 29 is thinking
3930 104 is eating
3930 2 is thinking
3930 97 is eating
3930 1 is thinking
3933 151 has taken a fork
3933 7 is thinking
3933 112 is eating
3933 115 is eating
3933 109 is eating
3933 100 is eating
3933 23 is thinking
3933 130 has taken a fork
3933 150 has taken a fork
3933 108 is eating
3933 113 is eating
3933 114 is eating
3933 107 is eating
3933 105 is eating
3933 127 is eating
3933 119 is eating
3933 128 is eating
3934 18 is thinking
3934 122 is eating
3934 4 is thinking
3935 22 is thinking
3936 26 is thinking
3936 12 is thinking
3937 24 is thinking
3938 15 is thinking
3938 129 is eating
3939 14 is thinking
3939 111 is eating
3940 156 has taken a fork
3940 157 has taken a fork
3940 145 has taken a fork
3940 154 has taken a fork
3940 31 is thinking
3940 158 has taken a fork
3940 160 has taken a fork
3940 117 is eating
3940 123 is eating
3940 164 has taken a fork
3940 152 has taken a fork
3941 155 has taken a fork
3942 159 has taken a fork
3942 110 is eating
3942 121 is eating
3943 118 is eating
3943 124 is eating
3943 30 is thinking
3944 116 is eating
3944 133 is eating
3945 153 is eating
3945 120 is eating
3945 126 is eating
3945 131 is eating
3945 135 is eating
3946 125 is eating
3946 139 is eating
3946 148 is eating
3946 141 is eating
3948 28 is thinking
3948 143 is eating
3948 134 is eating
3948 132 is eating
3948 59 is sleeping
3948 67 is sleeping
3949 169 has taken a fork
3949 65 is sleeping
3949 62 is sleeping
3949 166 has taken a fork
3949 161 has taken a fork
3949 64 is sleeping
3949 71 is sleeping
3950 146 has taken a fork
3951 140 is eating
3952 165 has taken a fork
3953 177 has taken a fork
3953 66 is sleeping
3954 136 is eating
3955 147 is eating
3957 149 has taken a fork
3958 142 is eating
3959 35 is thinking
3960 72 is sleeping
3960 162 has taken a fork
3960 61 is sleeping
3960 175 has taken a fork
3960 68 is sleeping
3960 170 has taken a fork
3960 73 is sleeping
3960 69 is sleeping
3960 172 has taken a fork
3960 75 is sleeping
3961 167 has taken a fork
3961 77 is sleeping
3962 168 has taken a fork
3965 173 has taken a fork
3965 144 is eating
3965 74 is sleeping
3965 70 is sleeping
3966 179 has taken a fork
3966 180 has taken a fork
3966 138 is eating
3966 78 is sleeping
3966 85 is sleeping
3966 81 is sleeping
3966 82 is sleeping
3966 193 has taken a fork
3967 174 has taken a fork
3968 181 has taken a fork
3968 176 has taken a fork
3969 25 is thinking
3969 137 is eating
3969 80 is sleeping
3969 171 has taken a fork
3970 37 is thinking
3970 34 is thinking
3971 163 is eating
3972 17 is thinking
3972 45 is thinking
3972 36 is thinking
3973 33 is thinking
3975 27 is thinking
3975 93 is sleeping
3975 96 is sleeping
3975 76 is sleeping
3975 90 is sleeping
3975 192 has taken a fork
3975 89 is sleeping
3975 187 has taken a fork
3975 91 is sleeping
3975 88 is sleeping
3975 101 is sleeping
3975 98 is sleeping
3975 94 is sleeping
3975 194 has taken a fork
3977 190 has taken a fork
3977 178 has taken a fork
3977 86 is sleeping
3977 92 is sleeping
3977 87 is sleeping
3977 199 has taken a fork
3977 38 is thinking
3977 41 is thinking
3977 188 has taken a fork
3977 184 has taken a fork
3977 191 has taken a fork
3977 182 has taken a fork
3977 189 has taken a fork
3978 3 has taken a fork
3978 196 has taken a fork
3978 95 is sleeping
3978 84 is sleeping
3978 195 has taken a fork
3978 186 has taken a fork
3978 32 is thinking
3978 99 is sleeping
3978 200 has taken a fork
3978 47 is thinking
3979 151 is eating
3979 130 is eating
3979 150 is eating
3979 79 is sleeping
3979 43 is thinking
3979 103 is sleeping
3979 106 is sleeping
3979 102 is sleeping
3979 83 is sleeping
3979 183 has taken a fork
3980 198 has taken a fork
3982 185 has taken a fork
3984 197 has taken a fork
3985 10 has taken a fork
3985 11 is thinking
3986 20 is thinking
3986 51 is thinking
3986 97 is sleeping
3986 104 is sleeping
3988 39 is thinking
3989 13 has taken a fork
3989 9 has taken a fork
3990 156 is eating
3990 157 is eating
3991 145 is eating
3991 42 is thinking
3991 154 is eating
3991 158 is eating
3992 160 is eating
3993 164 is eating
3993 152 is eating
3993 112 is sleeping
3993 5 has taken a fork
3993 155 is eating
3993 109 is sleeping
3993 115 is sleeping
3993 21 has taken a fork
3994 100 is sleeping
3994 6 has taken a fork
3994 49 is thinking
3994 8 has taken a fork
3994 159 is eating
3994 113 is sleeping
3994 114 is sleeping
3994 107 is sleeping
3994 105 is sleeping
3994 108 is sleeping
3994 127 is sleeping
3994 18 has taken a fork
3996 29 has taken a fork
3997 2 has taken a fork
3998 1 has taken a fork
3999 7 has taken a fork
4000 23 has taken a fork
4000 128 is sleeping
4000 119 is sleeping
4000 4 has taken a fork
4002 22 has taken a fork
4002 122 is sleeping
4003 26 has taken a fork
4003 53 is thinking
4003 54 is thinking
4004 55 is thinking
4004 129 is sleeping
4004 111 is sleeping
4004 12 has taken a fork
4004 40 is thinking
4004 24 has taken a fork
4004 123 is sleeping
4005 117 is sleeping
4006 169 has taken a fork
4006 14 has taken a fork
4007 166 has taken a fork
4007 161 has taken a fork
4007 146 has taken a fork
4009 15 has taken a fork
4009 110 is sleeping
4009 118 is sleeping
4009 121 is sleeping
4011 165 has taken a fork
4013 30 has taken a fork
4014 28 has taken a fork
4014 31 has taken a fork
4014 124 is sleeping
4015 177 has taken a fork
4017 116 is sleeping
4020 149 has taken a fork
4020 133 is sleeping
4020 35 has taken a fork
4020 153 is sleeping
4020 162 has taken a fork
4022 120 is sleeping
4022 175 has taken a fork
4022 170 has taken a fork
4022 172 has taken a fork
4022 167 has taken a fork
4022 126 is sleeping
4022 168 has taken a fork
4022 139 is sleeping
4022 131 is sleeping
4022 125 is sleeping
4022 135 is sleeping
4022 148 is sleeping
4022 141 is sleeping
4022 143 is sleeping
4022 173 has taken a fork
4022 179 has taken a fork
4022 180 has taken a fork
4022 46 is thinking
4023 56 is thinking
4024 134 is sleeping
4024 132 is sleeping
4024 193 has taken a fork
4024 174 has taken a fork
4024 181 has taken a fork
4024 176 has taken a fork
4024 140 is sleeping
4024 171 has taken a fork
4024 37 has taken a fork
4025 25 has taken a fork
4025 34 has taken a fork
4025 136 is sleeping
4025 17 has taken a fork
4025 45 has taken a fork
4025 36 has taken a fork
4025 33 has taken a fork
4025 147 is sleeping
4025 142 is sleeping
4025 52 is thinking
4026 27 has taken a fork
4026 192 has taken a fork
4026 187 has taken a fork
4026 194 has taken a fork
4026 63 is thinking
4026 50 is thinking
4026 190 has taken a fork
4026 178 has taken a fork
4026 199 has taken a fork
4027 38 has taken a fork
4027 41 has taken a fork
4027 188 has taken a fork
4027 184 has taken a fork
4027 191 has taken a fork
4027 182 has taken a fork
4027 189 has taken a fork
4027 3 has taken a fork
4027 144 is sleeping
4027 196 has taken a fork
4027 195 has taken a fork
4027 186 has taken a fork
4027 32 has taken a fork
4027 200 has taken a fork
4028 47 has taken a fork
4028 138 is sleeping
4028 43 has taken a fork
4028 183 has taken a fork
4028 198 has taken a fork
4028 185 has taken a fork
4029 137 is sleeping
4029 163 is sleeping
4029 16 is thinking
4034 197 has taken a fork
4034 10 has taken a fork
4035 11 has taken a fork
4036 44 is thinking
4037 20 has taken a fork
4038 60 is thinking
4040 48 is thinking
4040 51 has taken a fork
4040 130 is sleeping
4040 39 has taken a fork
4043 151 is sleeping
4043 150 is sleeping
4043 13 has taken a fork
4043 9 has taken a fork
4047 19 is thinking
4050 58 is thinking
4050 42 has taken a fork
4050 5 has taken a fork
4050 21 has taken a fork
4050 6 has taken a fork
4051 49 has taken a fork
4053 57 is thinking
4054 8 has taken a fork
4054 18 has taken a fork
4054 29 has taken a fork
4054 2 has taken a fork
4054 1 has taken a fork
4054 157 is sleeping
4054 156 is sleeping
4054 7 has taken a fork
4054 145 is sleeping
4054 23 has taken a fork
4054 4 has taken a fork
4054 154 is sleeping
4054 158 is sleeping
4054 22 has taken a fork
4054 160 is sleeping
4055 164 is sleeping
4056 26 has taken a fork
4057 53 has taken a fork
4060 54 has taken a fork
4060 152 is sleeping
4060 55 has taken a fork
4064 155 is sleeping
4066 12 has taken a fork
4066 40 has taken a fork
4068 24 has taken a fork
4068 169 is eating
4068 159 is sleeping
4070 14 has taken a fork
4070 166 is eating
4070 161 is eating
4070 146 is eating
4073 15 has taken a fork
4074 165 is eating
4076 30 has taken a fork
4088 28 has taken a fork
4092 31 has taken a fork
4093 177 is eating
4093 149 is eating
4096 35 has taken a fork
4097 162 is eating
4097 175 is eating
4097 170 is eating
4097 172 is eating
4097 167 is eating
4097 168 is eating
4099 173 is eating
4099 179 is eating
4099 180 is eating
4101 46 has taken a fork
4104 56 has taken a fork
4104 193 is eating
4104 174 is eating
4104 181 is eating
4104 176 is eating
4104 171 is eating
4104 37 has taken a fork
4106 25 has taken a fork
4106 34 has taken a fork
4107 17 has taken a fork
4107 45 has taken a fork
4107 36 has taken a fork
4107 33 has taken a fork
4108 52 has taken a fork
4108 27 has taken a fork
4108 192 is eating
4108 187 is eating
4108 194 is eating
4109 63 has taken a fork
4109 50 has taken a fork
4109 190 is eating
4109 178 is eating
4109 199 is eating
4109 38 has taken a fork
4109 41 has taken a fork
4109 188 is eating
4109 184 is eating
4109 191 is eating
4109 182 is eating
4109 189 is eating
4109 3 is eating
4109 196 is eating
4109 195 is eating
4109 186 is eating
4109 32 has taken a fork
4110 200 is eating
4110 47 has taken a fork
4111 43 has taken a fork
4111 183 is eating
4111 198 is eating
4111 185 is eating
4111 197 is eating
4111 10 is eating
4113 11 has taken a fork
4114 16 has taken a fork
4116 44 has taken a fork
4118 20 has taken a fork
4118 60 has taken a fork
4118 48 has taken a fork
4118 51 has taken a fork
4118 39 has taken a fork
4118 13 is eating
4118 9 is eating
4121 19 has taken a fork
4121 64 is thinking
4121 65 is thinking
4123 67 is thinking
4123 71 is thinking
4123 58 has taken a fork
4123 62 is thinking
4123 59 is thinking
4123 42 has taken a fork
4123 5 is eating
4123 21 is eating
4123 6 is eating
4123 49 has taken a fork
4123 66 is thinking
4123 57 has taken a fork
4124 8 is eating
4124 18 is eating
4124 29 is eating
4124 2 is eating
4124 1 is eating
4124 7 is eating
4124 23 is eating
4124 4 is eating
4124 22 is eating
4126 26 is eating
4126 53 has taken a fork
4127 61 is thinking
4128 72 is thinking
4128 69 is thinking
4129 75 is thinking
4129 68 is thinking
4129 54 has taken a fork
4129 73 is thinking
4129 55 has taken a fork
4129 77 is thinking
4129 78 is thinking
4129 81 is thinking
4129 85 is thinking
4129 82 is thinking
4130 74 is thinking
4130 70 is thinking
4130 12 is eating
4130 40 has taken a fork
4132 24 is eating
4132 80 is thinking
4132 14 is eating
4132 15 is eating
4132 76 is thinking
4133 96 is thinking
4133 88 is thinking
4133 91 is thinking
4134 90 is thinking
4134 98 is thinking
4134 89 is thinking
4134 94 is thinking
4134 93 is thinking
4134 101 is thinking
4134 86 is thinking
4135 106 is thinking
4135 103 is thinking
4135 102 is thinking
4135 84 is thinking
4135 79 is thinking
4136 83 is thinking
4136 99 is thinking
4136 87 is thinking
4136 95 is thinking
4136 92 is thinking
4136 30 is eating
4136 104 is thinking
4136 169 is sleeping
4136 161 is sleeping
4136 166 is sleeping
4137 146 is sleeping
4137 97 is thinking
4137 28 is eating
4137 165 is sleeping
4137 31 is eating
4137 115 is thinking
4137 112 is thinking
4137 100 is thinking
4137 107 is thinking
4137 113 is thinking
4137 105 is thinking
4137 108 is thinking
4137 114 is thinking
4137 109 is thinking
4138 127 is thinking
4139 35 is eating
4139 119 is thinking
4139 149 is sleeping
4139 177 is sleeping
4139 128 is thinking
4140 46 has taken a fork
4140 122 is thinking
4140 123 is thinking
4140 111 is thinking
4140 129 is thinking
4140 175 is sleeping
4140 162 is sleeping
4141 56 has taken a fork
4141 37 is eating
4141 172 is sleeping
4141 117 is thinking
4141 170 is sleeping
4141 168 is sleeping
4142 25 is eating
4142 34 is eating
4142 167 is sleeping
4142 17 is eating
4143 173 is sleeping
4143 45 is eating
4143 36 is eating
4143 33 is eating
4143 179 is sleeping
4143 180 is sleeping
4143 52 has taken a fork
4144 27 is eating
4144 110 is thinking
4144 121 is thinking
4144 118 is thinking
4144 63 has taken a fork
4145 50 has taken a fork
4145 38 is eating
4145 41 is eating
4145 32 is eating
4145 47 is eating
4146 176 is sleeping
4146 181 is sleeping
4146 193 is sleeping
4146 174 is sleeping
4146 43 is eating
4146 171 is sleeping
4146 11 is eating
4146 124 is thinking
4146 16 has taken a fork
4146 44 has taken a fork
4146 116 is thinking
4146 3 is sleeping
4146 184 is sleeping
4147 191 is sleeping
4147 192 is sleeping
4147 196 is sleeping
4147 189 is sleeping
4147 178 is sleeping
4147 187 is sleeping
4147 194 is sleeping
4147 199 is sleeping
4147 190 is sleeping
4147 182 is sleeping
4147 188 is sleeping
4147 20 is eating
4148 60 has taken a fork
4148 48 has taken a fork
4148 51 is eating
4148 39 is eating
4148 195 is sleeping
4148 186 is sleeping
4149 153 is thinking
4150 133 is thinking
4150 200 is sleeping
4152 19 has taken a fork
4154 64 has taken a fork
4156 65 has taken a fork
4158 126 is thinking
4162 125 is thinking
4166 143 is thinking
4166 135 is thinking
4167 148 is thinking
4168 141 is thinking
4171 120 is thinking
4171 131 is thinking
4172 139 is thinking
4172 198 is sleeping
4173 10 is sleeping
4173 183 is sleeping
4173 185 is sleeping
4173 197 is sleeping
4174 67 has taken a fork
4175 71 has taken a fork
4175 58 has taken a fork
4175 62 has taken a fork
4177 59 has taken a fork
4177 42 is eating
4177 49 is eating
4177 66 has taken a fork
4177 57 has taken a fork
4177 132 is thinking
4177 134 is thinking
4177 140 is thinking
4177 147 is thinking
4177 136 is thinking
4179 142 is thinking
4179 53 is eating
4179 144 is thinking
4179 61 has taken a fork
4180 138 is thinking
4180 72 has taken a fork
4180 69 has taken a fork
4180 9 is sleeping
4180 13 is sleeping
4180 163 is thinking
4180 137 is thinking
4182 75 has taken a fork
4182 68 has taken a fork
4183 54 is eating
4183 55 is eating
4184 78 has taken a fork
4187 77 has taken a fork
4187 73 has taken a fork
4189 81 has taken a fork
4190 85 has taken a fork
4190 82 has taken a fork
4191 74 has taken a fork
4192 70 has taken a fork
4192 40 is eating
4192 5 is sleeping
4195 80 has taken a fork
4195 76 has taken a fork
4196 21 is sleeping
4196 8 is sleeping
4196 6 is sleeping
4198 96 has taken a fork
4198 88 has taken a fork
4200 91 has taken a fork
4201 7 is sleeping
4201 22 is sleeping
4202 1 is sleeping
4202 2 is sleeping
4202 23 is sleeping
4202 18 is sleeping
4202 4 is sleeping
4202 29 is sleeping
4203 90 has taken a fork
4206 98 has taken a fork
4209 89 has taken a fork
4210 94 has taken a fork
4211 93 has taken a fork
4212 101 has taken a fork
4213 86 has taken a fork
4214 106 has taken a fork
4214 103 has taken a fork
4216 102 has taken a fork
4220 84 has taken a fork
4222 79 has taken a fork
4227 83 has taken a fork
4233 26 is sleeping
4236 99 has taken a fork
4237 87 has taken a fork
4238 95 has taken a fork
4240 92 has taken a fork
4241 104 has taken a fork
4241 97 has taken a fork
4243 115 has taken a fork
4245 100 has taken a fork
4245 112 has taken a fork
4245 107 has taken a fork
4245 113 has taken a fork
4245 105 has taken a fork
4245 108 has taken a fork
4246 114 has taken a fork
4246 109 has taken a fork
4247 12 is sleeping
4247 127 has taken a fork
4247 119 has taken a fork
4248 128 has taken a fork
4249 130 is thinking
4250 46 is eating
4251 24 is sleeping
4252 122 has taken a fork
4252 123 has taken a fork
4254 111 has taken a fork
4254 56 is eating
4255 14 is sleeping
4255 129 has taken a fork
4256 150 is thinking
4256 151 is thinking
4257 52 is eating
4258 15 is sleeping
4258 117 has taken a fork
4259 63 is eating
4259 30 is sleeping
4259 50 is eating
4260 28 is sleeping
4261 110 has taken a fork
4263 121 has taken a fork
4265 31 is sleeping
4266 118 has taken a fork
4267 16 is eating
4268 44 is eating
4268 60 is eating
4268 48 is eating
4268 35 is sleeping
4268 124 has taken a fork
4272 19 is eating
4273 64 has taken a fork
4273 158 is thinking
4274 160 is thinking
4275 154 is thinking
4276 157 is thinking
4280 145 is thinking
4281 156 is thinking
4281 34 is sleeping
4281 37 is sleeping
4281 116 has taken a fork
4282 153 has taken a fork
4282 25 is sleeping
4282 65 has taken a fork
4282 164 is thinking
4282 17 is sleeping
4283 36 is sleeping
4283 45 is sleeping
4283 133 has taken a fork
4284 126 has taken a fork
4284 33 is sleeping
4284 41 is sleeping
4284 38 is sleeping
4284 27 is sleeping
4284 32 is sleeping
4284 125 has taken a fork
4284 47 is sleeping
4286 152 is thinking
4286 155 is thinking
4286 43 is sleeping
4286 143 has taken a fork
4286 11 is sleeping
4286 135 has taken a fork
4286 51 is sleeping
4287 20 is sleeping
4287 148 has taken a fork
4288 39 is sleeping
4288 141 has taken a fork
4289 159 is thinking
4289 120 has taken a fork
4289 131 has taken a fork
4289 139 has taken a fork
4289 67 has taken a fork
4289 71 has taken a fork
4289 58 is eating
4289 62 has taken a fork
4289 59 has taken a fork
4289 66 has taken a fork
4290 57 is eating
4290 132 has taken a fork
4290 134 has taken a fork
4290 140 has taken a fork
4290 147 has taken a fork
4291 136 has taken a fork
4291 61 has taken a fork
4291 72 has taken a fork
4291 69 has taken a fork
4291 75 has taken a fork
4291 68 has taken a fork
4291 78 has taken a fork
4291 42 is sleeping
4291 49 is sleeping
4291 144 has taken a fork
4291 77 has taken a fork
4292 142 has taken a fork
4292 73 has taken a fork
4292 81 has taken a fork
4293 85 has taken a fork
4294 82 has taken a fork
4294 53 is sleeping
4294 138 has taken a fork
4294 74 has taken a fork
4294 70 has taken a fork
4294 54 is sleeping
4294 163 has taken a fork
4294 55 is sleeping
4294 137 has taken a fork
4294 80 has taken a fork
4295 76 has taken a fork
4295 40 is sleeping
4297 96 has taken a fork
4297 88 has taken a fork
4297 91 has taken a fork
4297 90 has taken a fork
4297 98 has taken a fork
4297 89 has taken a fork
4297 94 has taken a fork
4297 93 has taken a fork
4297 101 has taken a fork
4300 86 has taken a fork
4300 106 has taken a fork
4300 103 has taken a fork
4301 102 has taken a fork
4301 84 has taken a fork
4301 79 has taken a fork
4301 83 has taken a fork
4305 161 is thinking
4305 99 has taken a fork
4305 169 is thinking
4305 166 is thinking
4306 165 is thinking
4307 146 is thinking
4307 87 has taken a fork
4307 95 has taken a fork
4308 149 is thinking
4310 177 is thinking
4311 162 is thinking
4311 175 is thinking
4312 92 has taken a fork
4314 168 is thinking
4315 172 is thinking
4316 170 is thinking
4317 104 has taken a fork
4317 97 has taken a fork
4317 167 is thinking
4319 179 is thinking
4320 173 is thinking
4323 180 is thinking
4325 115 has taken a fork
4325 100 has taken a fork
4325 112 has taken a fork
4326 107 has taken a fork
4326 113 has taken a fork
4326 105 has taken a fork
4326 108 has taken a fork
4329 174 is thinking
4334 171 is thinking
4337 181 is thinking
4339 176 is thinking
4341 193 is thinking
4343 3 is thinking
4343 114 has taken a fork
4343 109 has taken a fork
4344 191 is thinking
4344 184 is thinking
4345 199 is thinking
4346 192 is thinking
4348 190 is thinking
4348 189 is thinking
4349 194 is thinking
4350 196 is thinking
4351 187 is thinking
4351 188 is thinking
4351 127 has taken a fork
4354 178 is thinking
4355 182 is thinking
4355 119 has taken a fork
4355 128 has taken a fork
4355 186 is thinking
4355 195 is thinking
4355 130 has taken a fork
4355 46 is sleeping
4355 200 is thinking
4355 122 has taken a fork
4356 123 has taken a fork
4356 111 has taken a fork
4356 56 is sleeping
4356 129 has taken a fork
4357 150 has taken a fork
4357 151 has taken a fork
4357 52 is sleeping
4357 117 has taken a fork
4357 63 is sleeping
4357 50 is sleeping
4357 110 has taken a fork
4357 121 has taken a fork
4357 118 has taken a fork
4357 16 is sleeping
4357 44 is sleeping
4357 60 is sleeping
4357 48 is sleeping
4357 124 has taken a fork
4358 19 is sleeping
4359 64 is eating
4360 197 is thinking
4360 185 is thinking
4361 10 is thinking
4362 198 is thinking
4363 158 has taken a fork
4364 183 is thinking
4364 160 has taken a fork
4365 154 has taken a fork
4366 157 has taken a fork
4367 9 is thinking
4369 13 is thinking
4369 145 has taken a fork
4369 156 has taken a fork
4369 116 has taken a fork
4370 153 has taken a fork
4370 65 is eating
4371 164 has taken a fork
4371 133 has taken a fork
4372 126 has taken a fork
4372 125 has taken a fork
4372 155 has taken a fork
4372 143 has taken a fork
4372 135 has taken a fork
4372 148 has taken a fork
4372 141 has taken a fork
4372 120 has taken a fork
4372 131 has taken a fork
4372 139 has taken a fork
4372 67 is eating
4373 71 is eating
4373 58 is sleeping
4373 62 is eating
4374 59 is eating
4374 66 is eating
4374 57 is sleeping
4374 134 has taken a fork
4374 132 has taken a fork
4375 140 has taken a fork
4375 147 has taken a fork
4375 136 has taken a fork
4376 152 has taken a fork
4376 61 is eating
4378 159 has taken a fork
4378 72 is eating
4379 69 is eating
4379 75 is eating
4379 68 is eating
4379 144 has taken a fork
4379 78 is eating
4380 77 is eating
4380 142 has taken a fork
4381 73 is eating
4381 81 is eating
4382 5 is thinking
4382 85 is eating
4382 82 is eating
4382 138 has taken a fork
4382 74 is eating
4383 70 is eating
4383 163 has taken a fork
4383 137 has taken a fork
4383 80 is eating
4384 76 is eating
4385 21 is thinking
4385 8 is thinking
4385 96 is eating
4385 88 is eating
4385 91 is eating
4385 90 is eating
4385 6 is thinking
4385 98 is eating
4386 89 is eating
4386 94 is eating
4386 93 is eating
4386 101 is eating
4387 86 is eating
4387 106 is eating
4387 103 is eating
4387 102 is eating
4387 84 is eating
4387 22 is thinking
4388 7 is thinking
4388 79 is eating
4388 83 is eating
4388 29 is thinking
4388 4 is thinking
4388 23 is thinking
4388 1 is thinking
4389 2 is thinking
4389 18 is thinking
4389 99 is eating
4389 87 is eating
4389 95 is eating
4389 92 is eating
4389 104 is eating
4389 97 is eating
4390 115 is eating
4390 100 is eating
4390 112 is eating
4390 107 is eating
4391 113 is eating
4391 108 is eating
4391 105 is eating
4391 26 is thinking
4391 114 is eating
4391 109 is eating
4391 12 is thinking
4391 24 is thinking
4391 127 is eating
4391 14 is thinking
4391 119 is eating
4391 128 is eating
4391 130 has taken a fork
4391 122 is eating
4391 123 is eating
4391 111 is eating
4392 129 is eating
4392 151 has taken a fork
4392 150 has taken a fork
4392 117 is eating
4393 110 is eating
4393 121 is eating
4393 118 is eating
4393 124 is eating
4393 15 is thinking
4393 30 is thinking
4394 64 is sleeping
4394 28 is thinking
4394 161 has taken a fork
4395 158 has taken a fork
4395 160 has taken a fork
4395 31 is thinking
4395 154 has taken a fork
4397 157 has taken a fork
4397 35 is thinking
4397 145 has taken a fork
4397 156 has taken a fork
4397 116 is eating
4398 153 is eating
4398 65 is sleeping
4398 169 has taken a fork
4398 164 has taken a fork
4398 133 is eating
4398 126 is eating
4398 125 is eating
4398 155 has taken a fork
4398 143 is eating
4398 135 is eating
4398 148 is eating
4398 141 is eating
4398 120 is eating
4398 131 is eating
4398 139 is eating
4398 67 is sleeping
4398 71 is sleeping
4398 166 has taken a fork
4398 62 is sleeping
4399 165 has taken a fork
4399 59 is sleeping
4399 146 has taken a fork
4399 66 is sleeping
4399 149 has taken a fork
4399 134 is eating
4399 132 is eating
4399 140 is eating
4399 147 is eating
4399 136 is eating
4399 177 has taken a fork
4399 152 has taken a fork
4399 61 is sleeping
4399 159 has taken a fork
4399 72 is sleeping
4399 69 is sleeping
4399 162 has taken a fork
4399 75 is sleeping
4399 68 is sleeping
4400 144 is eating
4400 78 is sleeping
4400 77 is sleeping
4400 142 is eating
4400 170 has taken a fork
4400 167 has taken a fork
4400 175 has taken a fork
4400 168 has taken a fork
4400 172 has taken a fork
4400 179 has taken a fork
4400 37 is thinking
4401 34 is thinking
4401 73 is sleeping
4401 81 is sleeping
4403 25 is thinking
4403 173 has taken a fork
4403 180 has taken a fork
4403 85 is sleeping
4403 82 is sleeping
4403 138 is eating
4403 74 is sleeping
4405 45 is thinking
4405 36 is thinking
4405 163 is eating
4406 70 is sleeping
4406 137 is eating
4407 17 is thinking
4407 80 is sleeping
4407 33 is thinking
4407 171 has taken a fork
4408 32 is thinking
4408 193 has taken a fork
4409 174 has taken a fork
4409 76 is sleeping
4410 181 has taken a fork
4411 176 has taken a fork
4413 47 is thinking
4415 27 is thinking
4417 41 is thinking
4418 38 is thinking
4418 3 has taken a fork
4418 96 is sleeping
4419 191 has taken a fork
4419 88 is sleeping
4419 91 is sleeping
4419 90 is sleeping
4421 51 is thinking
4421 98 is sleeping
4421 89 is sleeping
4424 43 is thinking
4428 11 is thinking
4429 199 has taken a fork
4431 184 has taken a fork
4436 192 has taken a fork
4440 190 has taken a fork
4440 94 is sleeping
4440 93 is sleeping
4440 101 is sleeping
4440 187 has taken a fork
4442 196 has taken a fork
4446 189 has taken a fork
4451 194 has taken a fork
4451 86 is sleeping
4451 188 has taken a fork
4453 20 is thinking
4453 178 has taken a fork
4453 103 is sleeping
4454 102 is sleeping
4454 106 is sleeping
4454 84 is sleeping
4454 182 has taken a fork
4454 195 has taken a fork
4454 186 has taken a fork
4454 79 is sleeping
4454 83 is sleeping
4455 39 is thinking
4456 200 has taken a fork
4456 197 has taken a fork
4456 99 is sleeping
4456 87 is sleeping
4456 95 is sleeping
4456 92 is sleeping
4457 185 has taken a fork
4463 198 has taken a fork
4463 10 has taken a fork
4465 183 has taken a fork
4466 9 has taken a fork
4466 104 is sleeping
4466 97 is sleeping
4466 13 has taken a fork
4468 115 is sleeping
4468 5 has taken a fork
4470 100 is sleeping
4470 112 is sleeping
4470 21 has taken a fork
4471 8 has taken a fork
4475 42 is thinking
4476 49 is thinking
4478 107 is sleeping
4478 113 is sleeping
4478 22 has taken a fork
4478 108 is sleeping
4479 29 has taken a fork
4481 7 has taken a fork
4481 105 is sleeping
4481 114 is sleeping
4481 4 has taken a fork
4481 109 is sleeping
4483 6 has taken a fork
4484 23 has taken a fork
4484 127 is sleeping
4485 1 has taken a fork
4485 119 is sleeping
4485 128 is sleeping
4486 2 has taken a fork
4486 18 has taken a fork
4487 130 is eating
4487 122 is sleeping
4491 26 has taken a fork
4493 123 is sleeping
4499 12 has taken a fork
4502 111 is sleeping
4505 24 has taken a fork
4507 129 is sleeping
4508 14 has taken a fork
4508 151 is eating
4508 150 is eating
4508 117 is sleeping
4509 110 is sleeping
4509 121 is sleeping
4509 118 is sleeping
4509 124 is sleeping
4511 30 has taken a fork
4511 15 has taken a fork
4512 55 is thinking
4513 54 is thinking
4514 53 is thinking
4514 28 has taken a fork
4514 161 has taken a fork
4516 40 is thinking
4516 158 is eating
4516 160 is eating
4516 31 has taken a fork
4516 154 is eating
4516 157 is eating
4516 35 has taken a fork
4516 145 is eating
4516 156 is eating
4516 116 is sleeping
4516 153 is sleeping
4517 169 has taken a fork
4517 164 is eating
4517 133 is sleeping
4519 126 is sleeping
4520 125 is sleeping
4520 155 is eating
4520 135 is sleeping
4521 143 is sleeping
4521 148 is sleeping
4521 141 is sleeping
4521 120 is sleeping
4521 131 is sleeping
4521 139 is sleeping
4521 166 has taken a fork
4521 165 has taken a fork
4521 146 has taken a fork
4521 149 has taken a fork
4521 134 is sleeping
4521 132 is sleeping
4522 140 is sleeping
4522 147 is sleeping
4522 136 is sleeping
4522 177 has taken a fork
4522 152 is eating
4522 159 is eating
4522 162 has taken a fork
4522 144 is sleeping
4522 142 is sleeping
4522 170 has taken a fork
4522 167 has taken a fork
4522 175 has taken a fork
4522 168 has taken a fork
4522 172 has taken a fork
4522 179 has taken a fork
4523 37 has taken a fork
4524 34 has taken a fork
4525 25 has taken a fork
4525 173 has taken a fork
4525 180 has taken a fork
4525 138 is sleeping
4527 45 has taken a fork
4528 36 has taken a fork
4528 163 is sleeping
4528 137 is sleeping
4528 17 has taken a fork
4530 33 has taken a fork
4530 171 has taken a fork
4530 32 has taken a fork
4531 193 has taken a fork
4532 174 has taken a fork
4532 181 has taken a fork
4533 176 has taken a fork
4534 47 has taken a fork
4535 27 has taken a fork
4535 41 has taken a fork
4535 38 has taken a fork
4535 3 has taken a fork
4537 191 has taken a fork
4537 51 has taken a fork
4538 43 has taken a fork
4538 11 has taken a fork
4538 199 has taken a fork
4538 184 has taken a fork
4539 192 has taken a fork
4540 190 has taken a fork
4540 187 has taken a fork
4540 196 has taken a fork
4541 189 has taken a fork
4542 194 has taken a fork
4542 188 has taken a fork
4542 20 has taken a fork
4543 178 has taken a fork
4543 182 has taken a fork
4543 195 has taken a fork
4543 186 has taken a fork
4543 39 has taken a fork
4544 46 is thinking
4544 200 has taken a fork
4544 197 has taken a fork
4545 56 is thinking
4545 185 has taken a fork
4545 44 is thinking
4546 16 is thinking
4546 48 is thinking
4547 60 is thinking
4547 52 is thinking
4547 63 is thinking
4548 50 is thinking
4549 19 is thinking
4549 198 has taken a fork
4549 10 has taken a fork
4549 183 has taken a fork
4549 9 has taken a fork
4549 13 has taken a fork
4550 5 has taken a fork
4550 21 has taken a fork
4550 8 has taken a fork
4550 57 is thinking
4550 58 is thinking
4551 42 has taken a fork
4552 49 has taken a fork
4552 22 has taken a fork
4552 29 has taken a fork
4552 7 has taken a fork
4553 4 has taken a fork
4553 6 has taken a fork
4553 23 has taken a fork
4553 1 has taken a fork
4553 2 has taken a fork
4553 18 has taken a fork
4553 130 is sleeping
4553 26 has taken a fork
4554 64 is thinking
4554 71 is thinking
4554 67 is thinking
4555 65 is thinking
4556 68 is thinking
4556 61 is thinking
4558 69 is thinking
4559 62 is thinking
4560 75 is thinking
4563 72 is thinking
4564 59 is thinking
4564 12 has taken a fork
4565 66 is thinking
4566 78 is thinking
4566 77 is thinking
4566 81 is thinking
4567 73 is thinking
4569 74 is thinking
4572 85 is thinking
4577 82 is thinking
4580 24 has taken a fork
4583 70 is thinking
4583 80 is thinking
4584 14 has taken a fork
4584 151 is sleeping
4584 150 is sleeping
4585 76 is thinking
4585 30 has taken a fork
4585 15 has taken a fork
4586 55 has taken a fork
4586 54 has taken a fork
4586 53 has taken a fork
4587 28 has taken a fork
4587 161 is eating
4588 40 has taken a fork
4588 158 is sleeping
4589 160 is sleeping
4589 31 has taken a fork
4589 154 is sleeping
4589 157 is sleeping
4590 145 is sleeping
4590 156 is sleeping
4591 35 has taken a fork
4591 169 is eating
4591 164 is sleeping
4591 96 is thinking
4591 91 is thinking
4592 90 is thinking
4593 88 is thinking
4593 155 is sleeping
4594 98 is thinking
4594 89 is thinking
4594 166 is eating
4594 165 is eating
4594 146 is eating
4594 149 is eating
4594 177 is eating
4595 152 is sleeping
4595 159 is sleeping
4595 162 is eating
4595 170 is eating
4595 167 is eating
4595 175 is eating
4595 168 is eating
4595 172 is eating
4595 179 is eating
4596 37 has taken a fork
4596 34 has taken a fork
4598 25 has taken a fork
4598 173 is eating
4598 180 is eating
4598 45 has taken a fork
4598 36 has taken a fork
4600 17 has taken a fork
4601 33 has taken a fork
4601 171 is eating
4601 32 has taken a fork
4602 193 is eating
4603 174 is eating
4604 181 is eating
4605 176 is eating
4606 47 has taken a fork
4608 27 has taken a fork
4609 41 has taken a fork
4610 38 has taken a fork
4610 3 is eating
4611 191 is eating
4612 51 has taken a fork
4613 43 has taken a fork
4614 199 is eating
4614 11 has taken a fork
4615 184 is eating
4615 192 is eating
4616 190 is eating
4616 187 is eating
4617 94 is thinking
4617 101 is thinking
4617 93 is thinking
4618 196 is eating
4619 189 is eating
4622 194 is eating
4622 188 is eating
4622 20 has taken a fork
4622 178 is eating
4622 182 is eating
4622 195 is eating
4622 186 is eating
4622 39 has taken a fork
4622 46 has taken a fork
4622 200 is eating
4622 197 is eating
4623 56 has taken a fork
4623 185 is eating
4623 44 has taken a fork
4624 16 has taken a fork
4624 48 has taken a fork
4625 60 has taken a fork
4625 52 has taken a fork
4625 63 has taken a fork
4626 50 has taken a fork
4627 19 has taken a fork
4627 198 is eating
4627 10 is eating
4627 183 is eating
4627 9 is eating
4627 13 is eating
4628 5 is eating
4628 21 is eating
4628 8 is eating
4628 57 has taken a fork
4628 58 has taken a fork
4629 86 is thinking
4630 42 has taken a fork
4630 49 has taken a fork
4630 22 is eating
4630 29 is eating
4630 4 is eating
4630 6 is eating
4630 23 is eating
4631 1 is eating
4631 2 is eating
4631 18 is eating
4631 7 is eating
4632 26 is eating
4633 106 is thinking
4634 102 is thinking
4634 83 is thinking
4636 79 is thinking
4638 84 is thinking
4639 103 is thinking
4639 87 is thinking
4639 95 is thinking
4639 92 is thinking
4640 99 is thinking
4640 12 is eating
4640 104 is thinking
4641 97 is thinking
4641 115 is thinking
4641 100 is thinking
4642 112 is thinking
4642 107 is thinking
4644 113 is thinking
4644 24 is eating
4644 109 is thinking
4645 108 is thinking
4645 105 is thinking
4645 114 is thinking
4646 127 is thinking
4646 14 is eating
4647 128 is thinking
4647 119 is thinking
4647 30 is eating
4647 15 is eating
4647 55 has taken a fork
4647 54 has taken a fork
4647 53 has taken a fork
4647 28 is eating
4647 161 is sleeping
4647 122 is thinking
4647 64 has taken a fork
4647 40 has taken a fork
4647 31 is eating
4647 35 is eating
4647 169 is sleeping
4647 71 has taken a fork
4648 123 is thinking
4648 166 is sleeping
4648 165 is sleeping
4648 146 is sleeping
4648 68 has taken a fork
4648 149 is sleeping
4648 61 has taken a fork
4648 177 is sleeping
4648 162 is sleeping
4650 62 has taken a fork
4650 170 is sleeping
4650 167 is sleeping
4650 175 is sleeping
4650 168 is sleeping
4650 172 is sleeping
4650 179 is sleeping
4650 77 has taken a fork
4650 67 has taken a fork
4650 65 has taken a fork
4650 69 has taken a fork
4651 78 has taken a fork
4651 37 is eating
4653 72 has taken a fork
4653 66 has taken a fork
4653 75 has taken a fork
4654 59 has taken a fork
4654 34 is eating
4654 25 is eating
4654 173 is sleeping
4654 180 is sleeping
4654 45 is eating
4655 36 is eating
4655 17 is eating
4656 73 has taken a fork
4656 81 has taken a fork
4656 33 is eating
4656 171 is sleeping
4656 32 is eating
4657 111 is thinking
4657 193 is sleeping
4658 85 has taken a fork
4658 74 has taken a fork
4658 174 is sleeping
4658 181 is sleeping
4658 176 is sleeping
4659 70 has taken a fork
4659 82 has taken a fork
4659 47 is eating
4660 80 has taken a fork
4661 129 is thinking
4661 117 is thinking
4661 27 is eating
4661 124 is thinking
4661 110 is thinking
4661 118 is thinking
4662 121 is thinking
4662 41 is eating
4662 38 is eating
4662 3 is sleeping
4662 191 is sleeping
4663 96 has taken a fork
4663 51 is eating
4665 76 has taken a fork
4665 43 is eating
4665 199 is sleeping
4665 11 is eating
4665 184 is sleeping
4666 91 has taken a fork
4666 192 is sleeping
4667 116 is thinking
4667 190 is sleeping
4667 90 has taken a fork
4667 88 has taken a fork
4668 98 has taken a fork
4668 187 is sleeping
4669 89 has taken a fork
4669 153 is thinking
4669 196 is sleeping
4669 133 is thinking
4670 94 has taken a fork
4671 189 is sleeping
4671 125 is thinking
4672 134 is thinking
4672 132 is thinking
4673 131 is thinking
4674 141 is thinking
4675 120 is thinking
4675 139 is thinking
4677 143 is thinking
4677 148 is thinking
4678 126 is thinking
4678 135 is thinking
4678 147 is thinking
4678 140 is thinking
4679 142 is thinking
4679 136 is thinking
4679 194 is sleeping
4679 101 has taken a fork
4680 144 is thinking
4680 188 is sleeping
4680 20 is eating
4680 178 is sleeping
4680 182 is sleeping
4680 195 is sleeping
4680 186 is sleeping
4680 39 is eating
4681 93 has taken a fork
4681 46 has taken a fork
4681 200 is sleeping
4681 197 is sleeping
4681 56 has taken a fork
4681 185 is sleeping
4681 44 has taken a fork
4681 16 has taken a fork
4681 48 has taken a fork
4681 60 has taken a fork
4683 138 is thinking
4683 52 has taken a fork
4683 63 has taken a fork
4683 50 has taken a fork
4684 19 has taken a fork
4684 198 is sleeping
4684 10 is sleeping
4684 183 is sleeping
4684 9 is sleeping
4684 13 is sleeping
4684 163 is thinking
4684 137 is thinking
4684 5 is sleeping
4684 21 is sleeping
4684 8 is sleeping
4684 57 has taken a fork
4684 58 has taken a fork
4684 86 has taken a fork
4688 42 is eating
4689 49 is eating
4689 22 is sleeping
4689 29 is sleeping
4689 4 is sleeping
4689 6 is sleeping
4689 1 is sleeping
4689 23 is sleeping
4689 2 is sleeping
4689 18 is sleeping
4689 7 is sleeping
4690 26 is sleeping
4692 106 has taken a fork
4692 102 has taken a fork
4692 83 has taken a fork
4693 79 has taken a fork
4693 84 has taken a fork
4695 103 has taken a fork
4697 87 has taken a fork
4701 95 has taken a fork
4704 92 has taken a fork
4707 99 has taken a fork
4708 12 is sleeping
4709 104 has taken a fork
4710 115 has taken a fork
4713 100 has taken a fork
4714 97 has taken a fork
4715 112 has taken a fork
4722 107 has taken a fork
4723 113 has taken a fork
4723 24 is sleeping
4724 108 has taken a fork
4725 109 has taken a fork
4725 105 has taken a fork
4725 114 has taken a fork
4725 127 has taken a fork
4725 14 is sleeping
4725 128 has taken a fork
4725 119 has taken a fork
4725 30 is sleeping
4725 15 is sleeping
4725 55 is eating
4725 54 is eating
4725 53 is eating
4725 28 is sleeping
4725 122 has taken a fork
4725 64 has taken a fork
4725 40 is eating
4725 31 is sleeping
4725 35 is sleeping
4731 71 has taken a fork
4732 123 has taken a fork
4733 68 has taken a fork
4736 61 has taken a fork
4741 62 has taken a fork
4742 77 has taken a fork
4745 67 has taken a fork
4747 65 has taken a fork
4748 69 has taken a fork
4749 78 has taken a fork
4751 37 is sleeping
4755 72 has taken a fork
4761 66 has taken a fork
4764 130 is thinking
4765 75 has taken a fork
4765 59 has taken a fork
4766 34 is sleeping
4767 25 is sleeping
4767 45 is sleeping
4768 36 is sleeping
4768 17 is sleeping
4769 73 has taken a fork
4772 81 has taken a fork
4772 33 is sleeping
4772 32 is sleeping
4773 111 has taken a fork
4773 85 has taken a fork
4773 74 has taken a fork
4773 70 has taken a fork
4774 82 has taken a fork
4774 47 is sleeping
4775 80 has taken a fork
4775 129 has taken a fork
4776 117 has taken a fork
4776 27 is sleeping
4777 124 has taken a fork
4778 110 has taken a fork
4778 118 has taken a fork
4778 121 has taken a fork
4778 41 is sleeping
4778 38 is sleeping
4778 96 has taken a fork
4778 51 is sleeping
4778 76 has taken a fork
4778 43 is sleeping
4778 11 is sleeping
4779 91 has taken a fork
4779 116 has taken a fork
4779 90 has taken a fork
4780 88 has taken a fork
4780 98 has taken a fork
4780 89 has taken a fork
4781 153 has taken a fork
4781 133 has taken a fork
4781 94 has taken a fork
4782 125 has taken a fork
4782 134 has taken a fork
4783 132 has taken a fork
4783 131 has taken a fork
4783 141 has taken a fork
4785 120 has taken a fork
4785 139 has taken a fork
4787 143 has taken a fork
4788 148 has taken a fork
4788 126 has taken a fork
4790 135 has taken a fork
4790 147 has taken a fork
4790 101 has taken a fork
4790 20 is sleeping
4790 39 is sleeping
4791 93 has taken a fork
4793 140 has taken a fork
4794 142 has taken a fork
4794 46 is eating
4794 44 is eating
4794 56 is eating
4794 16 is eating
4794 48 is eating
4794 60 is eating
4794 52 is eating
4794 63 is eating
4794 50 is eating
4794 19 is eating
4794 150 is thinking
4795 151 is thinking
4795 57 is eating
4795 58 is eating
4795 86 has taken a fork
4796 158 is thinking
4796 42 is sleeping
4797 154 is thinking
4797 157 is thinking
4797 49 is sleeping
4797 160 is thinking
4798 136 has taken a fork
4798 145 is thinking
4799 156 is thinking
4799 144 has taken a fork
4799 106 has taken a fork
4800 164 is thinking
4800 102 has taken a fork
4800 83 has taken a fork
4800 79 has taken a fork
4800 155 is thinking
4800 84 has taken a fork
4800 152 is thinking
4800 103 has taken a fork
4800 159 is thinking
4801 87 has taken a fork
4801 95 has taken a fork
4801 92 has taken a fork
4801 99 has taken a fork
4801 104 has taken a fork
4801 115 has taken a fork
4801 100 has taken a fork
4801 97 has taken a fork
4801 112 has taken a fork
4801 107 has taken a fork
4801 113 has taken a fork
4802 108 has taken a fork
4802 109 has taken a fork
4802 105 has taken a fork
4802 114 has taken a fork
4802 127 has taken a fork
4802 128 has taken a fork
4802 119 has taken a fork
4802 55 is sleeping
4802 54 is sleeping
4802 53 is sleeping
4802 122 has taken a fork
4802 64 is eating
4803 40 is sleeping
4803 163 has taken a fork
4803 71 is eating
4803 137 has taken a fork
4805 138 has taken a fork
4806 123 has taken a fork
4807 68 is eating
4808 61 is eating
4809 62 is eating
4810 77 is eating
4810 67 is eating
4813 169 is thinking
4816 161 is thinking
4818 65 is eating
4821 69 is eating
4824 166 is thinking
4824 149 is thinking
4824 162 is thinking
4826 177 is thinking
4826 165 is thinking
4826 146 is thinking
4828 78 is eating
4828 168 is thinking
4828 179 is thinking
4830 172 is thinking
4833 170 is thinking
4833 175 is thinking
4833 167 is thinking
4833 180 is thinking
4834 173 is thinking
4834 72 is eating
4834 171 is thinking
4834 193 is thinking
4835 174 is thinking
4836 176 is thinking
4836 181 is thinking
4836 66 is eating
4836 191 is thinking
4836 3 is thinking
4836 130 has taken a fork
4836 199 is thinking
4836 184 is thinking
4837 75 is eating
4839 59 is eating
4839 192 is thinking
4839 190 is thinking
4839 187 is thinking
4839 196 is thinking
4839 73 is eating
4840 189 is thinking
4841 81 is eating
4841 111 has taken a fork
4841 85 is eating
4841 74 is eating
4842 82 is eating
4844 70 is eating
4847 80 is eating
4848 129 has taken a fork
4849 117 has taken a fork
4852 124 has taken a fork
4853 110 has taken a fork
4853 118 has taken a fork
4853 121 has taken a fork
4853 96 is eating
4853 76 is eating
4854 194 is thinking
4856 91 is eating
4858 116 has taken a fork
4860 90 is eating
4863 88 is eating
4864 188 is thinking
4865 178 is thinking
4866 195 is thinking
4868 182 is thinking
4868 186 is thinking
4868 98 is eating
4868 200 is thinking
4870 89 is eating
4871 153 has taken a fork
4872 185 is thinking
4874 197 is thinking
4874 133 has taken a fork
4874 94 is eating
4875 125 has taken a fork
4875 134 has taken a fork
4876 132 has taken a fork
4878 131 has taken a fork
4879 141 has taken a fork
4880 5 is thinking
4881 198 is thinking
4881 10 is thinking
4881 8 is thinking
4883 21 is thinking
4884 9 is thinking
4884 13 is thinking
4884 183 is thinking
4886 120 has taken a fork
4886 139 has taken a fork
4888 143 has taken a fork
4889 148 has taken a fork
4889 126 has taken a fork
4889 26 is thinking
4890 135 has taken a fork
4890 18 is thinking
4890 22 is thinking
4890 7 is thinking
4890 2 is thinking
4892 6 is thinking
4892 4 is thinking
4892 23 is thinking
4893 1 is thinking
4894 29 is thinking
4895 147 has taken a fork
4896 101 is eating
4896 93 is eating
4896 140 has taken a fork
4896 142 has taken a fork
4896 46 is sleeping
4896 44 is sleeping
4896 56 is sleeping
4896 16 is sleeping
4896 48 is sleeping
4897 60 is sleeping
4897 52 is sleeping
4897 63 is sleeping
4897 50 is sleeping
4897 19 is sleeping
4897 150 has taken a fork
4897 151 has taken a fork
4897 57 is sleeping
4897 58 is sleeping
4897 86 is eating
4897 158 has taken a fork
4897 154 has taken a fork
4897 157 has taken a fork
4897 160 has taken a fork
4899 136 has taken a fork
4899 145 has taken a fork
4899 156 has taken a fork
4901 144 has taken a fork
4901 106 is eating
4901 164 has taken a fork
4901 102 is eating
4901 83 is eating
4901 79 is eating
4901 155 has taken a fork
4901 84 is eating
4901 152 has taken a fork
4901 103 is eating
4901 159 has taken a fork
4901 87 is eating
4901 95 is eating
4901 92 is eating
4901 99 is eating
4901 104 is eating
4901 115 is eating
4901 100 is eating
4901 97 is eating
4901 112 is eating
4901 107 is eating
4902 113 is eating
4902 108 is eating
4902 109 is eating
4902 105 is eating
4902 114 is eating
4902 127 is eating
4902 128 is eating
4902 119 is eating
4902 122 is eating
4902 64 is sleeping
4903 163 has taken a fork
4903 71 is sleeping
4907 137 has taken a fork
4911 138 has taken a fork
4911 123 is eating
4911 68 is sleeping
4912 12 is thinking
4912 61 is sleeping
4913 62 is sleeping
4913 77 is sleeping
4913 67 is sleeping
4920 169 has taken a fork
4926 161 has taken a fork
4926 65 is sleeping
4926 69 is sleeping
4926 24 is thinking
4928 166 has taken a fork
4930 149 has taken a fork
4932 162 has taken a fork
4933 31 is thinking
4933 30 is thinking
4933 35 is thinking
4935 28 is thinking
4938 14 is thinking
4941 15 is thinking
4944 177 has taken a fork
4947 165 has taken a fork
4948 146 has taken a fork
4948 78 is sleeping
4949 168 has taken a fork
4950 179 has taken a fork
4951 72 is sleeping
4952 172 has taken a fork
4952 66 is sleeping
4953 170 has taken a fork
4953 130 has taken a fork
4953 75 is sleeping
4954 59 is sleeping
4957 175 has taken a fork
4959 167 has taken a fork
4959 73 is sleeping
4962 180 has taken a fork
4962 111 is eating
4962 85 is sleeping
4963 81 is sleeping
4963 173 has taken a fork
4964 74 is sleeping
4964 193 has taken a fork
4964 82 is sleeping
4964 171 has taken a fork
4964 174 has taken a fork
4968 70 is sleeping
4968 176 has taken a fork
4968 80 is sleeping
4968 129 is eating
4968 181 has taken a fork
4968 117 is eating
4969 37 is thinking
4969 124 is eating
4969 110 is eating
4969 118 is eating
4969 121 is eating
4969 96 is sleeping
4969 76 is sleeping
4970 191 has taken a fork
4972 3 has taken a fork
4972 91 is sleeping
4972 116 is eating
4972 199 has taken a fork
4972 90 is sleeping
4973 184 has taken a fork
4973 88 is sleeping
4973 192 has taken a fork
4974 34 is thinking
4975 45 is thinking
4976 25 is thinking
4977 36 is thinking
4979 17 is thinking
4979 98 is sleeping
4979 89 is sleeping
4980 190 has taken a fork
4981 153 is eating
4983 32 is thinking
4985 33 is thinking
4987 187 has taken a fork
4989 47 is thinking
4989 133 is eating
4990 94 is sleeping
4990 125 is eating
4990 134 is eating
4991 27 is thinking
4992 196 has taken a fork
4993 132 is eating
4993 38 is thinking
4996 41 is thinking
4999 51 is thinking
5004 11 is thinking
5006 43 is thinking
5006 141 is eating
5006 131 is eating
5006 120 is eating
5006 139 is eating
5007 143 is eating
5007 148 is eating
5007 126 is eating
5007 20 is thinking
5008 39 is thinking
5008 135 is eating
5008 147 is eating
5008 42 is thinking
5009 101 is sleeping
5009 93 is sleeping
5009 189 has taken a fork
5009 194 has taken a fork
5010 140 is eating
5011 142 is eating
5011 150 has taken a fork
5011 151 has taken a fork
5011 86 is sleeping
5012 158 has taken a fork
5012 154 has taken a fork
5012 157 has taken a fork
5012 160 has taken a fork
5014 49 is thinking
5015 136 is eating
5015 145 has taken a fork
5015 156 has taken a fork
5018 188 has taken a fork
5019 144 is eating
5019 106 is sleeping
5019 164 has taken a fork
5019 83 is sleeping
5019 102 is sleeping
5019 79 is sleeping
5019 155 has taken a fork
5019 84 is sleeping
5020 152 has taken a fork
5020 103 is sleeping
5020 159 has taken a fork
5020 87 is sleeping
5020 95 is sleeping
5020 92 is sleeping
5020 99 is sleeping
5020 104 is sleeping
5020 115 is sleeping
5020 100 is sleeping
5020 97 is sleeping
5020 112 is sleeping
5020 107 is sleeping
5020 113 is sleeping
5020 108 is sleeping
5020 105 is sleeping
5021 109 is sleeping
5021 114 is sleeping
5021 127 is sleeping
5021 128 is sleeping
5021 119 is sleeping
5021 122 is sleeping
5022 26 has taken a fork
5022 163 is eating
5022 178 has taken a fork
5022 198 has taken a fork
5022 18 has taken a fork
5022 8 has taken a fork
5022 7 has taken a fork
5022 22 has taken a fork
5022 4 has taken a fork
5023 6 has taken a fork
5023 23 has taken a fork
5024 40 is thinking
5024 195 has taken a fork
5024 186 has taken a fork
5025 200 has taken a fork
5026 185 has taken a fork
5027 197 has taken a fork
5030 5 has taken a fork
5030 10 has taken a fork
5032 21 has taken a fork
5032 9 has taken a fork
5036 13 has taken a fork
5037 1 has taken a fork
5041 182 has taken a fork
5042 29 has taken a fork
5043 54 is thinking
5045 53 is thinking
5045 137 is eating
5046 2 has taken a fork
5046 183 has taken a fork
5049 55 is thinking
5049 138 is eating
5049 123 is sleeping
5050 12 has taken a fork
5056 169 has taken a fork
5057 161 has taken a fork
5058 166 has taken a fork
5061 149 has taken a fork
5064 162 has taken a fork
5066 177 has taken a fork
5067 165 has taken a fork
5068 146 has taken a fork
5069 168 has taken a fork
5070 179 has taken a fork
5071 172 has taken a fork
5074 170 has taken a fork
5074 130 is eating
5075 175 has taken a fork
5076 167 has taken a fork
5076 180 has taken a fork
5076 111 is sleeping
5077 173 has taken a fork
5077 24 has taken a fork
5077 193 has taken a fork
5079 171 has taken a fork
5079 174 has taken a fork
5079 176 has taken a fork
5079 129 is sleeping
5079 181 has taken a fork
5079 117 is sleeping
5079 110 is sleeping
5079 118 is sleeping
5080 31 has taken a fork
5080 30 has taken a fork
5080 121 is sleeping
5080 124 is sleeping
5080 191 has taken a fork
5080 35 has taken a fork
5081 14 has taken a fork
5081 28 has taken a fork
5081 15 has taken a fork
5084 3 has taken a fork
5084 116 is sleeping
5084 37 has taken a fork
5085 199 has taken a fork
5085 184 has taken a fork
5085 192 has taken a fork
5086 190 has taken a fork
5086 153 is sleeping
5087 34 has taken a fork
5087 187 has taken a fork
5087 133 is sleeping
5087 125 is sleeping
5087 134 is sleeping
5091 25 has taken a fork
5097 45 has taken a fork
5104 36 has taken a fork
5107 196 has taken a fork
5107 132 is sleeping
5111 17 has taken a fork
5112 44 is thinking
5114 16 is thinking
5114 46 is thinking
5115 48 is thinking
5115 56 is thinking
5116 58 is thinking
5116 60 is thinking
5116 52 is thinking
5118 50 is thinking
5118 19 is thinking
5118 63 is thinking
5119 57 is thinking
5120 64 is thinking
5120 71 is thinking
5120 141 is sleeping
5120 120 is sleeping
5120 139 is sleeping
5120 131 is sleeping
5120 143 is sleeping
5120 148 is sleeping
5120 126 is sleeping
5120 33 has taken a fork
5121 38 has taken a fork
5121 32 has taken a fork
5121 41 has taken a fork
5121 51 has taken a fork
5121 47 has taken a fork
5121 27 has taken a fork
5121 135 is sleeping
5121 147 is sleeping
5121 43 has taken a fork
5121 11 has taken a fork
5121 189 has taken a fork
5121 194 has taken a fork
5121 140 is sleeping
5122 68 is thinking
5122 142 is sleeping
5122 150 is eating
5122 151 is eating
5122 61 is thinking
5122 158 is eating
5122 157 is eating
5122 154 is eating
5122 160 is eating
5123 20 has taken a fork
5123 39 has taken a fork
5124 77 is thinking
5124 62 is thinking
5124 67 is thinking
5124 136 is sleeping
5124 145 is eating
5124 156 is eating
5124 42 has taken a fork
5124 188 has taken a fork
5124 164 is eating
5125 155 is eating
5125 152 is eating
5125 144 is sleeping
5125 159 is eating
5126 49 has taken a fork
5126 26 has taken a fork
5126 163 is sleeping
5126 178 has taken a fork
5127 198 has taken a fork
5127 18 has taken a fork
5129 8 has taken a fork
5129 7 has taken a fork
5130 22 has taken a fork
5130 4 has taken a fork
5131 6 has taken a fork
5132 23 has taken a fork
5133 40 has taken a fork
5134 195 has taken a fork
5134 186 has taken a fork
5135 200 has taken a fork
5136 185 has taken a fork
5137 197 has taken a fork
5141 65 is thinking
5145 69 is thinking
5145 5 has taken a fork
5147 10 has taken a fork
5147 21 has taken a fork
5147 9 has taken a fork
5147 13 has taken a fork
5147 1 has taken a fork
5147 182 has taken a fork
5147 29 has taken a fork
5147 137 is sleeping
5147 2 has taken a fork
5147 183 has taken a fork
5147 54 has taken a fork
5147 78 is thinking
5148 138 is sleeping
5148 12 has taken a fork
5148 66 is thinking
5148 72 is thinking
5148 53 has taken a fork
5148 75 is thinking
5149 59 is thinking
5149 169 is eating
5149 161 is eating
5149 166 is eating
5149 149 is eating
5149 73 is thinking
5149 162 is eating
5149 81 is thinking
5149 82 is thinking
5149 74 is thinking
5149 177 is eating
5149 85 is thinking
5149 165 is eating
5149 80 is thinking
5149 70 is thinking
5149 146 is eating
5149 168 is eating
5149 179 is eating
5149 96 is thinking
5149 76 is thinking
5149 172 is eating
5149 91 is thinking
5149 88 is thinking
5149 90 is thinking
5149 170 is eating
5149 130 is sleeping
5150 175 is eating
5150 167 is eating
5150 180 is eating
5150 55 has taken a fork
5150 173 is eating
5150 24 has taken a fork
5150 193 is eating
5150 98 is thinking
5150 174 is eating
5150 176 is eating
5151 181 is eating
5151 31 has taken a fork
5151 30 has taken a fork
5151 171 is eating
5151 191 is eating
5151 89 is thinking
5151 35 has taken a fork
5151 14 has taken a fork
5151 28 has taken a fork
5151 15 has taken a fork
5151 3 is eating
5151 37 has taken a fork
5151 199 is eating
5151 184 is eating
5152 192 is eating
5152 190 is eating
5152 34 has taken a fork
5152 187 is eating
5153 94 is thinking
5153 25 has taken a fork
5154 45 has taken a fork
5154 36 has taken a fork
5154 196 is eating
5155 93 is thinking
5155 101 is thinking
5155 17 has taken a fork
5155 86 is thinking
5157 102 is thinking
5157 83 is thinking
5158 84 is thinking
5159 106 is thinking
5159 79 is thinking
5160 107 is thinking
5161 99 is thinking
5162 95 is thinking
5164 100 is thinking
5165 104 is thinking
5165 97 is thinking
5166 113 is thinking
5166 103 is thinking
5167 87 is thinking
5168 92 is thinking
5169 115 is thinking
5170 112 is thinking
5172 108 is thinking
5173 105 is thinking
5174 119 is thinking
5174 33 has taken a fork
5175 114 is thinking
5175 109 is thinking
5175 128 is thinking
5176 122 is thinking
5177 127 is thinking
5177 38 has taken a fork
5177 32 has taken a fork
5178 41 has taken a fork
5179 51 has taken a fork
5179 47 has taken a fork
5179 27 has taken a fork
5181 43 has taken a fork
5181 11 has taken a fork
5181 189 is eating
5181 194 is eating
5181 150 is sleeping
5181 151 is sleeping
5182 16 has taken a fork
5183 44 has taken a fork
5183 158 is sleeping
5183 46 has taken a fork
5183 157 is sleeping
5183 154 is sleeping
5183 160 is sleeping
5184 56 has taken a fork
5184 20 has taken a fork
5185 58 has taken a fork
5186 39 has taken a fork
5186 48 has taken a fork
5186 145 is sleeping
5186 156 is sleeping
5186 42 has taken a fork
5186 188 is eating
5187 164 is sleeping
5187 155 is sleeping
5187 152 is sleeping
5187 159 is sleeping
5187 60 has taken a fork
5188 52 has taken a fork
5189 50 has taken a fork
5190 49 has taken a fork
5191 19 has taken a fork
5194 57 has taken a fork
5195 63 has taken a fork
5195 26 is eating
5196 178 is eating
5196 198 is eating
5196 18 is eating
5197 8 is eating
5197 7 is eating
5197 22 is eating
5197 4 is eating
5198 6 is eating
5198 23 is eating
5198 40 has taken a fork
5198 195 is eating
5199 186 is eating
5199 200 is eating
5199 185 is eating
5199 197 is eating
5199 5 is eating
5199 10 is eating
5199 21 is eating
5199 9 is eating
5199 13 is eating
5200 1 is eating
5200 182 is eating
5200 29 is eating
5201 183 is eating
5201 2 is eating
5205 54 has taken a fork
5205 12 is eating
5208 53 has taken a fork
5209 169 is sleeping
5211 161 is sleeping
5212 166 is sleeping
5213 149 is sleeping
5214 71 has taken a fork
5216 68 has taken a fork
5217 61 has taken a fork
5218 162 is sleeping
5218 177 is sleeping
5220 64 has taken a fork
5221 77 has taken a fork
5222 165 is sleeping
5223 123 is thinking
5224 62 has taken a fork
5224 67 has taken a fork
5225 146 is sleeping
5226 65 has taken a fork
5227 168 is sleeping
5227 179 is sleeping
5229 78 has taken a fork
5232 172 is sleeping
5232 170 is sleeping
5234 175 is sleeping
5234 167 is sleeping
5234 59 has taken a fork
5236 75 has taken a fork
5236 180 is sleeping
5238 66 has taken a fork
5240 73 has taken a fork
5241 55 has taken a fork
5242 72 has taken a fork
5242 173 is sleeping
5242 24 is eating
5243 81 has taken a fork
5244 69 has taken a fork
5244 193 is sleeping
5244 82 has taken a fork
5244 174 is sleeping
5244 74 has taken a fork
5245 176 is sleeping
5245 85 has taken a fork
5245 181 is sleeping
5245 31 is eating
5246 80 has taken a fork
5246 30 is eating
5246 191 is sleeping
5246 171 is sleeping
5247 70 has taken a fork
5247 35 is eating
5247 14 is eating
5247 28 is eating
5247 96 has taken a fork
5247 15 is eating
5247 3 is sleeping
5247 37 is eating
5247 199 is sleeping
5247 184 is sleeping
5247 192 is sleeping
5247 190 is sleeping
5248 91 has taken a fork
5248 88 has taken a fork
5250 90 has taken a fork
5250 98 has taken a fork
5251 34 is eating
5251 187 is sleeping
5251 89 has taken a fork
5251 76 has taken a fork
5251 25 is eating
5252 45 is eating
5252 36 is eating
5253 196 is sleeping
5253 94 has taken a fork
5254 17 is eating
5255 33 is eating
5258 111 is thinking
5261 38 is eating
5262 32 is eating
5266 41 is eating
5272 51 is eating
5274 110 is thinking
5274 118 is thinking
5274 47 is eating
5275 117 is thinking
5276 129 is thinking
5276 27 is eating
5276 43 is eating
5276 124 is thinking
5280 121 is thinking
5280 11 is eating
5280 189 is sleeping
5280 194 is sleeping
5280 101 has taken a fork
5281 93 has taken a fork
5281 16 has taken a fork
5282 44 has taken a fork
5283 116 is thinking
5283 56 has taken a fork
5283 20 is eating
5286 46 has taken a fork
5286 58 has taken a fork
5286 39 is eating
5290 153 is thinking
5290 48 has taken a fork
5292 42 is eating
5292 188 is sleeping
5292 60 has taken a fork
5294 86 has taken a fork
5295 134 is thinking
5296 133 is thinking
5296 52 has taken a fork
5296 125 is thinking
5297 50 has taken a fork
5297 49 is eating
5297 19 has taken a fork
5297 57 has taken a fork
5298 63 has taken a fork
5298 26 is sleeping
5298 178 is sleeping
5298 198 is sleeping
5298 18 is sleeping
5298 8 is sleeping
5298 7 is sleeping
5299 102 has taken a fork
5301 83 has taken a fork
5301 84 has taken a fork
5302 106 has taken a fork
5302 22 is sleeping
5302 4 is sleeping
5302 6 is sleeping
5302 23 is sleeping
5302 40 is eating
5303 195 is sleeping
5303 186 is sleeping
5304 113 has taken a fork
5304 200 is sleeping
5304 185 is sleeping
5304 197 is sleeping
5304 5 is sleeping
5304 10 is sleeping
5304 21 is sleeping
5304 9 is sleeping
5304 13 is sleeping
5304 1 is sleeping
5304 182 is sleeping
5304 29 is sleeping
5305 2 is sleeping
5306 100 has taken a fork
5312 103 has taken a fork
5312 112 has taken a fork
5316 79 has taken a fork
5316 107 has taken a fork
5317 99 has taken a fork
5318 109 has taken a fork
5319 92 has taken a fork
5323 87 has taken a fork
5323 95 has taken a fork
5324 115 has taken a fork
5330 104 has taken a fork
5332 108 has taken a fork
5337 105 has taken a fork
5343 119 has taken a fork
5345 114 has taken a fork
5345 183 is sleeping
5345 54 is eating
5345 97 has taken a fork
5345 128 has taken a fork
5345 127 has taken a fork
5345 122 has taken a fork
5345 12 is sleeping
5345 132 is thinking
5345 53 is eating
5346 71 has taken a fork
5346 68 has taken a fork
5346 61 has taken a fork
5346 148 is thinking
5346 141 is thinking
5347 139 is thinking
5347 120 is thinking
5347 143 is thinking
5347 126 is thinking
5347 64 has taken a fork
5348 131 is thinking
5349 147 is thinking
5350 140 is thinking
5351 135 is thinking
5352 77 has taken a fork
5353 142 is thinking
5357 123 has taken a fork
5357 62 has taken a fork
5357 136 is thinking
5357 67 has taken a fork
5358 163 is thinking
5359 144 is thinking
5359 65 has taken a fork
5359 78 has taken a fork
5359 59 has taken a fork
5359 75 has taken a fork
5360 66 has taken a fork
5360 73 has taken a fork
5361 55 is eating
5361 72 has taken a fork
5362 24 is sleeping
5362 81 has taken a fork
5362 69 has taken a fork
5362 82 has taken a fork
5362 74 has taken a fork
5362 85 has taken a fork
5362 31 is sleeping
5362 80 has taken a fork
5362 30 is sleeping
5362 137 is thinking
5362 70 has taken a fork
5362 35 is sleeping
5362 14 is sleeping
5362 28 is sleeping
5362 96 has taken a fork
5362 15 is sleeping
5362 37 is sleeping
5363 138 is thinking
5363 91 has taken a fork
5363 88 has taken a fork
5363 130 is thinking
5363 90 has taken a fork
5363 98 has taken a fork
5363 34 is sleeping
5363 89 has taken a fork
5363 76 has taken a fork
5363 25 is sleeping
5363 45 is sleeping
5363 36 is sleeping
5363 94 has taken a fork
5363 17 is sleeping
5363 33 is sleeping
5364 111 has taken a fork
5364 38 is sleeping
5365 32 is sleeping
5365 41 is sleeping
5365 51 is sleeping
5366 110 has taken a fork
5367 118 has taken a fork
5367 47 is sleeping
5370 117 has taken a fork
5371 129 has taken a fork
5372 27 is sleeping
5372 43 is sleeping
5373 124 has taken a fork
5374 121 has taken a fork
5375 11 is sleeping
5375 101 has taken a fork
5376 93 has taken a fork
5377 151 is thinking
5377 150 is thinking
5380 16 is eating
5380 44 is eating
5380 116 has taken a fork
5381 56 is eating
5381 20 is sleeping
5384 154 is thinking
5388 157 is thinking
5394 158 is thinking
5396 46 is eating
5397 145 is thinking
5398 160 is thinking
5398 58 is eating
5399 156 is thinking
5399 39 is sleeping
5400 153 has taken a fork
5400 164 is thinking
5400 155 is thinking
5408 159 is thinking
5411 152 is thinking
5411 48 is eating
5411 42 is sleeping
5411 60 is eating
5413 86 has taken a fork
5413 134 has taken a fork
5413 133 has taken a fork
5413 52 is eating
5413 125 has taken a fork
5414 50 is eating
5414 49 is sleeping
5414 19 is eating
5414 57 is eating
5414 63 is eating
5416 102 has taken a fork
5416 83 has taken a fork
5416 84 has taken a fork
5416 106 has taken a fork
5416 40 is sleeping
5416 113 has taken a fork
5416 100 has taken a fork
5416 169 is thinking
5416 161 is thinking
5416 103 has taken a fork
5416 112 has taken a fork
5416 149 is thinking
5416 166 is thinking
5416 79 has taken a fork
5417 107 has taken a fork
5417 99 has taken a fork
5417 162 is thinking
5417 177 is thinking
5418 109 has taken a fork
5418 92 has taken a fork
5418 165 is thinking
5418 87 has taken a fork
5418 95 has taken a fork
5418 115 has taken a fork
5418 146 is thinking
5419 179 is thinking
5419 168 is thinking
5419 104 has taken a fork
5419 170 is thinking
5419 172 is thinking
5419 108 has taken a fork
5419 167 is thinking
5420 175 is thinking
5420 180 is thinking
5420 105 has taken a fork
5420 173 is thinking
5420 119 has taken a fork
5420 176 is thinking
5420 174 is thinking
5421 193 is thinking
5421 181 is thinking
5421 114 has taken a fork
5421 54 is sleeping
5421 97 has taken a fork
5422 128 has taken a fork
5422 127 has taken a fork
5422 122 has taken a fork
5423 132 has taken a fork
5423 53 is sleeping
5423 71 is eating
5423 191 is thinking
5423 68 is eating
5423 61 is eating
5423 148 has taken a fork
5423 141 has taken a fork
5424 3 is thinking
5424 184 is thinking
5424 199 is thinking
5425 190 is thinking
5425 192 is thinking
5425 139 has taken a fork
5425 120 has taken a fork
5425 143 has taken a fork
5426 171 is thinking
5426 126 has taken a fork
5426 64 is eating
5428 131 has taken a fork
5429 147 has taken a fork
5430 187 is thinking
5430 140 has taken a fork
5430 135 has taken a fork
5430 77 is eating
5431 196 is thinking
5431 142 has taken a fork
5431 123 has taken a fork
5431 62 is eating
5431 136 has taken a fork
5431 67 is eating
5432 163 has taken a fork
5432 144 has taken a fork
5432 65 is eating
5432 78 is eating
5432 59 is eating
5432 75 is eating
5432 66 is eating
5432 73 is eating
5432 55 is sleeping
5433 72 is eating
5433 81 is eating
5433 69 is eating
5433 82 is eating
5433 74 is eating
5433 85 is eating
5433 80 is eating
5433 137 has taken a fork
5433 70 is eating
5433 96 is eating
5434 138 has taken a fork
5434 91 is eating
5434 88 is eating
5434 90 is eating
5434 98 is eating
5442 130 has taken a fork
5442 89 is eating
5443 76 is eating
5443 94 is eating
5444 111 has taken a fork
5444 110 has taken a fork
5445 118 has taken a fork
5445 117 has taken a fork
5445 129 has taken a fork
5445 124 has taken a fork
5445 121 has taken a fork
5445 101 is eating
5445 93 is eating
5447 194 is thinking
5448 189 is thinking
5449 16 is sleeping
5449 116 has taken a fork
5449 44 is sleeping
5450 56 is sleeping
5450 151 has taken a fork
5450 150 has taken a fork
5450 154 has taken a fork
5450 188 is thinking
5450 46 is sleeping
5450 157 has taken a fork
5450 58 is sleeping
5451 7 is thinking
5454 26 is thinking
5455 198 is thinking
5456 8 is thinking
5456 18 is thinking
5457 178 is thinking
5458 158 has taken a fork
5458 153 has taken a fork
5460 1 is thinking
5461 9 is thinking
5461 6 is thinking
5461 4 is thinking
5464 13 is thinking
5465 29 is thinking
5465 10 is thinking
5466 22 is thinking
5467 197 is thinking
5467 195 is thinking
5468 23 is thinking
5468 186 is thinking
5469 21 is thinking
5469 185 is thinking
5471 5 is thinking
5472 182 is thinking
5473 2 is thinking
5473 48 is sleeping
5473 60 is sleeping
5474 86 is eating
5476 145 has taken a fork
5480 160 has taken a fork
5484 200 is thinking
5484 134 has taken a fork
5485 133 has taken a fork
5485 52 is sleeping
5485 125 has taken a fork
5485 50 is sleeping
5486 19 is sleeping
5486 57 is sleeping
5487 155 has taken a fork
5487 63 is sleeping
5488 164 has taken a fork
5489 102 is eating
5489 159 has taken a fork
5491 156 has taken a fork
5491 83 is eating
5492 84 is eating
5493 106 is eating
5494 152 has taken a fork
5494 113 is eating
5495 100 is eating
5496 103 is eating
5497 112 is eating
5497 79 is eating
5500 107 is eating
5500 99 is eating
5501 109 is eating
5502 92 is eating
5503 87 is eating
5504 95 is eating
5504 115 is eating
5505 104 is eating
5506 108 is eating
5506 105 is eating
5507 119 is eating
5508 114 is eating
5516 97 is eating
5516 128 is eating
5520 127 is eating
5520 122 is eating
5520 132 has taken a fork
5520 71 is sleeping
5520 169 has taken a fork
5520 68 is sleeping
5520 161 has taken a fork
5520 61 is sleeping
5520 149 has taken a fork
5520 148 has taken a fork
5520 141 has taken a fork
5520 139 has taken a fork
5520 120 has taken a fork
5520 143 has taken a fork
5521 126 has taken a fork
5521 64 is sleeping
5521 166 has taken a fork
5521 131 has taken a fork
5521 147 has taken a fork
5521 140 has taken a fork
5521 135 has taken a fork
5521 77 is sleeping
5523 162 has taken a fork
5523 142 has taken a fork
5524 123 is eating
5524 62 is sleeping
5524 177 has taken a fork
5524 136 has taken a fork
5524 67 is sleeping
5524 163 has taken a fork
5524 144 has taken a fork
5524 65 is sleeping
5524 78 is sleeping
5526 146 has taken a fork
5530 165 has taken a fork
5530 59 is sleeping
5530 75 is sleeping
5530 66 is sleeping
5530 73 is sleeping
5530 168 has taken a fork
5530 72 is sleeping
5530 81 is sleeping
5530 180 has taken a fork
5530 69 is sleeping
5530 82 is sleeping
5530 74 is sleeping
5530 173 has taken a fork
5530 176 has taken a fork
5530 85 is sleeping
5530 174 has taken a fork
5530 80 is sleeping
5532 167 has taken a fork
5532 179 has taken a fork
5532 172 has taken a fork
5534 170 has taken a fork
5534 193 has taken a fork
5534 181 has taken a fork
5535 175 has taken a fork
5535 137 has taken a fork
5536 70 is sleeping
5536 96 is sleeping
5536 3 has taken a fork
5536 191 has taken a fork
5536 138 has taken a fork
5536 91 is sleeping
5536 88 is sleeping
5536 90 is sleeping
5536 98 is sleeping
5536 192 has taken a fork
5536 190 has taken a fork
5537 199 has taken a fork
5538 184 has taken a fork
5539 130 has taken a fork
5539 76 is sleeping
5539 89 is sleeping
5539 94 is sleeping
5539 171 has taken a fork
5539 111 is eating
5540 196 has taken a fork
5540 187 has taken a fork
5540 110 is eating
5540 183 is thinking
5540 118 is eating
5540 12 is thinking
5540 117 is eating
5540 129 is eating
5540 121 is eating
5540 101 is sleeping
5540 93 is sleeping
5542 194 has taken a fork
5542 124 is eating
5543 189 has taken a fork
5544 116 is eating
5544 151 has taken a fork
5544 150 has taken a fork
5544 154 has taken a fork
5544 157 has taken a fork
5544 158 has taken a fork
5544 153 is eating
5547 37 is thinking
5549 15 is thinking
5551 14 is thinking
5552 28 is thinking
5552 35 is thinking
5552 24 is thinking
5553 34 is thinking
5554 45 is thinking
5554 25 is thinking
5555 36 is thinking
5556 17 is thinking
5559 33 is thinking
5559 30 is thinking
5559 31 is thinking
5559 38 is thinking
5560 32 is thinking
5560 41 is thinking
5560 51 is thinking
5562 47 is thinking
5562 43 is thinking
5564 27 is thinking
5564 86 is sleeping
5564 11 is thinking
5565 145 has taken a fork
5566 188 has taken a fork
5567 160 has taken a fork
5567 20 is thinking
5567 134 is eating
5567 133 is eating
5567 125 is eating
5568 155 has taken a fork
5568 164 has taken a fork
5568 102 is sleeping
5568 159 has taken a fork
5570 156 has taken a fork
5570 7 has taken a fork
5571 83 is sleeping
5572 84 is sleeping
5572 26 has taken a fork
5572 106 is sleeping
5572 8 has taken a fork
5574 198 has taken a fork
5577 152 has taken a fork
5578 113 is sleeping
5579 18 has taken a fork
5579 100 is sleeping
5580 178 has taken a fork
5581 103 is sleeping
5581 112 is sleeping
5581 79 is sleeping
5581 39 is thinking
5582 1 has taken a fork
5582 9 has taken a fork
5583 6 has taken a fork
5584 107 is sleeping
5584 99 is sleeping
5585 4 has taken a fork
5586 109 is sleeping
5586 13 has taken a fork
5586 92 is sleeping
5587 29 has taken a fork
5588 87 is sleeping
5588 10 has taken a fork
5588 95 is sleeping
5590 22 has taken a fork
5590 115 is sleeping
5591 197 has taken a fork
5592 195 has taken a fork
5592 104 is sleeping
5593 23 has taken a fork
5595 105 is sleeping
5596 108 is sleeping
5596 119 is sleeping
5596 186 has taken a fork
5597 21 has taken a fork
5597 114 is sleeping
5599 185 has taken a fork
5599 42 is thinking
5600 49 is thinking
5600 40 is thinking
5600 97 is sleeping
5602 128 is sleeping
5602 127 is sleeping
5602 200 has taken a fork
5603 122 is sleeping
5603 132 is eating
5603 169 has taken a fork
5604 161 has taken a fork
5604 149 has taken a fork
5604 148 is eating
5604 141 is eating
5604 139 is eating
5605 120 is eating
5605 143 is eating
5605 54 is thinking
5605 126 is eating
5605 166 has taken a fork
5606 131 is eating
5606 147 is eating
5606 140 is eating
5606 135 is eating
5607 5 has taken a fork
5607 162 has taken a fork
5607 142 is eating
5607 182 has taken a fork
5608 2 has taken a fork
5609 53 is thinking
5609 123 is sleeping
5610 177 has taken a fork
5610 136 is eating
5610 163 is eating
5610 144 is eating
5611 146 has taken a fork
5612 165 has taken a fork
5612 168 has taken a fork
5612 180 has taken a fork
5613 173 has taken a fork
5613 176 has taken a fork
5613 174 has taken a fork
5613 167 has taken a fork
5613 179 has taken a fork
5613 172 has taken a fork
5613 55 is thinking
5613 170 has taken a fork
5613 193 has taken a fork
5613 181 has taken a fork
5615 175 has taken a fork
5616 137 is eating
5616 3 has taken a fork
5617 191 has taken a fork
5618 138 is eating
5618 192 has taken a fork
5618 190 has taken a fork
5619 199 has taken a fork
5620 184 has taken a fork
5621 130 is eating
5621 171 has taken a fork
5621 111 is sleeping
5621 196 has taken a fork
5622 187 has taken a fork
5622 110 is sleeping
5622 183 has taken a fork
5622 118 is sleeping
5622 12 has taken a fork
5623 117 is sleeping
5623 129 is sleeping
5623 121 is sleeping
5624 194 has taken a fork
5624 124 is sleeping
5624 189 has taken a fork
5624 116 is sleeping
5625 151 is eating
5627 150 is eating
5628 154 is eating
5629 157 is eating
5629 158 is eating
5630 153 is sleeping
5630 37 has taken a fork
5632 15 has taken a fork
5633 44 is thinking
5634 16 is thinking
5634 14 has taken a fork
5634 46 is thinking
5635 56 is thinking
5636 58 is thinking
5636 28 has taken a fork
5636 35 has taken a fork
5637 24 has taken a fork
5638 34 has taken a fork
5639 45 has taken a fork
5639 25 has taken a fork
5640 145 is eating
5640 188 has taken a fork
5640 160 is eating
5640 134 is sleeping
5640 133 is sleeping
5640 125 is sleeping
5640 30 has taken a fork
5641 36 has taken a fork
5642 17 has taken a fork
5642 155 is eating
5643 164 is eating
5643 159 is eating
5644 156 is eating
5644 7 has taken a fork
5645 26 has taken a fork
5646 8 has taken a fork
5646 60 is thinking
5646 48 is thinking
5646 198 has taken a fork
5646 152 is eating
5647 18 has taken a fork
5647 178 has taken a fork
5647 1 has taken a fork
5647 9 has taken a fork
5647 6 has taken a fork
5648 52 is thinking
5648 50 is thinking
5648 4 has taken a fork
5648 19 is thinking
5648 57 is thinking
5648 13 has taken a fork
5648 63 is thinking
5648 29 has taken a fork
5648 10 has taken a fork
5649 22 has taken a fork
5649 197 has taken a fork
5649 195 has taken a fork
5649 23 has taken a fork
5649 186 has taken a fork
5649 21 has taken a fork
5649 185 has taken a fork
5649 200 has taken a fork
5649 132 is sleeping
5649 31 has taken a fork
5649 169 is eating
5649 161 is eating
5649 149 is eating
5649 148 is sleeping
5649 141 is sleeping
5649 38 has taken a fork
5649 139 is sleeping
5649 120 is sleeping
5649 143 is sleeping
5649 126 is sleeping
5650 166 is eating
5650 33 has taken a fork
5650 32 has taken a fork
5650 131 is sleeping
5650 147 is sleeping
5650 140 is sleeping
5650 51 has taken a fork
5650 41 has taken a fork
5650 47 has taken a fork
5650 135 is sleeping
5650 27 has taken a fork
5651 11 has taken a fork
5651 20 has taken a fork
5651 5 has taken a fork
5651 43 has taken a fork
5651 162 is eating
5651 142 is sleeping
5651 39 has taken a fork
5652 182 has taken a fork
5652 2 has taken a fork
5652 177 is eating
5652 136 is sleeping
5652 163 is sleeping
5652 144 is sleeping
5652 146 is eating
5652 42 has taken a fork
5652 49 has taken a fork
5653 40 has taken a fork
5653 165 is eating
5653 168 is eating
5653 180 is eating
5653 173 is eating
5653 176 is eating
5653 174 is eating
5653 167 is eating
5653 179 is eating
5654 170 is eating
5654 193 is eating
5654 181 is eating
5654 172 is eating
5654 175 is eating
5654 137 is sleeping
5655 3 is eating
5656 54 has taken a fork
5656 191 is eating
5657 138 is sleeping
5658 53 has taken a fork
5658 192 is eating
5658 190 is eating
5658 199 is eating
5660 68 is thinking
5660 71 is thinking
5664 61 is thinking
5664 184 is eating
5665 77 is thinking
5668 64 is thinking
5669 130 is sleeping
5669 171 is eating
5669 196 is eating
5669 55 has taken a fork
5670 187 is eating
5670 183 has taken a fork
5670 12 has taken a fork
5670 194 is eating
5671 67 is thinking
5672 65 is thinking
5672 62 is thinking
5673 78 is thinking
5674 189 is eating
5674 151 is sleeping
5674 150 is sleeping
5675 154 is sleeping
5675 157 is sleeping
5675 158 is sleeping
5676 82 is thinking
5676 59 is thinking
5677 80 is thinking
5680 72 is thinking
5680 75 is thinking
5684 74 is thinking
5685 81 is thinking
5685 85 is thinking
5686 66 is thinking
5687 69 is thinking
5688 73 is thinking
5688 37 has taken a fork
5689 15 has taken a fork
5689 44 has taken a fork
5690 16 has taken a fork
5690 14 has taken a fork
5691 46 has taken a fork
5691 56 has taken a fork
5692 98 is thinking
5693 96 is thinking
5695 70 is thinking
5695 88 is thinking
5697 90 is thinking
5698 91 is thinking
5699 58 has taken a fork
5700 28 has taken a fork
5700 35 has taken a fork
5701 24 has taken a fork
5701 34 has taken a fork
5702 89 is thinking
5703 76 is thinking
5703 94 is thinking
5703 45 has taken a fork
5703 25 has taken a fork
5703 101 is thinking
5704 93 is thinking
5704 145 is sleeping
5705 188 is eating
5705 160 is sleeping
5705 30 has taken a fork
5705 36 has taken a fork
5705 17 has taken a fork
5705 155 is sleeping
5706 164 is sleeping
5706 159 is sleeping
5707 156 is sleeping
5707 7 is eating
5707 26 is eating
5707 8 is eating
5708 60 has taken a fork
5709 48 has taken a fork
5709 198 is eating
5709 152 is sleeping
5710 18 is eating
5710 178 is eating
5710 1 is eating
5711 9 is eating
5711 6 is eating
5712 52 has taken a fork
5712 50 has taken a fork
5713 4 is eating
5713 19 has taken a fork
5714 57 has taken a fork
5715 13 is eating
5716 63 has taken a fork
5716 29 is eating
5717 10 is eating
5717 22 is eating
5718 197 is eating
5718 195 is eating
5719 23 is eating
5719 186 is eating
5720 21 is eating
5721 185 is eating
5721 200 is eating
5721 31 has taken a fork
5721 169 is sleeping
5721 161 is sleeping
5721 149 is sleeping
5721 38 has taken a fork
5721 166 is sleeping
5722 33 has taken a fork
5722 32 has taken a fork
5723 51 has taken a fork
5723 41 has taken a fork
5723 47 has taken a fork
5724 27 has taken a fork
5724 11 has taken a fork
5725 20 has taken a fork
5725 5 is eating
5726 43 has taken a fork
5726 162 is sleeping
5727 39 has taken a fork
5727 182 is eating
5727 2 is eating
5727 177 is sleeping
5728 146 is sleeping
5729 42 has taken a fork
5730 49 has taken a fork
5731 40 has taken a fork
5731 165 is sleeping
5731 168 is sleeping
5731 180 is sleeping
5732 173 is sleeping
5732 176 is sleeping
5732 174 is sleeping
5732 167 is sleeping
5732 179 is sleeping
5732 193 is sleeping
5732 181 is sleeping
5733 172 is sleeping
5733 170 is sleeping
5733 175 is sleeping
5733 3 is sleeping
5735 54 has taken a fork
5735 191 is sleeping
5741 53 has taken a fork
5741 192 is sleeping
5741 190 is sleeping
5742 199 is sleeping
5742 68 has taken a fork
5744 71 has taken a fork
5745 86 is thinking
5745 61 has taken a fork
5746 184 is sleeping
5747 77 has taken a fork
5748 102 is thinking
5751 64 has taken a fork
5751 171 is sleeping
5751 196 is sleeping
5751 55 has taken a fork
5751 187 is sleeping
5751 183 is eating
5751 12 is eating
5751 194 is sleeping
5752 83 is thinking
5752 67 has taken a fork
5752 84 is thinking
5752 106 is thinking
5753 65 has taken a fork
5754 62 has taken a fork
5755 78 has taken a fork
5755 189 is sleeping
5756 82 has taken a fork
5756 59 has taken a fork
5757 113 is thinking
5758 80 has taken a fork
5758 100 is thinking
5759 72 has taken a fork
5761 75 has taken a fork
5761 112 is thinking
5762 79 is thinking
5762 103 is thinking
5762 107 is thinking
5762 99 is thinking
5764 74 has taken a fork
5765 81 has taken a fork
5766 85 has taken a fork
5766 109 is thinking
5766 92 is thinking
5767 66 has taken a fork
5768 69 has taken a fork
5769 73 has taken a fork
5770 95 is thinking
5770 37 is eating
5770 87 is thinking
5770 15 is eating
5771 44 has taken a fork
5771 16 has taken a fork
5771 115 is thinking
5771 14 is eating
5771 46 has taken a fork
5771 56 has taken a fork
5772 104 is thinking
5772 98 has taken a fork
5773 96 has taken a fork
5773 70 has taken a fork
5774 105 is thinking
5774 88 has taken a fork
5774 108 is thinking
5774 119 is thinking
5774 114 is thinking
5775 90 has taken a fork
5775 91 has taken a fork
5775 58 has taken a fork
5775 97 is thinking
5775 28 is eating
5775 35 is eating
5775 24 is eating
5775 34 is eating
5775 127 is thinking
5775 89 has taken a fork
5775 128 is thinking
5777 76 has taken a fork
5777 94 has taken a fork
5777 45 is eating
5777 25 is eating
5777 122 is thinking
5777 101 has taken a fork
5777 93 has taken a fork
5777 188 is sleeping
5777 30 is eating
5777 36 is eating
5777 17 is eating
5777 7 is sleeping
5777 26 is sleeping
5777 8 is sleeping
5777 60 has taken a fork
5777 123 is thinking
5777 48 has taken a fork
5777 198 is sleeping
5778 18 is sleeping
5778 178 is sleeping
5778 1 is sleeping
5778 9 is sleeping
5778 6 is sleeping
5778 52 has taken a fork
5778 50 has taken a fork
5778 4 is sleeping
5778 19 has taken a fork
5778 57 has taken a fork
5778 13 is sleeping
5778 63 has taken a fork
5778 29 is sleeping
5778 10 is sleeping
5778 22 is sleeping
5778 195 is sleeping
5778 23 is sleeping
5778 186 is sleeping
5778 197 is sleeping
5778 21 is sleeping
5778 111 is thinking
5778 185 is sleeping
5778 200 is sleeping
5778 31 is eating
5779 38 is eating
5779 118 is thinking
5779 110 is thinking
5779 33 is eating
5779 32 is eating
5780 129 is thinking
5780 121 is thinking
5780 117 is thinking
5780 41 is eating
5780 51 is eating
5782 124 is thinking
5782 47 is eating
5782 27 is eating
5782 116 is thinking
5782 11 is eating
5782 20 is eating
5782 5 is sleeping
5782 43 is eating
5783 39 is eating
5783 182 is sleeping
5783 2 is sleeping
5785 42 is eating
5785 153 is thinking
5785 49 is eating
5786 40 is eating
5787 54 is eating
5787 133 is thinking
5788 134 is thinking
5790 125 is thinking
5790 53 is eating
5792 68 has taken a fork
5792 71 has taken a fork
5793 61 has taken a fork
5794 86 has taken a fork
5794 77 has taken a fork
5795 102 has taken a fork
5795 120 is thinking
5795 141 is thinking
5795 139 is thinking
5796 126 is thinking
5796 132 is thinking
5796 143 is thinking
5796 148 is thinking
5796 131 is thinking
5796 140 is thinking
5797 147 is thinking
5797 135 is thinking
5797 64 has taken a fork
5797 142 is thinking
5797 183 is sleeping
5797 12 is sleeping
5801 136 is thinking
5801 163 is thinking
5802 55 is eating
5804 144 is thinking
5804 83 has taken a fork
5806 67 has taken a fork
5806 84 has taken a fork
5806 106 has taken a fork
5808 65 has taken a fork
5811 137 is thinking
5813 62 has taken a fork
5814 78 has taken a fork
5815 82 has taken a fork
5816 59 has taken a fork
5816 138 is thinking
5816 113 has taken a fork
5817 80 has taken a fork
5817 100 has taken a fork
5818 72 has taken a fork
5819 75 has taken a fork
5819 112 has taken a fork
5819 79 has taken a fork
5820 103 has taken a fork
5820 107 has taken a fork
5820 99 has taken a fork
5821 74 has taken a fork
5822 81 has taken a fork
5823 85 has taken a fork
5823 109 has taken a fork
5823 92 has taken a fork
5824 66 has taken a fork
5825 69 has taken a fork
5826 130 is thinking
5826 73 has taken a fork
5826 95 has taken a fork
5826 37 is sleeping
5826 87 has taken a fork
5826 15 is sleeping
5826 44 is eating
5826 16 is eating
5826 115 has taken a fork
5826 14 is sleeping
5826 46 is eating
5826 56 is eating
5826 104 has taken a fork
5827 98 has taken a fork
5827 96 has taken a fork
5828 70 has taken a fork
5829 105 has taken a fork
5829 151 is thinking
5829 150 is thinking
5830 88 has taken a fork
5830 108 has taken a fork
5830 119 has taken a fork
5830 114 has taken a fork
5831 154 is thinking
5832 158 is thinking
5833 157 is thinking
5834 90 has taken a fork
5839 91 has taken a fork
5839 58 is eating
5839 97 has taken a fork
5840 28 is sleeping
5840 35 is sleeping
5840 24 is sleeping
5840 34 is sleeping
5841 127 has taken a fork
5841 89 has taken a fork
5841 128 has taken a fork
5841 76 has taken a fork
5842 94 has taken a fork
5842 45 is sleeping
5842 25 is sleeping
5843 122 has taken a fork
5844 101 has taken a fork
5844 93 has taken a fork
5844 30 is sleeping
5844 36 is sleeping
5844 17 is sleeping
5844 60 is eating
5844 123 has taken a fork
5844 48 is eating
5845 50 is eating
5845 52 is eating
5845 19 is eating
5845 57 is eating
5845 63 is eating
5845 111 has taken a fork
5845 118 has taken a fork
5846 110 has taken a fork
5848 129 has taken a fork
5848 121 has taken a fork
5848 117 has taken a fork
5849 124 has taken a fork
5850 116 has taken a fork
5850 153 has taken a fork
5850 133 has taken a fork
5850 134 has taken a fork
5851 125 has taken a fork
5851 31 is sleeping
5851 33 is sleeping
5851 32 is sleeping
5851 38 is sleeping
5853 68 is eating
5854 71 is eating
5854 51 is sleeping
5854 41 is sleeping
5854 61 is eating
5855 47 is sleeping
5855 86 has taken a fork
5856 77 is eating
5856 20 is sleeping
5856 11 is sleeping
5856 27 is sleeping
5857 43 is sleeping
5857 102 has taken a fork
5857 120 has taken a fork
5858 141 has taken a fork
5859 139 has taken a fork
5859 39 is sleeping
5860 126 has taken a fork
5862 132 has taken a fork
5863 143 has taken a fork
5864 148 has taken a fork
5864 131 has taken a fork
5864 140 has taken a fork
5864 147 has taken a fork
5864 135 has taken a fork
5864 64 is eating
5864 142 has taken a fork
5864 49 is sleeping
5864 42 is sleeping
5864 40 is sleeping
5864 136 has taken a fork
5865 163 has taken a fork
5866 54 is sleeping
5867 144 has taken a fork
5868 145 is thinking
5868 83 has taken a fork
5869 160 is thinking
5869 159 is thinking
5871 53 is sleeping
5871 164 is thinking
5873 67 is eating
5873 155 is thinking
5874 84 has taken a fork
5875 106 has taken a fork
5876 156 is thinking
5877 65 is eating
5877 152 is thinking
5880 137 has taken a fork
5880 55 is sleeping
5882 62 is eating
5882 78 is eating
5883 82 is eating
5883 59 is eating
5885 138 has taken a fork
5885 113 has taken a fork
5885 80 is eating
5885 100 has taken a fork
5885 72 is eating
5886 75 is eating
5886 112 has taken a fork
5886 79 has taken a fork
5886 103 has taken a fork
5886 107 has taken a fork
5886 99 has taken a fork
5886 149 is thinking
5887 166 is thinking
5887 169 is thinking
5888 161 is thinking
5888 74 is eating
5888 81 is eating
5889 85 is eating
5889 109 has taken a fork
5890 92 has taken a fork
5890 66 is eating
5890 69 is eating
5891 130 has taken a fork
5892 73 is eating
5892 95 has taken a fork
5892 87 has taken a fork
5893 162 is thinking
5893 115 has taken a fork
5893 104 has taken a fork
5896 98 is eating
5896 96 is eating
5896 146 is thinking
5897 70 is eating
5897 177 is thinking
5897 105 has taken a fork
5897 44 is sleeping
5897 16 is sleeping
5897 46 is sleeping
5897 88 is eating
5897 108 has taken a fork
5897 151 has taken a fork
5897 119 has taken a fork
5897 114 has taken a fork
5897 150 has taken a fork
5897 168 is thinking
5897 56 is sleeping
5897 165 is thinking
5897 154 has taken a fork
5898 179 is thinking
5898 167 is thinking
5898 193 is thinking
5898 180 is thinking
5898 174 is thinking
5898 176 is thinking
5898 173 is thinking
5898 181 is thinking
5898 158 has taken a fork
5898 175 is thinking
5898 170 is thinking
5898 3 is thinking
5898 172 is thinking
5898 191 is thinking
5899 90 is eating
5899 91 is eating
5899 58 is sleeping
5899 157 has taken a fork
5899 97 has taken a fork
5899 127 has taken a fork
5899 190 is thinking
5899 192 is thinking
5900 89 is eating
5900 76 is eating
5900 128 has taken a fork
5900 199 is thinking
5900 94 is eating
5900 122 has taken a fork
5900 101 is eating
5900 93 is eating
5900 123 has taken a fork
5900 60 is sleeping
5900 111 has taken a fork
5900 118 has taken a fork
5900 48 is sleeping
5900 184 is thinking
5901 110 has taken a fork
5901 50 is sleeping
5901 57 is sleeping
5901 19 is sleeping
5901 52 is sleeping
5901 63 is sleeping
5901 129 has taken a fork
5901 121 has taken a fork
5901 117 has taken a fork
5901 124 has taken a fork
5901 116 has taken a fork
5901 153 has taken a fork
5901 133 has taken a fork
5902 134 has taken a fork
5902 187 is thinking
5902 196 is thinking
5903 171 is thinking
5903 194 is thinking
5903 125 has taken a fork
5903 189 is thinking
5903 86 is eating
5903 71 is sleeping
5903 102 is eating
5904 68 is sleeping
5905 120 has taken a fork
5905 141 has taken a fork
5905 61 is sleeping
5906 139 has taken a fork
5907 126 has taken a fork
5908 77 is sleeping
5909 132 has taken a fork
5909 143 has taken a fork
5909 148 has taken a fork
5910 131 has taken a fork
5912 140 has taken a fork
5914 147 has taken a fork
5916 135 has taken a fork
5917 142 has taken a fork
5918 163 has taken a fork
5918 64 is sleeping
5919 136 has taken a fork
5920 144 has taken a fork
5921 145 has taken a fork
5921 83 is eating
5921 160 has taken a fork
5921 159 has taken a fork
5921 164 has taken a fork
5921 67 is sleeping
5922 155 has taken a fork
5922 84 is eating
5922 106 is eating
5922 156 has taken a fork
5922 188 is thinking
5923 26 is thinking
5924 7 is thinking
5925 198 is thinking
5925 8 is thinking
5926 65 is sleeping
5926 152 has taken a fork
5927 29 is thinking
5927 4 is thinking
5928 18 is thinking
5928 10 is thinking
5928 13 is thinking
5929 23 is thinking
5929 21 is thinking
5929 9 is thinking
5931 1 is thinking
5932 185 is thinking
5933 186 is thinking
5934 200 is thinking
5935 6 is thinking
5935 195 is thinking
5940 22 is thinking
5940 178 is thinking
5941 197 is thinking
5941 137 has taken a fork
5942 5 is thinking
5943 62 is sleeping
5944 78 is sleeping
5944 182 is thinking
5944 2 is thinking
5944 82 is sleeping
5944 59 is sleeping
5944 138 has taken a fork
5944 113 is eating
5945 80 is sleeping
5945 100 is eating
5945 72 is sleeping
5946 75 is sleeping
5946 112 is eating
5946 79 is eating
5946 103 is eating
5946 107 is eating
5946 99 is eating
5948 149 has taken a fork
5948 166 has taken a fork
5949 169 has taken a fork
5950 161 has taken a fork
5950 74 is sleeping
5951 81 is sleeping
5952 85 is sleeping
5952 109 is eating
5952 92 is eating
5953 66 is sleeping
5954 69 is sleeping
5958 130 has taken a fork
5958 73 is sleeping
5958 95 is eating
5958 87 is eating
5959 162 has taken a fork
5959 115 is eating
5959 104 is eating
5960 98 is sleeping
5960 96 is sleeping
5961 146 has taken a fork
5961 70 is sleeping
5961 183 is thinking
5961 177 has taken a fork
5961 105 is eating
5961 12 is thinking
5962 108 is eating
5962 88 is sleeping
5962 151 has taken a fork
5962 119 is eating
5962 114 is eating
5962 150 has taken a fork
5963 168 has taken a fork
5964 165 has taken a fork
5964 154 has taken a fork
5964 179 has taken a fork
5964 167 has taken a fork
5965 193 has taken a fork
5965 180 has taken a fork
5965 174 has taken a fork
5966 176 has taken a fork
5966 173 has taken a fork
5967 181 has taken a fork
5967 158 has taken a fork
5969 175 has taken a fork
5970 170 has taken a fork
5970 3 has taken a fork
5971 172 has taken a fork
5971 191 has taken a fork
5971 90 is sleeping
5972 91 is sleeping
5972 157 has taken a fork
5972 97 is eating
5972 127 is eating
5973 190 has taken a fork
5975 192 has taken a fork
5975 128 is eating
5976 199 has taken a fork
5976 122 is eating
5976 123 is eating
5976 111 is eating
5976 118 is eating
5977 89 is sleeping
5977 110 is eating
5977 184 has taken a fork
5977 129 is eating
5977 121 is eating
5977 117 is eating
5978 124 is eating
5978 116 is eating
5978 153 is eating
5978 133 is eating
5978 93 is sleeping
5978 76 is sleeping
5978 94 is sleeping
5978 101 is sleeping
5981 134 is eating
5981 187 has taken a fork
5981 196 has taken a fork
5981 171 has taken a fork
5981 194 has taken a fork
5982 125 is eating
5983 189 has taken a fork
5983 120 is eating
5984 141 is eating
5985 139 is eating
5986 126 is eating
5988 132 is eating
5989 143 is eating
5989 148 is eating
5990 131 is eating
5990 140 is eating
5990 147 is eating
5992 135 is eating
5993 142 is eating
5994 163 is eating
5994 136 is eating
5994 144 is eating
5995 145 has taken a fork
5995 160 has taken a fork
5996 159 has taken a fork
5996 164 has taken a fork
5998 155 has taken a fork
5999 156 has taken a fork
5999 86 is sleeping
5999 188 has taken a fork
5999 102 is sleeping
6000 26 has taken a fork
6001 152 has taken a fork
6003 15 is thinking
6003 37 is thinking
6004 14 is thinking
6004 83 is sleeping
6004 84 is sleeping
6004 106 is sleeping
6005 24 is thinking
6005 28 is thinking
6005 7 has taken a fork
6005 198 has taken a fork
6005 8 has taken a fork
6005 35 is thinking
6006 34 is thinking
6006 137 is eating
6006 25 is thinking
6007 45 is thinking
6007 17 is thinking
6008 138 is eating
6008 30 is thinking
6009 36 is thinking
6010 149 has taken a fork
6010 166 has taken a fork
6010 169 has taken a fork
6010 161 has taken a fork
6010 113 is sleeping
6011 29 has taken a fork
6011 100 is sleeping
6011 107 is sleeping
6012 18 has taken a fork
6012 112 is sleeping
6012 103 is sleeping
6013 10 has taken a fork
6013 79 is sleeping
6013 41 is thinking
6014 32 is thinking
6015 38 is thinking
6015 51 is thinking
6015 4 has taken a fork
6016 33 is thinking
6017 31 is thinking
6017 99 is sleeping
6018 47 is thinking
6018 20 is thinking
6018 11 is thinking
6020 27 is thinking
6020 130 is eating
6020 43 is thinking
6022 13 has taken a fork
6023 23 has taken a fork
6023 21 has taken a fork
6023 109 is sleeping
6023 39 is thinking
6023 162 has taken a fork
6023 92 is sleeping
6024 9 has taken a fork
6024 1 has taken a fork
6024 146 has taken a fork
6024 177 has taken a fork
6024 151 is eating
6024 150 is eating
6025 168 has taken a fork
6025 87 is sleeping
6025 95 is sleeping
6025 42 is thinking
6025 40 is thinking
6025 165 has taken a fork
6025 154 is eating
6025 179 has taken a fork
6025 167 has taken a fork
6027 49 is thinking
6027 193 has taken a fork
6027 115 is sleeping
6027 180 has taken a fork
6027 185 has taken a fork
6027 186 has taken a fork
6027 174 has taken a fork
6027 104 is sleeping
6027 176 has taken a fork
6027 54 is thinking
6027 200 has taken a fork
6028 6 has taken a fork
6028 173 has taken a fork
6028 181 has taken a fork
6028 158 is eating
6028 114 is sleeping
6028 119 is sleeping
6028 105 is sleeping
6028 108 is sleeping
6028 195 has taken a fork
6029 22 has taken a fork
6029 178 has taken a fork
6029 197 has taken a fork
6029 175 has taken a fork
6029 170 has taken a fork
6030 3 has taken a fork
6030 53 is thinking
6030 172 has taken a fork
6030 191 has taken a fork
6030 157 is eating
6030 190 has taken a fork
6030 127 is sleeping
6030 97 is sleeping
6030 5 has taken a fork
6030 182 has taken a fork
6031 192 has taken a fork
6031 128 is sleeping
6031 199 has taken a fork
6031 2 has taken a fork
6031 111 is sleeping
6031 122 is sleeping
6031 123 is sleeping
6031 184 has taken a fork
6031 118 is sleeping
6031 110 is sleeping
6032 183 has taken a fork
6032 12 has taken a fork
6032 129 is sleeping
6032 121 is sleeping
6032 117 is sleeping
6032 116 is sleeping
6033 55 is thinking
6033 124 is sleeping
6033 187 has taken a fork
6033 196 has taken a fork
6034 171 has taken a fork
6034 194 has taken a fork
6034 153 is sleeping
6035 189 has taken a fork
6035 133 is sleeping
6035 134 is sleeping
6035 125 is sleeping
6035 120 is sleeping
6036 141 is sleeping
6037 139 is sleeping
6038 126 is sleeping
6038 132 is sleeping
6038 131 is sleeping
6039 148 is sleeping
6039 143 is sleeping
6039 140 is sleeping
6040 147 is sleeping
6040 145 is eating
6040 142 is sleeping
6040 135 is sleeping
6041 160 is eating
6041 159 is eating
6041 164 is eating
6043 56 is thinking
6044 46 is thinking
6046 16 is thinking
6047 44 is thinking
6047 155 is eating
6048 136 is sleeping
6049 163 is sleeping
6052 58 is thinking
6052 156 is eating
6053 188 has taken a fork
6054 48 is thinking
6055 60 is thinking
6056 144 is sleeping
6057 50 is thinking
6060 63 is thinking
6060 57 is thinking
6061 19 is thinking
6064 52 is thinking
6066 26 has taken a fork
6066 152 is eating
6068 71 is thinking
6068 15 has taken a fork
6069 37 has taken a fork
6070 68 is thinking
6075 14 has taken a fork
6080 61 is thinking
6081 24 has taken a fork
6081 28 has taken a fork
6083 7 has taken a fork
6084 198 has taken a fork
6085 8 has taken a fork
6085 35 has taken a fork
6086 34 has taken a fork
6086 25 has taken a fork
6086 45 has taken a fork
6087 17 has taken a fork
6088 77 is thinking
6088 30 has taken a fork
6088 137 is sleeping
6089 36 has taken a fork
6089 149 is eating
6090 166 is eating
6090 169 is eating
6091 161 is eating
6094 29 has taken a fork
6095 18 has taken a fork
6095 138 is sleeping
6096 10 has taken a fork
6097 41 has taken a fork
6098 32 has taken a fork
6099 38 has taken a fork
6099 51 has taken a fork
6103 4 has taken a fork
6103 33 has taken a fork
6104 31 has taken a fork
6104 47 has taken a fork
6105 64 is thinking
6106 20 has taken a fork
6106 11 has taken a fork
6107 27 has taken a fork
6108 43 has taken a fork
6108 67 is thinking
6109 13 has taken a fork
6110 23 has taken a fork
6111 130 is sleeping
6115 21 has taken a fork
6115 39 has taken a fork
6115 162 is eating
6116 9 has taken a fork
6116 1 has taken a fork
6116 146 is eating
6116 177 is eating
6116 168 is eating
6117 42 has taken a fork
6118 40 has taken a fork
6118 165 is eating
6118 179 is eating
6119 167 is eating
6119 65 is thinking
6119 150 is sleeping
6119 151 is sleeping
6119 193 is eating
6119 180 is eating
6119 49 has taken a fork
6120 185 has taken a fork
6122 186 has taken a fork
6122 174 is eating
6122 176 is eating
6123 54 has taken a fork
6124 200 has taken a fork
6126 6 has taken a fork
6126 173 is eating
6126 181 is eating
6127 195 has taken a fork
6127 22 has taken a fork
6127 154 is sleeping
6127 178 has taken a fork
6127 197 has taken a fork
6127 175 is eating
6127 170 is eating
6127 158 is sleeping
6128 3 is eating
6128 53 has taken a fork
6128 172 is eating
6128 191 is eating
6128 190 is eating
6129 5 has taken a fork
6131 182 has taken a fork
6132 192 is eating
6132 199 is eating
6132 2 has taken a fork
6132 184 is eating
6132 183 has taken a fork
6132 12 has taken a fork
6133 55 has taken a fork
6133 187 is eating
6133 196 is eating
6133 171 is eating
6133 194 is eating
6134 157 is sleeping
6134 189 is eating
6134 62 is thinking
6134 82 is thinking
6136 56 has taken a fork
6136 46 has taken a fork
6136 59 is thinking
6136 78 is thinking
6136 80 is thinking
6137 72 is thinking
6138 75 is thinking
6139 16 has taken a fork
6139 44 has taken a fork
6139 74 is thinking
6140 81 is thinking
6140 58 has taken a fork
6140 85 is thinking
6140 66 is thinking
6140 188 is eating
6140 145 is sleeping
6141 48 has taken a fork
6142 69 is thinking
6142 160 is sleeping
6144 60 has taken a fork
6144 159 is sleeping
6144 164 is sleeping
6146 50 has taken a fork
6146 73 is thinking
6146 63 has taken a fork
6146 155 is sleeping
6146 96 is thinking
6146 98 is thinking
6146 57 has taken a fork
6146 70 is thinking
6146 88 is thinking
6146 156 is sleeping
6147 26 is eating
6147 19 has taken a fork
6148 15 has taken a fork
6148 37 has taken a fork
6148 90 is thinking
6148 91 is thinking
6148 152 is sleeping
6148 14 has taken a fork
6148 52 has taken a fork
6148 89 is thinking
6148 101 is thinking
6148 94 is thinking
6149 76 is thinking
6149 93 is thinking
6149 24 has taken a fork
6149 28 has taken a fork
6149 7 is eating
6149 198 is eating
6149 8 is eating
6149 35 has taken a fork
6149 34 has taken a fork
6149 25 has taken a fork
6150 45 has taken a fork
6151 17 has taken a fork
6151 30 has taken a fork
6152 36 has taken a fork
6152 149 is sleeping
6152 166 is sleeping
6152 169 is sleeping
6152 68 has taken a fork
6152 161 is sleeping
6152 77 has taken a fork
6152 71 has taken a fork
6153 61 has taken a fork
6154 29 is eating
6154 18 is eating
6154 10 is eating
6154 41 has taken a fork
6154 32 has taken a fork
6154 102 is thinking
6154 86 is thinking
6154 51 has taken a fork
6154 38 has taken a fork
6154 4 is eating
6155 33 has taken a fork
6155 106 is thinking
6155 83 is thinking
6155 84 is thinking
6155 31 has taken a fork
6155 47 has taken a fork
6155 20 has taken a fork
6155 11 has taken a fork
6155 27 has taken a fork
6155 43 has taken a fork
6155 13 is eating
6156 113 is thinking
6156 23 is eating
6156 100 is thinking
6156 107 is thinking
6156 112 is thinking
6156 103 is thinking
6157 79 is thinking
6157 21 is eating
6157 39 has taken a fork
6157 162 is sleeping
6157 64 has taken a fork
6158 9 is eating
6158 1 is eating
6158 146 is sleeping
6158 177 is sleeping
6158 168 is sleeping
6158 99 is thinking
6158 67 has taken a fork
6159 42 has taken a fork
6159 40 has taken a fork
6159 165 is sleeping
6160 179 is sleeping
6160 167 is sleeping
6160 65 has taken a fork
6160 193 is sleeping
6160 180 is sleeping
6160 49 has taken a fork
6160 185 is eating
6161 186 is eating
6161 174 is sleeping
6161 176 is sleeping
6161 109 is thinking
6163 92 is thinking
6163 54 has taken a fork
6163 95 is thinking
6164 87 is thinking
6164 200 is eating
6165 6 is eating
6165 173 is sleeping
6165 181 is sleeping
6165 104 is thinking
6165 115 is thinking
6165 195 is eating
6166 22 is eating
6166 178 is eating
6166 197 is eating
6166 175 is sleeping
6166 170 is sleeping
6167 114 is thinking
6168 105 is thinking
6169 108 is thinking
6169 119 is thinking
6170 3 is sleeping
6170 53 has taken a fork
6170 172 is sleeping
6170 191 is sleeping
6170 190 is sleeping
6170 5 is eating
6172 97 is thinking
6173 127 is thinking
6173 118 is thinking
6174 123 is thinking
6175 128 is thinking
6177 122 is thinking
6177 111 is thinking
6179 110 is thinking
6179 182 is eating
6179 129 is thinking
6180 117 is thinking
6182 116 is thinking
6182 121 is thinking
6182 192 is sleeping
6182 199 is sleeping
6182 2 is eating
6183 184 is sleeping
6183 183 is eating
6183 12 is eating
6183 124 is thinking
6183 55 has taken a fork
6184 187 is sleeping
6184 196 is sleeping
6184 194 is sleeping
6184 171 is sleeping
6184 153 is thinking
6184 189 is sleeping
6185 62 has taken a fork
6185 82 has taken a fork
6185 120 is thinking
6186 134 is thinking
6186 133 is thinking
6186 125 is thinking
6186 56 has taken a fork
6186 141 is thinking
6187 46 has taken a fork
6187 59 has taken a fork
6188 78 has taken a fork
6188 80 has taken a fork
6188 139 is thinking
6188 132 is thinking
6188 126 is thinking
6188 131 is thinking
6189 75 has taken a fork
6189 72 has taken a fork
6189 148 is thinking
6189 140 is thinking
6189 143 is thinking
6190 16 has taken a fork
6191 44 has taken a fork
6191 74 has taken a fork
6191 142 is thinking
6191 81 has taken a fork
6191 147 is thinking
6192 58 has taken a fork
6192 85 has taken a fork
6192 66 has taken a fork
6192 188 is sleeping
6193 135 is thinking
6193 48 has taken a fork
6193 69 has taken a fork
6194 60 has taken a fork
6194 50 has taken a fork
6195 73 has taken a fork
6196 63 has taken a fork
6196 96 has taken a fork
6196 98 has taken a fork
6197 57 has taken a fork
6198 70 has taken a fork
6198 88 has taken a fork
6198 26 is sleeping
6198 15 is eating
6200 19 has taken a fork
6200 37 is eating
6200 90 has taken a fork
6200 91 has taken a fork
6200 136 is thinking
6200 14 is eating
6201 52 has taken a fork
6201 89 has taken a fork
6202 101 has taken a fork
6202 94 has taken a fork
6202 163 is thinking
6203 76 has taken a fork
6203 93 has taken a fork
6203 24 is eating
6203 28 is eating
6203 7 is sleeping
6203 198 is sleeping
6203 8 is sleeping
6203 35 is eating
6203 34 is eating
6203 25 is eating
6204 45 is eating
6204 17 is eating
6204 30 is eating
6205 36 is eating
6205 68 has taken a fork
6205 77 has taken a fork
6208 71 has taken a fork
6211 61 has taken a fork
6211 29 is sleeping
6212 18 is sleeping
6212 10 is sleeping
6212 41 is eating
6213 32 is eating
6214 102 has taken a fork
6214 86 has taken a fork
6215 51 is eating
6215 38 is eating
6215 4 is sleeping
6216 33 is eating
6216 106 has taken a fork
6216 83 has taken a fork
6216 84 has taken a fork
6217 31 is eating
6217 47 is eating
6218 20 is eating
6218 11 is eating
6218 27 is eating
6218 43 is eating
6219 113 has taken a fork
6219 100 has taken a fork
6219 107 has taken a fork
6220 144 is thinking
6221 112 has taken a fork
6221 23 is sleeping
6221 13 is sleeping
6221 103 has taken a fork
6222 79 has taken a fork
6222 39 is eating
6222 64 has taken a fork
6222 21 is sleeping
6222 99 has taken a fork
6222 67 has taken a fork
6222 42 is eating
6223 9 is sleeping
6224 40 is eating
6224 1 is sleeping
6225 65 has taken a fork
6225 49 is eating
6227 109 has taken a fork
6227 185 is sleeping
6227 186 is sleeping
6229 92 has taken a fork
6230 54 is eating
6232 95 has taken a fork
6233 87 has taken a fork
6234 200 is sleeping
6234 104 has taken a fork
6235 6 is sleeping
6235 22 is sleeping
6235 178 is sleeping
6235 197 is sleeping
6236 195 is sleeping
6237 114 has taken a fork
6238 115 has taken a fork
6238 105 has taken a fork
6238 108 has taken a fork
6238 119 has taken a fork
6238 53 is eating
6238 5 is sleeping
6239 97 has taken a fork
6239 182 is sleeping
6240 127 has taken a fork
6240 2 is sleeping
6241 183 is sleeping
6243 123 has taken a fork
6244 12 is sleeping
6247 128 has taken a fork
6247 118 has taken a fork
6247 55 is eating
6248 62 has taken a fork
6248 82 has taken a fork
6248 56 is eating
6249 46 is eating
6249 59 has taken a fork
6250 78 has taken a fork
6250 137 is thinking
6251 80 has taken a fork
6251 75 has taken a fork
6251 72 has taken a fork
6253 16 is eating
6253 44 is eating
6254 74 has taken a fork
6254 81 has taken a fork
6255 58 is eating
6255 85 has taken a fork
6256 66 has taken a fork
6256 48 is eating
6257 69 has taken a fork
6257 60 is eating
6257 50 is eating
6258 138 is thinking
6258 73 has taken a fork
6260 63 is eating
6260 96 has taken a fork
6260 98 has taken a fork
6261 57 is eating
6262 70 has taken a fork
6262 88 has taken a fork
6265 19 is eating
6266 90 has taken a fork
6266 91 has taken a fork
6266 15 is sleeping
6267 52 is eating
6268 89 has taken a fork
6268 14 is sleeping
6268 37 is sleeping
6268 101 has taken a fork
6269 122 has taken a fork
6269 94 has taken a fork
6272 111 has taken a fork
6273 110 has taken a fork
6273 76 has taken a fork
6273 93 has taken a fork
6273 28 is sleeping
6273 24 is sleeping
6273 35 is sleeping
6274 116 has taken a fork
6274 34 is sleeping
6274 121 has taken a fork
6274 68 is eating
6274 25 is sleeping
6274 77 is eating
6274 124 has taken a fork
6274 30 is sleeping
6274 120 has taken a fork
6274 45 is sleeping
6274 17 is sleeping
6274 134 has taken a fork
6274 36 is sleeping
6274 133 has taken a fork
6275 117 has taken a fork
6275 71 is eating
6275 153 has taken a fork
6276 129 has taken a fork
6276 130 is thinking
6276 61 is eating
6276 41 is sleeping
6276 102 has taken a fork
6276 32 is sleeping
6277 125 has taken a fork
6277 86 has taken a fork
6277 141 has taken a fork
6277 51 is sleeping
6277 38 is sleeping
6277 139 has taken a fork
6278 33 is sleeping
6278 131 has taken a fork
6278 106 has taken a fork
6278 83 has taken a fork
6279 84 has taken a fork
6279 31 is sleeping
6279 132 has taken a fork
6279 20 is sleeping
6279 47 is sleeping
6279 148 has taken a fork
6279 11 is sleeping
6280 140 has taken a fork
6280 143 has taken a fork
6282 126 has taken a fork
6283 151 is thinking
6283 150 is thinking
6283 43 is sleeping
6284 27 is sleeping
6284 113 has taken a fork
6284 147 has taken a fork
6284 142 has taken a fork
6284 100 has taken a fork
6284 107 has taken a fork
6284 112 has taken a fork
6284 103 has taken a fork
6284 79 has taken a fork
6284 64 is eating
6284 99 has taken a fork
6284 67 is eating
6284 39 is sleeping
6284 135 has taken a fork
6284 42 is sleeping
6284 136 has taken a fork
6285 40 is sleeping
6285 163 has taken a fork
6285 65 is eating
6285 49 is sleeping
6286 144 has taken a fork
6286 154 is thinking
6286 109 has taken a fork
6288 158 is thinking
6289 92 has taken a fork
6289 54 is sleeping
6290 95 has taken a fork
6291 87 has taken a fork
6291 157 is thinking
6292 104 has taken a fork
6293 114 has taken a fork
6295 115 has taken a fork
6297 105 has taken a fork
6299 108 has taken a fork
6299 119 has taken a fork
6300 53 is sleeping
6300 97 has taken a fork
6300 127 has taken a fork
6302 160 is thinking
6302 145 is thinking
6302 123 has taken a fork
6304 164 is thinking
6305 159 is thinking
6305 156 is thinking
6306 155 is thinking
6307 128 has taken a fork
6309 118 has taken a fork
6309 55 is sleeping
6309 62 is eating
6310 152 is thinking
6310 82 is eating
6311 56 is sleeping
6311 46 is sleeping
6311 59 is eating
6311 78 is eating
6312 137 has taken a fork
6312 80 is eating
6312 75 is eating
6312 72 is eating
6312 166 is thinking
6312 169 is thinking
6312 149 is thinking
6312 161 is thinking
6313 16 is sleeping
6314 44 is sleeping
6314 74 is eating
6314 81 is eating
6314 58 is sleeping
6314 85 is eating
6314 66 is eating
6315 48 is sleeping
6315 69 is eating
6316 60 is sleeping
6317 50 is sleeping
6317 162 is thinking
6318 146 is thinking
6319 168 is thinking
6319 177 is thinking
6319 138 has taken a fork
6319 73 is eating
6320 165 is thinking
6320 180 is thinking
6320 167 is thinking
6320 179 is thinking
6321 63 is sleeping
6321 193 is thinking
6321 96 is eating
6321 98 is eating
6321 176 is thinking
6322 174 is thinking
6323 57 is sleeping
6323 70 is eating
6323 88 is eating
6323 181 is thinking
6324 173 is thinking
6325 19 is sleeping
6325 90 is eating
6325 175 is thinking
6326 170 is thinking
6328 91 is eating
6328 89 is eating
6328 101 is eating
6332 122 has taken a fork
6332 94 is eating
6333 191 is thinking
6334 3 is thinking
6334 172 is thinking
6335 190 is thinking
6335 52 is sleeping
6339 111 has taken a fork
6343 110 has taken a fork
6343 76 is eating
6343 93 is eating
6343 116 has taken a fork
6345 121 has taken a fork
6345 124 has taken a fork
6345 120 has taken a fork
6345 134 has taken a fork
6345 133 has taken a fork
6349 117 has taken a fork
6349 153 has taken a fork
6349 129 has taken a fork
6350 130 has taken a fork
6350 102 is eating
6350 125 has taken a fork
6350 86 is eating
6350 141 has taken a fork
6352 139 has taken a fork
6352 131 has taken a fork
6352 106 is eating
6353 83 is eating
6353 84 is eating
6356 132 has taken a fork
6356 148 has taken a fork
6357 140 has taken a fork
6357 143 has taken a fork
6357 192 is thinking
6358 199 is thinking
6359 126 has taken a fork
6359 77 is sleeping
6360 71 is sleeping
6360 68 is sleeping
6360 184 is thinking
6361 151 has taken a fork
6361 150 has taken a fork
6361 113 is eating
6361 147 has taken a fork
6361 142 has taken a fork
6361 100 is eating
6361 107 is eating
6361 112 is eating
6361 103 is eating
6361 171 is thinking
6361 79 is eating
6361 99 is eating
6362 61 is sleeping
6362 194 is thinking
6362 196 is thinking
6362 187 is thinking
6362 135 has taken a fork
6362 136 has taken a fork
6363 189 is thinking
6364 163 has taken a fork
6364 144 has taken a fork
6365 154 has taken a fork
6366 109 is eating
6366 158 has taken a fork
6366 92 is eating
6367 95 is eating
6368 87 is eating
6368 157 has taken a fork
6369 188 is thinking
6369 104 is eating
6370 114 is eating
6371 115 is eating
6371 105 is eating
6371 26 is thinking
6371 108 is eating
6372 119 is eating
6372 64 is sleeping
6372 97 is eating
6372 67 is sleeping
6372 65 is sleeping
6374 127 is eating
6375 160 has taken a fork
6375 145 has taken a fork
6375 123 is eating
6376 7 is thinking
6376 198 is thinking
6376 8 is thinking
6376 164 has taken a fork
6377 159 has taken a fork
6377 156 has taken a fork
6377 155 has taken a fork
6378 128 is eating
6378 118 is eating
6378 152 has taken a fork
6378 29 is thinking
6378 18 is thinking
6378 137 has taken a fork
6378 10 is thinking
6378 169 has taken a fork
6378 166 has taken a fork
6379 149 has taken a fork
6379 161 has taken a fork
6379 4 is thinking
6379 162 has taken a fork
6379 146 has taken a fork
6379 168 has taken a fork
6379 138 has taken a fork
6379 23 is thinking
6379 13 is thinking
6379 21 is thinking
6379 82 is sleeping
6380 177 has taken a fork
6380 62 is sleeping
6380 165 has taken a fork
6380 78 is sleeping
6380 80 is sleeping
6380 59 is sleeping
6380 179 has taken a fork
6380 9 is thinking
6381 1 is thinking
6381 180 has taken a fork
6381 167 has taken a fork
6381 72 is sleeping
6381 75 is sleeping
6381 176 has taken a fork
6381 193 has taken a fork
6381 186 is thinking
6381 81 is sleeping
6381 74 is sleeping
6381 66 is sleeping
6381 185 is thinking
6381 85 is sleeping
6381 174 has taken a fork
6381 181 has taken a fork
6382 173 has taken a fork
6382 175 has taken a fork
6382 69 is sleeping
6382 170 has taken a fork
6382 122 is eating
6382 73 is sleeping
6383 191 has taken a fork
6383 96 is sleeping
6383 98 is sleeping
6383 3 has taken a fork
6383 172 has taken a fork
6383 200 is thinking
6383 88 is sleeping
6384 178 is thinking
6384 22 is thinking
6384 70 is sleeping
6384 190 has taken a fork
6384 6 is thinking
6384 197 is thinking
6384 195 is thinking
6384 90 is sleeping
6385 91 is sleeping
6385 101 is sleeping
6385 89 is sleeping
6385 5 is thinking
6385 182 is thinking
6386 111 is eating
6386 94 is sleeping
6386 2 is thinking
6386 183 is thinking
6387 110 is eating
6388 116 is eating
6388 12 is thinking
6388 124 is eating
6388 120 is eating
6388 134 is eating
6388 133 is eating
6388 93 is sleeping
6388 76 is sleeping
6390 121 is eating
6390 117 is eating
6391 153 is eating
6393 129 is eating
6393 130 has taken a fork
6393 125 is eating
6394 141 is eating
6394 86 is sleeping
6394 102 is sleeping
6394 139 is eating
6395 131 is eating
6395 106 is sleeping
6396 84 is sleeping
6397 83 is sleeping
6397 132 is eating
6397 148 is eating
6397 140 is eating
6397 143 is eating
6397 192 has taken a fork
6397 199 has taken a fork
6398 126 is eating
6399 184 has taken a fork
6399 151 has taken a fork
6399 150 has taken a fork
6399 113 is sleeping
6399 147 is eating
6399 142 is eating
6399 100 is sleeping
6399 107 is sleeping
6399 112 is sleeping
6399 103 is sleeping
6399 171 has taken a fork
6399 79 is sleeping
6399 99 is sleeping
6399 194 has taken a fork
6399 196 has taken a fork
6399 187 has taken a fork
6399 135 is eating
6399 136 is eating
6400 189 has taken a fork
6400 163 is eating
6400 144 is eating
6400 154 has taken a fork
6400 15 is thinking
6400 158 has taken a fork
6400 109 is sleeping
6402 92 is sleeping
6403 95 is sleeping
6403 14 is thinking
6405 37 is thinking
6405 87 is sleeping
6405 157 has taken a fork
6406 188 has taken a fork
6408 104 is sleeping
6409 114 is sleeping
6409 115 is sleeping
6409 105 is sleeping
6409 26 has taken a fork
6409 108 is sleeping
6409 119 is sleeping
6410 35 is thinking
6410 24 is thinking
6411 28 is thinking
6411 17 is thinking
6413 45 is thinking
6414 25 is thinking
6414 30 is thinking
6416 36 is thinking
6417 34 is thinking
6418 97 is sleeping
6418 160 has taken a fork
6418 145 has taken a fork
6418 41 is thinking
6418 32 is thinking
6419 7 has taken a fork
6419 198 has taken a fork
6419 8 has taken a fork
6419 51 is thinking
6419 38 is thinking
6420 159 has taken a fork
6420 127 is sleeping
6420 156 has taken a fork
6420 155 has taken a fork
6421 33 is thinking
6421 164 has taken a fork
6421 152 has taken a fork
6421 29 has taken a fork
6421 18 has taken a fork
6421 137 is eating
6421 10 has taken a fork
6422 169 has taken a fork
6422 166 has taken a fork
6422 47 is thinking
6422 31 is thinking
6422 20 is thinking
6422 11 is thinking
6422 149 has taken a fork
6422 161 has taken a fork
6423 4 has taken a fork
6423 162 has taken a fork
6423 146 has taken a fork
6423 168 has taken a fork
6423 138 is eating
6424 23 has taken a fork
6424 13 has taken a fork
6424 21 has taken a fork
6424 177 has taken a fork
6424 123 is sleeping
6424 165 has taken a fork
6424 179 has taken a fork
6424 9 has taken a fork
6424 1 has taken a fork
6425 118 is sleeping
6425 128 is sleeping
6425 180 has taken a fork
6425 167 has taken a fork
6425 176 has taken a fork
6425 193 has taken a fork
6427 186 has taken a fork
6427 185 has taken a fork
6427 174 has taken a fork
6427 181 has taken a fork
6427 173 has taken a fork
6427 175 has taken a fork
6428 170 has taken a fork
6429 43 is thinking
6429 191 has taken a fork
6429 3 has taken a fork
6429 172 has taken a fork
6430 178 has taken a fork
6431 39 is thinking
6432 42 is thinking
6433 22 has taken a fork
6433 27 is thinking
6433 200 has taken a fork
6433 190 has taken a fork
6434 6 has taken a fork
6434 197 has taken a fork
6435 195 has taken a fork
6437 49 is thinking
6437 40 is thinking
6439 5 has taken a fork
6439 182 has taken a fork
6439 2 has taken a fork
6439 183 has taken a fork
6440 12 has taken a fork
6441 54 is thinking
6442 122 is sleeping
6442 130 is eating
6443 110 is sleeping
6444 111 is sleeping
6444 124 is sleeping
6444 120 is sleeping
6445 116 is sleeping
6445 192 has taken a fork
6445 199 has taken a fork
6445 133 is sleeping
6445 134 is sleeping
6446 121 is sleeping
6446 184 has taken a fork
6446 151 is eating
6447 150 is eating
6447 171 has taken a fork
6448 117 is sleeping
6448 194 has taken a fork
6448 196 has taken a fork
6448 187 has taken a fork
6448 189 has taken a fork
6448 154 is eating
6449 15 has taken a fork
6449 158 is eating
6449 129 is sleeping
6450 153 is sleeping
6451 53 is thinking
6452 14 has taken a fork
6452 125 is sleeping
6452 139 is sleeping
6452 141 is sleeping
6452 37 has taken a fork
6452 157 is eating
6452 131 is sleeping
6452 188 has taken a fork
6452 140 is sleeping
6452 143 is sleeping
6452 148 is sleeping
6452 132 is sleeping
6453 126 is sleeping
6453 55 is thinking
6453 147 is sleeping
6453 142 is sleeping
6454 26 has taken a fork
6454 35 has taken a fork
6455 24 has taken a fork
6455 135 is sleeping
6457 46 is thinking
6458 56 is thinking
6460 28 has taken a fork
6461 17 has taken a fork
6461 136 is sleeping
6462 16 is thinking
6462 144 is sleeping
6463 163 is sleeping
6464 45 has taken a fork
6464 58 is thinking
6464 44 is thinking
6467 25 has taken a fork
6467 30 has taken a fork
6468 48 is thinking
6470 60 is thinking
6474 36 has taken a fork
6476 50 is thinking
6476 34 has taken a fork
6476 160 is eating
6477 145 is eating
6477 41 has taken a fork
6478 32 has taken a fork
6479 7 has taken a fork
6479 198 has taken a fork
6480 8 has taken a fork
6481 51 has taken a fork
6482 38 has taken a fork
6482 159 is eating
6483 156 is eating
6483 155 is eating
6483 63 is thinking
6484 33 has taken a fork
6485 164 is eating
6485 152 is eating
6486 29 has taken a fork
6487 18 has taken a fork
6488 10 has taken a fork
6488 169 is eating
6488 166 is eating
6490 47 has taken a fork
6491 31 has taken a fork
6491 20 has taken a fork
6491 11 has taken a fork
6491 161 is eating
6491 149 is eating
6491 57 is thinking
6492 4 has taken a fork
6492 162 is eating
6492 168 is eating
6492 146 is eating
6492 23 has taken a fork
6492 13 has taken a fork
6492 21 has taken a fork
6492 177 is eating
6492 165 is eating
6493 179 is eating
6494 9 has taken a fork
6494 1 has taken a fork
6494 19 is thinking
6494 180 is eating
6494 167 is eating
6494 176 is eating
6494 193 is eating
6494 186 has taken a fork
6495 185 has taken a fork
6495 174 is eating
6495 181 is eating
6495 173 is eating
6495 175 is eating
6495 170 is eating
6496 43 has taken a fork
6496 191 is eating
6496 3 is eating
6497 172 is eating
6497 178 has taken a fork
6498 39 has taken a fork
6498 42 has taken a fork
6499 22 has taken a fork
6500 27 has taken a fork
6500 200 has taken a fork
6500 190 is eating
6500 6 has taken a fork
6500 197 has taken a fork
6501 52 is thinking
6501 195 has taken a fork
6502 137 is sleeping
6502 49 has taken a fork
6503 40 has taken a fork
6503 5 has taken a fork
6503 182 has taken a fork
6503 2 has taken a fork
6504 183 has taken a fork
6504 138 is sleeping
6505 12 has taken a fork
6506 54 has taken a fork
6506 192 is eating
6506 199 is eating
6506 184 is eating
6506 171 is eating
6506 194 is eating
6506 187 is eating
6506 196 is eating
6506 189 is eating
6507 15 has taken a fork
6507 53 has taken a fork
6509 14 has taken a fork
6510 37 has taken a fork
6511 188 is eating
6511 26 is eating
6511 35 has taken a fork
6511 24 has taken a fork
6511 77 is thinking
6512 130 is sleeping
6512 55 has taken a fork
6512 71 is thinking
6513 68 is thinking
6513 28 has taken a fork
6519 17 has taken a fork
6519 61 is thinking
6520 45 has taken a fork
6520 151 is sleeping
6520 46 has taken a fork
6520 150 is sleeping
6524 25 has taken a fork
6524 154 is sleeping
6524 16 has taken a fork
6524 56 has taken a fork
6524 30 has taken a fork
6525 158 is sleeping
6525 58 has taken a fork
6525 157 is sleeping
6525 65 is thinking
6525 67 is thinking
6525 64 is thinking
6525 44 has taken a fork
6525 36 has taken a fork
6526 34 has taken a fork
6527 41 has taken a fork
6527 32 has taken a fork
6527 7 is eating
6527 198 is eating
6529 78 is thinking
6529 80 is thinking
6529 59 is thinking
6529 8 is eating
6529 62 is thinking
6529 82 is thinking
6530 85 is thinking
6530 81 is thinking
6532 74 is thinking
6532 66 is thinking
6532 72 is thinking
6532 75 is thinking
6532 51 has taken a fork
6533 73 is thinking
6533 69 is thinking
6533 38 has taken a fork
6535 88 is thinking
6535 96 is thinking
6536 98 is thinking
6536 90 is thinking
6537 70 is thinking
6537 33 has taken a fork
6537 89 is thinking
6538 101 is thinking
6539 91 is thinking
6541 94 is thinking
6541 29 is eating
6541 18 is eating
6541 76 is thinking
6541 93 is thinking
6541 10 is eating
6541 160 is sleeping
6541 48 has taken a fork
6541 145 is sleeping
6542 47 has taken a fork
6542 60 has taken a fork
6543 31 has taken a fork
6544 20 has taken a fork
6544 11 has taken a fork
6544 4 is eating
6544 23 is eating
6544 13 is eating
6544 21 is eating
6545 102 is thinking
6547 86 is thinking
6547 159 is sleeping
6547 156 is sleeping
6548 63 has taken a fork
6548 9 is eating
6548 1 is eating
6548 50 has taken a fork
6548 186 is eating
6550 106 is thinking
6550 155 is sleeping
6550 164 is sleeping
6550 57 has taken a fork
6551 19 has taken a fork
6551 185 is eating
6552 84 is thinking
6552 43 has taken a fork
6552 83 is thinking
6553 178 is eating
6553 152 is sleeping
6554 39 has taken a fork
6554 42 has taken a fork
6555 100 is thinking
6555 99 is thinking
6556 107 is thinking
6557 79 is thinking
6557 103 is thinking
6558 113 is thinking
6558 112 is thinking
6558 22 is eating
6559 169 is sleeping
6559 109 is thinking
6560 166 is sleeping
6561 27 has taken a fork
6561 200 is eating
6561 6 is eating
6561 197 is eating
6561 52 has taken a fork
6561 195 is eating
6561 161 is sleeping
6561 149 is sleeping
6563 49 has taken a fork
6563 92 is thinking
6563 95 is thinking
6564 40 has taken a fork
6564 5 is eating
6564 182 is eating
6564 2 is eating
6564 183 is eating
6564 162 is sleeping
6565 146 is sleeping
6565 87 is thinking
6565 12 is eating
6566 54 has taken a fork
6566 168 is sleeping
6566 165 is sleeping
6566 15 is eating
6567 177 is sleeping
6568 53 has taken a fork
6568 108 is thinking
6568 104 is thinking
6568 114 is thinking
6568 115 is thinking
6569 179 is sleeping
6569 167 is sleeping
6569 180 is sleeping
6570 105 is thinking
6570 119 is thinking
6570 176 is sleeping
6571 193 is sleeping
6571 37 is eating
6572 14 is eating
6573 35 is eating
6573 24 is eating
6574 77 has taken a fork
6574 181 is sleeping
6574 173 is sleeping
6575 174 is sleeping
6575 175 is sleeping
6577 55 has taken a fork
6578 71 has taken a fork
6578 170 is sleeping
6579 68 has taken a fork
6580 28 is eating
6580 191 is sleeping
6580 3 is sleeping
6580 172 is sleeping
6580 190 is sleeping
6581 97 is thinking
6583 17 is eating
6584 61 has taken a fork
6584 127 is thinking
6585 45 is eating
6586 46 has taken a fork
6587 123 is thinking
6587 25 is eating
6587 16 has taken a fork
6587 56 has taken a fork
6588 30 is eating
6589 128 is thinking
6589 58 has taken a fork
6591 65 has taken a fork
6591 67 has taken a fork
6592 64 has taken a fork
6592 44 has taken a fork
6593 36 is eating
6594 118 is thinking
6595 34 is eating
6597 41 is eating
6597 32 is eating
6598 78 has taken a fork
6599 80 has taken a fork
6600 59 has taken a fork
6600 62 has taken a fork
6601 82 has taken a fork
6601 85 has taken a fork
6601 81 has taken a fork
6601 199 is sleeping
6601 192 is sleeping
6601 74 has taken a fork
6601 66 has taken a fork
6601 72 has taken a fork
6601 75 has taken a fork
6604 51 is eating
6605 69 has taken a fork
6606 73 has taken a fork
6607 38 is eating
6607 194 is sleeping
6608 196 is sleeping
6608 184 is sleeping
6608 171 is sleeping
6608 187 is sleeping
6608 88 has taken a fork
6608 96 has taken a fork
6609 189 is sleeping
6611 98 has taken a fork
6612 90 has taken a fork
6613 70 has taken a fork
6613 33 is eating
6615 89 has taken a fork
6616 101 has taken a fork
6617 91 has taken a fork
6618 188 is sleeping
6619 94 has taken a fork
6619 26 is sleeping
6620 76 has taken a fork
6620 48 has taken a fork
6620 122 is thinking
6621 93 has taken a fork
6622 47 is eating
6622 60 has taken a fork
6623 110 is thinking
6625 31 is eating
6627 20 is eating
6628 111 is thinking
6628 11 is eating
6628 124 is thinking
6628 120 is thinking
6629 134 is thinking
6629 133 is thinking
6629 116 is thinking
6629 102 has taken a fork
6630 121 is thinking
6631 86 has taken a fork
6631 117 is thinking
6631 63 has taken a fork
6631 50 has taken a fork
6632 129 is thinking
6634 153 is thinking
6635 57 has taken a fork
6635 19 has taken a fork
6635 7 is sleeping
6635 198 is sleeping
6635 131 is thinking
6636 139 is thinking
6636 140 is thinking
6638 148 is thinking
6639 143 is thinking
6642 125 is thinking
6644 141 is thinking
6647 132 is thinking
6647 84 has taken a fork
6648 43 is eating
6649 106 has taken a fork
6649 8 is sleeping
6649 126 is thinking
6650 142 is thinking
6650 147 is thinking
6651 83 has taken a fork
6651 39 is eating
6651 42 is eating
6651 135 is thinking
6651 29 is sleeping
6652 100 has taken a fork
6653 18 is sleeping
6653 10 is sleeping
6653 99 has taken a fork
6653 136 is thinking
6653 107 has taken a fork
6654 27 is eating
6654 52 has taken a fork
6654 13 is sleeping
6654 23 is sleeping
6654 4 is sleeping
6654 21 is sleeping
6654 113 has taken a fork
6654 144 is thinking
6654 163 is thinking
6654 112 has taken a fork
6655 103 has taken a fork
6655 49 is eating
6655 79 has taken a fork
6655 9 is sleeping
6655 109 has taken a fork
6656 40 is eating
6656 1 is sleeping
6656 92 has taken a fork
6656 186 is sleeping
6656 95 has taken a fork
6656 185 is sleeping
6656 54 is eating
6656 87 has taken a fork
6657 53 is eating
6657 178 is sleeping
6657 108 has taken a fork
6657 22 is sleeping
6657 104 has taken a fork
6657 197 is sleeping
6657 6 is sleeping
6657 195 is sleeping
6657 200 is sleeping
6657 114 has taken a fork
6657 115 has taken a fork
6658 119 has taken a fork
6658 105 has taken a fork
6660 77 has taken a fork
6660 2 is sleeping
6660 182 is sleeping
6660 183 is sleeping
6660 5 is sleeping
6661 12 is sleeping
6661 55 is eating
6661 71 has taken a fork
6661 68 has taken a fork
6661 97 has taken a fork
6662 15 is sleeping
6662 61 has taken a fork
6662 127 has taken a fork
6662 46 is eating
6662 123 has taken a fork
6662 16 is eating
6662 56 is eating
6663 14 is sleeping
6664 37 is sleeping
6664 128 has taken a fork
6664 58 is eating
6664 65 has taken a fork
6666 67 has taken a fork
6666 64 has taken a fork
6666 44 is eating
6666 24 is sleeping
6666 35 is sleeping
6666 118 has taken a fork
6667 28 is sleeping
6667 17 is sleeping
6667 78 has taken a fork
6668 45 is sleeping
6670 80 has taken a fork
6670 59 has taken a fork
6670 62 has taken a fork
6670 82 has taken a fork
6671 85 has taken a fork
6671 81 has taken a fork
6671 74 has taken a fork
6672 66 has taken a fork
6672 72 has taken a fork
6672 75 has taken a fork
6672 137 is thinking
6672 30 is sleeping
6672 25 is sleeping
6672 138 is thinking
6672 69 has taken a fork
6672 36 is sleeping
6672 73 has taken a fork
6672 34 is sleeping
6672 32 is sleeping
6672 41 is sleeping
6672 88 has taken a fork
6672 96 has taken a fork
6672 98 has taken a fork
6672 130 is thinking
6672 51 is sleeping
6672 90 has taken a fork
6672 70 has taken a fork
6672 38 is sleeping
6672 89 has taken a fork
6672 101 has taken a fork
6672 33 is sleeping
6672 91 has taken a fork
6673 94 has taken a fork
6674 150 is thinking
6675 151 is thinking
6675 76 has taken a fork
6675 48 is eating
6675 122 has taken a fork
6675 93 has taken a fork
6676 47 is sleeping
6676 60 is eating
6676 110 has taken a fork
6677 154 is thinking
6678 157 is thinking
6678 158 is thinking
6678 31 is sleeping
6678 20 is sleeping
6678 111 has taken a fork
6678 11 is sleeping
6678 124 has taken a fork
6678 120 has taken a fork
6679 116 has taken a fork
6680 102 has taken a fork
6680 133 has taken a fork
6680 134 has taken a fork
6680 121 has taken a fork
6680 86 has taken a fork
6680 117 has taken a fork
6680 63 is eating
6680 50 is eating
6680 129 has taken a fork
6680 153 has taken a fork
6680 57 is eating
6680 19 is eating
6681 131 has taken a fork
6682 139 has taken a fork
6682 140 has taken a fork
6682 148 has taken a fork
6683 143 has taken a fork
6684 145 is thinking
6685 160 is thinking
6686 125 has taken a fork
6686 141 has taken a fork
6686 132 has taken a fork
6687 156 is thinking
6687 84 has taken a fork
6688 159 is thinking
6688 43 is sleeping
6688 106 has taken a fork
6689 126 has taken a fork
6689 164 is thinking
6689 142 has taken a fork
6689 155 is thinking
6689 83 has taken a fork
6690 39 is sleeping
6690 147 has taken a fork
6690 42 is sleeping
6691 135 has taken a fork
6692 100 has taken a fork
6693 99 has taken a fork
6694 107 has taken a fork
6694 152 is thinking
6695 27 is sleeping
6695 52 is eating
6695 136 has taken a fork
6695 113 has taken a fork
6695 112 has taken a fork
6695 103 has taken a fork
6695 49 is sleeping
6695 144 has taken a fork
6695 79 has taken a fork
6695 109 has taken a fork
6695 40 is sleeping
6695 92 has taken a fork
6695 95 has taken a fork
6695 54 is sleeping
6695 87 has taken a fork
6695 163 has taken a fork
6695 53 is sleeping
6695 108 has taken a fork
6695 104 has taken a fork
6696 114 has taken a fork
6696 115 has taken a fork
6697 119 has taken a fork
6697 105 has taken a fork
6698 169 is thinking
6698 166 is thinking
6699 77 is eating
6700 161 is thinking
6700 55 is sleeping
6700 71 is eating
6700 68 is eating
6700 97 has taken a fork
6700 61 is eating
6700 127 has taken a fork
6703 149 is thinking
6703 123 has taken a fork
6703 46 is sleeping
6703 128 has taken a fork
6703 162 is thinking
6703 65 is eating
6703 16 is sleeping
6703 56 is sleeping
6703 146 is thinking
6703 165 is thinking
6703 168 is thinking
6703 67 is eating
6703 64 is eating
6704 118 has taken a fork
6704 58 is sleeping
6704 177 is thinking
6705 78 is eating
6705 179 is thinking
6705 44 is sleeping
6705 167 is thinking
6706 180 is thinking
6706 80 is eating
6707 176 is thinking
6708 59 is eating
6708 62 is eating
6708 82 is eating
6709 193 is thinking
6709 85 is eating
6709 81 is eating
6709 74 is eating
6710 66 is eating
6710 72 is eating
6710 75 is eating
6711 137 has taken a fork
6712 138 has taken a fork
6712 69 is eating
6712 73 is eating
6715 88 is eating
6715 96 is eating
6716 98 is eating
6717 130 has taken a fork
6717 90 is eating
6717 70 is eating
6717 89 is eating
6717 101 is eating
6717 91 is eating
6717 94 is eating
6720 173 is thinking
6720 150 has taken a fork
6720 181 is thinking
6720 174 is thinking
6720 151 has taken a fork
6720 76 is eating
6720 175 is thinking
6720 122 has taken a fork
6720 93 is eating
6720 110 has taken a fork
6720 154 has taken a fork
6720 170 is thinking
6721 157 has taken a fork
6722 158 has taken a fork
6722 111 has taken a fork
6722 124 has taken a fork
6723 120 has taken a fork
6723 116 has taken a fork
6724 3 is thinking
6724 102 is eating
6726 133 has taken a fork
6726 134 has taken a fork
6726 121 has taken a fork
6726 191 is thinking
6726 172 is thinking
6726 190 is thinking
6727 86 is eating
6728 117 has taken a fork
6728 129 has taken a fork
6728 153 has taken a fork
6728 131 has taken a fork
6728 139 has taken a fork
6728 140 has taken a fork
6728 148 has taken a fork
6728 48 is sleeping
6728 143 has taken a fork
6728 60 is sleeping
6729 145 has taken a fork
6729 160 has taken a fork
6730 125 has taken a fork
6731 141 has taken a fork
6731 132 has taken a fork
6731 63 is sleeping
6731 50 is sleeping
6731 156 has taken a fork
6732 84 is eating
6732 57 is sleeping
6732 19 is sleeping
6732 159 has taken a fork
6733 106 is eating
6733 126 has taken a fork
6733 164 has taken a fork
6734 142 has taken a fork
6734 155 has taken a fork
6735 83 is eating
6736 147 has taken a fork
6736 135 has taken a fork
6738 100 is eating
6738 99 is eating
6739 107 is eating
6739 136 has taken a fork
6741 113 is eating
6741 112 is eating
6742 103 is eating
6743 144 has taken a fork
6743 79 is eating
6743 109 is eating
6743 92 is eating
6743 95 is eating
6743 87 is eating
6744 163 has taken a fork
6744 108 is eating
6744 104 is eating
6744 114 is eating
6744 115 is eating
6745 119 is eating
6745 105 is eating
6745 52 is sleeping
6746 152 has taken a fork
6746 97 is eating
6746 127 is eating
6746 199 is thinking
6747 192 is thinking
6747 123 is eating
6747 128 is eating
6747 118 is eating
6748 77 is sleeping
6749 169 has taken a fork
6749 71 is sleeping
6749 166 has taken a fork
6749 194 is thinking
6749 68 is sleeping
6750 187 is thinking
6758 161 has taken a fork
6758 184 is thinking
6758 196 is thinking
6758 171 is thinking
6758 189 is thinking
6758 61 is sleeping
6759 149 has taken a fork
6760 137 has taken a fork
6761 138 has taken a fork
6761 64 is sleeping
6761 65 is sleeping
6763 67 is sleeping
6763 162 has taken a fork
6763 146 has taken a fork
6763 165 has taken a fork
6764 130 has taken a fork
6764 188 is thinking
6764 62 is sleeping
6764 82 is sleeping
6764 177 has taken a fork
6765 81 is sleeping
6766 78 is sleeping
6768 59 is sleeping
6768 26 is thinking
6768 80 is sleeping
6769 85 is sleeping
6769 168 has taken a fork
6769 150 has taken a fork
6770 151 has taken a fork
6770 122 is eating
6770 179 has taken a fork
6770 110 is eating
6770 167 has taken a fork
6770 176 has taken a fork
6770 154 has taken a fork
6770 66 is sleeping
6770 193 has taken a fork
6770 180 has taken a fork
6770 75 is sleeping
6770 72 is sleeping
6771 174 has taken a fork
6771 74 is sleeping
6771 173 has taken a fork
6772 181 has taken a fork
6772 157 has taken a fork
6772 158 has taken a fork
6772 111 is eating
6772 175 has taken a fork
6772 124 is eating
6773 73 is sleeping
6773 170 has taken a fork
6773 69 is sleeping
6773 120 is eating
6773 116 is eating
6773 3 has taken a fork
6773 96 is sleeping
6773 133 is eating
6773 88 is sleeping
6773 134 is eating
6773 121 is eating
6773 191 has taken a fork
6774 172 has taken a fork
6774 98 is sleeping
6774 190 has taken a fork
6774 90 is sleeping
6774 70 is sleeping
6774 89 is sleeping
6774 117 is eating
6775 129 is eating
6775 153 is eating
6775 131 is eating
6775 139 is eating
6776 140 is eating
6776 148 is eating
6776 143 is eating
6777 91 is sleeping
6777 94 is sleeping
6777 101 is sleeping
6777 145 has taken a fork
6777 160 has taken a fork
6777 125 is eating
6777 141 is eating
6777 132 is eating
6777 93 is sleeping
6777 76 is sleeping
6777 156 has taken a fork
6778 159 has taken a fork
6778 126 is eating
6778 164 has taken a fork
6778 142 is eating
6778 155 has taken a fork
6778 7 is thinking
6778 198 is thinking
6778 102 is sleeping
6779 147 is eating
6779 135 is eating
6780 86 is sleeping
6780 136 is eating
6780 84 is sleeping
6781 144 is eating
6781 106 is sleeping
6781 83 is sleeping
6781 163 is eating
6781 152 has taken a fork
6782 199 has taken a fork
6782 192 has taken a fork
6783 8 is thinking
6784 169 has taken a fork
6784 166 has taken a fork
6785 194 has taken a fork
6785 99 is sleeping
6785 107 is sleeping
6785 100 is sleeping
6785 187 has taken a fork
6786 29 is thinking
6786 112 is sleeping
6787 113 is sleeping
6787 10 is thinking
6788 18 is thinking
6788 23 is thinking
6788 92 is sleeping
6788 109 is sleeping
6788 95 is sleeping
6788 13 is thinking
6788 4 is thinking
6788 21 is thinking
6788 9 is thinking
6788 87 is sleeping
6788 185 is thinking
6788 186 is thinking
6789 1 is thinking
6789 197 is thinking
6789 200 is thinking
6789 6 is thinking
6790 108 is sleeping
6790 178 is thinking
6790 195 is thinking
6790 22 is thinking
6790 104 is sleeping
6790 79 is sleeping
6790 103 is sleeping
6790 184 has taken a fork
6790 196 has taken a fork
6790 171 has taken a fork
6791 189 has taken a fork
6791 114 is sleeping
6792 115 is sleeping
6792 105 is sleeping
6793 161 has taken a fork
6793 119 is sleeping
6794 149 has taken a fork
6794 5 is thinking
6794 2 is thinking
6794 183 is thinking
6794 182 is thinking
6794 137 is eating
6795 138 is eating
6795 12 is thinking
6795 15 is thinking
6796 14 is thinking
6796 162 has taken a fork
6796 146 has taken a fork
6796 165 has taken a fork
6797 97 is sleeping
6797 37 is thinking
6797 130 is eating
6797 188 has taken a fork
6798 127 is sleeping
6798 177 has taken a fork
6798 123 is sleeping
6798 28 is thinking
6798 35 is thinking
6799 24 is thinking
6799 17 is thinking
6800 128 is sleeping
6800 45 is thinking
6801 26 has taken a fork
6801 168 has taken a fork
6801 150 is eating
6801 151 is eating
6801 179 has taken a fork
6802 176 has taken a fork
6802 154 is eating
6802 167 has taken a fork
6802 193 has taken a fork
6803 180 has taken a fork
6803 174 has taken a fork
6803 118 is sleeping
6803 173 has taken a fork
6803 25 is thinking
6803 33 is thinking
6804 34 is thinking
6804 41 is thinking
6804 38 is thinking
6804 32 is thinking
6804 181 has taken a fork
6805 157 is eating
6805 51 is thinking
6805 36 is thinking
6806 30 is thinking
6806 158 is eating
6806 175 has taken a fork
6806 170 has taken a fork
6806 3 has taken a fork
6806 191 has taken a fork
6806 172 has taken a fork
6807 190 has taken a fork
6807 47 is thinking
6807 145 is eating
6807 160 is eating
6808 156 is eating
6809 20 is thinking
6809 159 is eating
6811 164 is eating
6811 31 is thinking
6811 11 is thinking
6812 155 is eating
6812 7 has taken a fork
6812 198 has taken a fork
6812 152 is eating
6812 199 has taken a fork
6812 192 has taken a fork
6813 8 has taken a fork
6813 169 is eating
6814 166 is eating
6814 194 has taken a fork
6815 187 has taken a fork
6815 29 has taken a fork
6815 10 has taken a fork
6815 18 has taken a fork
6815 23 has taken a fork
6816 13 has taken a fork
6816 4 has taken a fork
6816 21 has taken a fork
6817 9 has taken a fork
6817 43 is thinking
6817 185 has taken a fork
6817 186 has taken a fork
6817 1 has taken a fork
6817 197 has taken a fork
6817 200 has taken a fork
6818 6 has taken a fork
6818 39 is thinking
6819 178 has taken a fork
6819 195 has taken a fork
6819 22 has taken a fork
6819 184 has taken a fork
6819 196 has taken a fork
6820 171 has taken a fork
6820 42 is thinking
6820 189 has taken a fork
6821 161 is eating
6821 149 is eating
6822 5 has taken a fork
6822 2 has taken a fork
6823 183 has taken a fork
6823 182 has taken a fork
6824 27 is thinking
6824 53 is thinking
6825 49 is thinking
6825 12 has taken a fork
6825 54 is thinking
6825 122 is sleeping
6825 40 is thinking
6826 15 has taken a fork
6826 162 is eating
6826 146 is eating
6827 165 is eating
6827 110 is sleeping
6827 14 has taken a fork
6828 188 has taken a fork
6828 177 is eating
6829 111 is sleeping
6829 124 is sleeping
6829 55 is thinking
6829 37 has taken a fork
6829 28 has taken a fork
6829 120 is sleeping
6830 35 has taken a fork
6830 26 has taken a fork
6831 168 is eating
6831 116 is sleeping
6831 24 has taken a fork
6831 179 is eating
6832 134 is sleeping
6832 17 has taken a fork
6832 176 is eating
6832 133 is sleeping
6832 45 has taken a fork
6832 167 is eating
6832 121 is sleeping
6832 193 is eating
6832 180 is eating
6833 174 is eating
6833 46 is thinking
6834 16 is thinking
6834 117 is sleeping
6834 56 is thinking
6834 173 is eating
6834 25 has taken a fork
6835 33 has taken a fork
6835 58 is thinking
6835 129 is sleeping
6835 34 has taken a fork
6835 181 is eating
6835 153 is sleeping
6836 41 has taken a fork
6836 44 is thinking
6837 140 is sleeping
6837 139 is sleeping
6838 131 is sleeping
6838 38 has taken a fork
6839 175 is eating
6839 32 has taken a fork
6840 170 is eating
6840 51 has taken a fork
6841 3 is eating
6841 191 is eating
6841 172 is eating
6842 190 is eating
6842 148 is sleeping
6842 36 has taken a fork
6843 143 is sleeping
6843 30 has taken a fork
6843 125 is sleeping
6844 141 is sleeping
6845 47 has taken a fork
6846 20 has taken a fork
6846 7 has taken a fork
6846 198 has taken a fork
6846 132 is sleeping
6847 199 is eating
6847 192 is eating
6847 31 has taken a fork
6848 8 has taken a fork
6849 126 is sleeping
6849 142 is sleeping
6850 11 has taken a fork
6850 194 is eating
6851 147 is sleeping
6851 187 is eating
6852 29 has taken a fork
6852 10 has taken a fork
6852 135 is sleeping
6852 18 has taken a fork
6852 23 has taken a fork
6852 13 has taken a fork
6852 4 has taken a fork
6853 21 has taken a fork
6853 136 is sleeping
6854 9 has taken a fork
6854 43 has taken a fork
6854 185 has taken a fork
6855 186 has taken a fork
6855 1 has taken a fork
6856 197 has taken a fork
6856 200 has taken a fork
6856 6 has taken a fork
6856 144 is sleeping
6856 39 has taken a fork
6856 178 has taken a fork
6856 195 has taken a fork
6856 22 has taken a fork
6856 163 is sleeping
6857 184 is eating
6857 196 is eating
6857 171 is eating
6858 42 has taken a fork
6858 189 is eating
6859 5 has taken a fork
6860 2 has taken a fork
6860 183 has taken a fork
6860 182 has taken a fork
6860 27 has taken a fork
6861 53 has taken a fork
6861 49 has taken a fork
6861 12 has taken a fork
6862 15 has taken a fork
6862 14 has taken a fork
6862 60 is thinking
6862 188 is eating
6862 48 is thinking
6863 37 has taken a fork
6864 28 has taken a fork
6864 35 has taken a fork
6864 26 is eating
6864 50 is thinking
6865 63 is thinking
6866 24 has taken a fork
6866 17 has taken a fork
6866 45 has taken a fork
6866 57 is thinking
6866 19 is thinking
6867 137 is sleeping
6867 54 has taken a fork
6867 138 is sleeping
6868 40 has taken a fork
6868 25 has taken a fork
6868 33 has taken a fork
6868 130 is sleeping
6868 34 has taken a fork
6868 55 has taken a fork
6869 41 has taken a fork
6869 151 is sleeping
6870 46 has taken a fork
6871 150 is sleeping
6871 16 has taken a fork
6871 38 has taken a fork
6871 32 has taken a fork
6872 154 is sleeping
6872 56 has taken a fork
6872 51 has taken a fork
6872 157 is sleeping
6873 158 is sleeping
6873 58 has taken a fork
6873 44 has taken a fork
6873 36 has taken a fork
6874 30 has taken a fork
6874 47 has taken a fork
6876 52 is thinking
6876 20 has taken a fork
6877 7 is eating
6877 198 is eating
6877 160 is sleeping
6877 145 is sleeping
6877 77 is thinking
6878 31 has taken a fork
6878 156 is sleeping
6879 8 is eating
6879 71 is thinking
6880 68 is thinking
6880 159 is sleeping
6881 11 has taken a fork
6881 164 is sleeping
6882 155 is sleeping
6882 29 is eating
6882 10 is eating
6882 18 is eating
6883 23 is eating
6883 13 is eating
6883 4 is eating
6884 21 is eating
6884 9 is eating
6884 43 has taken a fork
6884 185 is eating
6884 186 is eating
6884 152 is sleeping
6884 1 is eating
6885 197 is eating
6885 200 is eating
6886 6 is eating
6886 39 has taken a fork
6886 178 is eating
6887 195 is eating
6888 22 is eating
6888 61 is thinking
6888 42 has taken a fork
6888 5 is eating
6889 169 is sleeping
6890 2 is eating
6890 166 is sleeping
6891 183 is eating
6891 182 is eating
6892 27 has taken a fork
6892 64 is thinking
6892 65 is thinking
6892 53 has taken a fork
6892 49 has taken a fork
6892 12 is eating
6893 15 is eating
6893 14 is eating
6894 60 has taken a fork
6894 48 has taken a fork
6894 67 is thinking
6894 37 is eating
6894 62 is thinking
6894 28 is eating
6895 82 is thinking
6895 35 is eating
6895 50 has taken a fork
6895 161 is sleeping
6895 63 has taken a fork
6895 24 is eating
6896 81 is thinking
6896 149 is sleeping
6897 17 is eating
6897 45 is eating
6897 57 has taken a fork
6897 19 has taken a fork
6897 78 is thinking
6897 54 has taken a fork
6897 40 has taken a fork
6897 25 is eating
6898 59 is thinking
6899 80 is thinking
6899 33 is eating
6899 34 is eating
6899 55 has taken a fork
6899 41 is eating
6899 85 is thinking
6899 66 is thinking
6900 72 is thinking
6901 46 has taken a fork
6901 162 is sleeping
6901 74 is thinking
6901 146 is sleeping
6902 16 has taken a fork
6903 38 is eating
6903 75 is thinking
6903 32 is eating
6903 165 is sleeping
6904 56 has taken a fork
6905 51 is eating
6906 58 has taken a fork
6911 88 is thinking
6911 69 is thinking
6912 73 is thinking
6912 96 is thinking
6914 44 has taken a fork
6914 36 is eating
6915 70 is thinking
6915 30 is eating
6915 47 is eating
6916 98 is thinking
6917 90 is thinking
6918 177 is sleeping
6918 89 is thinking
6919 167 is sleeping
6919 179 is sleeping
6919 52 has taken a fork
6919 176 is sleeping
6920 168 is sleeping
6921 20 is eating
6922 94 is thinking
6922 193 is sleeping
6923 93 is thinking
6925 101 is thinking
6925 174 is sleeping
6927 76 is thinking
6928 91 is thinking
6929 180 is sleeping
6929 77 has taken a fork
6932 173 is sleeping
6933 181 is sleeping
6934 102 is thinking
6935 31 is eating
6936 71 has taken a fork
6936 84 is thinking
6940 86 is thinking
6941 68 has taken a fork
6941 83 is thinking
6942 106 is thinking
6943 175 is sleeping
6943 11 is eating
6943 170 is sleeping
6943 3 is sleeping
6945 43 is eating
6945 191 is sleeping
6945 190 is sleeping
6945 172 is sleeping
6946 99 is thinking
6947 100 is thinking
6947 107 is thinking
6949 112 is thinking
6949 39 is eating
6949 113 is thinking
6950 92 is thinking
6950 109 is thinking
6950 95 is thinking
6951 87 is thinking
6951 61 has taken a fork
6951 42 is eating
6952 104 is thinking
6952 103 is thinking
6952 79 is thinking
6952 108 is thinking
6952 114 is thinking
6952 27 is eating
6953 115 is thinking
6953 64 has taken a fork
6953 105 is thinking
6954 65 has taken a fork
6954 53 is eating
6954 49 is eating
6954 119 is thinking
6955 60 has taken a fork
6955 48 has taken a fork
6956 67 has taken a fork
6956 62 has taken a fork
6956 82 has taken a fork
6957 50 has taken a fork
6958 63 has taken a fork
6958 81 has taken a fork
6958 57 has taken a fork
6958 19 has taken a fork
6960 78 has taken a fork
6960 54 is eating
6960 40 is eating
6961 199 is sleeping
6961 192 is sleeping
6961 97 is thinking
6961 123 is thinking
6961 59 has taken a fork
6961 127 is thinking
6961 80 has taken a fork
6961 55 is eating
6962 66 has taken a fork
6962 85 has taken a fork
6962 194 is sleeping
6962 128 is thinking
6962 72 has taken a fork
6962 187 is sleeping
6962 46 is eating
6963 74 has taken a fork
6964 16 is eating
6964 75 has taken a fork
6965 118 is thinking
6965 56 is eating
6968 58 is eating
6968 171 is sleeping
6968 196 is sleeping
6968 184 is sleeping
6968 189 is sleeping
6970 88 has taken a fork
6971 69 has taken a fork
6971 73 has taken a fork
6971 96 has taken a fork
6971 188 is sleeping
6971 44 is eating
6971 70 has taken a fork
6971 98 has taken a fork
6972 90 has taken a fork
6973 26 is sleeping
6974 89 has taken a fork
6974 52 has taken a fork
6974 94 has taken a fork
6974 93 has taken a fork
6974 122 is thinking
6974 101 has taken a fork
6974 110 is thinking
6975 76 has taken a fork
6975 198 is sleeping
6975 7 is sleeping
6975 91 has taken a fork
6975 111 is thinking
6975 120 is thinking
6975 124 is thinking
6975 77 has taken a fork
6975 116 is thinking
6976 121 is thinking
6976 8 is sleeping
6976 133 is thinking
6976 134 is thinking
6976 117 is thinking
6976 29 is sleeping
6977 102 has taken a fork
6977 10 is sleeping
6978 153 is thinking
6978 129 is thinking
6978 18 is sleeping
6978 185 is sleeping
6978 21 is sleeping
6978 23 is sleeping
6978 9 is sleeping
6978 71 has taken a fork
6979 4 is sleeping
6979 186 is sleeping
6980 13 is sleeping
6980 84 has taken a fork
6980 1 is sleeping
6981 139 is thinking
6981 140 is thinking
6981 178 is sleeping
6981 131 is thinking
6981 22 is sleeping
6981 195 is sleeping
6983 86 has taken a fork
6983 200 is sleeping
6984 197 is sleeping
6984 68 has taken a fork
6984 83 has taken a fork
6984 148 is thinking
6984 106 has taken a fork
6984 2 is sleeping
6985 5 is sleeping
6986 6 is sleeping
6986 125 is thinking
6986 143 is thinking
6988 182 is sleeping
6988 183 is sleeping
6988 15 is sleeping
6988 12 is sleeping
6988 141 is thinking
6988 14 is sleeping
6989 132 is thinking
6990 99 has taken a fork
6990 28 is sleeping
6990 37 is sleeping
6990 100 has taken a fork
6991 24 is sleeping
6991 35 is sleeping
6991 107 has taken a fork
6992 112 has taken a fork
6992 126 is thinking
6993 142 is thinking
6993 113 has taken a fork
6994 17 is sleeping
6994 25 is sleeping
6994 45 is sleeping
6994 92 has taken a fork
6994 109 has taken a fork
6994 147 is thinking
6994 33 is sleeping
6994 95 has taken a fork
6994 87 has taken a fork
6995 61 has taken a fork
6995 34 is sleeping
6995 41 is sleeping
6996 135 is thinking
6996 104 has taken a fork
6997 103 has taken a fork
6997 79 has taken a fork
6999 108 has taken a fork
7000 114 has taken a fork
7000 136 is thinking
7000 115 has taken a fork
7000 64 has taken a fork
7000 105 has taken a fork
7001 65 has taken a fork
7002 119 has taken a fork
7003 38 is sleeping
7003 32 is sleeping
7004 60 is eating
7004 48 is eating
7004 51 is sleeping
7004 67 has taken a fork
7004 144 is thinking
7005 163 is thinking
7006 62 has taken a fork
7006 82 has taken a fork
7006 50 is eating
7007 63 is eating
7008 81 has taken a fork
7009 57 is eating
7011 19 is eating
7013 78 has taken a fork
7013 36 is sleeping
7014 97 has taken a fork
7014 123 has taken a fork
7016 59 has taken a fork
7016 80 has taken a fork
7018 127 has taken a fork
7020 66 has taken a fork
7020 30 is sleeping
7020 85 has taken a fork
7020 128 has taken a fork
7020 72 has taken a fork
7020 47 is sleeping
7020 74 has taken a fork
7020 75 has taken a fork
7021 118 has taken a fork
7021 137 is thinking
7022 138 is thinking
7022 130 is thinking
7022 20 is sleeping
7024 151 is thinking
7024 88 has taken a fork
7024 69 has taken a fork
7024 73 has taken a fork
7024 96 has taken a fork
7024 70 has taken a fork
7025 150 is thinking
7025 98 has taken a fork
7026 154 is thinking
7026 90 has taken a fork
7027 157 is thinking
7027 158 is thinking
7028 31 is sleeping
7028 89 has taken a fork
7028 52 is eating
7028 94 has taken a fork
7028 93 has taken a fork
7028 122 has taken a fork
7028 101 has taken a fork
7028 110 has taken a fork
7028 91 has taken a fork
7028 111 has taken a fork
7028 120 has taken a fork
7028 124 has taken a fork
7028 77 is eating
7028 116 has taken a fork
7028 121 has taken a fork
7028 133 has taken a fork
7028 134 has taken a fork
7028 117 has taken a fork
7029 145 is thinking
7029 76 has taken a fork
7029 160 is thinking
7030 102 has taken a fork
7030 156 is thinking
7030 153 has taken a fork
7031 129 has taken a fork
7031 71 is eating
7031 11 is sleeping
7031 159 is thinking
7031 84 has taken a fork
7032 164 is thinking
7032 139 has taken a fork
7032 140 has taken a fork
7032 131 has taken a fork
7033 155 is thinking
7033 86 has taken a fork
7033 43 is sleeping
7033 39 is sleeping
7033 152 is thinking
7034 68 is eating
7034 83 has taken a fork
7034 148 has taken a fork
7034 106 has taken a fork
7035 42 is sleeping
7035 125 has taken a fork
7035 143 has taken a fork
7035 27 is sleeping
7035 141 has taken a fork
7035 53 is sleeping
7035 132 has taken a fork
7035 169 is thinking
7035 99 has taken a fork
7035 49 is sleeping
7035 166 is thinking
7035 100 has taken a fork
7036 107 has taken a fork
7036 112 has taken a fork
7036 126 has taken a fork
7036 142 has taken a fork
7036 113 has taken a fork
7036 92 has taken a fork
7036 109 has taken a fork
7037 147 has taken a fork
7037 95 has taken a fork
7037 87 has taken a fork
7037 61 is eating
7038 161 is thinking
7038 135 has taken a fork
7038 104 has taken a fork
7038 149 is thinking
7038 40 is sleeping
7038 103 has taken a fork
7038 54 is sleeping
7039 79 has taken a fork
7039 55 is sleeping
7039 108 has taken a fork
7039 114 has taken a fork
7039 46 is sleeping
7039 136 has taken a fork
7039 115 has taken a fork
7039 64 is eating
7039 105 has taken a fork
7039 16 is sleeping
7040 162 is thinking
7040 65 is eating
7040 146 is thinking
7040 119 has taken a fork
7042 165 is thinking
7042 56 is sleeping
7043 67 is eating
7043 144 has taken a fork
7043 58 is sleeping
7043 163 has taken a fork
7043 62 is eating
7043 82 is eating
7043 81 is eating
7044 44 is sleeping
7044 97 has taken a fork
7044 78 is eating
7044 123 has taken a fork
7044 59 is eating
7044 80 is eating
7045 177 is thinking
7045 127 has taken a fork
7045 179 is thinking
7046 176 is thinking
7047 167 is thinking
7048 66 is eating
7048 85 is eating
7048 128 has taken a fork
7048 72 is eating
7048 74 is eating
7048 75 is eating
7048 168 is thinking
7048 118 has taken a fork
7049 137 has taken a fork
7049 138 has taken a fork
7049 193 is thinking
7049 130 has taken a fork
7050 151 has taken a fork
7051 88 is eating
7051 69 is eating
7051 73 is eating
7051 96 is eating
7051 70 is eating
7052 150 has taken a fork
7054 174 is thinking
7054 98 is eating
7056 154 has taken a fork
7057 90 is eating
7057 157 has taken a fork
7058 158 has taken a fork
7058 89 is eating
7058 94 is eating
7059 93 is eating
7059 122 has taken a fork
7059 101 is eating
7059 110 has taken a fork
7059 91 is eating
7059 111 has taken a fork
7059 120 has taken a fork
7059 124 has taken a fork
7059 116 has taken a fork
7059 121 has taken a fork
7059 133 has taken a fork
7060 134 has taken a fork
7060 117 has taken a fork
7061 180 is thinking
7061 76 is eating
7061 102 is eating
7061 153 has taken a fork
7061 129 has taken a fork
7062 84 is eating
7062 173 is thinking
7062 139 has taken a fork
7062 140 has taken a fork
7062 131 has taken a fork
7062 181 is thinking
7062 60 is sleeping
7062 86 is eating
7062 145 has taken a fork
7062 48 is sleeping
7062 160 has taken a fork
7062 83 is eating
7062 148 has taken a fork
7062 106 is eating
7062 50 is sleeping
7064 156 has taken a fork
7065 125 has taken a fork
7065 143 has taken a fork
7065 141 has taken a fork
7065 132 has taken a fork
7066 99 is eating
7066 100 is eating
7066 63 is sleeping
7066 107 is eating
7067 159 has taken a fork
7068 112 is eating
7068 126 has taken a fork
7068 142 has taken a fork
7068 113 is eating
7068 92 is eating
7068 109 is eating
7068 147 has taken a fork
7068 95 is eating
7068 87 is eating
7068 57 is sleeping
7068 135 has taken a fork
7068 104 is eating
7068 103 is eating
7069 164 has taken a fork
7070 79 is eating
7070 19 is sleeping
7070 155 has taken a fork
7070 108 is eating
7070 114 is eating
7070 136 has taken a fork
7070 115 is eating
7070 105 is eating
7071 119 is eating
7071 175 is thinking
7071 144 has taken a fork
7071 163 has taken a fork
7072 170 is thinking
7073 3 is thinking
7074 97 is eating
7074 123 is eating
7074 190 is thinking
7075 172 is thinking
7075 191 is thinking
7075 127 is eating
7076 128 is eating
7076 118 is eating
7078 137 has taken a fork
7079 138 has taken a fork
7079 130 has taken a fork
7081 151 has taken a fork
7081 52 is sleeping
7081 150 has taken a fork
7082 77 is sleeping
7083 152 has taken a fork
7083 169 has taken a fork
7083 71 is sleeping
7085 166 has taken a fork
7086 154 has taken a fork
7086 68 is sleeping
7086 157 has taken a fork
7087 161 has taken a fork
7088 158 has taken a fork
7088 122 is eating
7088 110 is eating
7088 111 is eating
7088 120 is eating
7088 124 is eating
7089 116 is eating
7089 121 is eating
7089 133 is eating
7089 134 is eating
7089 117 is eating
7089 192 is thinking
7090 199 is thinking
7090 153 is eating
7090 129 is eating
7091 187 is thinking
7094 194 is thinking
7094 139 is eating
7094 140 is eating
7094 131 is eating
7096 145 has taken a fork
7096 160 has taken a fork
7096 148 is eating
7097 61 is sleeping
7097 149 has taken a fork
7097 156 has taken a fork
7097 125 is eating
7097 143 is eating
7097 141 is eating
7097 132 is eating
7097 65 is sleeping
7097 64 is sleeping
7098 162 has taken a fork
7099 159 has taken a fork
7103 146 has taken a fork
7104 126 is eating
7104 142 is eating
7106 147 is eating
7106 135 is eating
7106 67 is sleeping
7106 171 is thinking
7107 62 is sleeping
7107 184 is thinking
7107 196 is thinking
7107 82 is sleeping
7107 164 has taken a fork
7107 177 has taken a fork
7107 165 has taken a fork
7107 81 is sleeping
7107 176 has taken a fork
7107 155 has taken a fork
7107 136 is eating
7107 59 is sleeping
7108 167 has taken a fork
7109 78 is sleeping
7109 168 has taken a fork
7109 144 is eating
7109 163 is eating
7109 189 is thinking
7110 188 is thinking
7111 179 has taken a fork
7111 80 is sleeping
7112 193 has taken a fork
7112 26 is thinking
7112 66 is sleeping
7112 72 is sleeping
7112 85 is sleeping
7115 173 has taken a fork
7115 180 has taken a fork
7115 174 has taken a fork
7115 74 is sleeping
7115 181 has taken a fork
7115 7 is thinking
7115 75 is sleeping
7115 29 is thinking
7115 175 has taken a fork
7115 8 is thinking
7116 198 is thinking
7117 9 is thinking
7117 18 is thinking
7118 185 is thinking
7119 21 is thinking
7120 10 is thinking
7121 137 is eating
7122 23 is thinking
7122 186 is thinking
7122 4 is thinking
7122 138 is eating
7122 130 is eating
7122 13 is thinking
7122 1 is thinking
7123 88 is sleeping
7124 170 has taken a fork
7124 69 is sleeping
7124 3 has taken a fork
7126 178 is thinking
7126 151 is eating
7127 22 is thinking
7127 150 is eating
7127 195 is thinking
7127 73 is sleeping
7127 96 is sleeping
7127 172 has taken a fork
7129 190 has taken a fork
7129 70 is sleeping
7129 152 has taken a fork
7131 200 is thinking
7132 191 has taken a fork
7133 169 has taken a fork
7133 2 is thinking
7134 5 is thinking
7135 197 is thinking
7136 166 has taken a fork
7136 98 is sleeping
7136 6 is thinking
7137 157 is eating
7138 154 is eating
7138 90 is sleeping
7139 161 has taken a fork
7139 89 is sleeping
7139 14 is thinking
7141 12 is thinking
7141 182 is thinking
7141 158 is eating
7142 15 is thinking
7142 183 is thinking
7142 192 has taken a fork
7142 199 has taken a fork
7143 37 is thinking
7143 28 is thinking
7143 93 is sleeping
7143 94 is sleeping
7144 187 has taken a fork
7144 35 is thinking
7145 24 is thinking
7145 101 is sleeping
7145 91 is sleeping
7145 76 is sleeping
7145 194 has taken a fork
7145 145 is eating
7145 160 is eating
7145 149 has taken a fork
7145 156 is eating
7145 102 is sleeping
7145 162 has taken a fork
7145 84 is sleeping
7146 159 is eating
7146 86 is sleeping
7146 106 is sleeping
7146 83 is sleeping
7147 38 is thinking
7147 146 has taken a fork
7148 33 is thinking
7148 32 is thinking
7149 25 is thinking
7150 45 is thinking
7151 41 is thinking
7151 17 is thinking
7152 34 is thinking
7152 99 is sleeping
7152 51 is thinking
7152 171 has taken a fork
7152 100 is sleeping
7152 107 is sleeping
7153 184 has taken a fork
7153 196 has taken a fork
7153 164 is eating
7153 177 has taken a fork
7154 165 has taken a fork
7154 176 has taken a fork
7154 155 is eating
7155 167 has taken a fork
7155 92 is sleeping
7155 109 is sleeping
7155 112 is sleeping
7155 113 is sleeping
7155 168 has taken a fork
7155 189 has taken a fork
7155 95 is sleeping
7155 87 is sleeping
7155 103 is sleeping
7155 104 is sleeping
7155 188 has taken a fork
7156 114 is sleeping
7156 79 is sleeping
7156 108 is sleeping
7156 179 has taken a fork
7156 193 has taken a fork
7156 115 is sleeping
7157 105 is sleeping
7157 26 has taken a fork
7157 36 is thinking
7158 119 is sleeping
7158 173 has taken a fork
7158 180 has taken a fork
7158 174 has taken a fork
7159 181 has taken a fork
7159 7 has taken a fork
7159 29 has taken a fork
7159 175 has taken a fork
7159 8 has taken a fork
7159 198 has taken a fork
7160 9 has taken a fork
7160 127 is sleeping
7160 123 is sleeping
7160 97 is sleeping
7160 18 has taken a fork
7160 185 has taken a fork
7160 21 has taken a fork
7160 128 is sleeping
7161 30 is thinking
7161 10 has taken a fork
7161 118 is sleeping
7162 47 is thinking
7162 23 has taken a fork
7163 20 is thinking
7163 186 has taken a fork
7163 4 has taken a fork
7163 13 has taken a fork
7163 1 has taken a fork
7163 170 has taken a fork
7164 3 has taken a fork
7164 178 has taken a fork
7164 22 has taken a fork
7164 195 has taken a fork
7164 172 has taken a fork
7165 31 is thinking
7165 190 has taken a fork
7166 152 is eating
7166 122 is sleeping
7166 11 is thinking
7166 110 is sleeping
7166 120 is sleeping
7166 200 has taken a fork
7167 116 is sleeping
7167 111 is sleeping
7167 124 is sleeping
7168 191 has taken a fork
7168 169 is eating
7168 133 is sleeping
7169 117 is sleeping
7169 39 is thinking
7170 134 is sleeping
7170 121 is sleeping
7171 43 is thinking
7171 2 has taken a fork
7171 129 is sleeping
7172 153 is sleeping
7172 5 has taken a fork
7172 27 is thinking
7172 49 is thinking
7172 197 has taken a fork
7172 42 is thinking
7174 53 is thinking
7175 166 is eating
7175 6 has taken a fork
7176 40 is thinking
7176 131 is sleeping
7176 139 is sleeping
7176 54 is thinking
7176 140 is sleeping
7176 55 is thinking
7176 161 is eating
7177 46 is thinking
7178 16 is thinking
7178 14 has taken a fork
7178 148 is sleeping
7179 12 has taken a fork
7179 182 has taken a fork
7180 56 is thinking
7180 125 is sleeping
7180 143 is sleeping
7180 15 has taken a fork
7181 183 has taken a fork
7181 192 has taken a fork
7181 199 has taken a fork
7181 132 is sleeping
7181 141 is sleeping
7181 58 is thinking
7182 37 has taken a fork
7183 28 has taken a fork
7183 44 is thinking
7184 187 has taken a fork
7185 35 has taken a fork
7186 24 has taken a fork
7186 194 has taken a fork
7186 149 is eating
7187 162 is eating
7187 38 has taken a fork
7187 146 is eating
7187 126 is sleeping
7188 33 has taken a fork
7189 32 has taken a fork
7189 142 is sleeping
7190 25 has taken a fork
7191 147 is sleeping
7192 45 has taken a fork
7192 135 is sleeping
7192 41 has taken a fork
7193 17 has taken a fork
7193 34 has taken a fork
7193 51 has taken a fork
7194 171 has taken a fork
7194 184 has taken a fork
7196 196 has taken a fork
7197 177 is eating
7198 136 is sleeping
7198 165 is eating
7198 176 is eating
7199 167 is eating
7199 168 is eating
7199 189 has taken a fork
7199 188 has taken a fork
7199 179 is eating
7199 193 is eating
7200 144 is sleeping
7200 26 has taken a fork
7200 36 has taken a fork
7200 163 is sleeping
7200 173 is eating
7201 180 is eating
7202 174 is eating
7202 181 is eating
7203 7 has taken a fork
7203 29 has taken a fork
7203 175 is eating
7203 8 has taken a fork
7204 198 has taken a fork
7204 9 has taken a fork
7204 18 has taken a fork
7205 185 has taken a fork
7205 21 has taken a fork
7206 30 has taken a fork
7206 10 has taken a fork
7206 47 has taken a fork
7207 23 has taken a fork
7207 60 is thinking
7207 48 is thinking
7208 50 is thinking
7209 20 has taken a fork
7209 186 has taken a fork
7209 4 has taken a fork
7210 13 has taken a fork
7210 1 has taken a fork
7210 170 is eating
7211 3 is eating
7211 178 has taken a fork
7211 22 has taken a fork
7211 195 has taken a fork
7211 172 is eating
7211 31 has taken a fork
7212 190 is eating
7213 63 is thinking
7213 11 has taken a fork
7213 200 has taken a fork
7214 57 is thinking
7214 191 is eating
7214 39 has taken a fork
7215 19 is thinking
7215 137 is sleeping
7216 43 has taken a fork
7216 2 has taken a fork
7216 5 has taken a fork
7216 27 has taken a fork
7217 49 has taken a fork
7217 197 has taken a fork
7217 130 is sleeping
7217 42 has taken a fork
7218 138 is sleeping
7218 53 has taken a fork
7219 151 is sleeping
7219 6 has taken a fork
7219 54 has taken a fork
7221 55 has taken a fork
7221 40 has taken a fork
7221 150 is sleeping
7223 46 has taken a fork
7225 16 has taken a fork
7225 14 has taken a fork
7225 12 has taken a fork
7225 182 has taken a fork
7226 15 has taken a fork
7226 183 has taken a fork
7227 192 is eating
7227 199 is eating
7228 52 is thinking
7228 157 is sleeping
7228 37 has taken a fork
7229 154 is sleeping
7230 77 is thinking
7230 56 has taken a fork
7231 58 has taken a fork
7231 71 is thinking
7231 28 has taken a fork
7231 187 is eating
7231 158 is sleeping
7231 44 has taken a fork
7231 35 has taken a fork
7231 68 is thinking
7231 24 has taken a fork
7231 194 is eating
7231 38 has taken a fork
7232 33 has taken a fork
7232 32 has taken a fork
7232 145 is sleeping
7232 160 is sleeping
7232 156 is sleeping
7233 25 has taken a fork
7233 159 is sleeping
7234 45 has taken a fork
7235 41 has taken a fork
7235 17 has taken a fork
7235 34 has taken a fork
7235 51 has taken a fork
7235 171 is eating
7235 184 is eating
7235 164 is sleeping
7235 155 is sleeping
7235 65 is thinking
7236 196 is eating
7237 61 is thinking
7237 64 is thinking
7238 189 is eating
7238 188 is eating
7238 26 is eating
7239 36 has taken a fork
7239 7 is eating
7240 29 is eating
7240 8 is eating
7240 198 is eating
7240 9 is eating
7240 18 is eating
7240 185 is eating
7240 21 is eating
7240 67 is thinking
7240 30 has taken a fork
7240 10 is eating
7240 47 has taken a fork
7240 23 is eating
7240 81 is thinking
7240 60 has taken a fork
7240 62 is thinking
7240 59 is thinking
7243 82 is thinking
7243 48 has taken a fork
7245 50 has taken a fork
7245 20 has taken a fork
7247 78 is thinking
7247 186 is eating
7247 4 is eating
7248 13 is eating
7248 1 is eating
7248 152 is sleeping
7248 80 is thinking
7248 169 is sleeping
7248 178 is eating
7249 22 is eating
7249 195 is eating
7250 31 has taken a fork
7251 72 is thinking
7251 66 is thinking
7252 85 is thinking
7252 63 has taken a fork
7253 11 has taken a fork
7253 200 is eating
7253 57 has taken a fork
7255 39 has taken a fork
7257 75 is thinking
7258 19 has taken a fork
7260 74 is thinking
7260 166 is sleeping
7261 43 has taken a fork
7261 2 is eating
7261 5 is eating
7261 27 has taken a fork
7261 49 has taken a fork
7261 161 is sleeping
7261 197 is eating
7261 42 has taken a fork
7262 53 has taken a fork
7262 6 is eating
7262 54 has taken a fork
7264 55 has taken a fork
7265 40 has taken a fork
7266 88 is thinking
7268 46 has taken a fork
7268 69 is thinking
7268 149 is sleeping
7269 16 has taken a fork
7270 14 is eating
7270 12 is eating
7270 182 is eating
7271 15 is eating
7271 183 is eating
7272 162 is sleeping
7272 146 is sleeping
7273 52 has taken a fork
7273 37 is eating
7274 73 is thinking
7274 96 is thinking
7275 70 is thinking
7275 77 has taken a fork
7275 56 has taken a fork
7275 58 has taken a fork
7276 71 has taken a fork
7276 28 is eating
7276 44 has taken a fork
7276 35 is eating
7276 68 has taken a fork
7277 24 is eating
7277 38 is eating
7277 33 is eating
7277 32 is eating
7277 25 is eating
7277 176 is sleeping
7277 45 is eating
7277 177 is sleeping
7277 168 is sleeping
7278 167 is sleeping
7278 179 is sleeping
7278 165 is sleeping
7278 41 is eating
7278 17 is eating
7278 34 is eating
7278 51 is eating
7278 65 has taken a fork
7278 193 is sleeping
7279 98 is thinking
7279 173 is sleeping
7279 61 has taken a fork
7281 64 has taken a fork
7281 180 is sleeping
7281 174 is sleeping
7282 90 is thinking
7282 36 is eating
7282 181 is sleeping
7283 89 is thinking
7283 175 is sleeping
7283 67 has taken a fork
7283 30 is eating
7284 47 is eating
7284 81 has taken a fork
7285 60 has taken a fork
7285 62 has taken a fork
7285 59 has taken a fork
7286 94 is thinking
7286 93 is thinking
7286 82 has taken a fork
7286 48 has taken a fork
7286 50 has taken a fork
7286 101 is thinking
7287 91 is thinking
7288 20 is eating
7288 102 is thinking
7288 76 is thinking
7289 84 is thinking
7289 86 is thinking
7290 83 is thinking
7291 106 is thinking
7291 3 is sleeping
7291 170 is sleeping
7291 78 has taken a fork
7291 172 is sleeping
7291 190 is sleeping
7292 80 has taken a fork
7292 191 is sleeping
7292 31 is eating
7293 72 has taken a fork
7294 66 has taken a fork
7294 100 is thinking
7294 99 is thinking
7295 107 is thinking
7295 85 has taken a fork
7295 63 has taken a fork
7295 11 is eating
7296 57 has taken a fork
7297 92 is thinking
7297 112 is thinking
7298 87 is thinking
7299 95 is thinking
7300 109 is thinking
7300 39 is eating
7300 103 is thinking
7300 113 is thinking
7300 104 is thinking
7300 108 is thinking
7301 114 is thinking
7301 79 is thinking
7301 115 is thinking
7301 105 is thinking
7301 75 has taken a fork
7302 192 is sleeping
7302 119 is thinking
7302 199 is sleeping
7302 128 is thinking
7303 127 is thinking
7303 123 is thinking
7304 97 is thinking
7304 19 has taken a fork
7304 74 has taken a fork
7305 43 is eating
7305 187 is sleeping
7305 27 is eating
7305 118 is thinking
7305 49 is eating
7305 42 is eating
7305 53 is eating
7306 54 is eating
7306 194 is sleeping
7306 55 is eating
7306 40 is eating
7306 110 is thinking
7306 88 has taken a fork
7307 120 is thinking
7308 122 is thinking
7308 111 is thinking
7309 124 is thinking
7310 116 is thinking
7311 133 is thinking
7311 46 is eating
7311 69 has taken a fork
7311 117 is thinking
7311 16 is eating
7311 121 is thinking
7311 134 is thinking
7312 171 is sleeping
7312 129 is thinking
7312 184 is sleeping
7312 153 is thinking
7312 196 is sleeping
7313 52 has taken a fork
7313 189 is sleeping
7313 188 is sleeping
7314 73 has taken a fork
7315 96 has taken a fork
7315 70 has taken a fork
7315 26 is sleeping
7315 77 has taken a fork
7315 56 is eating
7316 58 is eating
7316 140 is thinking
7317 131 is thinking
7317 71 has taken a fork
7318 139 is thinking
7318 44 is eating
7318 68 has taken a fork
7318 7 is sleeping
7318 29 is sleeping
7319 198 is sleeping
7319 8 is sleeping
7319 148 is thinking
7320 65 has taken a fork
7320 18 is sleeping
7320 185 is sleeping
7320 9 is sleeping
7321 98 has taken a fork
7323 61 has taken a fork
7323 21 is sleeping
7323 143 is thinking
7323 125 is thinking
7323 23 is sleeping
7324 64 has taken a fork
7325 132 is thinking
7325 141 is thinking
7326 90 has taken a fork
7327 10 is sleeping
7328 89 has taken a fork
7328 67 has taken a fork
7329 81 has taken a fork
7329 4 is sleeping
7329 1 is sleeping
7329 60 is eating
7329 186 is sleeping
7329 13 is sleeping
7329 62 has taken a fork
7329 59 has taken a fork
7330 94 has taken a fork
7330 93 has taken a fork
7330 82 has taken a fork
7330 48 is eating
7330 50 is eating
7331 101 has taken a fork
7331 178 is sleeping
7331 126 is thinking
7332 91 has taken a fork
7332 195 is sleeping
7333 102 has taken a fork
7333 22 is sleeping
7335 76 has taken a fork
7335 84 has taken a fork
7336 142 is thinking
7337 86 has taken a fork
7338 83 has taken a fork
7338 106 has taken a fork
7338 78 has taken a fork
7340 80 has taken a fork
7341 147 is thinking
7341 135 is thinking
7341 200 is sleeping
7341 72 has taken a fork
7341 66 has taken a fork
7343 100 has taken a fork
7344 99 has taken a fork
7344 107 has taken a fork
7344 85 has taken a fork
7344 63 is eating
7344 57 is eating
7344 2 is sleeping
7345 92 has taken a fork
7346 112 has taken a fork
7346 197 is sleeping
7346 5 is sleeping
7347 87 has taken a fork
7349 136 is thinking
7349 6 is sleeping
7349 95 has taken a fork
7351 144 is thinking
7351 163 is thinking
7351 109 has taken a fork
7351 103 has taken a fork
7352 113 has taken a fork
7353 104 has taken a fork
7354 108 has taken a fork
7354 114 has taken a fork
7354 79 has taken a fork
7354 115 has taken a fork
7354 105 has taken a fork
7354 75 has taken a fork
7355 119 has taken a fork
7356 128 has taken a fork
7356 127 has taken a fork
7356 19 is eating
7356 74 has taken a fork
7356 14 is sleeping
7356 123 has taken a fork
7356 12 is sleeping
7356 182 is sleeping
7356 97 has taken a fork
7356 118 has taken a fork
7356 88 has taken a fork
7356 183 is sleeping
7357 15 is sleeping
7358 110 has taken a fork
7358 120 has taken a fork
7358 37 is sleeping
7359 122 has taken a fork
7360 35 is sleeping
7360 28 is sleeping
7361 111 has taken a fork
7361 24 is sleeping
7362 124 has taken a fork
7363 69 has taken a fork
7363 116 has taken a fork
7363 38 is sleeping
7363 32 is sleeping
7363 33 is sleeping
7363 25 is sleeping
7363 133 has taken a fork
7364 52 is eating
7365 121 has taken a fork
7366 117 has taken a fork
7366 134 has taken a fork
7366 45 is sleeping
7367 73 has taken a fork
7367 129 has taken a fork
7367 17 is sleeping
7367 34 is sleeping
7367 41 is sleeping
7367 51 is sleeping
7368 96 has taken a fork
7369 137 is thinking
7371 153 has taken a fork
7373 70 has taken a fork
7374 77 is eating
7374 140 has taken a fork
7376 131 has taken a fork
7377 130 is thinking
7378 71 is eating
7379 138 is thinking
7379 139 has taken a fork
7380 68 is eating
7381 151 is thinking
7381 36 is sleeping
7382 65 is eating
7382 148 has taken a fork
7382 150 is thinking
7382 98 has taken a fork
7383 30 is sleeping
7384 61 is eating
7384 47 is sleeping
7384 143 has taken a fork
7385 125 has taken a fork
7386 64 is eating
7386 20 is sleeping
7387 132 has taken a fork
7387 90 has taken a fork
7387 157 is thinking
7388 89 has taken a fork
7388 67 is eating
7388 31 is sleeping
7389 154 is thinking
7390 81 is eating
7391 141 has taken a fork
7391 62 is eating
7392 59 is eating
7393 94 has taken a fork
7393 93 has taken a fork
7393 82 is eating
7394 11 is sleeping
7394 158 is thinking
7394 101 has taken a fork
7395 126 has taken a fork
7395 160 is thinking
7395 156 is thinking
7396 145 is thinking
7396 91 has taken a fork
7397 102 has taken a fork
7397 159 is thinking
7397 39 is sleeping
7397 76 has taken a fork
7397 164 is thinking
7397 155 is thinking
7397 84 has taken a fork
7397 142 has taken a fork
7397 86 has taken a fork
7397 43 is sleeping
7397 83 has taken a fork
7397 106 has taken a fork
7398 42 is sleeping
7398 78 is eating
7398 49 is sleeping
7398 27 is sleeping
7398 53 is sleeping
7398 80 is eating
7399 54 is sleeping
7399 40 is sleeping
7399 55 is sleeping
7399 147 has taken a fork
7399 135 has taken a fork
7399 72 is eating
7399 66 is eating
7399 100 has taken a fork
7399 46 is sleeping
7399 99 has taken a fork
7399 107 has taken a fork
7400 85 is eating
7400 16 is sleeping
7400 92 has taken a fork
7400 112 has taken a fork
7400 87 has taken a fork
7400 56 is sleeping
7400 169 is thinking
7400 152 is thinking
7400 136 has taken a fork
7400 95 has taken a fork
7400 58 is sleeping
7400 144 has taken a fork
7400 163 has taken a fork
7400 109 has taken a fork
7401 103 has taken a fork
7401 44 is sleeping
7401 113 has taken a fork
7402 104 has taken a fork
7402 108 has taken a fork
7402 114 has taken a fork
7402 79 has taken a fork
7402 115 has taken a fork
7402 105 has taken a fork
7402 75 is eating
7402 119 has taken a fork
7402 128 has taken a fork
7402 127 has taken a fork
7402 74 is eating
7402 123 has taken a fork
7403 97 has taken a fork
7403 118 has taken a fork
7403 88 is eating
7403 110 has taken a fork
7403 120 has taken a fork
7403 122 has taken a fork
7403 166 is thinking
7403 161 is thinking
7403 111 has taken a fork
7403 124 has taken a fork
7403 69 is eating
7403 116 has taken a fork
7404 133 has taken a fork
7404 121 has taken a fork
7404 117 has taken a fork
7404 134 has taken a fork
7404 73 is eating
7404 129 has taken a fork
7404 60 is sleeping
7404 96 is eating
7405 149 is thinking
7405 50 is sleeping
7405 137 has taken a fork
7405 48 is sleeping
7405 153 has taken a fork
7406 146 is thinking
7407 162 is thinking
7407 70 is eating
7407 140 has taken a fork
7407 131 has taken a fork
7408 177 is thinking
7410 176 is thinking
7410 130 has taken a fork
7410 179 is thinking
7411 165 is thinking
7412 168 is thinking
7413 167 is thinking
7414 193 is thinking
7414 63 is sleeping
7415 173 is thinking
7415 57 is sleeping
7415 138 has taken a fork
7415 139 has taken a fork
7416 174 is thinking
7417 180 is thinking
7417 151 has taken a fork
7417 181 is thinking
7418 148 has taken a fork
7418 150 has taken a fork
7418 98 is eating
7418 175 is thinking
7418 143 has taken a fork
7418 125 has taken a fork
7418 19 is sleeping
7418 132 has taken a fork
7418 90 is eating
7418 157 has taken a fork
7418 89 is eating
7418 154 has taken a fork
7418 3 is thinking
7418 170 is thinking
7418 190 is thinking
7418 172 is thinking
7418 141 has taken a fork
7418 191 is thinking
7418 94 is eating
7418 93 is eating
7418 158 has taken a fork
7418 101 is eating
7418 126 has taken a fork
7418 160 has taken a fork
7418 156 has taken a fork
7418 145 has taken a fork
7418 52 is sleeping
7418 91 is eating
7418 102 is eating
7418 159 has taken a fork
7418 76 is eating
7418 164 has taken a fork
7421 155 has taken a fork
7421 84 is eating
7421 142 has taken a fork
7421 86 is eating
7421 83 is eating
7421 106 is eating
7421 147 has taken a fork
7421 135 has taken a fork
7421 100 is eating
7422 99 is eating
7422 107 is eating
7424 92 is eating
7424 112 is eating
7424 87 is eating
7424 169 has taken a fork
7424 136 has taken a fork
7424 95 is eating
7424 144 has taken a fork
7424 163 has taken a fork
7424 109 is eating
7424 103 is eating
7424 113 is eating
7424 104 is eating
7424 108 is eating
7424 77 is sleeping
7424 152 has taken a fork
7424 114 is eating
7424 79 is eating
7424 115 is eating
7424 192 is thinking
7425 199 is thinking
7425 105 is eating
7425 119 is eating
7425 128 is eating
7425 127 is eating
7425 123 is eating
7425 97 is eating
7425 118 is eating
7425 110 is eating
7425 120 is eating
7425 122 is eating
7425 111 is eating
7425 124 is eating
7425 116 is eating
7425 133 is eating
7425 121 is eating
7425 117 is eating
7425 134 is eating
7425 129 is eating
7425 71 is sleeping
7425 166 has taken a fork
7425 137 has taken a fork
7425 153 is eating
7425 68 is sleeping
7426 187 is thinking
7428 194 is thinking
7428 161 has taken a fork
7429 140 is eating
7429 131 is eating
7429 65 is sleeping
7432 149 has taken a fork
7433 130 has taken a fork
7433 61 is sleeping
7433 196 is thinking
7434 64 is sleeping
7436 162 has taken a fork
7437 146 has taken a fork
7437 184 is thinking
7439 171 is thinking
7441 188 is thinking
7441 189 is thinking
7441 67 is sleeping
7442 177 has taken a fork
7442 81 is sleeping
7444 138 has taken a fork
7444 139 is eating
7445 26 is thinking
7446 176 has taken a fork
7447 59 is sleeping
7447 62 is sleeping
7449 179 has taken a fork
7450 165 has taken a fork
7450 151 has taken a fork
7450 82 is sleeping
7451 148 is eating
7451 150 has taken a fork
7451 143 is eating
7451 125 is eating
7451 132 is eating
7452 157 has taken a fork
7452 154 has taken a fork
7452 141 is eating
7452 158 has taken a fork
7452 126 is eating
7452 160 has taken a fork
7452 156 has taken a fork
7452 145 has taken a fork
7452 159 has taken a fork
7452 164 has taken a fork
7452 7 is thinking
7452 168 has taken a fork
7452 29 is thinking
7452 198 is thinking
7452 185 is thinking
7454 8 is thinking
7456 9 is thinking
7457 18 is thinking
7458 155 has taken a fork
7458 142 is eating
7458 147 is eating
7458 135 is eating
7458 78 is sleeping
7459 80 is sleeping
7459 21 is thinking
7459 23 is thinking
7460 167 has taken a fork
7460 193 has taken a fork
7460 169 has taken a fork
7461 136 is eating
7461 144 is eating
7461 163 is eating
7461 152 has taken a fork
7461 72 is sleeping
7461 166 has taken a fork
7461 137 is eating
7461 66 is sleeping
7462 85 is sleeping
7464 180 has taken a fork
7466 173 has taken a fork
7469 174 has taken a fork
7469 10 is thinking
7470 161 has taken a fork
7471 186 is thinking
7471 4 is thinking
7473 13 is thinking
7474 75 is sleeping
7474 1 is thinking
7474 74 is sleeping
7475 175 has taken a fork
7477 181 has taken a fork
7478 178 is thinking
7478 149 has taken a fork
7479 195 is thinking
7479 130 is eating
7479 22 is thinking
7479 88 is sleeping
7479 69 is sleeping
7479 162 has taken a fork
7479 3 has taken a fork
7480 170 has taken a fork
7480 146 has taken a fork
7480 73 is sleeping
7481 190 has taken a fork
7481 96 is sleeping
7481 172 has taken a fork
7482 200 is thinking
7482 70 is sleeping
7482 191 has taken a fork
7483 177 has taken a fork
7485 2 is thinking
7485 138 is eating
7486 5 is thinking
7488 197 is thinking
7489 176 has taken a fork
7489 98 is sleeping
7490 6 is thinking
7491 179 has taken a fork
7491 90 is sleeping
7493 165 has taken a fork
7493 192 has taken a fork
7493 151 is eating
7494 150 is eating
7494 89 is sleeping
7495 199 has taken a fork
7495 93 is sleeping
7495 101 is sleeping
7495 94 is sleeping
7495 184 has taken a fork
7495 157 is eating
7495 154 is eating
7495 158 is eating
7495 196 has taken a fork
7495 160 is eating
7495 156 is eating
7495 145 is eating
7495 159 is eating
7496 164 is eating
7496 168 has taken a fork
7496 187 has taken a fork
7497 194 has taken a fork
7497 91 is sleeping
7497 76 is sleeping
7497 188 has taken a fork
7497 102 is sleeping
7498 189 has taken a fork
7500 171 has taken a fork
7500 84 is sleeping
7501 26 has taken a fork
7501 86 is sleeping
7501 7 has taken a fork
7502 106 is sleeping
7502 83 is sleeping
7502 182 is thinking
7502 183 is thinking
7502 14 is thinking
7502 29 has taken a fork
7502 15 is thinking
7503 198 has taken a fork
7503 12 is thinking
7503 99 is sleeping
7503 100 is sleeping
7504 37 is thinking
7504 155 is eating
7504 185 has taken a fork
7505 8 has taken a fork
7505 107 is sleeping
7506 9 has taken a fork
7507 167 has taken a fork
7507 28 is thinking
7507 35 is thinking
7507 193 has taken a fork
7508 169 is eating
7508 92 is sleeping
7509 87 is sleeping
7509 21 has taken a fork
7509 112 is sleeping
7509 152 is eating
7509 166 is eating
7509 24 is thinking
7509 108 is sleeping
7509 18 has taken a fork
7511 23 has taken a fork
7511 95 is sleeping
7511 113 is sleeping
7511 109 is sleeping
7511 103 is sleeping
7511 104 is sleeping
7511 79 is sleeping
7512 114 is sleeping
7512 105 is sleeping
7512 115 is sleeping
7513 33 is thinking
7513 127 is sleeping
7513 32 is thinking
7514 25 is thinking
7514 119 is sleeping
7516 180 has taken a fork
7520 128 is sleeping
7521 38 is thinking
7521 123 is sleeping
7521 110 is sleeping
7521 118 is sleeping
7521 97 is sleeping
7521 120 is sleeping
7521 45 is thinking
7522 173 has taken a fork
7522 122 is sleeping
7523 116 is sleeping
7523 111 is sleeping
7523 124 is sleeping
7523 133 is sleeping
7524 134 is sleeping
7524 117 is sleeping
7524 121 is sleeping
7525 34 is thinking
7525 41 is thinking
7525 17 is thinking
7525 174 has taken a fork
7526 51 is thinking
7526 10 has taken a fork
7527 129 is sleeping
7527 153 is sleeping
7527 161 is eating
7527 186 has taken a fork
7529 4 has taken a fork
7529 131 is sleeping
7530 140 is sleeping
7531 13 has taken a fork
7533 1 has taken a fork
7533 175 has taken a fork
7533 181 has taken a fork
7535 178 has taken a fork
7536 149 is eating
7538 195 has taken a fork
7538 22 has taken a fork
7540 162 is eating
7540 3 has taken a fork
7541 170 has taken a fork
7541 146 is eating
7541 139 is sleeping
7541 190 has taken a fork
7542 36 is thinking
7543 172 has taken a fork
7543 200 has taken a fork
7544 191 has taken a fork
7544 30 is thinking
7547 177 is eating
7547 47 is thinking
7550 2 has taken a fork
7550 148 is sleeping
7550 20 is thinking
7551 5 has taken a fork
7551 125 is sleeping
7551 143 is sleeping
7551 31 is thinking
7551 197 has taken a fork
7551 132 is sleeping
7551 176 is eating
7551 6 has taken a fork
7551 141 is sleeping
7555 179 is eating
7555 126 is sleeping
7555 165 is eating
7557 192 has taken a fork
7558 11 is thinking
7558 199 has taken a fork
7558 184 has taken a fork
7558 196 has taken a fork
7558 168 is eating
7559 187 has taken a fork
7559 39 is thinking
7560 194 has taken a fork
7561 43 is thinking
7561 142 is sleeping
7561 188 has taken a fork
7561 49 is thinking
7562 53 is thinking
7562 27 is thinking
7562 42 is thinking
7562 189 has taken a fork
7562 55 is thinking
7562 40 is thinking
7562 46 is thinking
7562 58 is thinking
7562 54 is thinking
7564 16 is thinking
7564 56 is thinking
7564 135 is sleeping
7564 171 has taken a fork
7564 147 is sleeping
7565 44 is thinking
7565 26 has taken a fork
7565 7 has taken a fork
7565 182 has taken a fork
7565 183 has taken a fork
7567 14 has taken a fork
7567 29 has taken a fork
7568 15 has taken a fork
7568 198 has taken a fork
7570 12 has taken a fork
7570 60 is thinking
7570 37 has taken a fork
7570 185 has taken a fork
7571 136 is sleeping
7571 48 is thinking
7571 50 is thinking
7573 8 has taken a fork
7573 163 is sleeping
7574 144 is sleeping
7575 9 has taken a fork
7576 167 is eating
7576 28 has taken a fork
7576 35 has taken a fork
7576 193 is eating
7577 21 has taken a fork
7577 24 has taken a fork
7577 18 has taken a fork
7579 23 has taken a fork
7579 33 has taken a fork
7579 32 has taken a fork
7580 25 has taken a fork
7580 63 is thinking
7581 137 is sleeping
7583 57 is thinking
7583 180 is eating
7584 19 is thinking
7584 52 is thinking
7585 38 has taken a fork
7586 45 has taken a fork
7586 173 is eating
7586 77 is thinking
7586 34 has taken a fork
7587 71 is thinking
7588 68 is thinking
7588 41 has taken a fork
7588 17 has taken a fork
7588 174 is eating
7588 51 has taken a fork
7588 10 has taken a fork
7588 186 has taken a fork
7589 130 is sleeping
7589 4 has taken a fork
7590 65 is thinking
7590 13 has taken a fork
7590 138 is sleeping
7591 1 has taken a fork
7592 175 is eating
7592 181 is eating
7592 64 is thinking
7593 61 is thinking
7595 178 has taken a fork
7595 151 is sleeping
7595 150 is sleeping
7595 195 has taken a fork
7595 22 has taken a fork
7596 3 is eating
7596 157 is sleeping
7596 170 is eating
7596 190 is eating
7596 154 is sleeping
7596 36 has taken a fork
7597 67 is thinking
7598 81 is thinking
7598 172 is eating
7599 200 has taken a fork
7599 191 is eating
7599 30 has taken a fork
7599 158 is sleeping
7599 156 is sleeping
7599 159 is sleeping
7599 145 is sleeping
7599 164 is sleeping
7599 160 is sleeping
7600 47 has taken a fork
7600 62 is thinking
7602 59 is thinking
7602 2 has taken a fork
7603 82 is thinking
7603 20 has taken a fork
7603 5 has taken a fork
7603 31 has taken a fork
7603 197 has taken a fork
7604 6 has taken a fork
7605 155 is sleeping
7605 169 is sleeping
7606 152 is sleeping
7606 166 is sleeping
7606 192 is eating
7607 11 has taken a fork
7608 199 is eating
7608 184 is eating
7608 196 is eating
7608 187 is eating
7609 80 is thinking
7610 78 is thinking
7610 39 has taken a fork
7610 194 is eating
7610 43 has taken a fork
7611 72 is thinking
7613 66 is thinking
7613 188 is eating
7613 49 has taken a fork
7613 85 is thinking
7614 53 has taken a fork
7614 27 has taken a fork
7614 42 has taken a fork
7615 189 is eating
7615 55 has taken a fork
7615 40 has taken a fork
7616 46 has taken a fork
7616 58 has taken a fork
7616 54 has taken a fork
7616 16 has taken a fork
7617 56 has taken a fork
7618 171 is eating
7618 44 has taken a fork
7618 26 is eating
7618 7 is eating
7618 182 has taken a fork
7619 183 has taken a fork
7619 161 is sleeping
7619 14 has taken a fork
7620 29 is eating
7620 15 has taken a fork
7621 198 is eating
7621 12 has taken a fork
7621 60 has taken a fork
7623 37 has taken a fork
7623 185 is eating
7624 48 has taken a fork
7624 50 has taken a fork
7624 149 is sleeping
7625 8 is eating
7625 75 is thinking
7626 74 is thinking
7626 9 is eating
7626 28 has taken a fork
7626 35 has taken a fork
7627 162 is sleeping
7627 146 is sleeping
7627 21 is eating
7627 24 has taken a fork
7628 18 is eating
7628 23 is eating
7629 33 has taken a fork
7630 69 is thinking
7630 88 is thinking
7630 32 has taken a fork
7631 25 has taken a fork
7631 63 has taken a fork
7633 73 is thinking
7634 96 is thinking
7634 177 is sleeping
7634 176 is sleeping
7635 70 is thinking
7635 57 has taken a fork
7637 19 has taken a fork
7637 52 has taken a fork
7637 38 has taken a fork
7637 165 is sleeping
7637 45 has taken a fork
7638 77 has taken a fork
7638 34 has taken a fork
7638 179 is sleeping
7639 71 has taken a fork
7639 68 has taken a fork
7639 41 has taken a fork
7639 17 has taken a fork
7640 51 has taken a fork
7640 10 is eating
7641 186 is eating
7641 98 is thinking
7641 168 is sleeping
7641 4 is eating
7641 65 has taken a fork
7642 13 is eating
7642 90 is thinking
7643 1 is eating
7644 64 has taken a fork
7646 61 has taken a fork
7647 178 is eating
7647 101 is thinking
7647 94 is thinking
7647 89 is thinking
7647 93 is thinking
7647 195 is eating
7647 22 is eating
7647 36 has taken a fork
7647 102 is thinking
7647 91 is thinking
7648 76 is thinking
7648 67 has taken a fork
7648 81 has taken a fork
7648 200 is eating
7648 30 has taken a fork
7648 47 has taken a fork
7648 193 is sleeping
7648 84 is thinking
7648 167 is sleeping
7648 62 has taken a fork
7648 86 is thinking
7648 59 has taken a fork
7648 106 is thinking
7648 83 is thinking
7648 2 is eating
7648 99 is thinking
7648 100 is thinking
7649 82 has taken a fork
7649 20 has taken a fork
7649 5 is eating
7649 31 has taken a fork
7649 197 is eating
7649 6 is eating
7650 180 is sleeping
7650 107 is thinking
7650 173 is sleeping
7650 174 is sleeping
7650 11 has taken a fork
7650 87 is thinking
7650 112 is thinking
7650 108 is thinking
7650 92 is thinking
7650 80 has taken a fork
7650 78 has taken a fork
7650 39 has taken a fork
7650 43 has taken a fork
7651 79 is thinking
7651 104 is thinking
7652 113 is thinking
7653 95 is thinking
7653 103 is thinking
7653 109 is thinking
7653 72 has taken a fork
7653 115 is thinking
7653 105 is thinking
7653 181 is sleeping
7655 114 is thinking
7655 175 is sleeping
7655 66 has taken a fork
7656 127 is thinking
7656 49 has taken a fork
7656 85 has taken a fork
7657 119 is thinking
7657 53 has taken a fork
7657 27 has taken a fork
7657 42 has taken a fork
7658 55 has taken a fork
7658 40 has taken a fork
7658 3 is sleeping
7658 46 has taken a fork
7658 58 has taken a fork
7658 54 has taken a fork
7658 16 has taken a fork
7658 170 is sleeping
7658 190 is sleeping
7659 56 has taken a fork
7659 44 has taken a fork
7659 182 is eating
7659 172 is sleeping
7659 183 is eating
7660 14 is eating
7660 128 is thinking
7661 191 is sleeping
7661 15 is eating
7661 97 is thinking
7661 118 is thinking
7661 123 is thinking
7661 120 is thinking
7661 110 is thinking
7661 12 is eating
7661 60 has taken a fork
7661 122 is thinking
7661 124 is thinking
7663 133 is thinking
7663 116 is thinking
7664 37 is eating
7664 111 is thinking
7665 134 is thinking
7665 48 has taken a fork
7667 117 is thinking
7668 121 is thinking
7668 50 has taken a fork
7668 75 has taken a fork
7668 74 has taken a fork
7668 28 is eating
7668 35 is eating
7668 153 is thinking
7670 129 is thinking
7670 24 is eating
7670 192 is sleeping
7671 131 is thinking
7671 33 is eating
7671 184 is sleeping
7672 140 is thinking
7672 199 is sleeping
7673 196 is sleeping
7673 69 has taken a fork
7673 88 has taken a fork
7673 32 is eating
7673 187 is sleeping
7674 25 is eating
7674 63 has taken a fork
7674 194 is sleeping
7675 73 has taken a fork
7675 188 is sleeping
7675 96 has taken a fork
7675 189 is sleeping
7675 70 has taken a fork
7675 57 has taken a fork
7675 171 is sleeping
7675 26 is sleeping
7675 7 is sleeping
7676 19 has taken a fork
7676 52 has taken a fork
7676 38 is eating
7676 45 is eating
7676 77 has taken a fork
7676 34 is eating
7676 198 is sleeping
7677 29 is sleeping
7677 71 has taken a fork
7678 68 has taken a fork
7678 41 is eating
7678 17 is eating
7678 51 is eating
7679 139 is thinking
7679 185 is sleeping
7680 98 has taken a fork
7680 65 has taken a fork
7680 8 is sleeping
7680 90 has taken a fork
7680 9 is sleeping
7681 21 is sleeping
7681 64 has taken a fork
7681 18 is sleeping
7681 23 is sleeping
7681 61 has taken a fork
7682 101 has taken a fork
7682 94 has taken a fork
7682 89 has taken a fork
7682 93 has taken a fork
7682 36 is eating
7684 102 has taken a fork
7684 91 has taken a fork
7684 76 has taken a fork
7684 67 has taken a fork
7684 81 has taken a fork
7685 30 is eating
7685 47 is eating
7685 84 has taken a fork
7685 62 has taken a fork
7685 86 has taken a fork
7686 59 has taken a fork
7687 106 has taken a fork
7687 99 has taken a fork
7687 83 has taken a fork
7687 100 has taken a fork
7688 82 has taken a fork
7688 20 is eating
7688 31 is eating
7688 107 has taken a fork
7689 11 is eating
7689 87 has taken a fork
7689 112 has taken a fork
7691 108 has taken a fork
7691 80 has taken a fork
7692 148 is thinking
7693 78 has taken a fork
7693 39 is eating
7693 43 is eating
7694 141 is thinking
7694 125 is thinking
7695 132 is thinking
7697 143 is thinking
7698 72 has taken a fork
7701 126 is thinking
7701 10 is sleeping
7701 92 has taken a fork
7701 66 has taken a fork
7701 4 is sleeping
7701 186 is sleeping
7701 79 has taken a fork
7701 49 is eating
7701 104 has taken a fork
7701 85 has taken a fork
7701 53 is eating
7701 27 is eating
7701 42 is eating
7701 55 is eating
7701 13 is sleeping
7701 40 is eating
7701 58 is eating
7702 46 is eating
7702 54 is eating
7702 16 is eating
7702 113 has taken a fork
7702 56 is eating
7702 1 is sleeping
7702 44 is eating
7702 95 has taken a fork
7703 142 is thinking
7703 60 is eating
7703 22 is sleeping
7703 195 is sleeping
7703 178 is sleeping
7705 103 has taken a fork
7705 109 has taken a fork
7705 115 has taken a fork
7705 147 is thinking
7706 135 is thinking
7706 200 is sleeping
7707 48 is eating
7708 105 has taken a fork
7708 2 is sleeping
7709 114 has taken a fork
7709 5 is sleeping
7709 50 is eating
7710 75 has taken a fork
7712 127 has taken a fork
7712 74 has taken a fork
7712 197 is sleeping
7712 6 is sleeping
7713 119 has taken a fork
7714 128 has taken a fork
7715 136 is thinking
7715 163 is thinking
7716 69 has taken a fork
7717 88 has taken a fork
7717 63 is eating
7717 144 is thinking
7718 73 has taken a fork
7719 96 has taken a fork
7721 70 has taken a fork
7721 57 is eating
7721 19 is eating
7721 52 is eating
7721 77 is eating
7723 71 is eating
7723 68 is eating
7724 98 has taken a fork
7724 65 is eating
7725 90 has taken a fork
7726 14 is sleeping
7726 182 is sleeping
7726 137 is thinking
7726 183 is sleeping
7726 64 is eating
7728 97 has taken a fork
7731 118 has taken a fork
7731 61 is eating
7732 12 is sleeping
7733 101 has taken a fork
7734 15 is sleeping
7734 94 has taken a fork
7734 123 has taken a fork
7734 89 has taken a fork
7734 93 has taken a fork
7734 110 has taken a fork
7736 120 has taken a fork
7737 102 has taken a fork
7738 37 is sleeping
7738 91 has taken a fork
7738 67 is eating
7738 76 has taken a fork
7739 122 has taken a fork
7739 81 is eating
7739 84 has taken a fork
7739 62 is eating
7741 86 has taken a fork
7741 59 is eating
7742 106 has taken a fork
7742 99 has taken a fork
7743 83 has taken a fork
7743 100 has taken a fork
7743 28 is sleeping
7743 35 is sleeping
7743 82 is eating
7743 133 has taken a fork
7743 124 has taken a fork
7744 107 has taken a fork
7744 87 has taken a fork
7744 130 is thinking
7744 24 is sleeping
7745 138 is thinking
7745 112 has taken a fork
7746 108 has taken a fork
7747 116 has taken a fork
7747 80 is eating
7747 33 is sleeping
7748 111 has taken a fork
7748 32 is sleeping
7749 78 is eating
7751 134 has taken a fork
7752 25 is sleeping
7752 117 has taken a fork
7752 151 is thinking
7754 150 is thinking
7754 157 is thinking
7755 154 is thinking
7755 72 is eating
7755 160 is thinking
7756 38 is sleeping
7756 159 is thinking
7756 145 is thinking
7756 158 is thinking
7756 45 is sleeping
7756 164 is thinking
7756 121 has taken a fork
7758 156 is thinking
7759 153 has taken a fork
7759 34 is sleeping
7760 92 has taken a fork
7760 66 is eating
7762 129 has taken a fork
7762 79 has taken a fork
7764 104 has taken a fork
7764 85 is eating
7764 17 is sleeping
7764 41 is sleeping
7764 113 has taken a fork
7764 51 is sleeping
7765 95 has taken a fork
7766 131 has taken a fork
7766 140 has taken a fork
7767 139 has taken a fork
7768 103 has taken a fork
7768 109 has taken a fork
7768 115 has taken a fork
7768 155 is thinking
7769 152 is thinking
7769 166 is thinking
7770 169 is thinking
7772 105 has taken a fork
7772 114 has taken a fork
7772 75 is eating
7772 127 has taken a fork
7772 74 is eating
7772 36 is sleeping
7772 148 has taken a fork
7772 119 has taken a fork
7772 128 has taken a fork
7772 30 is sleeping
7773 47 is sleeping
7773 69 is eating
7773 88 is eating
7774 141 has taken a fork
7774 125 has taken a fork
7774 73 is eating
7774 20 is sleeping
7774 96 is eating
7774 31 is sleeping
7774 161 is thinking
7774 132 has taken a fork
7774 70 is eating
7775 143 has taken a fork
7775 149 is thinking
7775 98 is eating
7775 11 is sleeping
7775 90 is eating
7775 39 is sleeping
7775 126 has taken a fork
7775 162 is thinking
7775 43 is sleeping
7775 146 is thinking
7776 147 has taken a fork
7776 142 has taken a fork
7776 97 has taken a fork
7776 49 is sleeping
7776 118 has taken a fork
7776 135 has taken a fork
7777 58 is sleeping
7777 54 is sleeping
7777 42 is sleeping
7777 27 is sleeping
7777 53 is sleeping
7777 136 has taken a fork
7777 55 is sleeping
7777 46 is sleeping
7777 144 has taken a fork
7777 137 has taken a fork
7777 101 is eating
7777 40 is sleeping
7777 56 is sleeping
7778 44 is sleeping
7778 177 is thinking
7778 16 is sleeping
7778 94 is eating
7778 176 is thinking
7778 163 has taken a fork
7778 123 has taken a fork
7778 89 is eating
7778 93 is eating
7778 110 has taken a fork
7778 60 is sleeping
7778 165 is thinking
7778 120 has taken a fork
7779 102 is eating
7779 179 is thinking
7779 91 is eating
7779 76 is eating
7779 48 is sleeping
7780 122 has taken a fork
7780 84 is eating
7781 50 is sleeping
7782 86 is eating
7782 168 is thinking
7782 106 is eating
7782 99 is eating
7783 83 is eating
7783 100 is eating
7783 133 has taken a fork
7783 124 has taken a fork
7783 107 is eating
7783 87 is eating
7783 130 has taken a fork
7784 138 has taken a fork
7785 112 is eating
7785 108 is eating
7786 116 has taken a fork
7787 167 is thinking
7788 193 is thinking
7788 111 has taken a fork
7788 63 is sleeping
7788 174 is thinking
7789 180 is thinking
7789 173 is thinking
7789 134 has taken a fork
7789 57 is sleeping
7789 117 has taken a fork
7790 151 has taken a fork
7790 52 is sleeping
7791 181 is thinking
7791 19 is sleeping
7792 150 has taken a fork
7792 77 is sleeping
7792 157 has taken a fork
7792 154 has taken a fork
7792 71 is sleeping
7792 175 is thinking
7792 160 has taken a fork
7792 68 is sleeping
7792 159 has taken a fork
7793 145 has taken a fork
7793 158 has taken a fork
7794 164 has taken a fork
7794 121 has taken a fork
7795 170 is thinking
7796 3 is thinking
7797 65 is sleeping
7797 190 is thinking
7798 156 has taken a fork
7798 172 is thinking
7798 64 is sleeping
7798 153 has taken a fork
7798 92 is eating
7798 191 is thinking
7798 61 is sleeping
7799 129 has taken a fork
7799 79 is eating
7800 104 is eating
7800 113 is eating
7800 95 is eating
7800 131 has taken a fork
7801 140 has taken a fork
7801 67 is sleeping
7802 139 has taken a fork
7802 103 is eating
7802 109 is eating
7802 115 is eating
7804 155 has taken a fork
7804 152 has taken a fork
7805 81 is sleeping
7805 166 has taken a fork
7805 192 is thinking
7805 62 is sleeping
7806 169 has taken a fork
7806 184 is thinking
7807 59 is sleeping
7807 199 is thinking
7807 105 is eating
7807 114 is eating
7807 127 is eating
7808 148 has taken a fork
7808 119 is eating
7809 128 is eating
7809 82 is sleeping
7810 187 is thinking
7812 196 is thinking
7813 141 has taken a fork
7813 194 is thinking
7814 125 has taken a fork
7814 132 has taken a fork
7814 161 has taken a fork
7814 7 is thinking
7815 188 is thinking
7817 26 is thinking
7817 171 is thinking
7818 189 is thinking
7818 143 has taken a fork
7820 149 has taken a fork
7820 126 has taken a fork
7820 162 has taken a fork
7820 146 has taken a fork
7820 147 has taken a fork
7820 142 has taken a fork
7820 97 is eating
7821 118 is eating
7822 198 is thinking
7823 135 has taken a fork
7823 29 is thinking
7823 136 has taken a fork
7823 144 has taken a fork
7824 137 has taken a fork
7824 80 is sleeping
7824 177 has taken a fork
7824 176 has taken a fork
7824 163 has taken a fork
7824 123 is eating
7824 110 is eating
7824 165 has taken a fork
7824 120 is eating
7824 185 is thinking
7824 179 has taken a fork
7824 9 is thinking
7824 8 is thinking
7825 78 is sleeping
7825 122 is eating
7825 21 is thinking
7825 18 is thinking
7826 23 is thinking
7826 168 has taken a fork
7826 72 is sleeping
7826 133 is eating
7827 124 is eating
7827 130 has taken a fork
7828 138 has taken a fork
7828 116 is eating
7828 66 is sleeping
7829 167 has taken a fork
7829 193 has taken a fork
7829 111 is eating
7829 174 has taken a fork
7829 85 is sleeping
7830 180 has taken a fork
7832 173 has taken a fork
7832 134 is eating
7832 117 is eating
7832 151 has taken a fork
7833 150 has taken a fork
7833 157 has taken a fork
7833 154 has taken a fork
7833 160 has taken a fork
7834 159 has taken a fork
7834 145 has taken a fork
7835 158 has taken a fork
7835 164 has taken a fork
7835 121 is eating
7835 156 has taken a fork
7836 153 is eating
7836 74 is sleeping
7836 75 is sleeping
7836 129 is eating
7837 181 has taken a fork
7838 175 has taken a fork
7838 131 is eating
7838 10 is thinking
7838 13 is thinking
7838 186 is thinking
7838 140 is eating
7838 4 is thinking
7839 1 is thinking
7839 69 is sleeping
7839 139 is eating
7839 88 is sleeping
7840 170 has taken a fork
7840 3 has taken a fork
7840 96 is sleeping
7840 73 is sleeping
7841 155 has taken a fork
7842 195 is thinking
7844 22 is thinking
7844 178 is thinking
7844 172 has taken a fork
7845 190 has taken a fork
7845 152 has taken a fork
7845 70 is sleeping
7846 166 has taken a fork
7847 191 has taken a fork
7849 200 is thinking
7850 169 has taken a fork
7850 98 is sleeping
7851 148 is eating
7851 2 is thinking
7851 192 has taken a fork
7852 5 is thinking
7852 90 is sleeping
7852 184 has taken a fork
7852 199 has taken a fork
7853 101 is sleeping
7853 197 is thinking
7853 6 is thinking
7853 91 is sleeping
7854 187 has taken a fork
7854 94 is sleeping
7854 89 is sleeping
7854 93 is sleeping
7854 102 is sleeping
7855 141 is eating
7855 194 has taken a fork
7855 76 is sleeping
7855 84 is sleeping
7856 196 has taken a fork
7856 125 is eating
7856 132 is eating
7856 161 has taken a fork
7856 7 has taken a fork
7856 86 is sleeping
7857 106 is sleeping
7857 188 has taken a fork
7857 100 is sleeping
7858 83 is sleeping
7858 99 is sleeping
7858 87 is sleeping
7858 107 is sleeping
7859 26 has taken a fork
7859 171 has taken a fork
7859 189 has taken a fork
7859 108 is sleeping
7859 112 is sleeping
7860 143 is eating
7860 149 has taken a fork
7860 126 is eating
7862 162 has taken a fork
7862 146 has taken a fork
7862 147 is eating
7863 142 is eating
7863 198 has taken a fork
7864 135 is eating
7866 29 has taken a fork
7866 136 is eating
7866 144 is eating
7866 137 is eating
7867 177 has taken a fork
7868 176 has taken a fork
7868 163 is eating
7868 165 has taken a fork
7869 185 has taken a fork
7871 179 has taken a fork
7872 9 has taken a fork
7872 8 has taken a fork
7873 21 has taken a fork
7873 18 has taken a fork
7873 182 is thinking
7874 23 has taken a fork
7874 183 is thinking
7874 14 is thinking
7875 168 has taken a fork
7875 92 is sleeping
7875 130 is eating
7875 104 is sleeping
7876 79 is sleeping
7876 138 is eating
7876 113 is sleeping
7877 167 has taken a fork
7878 193 has taken a fork
7879 174 has taken a fork
7879 95 is sleeping
7879 180 has taken a fork
7879 12 is thinking
7879 173 has taken a fork
7880 151 is eating
7881 115 is sleeping
7881 103 is sleeping
7881 109 is sleeping
7882 150 is eating
7882 157 is eating
7883 154 is eating
7884 160 is eating
7884 15 is thinking
7884 159 is eating
7884 145 is eating
7884 158 is eating
7885 164 is eating
7885 156 is eating
7885 105 is sleeping
7885 114 is sleeping
7886 181 has taken a fork
7887 37 is thinking
7887 175 has taken a fork
7887 127 is sleeping
7887 10 has taken a fork
7888 13 has taken a fork
7888 186 has taken a fork
7888 4 has taken a fork
7888 119 is sleeping
7889 1 has taken a fork
7891 128 is sleeping
7893 170 has taken a fork
7894 3 has taken a fork
7894 155 is eating
7894 195 has taken a fork
7895 35 is thinking
7896 28 is thinking
7897 22 has taken a fork
7897 24 is thinking
7898 178 has taken a fork
7898 172 has taken a fork
7898 190 has taken a fork
7898 152 is eating
7899 166 is eating
7899 33 is thinking
7899 191 has taken a fork
7899 32 is thinking
7900 200 has taken a fork
7900 169 is eating
7901 118 is sleeping
7901 97 is sleeping
7901 2 has taken a fork
7901 192 has taken a fork
7903 25 is thinking
7904 5 has taken a fork
7904 184 has taken a fork
7904 199 has taken a fork
7905 120 is sleeping
7905 123 is sleeping
7905 110 is sleeping
7905 197 has taken a fork
7905 6 has taken a fork
7905 187 has taken a fork
7906 194 has taken a fork
7906 122 is sleeping
7907 45 is thinking
7907 196 has taken a fork
7907 38 is thinking
7907 161 is eating
7907 7 has taken a fork
7908 133 is sleeping
7908 188 has taken a fork
7908 124 is sleeping
7909 34 is thinking
7909 26 has taken a fork
7909 171 has taken a fork
7909 189 has taken a fork
7909 116 is sleeping
7909 149 is eating
7910 111 is sleeping
7910 162 is eating
7910 146 is eating
7910 134 is sleeping
7910 117 is sleeping
7910 198 has taken a fork
7911 51 is thinking
7912 17 is thinking
7912 41 is thinking
7912 29 has taken a fork
7912 177 is eating
7912 121 is sleeping
7912 176 is eating
7912 165 is eating
7913 129 is sleeping
7913 153 is sleeping
7913 185 has taken a fork
7914 131 is sleeping
7914 140 is sleeping
7915 179 is eating
7915 139 is sleeping
7918 30 is thinking
7918 9 has taken a fork
7918 36 is thinking
7918 8 has taken a fork
7918 21 has taken a fork
7918 47 is thinking
7918 18 has taken a fork
7919 182 has taken a fork
7919 20 is thinking
7919 31 is thinking
7920 23 has taken a fork
7920 183 has taken a fork
7920 14 has taken a fork
7920 11 is thinking
7921 43 is thinking
7921 168 is eating
7922 39 is thinking
7922 49 is thinking
7924 58 is thinking
7924 54 is thinking
7924 42 is thinking
7925 55 is thinking
7925 53 is thinking
7926 46 is thinking
7927 40 is thinking
7927 27 is thinking
7927 167 is eating
7929 56 is thinking
7929 44 is thinking
7930 16 is thinking
7930 193 is eating
7930 60 is thinking
7930 174 is eating
7931 48 is thinking
7931 180 is eating
7931 12 has taken a fork
7932 173 is eating
7932 50 is thinking
7932 148 is sleeping
7933 15 has taken a fork
7933 181 is eating
7934 37 has taken a fork
7934 175 is eating
7934 10 has taken a fork
7935 13 has taken a fork
7935 141 is sleeping
7935 132 is sleeping
7935 125 is sleeping
7935 63 is thinking
7936 186 has taken a fork
7936 4 has taken a fork
7936 57 is thinking
7937 1 has taken a fork
7937 143 is sleeping
7937 19 is thinking
7937 52 is thinking
7938 71 is thinking
7940 77 is thinking
7941 68 is thinking
7941 170 is eating
7941 126 is sleeping
7941 3 is eating
7941 195 has taken a fork
7941 35 has taken a fork
7941 147 is sleeping
7941 142 is sleeping
7942 28 has taken a fork
7943 65 is thinking
7943 22 has taken a fork
7943 24 has taken a fork
7943 135 is sleeping
7944 61 is thinking
7944 64 is thinking
7945 178 has taken a fork
7945 172 is eating
7945 190 is eating
7945 136 is sleeping
7946 33 has taken a fork
7946 191 is eating
7947 32 has taken a fork
7947 144 is sleeping
7948 137 is sleeping
7948 200 has taken a fork
7949 163 is sleeping
7949 2 has taken a fork
7949 192 is eating
7952 25 has taken a fork
7953 67 is thinking
7954 5 has taken a fork
7954 184 is eating
7954 199 is eating
7955 62 is thinking
7956 81 is thinking
7956 197 has taken a fork
7957 6 has taken a fork
7957 187 is eating
7957 194 is eating
7959 59 is thinking
7961 45 has taken a fork
7961 196 is eating
7962 38 has taken a fork
7962 7 is eating
7962 188 is eating
7963 82 is thinking
7963 34 has taken a fork
7964 26 is eating
7964 171 is eating
7964 189 is eating
7964 130 is sleeping
7964 198 is eating
7965 138 is sleeping
7966 51 has taken a fork
7966 17 has taken a fork
7966 41 has taken a fork
7966 29 is eating
7966 185 is eating
7966 151 is sleeping
7966 30 has taken a fork
7966 9 is eating
7967 36 has taken a fork
7967 157 is sleeping
7968 8 is eating
7968 150 is sleeping
7968 21 is eating
7969 47 has taken a fork
7969 18 is eating
7969 154 is sleeping
7969 182 has taken a fork
7969 20 has taken a fork
7969 31 has taken a fork
7969 145 is sleeping
7969 23 is eating
7970 160 is sleeping
7970 183 has taken a fork
7970 158 is sleeping
7970 159 is sleeping
7970 14 has taken a fork
7971 11 has taken a fork
7972 164 is sleeping
7973 43 has taken a fork
7973 156 is sleeping
7974 39 has taken a fork
7975 49 has taken a fork
7975 58 has taken a fork
7976 80 is thinking
7976 54 has taken a fork
7977 42 has taken a fork
7978 78 is thinking
7978 55 has taken a fork
7979 53 has taken a fork
7980 72 is thinking
7980 46 has taken a fork
7980 40 has taken a fork
7980 27 has taken a fork
7981 66 is thinking
7982 56 has taken a fork
7982 44 has taken a fork
7983 16 has taken a fork
7984 85 is thinking
7986 60 has taken a fork
7986 155 is sleeping
7987 48 has taken a fork
7988 12 has taken a fork
7988 50 has taken a fork
7990 15 has taken a fork
7990 166 is sleeping
7990 152 is sleeping
7992 37 has taken a fork
7992 10 is eating
7992 13 is eating
7993 169 is sleeping
7993 63 has taken a fork
7994 186 is eating
7994 4 is eating
7994 57 has taken a fork
7994 74 is thinking
7994 75 is thinking
7994 1 is eating
7994 19 has taken a fork
7994 52 has taken a fork
7994 71 has taken a fork
7995 77 has taken a fork
7996 73 is thinking
7997 96 is thinking
7997 69 is thinking
7998 88 is thinking
7998 161 is sleeping
8000 68 has taken a fork
8002 195 is eating
8003 35 has taken a fork
8003 149 is sleeping
8004 28 has taken a fork
8004 146 is sleeping
8004 162 is sleeping
8004 65 has taken a fork
8004 22 is eating
8006 24 has taken a fork
8006 61 has taken a fork
8007 64 has taken a fork
8007 176 is sleeping
8007 177 is sleeping
8008 70 is thinking
8009 178 is eating
8009 165 is sleeping
8009 33 has taken a fork
8009 179 is sleeping
8010 32 has taken a fork
8011 200 is eating
8011 2 is eating
8012 98 is thinking
8014 90 is thinking
8015 25 has taken a fork
8015 168 is sleeping
8016 101 is thinking
8016 67 has taken a fork
8016 93 is thinking
8017 102 is thinking
8017 5 is eating
8020 94 is thinking
8021 91 is thinking
8021 89 is thinking
8021 84 is thinking
8022 76 is thinking
8022 62 has taken a fork
8022 86 is thinking
8023 81 has taken a fork
8023 197 is eating
8023 167 is sleeping
8023 106 is thinking
8023 100 is thinking
8023 6 is eating
8024 107 is thinking
8025 83 is thinking
8025 193 is sleeping
8025 87 is thinking
8025 99 is thinking
8025 112 is thinking
8025 108 is thinking
8025 59 has taken a fork
8025 174 is sleeping
8026 180 is sleeping
8026 45 has taken a fork
8026 173 is sleeping
8026 38 has taken a fork
8026 82 has taken a fork
8028 34 has taken a fork
8028 51 has taken a fork
8028 17 has taken a fork
8028 41 has taken a fork
8028 181 is sleeping
8028 175 is sleeping
8028 30 has taken a fork
8028 36 has taken a fork
8028 47 has taken a fork
8028 182 is eating
8029 20 has taken a fork
8029 31 has taken a fork
8029 183 is eating
8029 14 is eating
8029 11 has taken a fork
8030 170 is sleeping
8030 3 is sleeping
8030 43 has taken a fork
8030 39 has taken a fork
8030 190 is sleeping
8030 104 is thinking
8030 172 is sleeping
8030 92 is thinking
8030 49 has taken a fork
8030 58 has taken a fork
8030 191 is sleeping
8031 79 is thinking
8031 80 has taken a fork
8031 54 has taken a fork
8031 42 has taken a fork
8031 113 is thinking
8031 78 has taken a fork
8032 55 has taken a fork
8032 95 is thinking
8032 53 has taken a fork
8032 192 is sleeping
8032 72 has taken a fork
8033 46 has taken a fork
8033 40 has taken a fork
8033 27 has taken a fork
8033 103 is thinking
8033 115 is thinking
8034 66 has taken a fork
8035 109 is thinking
8035 56 has taken a fork
8035 184 is sleeping
8035 44 has taken a fork
8035 199 is sleeping
8035 16 has taken a fork
8036 85 has taken a fork
8036 187 is sleeping
8036 114 is thinking
8036 194 is sleeping
8036 60 has taken a fork
8036 105 is thinking
8036 127 is thinking
8036 48 has taken a fork
8036 12 is eating
8036 7 is sleeping
8036 196 is sleeping
8036 50 has taken a fork
8037 119 is thinking
8037 188 is sleeping
8037 15 is eating
8037 171 is sleeping
8037 189 is sleeping
8037 26 is sleeping
8039 128 is thinking
8039 37 is eating
8039 198 is sleeping
8039 63 has taken a fork
8039 57 has taken a fork
8041 74 has taken a fork
8042 75 has taken a fork
8042 19 has taken a fork
8042 52 has taken a fork
8042 71 has taken a fork
8042 29 is sleeping
8042 185 is sleeping
8042 9 is sleeping
8042 77 has taken a fork
8043 73 has taken a fork
8043 18 is sleeping
8043 8 is sleeping
8043 21 is sleeping
8046 96 has taken a fork
8050 69 has taken a fork
8050 23 is sleeping
8051 88 has taken a fork
8051 68 has taken a fork
8053 97 is thinking
8053 118 is thinking
8053 35 is eating
8053 28 is eating
8053 65 has taken a fork
8054 120 is thinking
8054 110 is thinking
8056 123 is thinking
8056 24 is eating
8056 61 has taken a fork
8056 122 is thinking
8056 64 has taken a fork
8057 124 is thinking
8057 133 is thinking
8057 70 has taken a fork
8058 116 is thinking
8059 33 is eating
8059 111 is thinking
8061 117 is thinking
8062 134 is thinking
8062 32 is eating
8062 121 is thinking
8063 98 has taken a fork
8063 129 is thinking
8063 153 is thinking
8063 140 is thinking
8063 131 is thinking
8064 90 has taken a fork
8064 13 is sleeping
8066 139 is thinking
8066 10 is sleeping
8066 25 is eating
8066 101 has taken a fork
8066 186 is sleeping
8066 4 is sleeping
8066 67 has taken a fork
8066 93 has taken a fork
8066 1 is sleeping
8066 102 has taken a fork
8067 94 has taken a fork
8067 91 has taken a fork
8067 89 has taken a fork
8068 84 has taken a fork
8069 195 is sleeping
8069 76 has taken a fork
8070 62 has taken a fork
8070 86 has taken a fork
8070 81 has taken a fork
8070 106 has taken a fork
8070 100 has taken a fork
8071 107 has taken a fork
8072 22 is sleeping
8072 83 has taken a fork
8073 87 has taken a fork
8073 99 has taken a fork
8073 112 has taken a fork
8073 108 has taken a fork
8073 59 has taken a fork
8073 45 is eating
8073 38 is eating
8073 82 has taken a fork
8074 178 is sleeping
8076 34 is eating
8077 51 is eating
8077 17 is eating
8077 41 is eating
8077 30 is eating
8077 36 is eating
8077 47 is eating
8077 20 is eating
8077 31 is eating
8078 11 is eating
8079 200 is sleeping
8079 43 is eating
8079 39 is eating
8080 104 has taken a fork
8080 92 has taken a fork
8081 49 is eating
8081 58 is eating
8081 2 is sleeping
8081 79 has taken a fork
8081 80 has taken a fork
8081 54 is eating
8081 42 is eating
8081 113 has taken a fork
8081 78 has taken a fork
8082 55 is eating
8082 148 is thinking
8083 95 has taken a fork
8083 53 is eating
8084 72 has taken a fork
8084 46 is eating
8084 40 is eating
8084 27 is eating
8084 103 has taken a fork
8084 115 has taken a fork
8084 66 has taken a fork
8084 141 is thinking
8084 125 is thinking
8084 109 has taken a fork
8084 5 is sleeping
8084 56 is eating
8084 44 is eating
8085 16 is eating
8085 132 is thinking
8086 85 has taken a fork
8088 114 has taken a fork
8088 60 is eating
8088 105 has taken a fork
8089 127 has taken a fork
8089 48 is eating
8089 50 is eating
8089 143 is thinking
8089 197 is sleeping
8090 119 has taken a fork
8091 63 is eating
8091 57 is eating
8091 6 is sleeping
8092 142 is thinking
8094 128 has taken a fork
8095 74 has taken a fork
8096 147 is thinking
8097 126 is thinking
8099 75 has taken a fork
8099 19 is eating
8099 52 is eating
8099 71 is eating
8100 77 is eating
8100 135 is thinking
8101 73 has taken a fork
8101 136 is thinking
8101 96 has taken a fork
8101 144 is thinking
8101 137 is thinking
8101 163 is thinking
8101 69 has taken a fork
8101 182 is sleeping
8101 88 has taken a fork
8101 68 is eating
8101 14 is sleeping
8101 183 is sleeping
8101 97 has taken a fork
8101 118 has taken a fork
8101 65 is eating
8101 120 has taken a fork
8101 61 is eating
8101 64 is eating
8106 70 has taken a fork
8106 12 is sleeping
8106 110 has taken a fork
8106 15 is sleeping
8107 123 has taken a fork
8109 98 has taken a fork
8109 37 is sleeping
8110 122 has taken a fork
8111 130 is thinking
8111 90 has taken a fork
8112 138 is thinking
8112 101 has taken a fork
8112 67 is eating
8112 93 has taken a fork
8113 151 is thinking
8113 102 has taken a fork
8114 157 is thinking
8114 94 has taken a fork
8114 91 has taken a fork
8115 89 has taken a fork
8116 150 is thinking
8116 84 has taken a fork
8116 154 is thinking
8116 145 is thinking
8117 76 has taken a fork
8117 62 is eating
8117 86 has taken a fork
8118 81 is eating
8118 106 has taken a fork
8118 100 has taken a fork
8118 159 is thinking
8119 160 is thinking
8120 158 is thinking
8121 107 has taken a fork
8121 164 is thinking
8122 83 has taken a fork
8122 87 has taken a fork
8122 99 has taken a fork
8123 112 has taken a fork
8123 108 has taken a fork
8123 59 is eating
8123 82 is eating
8123 35 is sleeping
8123 156 is thinking
8123 124 has taken a fork
8123 28 is sleeping
8124 133 has taken a fork
8124 24 is sleeping
8125 116 has taken a fork
8125 33 is sleeping
8127 111 has taken a fork
8128 104 has taken a fork
8128 92 has taken a fork
8128 32 is sleeping
8128 79 has taken a fork
8128 80 is eating
8128 113 has taken a fork
8128 78 is eating
8129 117 has taken a fork
8129 95 has taken a fork
8130 72 is eating
8130 103 has taken a fork
8130 115 has taken a fork
8130 66 is eating
8130 109 has taken a fork
8131 25 is sleeping
8131 134 has taken a fork
8131 155 is thinking
8132 85 is eating
8132 114 has taken a fork
8133 105 has taken a fork
8133 127 has taken a fork
8133 38 is sleeping
8133 121 has taken a fork
8133 119 has taken a fork
8133 152 is thinking
8134 166 is thinking
8134 45 is sleeping
8135 129 has taken a fork
8135 51 is sleeping
8135 169 is thinking
8135 128 has taken a fork
8135 34 is sleeping
8136 140 has taken a fork
8136 41 is sleeping
8136 17 is sleeping
8136 131 has taken a fork
8136 153 has taken a fork
8136 74 is eating
8137 139 has taken a fork
8137 31 is sleeping
8137 20 is sleeping
8137 30 is sleeping
8137 36 is sleeping
8137 47 is sleeping
8137 161 is thinking
8137 11 is sleeping
8137 142 has taken a fork
8137 148 has taken a fork
8137 141 has taken a fork
8137 125 has taken a fork
8137 75 is eating
8138 143 has taken a fork
8138 132 has taken a fork
8138 43 is sleeping
8138 39 is sleeping
8139 126 has taken a fork
8139 73 is eating
8139 96 is eating
8139 69 is eating
8140 88 is eating
8140 97 has taken a fork
8141 118 has taken a fork
8143 120 has taken a fork
8143 147 has taken a fork
8143 49 is sleeping
8143 135 has taken a fork
8143 58 is sleeping
8143 42 is sleeping
8143 54 is sleeping
8143 137 has taken a fork
8143 162 is thinking
8144 53 is sleeping
8144 146 is thinking
8144 46 is sleeping
8144 149 is thinking
8144 136 has taken a fork
8144 144 has taken a fork
8144 55 is sleeping
8144 163 has taken a fork
8145 27 is sleeping
8145 40 is sleeping
8145 70 is eating
8145 110 has taken a fork
8145 56 is sleeping
8145 176 is thinking
8146 177 is thinking
8146 44 is sleeping
8146 123 has taken a fork
8147 16 is sleeping
8147 165 is thinking
8147 179 is thinking
8148 60 is sleeping
8148 98 is eating
8148 48 is sleeping
8148 122 has taken a fork
8148 50 is sleeping
8148 130 has taken a fork
8148 90 is eating
8148 138 has taken a fork
8148 101 is eating
8148 93 is eating
8149 63 is sleeping
8149 151 has taken a fork
8149 102 is eating
8149 57 is sleeping
8149 157 has taken a fork
8149 94 is eating
8149 91 is eating
8149 168 is thinking
8149 89 is eating
8149 150 has taken a fork
8150 84 is eating
8150 154 has taken a fork
8150 145 has taken a fork
8150 76 is eating
8150 86 is eating
8151 52 is sleeping
8151 19 is sleeping
8151 106 is eating
8151 100 is eating
8151 159 has taken a fork
8152 71 is sleeping
8152 160 has taken a fork
8152 158 has taken a fork
8152 77 is sleeping
8152 68 is sleeping
8152 107 is eating
8152 164 has taken a fork
8153 65 is sleeping
8153 83 is eating
8153 87 is eating
8153 99 is eating
8153 112 is eating
8153 108 is eating
8153 61 is sleeping
8153 167 is thinking
8153 64 is sleeping
8154 156 has taken a fork
8154 124 has taken a fork
8154 133 has taken a fork
8154 174 is thinking
8157 193 is thinking
8157 116 has taken a fork
8158 173 is thinking
8159 180 is thinking
8160 111 has taken a fork
8161 175 is thinking
8162 181 is thinking
8162 104 is eating
8162 92 is eating
8163 79 is eating
8163 113 is eating
8163 117 has taken a fork
8163 95 is eating
8164 172 is thinking
8164 3 is thinking
8164 190 is thinking
8165 191 is thinking
8165 103 is eating
8165 170 is thinking
8165 115 is eating
8165 109 is eating
8166 134 has taken a fork
8166 155 has taken a fork
8167 192 is thinking
8168 114 is eating
8168 105 is eating
8168 127 is eating
8168 121 has taken a fork
8169 67 is sleeping
8170 119 is eating
8170 152 has taken a fork
8171 166 has taken a fork
8172 199 is thinking
8173 184 is thinking
8173 129 has taken a fork
8174 169 has taken a fork
8175 128 is eating
8175 62 is sleeping
8175 7 is thinking
8175 196 is thinking
8177 194 is thinking
8179 187 is thinking
8180 140 has taken a fork
8180 131 has taken a fork
8181 153 has taken a fork
8181 139 has taken a fork
8181 189 is thinking
8182 171 is thinking
8182 81 is sleeping
8183 188 is thinking
8184 161 has taken a fork
8185 26 is thinking
8185 142 has taken a fork
8186 148 has taken a fork
8186 141 has taken a fork
8186 125 has taken a fork
8186 143 has taken a fork
8187 132 has taken a fork
8187 198 is thinking
8187 126 has taken a fork
8187 97 is eating
8188 59 is sleeping
8188 118 is eating
8188 185 is thinking
8191 9 is thinking
8192 29 is thinking
8192 82 is sleeping
8193 21 is thinking
8193 8 is thinking
8194 18 is thinking
8194 120 is eating
8194 147 has taken a fork
8194 135 has taken a fork
8195 137 has taken a fork
8196 162 has taken a fork
8196 146 has taken a fork
8196 149 has taken a fork
8197 136 has taken a fork
8197 144 has taken a fork
8197 163 has taken a fork
8197 110 is eating
8197 176 has taken a fork
8197 177 has taken a fork
8197 123 is eating
8199 165 has taken a fork
8199 179 has taken a fork
8200 122 is eating
8201 130 has taken a fork
8202 138 has taken a fork
8202 151 has taken a fork
8202 157 has taken a fork
8202 168 has taken a fork
8202 150 has taken a fork
8202 154 has taken a fork
8202 145 has taken a fork
8202 23 is thinking
8202 159 has taken a fork
8202 160 has taken a fork
8203 158 has taken a fork
8203 80 is sleeping
8203 164 has taken a fork
8203 78 is sleeping
8204 167 has taken a fork
8204 156 has taken a fork
8205 124 is eating
8205 133 is eating
8205 72 is sleeping
8206 66 is sleeping
8207 174 has taken a fork
8207 193 has taken a fork
8208 116 is eating
8208 85 is sleeping
8209 173 has taken a fork
8209 180 has taken a fork
8209 111 is eating
8210 117 is eating
8210 13 is thinking
8210 74 is sleeping
8210 175 has taken a fork
8211 10 is thinking
8211 186 is thinking
8212 4 is thinking
8212 134 is eating
8212 1 is thinking
8213 75 is sleeping
8213 155 has taken a fork
8213 181 has taken a fork
8213 96 is sleeping
8213 69 is sleeping
8213 73 is sleeping
8213 121 is eating
8213 88 is sleeping
8213 195 is thinking
8213 191 has taken a fork
8214 3 has taken a fork
8215 190 has taken a fork
8215 172 has taken a fork
8216 152 has taken a fork
8216 166 has taken a fork
8216 22 is thinking
8216 129 is eating
8216 178 is thinking
8216 169 has taken a fork
8217 70 is sleeping
8217 170 has taken a fork
8217 200 is thinking
8217 131 is eating
8217 140 is eating
8218 98 is sleeping
8219 153 is eating
8219 90 is sleeping
8219 199 has taken a fork
8219 192 has taken a fork
8219 139 is eating
8219 93 is sleeping
8219 101 is sleeping
8220 2 is thinking
8221 184 has taken a fork
8221 7 has taken a fork
8221 102 is sleeping
8221 196 has taken a fork
8222 5 is thinking
8222 161 has taken a fork
8222 91 is sleeping
8223 94 is sleeping
8223 89 is sleeping
8223 142 is eating
8223 86 is sleeping
8224 76 is sleeping
8224 148 is eating
8224 84 is sleeping
8225 141 is eating
8225 125 is eating
8226 143 is eating
8226 100 is sleeping
8226 106 is sleeping
8226 132 is eating
8227 198 has taken a fork
8229 189 has taken a fork
8230 187 has taken a fork
8231 188 has taken a fork
8232 171 has taken a fork
8233 26 has taken a fork
8235 194 has taken a fork
8235 126 is eating
8236 107 is sleeping
8237 185 has taken a fork
8237 108 is sleeping
8237 87 is sleeping
8237 83 is sleeping
8237 112 is sleeping
8238 99 is sleeping
8238 6 is thinking
8239 197 is thinking
8239 9 has taken a fork
8240 29 has taken a fork
8242 21 has taken a fork
8243 8 has taken a fork
8244 18 has taken a fork
8245 147 is eating
8246 135 is eating
8246 137 is eating
8246 92 is sleeping
8246 104 is sleeping
8246 162 has taken a fork
8246 146 has taken a fork
8246 149 has taken a fork
8247 136 is eating
8247 113 is sleeping
8247 144 is eating
8248 163 is eating
8248 79 is sleeping
8248 176 has taken a fork
8249 177 has taken a fork
8249 95 is sleeping
8249 103 is sleeping
8250 115 is sleeping
8250 165 has taken a fork
8254 179 has taken a fork
8255 109 is sleeping
8255 183 is thinking
8255 14 is thinking
8256 182 is thinking
8256 130 is eating
8256 127 is sleeping
8256 105 is sleeping
8256 114 is sleeping
8257 138 is eating
8257 151 is eating
8257 157 is eating
8258 168 has taken a fork
8258 150 is eating
8258 154 is eating
8258 145 is eating
8258 159 is eating
8259 23 has taken a fork
8259 160 is eating
8260 158 is eating
8260 164 is eating
8260 119 is sleeping
8260 167 has taken a fork
8261 156 is eating
8261 12 is thinking
8263 15 is thinking
8265 174 has taken a fork
8265 193 has taken a fork
8266 128 is sleeping
8266 37 is thinking
8266 173 has taken a fork
8267 180 has taken a fork
8269 13 has taken a fork
8272 175 has taken a fork
8272 10 has taken a fork
8272 186 has taken a fork
8272 4 has taken a fork
8273 1 has taken a fork
8273 155 is eating
8273 181 has taken a fork
8273 195 has taken a fork
8273 191 has taken a fork
8273 3 has taken a fork
8273 190 has taken a fork
8273 172 has taken a fork
8273 152 is eating
8273 166 is eating
8274 22 has taken a fork
8274 178 has taken a fork
8274 169 is eating
8274 170 has taken a fork
8274 200 has taken a fork
8274 199 has taken a fork
8274 192 has taken a fork
8275 2 has taken a fork
8275 97 is sleeping
8275 184 has taken a fork
8275 7 has taken a fork
8275 118 is sleeping
8275 196 has taken a fork
8276 5 has taken a fork
8276 161 is eating
8277 35 is thinking
8277 28 is thinking
8277 120 is sleeping
8277 24 is thinking
8277 33 is thinking
8277 198 has taken a fork
8277 110 is sleeping
8277 32 is thinking
8277 189 has taken a fork
8278 123 is sleeping
8278 187 has taken a fork
8278 25 is thinking
8279 188 has taken a fork
8279 122 is sleeping
8279 38 is thinking
8279 171 has taken a fork
8279 45 is thinking
8281 26 has taken a fork
8282 194 has taken a fork
8282 51 is thinking
8283 34 is thinking
8283 17 is thinking
8283 41 is thinking
8285 31 is thinking
8285 11 is thinking
8285 36 is thinking
8286 47 is thinking
8286 20 is thinking
8286 185 has taken a fork
8286 30 is thinking
8286 43 is thinking
8286 6 has taken a fork
8287 39 is thinking
8288 197 has taken a fork
8288 9 has taken a fork
8288 133 is sleeping
8288 124 is sleeping
8289 29 has taken a fork
8290 21 has taken a fork
8290 54 is thinking
8291 49 is thinking
8291 42 is thinking
8291 58 is thinking
8291 116 is sleeping
8291 8 has taken a fork
8292 55 is thinking
8292 53 is thinking
8292 46 is thinking
8292 40 is thinking
8292 111 is sleeping
8292 18 has taken a fork
8292 56 is thinking
8292 27 is thinking
8292 44 is thinking
8292 117 is sleeping
8293 162 is eating
8293 146 is eating
8293 149 is eating
8293 16 is thinking
8293 60 is thinking
8293 50 is thinking
8293 48 is thinking
8293 176 is eating
8293 177 is eating
8293 57 is thinking
8293 134 is sleeping
8294 63 is thinking
8294 165 is eating
8294 52 is thinking
8295 19 is thinking
8296 121 is sleeping
8296 71 is thinking
8297 68 is thinking
8297 77 is thinking
8297 61 is thinking
8297 64 is thinking
8297 65 is thinking
8297 129 is sleeping
8298 179 is eating
8298 183 has taken a fork
8298 131 is sleeping
8299 14 has taken a fork
8299 182 has taken a fork
8299 140 is sleeping
8299 153 is sleeping
8299 139 is sleeping
8300 168 is eating
8301 23 has taken a fork
8301 167 is eating
8301 142 is sleeping
8301 12 has taken a fork
8301 141 is sleeping
8301 148 is sleeping
8301 125 is sleeping
8302 132 is sleeping
8302 143 is sleeping
8302 15 has taken a fork
8302 193 is eating
8304 37 has taken a fork
8305 173 is eating
8305 174 is eating
8305 180 is eating
8305 126 is sleeping
8305 67 is thinking
8305 13 has taken a fork
8306 175 is eating
8306 10 has taken a fork
8306 186 has taken a fork
8306 4 has taken a fork
8306 1 has taken a fork
8306 147 is sleeping
8306 181 is eating
8306 195 has taken a fork
8306 191 is eating
8307 3 is eating
8307 190 is eating
8307 172 is eating
8307 135 is sleeping
8307 22 has taken a fork
8307 178 has taken a fork
8307 170 is eating
8307 200 has taken a fork
8307 199 is eating
8307 192 is eating
8307 137 is sleeping
8307 2 has taken a fork
8307 184 is eating
8307 7 is eating
8308 196 is eating
8308 136 is sleeping
8308 5 has taken a fork
8309 62 is thinking
8310 35 has taken a fork
8311 28 has taken a fork
8311 163 is sleeping
8311 144 is sleeping
8312 24 has taken a fork
8314 33 has taken a fork
8314 198 is eating
8315 32 has taken a fork
8315 189 is eating
8315 187 is eating
8316 25 has taken a fork
8316 188 is eating
8317 38 has taken a fork
8317 171 is eating
8317 45 has taken a fork
8317 26 is eating
8317 81 is thinking
8317 194 is eating
8318 51 has taken a fork
8320 34 has taken a fork
8321 17 has taken a fork
8321 41 has taken a fork
8321 130 is sleeping
8321 138 is sleeping
8321 151 is sleeping
8322 31 has taken a fork
8322 11 has taken a fork
8323 36 has taken a fork
8323 157 is sleeping
8323 47 has taken a fork
8324 20 has taken a fork
8326 185 is eating
8326 30 has taken a fork
8328 43 has taken a fork
8328 6 has taken a fork
8328 154 is sleeping
8328 150 is sleeping
8328 145 is sleeping
8328 39 has taken a fork
8328 159 is sleeping
8329 197 has taken a fork
8329 9 is eating
8329 59 is thinking
8329 160 is sleeping
8332 29 is eating
8332 158 is sleeping
8334 21 is eating
8338 54 has taken a fork
8339 49 has taken a fork
8343 42 has taken a fork
8344 58 has taken a fork
8344 164 is sleeping
8344 8 is eating
8345 55 has taken a fork
8345 156 is sleeping
8346 53 has taken a fork
8347 82 is thinking
8347 46 has taken a fork
8347 40 has taken a fork
8348 18 is eating
8351 56 has taken a fork
8352 27 has taken a fork
8353 44 has taken a fork
8354 16 has taken a fork
8354 60 has taken a fork
8356 50 has taken a fork
8356 48 has taken a fork
8356 57 has taken a fork
8357 63 has taken a fork
8358 183 has taken a fork
8359 14 has taken a fork
8360 182 has taken a fork
8360 23 is eating
8360 12 has taken a fork
8360 155 is sleeping
8361 52 has taken a fork
8361 15 has taken a fork
8361 78 is thinking
8362 80 is thinking
8362 152 is sleeping
8362 166 is sleeping
8363 19 has taken a fork
8363 71 has taken a fork
8365 37 has taken a fork
8365 169 is sleeping
8366 72 is thinking
8367 68 has taken a fork
8367 13 is eating
8367 66 is thinking
8368 10 is eating
8368 186 is eating
8368 4 is eating
8368 1 is eating
8368 195 is eating
8368 161 is sleeping
8368 77 has taken a fork
8368 22 is eating
8368 178 is eating
8368 200 is eating
8369 2 is eating
8369 85 is thinking
8369 5 is eating
8370 35 has taken a fork
8370 74 is thinking
8370 28 has taken a fork
8372 24 has taken a fork
8373 75 is thinking
8373 73 is thinking
8375 69 is thinking
8375 33 has taken a fork
8375 88 is thinking
8376 96 is thinking
8377 32 has taken a fork
8377 25 has taken a fork
8378 38 has taken a fork
8378 70 is thinking
8379 45 has taken a fork
8379 162 is sleeping
8380 61 has taken a fork
8380 51 has taken a fork
8381 98 is thinking
8381 90 is thinking
8381 149 is sleeping
8381 176 is sleeping
8381 64 has taken a fork
8381 65 has taken a fork
8381 146 is sleeping
8381 177 is sleeping
8382 62 has taken a fork
8383 34 has taken a fork
8383 101 is thinking
8384 93 is thinking
8384 67 has taken a fork
8385 17 has taken a fork
8385 165 is sleeping
8385 102 is thinking
8386 41 has taken a fork
8387 81 has taken a fork
8388 31 has taken a fork
8388 91 is thinking
8388 11 has taken a fork
8389 94 is thinking
8390 179 is sleeping
8390 36 has taken a fork
8390 86 is thinking
8391 89 is thinking
8391 47 has taken a fork
8392 76 is thinking
8392 84 is thinking
8393 20 has taken a fork
8393 30 has taken a fork
8394 100 is thinking
8395 168 is sleeping
8395 106 is thinking
8396 167 is sleeping
8396 43 has taken a fork
8397 6 is eating
8397 39 has taken a fork
8397 197 is eating
8397 59 has taken a fork
8397 174 is sleeping
8397 193 is sleeping
8397 180 is sleeping
8397 173 is sleeping
8398 112 is thinking
8398 181 is sleeping
8399 3 is sleeping
8399 191 is sleeping
8399 190 is sleeping
8399 175 is sleeping
8399 107 is thinking
8399 172 is sleeping
8399 54 has taken a fork
8400 108 is thinking
8401 87 is thinking
8401 83 is thinking
8402 99 is thinking
8402 49 has taken a fork
8402 170 is sleeping
8402 42 has taken a fork
8402 199 is sleeping
8402 192 is sleeping
8402 58 has taken a fork
8402 184 is sleeping
8402 7 is sleeping
8402 55 has taken a fork
8403 104 is thinking
8403 92 is thinking
8403 53 has taken a fork
8403 196 is sleeping
8403 82 has taken a fork
8403 46 has taken a fork
8404 113 is thinking
8404 40 has taken a fork
8404 79 is thinking
8404 95 is thinking
8405 103 is thinking
8405 187 is sleeping
8405 189 is sleeping
8405 56 has taken a fork
8405 198 is sleeping
8406 115 is thinking
8406 188 is sleeping
8406 171 is sleeping
8406 27 has taken a fork
8406 26 is sleeping
8406 194 is sleeping
8406 44 has taken a fork
8406 16 has taken a fork
8406 109 is thinking
8406 60 has taken a fork
8407 114 is thinking
8407 50 has taken a fork
8408 127 is thinking
8408 105 is thinking
8408 48 has taken a fork
8408 57 has taken a fork
8408 185 is sleeping
8408 63 has taken a fork
8408 183 is eating
8408 14 is eating
8409 119 is thinking
8409 182 is eating
8409 12 is eating
8410 9 is sleeping
8410 52 has taken a fork
8410 15 is eating
8410 78 has taken a fork
8410 80 has taken a fork
8410 29 is sleeping
8410 19 has taken a fork
8410 71 has taken a fork
8410 37 is eating
8410 21 is sleeping
8411 128 is thinking
8411 72 has taken a fork
8411 68 has taken a fork
8411 66 has taken a fork
8411 77 has taken a fork
8411 8 is sleeping
8411 85 has taken a fork
8411 35 is eating
8411 74 has taken a fork
8411 18 is sleeping
8411 28 is eating
8411 24 is eating
8411 75 has taken a fork
8411 73 has taken a fork
8412 97 is thinking
8413 69 has taken a fork
8413 33 is eating
8413 118 is thinking
8413 88 has taken a fork
8414 96 has taken a fork
8415 110 is thinking
8415 32 is eating
8415 120 is thinking
8416 25 is eating
8416 38 is eating
8417 123 is thinking
8417 70 has taken a fork
8417 122 is thinking
8417 45 is eating
8417 61 has taken a fork
8417 51 is eating
8417 98 has taken a fork
8418 90 has taken a fork
8418 64 has taken a fork
8418 65 has taken a fork
8419 23 is sleeping
8419 62 has taken a fork
8419 34 is eating
8419 101 has taken a fork
8420 93 has taken a fork
8420 67 has taken a fork
8420 17 is eating
8421 102 has taken a fork
8421 41 is eating
8422 81 has taken a fork
8425 31 is eating
8431 124 is thinking
8437 133 is thinking
8438 91 has taken a fork
8438 11 is eating
8438 13 is sleeping
8438 94 has taken a fork
8438 36 is eating
8438 86 has taken a fork
8438 186 is sleeping
8438 1 is sleeping
8438 10 is sleeping
8438 116 is thinking
8438 4 is sleeping
8438 89 has taken a fork
8438 195 is sleeping
8439 47 is eating
8443 117 is thinking
8444 178 is sleeping
8444 76 has taken a fork
8446 111 is thinking
8446 22 is sleeping
8446 84 has taken a fork
8447 200 is sleeping
8447 20 is eating
8448 134 is thinking
8448 30 is eating
8450 100 has taken a fork
8450 2 is sleeping
8450 106 has taken a fork
8450 5 is sleeping
8450 43 is eating
8451 121 is thinking
8451 129 is thinking
8451 39 is eating
8451 59 has taken a fork
8452 131 is thinking
8453 112 has taken a fork
8454 153 is thinking
8455 140 is thinking
8456 139 is thinking
8456 107 has taken a fork
8456 54 is eating
8457 108 has taken a fork
8458 148 is thinking
8459 141 is thinking
8461 125 is thinking
8465 87 has taken a fork
8468 83 has taken a fork
8474 142 is thinking
8474 49 is eating
8475 143 is thinking
8477 99 has taken a fork
8478 132 is thinking
8479 42 is eating
8479 58 is eating
8479 55 is eating
8483 104 has taken a fork
8491 92 has taken a fork
8491 53 is eating
8491 82 has taken a fork
8492 46 is eating
8493 113 has taken a fork
8493 40 is eating
8496 79 has taken a fork
8498 95 has taken a fork
8499 103 has taken a fork
8501 126 is thinking
8501 56 is eating
8502 115 has taken a fork
8503 147 is thinking
8503 27 is eating
8503 44 is eating
8503 16 is eating
8504 109 has taken a fork
8504 60 is eating
8504 137 is thinking
8504 114 has taken a fork
8505 135 is thinking
8505 50 is eating
8506 136 is thinking
8506 127 has taken a fork
8506 105 has taken a fork
8506 48 is eating
8507 57 is eating
8507 63 is eating
8507 52 is eating
8507 78 has taken a fork
8507 80 has taken a fork
8507 19 is eating
8507 71 is eating
8507 163 is thinking
8507 72 has taken a fork
8507 68 is eating
8507 144 is thinking
8507 66 has taken a fork
8507 77 is eating
8508 85 has taken a fork
8508 74 has taken a fork
8508 75 has taken a fork
8508 73 has taken a fork
8508 69 has taken a fork
8508 88 has taken a fork
8508 96 has taken a fork
8508 70 has taken a fork
8508 61 is eating
8508 98 has taken a fork
8508 197 is sleeping
8509 6 is sleeping
8509 90 has taken a fork
8509 119 has taken a fork
8509 128 has taken a fork
8509 64 is eating
8509 65 is eating
8509 62 is eating
8509 101 has taken a fork
8510 93 has taken a fork
8510 67 is eating
8510 102 has taken a fork
8510 130 is thinking
8511 138 is thinking
8511 151 is thinking
8511 81 is eating
8512 157 is thinking
8513 145 is thinking
8513 159 is thinking
8514 154 is thinking
8515 150 is thinking
8518 160 is thinking
8519 14 is sleeping
8519 183 is sleeping
8519 182 is sleeping
8520 12 is sleeping
8520 15 is sleeping
8521 158 is thinking
8522 118 has taken a fork
8522 110 has taken a fork
8522 120 has taken a fork
8522 123 has taken a fork
8522 97 has taken a fork
8522 37 is sleeping
8524 91 has taken a fork
8524 94 has taken a fork
8525 86 has taken a fork
8525 89 has taken a fork
8525 122 has taken a fork
8525 28 is sleeping
8525 35 is sleeping
8525 24 is sleeping
8525 164 is thinking
8525 76 has taken a fork
8525 33 is sleeping
8526 32 is sleeping
8526 156 is thinking
8526 124 has taken a fork
8526 116 has taken a fork
8526 111 has taken a fork
8526 117 has taken a fork
8526 133 has taken a fork
8526 84 has taken a fork
8526 25 is sleeping
8527 45 is sleeping
8527 38 is sleeping
8527 134 has taken a fork
8527 51 is sleeping
8527 100 has taken a fork
8528 106 has taken a fork
8528 34 is sleeping
8529 121 has taken a fork
8529 129 has taken a fork
8529 59 is eating
8530 41 is sleeping
8530 17 is sleeping
8530 131 has taken a fork
8530 112 has taken a fork
8530 153 has taken a fork
8530 31 is sleeping
8530 140 has taken a fork
8530 139 has taken a fork
8530 107 has taken a fork
8533 108 has taken a fork
8533 148 has taken a fork
8534 155 is thinking
8534 11 is sleeping
8534 36 is sleeping
8534 125 has taken a fork
8535 152 is thinking
8538 166 is thinking
8538 47 is sleeping
8538 169 is thinking
8538 141 has taken a fork
8538 87 has taken a fork
8538 30 is sleeping
8538 20 is sleeping
8538 43 is sleeping
8538 161 is thinking
8538 83 has taken a fork
8538 39 is sleeping
8538 54 is sleeping
8539 142 has taken a fork
8540 143 has taken a fork
8543 99 has taken a fork
8543 132 has taken a fork
8545 176 is thinking
8545 177 is thinking
8545 49 is sleeping
8546 146 is thinking
8546 162 is thinking
8546 149 is thinking
8546 104 has taken a fork
8546 58 is sleeping
8546 42 is sleeping
8546 55 is sleeping
8547 179 is thinking
8548 165 is thinking
8548 92 has taken a fork
8548 82 is eating
8548 53 is sleeping
8548 46 is sleeping
8549 113 has taken a fork
8549 40 is sleeping
8550 168 is thinking
8551 167 is thinking
8551 79 has taken a fork
8553 173 is thinking
8554 174 is thinking
8555 180 is thinking
8555 193 is thinking
8556 181 is thinking
8557 190 is thinking
8558 3 is thinking
8558 175 is thinking
8558 172 is thinking
8558 191 is thinking
8559 103 has taken a fork
8559 95 has taken a fork
8559 126 has taken a fork
8559 56 is sleeping
8559 192 is thinking
8559 184 is thinking
8559 115 has taken a fork
8559 199 is thinking
8559 7 is thinking
8559 170 is thinking
8559 196 is thinking
8559 27 is sleeping
8561 147 has taken a fork
8561 16 is sleeping
8561 44 is sleeping
8561 109 has taken a fork
8561 60 is sleeping
8561 137 has taken a fork
8562 114 has taken a fork
8564 187 is thinking
8566 198 is thinking
8568 189 is thinking
8569 135 has taken a fork
8569 50 is sleeping
8573 188 is thinking
8578 194 is thinking
8580 26 is thinking
8584 171 is thinking
8587 136 has taken a fork
8587 127 has taken a fork
8588 105 has taken a fork
8588 48 is sleeping
8588 57 is sleeping
8588 63 is sleeping
8588 52 is sleeping
8588 78 is eating
8588 80 is eating
8588 19 is sleeping
8588 71 is sleeping
8589 163 has taken a fork
8589 72 is eating
8589 68 is sleeping
8589 144 has taken a fork
8589 66 is eating
8589 77 is sleeping
8589 85 is eating
8592 185 is thinking
8592 74 is eating
8595 75 is eating
8595 73 is eating
8595 69 is eating
8595 88 is eating
8595 96 is eating
8595 70 is eating
8595 98 is eating
8596 90 is eating
8596 119 has taken a fork
8599 128 has taken a fork
8599 101 is eating
8599 21 is thinking
8603 9 is thinking
8603 29 is thinking
8607 93 is eating
8607 102 is eating
8607 130 has taken a fork
8610 18 is thinking
8614 138 has taken a fork
8616 8 is thinking
8618 151 has taken a fork
8620 157 has taken a fork
8620 61 is sleeping
8620 145 has taken a fork
8621 159 has taken a fork
8621 65 is sleeping
8621 64 is sleeping
8625 154 has taken a fork
8625 62 is sleeping
8626 67 is sleeping
8626 81 is sleeping
8629 150 has taken a fork
8630 23 is thinking
8634 160 has taken a fork
8635 158 has taken a fork
8635 118 has taken a fork
8635 110 has taken a fork
8635 120 has taken a fork
8635 123 has taken a fork
8635 97 has taken a fork
8638 91 is eating
8639 94 is eating
8643 86 is eating
8643 89 is eating
8643 122 has taken a fork
8643 164 has taken a fork
8643 76 is eating
8643 156 has taken a fork
8644 124 has taken a fork
8644 116 has taken a fork
8645 111 has taken a fork
8645 117 has taken a fork
8647 133 has taken a fork
8647 84 is eating
8647 134 has taken a fork
8647 100 is eating
8647 106 is eating
8647 121 has taken a fork
8647 129 has taken a fork
8647 59 is sleeping
8647 131 has taken a fork
8647 112 is eating
8647 153 has taken a fork
8647 140 has taken a fork
8647 139 has taken a fork
8647 107 is eating
8647 108 is eating
8647 148 has taken a fork
8647 155 has taken a fork
8647 125 has taken a fork
8647 166 has taken a fork
8647 152 has taken a fork
8647 169 has taken a fork
8647 1 is thinking
8647 141 has taken a fork
8647 87 is eating
8647 161 has taken a fork
8647 186 is thinking
8647 83 is eating
8648 13 is thinking
8648 10 is thinking
8648 4 is thinking
8648 195 is thinking
8648 142 has taken a fork
8648 143 has taken a fork
8648 99 is eating
8648 132 has taken a fork
8648 178 is thinking
8648 176 has taken a fork
8648 177 has taken a fork
8648 146 has taken a fork
8648 162 has taken a fork
8648 149 has taken a fork
8648 104 is eating
8648 200 is thinking
8648 22 is thinking
8648 179 has taken a fork
8649 165 has taken a fork
8649 92 is eating
8649 82 is sleeping
8656 113 is eating
8656 2 is thinking
8656 5 is thinking
8656 168 has taken a fork
8656 79 is eating
8656 103 is eating
8656 95 is eating
8656 126 has taken a fork
8656 115 is eating
8656 147 has taken a fork
8656 109 is eating
8656 137 has taken a fork
8656 114 is eating
8656 135 has taken a fork
8656 136 has taken a fork
8657 127 is eating
8657 105 is eating
8657 78 is sleeping
8657 80 is sleeping
8657 163 has taken a fork
8657 72 is sleeping
8657 174 has taken a fork
8658 144 has taken a fork
8658 66 is sleeping
8658 85 is sleeping
8658 180 has taken a fork
8658 173 has taken a fork
8658 167 has taken a fork
8658 193 has taken a fork
8658 74 is sleeping
8658 75 is sleeping
8658 181 has taken a fork
8658 69 is sleeping
8658 73 is sleeping
8658 88 is sleeping
8658 70 is sleeping
8658 96 is sleeping
8658 98 is sleeping
8658 172 has taken a fork
8658 191 has taken a fork
8658 90 is sleeping
8658 119 is eating
8659 199 has taken a fork
8659 190 has taken a fork
8660 128 is eating
8661 3 has taken a fork
8661 184 has taken a fork
8661 175 has taken a fork
8662 192 has taken a fork
8662 101 is sleeping
8662 7 has taken a fork
8662 93 is sleeping
8662 102 is sleeping
8662 170 has taken a fork
8662 130 has taken a fork
8663 6 is thinking
8663 197 is thinking
8663 196 has taken a fork
8663 138 has taken a fork
8663 151 has taken a fork
8663 14 is thinking
8663 183 is thinking
8665 182 is thinking
8665 12 is thinking
8665 15 is thinking
8667 157 has taken a fork
8667 145 has taken a fork
8667 159 has taken a fork
8669 37 is thinking
8669 28 is thinking
8670 24 is thinking
8671 35 is thinking
8672 33 is thinking
8672 154 has taken a fork
8673 25 is thinking
8674 32 is thinking
8676 51 is thinking
8676 45 is thinking
8676 38 is thinking
8677 34 is thinking
8679 31 is thinking
8681 17 is thinking
8681 41 is thinking
8682 150 has taken a fork
8683 11 is thinking
8685 36 is thinking
8685 160 has taken a fork
8685 158 has taken a fork
8685 118 is eating
8685 120 is eating
8685 123 is eating
8685 97 is eating
8686 43 is thinking
8688 47 is thinking
8689 20 is thinking
8690 39 is thinking
8691 30 is thinking
8691 110 is eating
8692 91 is sleeping
8692 94 is sleeping
8693 54 is thinking
8693 86 is sleeping
8693 187 has taken a fork
8693 198 has taken a fork
8693 89 is sleeping
8693 189 has taken a fork
8693 122 is eating
8694 164 has taken a fork
8694 76 is sleeping
8694 156 has taken a fork
8694 124 is eating
8694 116 is eating
8694 49 is thinking
8694 111 is eating
8694 194 has taken a fork
8696 188 has taken a fork
8696 117 is eating
8697 42 is thinking
8698 55 is thinking
8699 58 is thinking
8700 133 is eating
8700 84 is sleeping
8700 26 has taken a fork
8700 134 is eating
8700 100 is sleeping
8700 171 has taken a fork
8700 106 is sleeping
8700 121 is eating
8701 185 has taken a fork
8701 129 is eating
8701 131 is eating
8701 112 is sleeping
8701 153 is eating
8701 21 has taken a fork
8701 140 is eating
8701 139 is eating
8702 107 is sleeping
8702 108 is sleeping
8702 29 has taken a fork
8702 9 has taken a fork
8702 148 is eating
8702 155 has taken a fork
8702 125 is eating
8702 166 has taken a fork
8702 152 has taken a fork
8702 169 has taken a fork
8702 141 is eating
8702 87 is sleeping
8703 161 has taken a fork
8705 18 has taken a fork
8705 83 is sleeping
8707 8 has taken a fork
8707 142 is eating
8707 143 is eating
8707 99 is sleeping
8707 132 is eating
8707 23 has taken a fork
8707 176 has taken a fork
8709 177 has taken a fork
8709 146 has taken a fork
8709 162 has taken a fork
8709 149 has taken a fork
8709 104 is sleeping
8709 1 has taken a fork
8709 179 has taken a fork
8709 165 has taken a fork
8709 92 is sleeping
8709 53 is thinking
8711 40 is thinking
8713 46 is thinking
8715 186 has taken a fork
8715 113 is sleeping
8717 13 has taken a fork
8718 168 has taken a fork
8718 79 is sleeping
8719 10 has taken a fork
8719 103 is sleeping
8720 4 has taken a fork
8720 95 is sleeping
8721 195 has taken a fork
8721 126 is eating
8721 115 is sleeping
8723 147 is eating
8727 178 has taken a fork
8727 109 is sleeping
8727 137 is eating
8728 200 has taken a fork
8728 114 is sleeping
8731 22 has taken a fork
8735 135 is eating
8739 136 is eating
8739 127 is sleeping
8741 2 has taken a fork
8741 105 is sleeping
8741 163 is eating
8744 5 has taken a fork
8748 174 has taken a fork
8748 144 is eating
8750 180 has taken a fork
8752 173 has taken a fork
8752 167 has taken a fork
8752 193 has taken a fork
8753 181 has taken a fork
8753 172 has taken a fork
8753 191 has taken a fork
8753 119 is sleeping
8754 56 is thinking
8754 27 is thinking
8754 199 has taken a fork
8755 190 has taken a fork
8755 128 is sleeping
8757 3 has taken a fork
8758 184 has taken a fork
8759 44 is thinking
8761 16 is thinking
8762 60 is thinking
8763 175 has taken a fork
8763 192 has taken a fork
8763 7 has taken a fork
8763 170 has taken a fork
8763 130 is eating
8763 6 has taken a fork
8763 197 has taken a fork
8764 196 has taken a fork
8764 138 is eating
8764 151 is eating
8764 157 is eating
8764 145 is eating
8765 159 is eating
8766 50 is thinking
8766 154 is eating
8766 150 is eating
8766 160 is eating
8766 158 is eating
8766 118 is sleeping
8766 120 is sleeping
8766 123 is sleeping
8766 97 is sleeping
8766 183 has taken a fork
8767 182 has taken a fork
8768 12 has taken a fork
8768 14 has taken a fork
8770 71 is thinking
8771 52 is thinking
8773 57 is thinking
8773 19 is thinking
8775 63 is thinking
8775 48 is thinking
8775 77 is thinking
8776 68 is thinking
8776 110 is sleeping
8776 15 has taken a fork
8777 187 has taken a fork
8777 198 has taken a fork
8777 189 has taken a fork
8777 122 is sleeping
8777 164 is eating
8778 37 has taken a fork
8778 156 is eating
8778 124 is sleeping
8779 116 is sleeping
8779 28 has taken a fork
8780 24 has taken a fork
8780 111 is sleeping
8780 194 has taken a fork
8780 188 has taken a fork
8780 117 is sleeping
8780 35 has taken a fork
8780 33 has taken a fork
8780 133 is sleeping
8781 26 has taken a fork
8781 134 is sleeping
8781 171 has taken a fork
8781 25 has taken a fork
8781 121 is sleeping
8781 51 has taken a fork
8782 185 has taken a fork
8782 129 is sleeping
8782 131 is sleeping
8783 32 has taken a fork
8783 153 is sleeping
8783 21 has taken a fork
8783 140 is sleeping
8783 139 is sleeping
8783 29 has taken a fork
8783 9 has taken a fork
8783 148 is sleeping
8783 155 is eating
8783 125 is sleeping
8784 11 has taken a fork
8784 41 has taken a fork
8784 166 is eating
8784 152 is eating
8784 169 is eating
8784 141 is sleeping
8784 161 is eating
8784 38 has taken a fork
8784 45 has taken a fork
8784 34 has taken a fork
8785 31 has taken a fork
8785 17 has taken a fork
8786 18 has taken a fork
8786 36 has taken a fork
8786 8 has taken a fork
8786 142 is sleeping
8787 143 is sleeping
8787 132 is sleeping
8787 23 has taken a fork
8787 176 is eating
8788 43 has taken a fork
8788 177 is eating
8788 146 is eating
8788 162 is eating
8788 149 is eating
8788 1 has taken a fork
8788 179 is eating
8788 165 is eating
8789 47 has taken a fork
8789 20 has taken a fork
8789 186 has taken a fork
8790 13 has taken a fork
8790 168 is eating
8790 10 has taken a fork
8790 4 has taken a fork
8791 64 is thinking
8792 65 is thinking
8793 195 has taken a fork
8794 61 is thinking
8794 126 is sleeping
8794 147 is sleeping
8795 39 has taken a fork
8797 67 is thinking
8797 81 is thinking
8798 62 is thinking
8798 30 has taken a fork
8798 178 has taken a fork
8798 137 is sleeping
8798 200 has taken a fork
8798 54 has taken a fork
8798 22 has taken a fork
8799 135 is sleeping
8806 49 has taken a fork
8807 2 has taken a fork
8807 163 is sleeping
8807 5 has taken a fork
8808 42 has taken a fork
8808 136 is sleeping
8809 59 is thinking
8811 174 is eating
8811 144 is sleeping
8818 55 has taken a fork
8820 82 is thinking
8820 180 is eating
8821 58 has taken a fork
8821 173 is eating
8822 167 is eating
8822 193 is eating
8822 181 is eating
8822 191 is eating
8822 172 is eating
8823 199 is eating
8823 190 is eating
8826 78 is thinking
8827 80 is thinking
8830 72 is thinking
8831 3 is eating
8835 73 is thinking
8839 96 is thinking
8840 70 is thinking
8841 98 is thinking
8841 90 is thinking
8844 69 is thinking
8846 74 is thinking
8850 88 is thinking
8855 85 is thinking
8859 66 is thinking
8861 75 is thinking
8861 184 is eating
8862 93 is thinking
8863 101 is thinking
8867 102 is thinking
8868 175 is eating
8868 192 is eating
8869 7 is eating
8869 170 is eating
8869 6 has taken a fork
8869 130 is sleeping
8869 197 has taken a fork
8870 196 is eating
8873 53 has taken a fork
8873 138 is sleeping
8874 40 has taken a fork
8874 46 has taken a fork
8874 151 is sleeping
8874 145 is sleeping
8874 159 is sleeping
8875 157 is sleeping
8884 56 has taken a fork
8884 44 has taken a fork
8886 27 has taken a fork
8886 154 is sleeping
8886 150 is sleeping
8886 160 is sleeping
8886 158 is sleeping
8888 50 has taken a fork
8888 183 has taken a fork
8888 182 has taken a fork
8889 16 has taken a fork
8889 12 has taken a fork
8891 60 has taken a fork
8891 14 has taken a fork
8891 71 has taken a fork
8892 15 has taken a fork
8892 187 is eating
8893 198 is eating
8893 189 is eating
8893 164 is sleeping
8895 52 has taken a fork
8897 37 has taken a fork
8897 156 is sleeping
8897 28 has taken a fork
8898 24 has taken a fork
8898 194 is eating
8898 57 has taken a fork
8898 188 is eating
8898 35 has taken a fork
8898 33 has taken a fork
8898 26 is eating
8898 171 is eating
8898 25 has taken a fork
8898 51 has taken a fork
8898 185 is eating
8899 32 has taken a fork
8899 21 is eating
8899 29 is eating
8899 9 is eating
8899 155 is sleeping
8899 11 has taken a fork
8899 41 has taken a fork
8899 152 is sleeping
8899 166 is sleeping
8899 169 is sleeping
8899 161 is sleeping
8899 38 has taken a fork
8899 45 has taken a fork
8899 34 has taken a fork
8899 31 has taken a fork
8900 17 has taken a fork
8900 19 has taken a fork
8900 63 has taken a fork
8900 48 has taken a fork
8900 77 has taken a fork
8900 68 has taken a fork
8900 18 is eating
8900 36 has taken a fork
8900 8 is eating
8900 23 is eating
8900 176 is sleeping
8900 43 has taken a fork
8900 146 is sleeping
8900 177 is sleeping
8900 162 is sleeping
8900 149 is sleeping
8900 1 is eating
8900 179 is sleeping
8900 165 is sleeping
8900 47 has taken a fork
8900 20 has taken a fork
8900 186 is eating
8900 13 is eating
8900 168 is sleeping
8900 10 is eating
8900 4 is eating
8900 64 has taken a fork
8902 94 is thinking
8905 65 has taken a fork
8906 91 is thinking
8906 86 is thinking
8906 195 is eating
8907 61 has taken a fork
8907 39 has taken a fork
8913 76 is thinking
8914 89 is thinking
8914 67 has taken a fork
8914 81 has taken a fork
8915 62 has taken a fork
8915 30 has taken a fork
8915 178 is eating
8916 200 is eating
8916 22 is eating
8916 54 has taken a fork
8917 106 is thinking
8917 112 is thinking
8918 100 is thinking
8918 107 is thinking
8920 84 is thinking
8923 87 is thinking
8924 108 is thinking
8925 83 is thinking
8925 49 has taken a fork
8925 2 is eating
8925 5 is eating
8925 99 is thinking
8925 42 has taken a fork
8925 104 is thinking
8925 92 is thinking
8925 59 has taken a fork
8925 174 is sleeping
8925 113 is thinking
8925 79 is thinking
8934 55 has taken a fork
8934 95 is thinking
8935 103 is thinking
8935 82 has taken a fork
8938 180 is sleeping
8939 115 is thinking
8940 58 has taken a fork
8940 173 is sleeping
8940 167 is sleeping
8940 193 is sleeping
8940 181 is sleeping
8940 191 is sleeping
8941 172 is sleeping
8941 199 is sleeping
8941 190 is sleeping
8941 78 has taken a fork
8942 80 has taken a fork
8942 109 is thinking
8943 114 is thinking
8943 3 is sleeping
8944 72 has taken a fork
8944 73 has taken a fork
8944 127 is thinking
8944 96 has taken a fork
8947 70 has taken a fork
8947 105 is thinking
8947 98 has taken a fork
8947 90 has taken a fork
8947 69 has taken a fork
8951 74 has taken a fork
8958 88 has taken a fork
8959 119 is thinking
8961 128 is thinking
8961 184 is sleeping
8962 85 has taken a fork
8965 120 is thinking
8965 118 is thinking
8967 123 is thinking
8967 97 is thinking
8967 175 is sleeping
8967 192 is sleeping
8967 7 is sleeping
8968 170 is sleeping
8968 6 is eating
8968 197 is eating
8968 196 is sleeping
8968 75 has taken a fork
8968 93 has taken a fork
8973 66 has taken a fork
8977 101 has taken a fork
8977 102 has taken a fork
8977 53 has taken a fork
8978 40 has taken a fork
8980 46 has taken a fork
8985 110 is thinking
8986 122 is thinking
8987 116 is thinking
8987 117 is thinking
8987 111 is thinking
8989 134 is thinking
8991 121 is thinking
8994 133 is thinking
8995 124 is thinking
8996 131 is thinking
8997 129 is thinking
8999 148 is thinking
9002 153 is thinking
9006 140 is thinking
9009 139 is thinking
9013 125 is thinking
9015 141 is thinking
9015 56 has taken a fork
9015 44 has taken a fork
9016 27 has taken a fork
9016 143 is thinking
9017 142 is thinking
9020 132 is thinking
9020 50 has taken a fork
9020 183 is eating
9020 182 is eating
9021 16 has taken a fork
9021 12 is eating
9022 60 has taken a fork
9022 14 is eating
9022 71 has taken a fork
9022 15 is eating
9022 187 is sleeping
9022 198 is sleeping
9022 189 is sleeping
9022 147 is thinking
9022 126 is thinking
9022 52 has taken a fork
9022 37 is eating
9023 28 is eating
9023 24 is eating
9023 194 is sleeping
9023 57 has taken a fork
9023 188 is sleeping
9023 35 is eating
9023 33 is eating
9023 26 is sleeping
9023 171 is sleeping
9024 137 is thinking
9024 25 is eating
9024 51 is eating
9024 185 is sleeping
9024 32 is eating
9024 21 is sleeping
9024 29 is sleeping
9024 135 is thinking
9024 9 is sleeping
9024 11 is eating
9024 41 is eating
9024 38 is eating
9024 45 is eating
9024 34 is eating
9024 31 is eating
9024 17 is eating
9025 19 has taken a fork
9025 63 has taken a fork
9025 48 has taken a fork
9025 77 has taken a fork
9025 68 has taken a fork
9025 36 is eating
9025 18 is sleeping
9025 23 is sleeping
9025 8 is sleeping
9025 43 is eating
9025 1 is sleeping
9025 47 is eating
9025 20 is eating
9025 186 is sleeping
9025 13 is sleeping
9025 10 is sleeping
9025 4 is sleeping
9025 64 has taken a fork
9025 65 has taken a fork
9025 91 has taken a fork
9025 86 has taken a fork
9026 195 is sleeping
9026 39 is eating
9028 163 is thinking
9028 61 has taken a fork
9029 136 is thinking
9029 94 has taken a fork
9030 144 is thinking
9031 89 has taken a fork
9031 67 has taken a fork
9031 81 has taken a fork
9031 62 has taken a fork
9031 30 is eating
9032 76 has taken a fork
9032 200 is sleeping
9032 22 is sleeping
9032 54 is eating
9032 106 has taken a fork
9032 178 is sleeping
9032 112 has taken a fork
9033 100 has taken a fork
9033 107 has taken a fork
9033 84 has taken a fork
9038 87 has taken a fork
9038 108 has taken a fork
9039 83 has taken a fork
9039 2 is sleeping
9039 5 is sleeping
9039 49 is eating
9039 99 has taken a fork
9039 42 is eating
9039 104 has taken a fork
9039 92 has taken a fork
9040 113 has taken a fork
9044 59 has taken a fork
9045 79 has taken a fork
9046 55 is eating
9046 95 has taken a fork
9046 103 has taken a fork
9046 82 has taken a fork
9048 115 has taken a fork
9049 58 is eating
9059 78 has taken a fork
9060 80 has taken a fork
9060 109 has taken a fork
9060 114 has taken a fork
9061 72 has taken a fork
9062 73 has taken a fork
9062 127 has taken a fork
9062 96 has taken a fork
9063 70 has taken a fork
9063 105 has taken a fork
9063 98 has taken a fork
9063 90 has taken a fork
9065 69 has taken a fork
9066 74 has taken a fork
9067 88 has taken a fork
9068 85 has taken a fork
9068 6 is sleeping
9069 128 has taken a fork
9069 197 is sleeping
9069 75 has taken a fork
9070 93 has taken a fork
9070 119 has taken a fork
9070 130 is thinking
9073 66 has taken a fork
9073 138 is thinking
9078 145 is thinking
9084 159 is thinking
9085 157 is thinking
9086 151 is thinking
9087 101 has taken a fork
9087 102 has taken a fork
9087 53 is eating
9088 40 is eating
9088 46 is eating
9089 150 is thinking
9089 158 is thinking
9090 154 is thinking
9090 160 is thinking
9094 164 is thinking
9096 156 is thinking
9096 155 is thinking
9097 169 is thinking
9098 161 is thinking
9098 152 is thinking
9099 166 is thinking
9099 162 is thinking
9100 146 is thinking
9100 165 is thinking
9100 168 is thinking
9101 176 is thinking
9102 177 is thinking
9103 179 is thinking
9104 149 is thinking
9104 56 is eating
9104 44 is eating
9104 27 is eating
9105 50 is eating
9105 183 is sleeping
9105 182 is sleeping
9106 120 has taken a fork
9107 118 has taken a fork
9107 16 is eating
9107 12 is sleeping
9108 60 is eating
9108 71 is eating
9108 14 is sleeping
9108 97 has taken a fork
9108 15 is sleeping
9109 123 has taken a fork
9110 110 has taken a fork
9110 52 is eating
9111 37 is sleeping
9111 28 is sleeping
9111 24 is sleeping
9111 57 is eating
9111 35 is sleeping
9111 33 is sleeping
9114 116 has taken a fork
9120 122 has taken a fork
9123 134 has taken a fork
9124 111 has taken a fork
9124 51 is sleeping
9124 25 is sleeping
9125 133 has taken a fork
9125 32 is sleeping
9130 121 has taken a fork
9130 117 has taken a fork
9130 124 has taken a fork
9130 11 is sleeping
9130 38 is sleeping
9130 41 is sleeping
9130 45 is sleeping
9130 34 is sleeping
9130 31 is sleeping
9131 17 is sleeping
9131 19 is eating
9131 63 is eating
9131 48 is eating
9132 129 has taken a fork
9135 131 has taken a fork
9135 77 is eating
9135 148 has taken a fork
9136 174 is thinking
9136 68 is eating
9136 43 is sleeping
9136 36 is sleeping
9137 47 is sleeping
9137 20 is sleeping
9137 64 is eating
9137 65 is eating
9137 91 has taken a fork
9137 86 has taken a fork
9137 39 is sleeping
9138 153 has taken a fork
9139 140 has taken a fork
9139 139 has taken a fork
9139 125 has taken a fork
9140 141 has taken a fork
9140 143 has taken a fork
9141 142 has taken a fork
9142 147 has taken a fork
9142 132 has taken a fork
9142 61 is eating
9143 94 has taken a fork
9144 89 has taken a fork
9144 67 is eating
9144 81 is eating
9144 62 is eating
9144 30 is sleeping
9145 76 has taken a fork
9147 126 has taken a fork
9147 54 is sleeping
9147 106 has taken a fork
9147 112 has taken a fork
9147 100 has taken a fork
9147 107 has taken a fork
9147 84 has taken a fork
9152 137 has taken a fork
9152 108 has taken a fork
9152 83 has taken a fork
9152 49 is sleeping
9152 99 has taken a fork
9152 42 is sleeping
9152 87 has taken a fork
9152 104 has taken a fork
9152 92 has taken a fork
9152 113 has taken a fork
9155 163 has taken a fork
9157 173 is thinking
9160 181 is thinking
9162 180 is thinking
9162 167 is thinking
9163 191 is thinking
9164 135 has taken a fork
9164 193 is thinking
9164 190 is thinking
9165 59 is eating
9165 172 is thinking
9166 199 is thinking
9170 3 is thinking
9170 79 has taken a fork
9170 55 is sleeping
9171 136 has taken a fork
9171 95 has taken a fork
9171 103 has taken a fork
9171 82 is eating
9171 115 has taken a fork
9171 58 is sleeping
9172 144 has taken a fork
9172 80 is eating
9172 109 has taken a fork
9172 114 has taken a fork
9172 78 is eating
9172 72 is eating
9174 184 is thinking
9174 73 is eating
9174 127 has taken a fork
9174 96 is eating
9174 70 is eating
9176 105 has taken a fork
9176 98 is eating
9176 90 is eating
9176 69 is eating
9177 74 is eating
9177 88 is eating
9177 175 is thinking
9180 192 is thinking
9180 7 is thinking
9183 196 is thinking
9184 170 is thinking
9184 85 is eating
9184 128 has taken a fork
9184 93 is eating
9184 119 has taken a fork
9184 75 is eating
9184 66 is eating
9184 101 is eating
9184 53 is sleeping
9184 40 is sleeping
9184 138 has taken a fork
9184 46 is sleeping
9184 130 has taken a fork
9184 102 is eating
9184 145 has taken a fork
9184 56 is sleeping
9184 44 is sleeping
9185 27 is sleeping
9185 50 is sleeping
9185 151 has taken a fork
9185 157 has taken a fork
9185 150 has taken a fork
9185 159 has taken a fork
9186 120 has taken a fork
9186 118 has taken a fork
9186 16 is sleeping
9186 154 has taken a fork
9186 71 is sleeping
9186 97 has taken a fork
9186 60 is sleeping
9186 160 has taken a fork
9187 158 has taken a fork
9190 123 has taken a fork
9195 110 has taken a fork
9195 52 is sleeping
9195 57 is sleeping
9200 156 has taken a fork
9205 164 has taken a fork
9205 116 has taken a fork
9206 122 has taken a fork
9207 187 is thinking
9208 189 is thinking
9209 198 is thinking
9210 188 is thinking
9210 26 is thinking
9211 194 is thinking
9212 171 is thinking
9213 134 has taken a fork
9213 9 is thinking
9214 29 is thinking
9214 21 is thinking
9215 185 is thinking
9216 111 has taken a fork
9217 186 is thinking
9219 23 is thinking
9222 4 is thinking
9222 1 is thinking
9224 10 is thinking
9225 8 is thinking
9225 13 is thinking
9226 18 is thinking
9227 133 has taken a fork
9228 195 is thinking
9229 121 has taken a fork
9230 117 has taken a fork
9231 124 has taken a fork
9231 19 is sleeping
9231 48 is sleeping
9231 63 is sleeping
9232 200 is thinking
9234 22 is thinking
9237 178 is thinking
9240 161 has taken a fork
9243 129 has taken a fork
9248 155 has taken a fork
9251 169 has taken a fork
9252 131 has taken a fork
9252 77 is sleeping
9253 152 has taken a fork
9254 148 has taken a fork
9254 68 is sleeping
9254 64 is sleeping
9254 65 is sleeping
9254 91 is eating
9254 86 is eating
9255 146 has taken a fork
9257 166 has taken a fork
9259 153 has taken a fork
9259 162 has taken a fork
9259 5 is thinking
9259 140 has taken a fork
9261 2 is thinking
9264 139 has taken a fork
9267 125 has taken a fork
9269 141 has taken a fork
9270 143 has taken a fork
9272 142 has taken a fork
9272 147 has taken a fork
9272 132 has taken a fork
9272 61 is sleeping
9272 94 is eating
9272 165 has taken a fork
9272 89 is eating
9272 67 is sleeping
9272 81 is sleeping
9272 62 is sleeping
9272 76 is eating
9272 176 has taken a fork
9272 168 has taken a fork
9272 177 has taken a fork
9272 126 has taken a fork
9272 106 is eating
9272 112 is eating
9272 100 is eating
9272 107 is eating
9272 84 is eating
9272 137 has taken a fork
9272 108 is eating
9272 83 is eating
9272 99 is eating
9272 87 is eating
9272 104 is eating
9272 92 is eating
9272 113 is eating
9273 163 has taken a fork
9273 135 has taken a fork
9273 59 is sleeping
9273 179 has taken a fork
9274 6 is thinking
9274 197 is thinking
9274 79 is eating
9274 136 has taken a fork
9274 95 is eating
9274 103 is eating
9274 82 is sleeping
9274 115 is eating
9274 144 has taken a fork
9274 109 is eating
9274 114 is eating
9275 149 has taken a fork
9275 80 is sleeping
9275 78 is sleeping
9275 72 is sleeping
9275 73 is sleeping
9275 127 is eating
9275 96 is sleeping
9275 173 has taken a fork
9275 181 has taken a fork
9275 174 has taken a fork
9275 70 is sleeping
9275 105 is eating
9275 98 is sleeping
9275 90 is sleeping
9275 69 is sleeping
9275 74 is sleeping
9276 180 has taken a fork
9276 167 has taken a fork
9276 191 has taken a fork
9276 88 is sleeping
9276 190 has taken a fork
9276 172 has taken a fork
9277 199 has taken a fork
9277 3 has taken a fork
9277 193 has taken a fork
9277 85 is sleeping
9277 128 is eating
9277 119 is eating
9277 93 is sleeping
9277 75 is sleeping
9278 192 has taken a fork
9278 66 is sleeping
9278 101 is sleeping
9278 138 has taken a fork
9278 130 has taken a fork
9278 102 is sleeping
9278 184 has taken a fork
9278 145 has taken a fork
9278 175 has taken a fork
9278 7 has taken a fork
9278 196 has taken a fork
9278 151 has taken a fork
9279 157 has taken a fork
9279 150 has taken a fork
9280 159 has taken a fork
9280 170 has taken a fork
9280 120 is eating
9280 118 is eating
9280 154 has taken a fork
9280 97 is eating
9280 160 has taken a fork
9281 158 has taken a fork
9281 123 is eating
9281 110 is eating
9282 156 has taken a fork
9282 183 is thinking
9284 164 has taken a fork
9284 116 is eating
9285 182 is thinking
9285 122 is eating
9285 12 is thinking
9285 15 is thinking
9285 14 is thinking
9285 24 is thinking
9285 37 is thinking
9285 28 is thinking
9285 33 is thinking
9286 35 is thinking
9286 134 is eating
9286 111 is eating
9287 25 is thinking
9289 51 is thinking
9289 32 is thinking
9289 133 is eating
9289 121 is eating
9291 11 is thinking
9293 34 is thinking
9293 38 is thinking
9293 41 is thinking
9294 45 is thinking
9294 31 is thinking
9295 117 is eating
9295 124 is eating
9295 17 is thinking
9296 43 is thinking
9297 36 is thinking
9297 20 is thinking
9297 47 is thinking
9298 39 is thinking
9298 161 has taken a fork
9298 129 is eating
9299 30 is thinking
9300 54 is thinking
9302 155 has taken a fork
9302 169 has taken a fork
9304 42 is thinking
9306 49 is thinking
9306 131 is eating
9308 152 has taken a fork
9309 148 is eating
9309 91 is sleeping
9309 86 is sleeping
9311 146 has taken a fork
9314 187 has taken a fork
9314 166 has taken a fork
9316 189 has taken a fork
9316 153 is eating
9317 162 has taken a fork
9319 140 is eating
9319 139 is eating
9319 125 is eating
9320 141 is eating
9320 55 is thinking
9321 143 is eating
9323 58 is thinking
9323 142 is eating
9324 147 is eating
9324 132 is eating
9324 94 is sleeping
9325 165 has taken a fork
9325 89 is sleeping
9334 188 has taken a fork
9336 198 has taken a fork
9336 76 is sleeping
9340 176 has taken a fork
9343 26 has taken a fork
9344 168 has taken a fork
9344 177 has taken a fork
9344 126 is eating
9344 106 is sleeping
9344 112 is sleeping
9344 107 is sleeping
9344 100 is sleeping
9344 84 is sleeping
9345 137 is eating
9345 108 is sleeping
9345 83 is sleeping
9345 99 is sleeping
9345 87 is sleeping
9345 104 is sleeping
9345 194 has taken a fork
9345 92 is sleeping
9345 163 is eating
9346 135 is eating
9346 113 is sleeping
9348 171 has taken a fork
9353 9 has taken a fork
9354 29 has taken a fork
9354 21 has taken a fork
9358 186 has taken a fork
9364 4 has taken a fork
9366 10 has taken a fork
9371 185 has taken a fork
9372 23 has taken a fork
9372 1 has taken a fork
9372 8 has taken a fork
9373 179 has taken a fork
9375 136 is eating
9375 79 is sleeping
9375 95 is sleeping
9375 103 is sleeping
9375 144 is eating
9375 109 is sleeping
9375 115 is sleeping
9375 114 is sleeping
9377 149 has taken a fork
9383 13 has taken a fork
9387 18 has taken a fork
9392 195 has taken a fork
9395 200 has taken a fork
9395 127 is sleeping
9395 173 has taken a fork
9397 181 has taken a fork
9397 174 has taken a fork
9397 105 is sleeping
9397 180 has taken a fork
9397 178 has taken a fork
9397 2 has taken a fork
9397 5 has taken a fork
9397 167 has taken a fork
9397 191 has taken a fork
9397 190 has taken a fork
9397 172 has taken a fork
9397 199 has taken a fork
9397 3 has taken a fork
9397 193 has taken a fork
9397 128 is sleeping
9397 119 is sleeping
9397 192 has taken a fork
9397 138 is eating
9397 130 is eating
9397 6 has taken a fork
9398 22 has taken a fork
9398 197 has taken a fork
9398 184 has taken a fork
9398 145 is eating
9398 175 has taken a fork
9398 7 has taken a fork
9398 196 has taken a fork
9398 151 is eating
9398 157 is eating
9398 150 is eating
9398 159 is eating
9398 170 has taken a fork
9398 120 is sleeping
9398 118 is sleeping
9398 154 is eating
9398 97 is sleeping
9398 160 is eating
9398 158 is eating
9398 123 is sleeping
9398 110 is sleeping
9398 183 has taken a fork
9398 156 is eating
9399 164 is eating
9400 50 is thinking
9400 182 has taken a fork
9400 53 is thinking
9401 44 is thinking
9401 56 is thinking
9402 40 is thinking
9402 46 is thinking
9402 27 is thinking
9402 116 is sleeping
9402 122 is sleeping
9402 12 has taken a fork
9402 15 has taken a fork
9402 14 has taken a fork
9402 24 has taken a fork
9402 37 has taken a fork
9402 28 has taken a fork
9402 111 is sleeping
9402 134 is sleeping
9402 33 has taken a fork
9404 71 is thinking
9404 60 is thinking
9404 16 is thinking
9404 133 is sleeping
9404 35 has taken a fork
9405 121 is sleeping
9405 25 has taken a fork
9405 117 is sleeping
9405 124 is sleeping
9405 32 has taken a fork
9406 51 has taken a fork
9406 57 is thinking
9406 52 is thinking
9406 161 is eating
9406 129 is sleeping
9407 11 has taken a fork
9407 155 is eating
9407 169 is eating
9407 131 is sleeping
9407 152 is eating
9408 34 has taken a fork
9408 148 is sleeping
9408 146 is eating
9408 38 has taken a fork
9409 187 has taken a fork
9409 166 is eating
9409 189 has taken a fork
9409 153 is sleeping
9410 41 has taken a fork
9410 162 is eating
9410 140 is sleeping
9410 139 is sleeping
9410 125 is sleeping
9410 141 is sleeping
9410 45 has taken a fork
9411 31 has taken a fork
9412 17 has taken a fork
9412 43 has taken a fork
9412 143 is sleeping
9412 36 has taken a fork
9412 142 is sleeping
9413 20 has taken a fork
9413 132 is sleeping
9413 147 is sleeping
9414 165 is eating
9415 39 has taken a fork
9417 47 has taken a fork
9425 63 is thinking
9430 19 is thinking
9430 48 is thinking
9437 188 has taken a fork
9439 198 has taken a fork
9439 176 is eating
9442 26 has taken a fork
9443 168 is eating
9443 177 is eating
9443 126 is sleeping
9443 137 is sleeping
9444 194 has taken a fork
9444 163 is sleeping
9444 30 has taken a fork
9446 54 has taken a fork
9446 135 is sleeping
9446 171 has taken a fork
9449 42 has taken a fork
9449 49 has taken a fork
9450 77 is thinking
9451 9 has taken a fork
9452 64 is thinking
9452 65 is thinking
9454 68 is thinking
9456 29 has taken a fork
9458 21 has taken a fork
9459 186 has taken a fork
9459 4 has taken a fork
9460 10 has taken a fork
9460 185 has taken a fork
9462 62 is thinking
9462 81 is thinking
9462 61 is thinking
9464 67 is thinking
9464 23 has taken a fork
9465 1 has taken a fork
9466 8 has taken a fork
9469 59 is thinking
9475 82 is thinking
9476 70 is thinking
9476 96 is thinking
9478 73 is thinking
9481 78 is thinking
9481 80 is thinking
9481 72 is thinking
9482 98 is thinking
9485 90 is thinking
9489 69 is thinking
9491 74 is thinking
9491 136 is sleeping
9492 144 is sleeping
9493 179 is eating
9495 88 is thinking
9499 75 is thinking
9500 85 is thinking
9501 93 is thinking
9501 149 is eating
9504 55 has taken a fork
9505 58 has taken a fork
9505 102 is thinking
9505 66 is thinking
9505 101 is thinking
9505 13 has taken a fork
9505 18 has taken a fork
9505 195 has taken a fork
9505 200 has taken a fork
9505 173 is eating
9505 181 is eating
9506 174 is eating
9506 180 is eating
9506 178 has taken a fork
9506 2 has taken a fork
9506 5 has taken a fork
9506 167 is eating
9506 191 is eating
9506 190 is eating
9507 172 is eating
9507 199 is eating
9507 3 is eating
9507 193 is eating
9507 192 is eating
9507 138 is sleeping
9507 130 is sleeping
9507 6 has taken a fork
9509 22 has taken a fork
9509 197 has taken a fork
9509 184 is eating
9509 145 is sleeping
9509 175 is eating
9509 7 is eating
9510 196 is eating
9510 151 is sleeping
9510 157 is sleeping
9510 150 is sleeping
9510 159 is sleeping
9510 170 is eating
9510 154 is sleeping
9510 160 is sleeping
9512 158 is sleeping
9512 183 has taken a fork
9514 156 is sleeping
9515 164 is sleeping
9516 50 has taken a fork
9516 182 has taken a fork
9516 53 has taken a fork
9516 44 has taken a fork
9516 56 has taken a fork
9516 40 has taken a fork
9516 46 has taken a fork
9516 27 has taken a fork
9516 12 has taken a fork
9516 15 has taken a fork
9516 14 has taken a fork
9517 24 has taken a fork
9517 37 has taken a fork
9517 28 has taken a fork
9517 33 has taken a fork
9517 71 has taken a fork
9518 60 has taken a fork
9518 16 has taken a fork
9518 35 has taken a fork
9518 25 has taken a fork
9518 32 has taken a fork
9518 51 has taken a fork
9519 57 has taken a fork
9519 52 has taken a fork
9519 161 is sleeping
9520 11 has taken a fork
9520 155 is sleeping
9520 169 is sleeping
9520 152 is sleeping
9522 34 has taken a fork
9522 146 is sleeping
9522 38 has taken a fork
9523 187 is eating
9523 166 is sleeping
9523 189 is eating
9524 86 is thinking
9525 91 is thinking
9525 41 has taken a fork
9525 162 is sleeping
9525 45 has taken a fork
9525 31 has taken a fork
9525 17 has taken a fork
9525 43 has taken a fork
9526 36 has taken a fork
9527 20 has taken a fork
9527 165 is sleeping
9527 39 has taken a fork
9528 47 has taken a fork
9530 89 is thinking
9531 94 is thinking
9531 63 has taken a fork
9531 19 has taken a fork
9532 48 has taken a fork
9532 188 is eating
9532 76 is thinking
9533 198 is eating
9533 176 is sleeping
9533 26 is eating
9533 168 is sleeping
9533 177 is sleeping
9533 100 is thinking
9533 194 is eating
9535 107 is thinking
9537 106 is thinking
9542 84 is thinking
9543 112 is thinking
9545 30 has taken a fork
9546 99 is thinking
9546 108 is thinking
9549 83 is thinking
9549 104 is thinking
9550 87 is thinking
9551 113 is thinking
9552 92 is thinking
9553 54 has taken a fork
9553 171 is eating
9555 42 has taken a fork
9558 49 has taken a fork
9559 77 has taken a fork
9560 9 is eating
9561 64 has taken a fork
9562 65 has taken a fork
9563 68 has taken a fork
9566 29 is eating
9567 21 is eating
9568 186 is eating
9568 4 is eating
9569 10 is eating
9569 185 is eating
9571 62 has taken a fork
9572 81 has taken a fork
9574 61 has taken a fork
9576 67 has taken a fork
9576 23 is eating
9576 1 is eating
9577 8 is eating
9578 79 is thinking
9579 109 is thinking
9579 103 is thinking
9580 95 is thinking
9581 115 is thinking
9581 114 is thinking
9581 179 is sleeping
9581 127 is thinking
9586 59 has taken a fork
9588 128 is thinking
9593 119 is thinking
9599 105 is thinking
9607 97 is thinking
9615 120 is thinking
9620 110 is thinking
9620 118 is thinking
9622 123 is thinking
9622 149 is sleeping
9622 134 is thinking
9622 122 is thinking
9622 111 is thinking
9625 116 is thinking
9625 133 is thinking
9625 82 has taken a fork
9625 55 has taken a fork
9625 117 is thinking
9625 124 is thinking
9626 121 is thinking
9627 58 has taken a fork
9627 13 is eating
9627 18 is eating
9627 195 is eating
9627 200 is eating
9627 173 is sleeping
9630 70 has taken a fork
9630 181 is sleeping
9630 129 is thinking
9630 174 is sleeping
9630 180 is sleeping
9631 96 has taken a fork
9631 178 is eating
9632 2 is eating
9632 73 has taken a fork
9633 78 has taken a fork
9633 5 is eating
9633 167 is sleeping
9633 80 has taken a fork
9635 191 is sleeping
9636 131 is thinking
9636 190 is sleeping
9636 72 has taken a fork
9636 172 is sleeping
9637 98 has taken a fork
9639 90 has taken a fork
9640 199 is sleeping
9640 3 is sleeping
9640 193 is sleeping
9640 192 is sleeping
9640 6 is eating
9642 148 is thinking
9643 69 has taken a fork
9644 88 has taken a fork
9645 74 has taken a fork
9646 75 has taken a fork
9646 153 is thinking
9646 22 is eating
9646 197 is eating
9647 184 is sleeping
9647 175 is sleeping
9648 125 is thinking
9648 7 is sleeping
9648 139 is thinking
9649 141 is thinking
9650 196 is sleeping
9650 140 is thinking
9650 170 is sleeping
9651 85 has taken a fork
9651 102 has taken a fork
9651 66 has taken a fork
9651 93 has taken a fork
9651 101 has taken a fork
9652 142 is thinking
9653 143 is thinking
9653 183 is eating
9654 147 is thinking
9656 132 is thinking
9656 50 has taken a fork
9656 182 is eating
9656 53 has taken a fork
9656 44 has taken a fork
9656 56 has taken a fork
9657 40 has taken a fork
9657 46 has taken a fork
9657 27 has taken a fork
9657 12 is eating
9658 15 is eating
9658 14 is eating
9658 24 is eating
9659 37 is eating
9659 28 is eating
9659 33 is eating
9659 71 has taken a fork
9659 60 has taken a fork
9660 16 has taken a fork
9660 35 is eating
9660 25 is eating
9660 32 is eating
9661 51 is eating
9661 57 has taken a fork
9661 52 has taken a fork
9661 11 is eating
9661 34 is eating
9662 38 is eating
9662 187 is sleeping
9662 189 is sleeping
9663 86 has taken a fork
9664 41 is eating
9664 45 is eating
9664 31 is eating
9664 17 is eating
9664 43 is eating
9664 91 has taken a fork
9664 36 is eating
9664 20 is eating
9664 39 is eating
9664 47 is eating
9665 63 has taken a fork
9665 19 has taken a fork
9666 48 has taken a fork
9666 188 is sleeping
9666 198 is sleeping
9667 26 is sleeping
9667 76 has taken a fork
9667 89 has taken a fork
9668 94 has taken a fork
9669 194 is sleeping
9669 100 has taken a fork
9669 30 is eating
9670 163 is thinking
9670 137 is thinking
9676 135 is thinking
9677 126 is thinking
9677 54 is eating
9677 171 is sleeping
9678 107 has taken a fork
9678 42 is eating
9679 49 is eating
9679 77 has taken a fork
9679 9 is sleeping
9679 106 has taken a fork
9679 64 has taken a fork
9679 65 has taken a fork
9679 68 has taken a fork
9679 21 is sleeping
9679 186 is sleeping
9680 29 is sleeping
9680 112 has taken a fork
9680 99 has taken a fork
9680 4 is sleeping
9681 108 has taken a fork
9681 10 is sleeping
9681 83 has taken a fork
9681 185 is sleeping
9681 104 has taken a fork
9681 84 has taken a fork
9682 62 has taken a fork
9683 81 has taken a fork
9684 61 has taken a fork
9684 67 has taken a fork
9685 23 is sleeping
9685 1 is sleeping
9685 87 has taken a fork
9686 8 is sleeping
9687 92 has taken a fork
9687 113 has taken a fork
9687 59 has taken a fork
9688 136 is thinking
9688 144 is thinking
9689 130 is thinking
9689 138 is thinking
9690 145 is thinking
9690 157 is thinking
9691 151 is thinking
9692 160 is thinking
9694 150 is thinking
9694 159 is thinking
9694 154 is thinking
9696 158 is thinking
9699 156 is thinking
9700 164 is thinking
9702 161 is thinking
9702 152 is thinking
9703 155 is thinking
9704 169 is thinking
9705 146 is thinking
9706 166 is thinking
9710 162 is thinking
9710 82 has taken a fork
9710 55 is eating
9712 165 is thinking
9712 58 is eating
9713 13 is sleeping
9713 79 has taken a fork
9713 18 is sleeping
9713 195 is sleeping
9714 109 has taken a fork
9714 200 is sleeping
9715 103 has taken a fork
9715 95 has taken a fork
9715 70 has taken a fork
9715 96 has taken a fork
9716 178 is sleeping
9716 115 has taken a fork
9716 2 is sleeping
9716 114 has taken a fork
9716 73 has taken a fork
9718 177 is thinking
9720 168 is thinking
9721 176 is thinking
9721 78 has taken a fork
9721 5 is sleeping
9722 127 has taken a fork
9722 80 has taken a fork
9723 72 has taken a fork
9724 98 has taken a fork
9725 90 has taken a fork
9725 6 is sleeping
9727 128 has taken a fork
9728 69 has taken a fork
9728 88 has taken a fork
9729 74 has taken a fork
9731 75 has taken a fork
9731 22 is sleeping
9732 197 is sleeping
9733 119 has taken a fork
9734 105 has taken a fork
9734 85 has taken a fork
9734 102 has taken a fork
9734 66 has taken a fork
9734 93 has taken a fork
9734 101 has taken a fork
9734 183 is sleeping
9734 97 has taken a fork
9734 50 is eating
9734 182 is sleeping
9735 53 is eating
9735 44 is eating
9735 56 is eating
9735 40 is eating
9737 120 has taken a fork
9737 46 is eating
9737 27 is eating
9738 12 is sleeping
9738 15 is sleeping
9738 14 is sleeping
9739 24 is sleeping
9739 110 has taken a fork
9739 118 has taken a fork
9740 123 has taken a fork
9740 37 is sleeping
9742 122 has taken a fork
9742 28 is sleeping
9744 134 has taken a fork
9744 33 is sleeping
9744 71 is eating
9745 111 has taken a fork
9745 60 is eating
9745 16 is eating
9746 35 is sleeping
9747 133 has taken a fork
9748 25 is sleeping
9748 116 has taken a fork
9749 117 has taken a fork
9750 32 is sleeping
9750 51 is sleeping
9750 57 is eating
9750 52 is eating
9751 11 is sleeping
9751 34 is sleeping
9752 124 has taken a fork
9754 121 has taken a fork
9754 38 is sleeping
9756 129 has taken a fork
9757 131 has taken a fork
9758 148 has taken a fork
9759 86 has taken a fork
9759 41 is sleeping
9760 45 is sleeping
9760 31 is sleeping
9760 139 has taken a fork
9760 17 is sleeping
9761 141 has taken a fork
9762 43 is sleeping
9763 140 has taken a fork
9764 91 has taken a fork
9765 36 is sleeping
9766 142 has taken a fork
9767 20 is sleeping
9767 39 is sleeping
9768 143 has taken a fork
9769 63 is eating
9772 153 has taken a fork
9772 125 has taken a fork
9772 47 is sleeping
9772 147 has taken a fork
9772 19 is eating
9772 132 has taken a fork
9772 48 is eating
9772 76 has taken a fork
9772 89 has taken a fork
9772 94 has taken a fork
9772 100 has taken a fork
9772 30 is sleeping
9772 163 has taken a fork
9772 54 is sleeping
9772 107 has taken a fork
9772 137 has taken a fork
9773 42 is sleeping
9773 49 is sleeping
9773 77 is eating
9773 126 has taken a fork
9773 106 has taken a fork
9773 64 is eating
9773 68 is eating
9773 65 is eating
9773 112 has taken a fork
9774 135 has taken a fork
9774 99 has taken a fork
9774 108 has taken a fork
9774 83 has taken a fork
9781 179 is thinking
9781 104 has taken a fork
9781 84 has taken a fork
9781 62 is eating
9781 81 is eating
9781 61 is eating
9781 67 is eating
9782 87 has taken a fork
9782 92 has taken a fork
9782 113 has taken a fork
9782 59 is eating
9782 82 is eating
9782 55 is sleeping
9782 136 has taken a fork
9782 58 is sleeping
9782 144 has taken a fork
9782 79 has taken a fork
9782 109 has taken a fork
9782 103 has taken a fork
9782 95 has taken a fork
9782 70 is eating
9782 96 is eating
9782 115 has taken a fork
9782 114 has taken a fork
9782 73 is eating
9782 78 is eating
9784 149 is thinking
9793 127 has taken a fork
9793 80 is eating
9793 72 is eating
9793 98 is eating
9794 90 is eating
9798 128 has taken a fork
9798 69 is eating
9798 88 is eating
9798 173 is thinking
9798 74 is eating
9798 174 is thinking
9798 180 is thinking
9799 181 is thinking
9800 75 is eating
9800 119 has taken a fork
9800 167 is thinking
9800 105 has taken a fork
9800 85 is eating
9800 102 is eating
9800 66 is eating
9800 93 is eating
9800 101 is eating
9801 97 has taken a fork
9801 50 is sleeping
9801 138 has taken a fork
9801 53 is sleeping
9805 130 has taken a fork
9805 44 is sleeping
9806 191 is thinking
9806 56 is sleeping
9806 40 is sleeping
9806 172 is thinking
9807 190 is thinking
9807 145 has taken a fork
9807 120 has taken a fork
9814 157 has taken a fork
9819 151 has taken a fork
9819 46 is sleeping
9819 27 is sleeping
9823 160 has taken a fork
9823 150 has taken a fork
9823 110 has taken a fork
9823 118 has taken a fork
9823 3 is thinking
9823 193 is thinking
9823 199 is thinking
9825 192 is thinking
9828 123 has taken a fork
9831 122 has taken a fork
9831 134 has taken a fork
9831 71 is sleeping
9831 159 has taken a fork
9831 111 has taken a fork
9831 16 is sleeping
9831 154 has taken a fork
9831 60 is sleeping
9831 158 has taken a fork
9831 184 is thinking
9831 175 is thinking
9831 133 has taken a fork
9833 116 has taken a fork
9834 170 is thinking
9836 196 is thinking
9839 7 is thinking
9840 117 has taken a fork
9840 57 is sleeping
9840 52 is sleeping
9842 156 has taken a fork
9843 124 has taken a fork
9843 164 has taken a fork
9843 121 has taken a fork
9844 129 has taken a fork
9844 131 has taken a fork
9844 148 has taken a fork
9844 86 is eating
9844 139 has taken a fork
9845 141 has taken a fork
9847 189 is thinking
9847 187 is thinking
9847 140 has taken a fork
9847 91 is eating
9848 198 is thinking
9849 188 is thinking
9849 142 has taken a fork
9849 26 is thinking
9849 143 has taken a fork
9849 63 is sleeping
9851 194 is thinking
9851 153 has taken a fork
9851 125 has taken a fork
9852 147 has taken a fork
9852 19 is sleeping
9852 132 has taken a fork
9852 48 is sleeping
9852 76 is eating
9852 89 is eating
9852 94 is eating
9853 100 is eating
9853 163 has taken a fork
9853 107 is eating
9853 137 has taken a fork
9853 77 is sleeping
9853 169 has taken a fork
9854 126 has taken a fork
9854 155 has taken a fork
9854 152 has taken a fork
9855 161 has taken a fork
9855 106 is eating
9855 64 is sleeping
9855 68 is sleeping
9855 65 is sleeping
9855 112 is eating
9855 135 has taken a fork
9855 99 is eating
9855 108 is eating
9855 83 is eating
9855 146 has taken a fork
9856 166 has taken a fork
9857 162 has taken a fork
9857 21 is thinking
9857 171 is thinking
9857 186 is thinking
9857 10 is thinking
9858 29 is thinking
9858 9 is thinking
9859 185 is thinking
9859 4 is thinking
9859 104 is eating
9859 84 is eating
9859 62 is sleeping
9859 81 is sleeping
9859 67 is sleeping
9859 87 is eating
9859 61 is sleeping
9859 92 is eating
9860 113 is eating
9860 59 is sleeping
9860 82 is sleeping
9860 136 has taken a fork
9860 144 has taken a fork
9860 79 is eating
9860 109 is eating
9861 179 has taken a fork
9861 103 is eating
9861 95 is eating
9861 70 is sleeping
9862 96 is sleeping
9862 115 is eating
9862 114 is eating
9862 73 is sleeping
9862 78 is sleeping
9863 165 has taken a fork
9863 177 has taken a fork
9864 168 has taken a fork
9865 176 has taken a fork
9865 23 is thinking
9865 1 is thinking
9865 8 is thinking
9866 149 has taken a fork
9866 127 is eating
9867 80 is sleeping
9867 72 is sleeping
9867 98 is sleeping
9867 90 is sleeping
9868 128 is eating
9868 69 is sleeping
9868 88 is sleeping
9868 173 has taken a fork
9868 74 is sleeping
9870 180 has taken a fork
9870 174 has taken a fork
9871 181 has taken a fork
9872 75 is sleeping
9874 119 is eating
9879 167 has taken a fork
9884 105 is eating
9884 85 is sleeping
9884 102 is sleeping
9884 66 is sleeping
9884 93 is sleeping
9884 101 is sleeping
9888 97 is eating
9888 138 has taken a fork
9892 130 has taken a fork
9893 191 has taken a fork
9893 172 has taken a fork
9893 190 has taken a fork
9897 145 has taken a fork
9897 120 is eating
9897 18 is thinking
9898 195 is thinking
9898 13 is thinking
9898 200 is thinking
9899 157 has taken a fork
9899 2 is thinking
9899 178 is thinking
9899 151 has taken a fork
9899 5 is thinking
9899 160 has taken a fork
9899 150 has taken a fork
9899 110 is eating
9899 118 is eating
9899 3 has taken a fork
9899 193 has taken a fork
9899 199 has taken a fork
9899 192 has taken a fork
9899 6 is thinking
9899 123 is eating
9899 122 is eating
9900 22 is thinking
9900 134 is eating
9900 159 has taken a fork
9900 111 is eating
9900 154 has taken a fork
9900 158 has taken a fork
9900 184 has taken a fork
9900 175 has taken a fork
9902 197 is thinking
9902 133 is eating
9902 116 is eating
9903 183 is thinking
9903 170 has taken a fork
9904 182 is thinking
9904 196 has taken a fork
9906 15 is thinking
9910 14 is thinking
9911 12 is thinking
9914 24 is thinking
9914 7 has taken a fork
9916 37 is thinking
9916 117 is eating
9916 28 is thinking
9916 156 has taken a fork
9916 124 is eating
9917 164 has taken a fork
9917 121 is eating
9918 33 is thinking
9918 129 is eating
9918 131 is eating
9918 148 is eating
9918 86 is sleeping
9918 139 is eating
9918 141 is eating
9918 35 is thinking
9918 189 has taken a fork
9918 140 is eating
9918 91 is sleeping
9918 187 has taken a fork
9919 25 is thinking
9919 142 is eating
9919 143 is eating
9920 51 is thinking
9921 32 is thinking
9922 11 is thinking
9922 34 is thinking
9922 153 is eating
9922 125 is eating
9922 147 is eating
9922 132 is eating
9922 76 is sleeping
9922 89 is sleeping
9922 94 is sleeping
9922 100 is sleeping
9922 107 is sleeping
9922 163 is eating
9922 137 is eating
9922 169 has taken a fork
9922 26 has taken a fork
9923 198 has taken a fork
9923 194 has taken a fork
9923 188 has taken a fork
9924 38 is thinking
9924 126 is eating
9924 155 has taken a fork
9925 152 has taken a fork
9926 161 has taken a fork
9926 106 is sleeping
9926 112 is sleeping
9926 135 is eating
9926 99 is sleeping
9926 108 is sleeping
9926 83 is sleeping
9927 146 has taken a fork
9928 166 has taken a fork
9930 162 has taken a fork
9930 21 has taken a fork
9930 171 has taken a fork
9930 186 has taken a fork
9930 10 has taken a fork
9930 29 has taken a fork
9930 9 has taken a fork
9932 41 is thinking
9932 104 is sleeping
9932 4 has taken a fork
9932 84 is sleeping
9932 87 is sleeping
9932 92 is sleeping
9933 17 is thinking
9933 113 is sleeping
9935 31 is thinking
9935 136 is eating
9935 144 is eating
9936 45 is thinking
9936 79 is sleeping
9936 109 is sleeping
9937 185 has taken a fork
9937 179 has taken a fork
9937 103 is sleeping
9937 95 is sleeping
9938 43 is thinking
9938 115 is sleeping
9938 114 is sleeping
9940 165 has taken a fork
9941 177 has taken a fork
9944 168 has taken a fork
9947 36 is thinking
9950 176 has taken a fork
9951 23 has taken a fork
9951 1 has taken a fork
9952 8 has taken a fork
9952 149 has taken a fork
9952 127 is sleeping
9954 20 is thinking
9957 39 is thinking
9957 128 is sleeping
9957 173 has taken a fork
9958 180 has taken a fork
9958 174 has taken a fork
9958 181 has taken a fork
9961 54 is thinking
9964 47 is thinking
9969 30 is thinking
9978 49 is thinking
9980 42 is thinking
9980 119 is sleeping
9980 167 has taken a fork
9982 55 is thinking
9988 58 is thinking
9988 105 is sleeping
9988 97 is sleeping
9988 138 is eating
9991 130 is eating
9991 191 has taken a fork
9991 172 has taken a fork
9992 145 is eating
9992 190 has taken a fork
9992 120 is sleeping
9993 18 has taken a fork
9993 195 has taken a fork
9993 13 has taken a fork
9993 200 has taken a fork
9995 157 is eating
9998 2 has taken a fork
10001 178 has taken a fork
10005 151 is eating
10008 5 has taken a fork
10008 150 is eating
10010 160 is eating
10010 110 is sleeping
10010 118 is sleeping
10010 3 has taken a fork
10010 193 has taken a fork
10010 199 has taken a fork
10010 192 has taken a fork
10010 123 is sleeping
10010 122 is sleeping
10011 6 has taken a fork
10012 134 is sleeping
10012 159 is eating
10012 111 is sleeping
10012 154 is eating
10014 158 is eating
10014 22 has taken a fork
10014 184 has taken a fork
10014 175 has taken a fork
10016 197 has taken a fork
10016 133 is sleeping
10016 116 is sleeping
10017 183 has taken a fork
10017 53 is thinking
10017 170 has taken a fork
10018 50 is thinking
10019 182 has taken a fork
10019 196 has taken a fork
10019 44 is thinking
10021 40 is thinking
10022 15 has taken a fork
10022 56 is thinking
10022 14 has taken a fork
10022 12 has taken a fork
10023 24 has taken a fork
10023 7 has taken a fork
10023 37 has taken a fork
10023 117 is sleeping
10023 28 has taken a fork
10023 156 is eating
10023 124 is sleeping
10023 121 is sleeping
10024 164 is eating
10024 129 is sleeping
10024 131 is sleeping
10025 148 is sleeping
10025 139 is sleeping
10025 141 is sleeping
10026 33 has taken a fork
10026 35 has taken a fork
10026 189 has taken a fork
10027 140 is sleeping
10027 187 has taken a fork
10027 27 is thinking
10028 46 is thinking
10028 25 has taken a fork
10028 142 is sleeping
10028 143 is sleeping
10029 51 has taken a fork
10029 32 has taken a fork
10029 11 has taken a fork
10029 34 has taken a fork
10029 153 is sleeping
10029 125 is sleeping
10029 147 is sleeping
10029 132 is sleeping
10030 163 is sleeping
10030 137 is sleeping
10030 169 is eating
10030 26 has taken a fork
10030 198 has taken a fork
10030 194 has taken a fork
10030 188 has taken a fork
10031 38 has taken a fork
10031 126 is sleeping
10031 155 is eating
10032 152 is eating
10032 161 is eating
10032 135 is sleeping
10032 146 is eating
10033 166 is eating
10033 162 is eating
10034 21 has taken a fork
10034 171 has taken a fork
10034 186 has taken a fork
10034 10 has taken a fork
10034 29 has taken a fork
10034 9 has taken a fork
10035 71 is thinking
10037 16 is thinking
10041 60 is thinking
10043 41 has taken a fork
10045 4 has taken a fork
10045 17 has taken a fork
10046 31 has taken a fork
10046 136 is sleeping
10046 144 is sleeping
10047 45 has taken a fork
10047 185 has taken a fork
10047 179 is eating
10048 43 has taken a fork
10048 57 is thinking
10049 52 is thinking
10049 165 is eating
10050 177 is eating
10050 168 is eating
10052 36 has taken a fork
10053 176 is eating
10055 63 is thinking
10055 23 has taken a fork
10055 1 has taken a fork
10055 8 has taken a fork
10055 149 is eating
10056 48 is thinking
10057 19 is thinking
10057 77 is thinking
10058 20 has taken a fork
10059 65 is thinking
10059 68 is thinking
10061 39 has taken a fork
10062 64 is thinking
10062 173 is eating
10062 180 is eating
10062 174 is eating
10062 181 is eating
10063 81 is thinking
10063 70 is thinking
10063 59 is thinking
10066 67 is thinking
10066 61 is thinking
10070 62 is thinking
10071 82 is thinking
10073 54 has taken a fork
10073 96 is thinking
10073 73 is thinking
10073 78 is thinking
10076 47 has taken a fork
10080 90 is thinking
10080 74 is thinking
10080 72 is thinking
10080 98 is thinking
10081 80 is thinking
10082 88 is thinking
10083 69 is thinking
10084 30 has taken a fork
10087 75 is thinking
10093 49 has taken a fork
10098 42 has taken a fork
10098 167 is eating
10098 101 is thinking
10099 85 is thinking
10100 66 is thinking
10101 102 is thinking
10105 55 has taken a fork
10107 93 is thinking
10107 58 has taken a fork
10107 138 is sleeping
10107 130 is sleeping
10107 191 is eating
10107 172 is eating
10108 145 is sleeping
10108 190 is eating
10109 18 has taken a fork
10110 195 has taken a fork
10110 13 has taken a fork
10110 200 has taken a fork
10110 2 has taken a fork
10112 157 is sleeping
10112 178 has taken a fork
10113 151 is sleeping
10113 5 has taken a fork
10113 150 is sleeping
10113 3 is eating
10113 193 is eating
10113 199 is eating
10113 192 is eating
10114 160 is sleeping
10114 6 has taken a fork
10114 159 is sleeping
10114 154 is sleeping
10114 158 is sleeping
10114 22 has taken a fork
10114 184 is eating
10114 175 is eating
10115 197 has taken a fork
10116 183 has taken a fork
10118 53 has taken a fork
10118 170 is eating
10119 91 is thinking
10122 86 is thinking
10131 50 has taken a fork
