0 1 has taken a fork
0 1 has taken a fork
0 1 is eating
0 3 has taken a fork
0 3 has taken a fork
0 3 is eating
1 5 has taken a fork
1 5 has taken a fork
1 5 is eating
1 7 has taken a fork
1 7 has taken a fork
1 7 is eating
1 9 has taken a fork
1 9 has taken a fork
1 9 is eating
1 11 has taken a fork
1 11 has taken a fork
1 11 is eating
1 13 has taken a fork
1 2 has taken a fork
1 13 has taken a fork
1 2 has taken a fork
1 13 is eating
1 2 is eating
2 4 has taken a fork
2 4 has taken a fork
2 4 is eating
2 15 has taken a fork
2 15 has taken a fork
2 15 is eating
2 17 has taken a fork
2 17 has taken a fork
2 17 is eating
2 6 has taken a fork
2 6 has taken a fork
2 6 is eating
2 8 has taken a fork
2 8 has taken a fork
2 8 is eating
2 19 has taken a fork
2 19 has taken a fork
2 19 is eating
2 10 has taken a fork
2 10 has taken a fork
2 10 is eating
2 21 has taken a fork
2 21 has taken a fork
2 21 is eating
2 12 has taken a fork
2 12 has taken a fork
2 12 is eating
2 23 has taken a fork
2 23 has taken a fork
2 23 is eating
3 14 has taken a fork
3 14 has taken a fork
3 14 is eating
3 25 has taken a fork
3 25 has taken a fork
3 25 is eating
3 16 has taken a fork
3 16 has taken a fork
3 16 is eating
3 27 has taken a fork
3 27 has taken a fork
3 27 is eating
3 18 has taken a fork
3 18 has taken a fork
3 18 is eating
3 20 has taken a fork
3 20 has taken a fork
3 20 is eating
4 22 has taken a fork
4 22 has taken a fork
4 22 is eating
4 29 has taken a fork
4 29 has taken a fork
4 29 is eating
4 24 has taken a fork
4 24 has taken a fork
4 24 is eating
4 31 has taken a fork
4 31 has taken a fork
4 31 is eating
4 26 has taken a fork
4 26 has taken a fork
4 26 is eating
4 33 has taken a fork
4 33 has taken a fork
4 33 is eating
5 28 has taken a fork
5 28 has taken a fork
5 28 is eating
5 35 has taken a fork
5 35 has taken a fork
5 35 is eating
5 37 has taken a fork
5 37 has taken a fork
5 37 is eating
5 30 has taken a fork
5 30 has taken a fork
5 30 is eating
5 39 has taken a fork
5 39 has taken a fork
5 39 is eating
6 41 has taken a fork
6 41 has taken a fork
6 41 is eating
6 32 has taken a fork
6 32 has taken a fork
6 32 is eating
6 34 has taken a fork
6 34 has taken a fork
6 34 is eating
6 36 has taken a fork
6 36 has taken a fork
6 36 is eating
6 38 has taken a fork
6 38 has taken a fork
6 38 is eating
7 40 has taken a fork
7 40 has taken a fork
7 40 is eating
7 42 has taken a fork
7 42 has taken a fork
7 42 is eating
7 43 has taken a fork
7 43 has taken a fork
7 43 is eating
8 45 has taken a fork
8 45 has taken a fork
8 45 is eating
9 47 has taken a fork
9 47 has taken a fork
9 47 is eating
9 44 has taken a fork
9 44 has taken a fork
9 44 is eating
10 46 has taken a fork
10 46 has taken a fork
10 46 is eating
11 49 has taken a fork
11 49 has taken a fork
11 49 is eating
11 48 has taken a fork
11 48 has taken a fork
11 48 is eating
11 51 has taken a fork
11 51 has taken a fork
11 51 is eating
11 53 has taken a fork
12 53 has taken a fork
12 53 is eating
12 50 has taken a fork
12 50 has taken a fork
12 50 is eating
12 55 has taken a fork
12 55 has taken a fork
12 55 is eating
12 57 has taken a fork
12 57 has taken a fork
13 57 is eating
13 52 has taken a fork
13 52 has taken a fork
13 52 is eating
13 59 has taken a fork
13 54 has taken a fork
13 59 has taken a fork
14 54 has taken a fork
14 59 is eating
14 54 is eating
14 56 has taken a fork
14 61 has taken a fork
14 63 has taken a fork
14 56 has taken a fork
14 61 has taken a fork
14 63 has taken a fork
14 56 is eating
14 61 is eating
14 63 is eating
15 58 has taken a fork
15 58 has taken a fork
15 58 is eating
15 60 has taken a fork
15 60 has taken a fork
15 60 is eating
15 65 has taken a fork
15 65 has taken a fork
15 65 is eating
15 62 has taken a fork
15 62 has taken a fork
15 62 is eating
16 67 has taken a fork
16 67 has taken a fork
16 67 is eating
16 64 has taken a fork
16 64 has taken a fork
16 64 is eating
17 66 has taken a fork
17 66 has taken a fork
17 69 has taken a fork
17 66 is eating
17 69 has taken a fork
17 69 is eating
17 71 has taken a fork
17 71 has taken a fork
17 71 is eating
18 68 has taken a fork
18 68 has taken a fork
18 68 is eating
18 73 has taken a fork
18 73 has taken a fork
18 73 is eating
18 70 has taken a fork
18 70 has taken a fork
18 70 is eating
19 75 has taken a fork
19 75 has taken a fork
19 75 is eating
19 72 has taken a fork
19 72 has taken a fork
19 72 is eating
20 74 has taken a fork
20 74 has taken a fork
20 74 is eating
21 77 has taken a fork
21 77 has taken a fork
21 77 is eating
22 76 has taken a fork
22 76 has taken a fork
22 76 is eating
25 79 has taken a fork
25 79 has taken a fork
25 79 is eating
25 78 has taken a fork
25 78 has taken a fork
25 78 is eating
26 81 has taken a fork
26 81 has taken a fork
26 81 is eating
26 83 has taken a fork
26 83 has taken a fork
26 83 is eating
26 80 has taken a fork
26 80 has taken a fork
26 80 is eating
27 85 has taken a fork
27 85 has taken a fork
27 85 is eating
27 87 has taken a fork
27 87 has taken a fork
27 87 is eating
28 82 has taken a fork
28 89 has taken a fork
28 82 has taken a fork
28 89 has taken a fork
28 82 is eating
28 89 is eating
28 91 has taken a fork
28 91 has taken a fork
28 91 is eating
28 84 has taken a fork
28 84 has taken a fork
28 84 is eating
28 86 has taken a fork
29 93 has taken a fork
29 93 has taken a fork
29 86 has taken a fork
29 93 is eating
29 86 is eating
30 88 has taken a fork
30 90 has taken a fork
30 95 has taken a fork
30 88 has taken a fork
30 92 has taken a fork
30 90 has taken a fork
31 95 has taken a fork
31 88 is eating
31 94 has taken a fork
31 97 has taken a fork
31 92 has taken a fork
31 90 is eating
31 95 is eating
31 94 has taken a fork
32 97 has taken a fork
32 92 is eating
32 96 has taken a fork
32 94 is eating
32 97 is eating
32 96 has taken a fork
32 96 is eating
34 99 has taken a fork
34 99 has taken a fork
34 99 is eating
34 98 has taken a fork
34 98 has taken a fork
34 98 is eating
100 1 is sleeping
100 3 is sleeping
100 101 has taken a fork
100 100 has taken a fork
101 101 has taken a fork
101 100 has taken a fork
101 5 is sleeping
102 11 is sleeping
102 13 is sleeping
102 103 has taken a fork
102 2 is sleeping
102 101 is eating
103 7 is sleeping
103 102 has taken a fork
103 9 is sleeping
103 105 has taken a fork
103 107 has taken a fork
103 104 has taken a fork
104 109 has taken a fork
104 100 is eating
105 10 is sleeping
105 8 is sleeping
105 19 is sleeping
106 21 is sleeping
106 4 is sleeping
106 12 is sleeping
106 15 is sleeping
106 23 is sleeping
106 6 is sleeping
106 17 is sleeping
107 111 has taken a fork
107 108 has taken a fork
107 113 has taken a fork
107 115 has taken a fork
107 112 has taken a fork
107 114 has taken a fork
107 116 has taken a fork
108 117 has taken a fork
108 106 has taken a fork
108 103 has taken a fork
108 110 has taken a fork
108 20 is sleeping
108 18 is sleeping
108 119 has taken a fork
109 14 is sleeping
109 102 has taken a fork
109 16 is sleeping
109 25 is sleeping
109 27 is sleeping
109 121 has taken a fork
109 118 has taken a fork
110 105 has taken a fork
110 123 has taken a fork
110 120 has taken a fork
110 125 has taken a fork
110 107 has taken a fork
110 104 has taken a fork
110 24 is sleeping
110 31 is sleeping
110 22 is sleeping
110 33 is sleeping
110 26 is sleeping
110 122 has taken a fork
111 127 has taken a fork
111 128 has taken a fork
111 129 has taken a fork
111 124 has taken a fork
111 29 is sleeping
111 126 has taken a fork
111 109 has taken a fork
112 30 is sleeping
112 35 is sleeping
112 28 is sleeping
112 39 is sleeping
112 37 is sleeping
112 132 has taken a fork
112 130 has taken a fork
112 135 has taken a fork
112 131 has taken a fork
112 133 has taken a fork
112 34 is sleeping
112 36 is sleeping
112 41 is sleeping
112 38 is sleeping
112 32 is sleeping
112 137 has taken a fork
113 136 has taken a fork
113 134 has taken a fork
113 139 has taken a fork
113 138 has taken a fork
113 40 is sleeping
113 141 has taken a fork
113 43 is sleeping
113 143 has taken a fork
113 140 has taken a fork
114 42 is sleeping
114 108 has taken a fork
114 111 has taken a fork
114 115 has taken a fork
114 113 has taken a fork
114 112 has taken a fork
115 114 has taken a fork
115 116 has taken a fork
115 117 has taken a fork
115 106 has taken a fork
115 45 is sleeping
115 103 is eating
115 142 has taken a fork
115 110 has taken a fork
115 119 has taken a fork
115 44 is sleeping
115 47 is sleeping
115 145 has taken a fork
115 102 is eating
116 144 has taken a fork
116 121 has taken a fork
116 118 has taken a fork
116 123 has taken a fork
116 105 is eating
116 120 has taken a fork
116 46 is sleeping
116 125 has taken a fork
116 147 has taken a fork
116 107 is eating
116 104 is eating
116 51 is sleeping
116 122 has taken a fork
116 48 is sleeping
116 146 has taken a fork
116 127 has taken a fork
116 49 is sleeping
116 149 has taken a fork
116 148 has taken a fork
116 128 has taken a fork
116 129 has taken a fork
116 124 has taken a fork
116 126 has taken a fork
116 109 is eating
116 50 is sleeping
116 53 is sleeping
116 55 is sleeping
116 150 has taken a fork
116 153 has taken a fork
116 151 has taken a fork
116 132 has taken a fork
116 130 has taken a fork
117 135 has taken a fork
117 131 has taken a fork
117 133 has taken a fork
117 137 has taken a fork
117 57 is sleeping
117 136 has taken a fork
117 152 has taken a fork
117 52 is sleeping
117 134 has taken a fork
117 155 has taken a fork
117 139 has taken a fork
118 138 has taken a fork
118 141 has taken a fork
118 143 has taken a fork
118 140 has taken a fork
118 59 is sleeping
118 61 is sleeping
118 56 is sleeping
119 63 is sleeping
119 154 has taken a fork
119 108 is eating
119 54 is sleeping
119 157 has taken a fork
119 159 has taken a fork
119 156 has taken a fork
120 111 is eating
120 158 has taken a fork
120 115 is eating
120 113 is eating
120 112 is eating
120 65 is sleeping
120 114 is eating
120 58 is sleeping
121 60 is sleeping
121 160 has taken a fork
121 116 is eating
121 62 is sleeping
122 161 has taken a fork
122 163 has taken a fork
122 117 is eating
122 165 has taken a fork
122 106 is eating
122 142 has taken a fork
122 110 is eating
123 119 is eating
123 145 has taken a fork
123 144 has taken a fork
123 121 is eating
123 67 is sleeping
123 118 is eating
124 167 has taken a fork
124 123 is eating
124 64 is sleeping
124 120 is eating
124 162 has taken a fork
124 125 is eating
124 147 has taken a fork
124 122 is eating
124 146 has taken a fork
124 127 is eating
124 149 has taken a fork
125 148 has taken a fork
125 128 is eating
125 129 is eating
125 124 is eating
125 126 is eating
125 150 has taken a fork
126 153 has taken a fork
126 151 has taken a fork
126 132 is eating
126 130 is eating
127 69 is sleeping
127 66 is sleeping
127 164 has taken a fork
127 169 has taken a fork
127 135 is eating
127 71 is sleeping
127 131 is eating
128 166 has taken a fork
128 133 is eating
128 137 is eating
129 136 is eating
129 152 has taken a fork
129 134 is eating
129 155 has taken a fork
129 139 is eating
129 73 is sleeping
130 138 is eating
130 70 is sleeping
130 68 is sleeping
130 171 has taken a fork
130 141 is eating
130 168 has taken a fork
130 173 has taken a fork
131 143 is eating
131 140 is eating
131 75 is sleeping
131 154 has taken a fork
131 72 is sleeping
131 170 has taken a fork
131 172 has taken a fork
131 157 has taken a fork
131 159 has taken a fork
132 156 has taken a fork
132 158 has taken a fork
132 74 is sleeping
132 174 has taken a fork
132 77 is sleeping
132 177 has taken a fork
132 160 has taken a fork
132 76 is sleeping
132 161 has taken a fork
133 175 has taken a fork
133 163 has taken a fork
133 165 has taken a fork
133 142 is eating
133 145 is eating
134 144 is eating
134 167 has taken a fork
134 162 has taken a fork
135 147 is eating
135 146 is eating
135 149 is eating
135 148 is eating
135 78 is sleeping
135 79 is sleeping
136 176 has taken a fork
136 179 has taken a fork
136 150 is eating
136 81 is sleeping
136 181 has taken a fork
136 83 is sleeping
136 183 has taken a fork
136 80 is sleeping
136 153 is eating
136 151 is eating
137 178 has taken a fork
137 164 has taken a fork
138 85 is sleeping
138 87 is sleeping
138 169 has taken a fork
139 185 has taken a fork
139 180 has taken a fork
139 91 is sleeping
140 89 is sleeping
140 84 is sleeping
140 166 has taken a fork
140 182 has taken a fork
141 187 has taken a fork
141 184 has taken a fork
141 82 is sleeping
141 186 has taken a fork
141 93 is sleeping
141 86 is sleeping
142 189 has taken a fork
142 152 is eating
142 188 has taken a fork
142 155 is eating
142 95 is sleeping
142 90 is sleeping
142 88 is sleeping
142 192 has taken a fork
142 190 has taken a fork
142 193 has taken a fork
142 171 has taken a fork
143 168 has taken a fork
143 173 has taken a fork
143 97 is sleeping
144 94 is sleeping
144 195 has taken a fork
145 154 is eating
145 92 is sleeping
145 170 has taken a fork
145 194 has taken a fork
146 191 has taken a fork
146 172 has taken a fork
147 157 is eating
148 159 is eating
148 156 is eating
148 158 is eating
148 96 is sleeping
149 197 has taken a fork
149 174 has taken a fork
149 177 has taken a fork
150 160 is eating
150 161 is eating
150 175 has taken a fork
151 163 is eating
151 165 is eating
151 98 is sleeping
151 99 is sleeping
152 198 has taken a fork
152 196 has taken a fork
153 167 is eating
153 162 is eating
154 176 has taken a fork
154 179 has taken a fork
154 181 has taken a fork
154 183 has taken a fork
155 178 has taken a fork
155 164 is eating
156 169 is eating
156 185 has taken a fork
156 180 has taken a fork
156 166 is eating
156 182 has taken a fork
156 187 has taken a fork
156 184 has taken a fork
156 186 has taken a fork
157 189 has taken a fork
157 188 has taken a fork
158 192 has taken a fork
158 190 has taken a fork
158 193 has taken a fork
158 171 is eating
158 168 is eating
159 173 is eating
159 195 has taken a fork
160 170 is eating
160 194 has taken a fork
160 191 has taken a fork
161 172 is eating
161 197 has taken a fork
162 174 is eating
162 177 is eating
162 175 is eating
163 198 has taken a fork
163 196 has taken a fork
164 176 is eating
164 179 is eating
165 181 is eating
165 183 is eating
166 178 is eating
166 185 is eating
166 180 is eating
166 182 is eating
166 187 is eating
166 184 is eating
166 186 is eating
166 189 is eating
166 188 is eating
166 192 is eating
166 190 is eating
166 193 is eating
166 195 is eating
166 194 is eating
167 191 is eating
167 197 is eating
167 198 is eating
167 196 is eating
202 2 is thinking
202 2 has taken a fork
202 2 has taken a fork
202 2 is eating
202 101 is sleeping
202 1 is thinking
206 100 is sleeping
211 11 is thinking
216 3 is thinking
216 1 has taken a fork
217 13 is thinking
217 5 is thinking
219 8 is thinking
221 12 is thinking
222 4 is thinking
223 9 is thinking
224 17 is thinking
224 7 is thinking
224 23 is thinking
224 6 is thinking
226 15 is thinking
226 21 is thinking
229 10 is thinking
229 19 is thinking
229 103 is sleeping
229 109 is sleeping
229 105 is sleeping
229 22 is thinking
229 24 is thinking
230 107 is sleeping
230 102 is sleeping
230 114 is sleeping
230 113 is sleeping
230 111 is sleeping
230 112 is sleeping
231 104 is sleeping
231 108 is sleeping
233 16 is thinking
233 27 is thinking
234 11 has taken a fork
234 20 is thinking
234 31 is thinking
234 33 is thinking
234 29 is thinking
234 18 is thinking
235 115 is sleeping
235 26 is thinking
235 14 is thinking
235 25 is thinking
235 118 is sleeping
235 110 is sleeping
235 117 is sleeping
235 106 is sleeping
235 116 is sleeping
235 121 is sleeping
235 28 is thinking
235 119 is sleeping
235 125 is sleeping
235 122 is sleeping
236 120 is sleeping
236 123 is sleeping
236 127 is sleeping
237 124 is sleeping
237 47 is thinking
237 128 is sleeping
237 126 is sleeping
237 129 is sleeping
237 130 is sleeping
237 46 is thinking
238 135 is sleeping
238 131 is sleeping
239 132 is sleeping
239 45 is thinking
239 34 is thinking
240 3 has taken a fork
240 50 is thinking
241 53 is thinking
241 36 is thinking
241 43 is thinking
241 49 is thinking
241 40 is thinking
241 55 is thinking
241 44 is thinking
242 37 is thinking
242 32 is thinking
242 41 is thinking
242 38 is thinking
242 48 is thinking
242 30 is thinking
243 35 is thinking
243 51 is thinking
243 42 is thinking
243 39 is thinking
243 1 has taken a fork
243 52 is thinking
243 137 is sleeping
243 133 is sleeping
243 57 is thinking
243 13 has taken a fork
244 5 has taken a fork
244 138 is sleeping
244 141 is sleeping
244 143 is sleeping
244 140 is sleeping
244 139 is sleeping
244 136 is sleeping
244 134 is sleeping
244 8 has taken a fork
244 12 has taken a fork
244 145 is sleeping
244 144 is sleeping
244 142 is sleeping
244 62 is thinking
244 63 is thinking
245 59 is thinking
245 65 is thinking
246 4 has taken a fork
246 61 is thinking
246 56 is thinking
247 54 is thinking
247 58 is thinking
247 60 is thinking
247 147 is sleeping
247 67 is thinking
247 146 is sleeping
247 149 is sleeping
247 148 is sleeping
247 9 has taken a fork
247 153 is sleeping
247 150 is sleeping
247 17 has taken a fork
248 64 is thinking
248 7 has taken a fork
248 23 has taken a fork
248 151 is sleeping
249 6 has taken a fork
249 15 has taken a fork
249 21 has taken a fork
249 155 is sleeping
249 152 is sleeping
249 66 is thinking
249 73 is thinking
249 71 is thinking
249 69 is thinking
249 10 has taken a fork
249 19 has taken a fork
249 22 has taken a fork
249 24 has taken a fork
249 68 is thinking
250 154 is sleeping
250 70 is thinking
250 156 is sleeping
250 157 is sleeping
250 159 is sleeping
250 158 is sleeping
250 75 is thinking
250 72 is thinking
250 160 is sleeping
250 161 is sleeping
250 163 is sleeping
250 74 is thinking
251 77 is thinking
251 165 is sleeping
251 16 has taken a fork
251 76 is thinking
252 27 has taken a fork
252 11 has taken a fork
252 20 has taken a fork
252 31 has taken a fork
252 33 has taken a fork
252 29 has taken a fork
252 18 has taken a fork
252 162 is sleeping
252 78 is thinking
252 79 is thinking
252 167 is sleeping
253 26 has taken a fork
254 14 has taken a fork
255 25 has taken a fork
255 28 has taken a fork
255 81 is thinking
257 80 is thinking
257 83 is thinking
257 169 is sleeping
257 164 is sleeping
257 166 is sleeping
257 47 has taken a fork
258 46 has taken a fork
258 168 is sleeping
258 171 is sleeping
260 87 is thinking
261 85 is thinking
261 173 is sleeping
263 91 is thinking
264 34 has taken a fork
264 172 is sleeping
264 170 is sleeping
264 84 is thinking
266 89 is thinking
266 45 has taken a fork
267 3 has taken a fork
268 50 has taken a fork
268 174 is sleeping
269 86 is thinking
270 93 is thinking
271 82 is thinking
272 53 has taken a fork
272 36 has taken a fork
272 49 has taken a fork
272 40 has taken a fork
272 43 has taken a fork
273 55 has taken a fork
275 44 has taken a fork
275 37 has taken a fork
275 177 is sleeping
275 88 is thinking
275 175 is sleeping
276 90 is thinking
276 95 is thinking
277 32 has taken a fork
277 41 has taken a fork
277 38 has taken a fork
279 48 has taken a fork
279 30 has taken a fork
279 97 is thinking
280 35 has taken a fork
280 51 has taken a fork
281 42 has taken a fork
281 39 has taken a fork
283 1 is eating
284 52 has taken a fork
284 57 has taken a fork
286 13 has taken a fork
287 5 has taken a fork
287 94 is thinking
287 8 has taken a fork
288 12 has taken a fork
288 62 has taken a fork
288 63 has taken a fork
289 59 has taken a fork
289 179 is sleeping
289 176 is sleeping
291 92 is thinking
291 65 has taken a fork
291 178 is sleeping
291 183 is sleeping
291 181 is sleeping
291 4 has taken a fork
291 61 has taken a fork
291 56 has taken a fork
291 184 is sleeping
292 187 is sleeping
292 180 is sleeping
292 186 is sleeping
292 185 is sleeping
292 182 is sleeping
293 54 has taken a fork
293 58 has taken a fork
293 60 has taken a fork
293 67 has taken a fork
293 9 has taken a fork
293 17 has taken a fork
293 192 is sleeping
293 189 is sleeping
293 64 has taken a fork
294 190 is sleeping
294 96 is thinking
294 188 is sleeping
294 7 has taken a fork
294 193 is sleeping
294 23 has taken a fork
294 195 is sleeping
294 191 is sleeping
294 194 is sleeping
294 6 has taken a fork
294 15 has taken a fork
294 21 has taken a fork
295 66 has taken a fork
295 73 has taken a fork
295 71 has taken a fork
295 69 has taken a fork
295 10 has taken a fork
295 19 has taken a fork
295 22 has taken a fork
295 24 has taken a fork
295 68 has taken a fork
295 197 is sleeping
295 70 has taken a fork
295 75 has taken a fork
296 72 has taken a fork
296 74 has taken a fork
296 196 is sleeping
296 198 is sleeping
296 98 is thinking
296 99 is thinking
296 77 has taken a fork
296 16 has taken a fork
296 76 has taken a fork
296 27 has taken a fork
296 11 is eating
297 20 has taken a fork
297 31 has taken a fork
297 33 has taken a fork
297 29 has taken a fork
297 18 has taken a fork
297 78 has taken a fork
297 79 has taken a fork
297 26 has taken a fork
297 25 has taken a fork
297 28 has taken a fork
298 81 has taken a fork
298 14 has taken a fork
298 80 has taken a fork
298 83 has taken a fork
298 47 has taken a fork
298 46 has taken a fork
298 87 has taken a fork
298 85 has taken a fork
299 91 has taken a fork
299 34 has taken a fork
299 84 has taken a fork
299 89 has taken a fork
299 45 has taken a fork
299 3 is eating
299 50 has taken a fork
299 86 has taken a fork
299 93 has taken a fork
299 82 has taken a fork
299 53 has taken a fork
299 36 has taken a fork
299 49 has taken a fork
299 40 has taken a fork
299 43 has taken a fork
299 55 has taken a fork
300 44 has taken a fork
300 37 has taken a fork
300 88 has taken a fork
300 90 has taken a fork
300 95 has taken a fork
300 32 has taken a fork
300 41 has taken a fork
300 38 has taken a fork
300 48 has taken a fork
300 30 has taken a fork
300 97 has taken a fork
300 35 has taken a fork
300 51 has taken a fork
300 42 has taken a fork
300 39 has taken a fork
300 52 has taken a fork
300 57 has taken a fork
301 13 is eating
301 5 is eating
301 94 has taken a fork
301 8 is eating
301 12 is eating
301 62 has taken a fork
302 63 has taken a fork
302 59 has taken a fork
302 92 has taken a fork
302 65 has taken a fork
302 4 is eating
302 61 has taken a fork
302 56 has taken a fork
302 54 has taken a fork
302 58 has taken a fork
302 60 has taken a fork
302 67 has taken a fork
302 9 is eating
302 17 is eating
302 64 has taken a fork
303 96 has taken a fork
303 7 is eating
303 23 is eating
303 6 is eating
303 15 is eating
303 21 is eating
303 66 has taken a fork
303 73 has taken a fork
303 71 has taken a fork
303 69 has taken a fork
303 10 is eating
303 19 is eating
303 22 is eating
303 24 is eating
303 68 has taken a fork
303 70 has taken a fork
303 75 has taken a fork
303 72 has taken a fork
303 74 has taken a fork
303 98 has taken a fork
303 99 has taken a fork
304 77 has taken a fork
304 16 is eating
304 76 has taken a fork
304 27 is eating
304 20 is eating
304 31 is eating
305 33 is eating
305 29 is eating
305 18 is eating
305 78 has taken a fork
305 79 has taken a fork
305 25 is eating
305 26 is eating
305 28 is eating
306 81 has taken a fork
306 14 is eating
306 80 has taken a fork
306 83 has taken a fork
306 47 is eating
306 46 is eating
306 87 has taken a fork
306 85 has taken a fork
306 91 has taken a fork
306 34 is eating
306 84 has taken a fork
306 89 has taken a fork
306 45 is eating
306 50 is eating
306 86 has taken a fork
306 93 has taken a fork
306 82 has taken a fork
307 53 is eating
307 36 is eating
307 49 is eating
307 40 is eating
307 43 is eating
307 55 is eating
307 44 is eating
307 37 is eating
307 88 has taken a fork
307 90 has taken a fork
307 95 has taken a fork
307 32 is eating
307 41 is eating
307 38 is eating
307 48 is eating
307 30 is eating
307 97 has taken a fork
307 35 is eating
307 51 is eating
307 42 is eating
308 39 is eating
308 52 is eating
308 57 is eating
308 94 has taken a fork
308 62 is eating
308 63 is eating
308 59 is eating
309 101 is thinking
309 92 has taken a fork
309 2 is sleeping
309 65 is eating
309 61 is eating
309 56 is eating
309 54 is eating
309 58 is eating
310 60 is eating
310 67 is eating
310 64 is eating
310 96 has taken a fork
310 66 is eating
310 73 is eating
310 71 is eating
310 69 is eating
310 68 is eating
310 70 is eating
310 75 is eating
310 72 is eating
311 74 is eating
311 98 has taken a fork
311 99 has taken a fork
311 77 is eating
311 76 is eating
311 78 is eating
311 79 is eating
311 100 is thinking
311 81 is eating
311 80 is eating
311 83 is eating
311 87 is eating
311 85 is eating
312 91 is eating
312 84 is eating
312 89 is eating
313 86 is eating
314 93 is eating
314 82 is eating
314 88 is eating
314 90 is eating
315 95 is eating
315 97 is eating
315 94 is eating
315 101 has taken a fork
315 92 is eating
315 96 is eating
315 98 is eating
315 99 is eating
315 101 has taken a fork
315 101 is eating
329 105 is thinking
329 109 is thinking
329 103 is thinking
330 107 is thinking
330 102 is thinking
330 112 is thinking
330 113 is thinking
331 111 is thinking
331 114 is thinking
331 108 is thinking
331 104 is thinking
335 116 is thinking
335 117 is thinking
335 115 is thinking
335 106 is thinking
335 121 is thinking
335 118 is thinking
335 110 is thinking
336 120 is thinking
336 127 is thinking
338 125 is thinking
338 122 is thinking
338 119 is thinking
338 123 is thinking
339 124 is thinking
339 129 is thinking
339 128 is thinking
339 126 is thinking
339 135 is thinking
341 130 is thinking
341 131 is thinking
341 132 is thinking
343 133 is thinking
343 1 is sleeping
343 100 has taken a fork
343 100 has taken a fork
343 100 is eating
344 144 is thinking
344 139 is thinking
344 140 is thinking
344 134 is thinking
344 136 is thinking
344 142 is thinking
344 145 is thinking
344 143 is thinking
344 141 is thinking
347 138 is thinking
350 137 is thinking
350 147 is thinking
351 146 is thinking
351 150 is thinking
352 153 is thinking
352 149 is thinking
352 148 is thinking
353 151 is thinking
353 152 is thinking
353 154 is thinking
354 158 is thinking
354 161 is thinking
357 157 is thinking
357 155 is thinking
357 156 is thinking
357 159 is thinking
357 163 is thinking
361 160 is thinking
361 11 is sleeping
361 105 has taken a fork
362 167 is thinking
362 164 is thinking
362 162 is thinking
362 165 is thinking
362 169 is thinking
365 166 is thinking
367 3 is sleeping
367 13 is sleeping
368 5 is sleeping
368 107 has taken a fork
368 173 is thinking
369 168 is thinking
369 12 is sleeping
370 109 has taken a fork
370 103 has taken a fork
371 171 is thinking
371 8 is sleeping
371 112 has taken a fork
371 102 has taken a fork
371 105 has taken a fork
372 4 is sleeping
372 113 has taken a fork
372 9 is sleeping
372 111 has taken a fork
372 17 is sleeping
374 114 has taken a fork
374 6 is sleeping
374 23 is sleeping
374 108 has taken a fork
374 7 is sleeping
375 104 has taken a fork
375 116 has taken a fork
375 21 is sleeping
375 117 has taken a fork
375 15 is sleeping
375 115 has taken a fork
375 170 is thinking
375 172 is thinking
375 22 is sleeping
375 19 is sleeping
375 10 is sleeping
375 24 is sleeping
375 110 has taken a fork
375 106 has taken a fork
375 118 has taken a fork
376 121 has taken a fork
378 174 is thinking
378 107 has taken a fork
378 16 is sleeping
378 27 is sleeping
378 120 has taken a fork
378 127 has taken a fork
378 20 is sleeping
379 25 is sleeping
379 18 is sleeping
379 31 is sleeping
379 28 is sleeping
379 29 is sleeping
379 125 has taken a fork
379 119 has taken a fork
379 124 has taken a fork
379 109 has taken a fork
379 129 has taken a fork
379 33 is sleeping
380 26 is sleeping
380 128 has taken a fork
380 126 has taken a fork
381 122 has taken a fork
381 123 has taken a fork
381 103 has taken a fork
381 14 is sleeping
381 135 has taken a fork
381 112 has taken a fork
381 102 has taken a fork
381 105 is eating
381 46 is sleeping
381 113 has taken a fork
381 47 is sleeping
381 131 has taken a fork
381 111 has taken a fork
382 130 has taken a fork
382 45 is sleeping
382 34 is sleeping
382 132 has taken a fork
382 133 has taken a fork
382 114 has taken a fork
383 36 is sleeping
383 55 is sleeping
383 49 is sleeping
383 40 is sleeping
383 44 is sleeping
383 43 is sleeping
383 53 is sleeping
383 50 is sleeping
383 139 has taken a fork
384 140 has taken a fork
384 134 has taken a fork
384 144 has taken a fork
384 136 has taken a fork
384 142 has taken a fork
384 145 has taken a fork
384 108 has taken a fork
384 143 has taken a fork
384 32 is sleeping
384 35 is sleeping
384 104 has taken a fork
385 138 has taken a fork
385 116 has taken a fork
387 141 has taken a fork
387 37 is sleeping
387 48 is sleeping
387 137 has taken a fork
387 147 has taken a fork
388 117 has taken a fork
388 30 is sleeping
388 41 is sleeping
388 115 has taken a fork
388 51 is sleeping
388 146 has taken a fork
388 175 is thinking
388 150 has taken a fork
388 38 is sleeping
389 153 has taken a fork
389 42 is sleeping
389 149 has taken a fork
389 148 has taken a fork
389 177 is thinking
389 110 has taken a fork
390 106 has taken a fork
390 118 has taken a fork
390 52 is sleeping
390 63 is sleeping
390 57 is sleeping
390 151 has taken a fork
390 152 has taken a fork
390 62 is sleeping
390 154 has taken a fork
390 158 has taken a fork
390 39 is sleeping
391 161 has taken a fork
391 59 is sleeping
391 121 has taken a fork
391 56 is sleeping
391 61 is sleeping
391 155 has taken a fork
391 156 has taken a fork
391 54 is sleeping
391 58 is sleeping
391 65 is sleeping
393 159 has taken a fork
394 163 has taken a fork
395 160 has taken a fork
395 157 has taken a fork
395 107 is eating
395 120 has taken a fork
395 127 has taken a fork
395 64 is sleeping
395 60 is sleeping
395 67 is sleeping
396 162 has taken a fork
397 167 has taken a fork
397 164 has taken a fork
397 125 has taken a fork
397 119 has taken a fork
397 124 has taken a fork
398 109 is eating
398 129 has taken a fork
398 73 is sleeping
398 69 is sleeping
398 68 is sleeping
398 71 is sleeping
399 70 is sleeping
399 128 has taken a fork
399 66 is sleeping
399 75 is sleeping
399 72 is sleeping
400 126 has taken a fork
400 77 is sleeping
400 174 has taken a fork
400 74 is sleeping
400 165 has taken a fork
400 169 has taken a fork
400 170 has taken a fork
400 173 has taken a fork
400 172 has taken a fork
401 168 has taken a fork
402 122 has taken a fork
405 166 has taken a fork
405 171 has taken a fork
405 123 has taken a fork
405 103 is eating
405 135 has taken a fork
405 112 is eating
405 102 is eating
406 113 is eating
406 131 has taken a fork
406 111 is eating
406 76 is sleeping
406 79 is sleeping
407 78 is sleeping
410 130 has taken a fork
410 132 has taken a fork
410 133 has taken a fork
410 114 is eating
410 139 has taken a fork
410 83 is sleeping
410 140 has taken a fork
411 80 is sleeping
411 134 has taken a fork
411 144 has taken a fork
411 136 has taken a fork
412 81 is sleeping
412 142 has taken a fork
412 145 has taken a fork
412 108 is eating
413 143 has taken a fork
413 104 is eating
413 138 has taken a fork
413 116 is eating
414 87 is sleeping
415 141 has taken a fork
415 85 is sleeping
416 137 has taken a fork
416 147 has taken a fork
416 117 is eating
416 91 is sleeping
416 115 is eating
416 146 has taken a fork
416 175 has taken a fork
416 150 has taken a fork
416 153 has taken a fork
416 84 is sleeping
416 89 is sleeping
416 149 has taken a fork
416 148 has taken a fork
417 179 is thinking
417 176 is thinking
417 177 has taken a fork
418 110 is eating
418 106 is eating
418 118 is eating
418 151 has taken a fork
418 152 has taken a fork
418 154 has taken a fork
418 158 has taken a fork
418 161 has taken a fork
418 86 is sleeping
418 184 is thinking
418 183 is thinking
419 178 is thinking
419 181 is thinking
419 121 is eating
419 155 has taken a fork
419 156 has taken a fork
420 93 is sleeping
420 186 is thinking
420 187 is thinking
420 189 is thinking
421 185 is thinking
421 192 is thinking
421 159 has taken a fork
422 182 is thinking
422 82 is sleeping
422 180 is thinking
422 195 is thinking
423 190 is thinking
423 188 is thinking
423 163 has taken a fork
423 193 is thinking
424 191 is thinking
424 194 is thinking
424 88 is sleeping
424 90 is sleeping
424 160 has taken a fork
424 157 has taken a fork
424 120 is eating
424 127 is eating
424 162 has taken a fork
424 198 is thinking
424 95 is sleeping
424 97 is sleeping
424 197 is thinking
424 196 is thinking
425 167 has taken a fork
426 164 has taken a fork
426 125 is eating
426 119 is eating
426 124 is eating
426 129 is eating
426 128 is eating
426 126 is eating
427 174 has taken a fork
428 165 has taken a fork
428 169 has taken a fork
428 170 has taken a fork
428 173 has taken a fork
429 172 has taken a fork
429 94 is sleeping
429 168 has taken a fork
430 92 is sleeping
430 122 is eating
432 166 has taken a fork
432 171 has taken a fork
432 123 is eating
432 96 is sleeping
432 135 is eating
432 98 is sleeping
432 99 is sleeping
433 131 is eating
433 2 is thinking
434 130 is eating
434 132 is eating
434 133 is eating
434 139 is eating
434 140 is eating
434 134 is eating
434 144 is eating
434 136 is eating
434 101 is sleeping
435 142 is eating
435 145 is eating
435 143 is eating
435 138 is eating
436 141 is eating
436 137 is eating
436 147 is eating
436 146 is eating
437 175 has taken a fork
437 150 is eating
437 153 is eating
437 149 is eating
438 148 is eating
438 179 has taken a fork
438 176 has taken a fork
439 177 has taken a fork
439 151 is eating
439 152 is eating
439 154 is eating
439 158 is eating
439 161 is eating
439 184 has taken a fork
440 183 has taken a fork
441 178 has taken a fork
441 181 has taken a fork
441 155 is eating
441 156 is eating
443 186 has taken a fork
444 187 has taken a fork
444 189 has taken a fork
444 185 has taken a fork
444 192 has taken a fork
446 159 is eating
447 182 has taken a fork
447 180 has taken a fork
448 195 has taken a fork
450 190 has taken a fork
451 188 has taken a fork
451 163 is eating
451 193 has taken a fork
451 191 has taken a fork
451 194 has taken a fork
452 160 is eating
454 157 is eating
457 162 is eating
458 198 has taken a fork
458 197 has taken a fork
459 196 has taken a fork
461 167 is eating
461 164 is eating
461 174 is eating
462 165 is eating
463 169 is eating
464 170 is eating
465 173 is eating
465 172 is eating
467 168 is eating
469 166 is eating
470 171 is eating
473 2 has taken a fork
473 175 is eating
473 179 has taken a fork
474 176 has taken a fork
474 177 is eating
474 184 has taken a fork
474 183 has taken a fork
475 181 has taken a fork
475 178 has taken a fork
478 186 has taken a fork
480 100 is sleeping
480 1 is thinking
482 187 has taken a fork
482 189 has taken a fork
482 185 has taken a fork
483 192 has taken a fork
483 182 has taken a fork
483 180 has taken a fork
483 195 has taken a fork
483 190 has taken a fork
483 188 has taken a fork
484 193 has taken a fork
484 191 has taken a fork
485 194 has taken a fork
488 198 has taken a fork
489 197 has taken a fork
489 196 has taken a fork
491 11 is thinking
492 13 is thinking
492 3 is thinking
492 12 is thinking
493 105 is sleeping
493 5 is thinking
493 17 is thinking
493 9 is thinking
493 4 is thinking
493 8 is thinking
494 2 has taken a fork
494 179 is eating
494 7 is thinking
494 176 is eating
494 23 is thinking
494 184 is eating
494 183 is eating
494 181 is eating
494 24 is thinking
495 21 is thinking
495 15 is thinking
496 10 is thinking
496 19 is thinking
497 178 is eating
498 22 is thinking
498 107 is sleeping
498 186 is eating
498 16 is thinking
498 20 is thinking
498 27 is thinking
498 18 is thinking
499 6 is thinking
499 25 is thinking
499 29 is thinking
499 26 is thinking
499 33 is thinking
500 28 is thinking
500 31 is thinking
500 109 is sleeping
500 1 has taken a fork
500 47 is thinking
500 14 is thinking
500 187 is eating
500 46 is thinking
500 45 is thinking
500 34 is thinking
500 189 is eating
500 185 is eating
501 53 is thinking
501 44 is thinking
501 112 is sleeping
501 103 is sleeping
502 192 is eating
502 102 is sleeping
502 49 is thinking
502 43 is thinking
502 36 is thinking
502 55 is thinking
502 182 is eating
503 40 is thinking
503 180 is eating
504 50 is thinking
504 195 is eating
504 190 is eating
504 188 is eating
504 35 is thinking
504 113 is sleeping
504 193 is eating
504 191 is eating
504 32 is thinking
505 194 is eating
505 111 is sleeping
505 48 is thinking
505 37 is thinking
505 41 is thinking
505 51 is thinking
505 30 is thinking
505 108 is sleeping
505 114 is sleeping
505 116 is sleeping
506 104 is sleeping
506 197 is eating
506 198 is eating
506 196 is eating
506 52 is thinking
506 63 is thinking
506 57 is thinking
506 39 is thinking
506 42 is thinking
506 38 is thinking
507 62 is thinking
507 117 is sleeping
507 115 is sleeping
507 61 is thinking
507 56 is thinking
507 54 is thinking
507 65 is thinking
507 58 is thinking
507 59 is thinking
508 11 has taken a fork
509 13 has taken a fork
509 106 is sleeping
509 110 is sleeping
509 118 is sleeping
509 3 has taken a fork
509 12 has taken a fork
509 121 is sleeping
509 5 has taken a fork
510 17 has taken a fork
510 9 has taken a fork
510 4 has taken a fork
510 8 has taken a fork
510 7 has taken a fork
510 23 has taken a fork
511 2 is eating
511 64 is thinking
511 24 has taken a fork
512 67 is thinking
512 60 is thinking
512 21 has taken a fork
513 15 has taken a fork
513 10 has taken a fork
513 19 has taken a fork
513 127 is sleeping
513 120 is sleeping
513 73 is thinking
513 71 is thinking
513 126 is sleeping
513 129 is sleeping
513 124 is sleeping
513 69 is thinking
513 119 is sleeping
514 128 is sleeping
514 68 is thinking
515 125 is sleeping
516 22 has taken a fork
516 16 has taken a fork
516 20 has taken a fork
516 27 has taken a fork
516 18 has taken a fork
516 66 is thinking
516 75 is thinking
517 70 is thinking
518 72 is thinking
519 6 has taken a fork
519 25 has taken a fork
519 29 has taken a fork
519 26 has taken a fork
519 33 has taken a fork
519 74 is thinking
520 77 is thinking
520 122 is sleeping
520 28 has taken a fork
520 1 has taken a fork
520 123 is sleeping
521 31 has taken a fork
521 135 is sleeping
521 47 has taken a fork
521 131 is sleeping
522 14 has taken a fork
522 140 is sleeping
522 136 is sleeping
522 45 has taken a fork
522 133 is sleeping
522 139 is sleeping
522 132 is sleeping
522 134 is sleeping
522 144 is sleeping
522 34 has taken a fork
522 49 has taken a fork
523 43 has taken a fork
523 53 has taken a fork
523 142 is sleeping
523 145 is sleeping
523 55 has taken a fork
523 36 has taken a fork
523 143 is sleeping
524 40 has taken a fork
526 130 is sleeping
526 50 has taken a fork
526 44 has taken a fork
526 46 has taken a fork
526 138 is sleeping
526 35 has taken a fork
526 153 is sleeping
526 147 is sleeping
526 79 is thinking
527 48 has taken a fork
527 146 is sleeping
527 149 is sleeping
527 41 has taken a fork
527 76 is thinking
527 150 is sleeping
527 51 has taken a fork
527 137 is sleeping
527 30 has taken a fork
527 32 has taken a fork
528 37 has taken a fork
528 141 is sleeping
528 52 has taken a fork
528 148 is sleeping
528 78 is thinking
528 63 has taken a fork
528 151 is sleeping
528 158 is sleeping
528 152 is sleeping
529 57 has taken a fork
529 39 has taken a fork
529 161 is sleeping
529 42 has taken a fork
529 154 is sleeping
530 61 has taken a fork
531 11 has taken a fork
531 38 has taken a fork
532 13 has taken a fork
532 3 has taken a fork
532 12 has taken a fork
533 5 has taken a fork
533 17 has taken a fork
533 9 has taken a fork
533 83 is thinking
533 4 has taken a fork
533 23 has taken a fork
533 7 has taken a fork
533 156 is sleeping
534 8 has taken a fork
535 56 has taken a fork
535 80 is thinking
536 155 is sleeping
536 62 has taken a fork
536 24 has taken a fork
536 81 is thinking
536 159 is sleeping
536 54 has taken a fork
536 21 has taken a fork
537 15 has taken a fork
537 10 has taken a fork
538 19 has taken a fork
538 160 is sleeping
538 65 has taken a fork
538 163 is sleeping
538 58 has taken a fork
538 22 has taken a fork
538 87 is thinking
539 85 is thinking
539 89 is thinking
539 91 is thinking
539 157 is sleeping
539 59 has taken a fork
539 84 is thinking
540 16 has taken a fork
540 20 has taken a fork
541 27 has taken a fork
541 18 has taken a fork
541 86 is thinking
541 6 has taken a fork
541 25 has taken a fork
541 29 has taken a fork
541 162 is sleeping
541 64 has taken a fork
541 26 has taken a fork
541 33 has taken a fork
541 93 is thinking
541 164 is sleeping
541 167 is sleeping
541 67 has taken a fork
541 60 has taken a fork
542 28 has taken a fork
542 1 is eating
542 174 is sleeping
542 31 has taken a fork
542 73 has taken a fork
542 47 has taken a fork
542 82 is thinking
542 169 is sleeping
542 14 has taken a fork
542 71 has taken a fork
542 165 is sleeping
543 69 has taken a fork
543 45 has taken a fork
543 34 has taken a fork
543 49 has taken a fork
543 43 has taken a fork
543 170 is sleeping
543 68 has taken a fork
543 172 is sleeping
543 173 is sleeping
544 66 has taken a fork
544 75 has taken a fork
544 53 has taken a fork
544 55 has taken a fork
544 36 has taken a fork
544 97 is thinking
544 88 is thinking
544 90 is thinking
544 95 is thinking
544 40 has taken a fork
544 171 is sleeping
544 70 has taken a fork
544 168 is sleeping
544 166 is sleeping
544 72 has taken a fork
544 74 has taken a fork
544 50 has taken a fork
544 44 has taken a fork
545 46 has taken a fork
545 35 has taken a fork
545 48 has taken a fork
545 41 has taken a fork
545 51 has taken a fork
545 30 has taken a fork
545 32 has taken a fork
545 37 has taken a fork
546 52 has taken a fork
546 63 has taken a fork
546 94 is thinking
546 57 has taken a fork
546 39 has taken a fork
546 42 has taken a fork
546 61 has taken a fork
546 175 is sleeping
546 77 has taken a fork
546 92 is thinking
546 11 is eating
546 38 has taken a fork
547 177 is sleeping
547 79 has taken a fork
547 98 is thinking
547 96 is thinking
547 99 is thinking
547 13 is eating
547 3 is eating
547 12 is eating
547 5 is eating
547 17 is eating
547 9 is eating
548 4 is eating
548 23 is eating
548 7 is eating
548 8 is eating
548 101 is thinking
548 56 has taken a fork
548 62 has taken a fork
549 24 is eating
549 54 has taken a fork
549 21 is eating
549 15 is eating
549 10 is eating
549 19 is eating
549 65 has taken a fork
549 58 has taken a fork
549 22 is eating
549 59 has taken a fork
549 16 is eating
549 20 is eating
550 27 is eating
550 18 is eating
550 6 is eating
550 25 is eating
550 29 is eating
550 64 has taken a fork
550 26 is eating
550 33 is eating
551 67 has taken a fork
551 60 has taken a fork
551 28 is eating
551 31 is eating
552 73 has taken a fork
552 47 is eating
552 14 is eating
552 71 has taken a fork
552 69 has taken a fork
552 45 is eating
553 34 is eating
553 49 is eating
553 43 is eating
553 68 has taken a fork
553 66 has taken a fork
554 75 has taken a fork
554 53 is eating
554 55 is eating
554 36 is eating
554 40 is eating
555 70 has taken a fork
555 72 has taken a fork
556 74 has taken a fork
556 50 is eating
557 44 is eating
558 46 is eating
558 35 is eating
558 48 is eating
558 41 is eating
558 51 is eating
558 30 is eating
558 32 is eating
558 37 is eating
559 52 is eating
559 63 is eating
559 57 is eating
559 39 is eating
559 42 is eating
559 61 is eating
559 77 has taken a fork
559 38 is eating
560 79 has taken a fork
560 62 is eating
560 56 is eating
560 54 is eating
560 65 is eating
560 58 is eating
560 59 is eating
560 64 is eating
560 67 is eating
560 60 is eating
560 73 is eating
561 71 is eating
561 69 is eating
561 68 is eating
561 66 is eating
561 75 is eating
561 72 is eating
561 70 is eating
561 179 is sleeping
561 176 is sleeping
561 184 is sleeping
561 183 is sleeping
561 74 is eating
562 80 has taken a fork
562 78 has taken a fork
562 76 has taken a fork
562 83 has taken a fork
563 181 is sleeping
564 178 is sleeping
564 87 has taken a fork
565 81 has taken a fork
565 186 is sleeping
565 77 is eating
566 85 has taken a fork
566 187 is sleeping
567 89 has taken a fork
569 79 is eating
569 185 is sleeping
569 189 is sleeping
569 84 has taken a fork
570 91 has taken a fork
571 80 has taken a fork
571 182 is sleeping
571 192 is sleeping
572 86 has taken a fork
572 93 has taken a fork
573 78 has taken a fork
573 76 has taken a fork
574 83 has taken a fork
574 195 is sleeping
575 180 is sleeping
575 82 has taken a fork
576 97 has taken a fork
576 190 is sleeping
576 191 is sleeping
577 193 is sleeping
577 188 is sleeping
578 94 has taken a fork
578 90 has taken a fork
580 95 has taken a fork
581 88 has taken a fork
582 87 has taken a fork
583 197 is sleeping
583 194 is sleeping
583 92 has taken a fork
583 98 has taken a fork
583 196 is sleeping
583 96 has taken a fork
583 198 is sleeping
583 99 has taken a fork
583 81 has taken a fork
584 85 has taken a fork
585 89 has taken a fork
585 84 has taken a fork
586 91 has taken a fork
588 80 is eating
588 2 is sleeping
590 86 has taken a fork
592 101 has taken a fork
593 93 has taken a fork
593 78 is eating
595 76 is eating
596 83 is eating
597 82 has taken a fork
597 97 has taken a fork
599 94 has taken a fork
599 90 has taken a fork
602 95 has taken a fork
606 100 is thinking
607 88 has taken a fork
609 87 is eating
610 92 has taken a fork
610 98 has taken a fork
610 96 has taken a fork
610 99 has taken a fork
614 81 is eating
617 85 is eating
621 89 is eating
621 84 is eating
621 91 is eating
623 86 is eating
625 101 has taken a fork
625 93 is eating
626 105 is thinking
628 82 is eating
628 97 is eating
629 107 is thinking
630 94 is eating
631 90 is eating
631 103 is thinking
631 95 is eating
631 109 is thinking
631 102 is thinking
632 112 is thinking
632 114 is thinking
632 108 is thinking
632 104 is thinking
632 116 is thinking
632 113 is thinking
632 111 is thinking
632 88 is eating
634 115 is thinking
634 117 is thinking
634 121 is thinking
635 118 is thinking
637 110 is thinking
638 92 is eating
638 98 is eating
638 106 is thinking
639 96 is eating
639 99 is eating
639 1 is sleeping
639 100 has taken a fork
639 120 is thinking
639 127 is thinking
640 124 is thinking
640 128 is thinking
641 126 is thinking
641 129 is thinking
641 119 is thinking
641 125 is thinking
641 11 is sleeping
641 13 is sleeping
641 12 is sleeping
641 5 is sleeping
641 9 is sleeping
642 17 is sleeping
642 3 is sleeping
642 123 is thinking
642 122 is thinking
642 135 is thinking
642 131 is thinking
642 7 is sleeping
642 8 is sleeping
642 4 is sleeping
642 23 is sleeping
642 24 is sleeping
643 21 is sleeping
643 19 is sleeping
643 10 is sleeping
643 15 is sleeping
643 144 is thinking
643 143 is thinking
643 136 is thinking
643 139 is thinking
643 140 is thinking
643 142 is thinking
644 145 is thinking
644 134 is thinking
644 132 is thinking
644 133 is thinking
644 16 is sleeping
644 20 is sleeping
644 22 is sleeping
644 27 is sleeping
645 18 is sleeping
645 33 is sleeping
645 101 is eating
645 6 is sleeping
645 26 is sleeping
645 25 is sleeping
645 29 is sleeping
645 28 is sleeping
645 153 is thinking
645 31 is sleeping
645 130 is thinking
646 105 has taken a fork
646 138 is thinking
646 147 is thinking
646 137 is thinking
646 47 is sleeping
646 141 is thinking
647 14 is sleeping
647 148 is thinking
647 150 is thinking
648 146 is thinking
648 152 is thinking
648 149 is thinking
649 151 is thinking
649 158 is thinking
649 53 is sleeping
649 34 is sleeping
649 45 is sleeping
649 43 is sleeping
649 49 is sleeping
651 154 is thinking
651 107 has taken a fork
651 161 is thinking
651 55 is sleeping
651 40 is sleeping
651 36 is sleeping
651 50 is sleeping
652 44 is sleeping
652 103 has taken a fork
652 109 has taken a fork
652 102 has taken a fork
652 32 is sleeping
652 41 is sleeping
653 30 is sleeping
653 48 is sleeping
653 51 is sleeping
654 46 is sleeping
654 112 has taken a fork
654 35 is sleeping
654 114 has taken a fork
654 108 has taken a fork
655 104 has taken a fork
655 116 has taken a fork
657 113 has taken a fork
658 111 has taken a fork
658 37 is sleeping
659 63 is sleeping
659 156 is thinking
660 52 is sleeping
660 42 is sleeping
660 38 is sleeping
660 57 is sleeping
660 39 is sleeping
660 61 is sleeping
661 115 has taken a fork
662 121 has taken a fork
662 56 is sleeping
662 117 has taken a fork
662 118 has taken a fork
662 155 is thinking
662 159 is thinking
662 62 is sleeping
662 54 is sleeping
662 110 has taken a fork
662 58 is sleeping
662 163 is thinking
662 59 is sleeping
662 65 is sleeping
662 160 is thinking
662 106 has taken a fork
662 157 is thinking
662 100 has taken a fork
662 120 has taken a fork
662 127 has taken a fork
662 60 is sleeping
663 64 is sleeping
663 124 has taken a fork
663 67 is sleeping
665 128 has taken a fork
665 164 is thinking
665 167 is thinking
666 162 is thinking
666 73 is sleeping
666 126 has taken a fork
666 129 has taken a fork
667 119 has taken a fork
667 125 has taken a fork
667 165 is thinking
668 169 is thinking
669 174 is thinking
669 66 is sleeping
669 123 has taken a fork
669 69 is sleeping
669 68 is sleeping
669 75 is sleeping
669 122 has taken a fork
669 71 is sleeping
670 135 has taken a fork
670 131 has taken a fork
670 172 is thinking
670 170 is thinking
671 173 is thinking
671 144 has taken a fork
671 143 has taken a fork
671 136 has taken a fork
671 139 has taken a fork
671 140 has taken a fork
671 142 has taken a fork
671 74 is sleeping
671 70 is sleeping
672 171 is thinking
672 168 is thinking
672 166 is thinking
672 72 is sleeping
672 145 has taken a fork
672 134 has taken a fork
673 132 has taken a fork
673 133 has taken a fork
673 153 has taken a fork
675 130 has taken a fork
675 175 is thinking
675 105 has taken a fork
675 138 has taken a fork
675 147 has taken a fork
675 137 has taken a fork
675 141 has taken a fork
675 148 has taken a fork
676 150 has taken a fork
676 177 is thinking
676 146 has taken a fork
677 77 is sleeping
677 149 has taken a fork
677 152 has taken a fork
677 151 has taken a fork
677 158 has taken a fork
677 154 has taken a fork
677 107 has taken a fork
677 79 is sleeping
677 161 has taken a fork
677 103 has taken a fork
677 109 has taken a fork
677 102 has taken a fork
677 112 has taken a fork
677 114 has taken a fork
677 108 has taken a fork
677 104 has taken a fork
678 116 has taken a fork
678 113 has taken a fork
678 111 has taken a fork
678 156 has taken a fork
678 184 is thinking
678 179 is thinking
678 176 is thinking
678 183 is thinking
678 115 has taken a fork
678 121 has taken a fork
679 117 has taken a fork
679 118 has taken a fork
679 155 has taken a fork
679 159 has taken a fork
679 110 has taken a fork
680 163 has taken a fork
680 160 has taken a fork
680 106 has taken a fork
680 157 has taken a fork
680 100 is eating
680 120 has taken a fork
680 127 has taken a fork
680 181 is thinking
680 124 has taken a fork
680 178 is thinking
680 186 is thinking
680 128 has taken a fork
680 164 has taken a fork
680 167 has taken a fork
681 162 has taken a fork
682 187 is thinking
682 126 has taken a fork
682 129 has taken a fork
682 125 has taken a fork
683 119 has taken a fork
683 165 has taken a fork
684 169 has taken a fork
684 189 is thinking
684 185 is thinking
684 174 has taken a fork
684 123 has taken a fork
684 122 has taken a fork
684 135 has taken a fork
685 131 has taken a fork
686 172 has taken a fork
686 170 has taken a fork
686 173 has taken a fork
686 143 has taken a fork
686 144 has taken a fork
686 136 has taken a fork
686 139 has taken a fork
686 182 is thinking
686 140 has taken a fork
686 142 has taken a fork
686 80 is sleeping
686 192 is thinking
687 171 has taken a fork
687 168 has taken a fork
687 166 has taken a fork
687 145 has taken a fork
687 134 has taken a fork
687 132 has taken a fork
687 133 has taken a fork
688 153 has taken a fork
688 195 is thinking
688 180 is thinking
688 130 has taken a fork
688 175 has taken a fork
688 78 is sleeping
688 105 is eating
688 138 has taken a fork
688 147 has taken a fork
688 137 has taken a fork
688 141 has taken a fork
688 148 has taken a fork
688 190 is thinking
688 150 has taken a fork
688 76 is sleeping
689 83 is sleeping
689 177 has taken a fork
689 146 has taken a fork
689 193 is thinking
689 188 is thinking
690 149 has taken a fork
690 152 has taken a fork
690 191 is thinking
690 151 has taken a fork
690 158 has taken a fork
690 154 has taken a fork
690 107 is eating
690 161 has taken a fork
690 103 is eating
690 109 is eating
690 102 is eating
690 112 is eating
690 114 is eating
690 108 is eating
690 104 is eating
690 116 is eating
690 113 is eating
691 111 is eating
692 156 has taken a fork
695 184 has taken a fork
696 179 has taken a fork
696 176 has taken a fork
696 183 has taken a fork
698 115 is eating
698 121 is eating
698 117 is eating
698 118 is eating
698 155 has taken a fork
698 159 has taken a fork
698 110 is eating
698 163 has taken a fork
699 160 has taken a fork
699 106 is eating
699 157 has taken a fork
699 120 is eating
700 127 is eating
700 124 is eating
700 128 is eating
700 164 has taken a fork
700 167 has taken a fork
701 162 has taken a fork
701 126 is eating
701 129 is eating
701 125 is eating
702 197 is thinking
702 196 is thinking
704 198 is thinking
704 119 is eating
704 165 has taken a fork
705 169 has taken a fork
705 87 is sleeping
706 181 has taken a fork
707 174 has taken a fork
707 194 is thinking
707 123 is eating
708 122 is eating
708 135 is eating
708 131 is eating
708 81 is sleeping
708 172 has taken a fork
708 178 has taken a fork
708 170 has taken a fork
708 173 has taken a fork
708 143 is eating
708 144 is eating
708 136 is eating
708 139 is eating
708 140 is eating
708 142 is eating
708 171 has taken a fork
708 168 has taken a fork
708 166 has taken a fork
708 145 is eating
708 134 is eating
709 132 is eating
709 133 is eating
709 85 is sleeping
709 153 is eating
709 186 has taken a fork
709 130 is eating
709 2 is thinking
709 175 has taken a fork
709 138 is eating
710 147 is eating
711 137 is eating
711 141 is eating
711 148 is eating
712 150 is eating
712 177 has taken a fork
713 146 is eating
715 149 is eating
715 152 is eating
715 151 is eating
715 158 is eating
715 154 is eating
719 161 is eating
719 84 is sleeping
719 89 is sleeping
720 187 has taken a fork
721 189 has taken a fork
723 91 is sleeping
725 156 is eating
725 86 is sleeping
725 93 is sleeping
726 192 has taken a fork
726 182 has taken a fork
727 185 has taken a fork
729 184 has taken a fork
729 82 is sleeping
729 97 is sleeping
729 179 has taken a fork
730 195 has taken a fork
731 176 has taken a fork
731 183 has taken a fork
732 180 has taken a fork
732 94 is sleeping
732 190 has taken a fork
732 90 is sleeping
732 193 has taken a fork
732 95 is sleeping
734 188 has taken a fork
734 155 is eating
735 159 is eating
736 163 is eating
736 88 is sleeping
736 191 has taken a fork
736 160 is eating
736 157 is eating
736 164 is eating
736 167 is eating
737 162 is eating
737 99 is sleeping
737 98 is sleeping
737 96 is sleeping
737 197 has taken a fork
737 196 has taken a fork
738 92 is sleeping
739 198 has taken a fork
740 165 is eating
740 169 is eating
741 181 has taken a fork
742 174 is eating
743 194 has taken a fork
744 172 is eating
744 178 has taken a fork
744 170 is eating
744 173 is eating
745 171 is eating
746 168 is eating
747 166 is eating
747 101 is sleeping
748 186 has taken a fork
748 175 is eating
748 2 has taken a fork
748 177 is eating
748 187 has taken a fork
749 189 has taken a fork
750 192 has taken a fork
750 182 has taken a fork
750 185 has taken a fork
750 184 is eating
751 179 is eating
751 195 has taken a fork
753 176 is eating
753 183 is eating
755 180 has taken a fork
755 190 has taken a fork
755 193 has taken a fork
755 188 has taken a fork
755 191 has taken a fork
755 197 has taken a fork
756 196 has taken a fork
757 1 is thinking
759 198 has taken a fork
759 13 is thinking
760 5 is thinking
760 12 is thinking
760 11 is thinking
760 3 is thinking
760 9 is thinking
760 17 is thinking
761 8 is thinking
761 23 is thinking
762 181 is eating
762 7 is thinking
762 4 is thinking
762 24 is thinking
762 15 is thinking
762 10 is thinking
762 21 is thinking
763 19 is thinking
763 194 has taken a fork
763 22 is thinking
763 16 is thinking
763 20 is thinking
763 27 is thinking
763 178 is eating
764 25 is thinking
764 33 is thinking
764 18 is thinking
764 6 is thinking
764 26 is thinking
765 31 is thinking
765 28 is thinking
766 29 is thinking
766 47 is thinking
766 14 is thinking
766 100 is sleeping
767 186 is eating
767 2 has taken a fork
767 187 is eating
767 49 is thinking
767 43 is thinking
768 45 is thinking
768 189 is eating
768 53 is thinking
769 34 is thinking
769 192 is eating
769 182 is eating
770 185 is eating
770 36 is thinking
770 40 is thinking
770 55 is thinking
770 50 is thinking
770 195 is eating
770 44 is thinking
770 32 is thinking
770 51 is thinking
770 48 is thinking
770 30 is thinking
770 41 is thinking
770 46 is thinking
771 35 is thinking
771 180 is eating
771 190 is eating
771 193 is eating
771 188 is eating
771 191 is eating
771 197 is eating
771 196 is eating
772 105 is sleeping
772 37 is thinking
772 63 is thinking
772 1 has taken a fork
772 13 has taken a fork
772 198 is eating
773 107 is sleeping
773 39 is thinking
773 61 is thinking
773 57 is thinking
773 42 is thinking
773 5 has taken a fork
774 38 is thinking
774 52 is thinking
774 114 is sleeping
774 113 is sleeping
774 102 is sleeping
774 112 is sleeping
774 11 has taken a fork
774 108 is sleeping
774 104 is sleeping
774 8 has taken a fork
774 109 is sleeping
774 12 has taken a fork
774 116 is sleeping
775 103 is sleeping
775 9 has taken a fork
775 3 has taken a fork
775 17 has taken a fork
775 23 has taken a fork
776 59 is thinking
776 58 is thinking
776 65 is thinking
776 62 is thinking
776 54 is thinking
776 60 is thinking
776 111 is sleeping
776 56 is thinking
776 7 has taken a fork
776 4 has taken a fork
776 24 has taken a fork
776 64 is thinking
776 67 is thinking
777 194 is eating
777 73 is thinking
777 121 is sleeping
777 15 has taken a fork
778 115 is sleeping
778 10 has taken a fork
778 118 is sleeping
778 21 has taken a fork
778 2 is eating
778 117 is sleeping
778 19 has taken a fork
778 110 is sleeping
779 22 has taken a fork
779 75 is thinking
779 68 is thinking
779 69 is thinking
779 66 is thinking
779 120 is sleeping
779 16 has taken a fork
779 106 is sleeping
779 20 has taken a fork
779 124 is sleeping
779 27 has taken a fork
779 71 is thinking
779 127 is sleeping
779 25 has taken a fork
779 128 is sleeping
779 33 has taken a fork
779 125 is sleeping
779 129 is sleeping
779 18 has taken a fork
780 6 has taken a fork
780 70 is thinking
780 126 is sleeping
780 26 has taken a fork
780 74 is thinking
780 72 is thinking
780 1 has taken a fork
780 13 has taken a fork
780 119 is sleeping
781 31 has taken a fork
781 5 has taken a fork
781 11 has taken a fork
781 8 has taken a fork
781 122 is sleeping
782 9 has taken a fork
782 12 has taken a fork
782 3 has taken a fork
782 131 is sleeping
782 29 has taken a fork
782 123 is sleeping
782 135 is sleeping
782 47 has taken a fork
782 14 has taken a fork
783 17 has taken a fork
783 28 has taken a fork
783 136 is sleeping
783 142 is sleeping
783 23 has taken a fork
783 140 is sleeping
783 145 is sleeping
783 53 has taken a fork
783 143 is sleeping
783 45 has taken a fork
783 49 has taken a fork
783 43 has taken a fork
783 139 is sleeping
783 36 has taken a fork
783 40 has taken a fork
784 144 is sleeping
785 34 has taken a fork
785 7 has taken a fork
785 4 has taken a fork
785 24 has taken a fork
785 79 is thinking
785 132 is sleeping
785 153 is sleeping
786 55 has taken a fork
786 134 is sleeping
786 44 has taken a fork
786 50 has taken a fork
786 133 is sleeping
786 32 has taken a fork
787 77 is thinking
787 15 has taken a fork
787 10 has taken a fork
787 147 is sleeping
787 138 is sleeping
787 21 has taken a fork
787 51 has taken a fork
787 48 has taken a fork
787 130 is sleeping
787 30 has taken a fork
787 19 has taken a fork
788 22 has taken a fork
788 148 is sleeping
788 41 has taken a fork
788 141 is sleeping
788 46 has taken a fork
788 137 is sleeping
788 16 has taken a fork
788 35 has taken a fork
788 20 has taken a fork
788 27 has taken a fork
788 25 has taken a fork
789 33 has taken a fork
789 18 has taken a fork
789 6 has taken a fork
790 150 is sleeping
790 37 has taken a fork
790 26 has taken a fork
790 1 is eating
790 13 is eating
790 146 is sleeping
790 31 has taken a fork
790 63 has taken a fork
790 5 is eating
790 11 is eating
791 8 is eating
791 151 is sleeping
791 152 is sleeping
792 39 has taken a fork
792 61 has taken a fork
792 149 is sleeping
793 57 has taken a fork
793 158 is sleeping
793 42 has taken a fork
794 9 is eating
794 12 is eating
794 3 is eating
794 29 has taken a fork
794 47 has taken a fork
794 14 has taken a fork
794 17 is eating
794 28 has taken a fork
794 23 is eating
794 154 is sleeping
794 38 has taken a fork
794 53 has taken a fork
795 45 has taken a fork
795 49 has taken a fork
795 43 has taken a fork
795 36 has taken a fork
796 40 has taken a fork
796 161 is sleeping
796 52 has taken a fork
796 34 has taken a fork
796 7 is eating
796 4 is eating
796 24 is eating
796 55 has taken a fork
796 44 has taken a fork
797 80 is thinking
797 50 has taken a fork
798 32 has taken a fork
798 15 is eating
799 10 is eating
800 21 is eating
801 51 has taken a fork
801 48 has taken a fork
802 30 has taken a fork
802 19 is eating
805 78 is thinking
805 76 is thinking
805 22 is eating
806 41 has taken a fork
806 46 has taken a fork
806 35 has taken a fork
806 16 is eating
806 20 is eating
806 27 is eating
807 25 is eating
807 83 is thinking
808 33 is eating
808 18 is eating
808 6 is eating
808 37 has taken a fork
808 26 is eating
808 31 is eating
808 63 has taken a fork
808 39 has taken a fork
809 61 has taken a fork
809 156 is sleeping
809 59 has taken a fork
811 57 has taken a fork
811 42 has taken a fork
811 29 is eating
811 47 is eating
811 14 is eating
812 28 is eating
812 53 is eating
812 38 has taken a fork
812 45 is eating
812 49 is eating
813 43 is eating
813 36 is eating
813 40 is eating
814 52 has taken a fork
814 34 is eating
814 55 is eating
814 44 is eating
814 50 is eating
814 155 is sleeping
814 32 is eating
815 58 has taken a fork
815 157 is sleeping
815 159 is sleeping
815 163 is sleeping
815 54 has taken a fork
815 62 has taken a fork
816 160 is sleeping
817 65 has taken a fork
818 60 has taken a fork
818 167 is sleeping
818 56 has taken a fork
818 164 is sleeping
819 64 has taken a fork
819 51 is eating
819 48 is eating
819 162 is sleeping
820 30 is eating
820 67 has taken a fork
820 169 is sleeping
820 165 is sleeping
820 75 has taken a fork
821 73 has taken a fork
822 87 is thinking
822 41 is eating
822 46 is eating
822 174 is sleeping
823 35 is eating
824 68 has taken a fork
825 172 is sleeping
826 69 has taken a fork
826 170 is sleeping
826 66 has taken a fork
826 81 is thinking
826 173 is sleeping
826 71 has taken a fork
827 37 is eating
827 63 is eating
827 39 is eating
827 171 is sleeping
827 85 is thinking
828 61 is eating
828 168 is sleeping
829 70 has taken a fork
829 59 has taken a fork
829 166 is sleeping
829 72 has taken a fork
829 74 has taken a fork
829 57 is eating
829 42 is eating
830 38 is eating
830 177 is sleeping
830 79 has taken a fork
830 175 is sleeping
831 77 has taken a fork
831 184 is sleeping
832 52 is eating
833 80 has taken a fork
833 58 has taken a fork
834 54 has taken a fork
834 62 has taken a fork
834 179 is sleeping
835 78 has taken a fork
835 176 is sleeping
836 76 has taken a fork
837 183 is sleeping
837 65 has taken a fork
838 83 has taken a fork
839 60 has taken a fork
839 56 has taken a fork
840 84 is thinking
840 89 is thinking
840 64 has taken a fork
841 67 has taken a fork
842 75 has taken a fork
842 73 has taken a fork
842 181 is sleeping
842 68 has taken a fork
842 86 is thinking
842 178 is sleeping
843 93 is thinking
844 91 is thinking
844 87 has taken a fork
844 69 has taken a fork
844 66 has taken a fork
844 81 has taken a fork
844 71 has taken a fork
844 186 is sleeping
844 85 has taken a fork
844 97 is thinking
844 82 is thinking
844 70 has taken a fork
844 59 is eating
844 72 has taken a fork
844 74 has taken a fork
844 187 is sleeping
844 189 is sleeping
844 79 has taken a fork
845 77 has taken a fork
845 192 is sleeping
845 90 is thinking
845 182 is sleeping
845 95 is thinking
845 94 is thinking
845 185 is sleeping
845 195 is sleeping
845 80 has taken a fork
845 58 is eating
845 190 is sleeping
845 54 is eating
846 180 is sleeping
847 62 is eating
847 191 is sleeping
847 193 is sleeping
847 188 is sleeping
848 78 has taken a fork
848 88 is thinking
848 76 has taken a fork
848 99 is thinking
848 65 is eating
848 197 is sleeping
848 196 is sleeping
848 96 is thinking
848 92 is thinking
848 98 is thinking
848 83 has taken a fork
848 198 is sleeping
849 60 is eating
850 56 is eating
850 84 has taken a fork
851 89 has taken a fork
853 64 is eating
854 67 is eating
854 75 is eating
855 73 is eating
855 194 is sleeping
856 68 is eating
857 86 has taken a fork
857 93 has taken a fork
858 91 has taken a fork
859 87 has taken a fork
859 69 is eating
860 66 is eating
861 81 has taken a fork
861 71 is eating
861 85 has taken a fork
861 97 has taken a fork
861 82 has taken a fork
861 70 is eating
861 2 is sleeping
861 72 is eating
861 74 is eating
861 79 is eating
861 77 is eating
861 90 has taken a fork
861 95 has taken a fork
861 94 has taken a fork
861 80 is eating
861 101 is thinking
861 78 is eating
862 88 has taken a fork
862 76 is eating
862 99 has taken a fork
862 96 has taken a fork
862 92 has taken a fork
863 98 has taken a fork
865 83 is eating
866 84 has taken a fork
867 89 has taken a fork
867 86 has taken a fork
870 93 has taken a fork
871 91 has taken a fork
872 87 is eating
873 81 is eating
874 85 is eating
875 97 has taken a fork
875 82 has taken a fork
875 90 has taken a fork
875 95 has taken a fork
876 94 has taken a fork
877 101 has taken a fork
877 88 has taken a fork
877 99 has taken a fork
877 96 has taken a fork
877 92 has taken a fork
878 98 has taken a fork
878 84 is eating
879 100 is thinking
879 89 is eating
880 86 is eating
880 93 is eating
880 91 is eating
880 105 is thinking
880 107 is thinking
880 108 is thinking
880 113 is thinking
881 1 is sleeping
881 114 is thinking
881 102 is thinking
881 109 is thinking
881 104 is thinking
881 112 is thinking
882 116 is thinking
882 13 is sleeping
882 103 is thinking
882 5 is sleeping
883 97 is eating
883 82 is eating
883 90 is eating
883 95 is eating
883 8 is sleeping
883 111 is thinking
884 11 is sleeping
884 121 is thinking
884 94 is eating
885 101 has taken a fork
885 88 is eating
887 99 is eating
887 96 is eating
887 92 is eating
888 98 is eating
888 12 is sleeping
888 9 is sleeping
888 17 is sleeping
888 3 is sleeping
888 115 is thinking
888 23 is sleeping
888 117 is thinking
888 118 is thinking
888 129 is thinking
888 24 is sleeping
889 7 is sleeping
889 110 is thinking
889 106 is thinking
889 128 is thinking
889 125 is thinking
889 4 is sleeping
890 100 has taken a fork
890 126 is thinking
890 119 is thinking
890 124 is thinking
890 127 is thinking
890 120 is thinking
890 105 has taken a fork
890 107 has taken a fork
890 108 has taken a fork
890 113 has taken a fork
890 122 is thinking
891 114 has taken a fork
891 102 has taken a fork
891 109 has taken a fork
891 104 has taken a fork
891 112 has taken a fork
891 116 has taken a fork
891 103 has taken a fork
891 135 is thinking
891 131 is thinking
891 15 is sleeping
891 142 is thinking
891 136 is thinking
891 143 is thinking
892 123 is thinking
892 145 is thinking
892 140 is thinking
892 10 is sleeping
892 139 is thinking
892 111 has taken a fork
892 144 is thinking
893 21 is sleeping
893 121 has taken a fork
893 153 is thinking
893 132 is thinking
893 19 is sleeping
893 101 is eating
894 133 is thinking
894 134 is thinking
894 130 is thinking
894 147 is thinking
894 138 is thinking
894 22 is sleeping
894 141 is thinking
895 137 is thinking
895 16 is sleeping
895 148 is thinking
895 27 is sleeping
895 115 has taken a fork
895 117 has taken a fork
895 118 has taken a fork
895 129 has taken a fork
898 20 is sleeping
898 25 is sleeping
898 33 is sleeping
898 110 has taken a fork
898 106 has taken a fork
898 128 has taken a fork
898 125 has taken a fork
898 26 is sleeping
898 18 is sleeping
898 150 is thinking
898 6 is sleeping
898 146 is thinking
899 126 has taken a fork
899 100 has taken a fork
899 119 has taken a fork
899 124 has taken a fork
899 127 has taken a fork
899 105 has taken a fork
899 107 has taken a fork
899 108 has taken a fork
899 113 has taken a fork
899 114 has taken a fork
899 152 is thinking
900 102 has taken a fork
900 151 is thinking
900 109 has taken a fork
900 31 is sleeping
900 120 has taken a fork
900 104 has taken a fork
901 112 has taken a fork
901 116 has taken a fork
901 103 has taken a fork
901 149 is thinking
901 111 has taken a fork
901 29 is sleeping
901 158 is thinking
901 122 has taken a fork
901 47 is sleeping
901 14 is sleeping
901 121 has taken a fork
901 135 has taken a fork
901 131 has taken a fork
901 53 is sleeping
901 142 has taken a fork
901 45 is sleeping
901 154 is thinking
901 28 is sleeping
902 49 is sleeping
902 143 has taken a fork
902 136 has taken a fork
902 123 has taken a fork
902 34 is sleeping
902 145 has taken a fork
902 40 is sleeping
902 140 has taken a fork
903 115 has taken a fork
903 43 is sleeping
903 139 has taken a fork
903 117 has taken a fork
904 36 is sleeping
904 118 has taken a fork
904 144 has taken a fork
905 129 has taken a fork
905 44 is sleeping
905 153 has taken a fork
905 161 is thinking
905 50 is sleeping
905 132 has taken a fork
905 55 is sleeping
905 133 has taken a fork
905 32 is sleeping
906 134 has taken a fork
906 110 has taken a fork
906 106 has taken a fork
906 128 has taken a fork
906 125 has taken a fork
906 48 is sleeping
906 126 has taken a fork
906 130 has taken a fork
906 30 is sleeping
906 147 has taken a fork
907 51 is sleeping
907 138 has taken a fork
907 100 is eating
907 119 has taken a fork
907 124 has taken a fork
907 127 has taken a fork
907 105 is eating
907 107 is eating
908 108 is eating
908 113 is eating
908 114 is eating
908 102 is eating
908 109 is eating
908 120 has taken a fork
908 104 is eating
908 35 is sleeping
908 141 has taken a fork
908 112 is eating
909 41 is sleeping
909 137 has taken a fork
909 116 is eating
909 46 is sleeping
910 103 is eating
910 148 has taken a fork
910 111 is eating
910 122 has taken a fork
910 121 is eating
910 135 has taken a fork
910 131 has taken a fork
910 142 has taken a fork
910 143 has taken a fork
910 136 has taken a fork
911 123 has taken a fork
911 145 has taken a fork
912 140 has taken a fork
912 115 is eating
913 139 has taken a fork
913 117 is eating
913 63 is sleeping
913 150 has taken a fork
913 118 is eating
913 144 has taken a fork
913 37 is sleeping
914 61 is sleeping
914 152 has taken a fork
914 146 has taken a fork
914 129 is eating
914 153 has taken a fork
914 39 is sleeping
914 151 has taken a fork
914 132 has taken a fork
914 133 has taken a fork
914 134 has taken a fork
915 110 is eating
915 42 is sleeping
915 106 is eating
915 57 is sleeping
915 149 has taken a fork
915 128 is eating
916 158 has taken a fork
916 125 is eating
916 126 is eating
917 130 has taken a fork
917 147 has taken a fork
917 138 has taken a fork
918 38 is sleeping
918 154 has taken a fork
918 119 is eating
918 124 is eating
918 127 is eating
919 120 is eating
919 141 has taken a fork
919 52 is sleeping
919 156 is thinking
919 161 has taken a fork
919 137 has taken a fork
919 148 has taken a fork
919 122 is eating
919 135 is eating
919 131 is eating
919 142 is eating
919 143 is eating
920 136 is eating
920 123 is eating
920 145 is eating
920 140 is eating
920 139 is eating
920 150 has taken a fork
920 144 is eating
921 155 is thinking
921 152 has taken a fork
922 146 has taken a fork
922 153 is eating
922 151 has taken a fork
923 132 is eating
923 133 is eating
923 134 is eating
923 157 is thinking
924 159 is thinking
924 163 is thinking
924 149 has taken a fork
925 158 has taken a fork
925 160 is thinking
925 130 is eating
925 147 is eating
925 138 is eating
926 167 is thinking
926 154 has taken a fork
926 164 is thinking
926 162 is thinking
927 59 is sleeping
927 141 is eating
927 156 has taken a fork
927 161 has taken a fork
927 137 is eating
927 148 is eating
927 169 is thinking
928 165 is thinking
928 150 is eating
928 152 is eating
928 174 is thinking
928 58 is sleeping
928 155 has taken a fork
929 146 is eating
929 54 is sleeping
929 151 is eating
929 157 has taken a fork
930 62 is sleeping
930 65 is sleeping
930 159 has taken a fork
931 163 has taken a fork
931 149 is eating
931 158 is eating
931 60 is sleeping
931 160 has taken a fork
931 172 is thinking
931 56 is sleeping
932 173 is thinking
932 167 has taken a fork
932 154 is eating
932 170 is thinking
932 156 has taken a fork
932 64 is sleeping
933 171 is thinking
933 161 is eating
934 164 has taken a fork
934 67 is sleeping
935 162 has taken a fork
936 168 is thinking
936 155 has taken a fork
936 75 is sleeping
936 166 is thinking
937 169 has taken a fork
937 175 is thinking
937 177 is thinking
938 157 has taken a fork
938 159 has taken a fork
938 73 is sleeping
938 165 has taken a fork
938 163 has taken a fork
938 68 is sleeping
938 174 has taken a fork
938 184 is thinking
939 160 has taken a fork
939 167 has taken a fork
939 156 is eating
939 69 is sleeping
939 172 has taken a fork
939 66 is sleeping
939 179 is thinking
940 173 has taken a fork
940 164 has taken a fork
940 71 is sleeping
940 70 is sleeping
940 171 has taken a fork
940 170 has taken a fork
941 176 is thinking
942 162 has taken a fork
942 74 is sleeping
943 168 has taken a fork
943 155 is eating
943 72 is sleeping
943 166 has taken a fork
943 77 is sleeping
943 79 is sleeping
944 183 is thinking
945 169 has taken a fork
945 175 has taken a fork
945 80 is sleeping
946 177 has taken a fork
946 157 is eating
946 159 is eating
946 165 has taken a fork
947 163 is eating
947 174 has taken a fork
948 184 has taken a fork
948 76 is sleeping
949 78 is sleeping
949 160 is eating
949 167 is eating
951 172 has taken a fork
951 179 has taken a fork
952 173 has taken a fork
952 164 is eating
953 171 has taken a fork
953 170 has taken a fork
953 176 has taken a fork
953 83 is sleeping
953 181 is thinking
953 178 is thinking
953 168 has taken a fork
953 166 has taken a fork
954 183 has taken a fork
954 189 is thinking
954 187 is thinking
954 195 is thinking
955 190 is thinking
955 182 is thinking
955 186 is thinking
955 169 is eating
956 192 is thinking
956 162 is eating
956 175 has taken a fork
956 185 is thinking
956 177 has taken a fork
956 180 is thinking
956 165 is eating
956 193 is thinking
956 174 is eating
956 191 is thinking
957 188 is thinking
957 197 is thinking
957 196 is thinking
957 184 has taken a fork
957 87 is sleeping
957 198 is thinking
957 81 is sleeping
957 172 is eating
957 179 has taken a fork
957 173 is eating
957 85 is sleeping
957 171 is eating
957 170 is eating
957 176 has taken a fork
957 181 has taken a fork
957 178 has taken a fork
957 168 is eating
957 166 is eating
957 183 has taken a fork
957 189 has taken a fork
957 194 is thinking
957 175 is eating
957 177 is eating
957 184 is eating
957 179 is eating
957 176 is eating
958 181 has taken a fork
960 178 has taken a fork
961 183 is eating
961 189 has taken a fork
961 181 is eating
962 84 is sleeping
962 187 has taken a fork
962 178 is eating
963 89 is sleeping
963 2 is thinking
963 195 has taken a fork
964 86 is sleeping
964 190 has taken a fork
964 189 is eating
964 187 has taken a fork
964 93 is sleeping
964 182 has taken a fork
964 91 is sleeping
965 186 has taken a fork
965 195 has taken a fork
965 97 is sleeping
966 82 is sleeping
966 95 is sleeping
966 90 is sleeping
966 190 has taken a fork
966 187 is eating
966 185 has taken a fork
967 180 has taken a fork
967 193 has taken a fork
969 192 has taken a fork
969 182 has taken a fork
970 186 has taken a fork
970 94 is sleeping
970 195 is eating
971 191 has taken a fork
971 190 is eating
971 185 has taken a fork
971 180 has taken a fork
971 98 is sleeping
972 188 has taken a fork
972 193 has taken a fork
973 92 is sleeping
973 197 has taken a fork
974 99 is sleeping
974 196 has taken a fork
974 88 is sleeping
974 96 is sleeping
974 192 has taken a fork
974 182 is eating
974 186 is eating
975 198 has taken a fork
975 194 has taken a fork
975 191 has taken a fork
975 185 is eating
975 180 is eating
976 188 has taken a fork
976 193 is eating
976 197 has taken a fork
976 196 has taken a fork
976 192 is eating
976 198 has taken a fork
976 194 has taken a fork
976 191 is eating
976 188 is eating
976 197 is eating
977 196 is eating
977 198 is eating
977 194 is eating
978 101 is sleeping
978 2 has taken a fork
978 2 has taken a fork
978 2 is eating
981 1 is thinking
982 13 is thinking
982 5 is thinking
983 8 is thinking
984 11 is thinking
988 23 is thinking
988 3 is thinking
988 24 is thinking
991 9 is thinking
992 17 is thinking
993 12 is thinking
993 7 is thinking
993 4 is thinking
993 15 is thinking
994 10 is thinking
994 21 is thinking
994 100 is sleeping
994 19 is thinking
994 1 has taken a fork
996 108 is sleeping
996 113 is sleeping
996 22 is thinking
997 105 is sleeping
997 107 is sleeping
999 13 has taken a fork
999 1 has taken a fork
999 8 has taken a fork
999 11 has taken a fork
999 104 is sleeping
999 23 has taken a fork
999 27 is thinking
1000 112 is sleeping
1000 114 is sleeping
1000 24 has taken a fork
1000 16 is thinking
1000 102 is sleeping
1001 3 has taken a fork
1001 103 is sleeping
1002 9 has taken a fork
1002 116 is sleeping
1003 109 is sleeping
1004 5 has taken a fork
1004 7 has taken a fork
1005 17 has taken a fork
1005 12 has taken a fork
1005 121 is sleeping
1006 111 is sleeping
1007 4 has taken a fork
1007 15 has taken a fork
1007 20 is thinking
1007 25 is thinking
1007 33 is thinking
1007 6 is thinking
1007 18 is thinking
1008 13 has taken a fork
1008 26 is thinking
1008 1 is eating
1008 8 has taken a fork
1008 11 has taken a fork
1008 23 has taken a fork
1008 24 has taken a fork
1008 31 is thinking
1009 115 is sleeping
1009 10 has taken a fork
1009 47 is thinking
1009 3 has taken a fork
1009 129 is sleeping
1009 14 is thinking
1009 45 is thinking
1009 21 has taken a fork
1009 117 is sleeping
1009 19 has taken a fork
1010 29 is thinking
1010 40 is thinking
1010 128 is sleeping
1010 22 has taken a fork
1010 34 is thinking
1011 53 is thinking
1011 28 is thinking
1011 9 has taken a fork
1011 49 is thinking
1011 110 is sleeping
1011 118 is sleeping
1011 106 is sleeping
1011 27 has taken a fork
1011 16 has taken a fork
1011 43 is thinking
1011 125 is sleeping
1011 126 is sleeping
1011 127 is sleeping
1011 5 has taken a fork
1012 124 is sleeping
1012 36 is thinking
1012 119 is sleeping
1012 7 has taken a fork
1012 17 has taken a fork
1012 50 is thinking
1012 32 is thinking
1012 120 is sleeping
1012 55 is thinking
1012 44 is thinking
1012 12 has taken a fork
1013 122 is sleeping
1013 131 is sleeping
1013 135 is sleeping
1013 30 is thinking
1013 48 is thinking
1013 4 has taken a fork
1013 123 is sleeping
1013 51 is thinking
1013 142 is sleeping
1013 15 has taken a fork
1013 20 has taken a fork
1014 136 is sleeping
1014 25 has taken a fork
1014 143 is sleeping
1014 33 has taken a fork
1014 6 has taken a fork
1014 18 has taken a fork
1015 35 is thinking
1015 13 is eating
1015 145 is sleeping
1016 140 is sleeping
1016 144 is sleeping
1016 139 is sleeping
1016 26 has taken a fork
1016 8 is eating
1016 11 is eating
1016 23 is eating
1016 24 is eating
1016 31 has taken a fork
1016 10 has taken a fork
1016 41 is thinking
1016 47 has taken a fork
1016 3 is eating
1016 46 is thinking
1016 153 is sleeping
1016 14 has taken a fork
1016 45 has taken a fork
1016 21 has taken a fork
1017 19 has taken a fork
1017 29 has taken a fork
1017 134 is sleeping
1017 132 is sleeping
1017 133 is sleeping
1017 40 has taken a fork
1017 22 has taken a fork
1017 34 has taken a fork
1017 53 has taken a fork
1017 28 has taken a fork
1018 9 is eating
1019 49 has taken a fork
1019 27 has taken a fork
1019 16 has taken a fork
1019 43 has taken a fork
1020 5 is eating
1020 130 is sleeping
1020 36 has taken a fork
1021 147 is sleeping
1021 138 is sleeping
1022 7 is eating
1022 17 is eating
1022 50 has taken a fork
1022 32 has taken a fork
1022 55 has taken a fork
1022 44 has taken a fork
1022 12 is eating
1022 37 is thinking
1022 63 is thinking
1023 30 has taken a fork
1023 48 has taken a fork
1023 4 is eating
1023 51 has taken a fork
1023 15 is eating
1023 20 has taken a fork
1023 39 is thinking
1023 61 is thinking
1023 148 is sleeping
1023 137 is sleeping
1024 141 is sleeping
1024 25 has taken a fork
1024 33 has taken a fork
1024 6 has taken a fork
1024 18 has taken a fork
1024 35 has taken a fork
1024 57 is thinking
1024 42 is thinking
1024 150 is sleeping
1026 26 has taken a fork
1026 31 has taken a fork
1027 10 is eating
1027 41 has taken a fork
1027 47 has taken a fork
1027 46 has taken a fork
1027 14 has taken a fork
1027 45 has taken a fork
1027 21 is eating
1027 152 is sleeping
1028 19 is eating
1028 146 is sleeping
1028 151 is sleeping
1028 29 has taken a fork
1028 40 has taken a fork
1028 22 is eating
1028 34 has taken a fork
1028 53 has taken a fork
1028 28 has taken a fork
1029 38 is thinking
1029 52 is thinking
1029 158 is sleeping
1029 149 is sleeping
1029 49 has taken a fork
1030 27 is eating
1030 16 is eating
1030 43 has taken a fork
1030 154 is sleeping
1030 36 has taken a fork
1031 161 is sleeping
1032 50 has taken a fork
1032 32 has taken a fork
1033 55 has taken a fork
1033 44 has taken a fork
1033 63 has taken a fork
1033 37 has taken a fork
1034 30 has taken a fork
1036 48 has taken a fork
1036 51 has taken a fork
1036 20 is eating
1036 39 has taken a fork
1036 61 has taken a fork
1036 25 is eating
1036 33 is eating
1037 6 is eating
1037 18 is eating
1037 35 has taken a fork
1037 57 has taken a fork
1037 42 has taken a fork
1039 26 is eating
1039 31 is eating
1039 59 is thinking
1039 41 has taken a fork
1040 47 is eating
1040 46 has taken a fork
1040 14 is eating
1040 45 is eating
1040 58 is thinking
1040 29 is eating
1040 40 is eating
1041 34 is eating
1041 53 is eating
1041 28 is eating
1041 38 has taken a fork
1041 52 has taken a fork
1041 54 is thinking
1041 156 is sleeping
1041 49 is eating
1041 65 is thinking
1041 62 is thinking
1041 43 is eating
1041 36 is eating
1041 60 is thinking
1041 56 is thinking
1041 64 is thinking
1041 50 is eating
1042 32 is eating
1043 155 is sleeping
1043 55 is eating
1043 44 is eating
1044 63 has taken a fork
1044 37 has taken a fork
1046 67 is thinking
1046 30 is eating
1047 159 is sleeping
1047 157 is sleeping
1048 48 is eating
1048 75 is thinking
1049 51 is eating
1049 39 has taken a fork
1049 61 has taken a fork
1049 163 is sleeping
1050 160 is sleeping
1051 35 is eating
1051 57 has taken a fork
1051 42 has taken a fork
1052 68 is thinking
1052 167 is sleeping
1052 69 is thinking
1052 66 is thinking
1052 73 is thinking
1052 59 has taken a fork
1053 41 is eating
1054 71 is thinking
1055 46 is eating
1055 70 is thinking
1056 58 has taken a fork
1056 164 is sleeping
1056 38 has taken a fork
1057 52 has taken a fork
1057 54 has taken a fork
1058 65 has taken a fork
1058 62 has taken a fork
1059 60 has taken a fork
1061 56 has taken a fork
1061 64 has taken a fork
1061 74 is thinking
1061 162 is sleeping
1061 169 is sleeping
1061 165 is sleeping
1061 77 is thinking
1065 79 is thinking
1067 72 is thinking
1067 63 is eating
1067 174 is sleeping
1068 37 is eating
1068 172 is sleeping
1068 173 is sleeping
1068 170 is sleeping
1069 171 is sleeping
1070 67 has taken a fork
1070 80 is thinking
1070 168 is sleeping
1070 175 is sleeping
1070 166 is sleeping
1070 76 is thinking
1070 184 is sleeping
1070 177 is sleeping
1070 179 is sleeping
1070 75 has taken a fork
1070 176 is sleeping
1071 39 is eating
1072 61 is eating
1072 78 is thinking
1073 57 is eating
1073 42 is eating
1073 68 has taken a fork
1073 69 has taken a fork
1073 66 has taken a fork
1073 73 has taken a fork
1074 59 has taken a fork
1075 83 is thinking
1075 183 is sleeping
1076 71 has taken a fork
1077 70 has taken a fork
1078 58 has taken a fork
1078 38 is eating
1080 87 is thinking
1081 81 is thinking
1083 85 is thinking
1085 52 is eating
1085 54 has taken a fork
1085 181 is sleeping
1086 65 has taken a fork
1086 62 has taken a fork
1087 178 is sleeping
1087 189 is sleeping
1091 60 has taken a fork
1092 56 has taken a fork
1092 64 has taken a fork
1094 74 has taken a fork
1094 77 has taken a fork
1095 84 is thinking
1095 89 is thinking
1095 187 is sleeping
1096 86 is thinking
1096 91 is thinking
1098 79 has taken a fork
1098 97 is thinking
1098 93 is thinking
1099 195 is sleeping
1100 190 is sleeping
1101 82 is thinking
1101 90 is thinking
1102 95 is thinking
1102 72 has taken a fork
1102 182 is sleeping
1102 186 is sleeping
1102 192 is sleeping
1102 185 is sleeping
1102 180 is sleeping
1102 94 is thinking
1102 193 is sleeping
1102 67 has taken a fork
1102 80 has taken a fork
1102 76 has taken a fork
1103 75 has taken a fork
1103 191 is sleeping
1103 188 is sleeping
1104 197 is sleeping
1104 78 has taken a fork
1106 98 is thinking
1107 68 has taken a fork
1107 196 is sleeping
1109 69 has taken a fork
1110 66 has taken a fork
1110 92 is thinking
1111 73 has taken a fork
1111 96 is thinking
1111 59 is eating
1111 88 is thinking
1111 99 is thinking
1111 198 is sleeping
1111 194 is sleeping
1112 83 has taken a fork
1112 71 has taken a fork
1112 70 has taken a fork
1113 101 is thinking
1113 58 is eating
1113 2 is sleeping
1113 87 has taken a fork
1114 81 has taken a fork
1115 85 has taken a fork
1115 54 is eating
1115 65 is eating
1115 62 is eating
1116 60 is eating
1116 56 is eating
1116 64 is eating
1116 74 has taken a fork
1116 100 is thinking
1117 77 has taken a fork
1117 84 has taken a fork
1117 89 has taken a fork
1117 108 is thinking
1117 86 has taken a fork
1117 91 has taken a fork
1117 113 is thinking
1117 107 is thinking
1117 105 is thinking
1117 79 has taken a fork
1117 97 has taken a fork
1118 93 has taken a fork
1118 104 is thinking
1118 112 is thinking
1118 114 is thinking
1118 1 is sleeping
1119 82 has taken a fork
1119 103 is thinking
1119 102 is thinking
1119 90 has taken a fork
1119 116 is thinking
1119 95 has taken a fork
1119 72 has taken a fork
1119 94 has taken a fork
1120 67 is eating
1120 80 has taken a fork
1120 76 has taken a fork
1120 109 is thinking
1121 75 is eating
1121 78 has taken a fork
1122 121 is thinking
1122 8 is sleeping
1122 11 is sleeping
1122 13 is sleeping
1122 3 is sleeping
1122 111 is thinking
1122 24 is sleeping
1122 23 is sleeping
1122 98 has taken a fork
1122 9 is sleeping
1122 68 is eating
1122 5 is sleeping
1122 117 is thinking
1122 17 is sleeping
1122 7 is sleeping
1122 115 is thinking
1122 12 is sleeping
1122 129 is thinking
1122 69 is eating
1122 15 is sleeping
1122 4 is sleeping
1122 66 is eating
1122 128 is thinking
1122 106 is thinking
1123 118 is thinking
1123 110 is thinking
1123 126 is thinking
1123 92 has taken a fork
1123 125 is thinking
1124 73 is eating
1124 96 has taken a fork
1124 127 is thinking
1124 88 has taken a fork
1124 99 has taken a fork
1124 83 has taken a fork
1124 124 is thinking
1125 119 is thinking
1125 120 is thinking
1125 71 is eating
1126 70 is eating
1126 142 is thinking
1126 101 has taken a fork
1127 122 is thinking
1127 135 is thinking
1128 87 has taken a fork
1128 131 is thinking
1128 123 is thinking
1128 136 is thinking
1128 10 is sleeping
1128 21 is sleeping
1128 143 is thinking
1128 81 has taken a fork
1129 19 is sleeping
1130 85 has taken a fork
1130 22 is sleeping
1130 144 is thinking
1130 153 is thinking
1130 16 is sleeping
1130 139 is thinking
1130 27 is sleeping
1131 145 is thinking
1131 140 is thinking
1131 74 is eating
1131 100 has taken a fork
1131 77 is eating
1131 84 has taken a fork
1132 89 has taken a fork
1132 108 has taken a fork
1132 86 has taken a fork
1132 91 has taken a fork
1132 132 is thinking
1132 113 has taken a fork
1132 134 is thinking
1132 107 has taken a fork
1132 105 has taken a fork
1132 79 is eating
1132 133 is thinking
1132 97 has taken a fork
1132 93 has taken a fork
1132 104 has taken a fork
1134 112 has taken a fork
1134 114 has taken a fork
1134 82 has taken a fork
1134 103 has taken a fork
1135 102 has taken a fork
1135 116 has taken a fork
1136 90 has taken a fork
1136 95 has taken a fork
1136 72 is eating
1136 94 has taken a fork
1137 130 is thinking
1137 80 is eating
1137 76 is eating
1138 109 has taken a fork
1138 147 is thinking
1138 138 is thinking
1138 78 is eating
1138 6 is sleeping
1138 121 has taken a fork
1138 111 has taken a fork
1138 25 is sleeping
1138 18 is sleeping
1138 20 is sleeping
1138 33 is sleeping
1138 98 has taken a fork
1138 117 has taken a fork
1138 115 has taken a fork
1138 129 has taken a fork
1138 128 has taken a fork
1138 106 has taken a fork
1138 148 is thinking
1138 118 has taken a fork
1138 110 has taken a fork
1138 126 has taken a fork
1138 92 has taken a fork
1138 125 has taken a fork
1138 31 is sleeping
1139 141 is thinking
1139 96 has taken a fork
1139 26 is sleeping
1139 150 is thinking
1139 137 is thinking
1139 88 has taken a fork
1140 127 has taken a fork
1140 99 has taken a fork
1140 83 is eating
1140 124 has taken a fork
1140 40 is sleeping
1140 29 is sleeping
1140 47 is sleeping
1141 14 is sleeping
1141 119 has taken a fork
1141 45 is sleeping
1143 120 has taken a fork
1143 28 is sleeping
1143 49 is sleeping
1143 53 is sleeping
1143 43 is sleeping
1143 34 is sleeping
1144 142 has taken a fork
1144 50 is sleeping
1144 152 is thinking
1144 101 has taken a fork
1144 36 is sleeping
1144 32 is sleeping
1144 122 has taken a fork
1144 135 has taken a fork
1144 151 is thinking
1144 55 is sleeping
1145 146 is thinking
1145 44 is sleeping
1145 87 is eating
1146 131 has taken a fork
1147 123 has taken a fork
1147 136 has taken a fork
1148 143 has taken a fork
1148 81 is eating
1148 158 is thinking
1148 149 is thinking
1148 85 is eating
1148 154 is thinking
1148 144 has taken a fork
1148 30 is sleeping
1148 153 has taken a fork
1148 139 has taken a fork
1148 48 is sleeping
1148 161 is thinking
1148 51 is sleeping
1148 145 has taken a fork
1148 140 has taken a fork
1148 100 has taken a fork
1148 84 is eating
1148 89 is eating
1148 108 has taken a fork
1149 86 is eating
1149 91 is eating
1149 132 has taken a fork
1149 113 has taken a fork
1151 134 has taken a fork
1152 107 has taken a fork
1153 105 has taken a fork
1153 133 has taken a fork
1153 97 is eating
1154 93 is eating
1155 104 has taken a fork
1155 35 is sleeping
1156 112 has taken a fork
1156 114 has taken a fork
1157 82 is eating
1157 103 has taken a fork
1157 41 is sleeping
1158 102 has taken a fork
1158 116 has taken a fork
1158 46 is sleeping
1159 90 is eating
1161 95 is eating
1161 94 is eating
1161 130 has taken a fork
1161 109 has taken a fork
1161 147 has taken a fork
1161 138 has taken a fork
1161 121 has taken a fork
1161 111 has taken a fork
1161 98 is eating
1161 117 has taken a fork
1161 115 has taken a fork
1161 129 has taken a fork
1161 128 has taken a fork
1161 106 has taken a fork
1161 148 has taken a fork
1161 118 has taken a fork
1161 110 has taken a fork
1161 126 has taken a fork
1161 92 is eating
1161 125 has taken a fork
1162 141 has taken a fork
1162 96 is eating
1162 150 has taken a fork
1162 88 is eating
1162 127 has taken a fork
1163 99 is eating
1163 124 has taken a fork
1163 156 is thinking
1163 119 has taken a fork
1163 155 is thinking
1163 120 has taken a fork
1163 142 has taken a fork
1163 101 is eating
1163 122 has taken a fork
1163 135 has taken a fork
1164 63 is sleeping
1164 137 has taken a fork
1164 37 is sleeping
1164 152 has taken a fork
1165 131 has taken a fork
1165 159 is thinking
1165 157 is thinking
1165 39 is sleeping
1165 151 has taken a fork
1166 123 has taken a fork
1166 136 has taken a fork
1166 143 has taken a fork
1166 61 is sleeping
1166 146 has taken a fork
1166 144 has taken a fork
1167 153 has taken a fork
1167 139 has taken a fork
1167 145 has taken a fork
1167 140 has taken a fork
1167 100 is eating
1167 108 is eating
1167 42 is sleeping
1167 132 has taken a fork
1167 163 is thinking
1167 57 is sleeping
1167 149 has taken a fork
1167 158 has taken a fork
1167 113 is eating
1167 160 is thinking
1167 134 has taken a fork
1167 167 is thinking
1168 107 is eating
1168 105 is eating
1168 133 has taken a fork
1168 38 is sleeping
1168 154 has taken a fork
1168 164 is thinking
1168 104 is eating
1168 112 is eating
1168 114 is eating
1168 52 is sleeping
1168 161 has taken a fork
1168 103 is eating
1169 102 is eating
1169 116 is eating
1169 130 has taken a fork
1169 109 is eating
1169 147 has taken a fork
1169 162 is thinking
1170 138 has taken a fork
1170 121 is eating
1170 111 is eating
1170 117 is eating
1170 115 is eating
1170 129 is eating
1170 165 is thinking
1170 128 is eating
1170 169 is thinking
1171 106 is eating
1171 148 has taken a fork
1171 118 is eating
1172 110 is eating
1172 126 is eating
1172 125 is eating
1172 141 has taken a fork
1172 150 has taken a fork
1172 127 is eating
1172 124 is eating
1172 119 is eating
1172 120 is eating
1173 142 is eating
1173 122 is eating
1173 135 is eating
1173 137 has taken a fork
1173 152 has taken a fork
1173 131 is eating
1173 151 has taken a fork
1173 123 is eating
1173 136 is eating
1173 143 is eating
1173 146 has taken a fork
1173 144 is eating
1173 153 is eating
1174 139 is eating
1174 145 is eating
1174 140 is eating
1174 132 is eating
1175 149 has taken a fork
1175 158 has taken a fork
1175 134 is eating
1175 170 is thinking
1176 133 is eating
1176 154 has taken a fork
1177 172 is thinking
1178 174 is thinking
1180 173 is thinking
1180 161 has taken a fork
1181 171 is thinking
1181 130 is eating
1182 147 is eating
1182 138 is eating
1182 175 is thinking
1183 166 is thinking
1184 176 is thinking
1184 184 is thinking
1184 177 is thinking
1185 179 is thinking
1187 168 is thinking
1187 148 is eating
1187 141 is eating
1187 150 is eating
1187 137 is eating
1187 152 is eating
1187 151 is eating
1187 146 is eating
1187 183 is thinking
1187 149 is eating
1188 158 is eating
1188 59 is sleeping
1190 156 has taken a fork
1190 154 is eating
1190 58 is sleeping
1191 155 has taken a fork
1191 62 is sleeping
1191 54 is sleeping
1191 65 is sleeping
1191 157 has taken a fork
1191 163 has taken a fork
1191 159 has taken a fork
1191 60 is sleeping
1191 56 is sleeping
1191 160 has taken a fork
1191 167 has taken a fork
1192 64 is sleeping
1193 161 is eating
1193 164 has taken a fork
1193 67 is sleeping
1195 162 has taken a fork
1195 181 is thinking
1195 75 is sleeping
1196 165 has taken a fork
1196 178 is thinking
1196 68 is sleeping
1196 169 has taken a fork
1196 66 is sleeping
1197 170 has taken a fork
1198 69 is sleeping
1198 172 has taken a fork
1200 189 is thinking
1201 73 is sleeping
1201 174 has taken a fork
1203 156 has taken a fork
1204 71 is sleeping
1204 70 is sleeping
1208 171 has taken a fork
1208 155 has taken a fork
1209 173 has taken a fork
1209 157 has taken a fork
1210 163 has taken a fork
1210 159 has taken a fork
1210 160 has taken a fork
1210 167 has taken a fork
1210 164 has taken a fork
1211 187 is thinking
1212 162 has taken a fork
1212 74 is sleeping
1212 175 has taken a fork
1212 165 has taken a fork
1212 169 has taken a fork
1212 170 has taken a fork
1213 77 is sleeping
1214 166 has taken a fork
1214 172 has taken a fork
1214 195 is thinking
1214 176 has taken a fork
1214 79 is sleeping
1214 190 is thinking
1214 174 has taken a fork
1214 182 is thinking
1214 185 is thinking
1214 193 is thinking
1215 180 is thinking
1215 72 is sleeping
1215 192 is thinking
1216 156 is eating
1216 191 is thinking
1216 80 is sleeping
1217 177 has taken a fork
1218 76 is sleeping
1218 197 is thinking
1218 179 has taken a fork
1218 184 has taken a fork
1218 188 is thinking
1218 186 is thinking
1218 196 is thinking
1218 78 is sleeping
1218 83 is sleeping
1218 183 has taken a fork
1218 171 has taken a fork
1219 155 is eating
1220 168 has taken a fork
1223 173 has taken a fork
1223 157 is eating
1223 163 is eating
1223 159 is eating
1223 160 is eating
1223 167 is eating
1224 164 is eating
1224 198 is thinking
1224 194 is thinking
1224 162 is eating
1224 175 has taken a fork
1224 165 is eating
1224 169 is eating
1224 170 is eating
1225 2 is thinking
1225 87 is sleeping
1226 181 has taken a fork
1226 166 has taken a fork
1226 172 is eating
1226 176 has taken a fork
1226 174 is eating
1226 85 is sleeping
1226 81 is sleeping
1226 178 has taken a fork
1226 189 has taken a fork
1226 177 has taken a fork
1226 1 is thinking
1226 179 has taken a fork
1226 184 has taken a fork
1226 183 has taken a fork
1226 171 is eating
1226 168 has taken a fork
1226 7 is thinking
1226 12 is thinking
1227 3 is thinking
1227 24 is thinking
1227 13 is thinking
1227 23 is thinking
1227 9 is thinking
1227 84 is sleeping
1227 187 has taken a fork
1227 5 is thinking
1227 89 is sleeping
1228 17 is thinking
1228 195 has taken a fork
1229 86 is sleeping
1229 190 has taken a fork
1229 91 is sleeping
1230 173 is eating
1230 182 has taken a fork
1231 4 is thinking
1231 15 is thinking
1231 8 is thinking
1232 11 is thinking
1232 175 is eating
1232 93 is sleeping
1232 97 is sleeping
1232 193 has taken a fork
1232 185 has taken a fork
1232 181 has taken a fork
1232 166 is eating
1232 176 is eating
1232 178 has taken a fork
1234 189 has taken a fork
1234 177 is eating
1234 179 is eating
1235 184 is eating
1235 183 is eating
1236 168 is eating
1236 187 has taken a fork
1236 21 is thinking
1236 195 has taken a fork
1237 10 is thinking
1237 82 is sleeping
1237 180 has taken a fork
1237 190 has taken a fork
1237 19 is thinking
1237 90 is sleeping
1238 192 has taken a fork
1238 27 is thinking
1238 182 has taken a fork
1239 16 is thinking
1240 22 is thinking
1240 95 is sleeping
1240 94 is sleeping
1241 191 has taken a fork
1241 197 has taken a fork
1241 193 has taken a fork
1241 185 has taken a fork
1241 181 is eating
1241 178 is eating
1241 98 is sleeping
1242 188 has taken a fork
1244 189 is eating
1244 92 is sleeping
1244 186 has taken a fork
1244 187 is eating
1244 195 is eating
1244 99 is sleeping
1244 196 has taken a fork
1244 88 is sleeping
1246 96 is sleeping
1247 194 has taken a fork
1247 180 has taken a fork
1247 190 is eating
1247 20 is thinking
1247 198 has taken a fork
1247 101 is sleeping
1247 192 has taken a fork
1247 33 is thinking
1247 2 has taken a fork
1248 182 is eating
1248 31 is thinking
1248 18 is thinking
1248 26 is thinking
1248 25 is thinking
1248 6 is thinking
1250 29 is thinking
1250 40 is thinking
1250 14 is thinking
1250 47 is thinking
1250 191 has taken a fork
1250 197 has taken a fork
1250 193 is eating
1250 185 is eating
1251 45 is thinking
1251 100 is sleeping
1251 108 is sleeping
1251 7 has taken a fork
1251 113 is sleeping
1251 12 has taken a fork
1252 1 has taken a fork
1253 188 has taken a fork
1253 112 is sleeping
1253 104 is sleeping
1253 105 is sleeping
1253 114 is sleeping
1253 107 is sleeping
1253 13 has taken a fork
1253 3 has taken a fork
1253 24 has taken a fork
1253 43 is thinking
1253 34 is thinking
1253 9 has taken a fork
1253 23 has taken a fork
1254 36 is thinking
1254 116 is sleeping
1254 102 is sleeping
1255 5 has taken a fork
1255 17 has taken a fork
1255 50 is thinking
1256 53 is thinking
1256 55 is thinking
1257 49 is thinking
1257 28 is thinking
1257 103 is sleeping
1258 32 is thinking
1258 186 has taken a fork
1258 196 has taken a fork
1259 4 has taken a fork
1259 44 is thinking
1259 109 is sleeping
1259 111 is sleeping
1259 117 is sleeping
1259 128 is sleeping
1259 121 is sleeping
1259 129 is sleeping
1259 21 has taken a fork
1260 115 is sleeping
1260 19 has taken a fork
1260 27 has taken a fork
1260 106 is sleeping
1260 16 has taken a fork
1260 118 is sleeping
1260 15 has taken a fork
1260 10 has taken a fork
1260 8 has taken a fork
1261 22 has taken a fork
1261 194 has taken a fork
1261 180 is eating
1262 198 has taken a fork
1262 192 is eating
1262 2 has taken a fork
1262 127 is sleeping
1262 124 is sleeping
1262 126 is sleeping
1262 20 has taken a fork
1262 48 is thinking
1262 33 has taken a fork
1262 110 is sleeping
1262 125 is sleeping
1263 31 has taken a fork
1263 51 is thinking
1265 30 is thinking
1265 11 has taken a fork
1265 18 has taken a fork
1268 26 has taken a fork
1268 119 is sleeping
1268 120 is sleeping
1268 142 is sleeping
1268 135 is sleeping
1268 122 is sleeping
1269 29 has taken a fork
1269 25 has taken a fork
1269 6 has taken a fork
1269 14 has taken a fork
1269 40 has taken a fork
1269 191 is eating
1269 197 is eating
1269 136 is sleeping
1269 47 has taken a fork
1269 123 is sleeping
1269 131 is sleeping
1269 143 is sleeping
1269 45 has taken a fork
1269 7 has taken a fork
1269 12 has taken a fork
1269 1 has taken a fork
1269 144 is sleeping
1269 139 is sleeping
1269 153 is sleeping
1269 132 is sleeping
1269 145 is sleeping
1269 140 is sleeping
1271 188 is eating
1271 13 has taken a fork
1271 3 has taken a fork
1271 24 has taken a fork
1271 43 has taken a fork
1271 34 has taken a fork
1271 23 has taken a fork
1271 9 has taken a fork
1272 36 has taken a fork
1272 134 is sleeping
1272 133 is sleeping
1272 35 is thinking
1272 5 has taken a fork
1272 17 has taken a fork
1273 50 has taken a fork
1274 53 has taken a fork
1275 55 has taken a fork
1275 41 is thinking
1277 49 has taken a fork
1277 28 has taken a fork
1278 46 is thinking
1278 32 has taken a fork
1279 186 is eating
1279 196 is eating
1279 130 is sleeping
1279 4 has taken a fork
1279 44 has taken a fork
1279 21 has taken a fork
1279 138 is sleeping
1279 147 is sleeping
1279 19 has taken a fork
1279 27 has taken a fork
1279 16 has taken a fork
1280 15 has taken a fork
1282 10 has taken a fork
1284 8 has taken a fork
1285 22 has taken a fork
1286 194 is eating
1286 198 is eating
1287 2 is eating
1287 20 has taken a fork
1287 48 has taken a fork
1287 33 has taken a fork
1287 150 is sleeping
1287 141 is sleeping
1287 31 has taken a fork
1287 148 is sleeping
1287 51 has taken a fork
1287 63 is thinking
1288 37 is thinking
1289 39 is thinking
1289 30 has taken a fork
1289 11 has taken a fork
1289 18 has taken a fork
1289 152 is sleeping
1289 61 is thinking
1289 137 is sleeping
1289 57 is thinking
1289 42 is thinking
1289 149 is sleeping
1289 38 is thinking
1289 146 is sleeping
1290 151 is sleeping
1291 26 has taken a fork
1291 52 is thinking
1291 29 has taken a fork
1291 25 has taken a fork
1291 6 has taken a fork
1292 14 has taken a fork
1292 40 has taken a fork
1292 47 has taken a fork
1292 158 is sleeping
1292 45 has taken a fork
1292 7 is eating
1292 12 is eating
1293 1 is eating
1293 13 is eating
1293 3 is eating
1293 24 is eating
1293 43 has taken a fork
1293 34 has taken a fork
1293 23 is eating
1294 9 is eating
1294 154 is sleeping
1294 36 has taken a fork
1294 35 has taken a fork
1294 5 is eating
1294 17 is eating
1294 50 has taken a fork
1294 53 has taken a fork
1294 161 is sleeping
1294 55 has taken a fork
1295 41 has taken a fork
1295 49 has taken a fork
1295 28 has taken a fork
1295 46 has taken a fork
1295 32 has taken a fork
1295 4 is eating
1295 44 has taken a fork
1296 21 is eating
1296 19 is eating
1296 27 is eating
1296 16 is eating
1296 15 is eating
1296 10 is eating
1297 8 is eating
1297 22 is eating
1297 20 is eating
1297 48 has taken a fork
1298 33 is eating
1299 31 is eating
1299 51 has taken a fork
1300 63 has taken a fork
1300 59 is thinking
1301 37 has taken a fork
1301 39 has taken a fork
1301 30 has taken a fork
1301 11 is eating
1301 18 is eating
1301 61 has taken a fork
1301 57 has taken a fork
1301 42 has taken a fork
1301 38 has taken a fork
1301 58 is thinking
1301 65 is thinking
1301 60 is thinking
1301 62 is thinking
1301 26 is eating
1301 54 is thinking
1302 56 is thinking
1302 52 has taken a fork
1302 29 is eating
1302 25 is eating
1302 6 is eating
1302 64 is thinking
1303 14 is eating
1303 40 is eating
1303 47 is eating
1303 45 is eating
1303 67 is thinking
1303 43 is eating
1303 34 is eating
1303 36 is eating
1303 35 has taken a fork
1303 50 is eating
1303 53 is eating
1304 55 is eating
1304 41 has taken a fork
1304 49 is eating
1304 28 is eating
1304 46 has taken a fork
1305 32 is eating
1305 44 is eating
1305 68 is thinking
1305 75 is thinking
1305 66 is thinking
1305 156 is sleeping
1305 48 is eating
1306 155 is sleeping
1306 51 is eating
1307 63 has taken a fork
1307 69 is thinking
1307 59 has taken a fork
1307 157 is sleeping
1307 37 has taken a fork
1307 163 is sleeping
1307 39 has taken a fork
1307 167 is sleeping
1307 159 is sleeping
1307 30 is eating
1307 160 is sleeping
1307 61 has taken a fork
1307 57 has taken a fork
1308 42 has taken a fork
1308 38 has taken a fork
1309 58 has taken a fork
1309 65 has taken a fork
1309 73 is thinking
1309 60 has taken a fork
1309 62 has taken a fork
1309 54 has taken a fork
1310 56 has taken a fork
1310 52 has taken a fork
1310 35 is eating
1310 64 has taken a fork
1310 164 is sleeping
1310 41 is eating
1310 71 is thinking
1310 70 is thinking
1310 162 is sleeping
1310 67 has taken a fork
1310 46 is eating
1310 165 is sleeping
1310 68 has taken a fork
1310 169 is sleeping
1311 75 has taken a fork
1311 170 is sleeping
1312 66 has taken a fork
1313 63 is eating
1313 172 is sleeping
1313 69 has taken a fork
1313 174 is sleeping
1313 59 has taken a fork
1313 37 is eating
1313 39 is eating
1313 61 is eating
1313 57 is eating
1313 42 is eating
1313 38 is eating
1313 171 is sleeping
1313 58 has taken a fork
1313 65 has taken a fork
1313 73 has taken a fork
1314 60 has taken a fork
1316 62 has taken a fork
1317 54 has taken a fork
1317 56 has taken a fork
1318 52 is eating
1318 64 has taken a fork
1318 71 has taken a fork
1318 67 has taken a fork
1318 68 has taken a fork
1318 75 has taken a fork
1319 173 is sleeping
1319 70 has taken a fork
1319 66 has taken a fork
1319 74 is thinking
1319 77 is thinking
1319 69 has taken a fork
1319 59 is eating
1320 58 is eating
1321 65 is eating
1322 73 has taken a fork
1322 175 is sleeping
1324 79 is thinking
1325 60 is eating
1325 166 is sleeping
1325 62 is eating
1327 72 is thinking
1327 80 is thinking
1328 176 is sleeping
1330 54 is eating
1331 56 is eating
1331 83 is thinking
1331 78 is thinking
1331 64 is eating
1331 76 is thinking
1331 71 has taken a fork
1331 67 is eating
1333 68 is eating
1334 75 is eating
1334 179 is sleeping
1334 177 is sleeping
1335 70 has taken a fork
1336 66 is eating
1337 74 has taken a fork
1337 77 has taken a fork
1337 69 is eating
1337 184 is sleeping
1337 183 is sleeping
1337 73 is eating
1340 168 is sleeping
1341 79 has taken a fork
1341 87 is thinking
1341 89 is thinking
1342 181 is sleeping
1342 85 is thinking
1342 84 is thinking
1342 81 is thinking
1344 72 has taken a fork
1345 80 has taken a fork
1345 91 is thinking
1345 86 is thinking
1346 178 is sleeping
1346 189 is sleeping
1347 83 has taken a fork
1347 78 has taken a fork
1347 76 has taken a fork
1347 71 is eating
1347 187 is sleeping
1347 195 is sleeping
1348 97 is thinking
1349 93 is thinking
1350 190 is sleeping
1350 70 is eating
1350 182 is sleeping
1350 82 is thinking
1350 90 is thinking
1351 74 has taken a fork
1351 77 has taken a fork
1351 193 is sleeping
1353 185 is sleeping
1355 95 is thinking
1355 94 is thinking
1356 79 has taken a fork
1356 87 has taken a fork
1356 89 has taken a fork
1357 98 is thinking
1357 85 has taken a fork
1359 84 has taken a fork
1360 81 has taken a fork
1361 92 is thinking
1361 88 is thinking
1361 99 is thinking
1361 72 has taken a fork
1361 180 is sleeping
1361 80 has taken a fork
1361 91 has taken a fork
1362 86 has taken a fork
1362 192 is sleeping
1362 96 is thinking
1362 101 is thinking
1363 83 has taken a fork
1363 78 has taken a fork
1363 76 has taken a fork
1363 97 has taken a fork
1363 93 has taken a fork
1363 82 has taken a fork
1363 90 has taken a fork
1364 74 is eating
1364 197 is sleeping
1364 108 is thinking
1364 77 is eating
1365 191 is sleeping
1365 113 is thinking
1368 100 is thinking
1369 112 is thinking
1369 107 is thinking
1369 188 is sleeping
1369 114 is thinking
1369 104 is thinking
1369 105 is thinking
1370 102 is thinking
1370 116 is thinking
1371 95 has taken a fork
1371 94 has taken a fork
1372 79 is eating
1372 89 has taken a fork
1372 87 has taken a fork
1372 103 is thinking
1372 98 has taken a fork
1372 85 has taken a fork
1372 186 is sleeping
1372 196 is sleeping
1372 128 is thinking
1372 117 is thinking
1372 111 is thinking
1372 121 is thinking
1373 84 has taken a fork
1375 129 is thinking
1376 109 is thinking
1378 118 is thinking
1378 106 is thinking
1378 81 has taken a fork
1378 92 has taken a fork
1378 88 has taken a fork
1379 72 is eating
1379 80 is eating
1379 115 is thinking
1379 91 has taken a fork
1380 126 is thinking
1380 127 is thinking
1380 198 is sleeping
1380 194 is sleeping
1380 125 is thinking
1381 124 is thinking
1381 86 has taken a fork
1381 96 has taken a fork
1381 2 is sleeping
1381 83 is eating
1381 101 has taken a fork
1381 78 is eating
1381 76 is eating
1381 97 has taken a fork
1381 93 has taken a fork
1381 82 has taken a fork
1381 90 has taken a fork
1382 110 is thinking
1382 99 has taken a fork
1382 7 is sleeping
1382 23 is sleeping
1382 142 is thinking
1382 113 has taken a fork
1382 24 is sleeping
1383 135 is thinking
1383 12 is sleeping
1383 1 is sleeping
1383 108 has taken a fork
1383 3 is sleeping
1383 122 is thinking
1384 120 is thinking
1384 13 is sleeping
1384 119 is thinking
1384 100 has taken a fork
1384 17 is sleeping
1384 131 is thinking
1385 5 is sleeping
1385 139 is thinking
1385 136 is thinking
1385 9 is sleeping
1385 143 is thinking
1385 140 is thinking
1385 153 is thinking
1385 112 has taken a fork
1385 145 is thinking
1385 107 has taken a fork
1385 114 has taken a fork
1385 123 is thinking
1385 132 is thinking
1386 104 has taken a fork
1386 105 has taken a fork
1387 144 is thinking
1387 102 has taken a fork
1387 4 is sleeping
1388 116 has taken a fork
1388 95 has taken a fork
1388 94 has taken a fork
1388 19 is sleeping
1389 21 is sleeping
1389 27 is sleeping
1389 8 is sleeping
1389 133 is thinking
1389 134 is thinking
1390 22 is sleeping
1390 16 is sleeping
1390 15 is sleeping
1391 10 is sleeping
1391 89 is eating
1391 87 is eating
1391 103 has taken a fork
1391 98 has taken a fork
1391 85 is eating
1392 128 has taken a fork
1392 117 has taken a fork
1392 111 has taken a fork
1392 121 has taken a fork
1392 20 is sleeping
1392 33 is sleeping
1392 84 is eating
1392 18 is sleeping
1392 26 is sleeping
1392 11 is sleeping
1393 31 is sleeping
1394 129 has taken a fork
1394 6 is sleeping
1394 29 is sleeping
1394 25 is sleeping
1394 109 has taken a fork
1394 45 is sleeping
1394 40 is sleeping
1394 14 is sleeping
1394 47 is sleeping
1394 43 is sleeping
1394 34 is sleeping
1394 118 has taken a fork
1394 106 has taken a fork
1394 81 is eating
1394 92 has taken a fork
1394 88 has taken a fork
1394 130 is thinking
1395 147 is thinking
1395 50 is sleeping
1395 138 is thinking
1395 36 is sleeping
1395 91 is eating
1395 115 has taken a fork
1395 126 has taken a fork
1395 53 is sleeping
1395 55 is sleeping
1395 127 has taken a fork
1395 125 has taken a fork
1395 28 is sleeping
1395 124 has taken a fork
1395 49 is sleeping
1395 86 is eating
1395 96 has taken a fork
1396 101 has taken a fork
1396 97 is eating
1396 93 is eating
1396 90 is eating
1396 82 is eating
1396 44 is sleeping
1396 32 is sleeping
1396 110 has taken a fork
1397 99 has taken a fork
1397 142 has taken a fork
1397 113 has taken a fork
1397 135 has taken a fork
1397 108 has taken a fork
1397 122 has taken a fork
1397 48 is sleeping
1398 120 has taken a fork
1398 119 has taken a fork
1399 100 has taken a fork
1399 131 has taken a fork
1399 51 is sleeping
1399 139 has taken a fork
1399 136 has taken a fork
1399 143 has taken a fork
1400 140 has taken a fork
1400 153 has taken a fork
1400 112 has taken a fork
1400 145 has taken a fork
1401 107 has taken a fork
1402 114 has taken a fork
1402 123 has taken a fork
1402 132 has taken a fork
1402 30 is sleeping
1402 104 has taken a fork
1402 105 has taken a fork
1402 150 is thinking
1403 141 is thinking
1403 148 is thinking
1403 144 has taken a fork
1403 102 has taken a fork
1403 116 has taken a fork
1404 95 is eating
1404 94 is eating
1404 152 is thinking
1404 146 is thinking
1404 137 is thinking
1404 149 is thinking
1404 133 has taken a fork
1404 134 has taken a fork
1404 151 is thinking
1404 35 is sleeping
1405 103 has taken a fork
1405 98 is eating
1406 128 has taken a fork
1406 158 is thinking
1406 117 has taken a fork
1406 111 has taken a fork
1407 121 has taken a fork
1407 41 is sleeping
1407 161 is thinking
1407 154 is thinking
1407 129 has taken a fork
1407 46 is sleeping
1407 109 has taken a fork
1407 118 has taken a fork
1408 106 has taken a fork
1410 92 is eating
1410 88 is eating
1410 130 has taken a fork
1410 147 has taken a fork
1410 138 has taken a fork
1410 115 has taken a fork
1410 126 has taken a fork
1410 127 has taken a fork
1410 125 has taken a fork
1410 124 has taken a fork
1411 96 is eating
1411 101 is eating
1411 110 has taken a fork
1412 99 is eating
1412 142 has taken a fork
1414 113 is eating
1414 135 has taken a fork
1415 108 is eating
1415 122 has taken a fork
1416 120 has taken a fork
1416 119 has taken a fork
1416 100 is eating
1416 131 has taken a fork
1416 139 has taken a fork
1416 136 has taken a fork
1416 143 has taken a fork
1417 140 has taken a fork
1417 153 has taken a fork
1417 63 is sleeping
1418 112 is eating
1418 38 is sleeping
1418 57 is sleeping
1418 145 has taken a fork
1418 61 is sleeping
1418 42 is sleeping
1419 37 is sleeping
1419 107 is eating
1420 114 is eating
1420 123 has taken a fork
1420 132 has taken a fork
1420 104 is eating
1420 39 is sleeping
1421 105 is eating
1421 150 has taken a fork
1421 141 has taken a fork
1421 148 has taken a fork
1421 144 has taken a fork
1421 102 is eating
1421 116 is eating
1422 152 has taken a fork
1423 146 has taken a fork
1423 137 has taken a fork
1424 149 has taken a fork
1424 133 has taken a fork
1424 134 has taken a fork
1424 151 has taken a fork
1426 156 is thinking
1426 52 is sleeping
1426 103 is eating
1426 128 is eating
1427 158 has taken a fork
1427 155 is thinking
1427 117 is eating
1427 111 is eating
1428 157 is thinking
1428 121 is eating
1428 159 is thinking
1428 163 is thinking
1428 161 has taken a fork
1428 167 is thinking
1428 160 is thinking
1428 154 has taken a fork
1429 129 is eating
1429 109 is eating
1429 118 is eating
1429 106 is eating
1429 165 is thinking
1429 130 has taken a fork
1429 147 has taken a fork
1429 138 has taken a fork
1429 115 is eating
1429 126 is eating
1430 59 is sleeping
1430 162 is thinking
1430 164 is thinking
1430 127 is eating
1430 125 is eating
1430 124 is eating
1430 169 is thinking
1430 170 is thinking
1431 65 is sleeping
1431 110 is eating
1431 58 is sleeping
1431 142 is eating
1432 174 is thinking
1432 135 is eating
1432 171 is thinking
1432 60 is sleeping
1433 62 is sleeping
1434 172 is thinking
1435 122 is eating
1435 120 is eating
1435 119 is eating
1435 131 is eating
1435 139 is eating
1436 136 is eating
1436 143 is eating
1436 54 is sleeping
1436 56 is sleeping
1437 64 is sleeping
1437 140 is eating
1437 153 is eating
1437 67 is sleeping
1437 145 is eating
1437 173 is thinking
1438 68 is sleeping
1438 75 is sleeping
1439 123 is eating
1439 132 is eating
1442 150 has taken a fork
1443 141 has taken a fork
1444 148 has taken a fork
1444 144 is eating
1444 69 is sleeping
1444 175 is thinking
1445 152 has taken a fork
1445 66 is sleeping
1446 73 is sleeping
1447 146 has taken a fork
1448 137 has taken a fork
1449 149 has taken a fork
1449 133 is eating
1449 134 is eating
1449 166 is thinking
1449 151 has taken a fork
1449 156 has taken a fork
1449 158 has taken a fork
1449 155 has taken a fork
1450 157 has taken a fork
1451 176 is thinking
1451 159 has taken a fork
1451 163 has taken a fork
1451 161 has taken a fork
1451 167 has taken a fork
1452 160 has taken a fork
1452 154 has taken a fork
1452 71 is sleeping
1452 165 has taken a fork
1452 130 is eating
1452 147 is eating
1453 138 is eating
1453 162 has taken a fork
1453 164 has taken a fork
1453 169 has taken a fork
1453 170 has taken a fork
1453 70 is sleeping
1453 174 has taken a fork
1453 171 has taken a fork
1453 179 is thinking
1454 177 is thinking
1455 172 has taken a fork
1458 183 is thinking
1458 184 is thinking
1458 173 has taken a fork
1458 168 is thinking
1459 181 is thinking
1459 77 is sleeping
1460 150 is eating
1460 141 is eating
1460 148 is eating
1461 175 has taken a fork
1461 152 is eating
1462 189 is thinking
1462 178 is thinking
1463 74 is sleeping
1463 187 is thinking
1463 146 is eating
1463 195 is thinking
1464 137 is eating
1465 79 is sleeping
1465 149 is eating
1465 166 has taken a fork
1466 151 is eating
1466 156 has taken a fork
1466 158 is eating
1467 155 has taken a fork
1467 190 is thinking
1467 182 is thinking
1469 157 has taken a fork
1469 176 has taken a fork
1469 193 is thinking
1470 159 has taken a fork
1470 163 has taken a fork
1470 161 is eating
1470 167 has taken a fork
1470 160 has taken a fork
1470 154 is eating
1471 165 has taken a fork
1471 72 is sleeping
1471 185 is thinking
1471 80 is sleeping
1471 162 has taken a fork
1471 164 has taken a fork
1472 169 has taken a fork
1472 170 has taken a fork
1472 174 has taken a fork
1472 171 has taken a fork
1472 179 has taken a fork
1472 177 has taken a fork
1472 78 is sleeping
1472 76 is sleeping
1472 83 is sleeping
1473 183 has taken a fork
1474 172 has taken a fork
1475 184 has taken a fork
1475 173 has taken a fork
1475 168 has taken a fork
1475 180 is thinking
1476 175 has taken a fork
1476 192 is thinking
1476 197 is thinking
1477 191 is thinking
1477 166 has taken a fork
1477 87 is sleeping
1477 89 is sleeping
1478 181 has taken a fork
1478 189 has taken a fork
1478 156 is eating
1478 85 is sleeping
1479 155 is eating
1479 178 has taken a fork
1481 84 is sleeping
1481 81 is sleeping
1482 187 has taken a fork
1482 195 has taken a fork
1482 157 is eating
1483 188 is thinking
1483 176 has taken a fork
1483 91 is sleeping
1484 190 has taken a fork
1484 159 is eating
1485 86 is sleeping
1485 163 is eating
1485 182 has taken a fork
1486 167 is eating
1486 160 is eating
1486 165 is eating
1487 162 is eating
1487 164 is eating
1487 169 is eating
1487 170 is eating
1487 174 is eating
1487 171 is eating
1488 179 has taken a fork
1488 186 is thinking
1490 196 is thinking
1492 97 is sleeping
1492 193 has taken a fork
1493 185 has taken a fork
1493 82 is sleeping
1493 93 is sleeping
1493 90 is sleeping
1493 177 has taken a fork
1493 183 has taken a fork
1495 172 is eating
1495 184 has taken a fork
1495 173 is eating
1495 168 has taken a fork
1495 180 has taken a fork
1495 175 is eating
1495 192 has taken a fork
1495 166 is eating
1495 181 has taken a fork
1495 189 has taken a fork
1495 178 has taken a fork
1495 95 is sleeping
1495 94 is sleeping
1495 191 has taken a fork
1495 98 is sleeping
1497 198 is thinking
1498 194 is thinking
1498 197 has taken a fork
1498 187 has taken a fork
1498 195 has taken a fork
1499 2 is thinking
1500 23 is thinking
1501 1 is thinking
1501 3 is thinking
1503 24 is thinking
1503 7 is thinking
1503 188 has taken a fork
1504 12 is thinking
1504 176 is eating
1505 17 is thinking
1506 190 has taken a fork
1506 13 is thinking
1506 9 is thinking
1506 5 is thinking
1506 182 has taken a fork
1506 92 is sleeping
1506 88 is sleeping
1506 4 is thinking
1506 101 is sleeping
1506 96 is sleeping
1506 179 is eating
1507 99 is sleeping
1507 186 has taken a fork
1507 8 is thinking
1507 19 is thinking
1507 27 is thinking
1507 21 is thinking
1507 22 is thinking
1508 15 is thinking
1508 16 is thinking
1508 196 has taken a fork
1508 10 is thinking
1508 113 is sleeping
1508 18 is thinking
1508 108 is sleeping
1508 20 is thinking
1508 33 is thinking
1509 26 is thinking
1509 100 is sleeping
1509 193 has taken a fork
1509 11 is thinking
1509 185 has taken a fork
1509 31 is thinking
1511 177 is eating
1512 25 is thinking
1512 40 is thinking
1513 45 is thinking
1513 47 is thinking
1513 14 is thinking
1513 29 is thinking
1513 107 is sleeping
1513 43 is thinking
1513 34 is thinking
1514 112 is sleeping
1514 6 is thinking
1514 49 is thinking
1514 50 is thinking
1514 36 is thinking
1514 53 is thinking
1514 55 is thinking
1515 28 is thinking
1515 114 is sleeping
1515 104 is sleeping
1515 183 is eating
1515 184 is eating
1515 168 is eating
1516 180 has taken a fork
1516 192 has taken a fork
1516 181 is eating
1516 189 is eating
1516 178 is eating
1516 191 has taken a fork
1516 44 is thinking
1516 105 is sleeping
1517 116 is sleeping
1517 32 is thinking
1517 102 is sleeping
1517 198 has taken a fork
1518 48 is thinking
1519 194 has taken a fork
1519 197 has taken a fork
1519 187 is eating
1519 195 is eating
1519 103 is sleeping
1520 2 has taken a fork
1520 51 is thinking
1520 128 is sleeping
1522 23 has taken a fork
1522 111 is sleeping
1522 117 is sleeping
1523 121 is sleeping
1523 1 has taken a fork
1523 129 is sleeping
1524 30 is thinking
1525 3 has taken a fork
1525 109 is sleeping
1525 24 has taken a fork
1526 7 has taken a fork
1527 188 has taken a fork
1527 118 is sleeping
1527 12 has taken a fork
1527 106 is sleeping
1527 125 is sleeping
1527 126 is sleeping
1527 115 is sleeping
1528 127 is sleeping
1528 35 is thinking
1528 17 has taken a fork
1528 190 is eating
1528 124 is sleeping
1528 13 has taken a fork
1528 9 has taken a fork
1528 5 has taken a fork
1529 182 is eating
1529 4 has taken a fork
1529 110 is sleeping
1529 46 is thinking
1529 142 is sleeping
1529 41 is thinking
1530 186 has taken a fork
1530 8 has taken a fork
1530 19 has taken a fork
1530 27 has taken a fork
1531 21 has taken a fork
1531 22 has taken a fork
1531 15 has taken a fork
1531 16 has taken a fork
1531 135 is sleeping
1532 196 has taken a fork
1532 10 has taken a fork
1532 18 has taken a fork
1532 20 has taken a fork
1532 33 has taken a fork
1533 122 is sleeping
1533 26 has taken a fork
1533 193 is eating
1533 11 has taken a fork
1533 185 is eating
1533 139 is sleeping
1533 119 is sleeping
1533 131 is sleeping
1534 120 is sleeping
1534 145 is sleeping
1534 153 is sleeping
1535 136 is sleeping
1535 143 is sleeping
1535 140 is sleeping
1535 31 has taken a fork
1535 123 is sleeping
1535 25 has taken a fork
1535 40 has taken a fork
1536 132 is sleeping
1536 45 has taken a fork
1536 47 has taken a fork
1536 14 has taken a fork
1536 29 has taken a fork
1536 43 has taken a fork
1536 34 has taken a fork
1536 6 has taken a fork
1537 49 has taken a fork
1537 50 has taken a fork
1537 36 has taken a fork
1537 53 has taken a fork
1537 55 has taken a fork
1538 180 is eating
1538 144 is sleeping
1538 28 has taken a fork
1539 192 is eating
1539 191 is eating
1539 63 is thinking
1541 198 has taken a fork
1541 61 is thinking
1541 42 is thinking
1541 38 is thinking
1541 57 is thinking
1541 134 is sleeping
1541 133 is sleeping
1542 194 has taken a fork
1542 37 is thinking
1543 44 has taken a fork
1544 32 has taken a fork
1544 197 is eating
1544 2 has taken a fork
1544 39 is thinking
1544 23 has taken a fork
1544 1 has taken a fork
1544 130 is sleeping
1544 48 has taken a fork
1544 138 is sleeping
1544 51 has taken a fork
1544 147 is sleeping
1545 30 has taken a fork
1545 3 has taken a fork
1545 24 has taken a fork
1545 52 is thinking
1545 7 has taken a fork
1545 188 is eating
1545 12 has taken a fork
1545 17 has taken a fork
1546 13 has taken a fork
1546 9 has taken a fork
1546 5 has taken a fork
1546 4 has taken a fork
1546 186 is eating
1546 59 is thinking
1547 8 has taken a fork
1547 19 has taken a fork
1547 27 has taken a fork
1547 150 is sleeping
1547 58 is thinking
1547 21 has taken a fork
1548 65 is thinking
1548 22 has taken a fork
1548 15 has taken a fork
1548 16 has taken a fork
1548 35 has taken a fork
1548 148 is sleeping
1548 141 is sleeping
1549 41 has taken a fork
1549 46 has taken a fork
1550 196 is eating
1550 60 is thinking
1550 10 has taken a fork
1550 18 has taken a fork
1550 20 has taken a fork
1550 33 has taken a fork
1550 26 has taken a fork
1550 62 is thinking
1550 152 is sleeping
1550 11 has taken a fork
1550 146 is sleeping
1550 137 is sleeping
1550 151 is sleeping
1551 149 is sleeping
1551 25 has taken a fork
1551 40 has taken a fork
1551 54 is thinking
1551 56 is thinking
1551 45 has taken a fork
1551 47 has taken a fork
1551 158 is sleeping
1552 14 has taken a fork
1553 29 has taken a fork
1553 43 has taken a fork
1553 34 has taken a fork
1553 31 has taken a fork
1553 6 has taken a fork
1553 49 has taken a fork
1553 50 has taken a fork
1553 64 is thinking
1554 36 has taken a fork
1554 53 has taken a fork
1555 55 has taken a fork
1556 67 is thinking
1556 28 has taken a fork
1556 154 is sleeping
1557 161 is sleeping
1557 75 is thinking
1557 68 is thinking
1557 63 has taken a fork
1557 198 is eating
1557 61 has taken a fork
1557 42 has taken a fork
1558 38 has taken a fork
1558 57 has taken a fork
1558 194 is eating
1558 37 has taken a fork
1558 44 has taken a fork
1558 32 has taken a fork
1558 2 is eating
1558 39 has taken a fork
1559 23 is eating
1559 1 is eating
1559 48 has taken a fork
1560 69 is thinking
1561 51 has taken a fork
1561 66 is thinking
1561 30 has taken a fork
1561 3 is eating
1561 24 is eating
1561 52 has taken a fork
1561 7 is eating
1562 12 is eating
1562 17 is eating
1562 13 is eating
1562 9 is eating
1562 5 is eating
1562 4 is eating
1562 8 is eating
1563 73 is thinking
1564 19 is eating
1564 27 is eating
1565 21 is eating
1565 22 is eating
1565 15 is eating
1565 16 is eating
1565 35 has taken a fork
1565 41 has taken a fork
1565 46 has taken a fork
1566 10 is eating
1566 18 is eating
1566 20 is eating
1566 33 is eating
1566 26 is eating
1566 11 is eating
1566 25 is eating
1566 40 is eating
1566 45 is eating
1567 47 is eating
1567 71 is thinking
1567 156 is sleeping
1568 14 is eating
1568 59 has taken a fork
1568 29 is eating
1568 43 is eating
1569 34 is eating
1569 31 is eating
1569 155 is sleeping
1569 70 is thinking
1569 6 is eating
1570 58 has taken a fork
1570 49 is eating
1570 50 is eating
1570 36 is eating
1570 53 is eating
1571 157 is sleeping
1571 55 is eating
1571 65 has taken a fork
1571 159 is sleeping
1571 28 is eating
1571 167 is sleeping
1572 62 has taken a fork
1572 163 is sleeping
1572 63 has taken a fork
1572 54 has taken a fork
1572 160 is sleeping
1573 60 has taken a fork
1573 56 has taken a fork
1573 61 has taken a fork
1573 42 has taken a fork
1573 165 is sleeping
1574 64 has taken a fork
1574 38 has taken a fork
1574 57 has taken a fork
1574 37 has taken a fork
1574 44 is eating
1574 32 is eating
1574 39 has taken a fork
1575 164 is sleeping
1575 169 is sleeping
1575 162 is sleeping
1575 68 has taken a fork
1575 170 is sleeping
1575 77 is thinking
1575 75 has taken a fork
1575 174 is sleeping
1576 67 has taken a fork
1578 171 is sleeping
1579 48 is eating
1581 69 has taken a fork
1584 51 is eating
1584 66 has taken a fork
1584 30 is eating
1585 52 has taken a fork
1585 74 is thinking
1589 172 is sleeping
1590 73 has taken a fork
1590 35 is eating
1590 41 is eating
1590 46 is eating
1590 173 is sleeping
1590 79 is thinking
1590 71 has taken a fork
1590 59 has taken a fork
1590 70 has taken a fork
1590 175 is sleeping
1590 58 has taken a fork
1590 72 is thinking
1592 80 is thinking
1595 65 has taken a fork
1599 166 is sleeping
1600 83 is thinking
1603 78 is thinking
1604 62 has taken a fork
1604 63 is eating
1604 54 has taken a fork
1605 76 is thinking
1606 60 has taken a fork
1607 56 has taken a fork
1607 61 is eating
1608 42 is eating
1608 64 has taken a fork
1608 38 is eating
1609 57 is eating
1609 37 is eating
1609 39 is eating
1609 68 has taken a fork
1610 77 has taken a fork
1611 75 has taken a fork
1611 89 is thinking
1611 87 is thinking
1611 176 is sleeping
1611 67 has taken a fork
1612 85 is thinking
1612 84 is thinking
1612 81 is thinking
1612 179 is sleeping
1613 177 is sleeping
1613 69 has taken a fork
1613 66 has taken a fork
1613 91 is thinking
1613 86 is thinking
1613 52 is eating
1613 184 is sleeping
1613 168 is sleeping
1614 183 is sleeping
1614 74 has taken a fork
1615 73 has taken a fork
1615 79 has taken a fork
1615 71 has taken a fork
1615 59 is eating
1615 70 has taken a fork
1615 58 is eating
1615 181 is sleeping
1615 189 is sleeping
1615 97 is thinking
1616 178 is sleeping
1616 72 has taken a fork
1617 93 is thinking
1617 82 is thinking
1617 90 is thinking
1618 187 is sleeping
1618 195 is sleeping
1618 80 has taken a fork
1619 95 is thinking
1619 98 is thinking
1621 94 is thinking
1621 190 is sleeping
1621 65 is eating
1621 182 is sleeping
1621 193 is sleeping
1621 185 is sleeping
1621 83 has taken a fork
1621 78 has taken a fork
1621 62 is eating
1622 54 is eating
1623 76 has taken a fork
1623 101 is thinking
1624 92 is thinking
1626 88 is thinking
1628 60 is eating
1628 180 is sleeping
1628 96 is thinking
1628 99 is thinking
1629 56 is eating
1629 113 is thinking
1630 192 is sleeping
1630 64 is eating
1630 100 is thinking
1630 68 is eating
1631 108 is thinking
1631 191 is sleeping
1632 77 has taken a fork
1632 75 is eating
1633 89 has taken a fork
1633 87 has taken a fork
1633 67 is eating
1633 85 has taken a fork
1634 84 has taken a fork
1634 81 has taken a fork
1634 197 is sleeping
1634 69 is eating
1634 66 is eating
1635 91 has taken a fork
1636 107 is thinking
1636 86 has taken a fork
1636 188 is sleeping
1636 74 has taken a fork
1636 112 is thinking
1636 114 is thinking
1636 73 is eating
1637 79 has taken a fork
1637 71 is eating
1637 104 is thinking
1638 70 is eating
1638 97 has taken a fork
1638 105 is thinking
1639 72 has taken a fork
1640 186 is sleeping
1640 93 has taken a fork
1640 116 is thinking
1640 82 has taken a fork
1640 102 is thinking
1640 90 has taken a fork
1640 80 has taken a fork
1641 103 is thinking
1641 95 has taken a fork
1641 98 has taken a fork
1641 128 is thinking
1641 196 is sleeping
1642 94 has taken a fork
1642 83 has taken a fork
1642 78 has taken a fork
1642 117 is thinking
1642 111 is thinking
1642 121 is thinking
1642 129 is thinking
1642 101 has taken a fork
1642 76 has taken a fork
1642 92 has taken a fork
1642 109 is thinking
1643 125 is thinking
1643 115 is thinking
1643 118 is thinking
1643 126 is thinking
1643 106 is thinking
1644 198 is sleeping
1644 127 is thinking
1644 124 is thinking
1644 194 is sleeping
1644 88 has taken a fork
1644 96 has taken a fork
1644 2 is sleeping
1644 110 is thinking
1644 142 is thinking
1644 99 has taken a fork
1645 23 is sleeping
1645 1 is sleeping
1645 100 has taken a fork
1645 113 has taken a fork
1645 135 is thinking
1645 24 is sleeping
1645 3 is sleeping
1645 108 has taken a fork
1645 77 is eating
1645 12 is sleeping
1646 139 is thinking
1646 131 is thinking
1646 89 has taken a fork
1647 122 is thinking
1647 7 is sleeping
1647 87 has taken a fork
1647 119 is thinking
1647 145 is thinking
1647 9 is sleeping
1647 84 has taken a fork
1647 4 is sleeping
1648 120 is thinking
1648 153 is thinking
1648 17 is sleeping
1648 13 is sleeping
1649 85 has taken a fork
1649 5 is sleeping
1649 81 has taken a fork
1649 123 is thinking
1649 143 is thinking
1649 8 is sleeping
1649 136 is thinking
1649 140 is thinking
1649 91 has taken a fork
1650 27 is sleeping
1651 19 is sleeping
1651 21 is sleeping
1651 132 is thinking
1651 22 is sleeping
1651 107 has taken a fork
1654 86 has taken a fork
1654 74 is eating
1654 112 has taken a fork
1656 114 has taken a fork
1656 79 is eating
1656 18 is sleeping
1657 10 is sleeping
1657 20 is sleeping
1658 15 is sleeping
1658 16 is sleeping
1658 104 has taken a fork
1658 11 is sleeping
1658 26 is sleeping
1659 33 is sleeping
1662 144 is thinking
1662 97 has taken a fork
1662 105 has taken a fork
1662 40 is sleeping
1662 25 is sleeping
1662 72 is eating
1662 31 is sleeping
1663 45 is sleeping
1664 47 is sleeping
1664 93 has taken a fork
1664 116 has taken a fork
1664 82 has taken a fork
1664 102 has taken a fork
1665 90 has taken a fork
1665 80 is eating
1665 103 has taken a fork
1665 29 is sleeping
1666 14 is sleeping
1666 134 is thinking
1666 43 is sleeping
1666 133 is thinking
1666 34 is sleeping
1666 95 has taken a fork
1666 128 has taken a fork
1666 98 has taken a fork
1666 53 is sleeping
1666 49 is sleeping
1666 50 is sleeping
1666 36 is sleeping
1667 6 is sleeping
1667 94 has taken a fork
1667 83 is eating
1668 78 is eating
1668 117 has taken a fork
1668 111 has taken a fork
1668 121 has taken a fork
1668 129 has taken a fork
1668 101 has taken a fork
1669 76 is eating
1669 92 has taken a fork
1669 109 has taken a fork
1669 125 has taken a fork
1669 55 is sleeping
1669 115 has taken a fork
1669 118 has taken a fork
1669 126 has taken a fork
1669 106 has taken a fork
1670 130 is thinking
1670 28 is sleeping
1670 138 is thinking
1670 127 has taken a fork
1670 147 is thinking
1670 124 has taken a fork
1670 88 has taken a fork
1671 96 has taken a fork
1671 110 has taken a fork
1671 142 has taken a fork
1671 99 has taken a fork
1671 100 has taken a fork
1671 113 has taken a fork
1671 135 has taken a fork
1671 108 has taken a fork
1672 139 has taken a fork
1672 131 has taken a fork
1672 89 is eating
1672 122 has taken a fork
1672 150 is thinking
1672 44 is sleeping
1672 87 is eating
1672 32 is sleeping
1672 119 has taken a fork
1672 145 has taken a fork
1673 84 is eating
1673 120 has taken a fork
1673 148 is thinking
1674 141 is thinking
1674 153 has taken a fork
1674 85 is eating
1674 81 is eating
1674 123 has taken a fork
1674 143 has taken a fork
1674 136 has taken a fork
1675 140 has taken a fork
1675 91 is eating
1675 151 is thinking
1675 146 is thinking
1675 137 is thinking
1675 152 is thinking
1675 149 is thinking
1675 132 has taken a fork
1675 107 has taken a fork
1676 158 is thinking
1676 48 is sleeping
1676 30 is sleeping
1676 86 is eating
1676 51 is sleeping
1676 112 has taken a fork
1676 154 is thinking
1676 114 has taken a fork
1677 161 is thinking
1677 104 has taken a fork
1677 46 is sleeping
1677 41 is sleeping
1677 35 is sleeping
1677 144 has taken a fork
1677 97 is eating
1677 105 has taken a fork
1677 93 is eating
1678 116 has taken a fork
1678 82 is eating
1678 102 has taken a fork
1678 90 is eating
1678 103 has taken a fork
1678 134 has taken a fork
1678 133 has taken a fork
1678 95 is eating
1678 128 has taken a fork
1678 98 is eating
1679 94 is eating
1679 156 is thinking
1679 117 has taken a fork
1679 111 has taken a fork
1679 121 has taken a fork
1679 129 has taken a fork
1679 101 is eating
1679 92 is eating
1680 109 has taken a fork
1680 125 has taken a fork
1680 115 has taken a fork
1680 118 has taken a fork
1680 126 has taken a fork
1680 155 is thinking
1680 106 has taken a fork
1680 130 has taken a fork
1680 138 has taken a fork
1680 127 has taken a fork
1680 147 has taken a fork
1681 124 has taken a fork
1681 88 is eating
1681 96 is eating
1681 110 has taken a fork
1681 159 is thinking
1682 167 is thinking
1682 157 is thinking
1682 142 has taken a fork
1682 99 is eating
1682 100 is eating
1683 113 is eating
1683 135 has taken a fork
1683 108 is eating
1683 139 has taken a fork
1684 163 is thinking
1684 131 has taken a fork
1685 122 has taken a fork
1685 63 is sleeping
1686 160 is thinking
1686 150 has taken a fork
1686 119 has taken a fork
1686 145 has taken a fork
1686 165 is thinking
1687 120 has taken a fork
1688 148 has taken a fork
1688 61 is sleeping
1688 141 has taken a fork
1688 153 has taken a fork
1688 123 has taken a fork
1689 143 has taken a fork
1689 136 has taken a fork
1689 38 is sleeping
1689 140 has taken a fork
1689 174 is thinking
1691 170 is thinking
1691 162 is thinking
1691 57 is sleeping
1692 151 has taken a fork
1692 169 is thinking
1693 42 is sleeping
1693 146 has taken a fork
1693 137 has taken a fork
1693 152 has taken a fork
1695 164 is thinking
1697 149 has taken a fork
1698 132 has taken a fork
1698 107 is eating
1698 37 is sleeping
1698 158 has taken a fork
1698 112 is eating
1699 114 is eating
1699 39 is sleeping
1699 154 has taken a fork
1699 104 is eating
1700 144 has taken a fork
1700 105 is eating
1700 171 is thinking
1700 116 is eating
1700 102 is eating
1700 103 is eating
1700 134 has taken a fork
1700 133 has taken a fork
1701 128 is eating
1701 52 is sleeping
1701 161 has taken a fork
1702 117 is eating
1702 111 is eating
1702 121 is eating
1702 129 is eating
1703 109 is eating
1703 125 is eating
1703 115 is eating
1703 118 is eating
1703 126 is eating
1703 106 is eating
1703 130 has taken a fork
1704 138 has taken a fork
1705 127 is eating
1706 147 has taken a fork
1706 124 is eating
1706 110 is eating
1706 142 is eating
1706 135 is eating
1706 139 is eating
1706 59 is sleeping
1706 58 is sleeping
1706 156 has taken a fork
1706 155 has taken a fork
1706 131 is eating
1706 122 is eating
1706 150 has taken a fork
1706 119 is eating
1706 145 is eating
1707 120 is eating
1707 148 has taken a fork
1708 65 is sleeping
1709 159 has taken a fork
1709 141 has taken a fork
1709 153 is eating
1710 62 is sleeping
1710 143 is eating
1710 136 is eating
1711 140 is eating
1711 167 has taken a fork
1713 123 is eating
1717 172 is thinking
1717 173 is thinking
1717 54 is sleeping
1719 175 is thinking
1720 157 has taken a fork
1722 151 has taken a fork
1722 56 is sleeping
1722 60 is sleeping
1723 163 has taken a fork
1723 146 has taken a fork
1723 160 has taken a fork
1724 137 has taken a fork
1724 152 has taken a fork
1724 64 is sleeping
1725 165 has taken a fork
1725 68 is sleeping
1726 174 has taken a fork
1726 75 is sleeping
1727 170 has taken a fork
1727 149 has taken a fork
1727 66 is sleeping
1728 67 is sleeping
1728 132 is eating
1729 162 has taken a fork
1730 169 has taken a fork
1731 158 has taken a fork
1733 69 is sleeping
1733 164 has taken a fork
1735 166 is thinking
1735 154 has taken a fork
1736 144 is eating
1736 134 is eating
1737 133 is eating
1737 73 is sleeping
1738 171 has taken a fork
1739 161 has taken a fork
1739 71 is sleeping
1741 130 is eating
1742 70 is sleeping
1742 138 is eating
1742 147 is eating
1742 156 has taken a fork
1742 155 has taken a fork
1742 150 is eating
1742 148 is eating
1742 159 has taken a fork
1742 141 is eating
1742 77 is sleeping
1742 167 has taken a fork
1742 176 is thinking
1742 179 is thinking
1742 168 is thinking
1742 184 is thinking
1743 177 is thinking
1745 172 has taken a fork
1746 183 is thinking
1747 189 is thinking
1747 181 is thinking
1747 178 is thinking
1748 173 has taken a fork
1748 187 is thinking
1748 175 has taken a fork
1748 195 is thinking
1748 74 is sleeping
1749 157 has taken a fork
1749 151 is eating
1750 163 has taken a fork
1750 182 is thinking
1756 193 is thinking
1757 185 is thinking
1758 190 is thinking
1758 79 is sleeping
1759 146 is eating
1759 160 has taken a fork
1760 137 is eating
1760 152 is eating
1761 165 has taken a fork
1761 174 has taken a fork
1761 72 is sleeping
1762 170 has taken a fork
1762 149 is eating
1763 180 is thinking
1763 162 has taken a fork
1764 80 is sleeping
1764 169 has taken a fork
1765 192 is thinking
1765 158 is eating
1765 191 is thinking
1765 164 has taken a fork
1765 83 is sleeping
1765 166 has taken a fork
1765 197 is thinking
1765 154 is eating
1765 188 is thinking
1765 78 is sleeping
1765 76 is sleeping
1765 171 has taken a fork
1765 161 is eating
1765 186 is thinking
1766 156 is eating
1766 155 is eating
1767 159 is eating
1768 167 is eating
1768 176 has taken a fork
1768 179 has taken a fork
1768 196 is thinking
1769 168 has taken a fork
1769 184 has taken a fork
1769 89 is sleeping
1771 87 is sleeping
1771 84 is sleeping
1771 85 is sleeping
1771 81 is sleeping
1771 177 has taken a fork
1771 194 is thinking
1772 91 is sleeping
1772 2 is thinking
1772 198 is thinking
1772 86 is sleeping
1772 3 is thinking
1772 1 is thinking
1772 24 is thinking
1772 23 is thinking
1773 12 is thinking
1774 172 has taken a fork
1774 97 is sleeping
1774 183 has taken a fork
1774 93 is sleeping
1774 7 is thinking
1774 189 has taken a fork
1775 4 is thinking
1775 9 is thinking
1775 181 has taken a fork
1775 178 has taken a fork
1775 17 is thinking
1775 82 is sleeping
1776 13 is thinking
1776 90 is sleeping
1776 173 has taken a fork
1776 175 has taken a fork
1776 187 has taken a fork
1776 195 has taken a fork
1776 98 is sleeping
1776 157 is eating
1776 8 is thinking
1776 95 is sleeping
1776 163 is eating
1776 182 has taken a fork
1777 5 is thinking
1778 27 is thinking
1778 21 is thinking
1778 101 is sleeping
1778 19 is thinking
1778 92 is sleeping
1778 22 is thinking
1778 94 is sleeping
1778 100 is sleeping
1778 99 is sleeping
1778 18 is thinking
1778 193 has taken a fork
1778 20 is thinking
1778 10 is thinking
1778 113 is sleeping
1778 88 is sleeping
1779 96 is sleeping
1779 185 has taken a fork
1779 16 is thinking
1779 26 is thinking
1779 108 is sleeping
1779 15 is thinking
1780 11 is thinking
1780 190 has taken a fork
1780 33 is thinking
1780 160 is eating
1780 165 is eating
1780 174 is eating
1780 40 is thinking
1780 25 is thinking
1780 170 is eating
1780 31 is thinking
1780 45 is thinking
1781 162 is eating
1781 47 is thinking
1781 169 is eating
1781 29 is thinking
1781 192 has taken a fork
1781 191 has taken a fork
1781 180 has taken a fork
1781 164 is eating
1781 166 has taken a fork
1781 197 has taken a fork
1781 188 has taken a fork
1781 171 is eating
1781 186 has taken a fork
1781 53 is thinking
1782 34 is thinking
1782 49 is thinking
1782 14 is thinking
1782 43 is thinking
1782 50 is thinking
1782 36 is thinking
1782 107 is sleeping
1782 6 is thinking
1783 112 is sleeping
1783 114 is sleeping
1784 176 has taken a fork
1784 179 has taken a fork
1784 196 has taken a fork
1784 104 is sleeping
1785 55 is thinking
1785 105 is sleeping
1785 168 has taken a fork
1785 184 has taken a fork
1786 102 is sleeping
1786 116 is sleeping
1786 28 is thinking
1787 128 is sleeping
1787 177 has taken a fork
1787 194 has taken a fork
1787 32 is thinking
1787 111 is sleeping
1787 117 is sleeping
1787 44 is thinking
1788 121 is sleeping
1788 2 has taken a fork
1788 103 is sleeping
1788 198 has taken a fork
1788 3 has taken a fork
1788 1 has taken a fork
1789 24 has taken a fork
1789 23 has taken a fork
1789 109 is sleeping
1789 106 is sleeping
1789 115 is sleeping
1789 129 is sleeping
1789 118 is sleeping
1789 126 is sleeping
1790 12 has taken a fork
1790 125 is sleeping
1790 172 is eating
1790 183 has taken a fork
1790 7 has taken a fork
1790 189 has taken a fork
1790 110 is sleeping
1790 127 is sleeping
1791 142 is sleeping
1791 124 is sleeping
1791 4 has taken a fork
1791 9 has taken a fork
1791 181 has taken a fork
1791 178 has taken a fork
1792 17 has taken a fork
1792 48 is thinking
1792 13 has taken a fork
1792 51 is thinking
1792 30 is thinking
1794 135 is sleeping
1794 131 is sleeping
1795 139 is sleeping
1795 173 is eating
1795 175 is eating
1795 187 has taken a fork
1795 195 has taken a fork
1795 8 has taken a fork
1795 41 is thinking
1795 119 is sleeping
1795 182 has taken a fork
1796 46 is thinking
1797 122 is sleeping
1797 35 is thinking
1797 5 has taken a fork
1797 120 is sleeping
1799 27 has taken a fork
1799 145 is sleeping
1799 21 has taken a fork
1799 19 has taken a fork
1799 22 has taken a fork
1799 18 has taken a fork
1799 193 has taken a fork
1800 20 has taken a fork
1800 10 has taken a fork
1800 153 is sleeping
1800 185 has taken a fork
1801 16 has taken a fork
1802 26 has taken a fork
1802 15 has taken a fork
1802 11 has taken a fork
1803 190 has taken a fork
1803 143 is sleeping
1805 33 has taken a fork
1805 140 is sleeping
1805 136 is sleeping
1805 25 has taken a fork
1805 40 has taken a fork
1806 31 has taken a fork
1806 45 has taken a fork
1806 47 has taken a fork
1806 29 has taken a fork
1806 192 has taken a fork
1806 123 is sleeping
1806 191 has taken a fork
1806 180 has taken a fork
1806 166 is eating
1806 197 has taken a fork
1806 188 has taken a fork
1806 186 has taken a fork
1807 53 has taken a fork
1807 34 has taken a fork
1807 49 has taken a fork
1807 14 has taken a fork
1808 43 has taken a fork
1809 50 has taken a fork
1809 36 has taken a fork
1809 6 has taken a fork
1809 176 is eating
1809 179 is eating
1810 196 has taken a fork
1810 63 is thinking
1810 168 is eating
1810 184 is eating
1810 177 is eating
1810 194 has taken a fork
1810 2 has taken a fork
1810 61 is thinking
1810 198 has taken a fork
1810 3 has taken a fork
1811 1 has taken a fork
1811 38 is thinking
1811 24 has taken a fork
1811 23 has taken a fork
1811 12 has taken a fork
1811 132 is sleeping
1811 55 has taken a fork
1811 183 is eating
1811 7 has taken a fork
1812 189 is eating
1812 4 has taken a fork
1812 9 has taken a fork
1812 181 is eating
1813 178 is eating
1813 17 has taken a fork
1813 57 is thinking
1813 13 has taken a fork
1813 42 is thinking
1813 187 is eating
1813 195 is eating
1813 8 has taken a fork
1813 182 is eating
1814 5 has taken a fork
1814 39 is thinking
1814 144 is sleeping
1814 28 has taken a fork
1814 27 has taken a fork
1814 21 has taken a fork
1814 19 has taken a fork
1814 37 is thinking
1814 22 has taken a fork
1815 18 has taken a fork
1815 193 is eating
1817 20 has taken a fork
1819 10 has taken a fork
1819 185 is eating
1819 16 has taken a fork
1821 52 is thinking
1821 134 is sleeping
1821 26 has taken a fork
1821 133 is sleeping
1822 15 has taken a fork
1822 11 has taken a fork
1823 32 has taken a fork
1824 44 has taken a fork
1824 190 is eating
1824 33 has taken a fork
1824 25 has taken a fork
1824 40 has taken a fork
1824 147 is sleeping
1824 138 is sleeping
1824 51 has taken a fork
1824 48 has taken a fork
1824 31 has taken a fork
1824 45 has taken a fork
1824 130 is sleeping
1825 30 has taken a fork
1825 47 has taken a fork
1826 29 has taken a fork
1826 192 is eating
1827 59 is thinking
1827 191 is eating
1827 180 is eating
1828 58 is thinking
1828 197 is eating
1828 188 is eating
1828 186 is eating
1829 150 is sleeping
1829 53 has taken a fork
1829 41 has taken a fork
1829 34 has taken a fork
1830 49 has taken a fork
1830 14 has taken a fork
1830 141 is sleeping
1831 148 is sleeping
1831 35 has taken a fork
1831 65 is thinking
1831 43 has taken a fork
1831 46 has taken a fork
1832 50 has taken a fork
1832 36 has taken a fork
1833 6 has taken a fork
1833 196 is eating
1833 194 is eating
1834 2 is eating
1834 198 is eating
1834 62 is thinking
1835 3 is eating
1836 1 is eating
1836 24 is eating
1836 23 is eating
1836 12 is eating
1836 55 has taken a fork
1836 7 is eating
1837 151 is sleeping
1837 63 has taken a fork
1837 4 is eating
1838 9 is eating
1838 17 is eating
1838 13 is eating
1838 8 is eating
1839 5 is eating
1839 28 has taken a fork
1839 27 is eating
1839 21 is eating
1839 19 is eating
1839 22 is eating
1839 18 is eating
1839 146 is sleeping
1839 54 is thinking
1839 61 has taken a fork
1839 137 is sleeping
1839 152 is sleeping
1839 57 has taken a fork
1839 20 is eating
1839 38 has taken a fork
1839 149 is sleeping
1839 42 has taken a fork
1839 10 is eating
1839 16 is eating
1839 154 is sleeping
1839 39 has taken a fork
1839 158 is sleeping
1841 37 has taken a fork
1841 26 is eating
1841 161 is sleeping
1842 52 has taken a fork
1842 15 is eating
1842 11 is eating
1842 60 is thinking
1843 56 is thinking
1844 32 has taken a fork
1844 64 is thinking
1845 44 has taken a fork
1845 33 is eating
1845 25 is eating
1846 40 is eating
1846 51 has taken a fork
1846 48 has taken a fork
1846 31 is eating
1847 45 is eating
1847 156 is sleeping
1847 68 is thinking
1848 30 has taken a fork
1848 47 is eating
1848 75 is thinking
1849 155 is sleeping
1849 29 is eating
1849 66 is thinking
1849 59 has taken a fork
1849 159 is sleeping
1849 67 is thinking
1849 58 has taken a fork
1849 167 is sleeping
1849 53 is eating
1849 41 has taken a fork
1849 34 is eating
1851 49 is eating
1852 14 is eating
1852 35 has taken a fork
1852 65 has taken a fork
1853 43 is eating
1854 46 has taken a fork
1855 50 is eating
1856 36 is eating
1857 6 is eating
1857 69 is thinking
1857 157 is sleeping
1859 62 has taken a fork
1860 163 is sleeping
1861 55 is eating
1862 160 is sleeping
1862 165 is sleeping
1862 73 is thinking
1863 63 has taken a fork
1863 174 is sleeping
1863 28 is eating
1863 54 has taken a fork
1864 61 has taken a fork
1864 57 has taken a fork
1865 38 has taken a fork
1865 42 has taken a fork
1865 170 is sleeping
1868 71 is thinking
1869 39 has taken a fork
1869 162 is sleeping
1869 169 is sleeping
1870 171 is sleeping
1870 164 is sleeping
1870 37 has taken a fork
1870 70 is thinking
1870 52 has taken a fork
1870 77 is thinking
1870 60 has taken a fork
1871 56 has taken a fork
1871 32 is eating
1871 64 has taken a fork
1871 44 is eating
1871 51 is eating
1871 48 is eating
1871 68 has taken a fork
1871 74 is thinking
1871 30 is eating
1871 75 has taken a fork
1871 66 has taken a fork
1871 59 has taken a fork
1871 67 has taken a fork
1872 58 has taken a fork
1872 41 is eating
1872 35 is eating
1873 65 has taken a fork
1876 46 is eating
1878 172 is sleeping
1878 173 is sleeping
1878 175 is sleeping
1878 69 has taken a fork
1879 79 is thinking
1879 72 is thinking
1879 62 has taken a fork
1879 73 has taken a fork
1879 63 is eating
1879 54 has taken a fork
1879 80 is thinking
1880 61 is eating
1880 57 is eating
1880 76 is thinking
1881 78 is thinking
1881 83 is thinking
1883 38 is eating
1883 42 is eating
1884 71 has taken a fork
1884 89 is thinking
1884 39 is eating
1884 37 is eating
1885 70 has taken a fork
1885 52 is eating
1885 77 has taken a fork
1885 60 has taken a fork
1885 166 is sleeping
1885 84 is thinking
1887 56 has taken a fork
1888 81 is thinking
1889 85 is thinking
1890 64 has taken a fork
1890 68 has taken a fork
1890 74 has taken a fork
1893 75 has taken a fork
1895 66 has taken a fork
1895 59 is eating
1895 67 has taken a fork
1895 91 is thinking
1896 87 is thinking
1896 58 is eating
1896 86 is thinking
1897 65 is eating
1897 97 is thinking
1897 93 is thinking
1897 82 is thinking
1897 168 is sleeping
1897 90 is thinking
1897 184 is sleeping
1897 179 is sleeping
1897 95 is thinking
1898 98 is thinking
1898 176 is sleeping
1898 177 is sleeping
1898 92 is thinking
1899 100 is thinking
1899 101 is thinking
1899 94 is thinking
1899 99 is thinking
1899 88 is thinking
1900 69 has taken a fork
1901 113 is thinking
1902 183 is sleeping
1902 96 is thinking
1903 108 is thinking
1903 79 has taken a fork
1903 72 has taken a fork
1903 62 is eating
1903 73 has taken a fork
1903 80 has taken a fork
1903 178 is sleeping
1903 189 is sleeping
1903 181 is sleeping
1903 54 is eating
1903 76 has taken a fork
1903 195 is sleeping
1903 187 is sleeping
1903 78 has taken a fork
1904 83 has taken a fork
1904 182 is sleeping
1905 107 is thinking
1906 114 is thinking
1906 112 is thinking
1906 71 has taken a fork
1906 89 has taken a fork
1907 104 is thinking
1907 70 has taken a fork
1907 77 has taken a fork
1907 60 is eating
1907 105 is thinking
1907 84 has taken a fork
1907 102 is thinking
1907 116 is thinking
1907 193 is sleeping
1907 117 is thinking
1907 111 is thinking
1907 128 is thinking
1907 56 is eating
1908 185 is sleeping
1908 103 is thinking
1908 121 is thinking
1908 81 has taken a fork
1908 109 is thinking
1908 106 is thinking
1908 115 is thinking
1909 126 is thinking
1909 118 is thinking
1909 85 has taken a fork
1909 129 is thinking
1909 127 is thinking
1909 64 is eating
1909 110 is thinking
1910 125 is thinking
1910 68 is eating
1910 124 is thinking
1910 142 is thinking
1911 74 has taken a fork
1911 190 is sleeping
1911 75 is eating
1911 131 is thinking
1912 139 is thinking
1912 119 is thinking
1912 66 is eating
1913 135 is thinking
1913 67 is eating
1913 91 has taken a fork
1913 192 is sleeping
1913 191 is sleeping
1913 180 is sleeping
1913 87 has taken a fork
1914 86 has taken a fork
1914 122 is thinking
1914 120 is thinking
1914 186 is sleeping
1915 188 is sleeping
1915 197 is sleeping
1915 97 has taken a fork
1915 93 has taken a fork
1915 82 has taken a fork
1915 90 has taken a fork
1915 95 has taken a fork
1915 98 has taken a fork
1915 92 has taken a fork
1915 100 has taken a fork
1915 145 is thinking
1916 153 is thinking
1916 69 is eating
1916 196 is sleeping
1916 101 has taken a fork
1916 94 has taken a fork
1916 194 is sleeping
1916 79 has taken a fork
1916 72 has taken a fork
1916 73 is eating
1916 80 has taken a fork
1916 2 is sleeping
1916 143 is thinking
1916 99 has taken a fork
1916 198 is sleeping
1916 88 has taken a fork
1916 76 has taken a fork
1916 78 has taken a fork
1916 24 is sleeping
1916 3 is sleeping
1917 113 has taken a fork
1917 1 is sleeping
1917 96 has taken a fork
1917 108 has taken a fork
1917 83 has taken a fork
1917 12 is sleeping
1918 7 is sleeping
1918 140 is thinking
1918 23 is sleeping
1918 107 has taken a fork
1918 114 has taken a fork
1918 123 is thinking
1918 136 is thinking
1918 112 has taken a fork
1918 4 is sleeping
1918 71 is eating
1918 89 has taken a fork
1918 8 is sleeping
1918 17 is sleeping
1918 13 is sleeping
1919 104 has taken a fork
1919 9 is sleeping
1919 70 is eating
1919 77 is eating
1919 105 has taken a fork
1919 84 has taken a fork
1920 102 has taken a fork
1921 116 has taken a fork
1921 117 has taken a fork
1921 5 is sleeping
1921 111 has taken a fork
1921 81 has taken a fork
1922 18 is sleeping
1922 21 is sleeping
1922 128 has taken a fork
1922 22 is sleeping
1922 121 has taken a fork
1922 19 is sleeping
1923 16 is sleeping
1923 27 is sleeping
1923 103 has taken a fork
1923 109 has taken a fork
1923 106 has taken a fork
1923 115 has taken a fork
1923 10 is sleeping
1923 126 has taken a fork
1923 20 is sleeping
1923 118 has taken a fork
1923 85 has taken a fork
1923 26 is sleeping
1924 129 has taken a fork
1924 132 is thinking
1924 11 is sleeping
1924 127 has taken a fork
1924 15 is sleeping
1924 110 has taken a fork
1925 74 is eating
1926 40 is sleeping
1926 125 has taken a fork
1926 31 is sleeping
1926 124 has taken a fork
1926 25 is sleeping
1927 142 has taken a fork
1927 33 is sleeping
1929 131 has taken a fork
1929 91 has taken a fork
1929 87 has taken a fork
1929 144 is thinking
1929 45 is sleeping
1929 139 has taken a fork
1929 86 has taken a fork
1929 29 is sleeping
1929 53 is sleeping
1929 119 has taken a fork
1929 97 has taken a fork
1930 93 has taken a fork
1930 82 has taken a fork
1930 47 is sleeping
1930 122 has taken a fork
1930 90 has taken a fork
1930 95 has taken a fork
1930 98 has taken a fork
1930 92 has taken a fork
1930 100 has taken a fork
1931 34 is sleeping
1931 135 has taken a fork
1931 120 has taken a fork
1931 101 has taken a fork
1931 94 has taken a fork
1931 79 is eating
1931 72 is eating
1932 80 is eating
1932 99 has taken a fork
1932 88 has taken a fork
1932 76 is eating
1932 78 is eating
1932 14 is sleeping
1932 49 is sleeping
1932 145 has taken a fork
1933 113 has taken a fork
1934 153 has taken a fork
1934 96 has taken a fork
1934 108 has taken a fork
1935 83 is eating
1935 43 is sleeping
1935 143 has taken a fork
1935 107 has taken a fork
1935 114 has taken a fork
1935 112 has taken a fork
1936 89 is eating
1936 50 is sleeping
1936 104 has taken a fork
1936 140 has taken a fork
1936 105 has taken a fork
1936 84 is eating
1936 6 is sleeping
1936 36 is sleeping
1936 123 has taken a fork
1937 136 has taken a fork
1937 133 is thinking
1938 134 is thinking
1939 102 has taken a fork
1939 116 has taken a fork
1939 117 has taken a fork
1939 111 has taken a fork
1939 81 is eating
1939 128 has taken a fork
1939 103 has taken a fork
1939 109 has taken a fork
1939 106 has taken a fork
1939 121 has taken a fork
1939 115 has taken a fork
1939 126 has taken a fork
1939 118 has taken a fork
1939 85 is eating
1939 129 has taken a fork
1939 147 is thinking
1940 138 is thinking
1941 130 is thinking
1941 127 has taken a fork
1941 110 has taken a fork
1941 55 is sleeping
1941 132 has taken a fork
1942 125 has taken a fork
1942 124 has taken a fork
1942 142 has taken a fork
1942 131 has taken a fork
1942 91 is eating
1942 87 is eating
1942 139 has taken a fork
1942 86 is eating
1942 119 has taken a fork
1942 97 is eating
1943 150 is thinking
1944 93 is eating
1944 82 is eating
1944 122 has taken a fork
1944 90 is eating
1944 95 is eating
1945 141 is thinking
1945 98 is eating
1945 92 is eating
1945 100 is eating
1945 148 is thinking
1946 144 has taken a fork
1946 28 is sleeping
1946 135 has taken a fork
1946 120 has taken a fork
1946 101 is eating
1947 94 is eating
1947 99 is eating
1947 88 is eating
1947 145 has taken a fork
1948 113 is eating
1948 153 has taken a fork
1950 96 is eating
1950 108 is eating
1950 143 has taken a fork
1950 107 is eating
1950 114 is eating
1950 112 is eating
1950 104 is eating
1950 140 has taken a fork
1950 105 is eating
1950 123 has taken a fork
1951 44 is sleeping
1951 151 is thinking
1951 136 has taken a fork
1951 32 is sleeping
1951 133 has taken a fork
1952 134 has taken a fork
1953 102 is eating
1953 48 is sleeping
1953 116 is eating
1954 30 is sleeping
1954 158 is thinking
1954 117 is eating
1954 51 is sleeping
1954 111 is eating
1954 128 is eating
1954 103 is eating
1955 154 is thinking
1956 149 is thinking
1956 109 is eating
1957 146 is thinking
1957 152 is thinking
1958 137 is thinking
1958 106 is eating
1958 121 is eating
1959 115 is eating
1959 126 is eating
1959 118 is eating
1959 129 is eating
1959 147 has taken a fork
1960 41 is sleeping
1962 138 has taken a fork
1963 130 has taken a fork
1963 127 is eating
1963 35 is sleeping
1963 110 is eating
1963 132 has taken a fork
1963 125 is eating
1963 124 is eating
1964 142 is eating
1964 131 is eating
1964 139 is eating
1965 161 is thinking
1966 119 is eating
1966 46 is sleeping
1967 150 has taken a fork
1967 122 is eating
1967 141 has taken a fork
1967 148 has taken a fork
1968 63 is sleeping
1968 144 has taken a fork
1968 135 is eating
1969 120 is eating
1972 156 is thinking
1972 145 is eating
1973 153 is eating
1974 167 is thinking
1974 159 is thinking
1974 155 is thinking
1976 57 is sleeping
1976 143 is eating
1977 61 is sleeping
1977 140 is eating
1977 123 is eating
1978 38 is sleeping
1978 136 is eating
1979 151 has taken a fork
1979 133 has taken a fork
1980 42 is sleeping
1981 134 has taken a fork
1981 37 is sleeping
1983 39 is sleeping
1983 52 is sleeping
1983 158 has taken a fork
1985 154 has taken a fork
1986 149 has taken a fork
1987 157 is thinking
1988 146 has taken a fork
1989 152 has taken a fork
1991 137 has taken a fork
1991 147 has taken a fork
1991 163 is thinking
1991 59 is sleeping
1991 58 is sleeping
1991 160 is thinking
1991 165 is thinking
1991 138 has taken a fork
1991 174 is thinking
1992 130 has taken a fork
1993 132 is eating
1993 65 is sleeping
1993 170 is thinking
1996 161 has taken a fork
1997 150 has taken a fork
1998 141 has taken a fork
1998 148 has taken a fork
1998 144 is eating
1998 162 is thinking
1999 62 is sleeping
1999 54 is sleeping
1999 169 is thinking
2000 164 is thinking
2000 171 is thinking
2000 156 has taken a fork
2001 167 has taken a fork
2001 159 has taken a fork
2002 155 has taken a fork
2003 56 is sleeping
2003 60 is sleeping
2004 64 is sleeping
2004 172 is thinking
2004 173 is thinking
2004 175 is thinking
2004 151 has taken a fork
2004 68 is sleeping
2004 133 is eating
2004 75 is sleeping
2004 67 is sleeping
2004 66 is sleeping
2005 134 is eating
2005 158 has taken a fork
2006 154 has taken a fork
2006 166 is thinking
2006 149 has taken a fork
2006 69 is sleeping
2006 157 has taken a fork
2008 146 has taken a fork
2008 73 is sleeping
2009 152 has taken a fork
2009 137 has taken a fork
2009 147 is eating
2009 163 has taken a fork
2011 160 has taken a fork
2011 165 has taken a fork
2012 138 is eating
2012 174 has taken a fork
2013 130 is eating
2013 71 is sleeping
2013 170 has taken a fork
2013 77 is sleeping
2013 161 has taken a fork
2013 70 is sleeping
2013 168 is thinking
2013 184 is thinking
2013 179 is thinking
2013 150 is eating
2014 74 is sleeping
2014 176 is thinking
2014 177 is thinking
2014 141 is eating
2014 148 is eating
2014 162 has taken a fork
2014 169 has taken a fork
2015 171 has taken a fork
2016 156 has taken a fork
2016 167 has taken a fork
2017 159 has taken a fork
2017 164 has taken a fork
2017 183 is thinking
2017 187 is thinking
2017 155 has taken a fork
2017 182 is thinking
2018 181 is thinking
2019 195 is thinking
2019 189 is thinking
2019 178 is thinking
2019 172 has taken a fork
2019 173 has taken a fork
2019 175 has taken a fork
2021 151 is eating
2021 72 is sleeping
2021 79 is sleeping
2021 158 is eating
2021 76 is sleeping
2021 80 is sleeping
2022 154 is eating
2022 166 has taken a fork
2022 149 is eating
2022 157 has taken a fork
2022 193 is thinking
2022 78 is sleeping
2022 185 is thinking
2022 83 is sleeping
2022 146 is eating
2022 152 is eating
2023 137 is eating
2023 163 has taken a fork
2024 89 is sleeping
2024 190 is thinking
2024 84 is sleeping
2024 160 has taken a fork
2024 165 has taken a fork
2024 174 has taken a fork
2024 180 is thinking
2024 192 is thinking
2024 191 is thinking
2024 170 has taken a fork
2025 161 is eating
2025 168 has taken a fork
2025 184 has taken a fork
2026 179 has taken a fork
2026 186 is thinking
2026 81 is sleeping
2026 176 has taken a fork
2026 177 has taken a fork
2026 85 is sleeping
2028 162 has taken a fork
2029 169 has taken a fork
2029 197 is thinking
2029 188 is thinking
2030 171 has taken a fork
2030 3 is thinking
2030 24 is thinking
2030 2 is thinking
2030 194 is thinking
2030 198 is thinking
2033 156 is eating
2033 196 is thinking
2033 167 is eating
2033 159 is eating
2033 12 is thinking
2033 1 is thinking
2033 164 has taken a fork
2033 183 has taken a fork
2033 187 has taken a fork
2033 155 is eating
2033 182 has taken a fork
2034 17 is thinking
2034 8 is thinking
2034 23 is thinking
2034 4 is thinking
2034 7 is thinking
2034 181 has taken a fork
2034 9 is thinking
2034 13 is thinking
2034 91 is sleeping
2034 87 is sleeping
2035 195 has taken a fork
2036 189 has taken a fork
2036 178 has taken a fork
2036 172 has taken a fork
2036 173 has taken a fork
2036 175 has taken a fork
2036 86 is sleeping
2036 97 is sleeping
2036 93 is sleeping
2036 95 is sleeping
2036 5 is thinking
2036 82 is sleeping
2036 90 is sleeping
2036 22 is thinking
2037 100 is sleeping
2037 19 is thinking
2037 92 is sleeping
2037 98 is sleeping
2037 18 is thinking
2037 21 is thinking
2039 157 is eating
2039 193 has taken a fork
2039 185 has taken a fork
2039 27 is thinking
2040 166 has taken a fork
2040 26 is thinking
2040 20 is thinking
2040 16 is thinking
2040 10 is thinking
2041 163 is eating
2041 15 is thinking
2041 11 is thinking
2042 101 is sleeping
2042 190 has taken a fork
2042 160 is eating
2042 174 is eating
2042 180 has taken a fork
2042 192 has taken a fork
2042 165 is eating
2042 191 has taken a fork
2042 170 is eating
2042 99 is sleeping
2042 94 is sleeping
2042 88 is sleeping
2042 168 has taken a fork
2042 184 has taken a fork
2042 25 is thinking
2043 31 is thinking
2043 186 has taken a fork
2043 40 is thinking
2043 113 is sleeping
2043 176 has taken a fork
2043 177 has taken a fork
2043 33 is thinking
2043 96 is sleeping
2043 108 is sleeping
2044 107 is sleeping
2044 114 is sleeping
2044 162 is eating
2044 112 is sleeping
2044 179 has taken a fork
2044 45 is thinking
2045 53 is thinking
2045 105 is sleeping
2045 104 is sleeping
2045 29 is thinking
2045 169 is eating
2045 197 has taken a fork
2045 116 is sleeping
2045 102 is sleeping
2045 171 is eating
2045 47 is thinking
2045 3 has taken a fork
2045 188 has taken a fork
2045 24 has taken a fork
2046 2 has taken a fork
2046 194 has taken a fork
2046 198 has taken a fork
2046 111 is sleeping
2046 34 is thinking
2046 117 is sleeping
2046 49 is thinking
2046 14 is thinking
2046 128 is sleeping
2046 103 is sleeping
2046 196 has taken a fork
2046 109 is sleeping
2046 12 has taken a fork
2047 1 has taken a fork
2047 164 is eating
2047 183 has taken a fork
2047 187 has taken a fork
2047 182 has taken a fork
2047 106 is sleeping
2047 118 is sleeping
2048 126 is sleeping
2048 115 is sleeping
2048 17 has taken a fork
2048 121 is sleeping
2048 8 has taken a fork
2048 23 has taken a fork
2048 4 has taken a fork
2048 7 has taken a fork
2048 181 has taken a fork
2049 9 has taken a fork
2049 13 has taken a fork
2049 43 is thinking
2049 129 is sleeping
2049 195 has taken a fork
2049 50 is thinking
2049 6 is thinking
2049 36 is thinking
2049 189 has taken a fork
2049 178 has taken a fork
2049 172 is eating
2049 173 is eating
2050 175 is eating
2050 5 has taken a fork
2050 22 has taken a fork
2050 127 is sleeping
2050 110 is sleeping
2050 19 has taken a fork
2050 18 has taken a fork
2050 21 has taken a fork
2050 124 is sleeping
2050 125 is sleeping
2050 131 is sleeping
2050 142 is sleeping
2050 139 is sleeping
2051 193 has taken a fork
2051 185 has taken a fork
2051 27 has taken a fork
2051 166 is eating
2051 26 has taken a fork
2051 20 has taken a fork
2051 16 has taken a fork
2051 10 has taken a fork
2051 122 is sleeping
2051 119 is sleeping
2051 55 is thinking
2051 15 has taken a fork
2051 11 has taken a fork
2051 135 is sleeping
2051 190 has taken a fork
2052 180 has taken a fork
2052 192 has taken a fork
2052 191 has taken a fork
2052 168 is eating
2053 184 is eating
2053 25 has taken a fork
2053 31 has taken a fork
2053 120 is sleeping
2053 186 has taken a fork
2053 40 has taken a fork
2054 176 is eating
2054 177 is eating
2054 33 has taken a fork
2054 179 is eating
2054 45 has taken a fork
2054 53 has taken a fork
2055 153 is sleeping
2055 145 is sleeping
2056 29 has taken a fork
2056 197 has taken a fork
2056 47 has taken a fork
2056 3 has taken a fork
2056 188 has taken a fork
2056 24 has taken a fork
2057 2 has taken a fork
2057 194 has taken a fork
2057 198 has taken a fork
2057 28 is thinking
2057 34 has taken a fork
2057 49 has taken a fork
2057 14 has taken a fork
2057 196 has taken a fork
2058 12 has taken a fork
2058 143 is sleeping
2058 1 has taken a fork
2058 183 is eating
2058 187 is eating
2059 182 is eating
2059 140 is sleeping
2059 17 has taken a fork
2059 8 has taken a fork
2059 23 has taken a fork
2059 4 has taken a fork
2059 7 has taken a fork
2060 181 is eating
2060 123 is sleeping
2060 9 has taken a fork
2060 13 has taken a fork
2060 136 is sleeping
2061 43 has taken a fork
2061 195 is eating
2061 50 has taken a fork
2062 6 has taken a fork
2062 36 has taken a fork
2062 189 is eating
2062 178 is eating
2062 5 has taken a fork
2063 22 has taken a fork
2063 19 has taken a fork
2063 18 has taken a fork
2063 21 has taken a fork
2063 193 is eating
2063 32 is thinking
2063 27 has taken a fork
2064 185 is eating
2064 44 is thinking
2065 26 has taken a fork
2065 20 has taken a fork
2065 16 has taken a fork
2065 10 has taken a fork
2066 15 has taken a fork
2066 11 has taken a fork
2066 190 is eating
2066 180 is eating
2066 192 is eating
2067 191 is eating
2067 25 has taken a fork
2067 48 is thinking
2067 31 has taken a fork
2068 186 is eating
2068 40 has taken a fork
2068 30 is thinking
2068 51 is thinking
2068 33 has taken a fork
2068 45 has taken a fork
2069 53 has taken a fork
2069 29 has taken a fork
2069 197 is eating
2069 47 has taken a fork
2070 3 is eating
2070 188 is eating
2071 24 is eating
2071 2 is eating
2071 194 is eating
2072 198 is eating
2072 34 has taken a fork
2072 49 has taken a fork
2072 14 has taken a fork
2072 196 is eating
2072 12 is eating
2072 1 is eating
2072 17 is eating
2073 8 is eating
2073 23 is eating
2073 4 is eating
2074 7 is eating
2074 132 is sleeping
2074 55 has taken a fork
2074 41 is thinking
2074 9 is eating
2074 13 is eating
2075 43 has taken a fork
2075 50 has taken a fork
2075 6 has taken a fork
2075 36 has taken a fork
2075 5 is eating
2075 35 is thinking
2075 22 is eating
2076 19 is eating
2077 18 is eating
2078 21 is eating
2078 27 is eating
2079 26 is eating
2079 144 is sleeping
2079 28 has taken a fork
2079 20 is eating
2080 16 is eating
2080 10 is eating
2081 15 is eating
2081 46 is thinking
2081 11 is eating
2081 25 is eating
2082 31 is eating
2082 63 is thinking
2082 40 is eating
2082 33 is eating
2082 45 is eating
2082 53 is eating
2082 29 is eating
2082 47 is eating
2082 34 is eating
2082 49 is eating
2083 134 is sleeping
2083 32 has taken a fork
2083 14 is eating
2085 133 is sleeping
2085 44 has taken a fork
2086 147 is sleeping
2086 48 has taken a fork
2086 55 has taken a fork
2086 43 is eating
2087 50 is eating
2087 6 is eating
2087 36 is eating
2087 57 is thinking
2087 138 is sleeping
2087 30 has taken a fork
2087 61 is thinking
2087 130 is sleeping
2087 51 has taken a fork
2087 38 is thinking
2088 150 is sleeping
2088 41 has taken a fork
2088 28 has taken a fork
2088 141 is sleeping
2088 42 is thinking
2088 148 is sleeping
2088 35 has taken a fork
2088 37 is thinking
2089 46 has taken a fork
2089 52 is thinking
2089 32 has taken a fork
2089 39 is thinking
2089 44 has taken a fork
2089 48 has taken a fork
2089 151 is sleeping
2089 63 has taken a fork
2089 55 is eating
2089 30 has taken a fork
2089 51 has taken a fork
2089 158 is sleeping
2089 57 has taken a fork
2089 41 has taken a fork
2089 28 is eating
2089 35 has taken a fork
2089 46 has taken a fork
2089 32 is eating
2090 44 is eating
2090 48 is eating
2090 63 has taken a fork
2090 30 is eating
2090 154 is sleeping
2090 51 is eating
2090 57 has taken a fork
2090 41 is eating
2090 35 is eating
2090 46 is eating
2091 146 is sleeping
2091 61 has taken a fork
2091 149 is sleeping
2092 152 is sleeping
2092 37 has taken a fork
2093 63 is eating
2093 38 has taken a fork
2094 42 has taken a fork
2094 57 is eating
2095 137 is sleeping
2095 59 is thinking
2095 58 is thinking
2095 61 has taken a fork
2095 52 has taken a fork
2095 37 has taken a fork
2095 65 is thinking
2095 38 has taken a fork
2095 42 has taken a fork
2095 161 is sleeping
2095 39 has taken a fork
2095 61 is eating
2095 52 has taken a fork
2096 37 is eating
2096 38 is eating
2096 42 is eating
2096 39 has taken a fork
2096 52 is eating
2096 39 is eating
2099 62 is thinking
2099 54 is thinking
2103 60 is thinking
2103 56 is thinking
2103 156 is sleeping
2104 155 is sleeping
2104 58 has taken a fork
2104 64 is thinking
2104 75 is thinking
2105 68 is thinking
2105 58 has taken a fork
2106 67 is thinking
2106 59 has taken a fork
2106 66 is thinking
2106 159 is sleeping
2106 167 is sleeping
2106 65 has taken a fork
2107 62 has taken a fork
2107 58 is eating
2107 69 is thinking
2108 59 has taken a fork
2108 65 has taken a fork
2108 62 has taken a fork
2108 59 is eating
2109 65 is eating
2109 62 is eating
2109 73 is thinking
2113 77 is thinking
2113 70 is thinking
2113 71 is thinking
2113 157 is sleeping
2113 54 has taken a fork
2113 54 has taken a fork
2113 54 is eating
2114 74 is thinking
2116 163 is sleeping
2116 60 has taken a fork
2116 60 has taken a fork
2116 60 is eating
2117 165 is sleeping
2117 160 is sleeping
2117 64 has taken a fork
2117 174 is sleeping
2118 75 has taken a fork
2118 64 has taken a fork
2118 56 has taken a fork
2118 75 has taken a fork
2118 64 is eating
2118 56 has taken a fork
2119 75 is eating
2119 170 is sleeping
2119 56 is eating
2119 68 has taken a fork
2119 68 has taken a fork
2119 68 is eating
2121 76 is thinking
2121 72 is thinking
2121 79 is thinking
2121 162 is sleeping
2121 80 is thinking
2122 83 is thinking
2122 67 has taken a fork
2122 67 has taken a fork
2122 67 is eating
2122 78 is thinking
2122 169 is sleeping
2123 171 is sleeping
2123 69 has taken a fork
2123 69 has taken a fork
2123 66 has taken a fork
2123 69 is eating
2123 66 has taken a fork
2123 66 is eating
2124 89 is thinking
2124 84 is thinking
2124 164 is sleeping
2125 73 has taken a fork
2125 73 has taken a fork
2125 73 is eating
2126 81 is thinking
2126 85 is thinking
2127 172 is sleeping
2127 173 is sleeping
2127 175 is sleeping
2127 77 has taken a fork
2128 77 has taken a fork
2128 70 has taken a fork
2129 77 is eating
2131 71 has taken a fork
2131 70 has taken a fork
2132 166 is sleeping
2132 74 has taken a fork
2133 71 has taken a fork
2133 70 is eating
2133 74 has taken a fork
2133 184 is sleeping
2133 168 is sleeping
2133 71 is eating
2133 74 is eating
2133 76 has taken a fork
2133 76 has taken a fork
2133 76 is eating
2133 72 has taken a fork
2133 72 has taken a fork
2133 72 is eating
2134 176 is sleeping
2134 177 is sleeping
2135 179 is sleeping
2135 87 is thinking
2135 91 is thinking
2136 79 has taken a fork
2137 80 has taken a fork
2137 83 has taken a fork
2138 93 is thinking
2138 86 is thinking
2138 97 is thinking
2138 82 is thinking
2138 95 is thinking
2138 90 is thinking
2138 79 has taken a fork
2138 98 is thinking
2138 80 has taken a fork
2138 92 is thinking
2138 100 is thinking
2138 83 has taken a fork
2138 182 is sleeping
2138 78 has taken a fork
2138 79 is eating
2138 80 is eating
2138 83 is eating
2138 78 has taken a fork
2138 78 is eating
2138 187 is sleeping
2138 183 is sleeping
2139 181 is sleeping
2140 89 has taken a fork
2141 84 has taken a fork
2141 195 is sleeping
2143 81 has taken a fork
2144 89 has taken a fork
2145 178 is sleeping
2146 87 has taken a fork
2147 84 has taken a fork
2147 189 is sleeping
2147 85 has taken a fork
2147 91 has taken a fork
2148 88 is thinking
2148 99 is thinking
2149 96 is thinking
2149 101 is thinking
2149 94 is thinking
2150 113 is thinking
2150 81 has taken a fork
2150 185 is sleeping
2150 193 is sleeping
2151 108 is thinking
2151 93 has taken a fork
2152 107 is thinking
2152 89 is eating
2152 112 is thinking
2153 86 has taken a fork
2154 114 is thinking
2154 116 is thinking
2154 102 is thinking
2154 192 is sleeping
2154 180 is sleeping
2154 190 is sleeping
2154 104 is thinking
2154 103 is thinking
2155 191 is sleeping
2156 105 is thinking
2156 97 has taken a fork
2156 82 has taken a fork
2157 117 is thinking
2157 95 has taken a fork
2157 111 is thinking
2157 128 is thinking
2157 109 is thinking
2158 90 has taken a fork
2158 87 has taken a fork
2159 84 is eating
2159 106 is thinking
2159 186 is sleeping
2160 98 has taken a fork
2163 85 has taken a fork
2163 91 has taken a fork
2163 118 is thinking
2164 115 is thinking
2165 121 is thinking
2165 126 is thinking
2165 197 is sleeping
2165 129 is thinking
2165 92 has taken a fork
2166 3 is sleeping
2166 131 is thinking
2166 188 is sleeping
2166 88 has taken a fork
2167 110 is thinking
2167 81 is eating
2168 125 is thinking
2168 124 is thinking
2168 127 is thinking
2168 142 is thinking
2169 100 has taken a fork
2169 198 is sleeping
2169 2 is sleeping
2170 194 is sleeping
2170 101 has taken a fork
2170 93 has taken a fork
2170 24 is sleeping
2170 139 is thinking
2171 119 is thinking
2171 122 is thinking
2171 135 is thinking
2171 94 has taken a fork
2171 96 has taken a fork
2172 99 has taken a fork
2172 1 is sleeping
2172 120 is thinking
2173 17 is sleeping
2173 196 is sleeping
2173 86 has taken a fork
2173 12 is sleeping
2173 113 has taken a fork
2173 108 has taken a fork
2173 107 has taken a fork
2173 4 is sleeping
2173 8 is sleeping
2173 13 is sleeping
2173 114 has taken a fork
2174 112 has taken a fork
2174 23 is sleeping
2175 7 is sleeping
2175 9 is sleeping
2175 116 has taken a fork
2175 102 has taken a fork
2175 104 has taken a fork
2175 103 has taken a fork
2175 153 is thinking
2175 145 is thinking
2175 105 has taken a fork
2175 5 is sleeping
2175 22 is sleeping
2175 97 has taken a fork
2176 82 has taken a fork
2176 117 has taken a fork
2176 18 is sleeping
2177 19 is sleeping
2177 95 has taken a fork
2177 111 has taken a fork
2177 128 has taken a fork
2177 109 has taken a fork
2177 21 is sleeping
2177 90 has taken a fork
2178 143 is thinking
2178 87 is eating
2178 27 is sleeping
2179 140 is thinking
2179 106 has taken a fork
2180 10 is sleeping
2180 98 has taken a fork
2180 16 is sleeping
2180 123 is thinking
2180 26 is sleeping
2180 20 is sleeping
2180 15 is sleeping
2180 136 is thinking
2180 25 is sleeping
2180 11 is sleeping
2180 31 is sleeping
2180 45 is sleeping
2180 33 is sleeping
2181 40 is sleeping
2181 91 is eating
2182 85 is eating
2183 53 is sleeping
2183 47 is sleeping
2183 49 is sleeping
2183 34 is sleeping
2183 29 is sleeping
2183 118 has taken a fork
2183 115 has taken a fork
2183 121 has taken a fork
2183 14 is sleeping
2183 126 has taken a fork
2183 129 has taken a fork
2183 92 has taken a fork
2183 131 has taken a fork
2183 88 has taken a fork
2184 110 has taken a fork
2184 36 is sleeping
2184 125 has taken a fork
2185 6 is sleeping
2185 50 is sleeping
2185 124 has taken a fork
2185 127 has taken a fork
2185 142 has taken a fork
2185 100 has taken a fork
2185 43 is sleeping
2185 101 has taken a fork
2185 93 is eating
2185 139 has taken a fork
2185 119 has taken a fork
2186 122 has taken a fork
2186 135 has taken a fork
2186 96 has taken a fork
2186 94 has taken a fork
2186 99 has taken a fork
2186 120 has taken a fork
2186 86 is eating
2186 113 has taken a fork
2186 108 has taken a fork
2187 107 has taken a fork
2187 114 has taken a fork
2187 132 is thinking
2188 112 has taken a fork
2188 55 is sleeping
2188 116 has taken a fork
2189 102 has taken a fork
2189 104 has taken a fork
2189 103 has taken a fork
2189 153 has taken a fork
2189 145 has taken a fork
2189 105 has taken a fork
2189 97 is eating
2189 82 is eating
2189 117 has taken a fork
2189 28 is sleeping
2190 95 is eating
2190 111 has taken a fork
2190 128 has taken a fork
2190 109 has taken a fork
2190 90 is eating
2190 143 has taken a fork
2191 140 has taken a fork
2191 144 is thinking
2191 106 has taken a fork
2191 98 is eating
2191 123 has taken a fork
2191 136 has taken a fork
2191 32 is sleeping
2191 44 is sleeping
2192 134 is thinking
2192 30 is sleeping
2192 48 is sleeping
2192 118 has taken a fork
2192 115 has taken a fork
2193 121 has taken a fork
2193 126 has taken a fork
2195 129 has taken a fork
2195 92 is eating
2196 131 has taken a fork
2196 88 is eating
2196 41 is sleeping
2196 110 has taken a fork
2196 51 is sleeping
2197 125 has taken a fork
2197 133 is thinking
2197 124 has taken a fork
2198 127 has taken a fork
2198 35 is sleeping
2198 142 has taken a fork
2200 100 is eating
2200 101 is eating
2200 139 has taken a fork
2202 119 has taken a fork
2202 122 has taken a fork
2202 46 is sleeping
2203 147 is thinking
2203 135 has taken a fork
2203 96 is eating
2203 94 is eating
2205 99 is eating
2205 120 has taken a fork
2205 113 is eating
2205 108 is eating
2206 107 is eating
2206 130 is thinking
2206 138 is thinking
2206 114 is eating
2206 132 has taken a fork
2206 150 is thinking
2206 141 is thinking
2206 148 is thinking
2208 112 is eating
2209 116 is eating
2209 102 is eating
2209 104 is eating
2209 151 is thinking
2209 103 is eating
2210 158 is thinking
2210 153 has taken a fork
2210 145 has taken a fork
2210 105 is eating
2210 117 is eating
2210 63 is sleeping
2210 111 is eating
2211 154 is thinking
2211 128 is eating
2211 109 is eating
2213 143 has taken a fork
2213 57 is sleeping
2213 149 is thinking
2213 146 is thinking
2213 140 has taken a fork
2213 144 has taken a fork
2213 106 is eating
2213 123 has taken a fork
2213 136 has taken a fork
2213 134 has taken a fork
2214 152 is thinking
2214 118 is eating
2214 115 is eating
2214 61 is sleeping
2214 121 is eating
2214 37 is sleeping
2215 126 is eating
2215 38 is sleeping
2216 42 is sleeping
2217 52 is sleeping
2217 129 is eating
2217 161 is thinking
2217 137 is thinking
2217 39 is sleeping
2217 131 is eating
2217 110 is eating
2217 125 is eating
2217 133 has taken a fork
2217 124 is eating
2217 127 is eating
2217 142 is eating
2217 139 is eating
2218 119 is eating
2218 122 is eating
2219 147 has taken a fork
2220 135 is eating
2220 155 is thinking
2220 156 is thinking
2220 120 is eating
2222 58 is sleeping
2222 130 has taken a fork
2222 138 has taken a fork
2222 132 has taken a fork
2223 159 is thinking
2223 150 has taken a fork
2223 167 is thinking
2223 141 has taken a fork
2223 148 has taken a fork
2223 62 is sleeping
2223 59 is sleeping
2223 65 is sleeping
2223 151 has taken a fork
2223 158 has taken a fork
2223 153 is eating
2223 145 is eating
2225 154 has taken a fork
2226 54 is sleeping
2226 157 is thinking
2227 143 is eating
2229 149 has taken a fork
2229 146 has taken a fork
2229 140 is eating
2229 144 has taken a fork
2229 123 is eating
2229 136 is eating
2229 134 has taken a fork
2229 152 has taken a fork
2229 163 is thinking
2229 60 is sleeping
2229 161 has taken a fork
2231 137 has taken a fork
2231 165 is thinking
2232 160 is thinking
2233 174 is thinking
2233 133 has taken a fork
2233 75 is sleeping
2233 56 is sleeping
2234 64 is sleeping
2234 170 is thinking
2234 68 is sleeping
2235 147 has taken a fork
2235 155 has taken a fork
2235 156 has taken a fork
2237 162 is thinking
2237 169 is thinking
2238 130 has taken a fork
2238 138 has taken a fork
2238 67 is sleeping
2239 132 is eating
2240 66 is sleeping
2240 171 is thinking
2240 69 is sleeping
2240 159 has taken a fork
2243 150 has taken a fork
2244 167 has taken a fork
2244 141 has taken a fork
2245 148 has taken a fork
2245 151 has taken a fork
2246 158 has taken a fork
2246 164 is thinking
2247 154 has taken a fork
2248 73 is sleeping
2249 157 has taken a fork
2249 175 is thinking
2249 172 is thinking
2250 173 is thinking
2250 77 is sleeping
2250 149 has taken a fork
2250 146 has taken a fork
2251 144 is eating
2251 134 is eating
2251 152 has taken a fork
2252 163 has taken a fork
2253 71 is sleeping
2253 161 has taken a fork
2254 137 has taken a fork
2254 70 is sleeping
2255 165 has taken a fork
2256 166 is thinking
2256 74 is sleeping
2257 160 has taken a fork
2257 184 is thinking
2259 168 is thinking
2259 72 is sleeping
2259 76 is sleeping
2259 174 has taken a fork
2260 133 is eating
2260 176 is thinking
2260 177 is thinking
2260 170 has taken a fork
2260 147 is eating
2260 155 has taken a fork
2260 156 has taken a fork
2260 179 is thinking
2260 79 is sleeping
2262 80 is sleeping
2263 83 is sleeping
2264 162 has taken a fork
2265 169 has taken a fork
2265 130 is eating
2265 138 is eating
2265 182 is thinking
2265 183 is thinking
2265 187 is thinking
2265 78 is sleeping
2265 181 is thinking
2266 171 has taken a fork
2267 195 is thinking
2267 159 has taken a fork
2268 150 is eating
2268 167 has taken a fork
2268 141 is eating
2268 148 is eating
2268 151 is eating
2268 158 is eating
2268 164 has taken a fork
2268 189 is thinking
2268 178 is thinking
2268 89 is sleeping
2268 154 is eating
2268 157 has taken a fork
2268 84 is sleeping
2268 175 has taken a fork
2268 172 has taken a fork
2268 193 is thinking
2268 173 has taken a fork
2269 149 is eating
2269 185 is thinking
2270 146 is eating
2271 152 is eating
2271 163 has taken a fork
2272 161 is eating
2272 192 is thinking
2272 180 is thinking
2272 81 is sleeping
2272 137 is eating
2272 190 is thinking
2273 191 is thinking
2273 165 has taken a fork
2274 166 has taken a fork
2275 160 has taken a fork
2276 184 has taken a fork
2276 168 has taken a fork
2276 186 is thinking
2276 174 has taken a fork
2276 176 has taken a fork
2276 87 is sleeping
2276 177 has taken a fork
2276 170 has taken a fork
2276 155 is eating
2277 156 is eating
2277 179 has taken a fork
2277 91 is sleeping
2277 85 is sleeping
2277 162 has taken a fork
2277 93 is sleeping
2277 197 is thinking
2277 86 is sleeping
2277 169 has taken a fork
2277 182 has taken a fork
2277 183 has taken a fork
2277 187 has taken a fork
2277 188 is thinking
2278 181 has taken a fork
2278 3 is thinking
2278 171 has taken a fork
2278 195 has taken a fork
2278 159 is eating
2278 82 is sleeping
2278 167 is eating
2278 164 has taken a fork
2278 90 is sleeping
2278 189 has taken a fork
2280 178 has taken a fork
2281 157 is eating
2281 175 has taken a fork
2281 95 is sleeping
2281 172 has taken a fork
2281 193 has taken a fork
2281 173 has taken a fork
2282 97 is sleeping
2282 98 is sleeping
2282 2 is thinking
2283 198 is thinking
2283 24 is thinking
2283 194 is thinking
2283 185 has taken a fork
2283 163 is eating
2283 92 is sleeping
2283 1 is thinking
2283 192 has taken a fork
2283 180 has taken a fork
2285 190 has taken a fork
2285 196 is thinking
2285 12 is thinking
2285 17 is thinking
2285 191 has taken a fork
2285 13 is thinking
2285 165 is eating
2285 4 is thinking
2285 8 is thinking
2286 88 is sleeping
2286 166 has taken a fork
2286 7 is thinking
2286 22 is thinking
2286 5 is thinking
2286 23 is thinking
2286 9 is thinking
2288 160 is eating
2288 18 is thinking
2288 101 is sleeping
2288 184 has taken a fork
2289 168 has taken a fork
2289 186 has taken a fork
2289 176 has taken a fork
2290 174 is eating
2291 177 has taken a fork
2291 170 is eating
2291 100 is sleeping
2291 179 has taken a fork
2292 19 is thinking
2292 162 is eating
2292 21 is thinking
2292 197 has taken a fork
2292 169 is eating
2292 182 has taken a fork
2292 183 has taken a fork
2293 187 has taken a fork
2293 188 has taken a fork
2293 181 has taken a fork
2294 3 has taken a fork
2294 171 is eating
2294 195 has taken a fork
2294 94 is sleeping
2294 96 is sleeping
2294 27 is thinking
2294 164 is eating
2294 189 has taken a fork
2295 26 is thinking
2295 16 is thinking
2295 11 is thinking
2295 114 is sleeping
2295 15 is thinking
2295 108 is sleeping
2296 45 is thinking
2296 31 is thinking
2296 107 is sleeping
2296 10 is thinking
2296 33 is thinking
2296 113 is sleeping
2296 178 has taken a fork
2296 99 is sleeping
2296 20 is thinking
2297 25 is thinking
2297 175 is eating
2297 172 is eating
2297 193 has taken a fork
2297 173 is eating
2297 40 is thinking
2297 112 is sleeping
2297 2 has taken a fork
2297 102 is sleeping
2297 104 is sleeping
2297 103 is sleeping
2297 116 is sleeping
2298 198 has taken a fork
2298 24 has taken a fork
2298 29 is thinking
2298 105 is sleeping
2298 194 has taken a fork
2298 47 is thinking
2298 185 has taken a fork
2298 49 is thinking
2298 14 is thinking
2299 53 is thinking
2299 1 has taken a fork
2299 192 has taken a fork
2299 34 is thinking
2299 180 has taken a fork
2299 111 is sleeping
2299 36 is thinking
2299 109 is sleeping
2299 128 is sleeping
2299 117 is sleeping
2300 6 is thinking
2300 50 is thinking
2300 190 has taken a fork
2300 196 has taken a fork
2300 12 has taken a fork
2302 17 has taken a fork
2302 191 has taken a fork
2303 13 has taken a fork
2303 4 has taken a fork
2303 8 has taken a fork
2303 106 is sleeping
2303 43 is thinking
2303 7 has taken a fork
2303 22 has taken a fork
2303 166 is eating
2304 5 has taken a fork
2304 23 has taken a fork
2304 9 has taken a fork
2304 55 is thinking
2304 18 has taken a fork
2304 184 is eating
2305 118 is sleeping
2306 28 is thinking
2306 115 is sleeping
2306 168 is eating
2306 186 has taken a fork
2306 176 is eating
2306 121 is sleeping
2306 126 is sleeping
2306 32 is thinking
2306 129 is sleeping
2307 177 is eating
2308 179 is eating
2308 131 is sleeping
2308 110 is sleeping
2308 44 is thinking
2309 30 is thinking
2309 19 has taken a fork
2310 48 is thinking
2310 21 has taken a fork
2311 197 has taken a fork
2311 182 is eating
2311 183 is eating
2311 142 is sleeping
2312 187 is eating
2312 127 is sleeping
2312 125 is sleeping
2312 124 is sleeping
2313 188 has taken a fork
2313 181 is eating
2313 3 has taken a fork
2314 195 is eating
2314 139 is sleeping
2314 27 has taken a fork
2314 189 is eating
2314 119 is sleeping
2314 122 is sleeping
2316 26 has taken a fork
2317 16 has taken a fork
2317 11 has taken a fork
2317 15 has taken a fork
2318 45 has taken a fork
2319 135 is sleeping
2319 31 has taken a fork
2319 41 is thinking
2319 10 has taken a fork
2320 51 is thinking
2321 33 has taken a fork
2321 178 is eating
2321 20 has taken a fork
2322 25 has taken a fork
2322 120 is sleeping
2323 193 is eating
2323 40 has taken a fork
2324 2 has taken a fork
2324 198 has taken a fork
2324 24 has taken a fork
2324 29 has taken a fork
2324 35 is thinking
2324 194 has taken a fork
2324 185 is eating
2324 49 has taken a fork
2325 47 has taken a fork
2325 14 has taken a fork
2325 153 is sleeping
2326 145 is sleeping
2327 53 has taken a fork
2328 1 has taken a fork
2328 192 is eating
2328 34 has taken a fork
2328 180 is eating
2329 190 is eating
2330 196 has taken a fork
2330 12 has taken a fork
2331 46 is thinking
2332 17 has taken a fork
2332 191 is eating
2332 13 has taken a fork
2333 143 is sleeping
2333 36 has taken a fork
2333 4 has taken a fork
2333 8 has taken a fork
2334 7 has taken a fork
2334 22 has taken a fork
2335 140 is sleeping
2335 5 has taken a fork
2335 6 has taken a fork
2335 23 has taken a fork
2335 9 has taken a fork
2335 18 has taken a fork
2335 123 is sleeping
2335 50 has taken a fork
2336 136 is sleeping
2336 43 has taken a fork
2337 186 is eating
2337 19 has taken a fork
2337 63 is thinking
2337 21 has taken a fork
2338 197 is eating
2338 132 is sleeping
2339 57 is thinking
2339 188 is eating
2339 55 has taken a fork
2339 3 is eating
2339 37 is thinking
2339 61 is thinking
2339 27 has taken a fork
2339 38 is thinking
2339 26 has taken a fork
2339 52 is thinking
2339 16 has taken a fork
2339 39 is thinking
2339 42 is thinking
2339 11 has taken a fork
2339 15 has taken a fork
2339 45 has taken a fork
2339 31 has taken a fork
2340 10 has taken a fork
2340 144 is sleeping
2340 33 has taken a fork
2340 20 has taken a fork
2340 28 has taken a fork
2340 134 is sleeping
2340 25 has taken a fork
2340 58 is thinking
2340 32 has taken a fork
2340 65 is thinking
2340 40 has taken a fork
2340 59 is thinking
2340 2 is eating
2341 198 is eating
2342 24 is eating
2342 29 has taken a fork
2343 62 is thinking
2344 194 is eating
2344 49 has taken a fork
2345 47 has taken a fork
2345 14 has taken a fork
2345 54 is thinking
2345 53 has taken a fork
2345 1 is eating
2345 34 has taken a fork
2345 133 is sleeping
2346 60 is thinking
2347 44 has taken a fork
2348 196 is eating
2348 12 is eating
2349 17 is eating
2349 147 is sleeping
2349 30 has taken a fork
2351 13 is eating
2351 56 is thinking
2351 75 is thinking
2351 36 has taken a fork
2351 4 is eating
2351 8 is eating
2351 7 is eating
2352 64 is thinking
2352 22 is eating
2353 68 is thinking
2353 5 is eating
2353 6 has taken a fork
2353 23 is eating
2353 9 is eating
2354 18 is eating
2356 50 has taken a fork
2356 130 is sleeping
2357 48 has taken a fork
2357 138 is sleeping
2357 41 has taken a fork
2359 43 has taken a fork
2359 150 is sleeping
2359 148 is sleeping
2359 141 is sleeping
2360 35 has taken a fork
2360 19 is eating
2361 46 has taken a fork
2361 21 is eating
2361 51 has taken a fork
2362 67 is thinking
2362 158 is sleeping
2363 151 is sleeping
2365 57 has taken a fork
2365 63 has taken a fork
2365 55 has taken a fork
2365 27 is eating
2365 26 is eating
2365 16 is eating
2366 11 is eating
2366 15 is eating
2366 45 is eating
2366 31 is eating
2366 10 is eating
2366 154 is sleeping
2366 33 is eating
2366 37 has taken a fork
2366 20 is eating
2366 69 is thinking
2367 28 has taken a fork
2367 25 is eating
2367 32 has taken a fork
2367 66 is thinking
2367 40 is eating
2368 149 is sleeping
2368 61 has taken a fork
2368 38 has taken a fork
2368 146 is sleeping
2368 29 is eating
2368 152 is sleeping
2368 52 has taken a fork
2368 49 is eating
2368 161 is sleeping
2368 137 is sleeping
2368 47 is eating
2368 42 has taken a fork
2369 39 has taken a fork
2369 14 is eating
2370 53 is eating
2370 34 is eating
2370 44 has taken a fork
2370 155 is sleeping
2370 73 is thinking
2370 156 is sleeping
2370 58 has taken a fork
2370 65 has taken a fork
2371 30 has taken a fork
2371 167 is sleeping
2371 59 has taken a fork
2373 77 is thinking
2373 159 is sleeping
2374 62 has taken a fork
2376 36 is eating
2376 71 is thinking
2377 6 is eating
2377 157 is sleeping
2377 70 is thinking
2377 163 is sleeping
2379 60 has taken a fork
2379 54 has taken a fork
2379 50 is eating
2379 48 has taken a fork
2379 74 is thinking
2379 41 has taken a fork
2379 76 is thinking
2379 72 is thinking
2379 165 is sleeping
2379 56 has taken a fork
2379 43 is eating
2379 160 is sleeping
2380 75 has taken a fork
2381 79 is thinking
2381 35 has taken a fork
2382 46 has taken a fork
2382 51 has taken a fork
2382 80 is thinking
2382 174 is sleeping
2385 64 has taken a fork
2388 83 is thinking
2388 170 is sleeping
2389 68 has taken a fork
2389 78 is thinking
2390 57 has taken a fork
2390 169 is sleeping
2390 162 is sleeping
2392 67 has taken a fork
2393 63 has taken a fork
2394 55 is eating
2394 37 has taken a fork
2394 69 has taken a fork
2394 171 is sleeping
2394 28 is eating
2395 32 is eating
2395 89 is thinking
2396 61 has taken a fork
2396 38 has taken a fork
2396 66 has taken a fork
2397 52 has taken a fork
2397 84 is thinking
2398 42 has taken a fork
2399 39 has taken a fork
2399 44 is eating
2400 164 is sleeping
2400 73 has taken a fork
2400 58 has taken a fork
2400 65 has taken a fork
2400 30 is eating
2400 59 has taken a fork
2400 81 is thinking
2400 172 is sleeping
2400 175 is sleeping
2400 173 is sleeping
2401 77 has taken a fork
2402 62 has taken a fork
2402 87 is thinking
2403 71 has taken a fork
2403 85 is thinking
2403 91 is thinking
2403 86 is thinking
2403 93 is thinking
2403 70 has taken a fork
2403 82 is thinking
2403 90 is thinking
2404 60 has taken a fork
2404 54 has taken a fork
2404 48 is eating
2405 41 is eating
2405 56 has taken a fork
2405 166 is sleeping
2406 74 has taken a fork
2406 75 has taken a fork
2406 184 is sleeping
2406 76 has taken a fork
2407 95 is thinking
2407 35 is eating
2407 97 is thinking
2407 46 is eating
2407 51 is eating
2407 98 is thinking
2408 92 is thinking
2408 176 is sleeping
2408 168 is sleeping
2408 72 has taken a fork
2408 177 is sleeping
2408 80 has taken a fork
2408 79 has taken a fork
2408 179 is sleeping
2408 64 has taken a fork
2408 88 is thinking
2408 183 is sleeping
2408 101 is thinking
2408 83 has taken a fork
2408 182 is sleeping
2409 187 is sleeping
2409 68 has taken a fork
2410 181 is sleeping
2412 78 has taken a fork
2413 57 is eating
2413 100 is thinking
2413 189 is sleeping
2413 195 is sleeping
2413 67 has taken a fork
2414 63 is eating
2414 96 is thinking
2414 37 is eating
2414 69 has taken a fork
2414 94 is thinking
2414 108 is thinking
2415 114 is thinking
2415 178 is sleeping
2415 89 has taken a fork
2415 107 is thinking
2415 99 is thinking
2415 113 is thinking
2415 193 is sleeping
2416 61 is eating
2416 38 is eating
2416 66 has taken a fork
2417 112 is thinking
2417 102 is thinking
2418 104 is thinking
2418 185 is sleeping
2418 116 is thinking
2418 103 is thinking
2418 52 is eating
2418 84 has taken a fork
2418 105 is thinking
2419 42 is eating
2419 128 is thinking
2419 109 is thinking
2420 111 is thinking
2421 117 is thinking
2421 39 is eating
2421 73 has taken a fork
2421 58 is eating
2421 65 is eating
2421 59 is eating
2421 81 has taken a fork
2421 192 is sleeping
2421 180 is sleeping
2421 190 is sleeping
2421 77 has taken a fork
2422 62 is eating
2422 87 has taken a fork
2422 71 has taken a fork
2422 191 is sleeping
2422 85 has taken a fork
2423 91 has taken a fork
2423 86 has taken a fork
2423 93 has taken a fork
2423 70 has taken a fork
2423 82 has taken a fork
2423 106 is thinking
2423 90 has taken a fork
2423 60 is eating
2423 54 is eating
2423 56 is eating
2425 126 is thinking
2425 121 is thinking
2425 129 is thinking
2426 115 is thinking
2426 74 has taken a fork
2426 75 is eating
2426 76 has taken a fork
2427 95 has taken a fork
2427 97 has taken a fork
2427 118 is thinking
2428 186 is sleeping
2428 98 has taken a fork
2428 188 is sleeping
2428 92 has taken a fork
2428 72 has taken a fork
2428 80 has taken a fork
2428 110 is thinking
2428 131 is thinking
2428 79 has taken a fork
2428 64 is eating
2429 197 is sleeping
2429 88 has taken a fork
2429 83 has taken a fork
2429 101 has taken a fork
2429 68 is eating
2429 142 is thinking
2429 127 is thinking
2429 125 is thinking
2429 124 is thinking
2429 198 is sleeping
2429 78 has taken a fork
2429 100 has taken a fork
2430 119 is thinking
2431 122 is thinking
2431 194 is sleeping
2432 139 is thinking
2432 96 has taken a fork
2432 67 is eating
2432 69 is eating
2432 94 has taken a fork
2433 108 has taken a fork
2433 114 has taken a fork
2433 89 has taken a fork
2433 66 is eating
2434 196 is sleeping
2435 99 has taken a fork
2436 107 has taken a fork
2436 113 has taken a fork
2436 104 has taken a fork
2437 112 has taken a fork
2437 102 has taken a fork
2438 84 has taken a fork
2438 135 is thinking
2438 128 has taken a fork
2439 116 has taken a fork
2439 103 has taken a fork
2439 105 has taken a fork
2439 109 has taken a fork
2439 73 is eating
2440 111 has taken a fork
2440 81 has taken a fork
2440 77 is eating
2440 87 has taken a fork
2440 71 is eating
2441 120 is thinking
2441 85 has taken a fork
2441 91 has taken a fork
2441 86 has taken a fork
2441 93 has taken a fork
2441 70 is eating
2441 82 has taken a fork
2441 90 has taken a fork
2441 153 is thinking
2441 145 is thinking
2441 117 has taken a fork
2441 74 is eating
2441 76 is eating
2441 95 has taken a fork
2442 106 has taken a fork
2442 97 has taken a fork
2443 98 has taken a fork
2443 92 has taken a fork
2443 72 is eating
2443 80 is eating
2443 79 is eating
2443 88 has taken a fork
2443 83 is eating
2444 101 has taken a fork
2444 78 is eating
2444 100 has taken a fork
2444 126 has taken a fork
2444 121 has taken a fork
2444 129 has taken a fork
2445 115 has taken a fork
2446 118 has taken a fork
2446 110 has taken a fork
2446 142 has taken a fork
2446 127 has taken a fork
2446 131 has taken a fork
2446 125 has taken a fork
2446 96 has taken a fork
2446 94 has taken a fork
2446 139 has taken a fork
2446 124 has taken a fork
2446 143 is thinking
2446 119 has taken a fork
2446 122 has taken a fork
2447 108 has taken a fork
2447 114 has taken a fork
2448 89 is eating
2448 123 is thinking
2449 140 is thinking
2449 99 has taken a fork
2449 136 is thinking
2450 107 has taken a fork
2451 113 has taken a fork
2452 104 has taken a fork
2452 112 has taken a fork
2452 102 has taken a fork
2452 84 is eating
2452 135 has taken a fork
2452 128 has taken a fork
2453 132 is thinking
2454 116 has taken a fork
2454 103 has taken a fork
2454 105 has taken a fork
2454 109 has taken a fork
2454 134 is thinking
2455 144 is thinking
2455 111 has taken a fork
2455 81 is eating
2456 87 is eating
2459 120 has taken a fork
2459 85 is eating
2459 91 is eating
2459 86 is eating
2459 93 is eating
2460 82 is eating
2460 90 is eating
2460 153 has taken a fork
2460 145 has taken a fork
2460 117 has taken a fork
2461 95 is eating
2461 106 has taken a fork
2461 97 is eating
2462 98 is eating
2462 92 is eating
2462 88 is eating
2462 101 is eating
2462 100 is eating
2462 126 has taken a fork
2462 121 has taken a fork
2463 129 has taken a fork
2463 115 has taken a fork
2463 133 is thinking
2463 118 has taken a fork
2463 110 has taken a fork
2463 142 has taken a fork
2464 127 has taken a fork
2464 131 has taken a fork
2466 125 has taken a fork
2466 96 is eating
2466 94 is eating
2466 139 has taken a fork
2466 124 has taken a fork
2467 143 has taken a fork
2467 119 has taken a fork
2467 122 has taken a fork
2468 108 is eating
2470 114 is eating
2470 123 has taken a fork
2470 147 is thinking
2472 140 has taken a fork
2472 99 is eating
2472 136 has taken a fork
2472 107 is eating
2472 113 is eating
2472 104 is eating
2472 112 is eating
2473 102 is eating
2473 135 has taken a fork
2473 128 is eating
2473 132 has taken a fork
2473 116 is eating
2473 103 is eating
2474 105 is eating
2474 109 is eating
2474 111 is eating
2474 130 is thinking
2475 138 is thinking
2475 134 has taken a fork
2475 150 is thinking
2475 141 is thinking
2476 148 is thinking
2476 120 has taken a fork
2476 144 has taken a fork
2476 153 has taken a fork
2476 145 has taken a fork
2476 117 is eating
2477 106 is eating
2478 126 is eating
2478 121 is eating
2478 158 is thinking
2478 129 is eating
2480 115 is eating
2480 151 is thinking
2480 118 is eating
2480 110 is eating
2481 142 is eating
2481 133 has taken a fork
2481 127 is eating
2481 131 is eating
2481 154 is thinking
2481 125 is eating
2481 139 is eating
2481 124 is eating
2482 143 has taken a fork
2482 119 is eating
2483 122 is eating
2483 161 is thinking
2483 152 is thinking
2483 137 is thinking
2483 146 is thinking
2483 149 is thinking
2483 155 is thinking
2483 156 is thinking
2484 123 has taken a fork
2485 147 has taken a fork
2485 167 is thinking
2485 140 has taken a fork
2485 136 has taken a fork
2486 159 is thinking
2486 135 is eating
2486 132 has taken a fork
2486 130 has taken a fork
2486 138 has taken a fork
2487 134 has taken a fork
2487 150 has taken a fork
2487 141 has taken a fork
2487 148 has taken a fork
2487 120 is eating
2487 144 has taken a fork
2487 153 is eating
2487 145 is eating
2488 157 is thinking
2489 163 is thinking
2489 158 has taken a fork
2489 165 is thinking
2489 160 is thinking
2489 151 has taken a fork
2489 133 has taken a fork
2490 154 has taken a fork
2490 174 is thinking
2490 143 is eating
2490 161 has taken a fork
2491 152 has taken a fork
2491 137 has taken a fork
2491 146 has taken a fork
2491 149 has taken a fork
2491 123 is eating
2491 147 has taken a fork
2492 155 has taken a fork
2492 140 is eating
2492 136 is eating
2492 156 has taken a fork
2492 167 has taken a fork
2492 130 has taken a fork
2493 132 is eating
2493 138 has taken a fork
2493 134 is eating
2493 150 has taken a fork
2493 141 has taken a fork
2494 148 has taken a fork
2494 159 has taken a fork
2494 144 is eating
2496 170 is thinking
2496 158 has taken a fork
2496 151 has taken a fork
2496 133 is eating
2496 157 has taken a fork
2497 162 is thinking
2497 169 is thinking
2497 154 has taken a fork
2497 163 has taken a fork
2497 161 has taken a fork
2497 152 has taken a fork
2497 137 has taken a fork
2498 165 has taken a fork
2498 146 has taken a fork
2499 149 has taken a fork
2499 147 is eating
2499 155 has taken a fork
2499 156 has taken a fork
2499 167 has taken a fork
2499 130 is eating
2499 160 has taken a fork
2499 138 is eating
2499 150 is eating
2499 141 is eating
2499 171 is thinking
2501 148 is eating
2501 159 has taken a fork
2501 174 has taken a fork
2501 158 is eating
2501 151 is eating
2501 157 has taken a fork
2502 170 has taken a fork
2502 154 is eating
2502 163 has taken a fork
2502 161 is eating
2502 152 is eating
2502 137 is eating
2502 165 has taken a fork
2502 146 is eating
2504 162 has taken a fork
2506 149 is eating
2506 155 is eating
2506 156 is eating
2506 167 is eating
2506 160 has taken a fork
2506 175 is thinking
2506 164 is thinking
2506 171 has taken a fork
2507 173 is thinking
2508 172 is thinking
2508 169 has taken a fork
2508 159 is eating
2508 174 has taken a fork
2508 157 is eating
2509 170 has taken a fork
2509 163 is eating
2509 165 is eating
2509 162 has taken a fork
2509 166 is thinking
2509 184 is thinking
2510 160 is eating
2510 175 has taken a fork
2510 171 has taken a fork
2510 164 has taken a fork
2510 177 is thinking
2510 179 is thinking
2510 176 is thinking
2511 183 is thinking
2511 182 is thinking
2511 168 is thinking
2511 169 has taken a fork
2511 174 is eating
2513 173 has taken a fork
2513 187 is thinking
2514 170 is eating
2514 172 has taken a fork
2514 162 is eating
2514 181 is thinking
2514 175 has taken a fork
2514 171 is eating
2514 164 has taken a fork
2514 166 has taken a fork
2515 184 has taken a fork
2515 169 is eating
2515 173 has taken a fork
2515 195 is thinking
2515 189 is thinking
2515 177 has taken a fork
2516 176 has taken a fork
2516 179 has taken a fork
2516 172 has taken a fork
2516 175 is eating
2516 164 is eating
2516 193 is thinking
2516 166 has taken a fork
2516 178 is thinking
2516 184 has taken a fork
2517 173 is eating
2517 177 has taken a fork
2517 176 has taken a fork
2517 179 has taken a fork
2518 183 has taken a fork
2518 172 is eating
2518 166 is eating
2518 184 is eating
2518 182 has taken a fork
2519 177 is eating
2519 176 is eating
2519 179 is eating
2519 185 is thinking
2519 183 has taken a fork
2519 182 has taken a fork
2519 183 is eating
2519 182 is eating
2521 192 is thinking
2521 190 is thinking
2522 191 is thinking
2522 168 has taken a fork
2522 168 has taken a fork
2522 168 is eating
2523 180 is thinking
2525 187 has taken a fork
2525 187 has taken a fork
2525 187 is eating
2528 186 is thinking
2528 181 has taken a fork
2528 181 has taken a fork
2528 181 is eating
2528 188 is thinking
2529 198 is thinking
2529 197 is thinking
2529 195 has taken a fork
2529 195 has taken a fork
2529 195 is eating
2531 189 has taken a fork
2531 189 has taken a fork
2531 189 is eating
2531 193 has taken a fork
2531 193 has taken a fork
2531 193 is eating
2531 178 has taken a fork
2531 178 has taken a fork
2531 178 is eating
2531 185 has taken a fork
2531 185 has taken a fork
2531 185 is eating
2532 194 is thinking
2532 192 has taken a fork
2532 190 has taken a fork
2532 192 has taken a fork
2532 190 has taken a fork
2532 192 is eating
2532 190 is eating
2534 196 is thinking
2534 191 has taken a fork
2534 191 has taken a fork
2534 191 is eating
2535 186 has taken a fork
2535 186 has taken a fork
2535 186 is eating
2535 188 has taken a fork
2535 198 has taken a fork
2538 180 has taken a fork
2538 188 has taken a fork
2538 198 has taken a fork
2538 197 has taken a fork
2538 194 has taken a fork
2538 180 has taken a fork
2538 188 is eating
2538 198 is eating
2538 197 has taken a fork
2538 194 has taken a fork
2541 180 is eating
2541 197 is eating
2541 194 is eating
2542 196 has taken a fork
2542 196 has taken a fork
2542 196 is eating
