0 45 has taken a fork
0 45 has taken a fork
0 45 is eating
0 69 has taken a fork
0 69 has taken a fork
0 69 is eating
0 27 has taken a fork
0 27 has taken a fork
0 27 is eating
0 29 has taken a fork
0 29 has taken a fork
0 29 is eating
0 197 has taken a fork
0 197 has taken a fork
0 197 is eating
0 43 has taken a fork
0 43 has taken a fork
0 43 is eating
1 141 has taken a fork
1 141 has taken a fork
1 141 is eating
1 33 has taken a fork
1 33 has taken a fork
1 33 is eating
1 183 has taken a fork
1 183 has taken a fork
1 183 is eating
1 65 has taken a fork
1 65 has taken a fork
1 65 is eating
1 19 has taken a fork
1 19 has taken a fork
1 19 is eating
1 35 has taken a fork
1 35 has taken a fork
1 35 is eating
1 5 has taken a fork
1 5 has taken a fork
1 5 is eating
1 3 has taken a fork
1 3 has taken a fork
1 3 is eating
1 145 has taken a fork
1 145 has taken a fork
1 145 is eating
1 169 has taken a fork
1 169 has taken a fork
1 169 is eating
1 133 has taken a fork
1 133 has taken a fork
1 133 is eating
1 109 has taken a fork
1 109 has taken a fork
1 109 is eating
1 179 has taken a fork
1 179 has taken a fork
1 179 is eating
1 11 has taken a fork
1 11 has taken a fork
1 11 is eating
1 63 has taken a fork
1 63 has taken a fork
1 63 is eating
1 157 has taken a fork
1 157 has taken a fork
1 157 is eating
1 103 has taken a fork
1 103 has taken a fork
1 103 is eating
1 77 has taken a fork
1 77 has taken a fork
1 77 is eating
1 25 has taken a fork
1 25 has taken a fork
1 25 is eating
1 15 has taken a fork
1 15 has taken a fork
1 15 is eating
1 59 has taken a fork
1 59 has taken a fork
1 59 is eating
1 195 has taken a fork
1 195 has taken a fork
1 195 is eating
1 189 has taken a fork
1 189 has taken a fork
1 189 is eating
1 97 has taken a fork
1 97 has taken a fork
1 97 is eating
1 89 has taken a fork
1 89 has taken a fork
1 89 is eating
1 55 has taken a fork
1 55 has taken a fork
1 55 is eating
1 79 has taken a fork
1 79 has taken a fork
1 79 is eating
1 181 has taken a fork
1 181 has taken a fork
1 181 is eating
1 39 has taken a fork
1 39 has taken a fork
1 39 is eating
1 165 has taken a fork
1 165 has taken a fork
1 165 is eating
1 117 has taken a fork
1 117 has taken a fork
1 117 is eating
1 171 has taken a fork
1 171 has taken a fork
1 171 is eating
1 95 has taken a fork
1 95 has taken a fork
1 95 is eating
1 153 has taken a fork
1 153 has taken a fork
1 153 is eating
1 185 has taken a fork
1 185 has taken a fork
1 185 is eating
1 107 has taken a fork
1 107 has taken a fork
1 107 is eating
1 131 has taken a fork
1 131 has taken a fork
1 131 is eating
1 23 has taken a fork
1 23 has taken a fork
1 23 is eating
1 21 has taken a fork
1 21 has taken a fork
1 21 is eating
1 85 has taken a fork
1 85 has taken a fork
1 85 is eating
1 121 has taken a fork
1 121 has taken a fork
1 121 is eating
2 173 has taken a fork
2 173 has taken a fork
2 173 is eating
3 135 has taken a fork
3 135 has taken a fork
3 135 is eating
3 13 has taken a fork
3 13 has taken a fork
3 13 is eating
3 91 has taken a fork
3 91 has taken a fork
3 91 is eating
3 83 has taken a fork
3 83 has taken a fork
3 83 is eating
3 175 has taken a fork
3 175 has taken a fork
3 175 is eating
3 191 has taken a fork
3 191 has taken a fork
3 191 is eating
3 115 has taken a fork
3 115 has taken a fork
3 115 is eating
3 31 has taken a fork
3 31 has taken a fork
3 31 is eating
3 93 has taken a fork
3 93 has taken a fork
3 93 is eating
3 139 has taken a fork
3 139 has taken a fork
3 139 is eating
3 167 has taken a fork
3 167 has taken a fork
3 167 is eating
3 199 has taken a fork
3 199 has taken a fork
3 199 is eating
4 71 has taken a fork
4 71 has taken a fork
4 71 is eating
4 129 has taken a fork
4 129 has taken a fork
4 129 is eating
4 9 has taken a fork
4 9 has taken a fork
4 9 is eating
4 53 has taken a fork
4 53 has taken a fork
4 53 is eating
4 111 has taken a fork
4 111 has taken a fork
4 111 is eating
4 37 has taken a fork
4 37 has taken a fork
4 37 is eating
4 99 has taken a fork
4 99 has taken a fork
4 99 is eating
4 193 has taken a fork
4 193 has taken a fork
4 193 is eating
4 155 has taken a fork
4 155 has taken a fork
4 155 is eating
4 1 has taken a fork
4 1 has taken a fork
4 1 is eating
4 159 has taken a fork
4 159 has taken a fork
4 159 is eating
4 17 has taken a fork
4 17 has taken a fork
4 17 is eating
4 147 has taken a fork
4 147 has taken a fork
4 147 is eating
5 41 has taken a fork
5 41 has taken a fork
5 41 is eating
5 143 has taken a fork
5 143 has taken a fork
5 143 is eating
5 81 has taken a fork
5 81 has taken a fork
5 81 is eating
5 49 has taken a fork
5 49 has taken a fork
5 49 is eating
5 127 has taken a fork
5 127 has taken a fork
5 127 is eating
6 73 has taken a fork
6 73 has taken a fork
6 73 is eating
6 125 has taken a fork
6 125 has taken a fork
6 125 is eating
6 67 has taken a fork
6 67 has taken a fork
6 67 is eating
6 161 has taken a fork
6 161 has taken a fork
6 161 is eating
6 163 has taken a fork
6 163 has taken a fork
6 163 is eating
6 101 has taken a fork
6 101 has taken a fork
6 101 is eating
7 113 has taken a fork
7 113 has taken a fork
7 113 is eating
7 51 has taken a fork
7 51 has taken a fork
7 51 is eating
7 187 has taken a fork
7 187 has taken a fork
7 187 is eating
7 123 has taken a fork
7 123 has taken a fork
7 123 is eating
7 177 has taken a fork
7 177 has taken a fork
7 177 is eating
8 61 has taken a fork
8 61 has taken a fork
8 61 is eating
8 149 has taken a fork
8 149 has taken a fork
8 149 is eating
8 75 has taken a fork
8 75 has taken a fork
8 75 is eating
8 47 has taken a fork
8 47 has taken a fork
8 47 is eating
8 105 has taken a fork
8 105 has taken a fork
8 105 is eating
9 87 has taken a fork
9 87 has taken a fork
9 87 is eating
9 57 has taken a fork
9 57 has taken a fork
9 57 is eating
10 7 has taken a fork
10 7 has taken a fork
10 7 is eating
10 119 has taken a fork
10 119 has taken a fork
10 119 is eating
10 151 has taken a fork
10 151 has taken a fork
10 151 is eating
10 137 has taken a fork
10 137 has taken a fork
10 137 is eating
100 69 is sleeping
100 197 is sleeping
100 45 is sleeping
100 29 is sleeping
100 27 is sleeping
100 28 has taken a fork
100 28 has taken a fork
100 28 is eating
101 179 is sleeping
101 141 is sleeping
101 165 is sleeping
101 133 is sleeping
101 21 is sleeping
101 19 is sleeping
101 39 is sleeping
101 55 is sleeping
101 15 is sleeping
101 43 is sleeping
101 153 is sleeping
101 171 is sleeping
101 189 is sleeping
101 117 is sleeping
101 3 is sleeping
101 35 is sleeping
101 4 has taken a fork
101 4 has taken a fork
101 4 is eating
101 157 is sleeping
101 170 has taken a fork
101 170 has taken a fork
101 170 is eating
101 79 is sleeping
101 107 is sleeping
101 33 is sleeping
101 109 is sleeping
101 59 is sleeping
101 132 has taken a fork
101 132 has taken a fork
101 132 is eating
101 183 is sleeping
101 97 is sleeping
101 96 has taken a fork
101 96 has taken a fork
101 96 is eating
101 145 is sleeping
101 65 is sleeping
101 185 is sleeping
101 77 is sleeping
101 26 has taken a fork
101 26 has taken a fork
101 26 is eating
101 5 is sleeping
101 196 has taken a fork
101 196 has taken a fork
101 196 is eating
101 34 has taken a fork
101 34 has taken a fork
101 34 is eating
101 11 is sleeping
101 89 is sleeping
101 121 is sleeping
101 63 is sleeping
101 78 has taken a fork
101 78 has taken a fork
101 78 is eating
101 20 has taken a fork
101 20 has taken a fork
101 20 is eating
101 25 is sleeping
101 64 has taken a fork
101 64 has taken a fork
101 64 is eating
101 108 has taken a fork
101 108 has taken a fork
101 108 is eating
101 184 has taken a fork
101 184 has taken a fork
101 184 is eating
101 85 is sleeping
101 182 has taken a fork
101 182 has taken a fork
101 182 is eating
101 44 has taken a fork
101 44 has taken a fork
101 44 is eating
101 172 has taken a fork
101 172 has taken a fork
101 172 is eating
101 173 is sleeping
101 169 is sleeping
101 23 is sleeping
101 22 has taken a fork
101 22 has taken a fork
101 22 is eating
101 103 is sleeping
102 83 is sleeping
102 24 has taken a fork
102 24 has taken a fork
102 24 is eating
102 131 is sleeping
102 31 is sleeping
102 32 has taken a fork
102 32 has taken a fork
102 32 is eating
102 94 has taken a fork
102 94 has taken a fork
102 94 is eating
102 168 has taken a fork
102 168 has taken a fork
102 168 is eating
102 139 is sleeping
102 93 is sleeping
102 180 has taken a fork
102 180 has taken a fork
102 180 is eating
102 195 is sleeping
102 199 is sleeping
102 9 is sleeping
102 111 is sleeping
102 110 has taken a fork
102 110 has taken a fork
102 110 is eating
102 198 has taken a fork
102 198 has taken a fork
102 198 is eating
102 10 has taken a fork
102 10 has taken a fork
102 10 is eating
102 166 has taken a fork
102 166 has taken a fork
102 166 is eating
102 135 is sleeping
102 115 is sleeping
102 134 has taken a fork
102 134 has taken a fork
102 134 is eating
102 90 has taken a fork
102 90 has taken a fork
102 90 is eating
102 181 is sleeping
102 174 has taken a fork
102 174 has taken a fork
102 174 is eating
102 92 has taken a fork
102 92 has taken a fork
102 92 is eating
102 140 has taken a fork
102 140 has taken a fork
102 140 is eating
102 175 is sleeping
102 95 is sleeping
102 12 has taken a fork
102 12 has taken a fork
102 12 is eating
102 13 is sleeping
102 191 is sleeping
102 14 has taken a fork
102 14 has taken a fork
102 14 is eating
102 116 has taken a fork
102 116 has taken a fork
102 116 is eating
102 167 is sleeping
103 1 is sleeping
103 53 is sleeping
103 99 is sleeping
103 101 is sleeping
103 37 is sleeping
103 30 has taken a fork
103 30 has taken a fork
103 30 is eating
103 129 is sleeping
103 91 is sleeping
103 193 is sleeping
103 130 has taken a fork
103 130 has taken a fork
103 130 is eating
103 155 is sleeping
103 2 has taken a fork
103 2 has taken a fork
103 2 is eating
103 81 is sleeping
103 73 is sleeping
103 154 has taken a fork
103 154 has taken a fork
103 154 is eating
103 98 has taken a fork
103 98 has taken a fork
103 98 is eating
103 17 is sleeping
103 100 has taken a fork
103 100 has taken a fork
103 100 is eating
103 163 is sleeping
103 40 has taken a fork
103 40 has taken a fork
103 40 is eating
103 127 is sleeping
103 42 has taken a fork
103 42 has taken a fork
103 42 is eating
103 102 has taken a fork
103 102 has taken a fork
103 102 is eating
103 161 is sleeping
103 16 has taken a fork
103 16 has taken a fork
103 16 is eating
103 147 is sleeping
103 143 is sleeping
103 18 has taken a fork
103 18 has taken a fork
103 18 is eating
103 71 is sleeping
103 190 has taken a fork
103 190 has taken a fork
103 190 is eating
103 200 has taken a fork
103 200 has taken a fork
103 200 is eating
103 142 has taken a fork
103 142 has taken a fork
103 142 is eating
103 164 has taken a fork
103 164 has taken a fork
103 164 is eating
103 156 has taken a fork
103 156 has taken a fork
103 156 is eating
103 162 has taken a fork
103 162 has taken a fork
103 162 is eating
103 159 is sleeping
103 80 has taken a fork
103 80 has taken a fork
103 80 is eating
103 194 has taken a fork
103 194 has taken a fork
103 194 is eating
103 38 has taken a fork
103 38 has taken a fork
103 38 is eating
103 160 has taken a fork
103 160 has taken a fork
103 160 is eating
103 72 has taken a fork
103 72 has taken a fork
103 72 is eating
103 82 has taken a fork
103 82 has taken a fork
103 82 is eating
103 41 is sleeping
103 128 has taken a fork
103 128 has taken a fork
103 128 is eating
103 70 has taken a fork
103 70 has taken a fork
103 70 is eating
103 49 is sleeping
103 146 has taken a fork
103 146 has taken a fork
103 146 is eating
103 144 has taken a fork
103 144 has taken a fork
103 144 is eating
104 123 is sleeping
104 84 has taken a fork
104 84 has taken a fork
104 84 is eating
104 61 is sleeping
104 158 has taken a fork
104 158 has taken a fork
104 158 is eating
104 192 has taken a fork
104 192 has taken a fork
104 192 is eating
104 54 has taken a fork
104 54 has taken a fork
104 54 is eating
104 60 has taken a fork
104 60 has taken a fork
104 60 is eating
104 187 is sleeping
104 122 has taken a fork
104 122 has taken a fork
104 122 is eating
104 176 has taken a fork
104 176 has taken a fork
104 176 is eating
104 186 has taken a fork
104 186 has taken a fork
104 186 is eating
104 188 has taken a fork
104 188 has taken a fork
104 188 is eating
104 47 is sleeping
104 113 is sleeping
104 125 is sleeping
104 51 is sleeping
104 149 is sleeping
104 75 is sleeping
104 177 is sleeping
104 76 has taken a fork
104 76 has taken a fork
104 76 is eating
104 36 has taken a fork
104 36 has taken a fork
104 36 is eating
104 50 has taken a fork
104 50 has taken a fork
104 50 is eating
104 48 has taken a fork
104 48 has taken a fork
104 48 is eating
104 67 is sleeping
104 124 has taken a fork
104 124 has taken a fork
104 124 is eating
104 66 has taken a fork
104 66 has taken a fork
104 66 is eating
104 74 has taken a fork
104 74 has taken a fork
104 74 is eating
104 46 has taken a fork
104 46 has taken a fork
104 46 is eating
104 62 has taken a fork
104 62 has taken a fork
104 62 is eating
104 126 has taken a fork
104 126 has taken a fork
104 126 is eating
104 52 has taken a fork
104 52 has taken a fork
104 52 is eating
105 114 has taken a fork
105 114 has taken a fork
105 114 is eating
105 148 has taken a fork
105 148 has taken a fork
105 148 is eating
105 87 is sleeping
105 88 has taken a fork
105 88 has taken a fork
105 88 is eating
105 137 is sleeping
105 8 has taken a fork
105 8 has taken a fork
105 8 is eating
105 138 has taken a fork
105 138 has taken a fork
105 138 is eating
105 68 has taken a fork
105 68 has taken a fork
105 68 is eating
105 105 is sleeping
105 178 has taken a fork
105 178 has taken a fork
105 178 is eating
105 112 has taken a fork
105 112 has taken a fork
105 112 is eating
105 7 is sleeping
105 6 has taken a fork
105 6 has taken a fork
105 6 is eating
105 56 has taken a fork
105 56 has taken a fork
105 56 is eating
105 118 has taken a fork
105 118 has taken a fork
105 118 is eating
105 106 has taken a fork
105 106 has taken a fork
105 106 is eating
105 104 has taken a fork
105 104 has taken a fork
105 104 is eating
105 86 has taken a fork
105 86 has taken a fork
105 86 is eating
105 58 has taken a fork
105 58 has taken a fork
105 58 is eating
105 152 has taken a fork
105 152 has taken a fork
105 152 is eating
105 136 has taken a fork
105 136 has taken a fork
105 136 is eating
105 119 is sleeping
105 57 is sleeping
105 120 has taken a fork
105 120 has taken a fork
105 120 is eating
106 151 is sleeping
106 150 has taken a fork
106 150 has taken a fork
106 150 is eating
201 182 is sleeping
201 108 is sleeping
201 196 is sleeping
201 172 is sleeping
201 44 is sleeping
201 26 is sleeping
201 34 is sleeping
201 96 is sleeping
201 170 is sleeping
201 184 is sleeping
201 20 is sleeping
201 28 is sleeping
201 64 is sleeping
201 132 is sleeping
202 10 is sleeping
202 22 is sleeping
202 168 is sleeping
202 140 is sleeping
202 78 is sleeping
202 90 is sleeping
202 4 is sleeping
202 32 is sleeping
202 134 is sleeping
202 180 is sleeping
202 24 is sleeping
202 174 is sleeping
202 92 is sleeping
202 198 is sleeping
202 110 is sleeping
202 116 is sleeping
202 14 is sleeping
202 166 is sleeping
202 94 is sleeping
202 12 is sleeping
203 82 is sleeping
203 194 is sleeping
203 80 is sleeping
203 146 is sleeping
203 142 is sleeping
203 154 is sleeping
203 38 is sleeping
203 160 is sleeping
203 164 is sleeping
203 144 is sleeping
203 162 is sleeping
203 18 is sleeping
203 130 is sleeping
203 70 is sleeping
203 40 is sleeping
203 200 is sleeping
203 100 is sleeping
203 42 is sleeping
203 190 is sleeping
203 2 is sleeping
204 124 is sleeping
204 46 is sleeping
204 74 is sleeping
204 62 is sleeping
204 54 is sleeping
204 84 is sleeping
204 50 is sleeping
204 158 is sleeping
204 36 is sleeping
204 192 is sleeping
204 48 is sleeping
204 52 is sleeping
204 66 is sleeping
204 76 is sleeping
204 128 is sleeping
204 126 is sleeping
204 102 is sleeping
204 30 is sleeping
204 156 is sleeping
204 122 is sleeping
204 98 is sleeping
204 188 is sleeping
204 186 is sleeping
204 176 is sleeping
204 60 is sleeping
205 56 is sleeping
205 152 is sleeping
205 136 is sleeping
205 118 is sleeping
205 114 is sleeping
205 106 is sleeping
205 8 is sleeping
205 120 is sleeping
205 68 is sleeping
205 88 is sleeping
205 6 is sleeping
205 148 is sleeping
205 58 is sleeping
205 178 is sleeping
205 86 is sleeping
205 104 is sleeping
205 72 is sleeping
206 112 is sleeping
206 16 is sleeping
206 138 is sleeping
206 150 is sleeping
300 181 is thinking
300 57 is thinking
300 7 is thinking
300 7 has taken a fork
300 7 has taken a fork
300 7 is eating
300 85 is thinking
300 85 has taken a fork
300 85 has taken a fork
300 85 is eating
300 175 is thinking
300 65 is thinking
300 65 has taken a fork
300 65 has taken a fork
300 65 is eating
300 137 is thinking
300 111 is thinking
300 111 has taken a fork
300 111 has taken a fork
300 111 is eating
300 161 is thinking
300 121 is thinking
300 197 is thinking
300 129 is thinking
300 129 has taken a fork
300 129 has taken a fork
300 129 is eating
300 95 is thinking
300 133 is thinking
300 51 is thinking
300 81 is thinking
300 139 is thinking
300 101 is thinking
300 73 is thinking
300 139 has taken a fork
300 139 has taken a fork
300 139 is eating
300 101 has taken a fork
300 101 has taken a fork
300 101 is eating
300 69 is thinking
300 69 has taken a fork
300 69 has taken a fork
300 69 is eating
300 89 is thinking
300 89 has taken a fork
300 89 has taken a fork
300 89 is eating
300 115 is thinking
300 115 has taken a fork
300 115 has taken a fork
300 115 is eating
300 47 is thinking
300 39 is thinking
300 39 has taken a fork
300 39 has taken a fork
300 39 is eating
300 137 has taken a fork
300 137 has taken a fork
300 137 is eating
300 113 is thinking
300 9 is thinking
300 9 has taken a fork
300 9 has taken a fork
300 9 is eating
300 61 is thinking
300 61 has taken a fork
300 61 has taken a fork
300 61 is eating
300 173 is thinking
300 91 is thinking
300 91 has taken a fork
300 91 has taken a fork
300 91 is eating
300 135 is thinking
300 135 has taken a fork
300 135 has taken a fork
300 135 is eating
300 79 is thinking
300 121 has taken a fork
300 121 has taken a fork
300 121 is eating
300 163 is thinking
300 163 has taken a fork
300 163 has taken a fork
300 163 is eating
300 171 is thinking
300 153 is thinking
300 171 has taken a fork
300 171 has taken a fork
300 171 is eating
300 153 has taken a fork
300 153 has taken a fork
300 153 is eating
300 27 is thinking
300 107 is thinking
300 107 has taken a fork
300 107 has taken a fork
300 107 is eating
300 103 is thinking
300 103 has taken a fork
300 103 has taken a fork
300 103 is eating
300 93 is thinking
300 93 has taken a fork
300 93 has taken a fork
300 93 is eating
300 185 is thinking
300 95 has taken a fork
300 95 has taken a fork
300 95 is eating
300 15 is thinking
300 185 has taken a fork
300 185 has taken a fork
300 185 is eating
300 191 is thinking
300 191 has taken a fork
300 191 has taken a fork
300 191 is eating
300 105 is thinking
300 105 has taken a fork
300 105 has taken a fork
300 105 is eating
300 113 has taken a fork
300 113 has taken a fork
300 113 is eating
300 161 has taken a fork
300 161 has taken a fork
300 161 is eating
300 51 has taken a fork
300 51 has taken a fork
300 51 is eating
300 81 has taken a fork
300 81 has taken a fork
300 81 is eating
300 175 has taken a fork
300 175 has taken a fork
300 175 is eating
300 13 is thinking
300 13 has taken a fork
300 13 has taken a fork
300 13 is eating
300 151 is thinking
300 151 has taken a fork
300 151 has taken a fork
300 151 is eating
300 43 is thinking
300 43 has taken a fork
300 43 has taken a fork
300 43 is eating
301 173 has taken a fork
301 173 has taken a fork
301 173 is eating
301 67 is thinking
301 97 is thinking
301 155 is thinking
301 77 is thinking
301 97 has taken a fork
301 97 has taken a fork
301 97 is eating
301 159 is thinking
301 119 is thinking
301 189 is thinking
301 83 is thinking
301 83 has taken a fork
301 83 has taken a fork
301 83 is eating
301 109 is thinking
301 109 has taken a fork
301 109 has taken a fork
301 109 is eating
301 131 is thinking
301 131 has taken a fork
301 131 has taken a fork
301 131 is eating
301 147 is thinking
301 123 is thinking
301 59 is thinking
301 59 has taken a fork
301 59 has taken a fork
301 59 is eating
301 133 has taken a fork
301 133 has taken a fork
301 133 is eating
301 187 is thinking
301 165 is thinking
301 165 has taken a fork
301 165 has taken a fork
301 165 is eating
301 117 is thinking
301 117 has taken a fork
301 117 has taken a fork
301 117 is eating
301 73 has taken a fork
301 73 has taken a fork
301 73 is eating
301 41 is thinking
301 41 has taken a fork
301 41 has taken a fork
301 41 is eating
301 169 is thinking
301 169 has taken a fork
301 169 has taken a fork
301 169 is eating
301 5 is thinking
301 31 is thinking
301 31 has taken a fork
301 31 has taken a fork
301 31 is eating
301 143 is thinking
301 143 has taken a fork
301 143 has taken a fork
301 143 is eating
301 35 is thinking
301 25 is thinking
301 63 is thinking
301 63 has taken a fork
301 63 has taken a fork
301 63 is eating
301 141 is thinking
301 141 has taken a fork
301 141 has taken a fork
301 141 is eating
301 189 has taken a fork
301 189 has taken a fork
301 189 is eating
301 3 is thinking
301 3 has taken a fork
301 3 has taken a fork
301 3 is eating
301 127 is thinking
301 127 has taken a fork
301 127 has taken a fork
301 127 is eating
301 77 has taken a fork
301 77 has taken a fork
301 77 is eating
302 155 has taken a fork
302 155 has taken a fork
302 155 is eating
302 1 is thinking
302 167 is thinking
302 167 has taken a fork
302 167 has taken a fork
302 167 is eating
302 147 has taken a fork
302 147 has taken a fork
302 147 is eating
302 197 has taken a fork
302 197 has taken a fork
302 197 is eating
302 23 is thinking
302 23 has taken a fork
302 23 has taken a fork
302 23 is eating
302 149 is thinking
302 149 has taken a fork
302 149 has taken a fork
302 149 is eating
302 55 is thinking
302 55 has taken a fork
302 55 has taken a fork
302 55 is eating
302 157 is thinking
302 157 has taken a fork
302 157 has taken a fork
302 157 is eating
302 37 is thinking
302 37 has taken a fork
302 37 has taken a fork
302 37 is eating
302 87 is thinking
302 87 has taken a fork
302 87 has taken a fork
302 87 is eating
302 17 is thinking
302 17 has taken a fork
302 17 has taken a fork
302 17 is eating
302 49 is thinking
302 49 has taken a fork
302 49 has taken a fork
302 49 is eating
302 45 is thinking
302 45 has taken a fork
302 45 has taken a fork
302 45 is eating
302 57 has taken a fork
302 57 has taken a fork
302 57 is eating
302 187 has taken a fork
302 187 has taken a fork
302 187 is eating
302 19 is thinking
302 19 has taken a fork
302 19 has taken a fork
302 19 is eating
303 11 is thinking
303 99 is thinking
303 99 has taken a fork
303 99 has taken a fork
303 99 is eating
303 33 is thinking
303 33 has taken a fork
303 33 has taken a fork
303 33 is eating
303 145 is thinking
303 145 has taken a fork
303 145 has taken a fork
303 145 is eating
303 35 has taken a fork
303 35 has taken a fork
303 35 is eating
303 5 has taken a fork
303 5 has taken a fork
303 5 is eating
303 25 has taken a fork
303 25 has taken a fork
303 25 is eating
303 119 has taken a fork
303 119 has taken a fork
303 119 is eating
303 183 is thinking
303 183 has taken a fork
303 183 has taken a fork
303 183 is eating
303 193 is thinking
303 193 has taken a fork
303 193 has taken a fork
303 193 is eating
303 71 is thinking
303 71 has taken a fork
303 71 has taken a fork
303 71 is eating
303 199 is thinking
303 199 has taken a fork
303 199 has taken a fork
303 199 is eating
303 47 has taken a fork
303 47 has taken a fork
303 47 is eating
303 123 has taken a fork
303 123 has taken a fork
303 123 is eating
303 1 has taken a fork
303 1 has taken a fork
303 1 is eating
303 21 is thinking
303 21 has taken a fork
303 21 has taken a fork
303 21 is eating
303 179 is thinking
303 179 has taken a fork
303 179 has taken a fork
303 179 is eating
303 53 is thinking
303 53 has taken a fork
303 53 has taken a fork
303 53 is eating
304 67 has taken a fork
304 67 has taken a fork
304 67 is eating
304 29 is thinking
304 29 has taken a fork
304 29 has taken a fork
304 29 is eating
304 159 has taken a fork
304 159 has taken a fork
304 159 is eating
304 181 has taken a fork
304 181 has taken a fork
304 181 is eating
304 15 has taken a fork
304 15 has taken a fork
304 15 is eating
304 195 is thinking
304 195 has taken a fork
304 195 has taken a fork
304 195 is eating
304 27 has taken a fork
304 27 has taken a fork
304 27 is eating
304 177 is thinking
304 177 has taken a fork
304 177 has taken a fork
304 177 is eating
304 75 is thinking
304 75 has taken a fork
304 75 has taken a fork
304 75 is eating
304 79 has taken a fork
304 79 has taken a fork
304 79 is eating
304 125 is thinking
304 125 has taken a fork
304 125 has taken a fork
304 125 is eating
304 11 has taken a fork
304 11 has taken a fork
304 11 is eating
400 171 is sleeping
400 103 is sleeping
400 135 is sleeping
400 95 is sleeping
400 163 is sleeping
400 153 is sleeping
400 137 is sleeping
400 43 is sleeping
400 115 is sleeping
400 7 is sleeping
400 13 is sleeping
400 105 is sleeping
400 151 is sleeping
400 113 is sleeping
400 65 is sleeping
400 93 is sleeping
400 89 is sleeping
400 161 is sleeping
400 129 is sleeping
400 81 is sleeping
400 85 is sleeping
400 101 is sleeping
400 51 is sleeping
400 111 is sleeping
400 69 is sleeping
400 9 is sleeping
400 139 is sleeping
400 91 is sleeping
400 28 is thinking
400 121 is sleeping
400 61 is sleeping
400 107 is sleeping
400 39 is sleeping
400 175 is sleeping
400 191 is sleeping
400 185 is sleeping
401 143 is sleeping
401 3 is sleeping
401 132 is thinking
401 22 is thinking
401 26 is thinking
401 133 is sleeping
401 34 is thinking
401 73 is sleeping
401 197 is sleeping
401 109 is sleeping
401 41 is sleeping
401 44 is thinking
401 173 is sleeping
401 63 is sleeping
401 172 is thinking
401 172 has taken a fork
401 172 has taken a fork
401 172 is eating
401 182 is thinking
401 132 has taken a fork
401 132 has taken a fork
401 132 is eating
401 189 is sleeping
401 127 is sleeping
401 59 is sleeping
401 141 is sleeping
401 31 is sleeping
401 83 is sleeping
401 169 is sleeping
402 20 is thinking
402 90 is thinking
402 79 is sleeping
402 190 is thinking
402 35 is sleeping
402 10 is thinking
402 165 is sleeping
402 166 is thinking
402 32 is thinking
402 57 is sleeping
402 45 is sleeping
402 87 is sleeping
402 12 is thinking
402 174 is thinking
402 174 has taken a fork
402 174 has taken a fork
402 174 is eating
402 96 is thinking
402 47 is sleeping
402 166 has taken a fork
402 166 has taken a fork
402 166 is eating
402 131 is sleeping
402 14 is thinking
402 14 has taken a fork
402 14 has taken a fork
402 14 is eating
402 97 is sleeping
402 30 is thinking
402 170 is thinking
402 170 has taken a fork
402 170 has taken a fork
402 170 is eating
402 44 has taken a fork
402 44 has taken a fork
402 44 is eating
402 198 is thinking
402 116 is thinking
402 116 has taken a fork
402 116 has taken a fork
402 116 is eating
402 17 is sleeping
402 55 is sleeping
402 181 is sleeping
402 4 is thinking
402 90 has taken a fork
402 90 has taken a fork
402 90 is eating
402 4 has taken a fork
402 4 has taken a fork
402 4 is eating
402 27 is sleeping
403 72 is thinking
403 162 is thinking
403 25 is sleeping
403 18 is thinking
403 164 is thinking
403 70 is thinking
403 49 is sleeping
403 42 is thinking
403 42 has taken a fork
403 42 has taken a fork
403 42 is eating
403 117 is sleeping
403 156 is thinking
403 156 has taken a fork
403 156 has taken a fork
403 156 is eating
403 146 is thinking
403 1 is sleeping
403 80 is thinking
403 80 has taken a fork
403 80 has taken a fork
403 80 is eating
403 40 is thinking
403 40 has taken a fork
403 40 has taken a fork
403 40 is eating
403 144 is thinking
403 94 is thinking
403 64 is thinking
403 94 has taken a fork
403 94 has taken a fork
403 94 is eating
403 64 has taken a fork
403 64 has taken a fork
403 64 is eating
403 21 is sleeping
403 183 is sleeping
403 20 has taken a fork
403 20 has taken a fork
403 20 is eating
403 123 is sleeping
403 16 is thinking
403 160 is thinking
403 154 is thinking
403 16 has taken a fork
403 16 has taken a fork
403 16 is eating
403 154 has taken a fork
403 154 has taken a fork
403 154 is eating
403 134 is thinking
403 128 is thinking
403 134 has taken a fork
403 134 has taken a fork
403 134 is eating
403 24 is thinking
403 24 has taken a fork
403 24 has taken a fork
403 24 is eating
403 72 has taken a fork
403 72 has taken a fork
403 72 is eating
403 164 has taken a fork
403 164 has taken a fork
403 164 is eating
403 146 has taken a fork
403 146 has taken a fork
403 146 is eating
403 182 has taken a fork
403 182 has taken a fork
403 182 is eating
403 32 has taken a fork
403 32 has taken a fork
403 32 is eating
403 198 has taken a fork
403 198 has taken a fork
403 198 is eating
403 23 is sleeping
403 18 has taken a fork
403 18 has taken a fork
403 18 is eating
403 99 is sleeping
403 157 is sleeping
403 53 is sleeping
403 179 is sleeping
403 78 is thinking
403 190 has taken a fork
403 190 has taken a fork
403 190 is eating
403 19 is sleeping
403 162 has taken a fork
403 162 has taken a fork
403 162 is eating
403 96 has taken a fork
403 96 has taken a fork
403 96 is eating
403 145 is sleeping
403 155 is sleeping
403 2 is thinking
403 200 is thinking
403 200 has taken a fork
403 200 has taken a fork
403 200 is eating
403 193 is sleeping
403 22 has taken a fork
403 22 has taken a fork
403 22 is eating
403 33 is sleeping
403 119 is sleeping
403 159 is sleeping
403 102 is thinking
404 29 is sleeping
404 84 is thinking
404 75 is sleeping
404 84 has taken a fork
404 84 has taken a fork
404 84 is eating
404 70 has taken a fork
404 70 has taken a fork
404 70 is eating
404 180 is thinking
404 180 has taken a fork
404 180 has taken a fork
404 180 is eating
404 130 is thinking
404 15 is sleeping
404 66 is thinking
404 110 is thinking
404 110 has taken a fork
404 110 has taken a fork
404 110 is eating
404 158 is thinking
404 158 has taken a fork
404 158 has taken a fork
404 158 is eating
404 147 is sleeping
404 76 is thinking
404 76 has taken a fork
404 76 has taken a fork
404 76 is eating
404 26 has taken a fork
404 26 has taken a fork
404 26 is eating
404 122 is thinking
404 140 is thinking
404 177 is sleeping
404 98 is thinking
404 160 has taken a fork
404 160 has taken a fork
404 160 is eating
404 52 is thinking
404 71 is sleeping
404 52 has taken a fork
404 52 has taken a fork
404 52 is eating
404 37 is sleeping
404 38 is thinking
404 38 has taken a fork
404 38 has taken a fork
404 38 is eating
404 100 is thinking
404 100 has taken a fork
404 100 has taken a fork
404 100 is eating
404 60 is thinking
404 187 is sleeping
404 60 has taken a fork
404 60 has taken a fork
404 60 is eating
404 125 is sleeping
404 188 is thinking
404 188 has taken a fork
404 188 has taken a fork
404 188 is eating
404 30 has taken a fork
404 30 has taken a fork
404 30 is eating
404 148 is thinking
404 148 has taken a fork
404 148 has taken a fork
404 148 is eating
404 112 is thinking
404 112 has taken a fork
404 112 has taken a fork
404 112 is eating
404 184 is thinking
404 184 has taken a fork
404 184 has taken a fork
404 184 is eating
404 54 is thinking
404 54 has taken a fork
404 54 has taken a fork
404 54 is eating
404 124 is thinking
404 124 has taken a fork
404 124 has taken a fork
404 124 is eating
404 149 is sleeping
404 176 is thinking
405 176 has taken a fork
405 176 has taken a fork
405 176 is eating
405 92 is thinking
405 92 has taken a fork
405 92 has taken a fork
405 92 is eating
405 28 has taken a fork
405 28 has taken a fork
405 28 is eating
405 138 is thinking
405 138 has taken a fork
405 138 has taken a fork
405 138 is eating
405 88 is thinking
405 88 has taken a fork
405 88 has taken a fork
405 88 is eating
405 118 is thinking
405 118 has taken a fork
405 118 has taken a fork
405 118 is eating
405 66 has taken a fork
405 66 has taken a fork
405 66 is eating
405 142 is thinking
405 142 has taken a fork
405 142 has taken a fork
405 142 is eating
405 46 is thinking
405 46 has taken a fork
405 46 has taken a fork
405 46 is eating
405 74 is thinking
405 136 is thinking
405 136 has taken a fork
405 136 has taken a fork
405 136 is eating
405 106 is thinking
405 106 has taken a fork
405 106 has taken a fork
405 106 is eating
405 152 is thinking
405 152 has taken a fork
405 152 has taken a fork
405 152 is eating
405 62 is thinking
405 62 has taken a fork
405 62 has taken a fork
405 62 is eating
405 50 is thinking
405 167 is sleeping
405 67 is sleeping
405 48 is thinking
405 168 is thinking
405 5 is sleeping
405 168 has taken a fork
405 168 has taken a fork
405 168 is eating
405 102 has taken a fork
405 102 has taken a fork
405 102 is eating
406 11 is sleeping
406 128 has taken a fork
406 128 has taken a fork
406 128 is eating
406 199 is sleeping
406 34 has taken a fork
406 34 has taken a fork
406 34 is eating
406 12 has taken a fork
406 12 has taken a fork
406 12 is eating
406 195 is sleeping
406 114 is thinking
406 114 has taken a fork
406 114 has taken a fork
406 114 is eating
406 78 has taken a fork
406 78 has taken a fork
406 78 is eating
406 104 is thinking
406 130 has taken a fork
406 130 has taken a fork
406 130 is eating
406 10 has taken a fork
406 10 has taken a fork
406 10 is eating
406 120 is thinking
406 120 has taken a fork
406 120 has taken a fork
406 120 is eating
406 194 is thinking
406 194 has taken a fork
406 194 has taken a fork
406 194 is eating
406 6 is thinking
406 6 has taken a fork
406 6 has taken a fork
406 6 is eating
406 56 is thinking
406 56 has taken a fork
406 56 has taken a fork
406 56 is eating
406 86 is thinking
406 86 has taken a fork
406 86 has taken a fork
406 86 is eating
407 126 is thinking
407 126 has taken a fork
407 126 has taken a fork
407 126 is eating
407 58 is thinking
407 58 has taken a fork
407 58 has taken a fork
407 58 is eating
407 82 is thinking
407 82 has taken a fork
407 82 has taken a fork
407 82 is eating
407 36 is thinking
407 36 has taken a fork
407 36 has taken a fork
407 36 is eating
407 2 has taken a fork
407 2 has taken a fork
407 2 is eating
407 108 is thinking
407 108 has taken a fork
407 108 has taken a fork
407 108 is eating
407 186 is thinking
407 186 has taken a fork
407 186 has taken a fork
407 186 is eating
407 104 has taken a fork
407 104 has taken a fork
407 104 is eating
407 178 is thinking
407 178 has taken a fork
407 178 has taken a fork
407 178 is eating
407 192 is thinking
407 192 has taken a fork
407 192 has taken a fork
407 192 is eating
407 8 is thinking
407 8 has taken a fork
407 8 has taken a fork
407 8 is eating
407 140 has taken a fork
407 140 has taken a fork
407 140 is eating
407 122 has taken a fork
407 122 has taken a fork
407 122 is eating
407 77 is sleeping
407 50 has taken a fork
407 50 has taken a fork
407 50 is eating
408 98 has taken a fork
408 98 has taken a fork
408 98 is eating
408 68 is thinking
408 68 has taken a fork
408 68 has taken a fork
408 68 is eating
408 144 has taken a fork
408 144 has taken a fork
408 144 is eating
408 150 is thinking
408 150 has taken a fork
408 150 has taken a fork
408 150 is eating
409 48 has taken a fork
409 48 has taken a fork
409 48 is eating
409 74 has taken a fork
409 74 has taken a fork
409 74 is eating
409 196 is thinking
409 196 has taken a fork
409 196 has taken a fork
409 196 is eating
501 132 is sleeping
501 172 is sleeping
502 14 is sleeping
502 90 is sleeping
502 4 is sleeping
502 116 is sleeping
502 170 is sleeping
502 44 is sleeping
502 174 is sleeping
502 166 is sleeping
503 26 is sleeping
503 146 is sleeping
503 164 is sleeping
503 198 is sleeping
503 200 is sleeping
503 24 is sleeping
503 154 is sleeping
503 162 is sleeping
503 16 is sleeping
503 190 is sleeping
503 32 is sleeping
503 20 is sleeping
503 18 is sleeping
503 134 is sleeping
503 94 is sleeping
503 40 is sleeping
503 182 is sleeping
503 80 is sleeping
503 42 is sleeping
503 96 is sleeping
503 64 is sleeping
503 22 is sleeping
504 30 is sleeping
504 156 is sleeping
504 38 is sleeping
504 184 is sleeping
504 160 is sleeping
504 100 is sleeping
504 52 is sleeping
504 188 is sleeping
504 84 is sleeping
504 148 is sleeping
504 60 is sleeping
504 54 is sleeping
504 180 is sleeping
504 158 is sleeping
504 110 is sleeping
504 70 is sleeping
504 124 is sleeping
504 76 is sleeping
505 34 is sleeping
505 46 is sleeping
505 118 is sleeping
505 136 is sleeping
505 66 is sleeping
505 88 is sleeping
505 72 is sleeping
505 102 is sleeping
505 128 is sleeping
505 62 is sleeping
505 138 is sleeping
505 12 is sleeping
505 130 is sleeping
505 28 is sleeping
505 142 is sleeping
505 106 is sleeping
505 152 is sleeping
505 2 is sleeping
505 78 is sleeping
506 176 is sleeping
506 92 is sleeping
506 50 is sleeping
506 114 is sleeping
506 86 is sleeping
506 140 is sleeping
506 56 is sleeping
506 120 is sleeping
506 168 is sleeping
506 6 is sleeping
506 98 is sleeping
506 144 is sleeping
507 58 is sleeping
507 186 is sleeping
507 126 is sleeping
507 48 is sleeping
507 36 is sleeping
507 108 is sleeping
507 112 is sleeping
507 10 is sleeping
507 178 is sleeping
507 8 is sleeping
507 194 is sleeping
507 74 is sleeping
507 122 is sleeping
507 192 is sleeping
507 82 is sleeping
508 68 is sleeping
508 150 is sleeping
508 104 is sleeping
509 196 is sleeping
600 153 is thinking
600 153 has taken a fork
600 153 has taken a fork
600 153 is eating
600 139 is thinking
600 139 has taken a fork
600 139 has taken a fork
600 139 is eating
600 111 is thinking
600 111 has taken a fork
600 111 has taken a fork
600 111 is eating
600 93 is thinking
600 115 is thinking
600 57 is thinking
600 57 has taken a fork
600 57 has taken a fork
600 57 is eating
600 171 is thinking
600 171 has taken a fork
600 171 has taken a fork
600 171 is eating
600 181 is thinking
600 161 is thinking
600 161 has taken a fork
600 161 has taken a fork
600 161 is eating
600 105 is thinking
600 133 is thinking
600 89 is thinking
600 89 has taken a fork
600 89 has taken a fork
600 89 is eating
600 15 is thinking
600 15 has taken a fork
600 15 has taken a fork
600 15 is eating
600 113 is thinking
600 43 is thinking
600 105 has taken a fork
600 105 has taken a fork
600 105 is eating
600 65 is thinking
600 65 has taken a fork
600 65 has taken a fork
600 65 is eating
600 133 has taken a fork
600 133 has taken a fork
600 133 is eating
600 79 is thinking
600 197 is thinking
600 197 has taken a fork
600 197 has taken a fork
600 197 is eating
600 61 is thinking
600 61 has taken a fork
600 61 has taken a fork
600 61 is eating
600 51 is thinking
600 51 has taken a fork
600 51 has taken a fork
600 51 is eating
600 73 is thinking
600 73 has taken a fork
600 73 has taken a fork
600 73 is eating
600 107 is thinking
600 107 has taken a fork
600 107 has taken a fork
600 107 is eating
600 7 is thinking
600 93 has taken a fork
600 93 has taken a fork
600 93 is eating
600 85 is thinking
600 85 has taken a fork
600 85 has taken a fork
600 85 is eating
600 81 is thinking
600 27 is thinking
600 27 has taken a fork
600 27 has taken a fork
600 27 is eating
600 113 has taken a fork
600 113 has taken a fork
600 113 is eating
600 47 is thinking
600 47 has taken a fork
600 47 has taken a fork
600 47 is eating
600 79 has taken a fork
600 79 has taken a fork
600 79 is eating
600 173 is thinking
600 173 has taken a fork
600 173 has taken a fork
600 173 is eating
600 101 is thinking
601 101 has taken a fork
601 101 has taken a fork
601 101 is eating
601 175 is thinking
601 59 is thinking
601 175 has taken a fork
601 175 has taken a fork
601 175 is eating
601 165 is thinking
601 165 has taken a fork
601 165 has taken a fork
601 165 is eating
601 7 has taken a fork
601 7 has taken a fork
601 7 is eating
601 95 is thinking
601 25 is thinking
601 25 has taken a fork
601 25 has taken a fork
601 25 is eating
601 81 has taken a fork
601 81 has taken a fork
601 81 is eating
601 43 has taken a fork
601 43 has taken a fork
601 43 is eating
601 91 is thinking
601 3 is thinking
601 3 has taken a fork
601 3 has taken a fork
601 3 is eating
601 9 is thinking
601 97 is thinking
601 97 has taken a fork
601 97 has taken a fork
601 97 is eating
601 123 is thinking
601 123 has taken a fork
601 123 has taken a fork
601 123 is eating
601 115 has taken a fork
601 115 has taken a fork
601 115 is eating
601 129 is thinking
601 129 has taken a fork
601 129 has taken a fork
601 129 is eating
601 159 is thinking
601 159 has taken a fork
601 159 has taken a fork
601 159 is eating
601 131 is thinking
601 151 is thinking
601 131 has taken a fork
601 131 has taken a fork
601 131 is eating
601 119 is thinking
601 119 has taken a fork
601 119 has taken a fork
601 119 is eating
601 147 is thinking
601 147 has taken a fork
601 147 has taken a fork
601 147 is eating
601 67 is thinking
601 67 has taken a fork
601 67 has taken a fork
601 67 is eating
601 121 is thinking
601 121 has taken a fork
601 121 has taken a fork
601 121 is eating
601 189 is thinking
601 189 has taken a fork
601 189 has taken a fork
601 189 is eating
601 59 has taken a fork
601 59 has taken a fork
601 59 is eating
601 69 is thinking
601 69 has taken a fork
601 69 has taken a fork
601 69 is eating
601 91 has taken a fork
601 91 has taken a fork
601 91 is eating
601 39 is thinking
601 39 has taken a fork
601 39 has taken a fork
601 39 is eating
601 181 has taken a fork
601 181 has taken a fork
601 181 is eating
601 109 is thinking
601 109 has taken a fork
601 109 has taken a fork
601 109 is eating
601 9 has taken a fork
601 9 has taken a fork
601 9 is eating
601 151 has taken a fork
601 151 has taken a fork
601 151 is eating
601 35 is thinking
601 35 has taken a fork
601 35 has taken a fork
601 35 is eating
601 117 is thinking
601 117 has taken a fork
601 117 has taken a fork
601 117 is eating
601 141 is thinking
601 83 is thinking
601 83 has taken a fork
601 83 has taken a fork
601 83 is eating
601 137 is thinking
601 77 is thinking
601 77 has taken a fork
601 77 has taken a fork
601 77 is eating
602 187 is thinking
602 187 has taken a fork
602 187 has taken a fork
602 187 is eating
602 135 is thinking
602 135 has taken a fork
602 135 has taken a fork
602 135 is eating
602 191 is thinking
602 191 has taken a fork
602 191 has taken a fork
602 191 is eating
602 137 has taken a fork
602 137 has taken a fork
602 137 is eating
602 49 is thinking
602 49 has taken a fork
602 49 has taken a fork
602 49 is eating
602 1 is thinking
602 1 has taken a fork
602 1 has taken a fork
602 1 is eating
602 41 is thinking
602 41 has taken a fork
602 41 has taken a fork
602 41 is eating
602 87 is thinking
602 87 has taken a fork
602 87 has taken a fork
602 87 is eating
602 17 is thinking
602 55 is thinking
602 63 is thinking
602 63 has taken a fork
602 63 has taken a fork
602 63 is eating
602 23 is thinking
602 155 is thinking
602 155 has taken a fork
602 155 has taken a fork
602 155 is eating
602 17 has taken a fork
602 17 has taken a fork
602 17 is eating
602 55 has taken a fork
602 55 has taken a fork
602 55 is eating
602 167 is thinking
602 167 has taken a fork
602 167 has taken a fork
602 167 is eating
602 23 has taken a fork
602 23 has taken a fork
602 23 is eating
602 149 is thinking
602 149 has taken a fork
602 149 has taken a fork
602 149 is eating
602 45 is thinking
602 45 has taken a fork
602 45 has taken a fork
602 45 is eating
602 37 is thinking
602 37 has taken a fork
602 37 has taken a fork
602 37 is eating
602 157 is thinking
602 157 has taken a fork
602 157 has taken a fork
602 157 is eating
603 179 is thinking
603 179 has taken a fork
603 179 has taken a fork
603 179 is eating
603 193 is thinking
603 193 has taken a fork
603 193 has taken a fork
603 193 is eating
603 145 is thinking
603 145 has taken a fork
603 145 has taken a fork
603 145 is eating
603 11 is thinking
603 11 has taken a fork
603 11 has taken a fork
603 11 is eating
603 199 is thinking
603 199 has taken a fork
603 199 has taken a fork
603 199 is eating
603 21 is thinking
603 21 has taken a fork
603 21 has taken a fork
603 21 is eating
603 141 has taken a fork
603 141 has taken a fork
603 141 is eating
603 183 is thinking
603 183 has taken a fork
603 183 has taken a fork
603 183 is eating
603 19 is thinking
603 71 is thinking
603 71 has taken a fork
603 71 has taken a fork
603 71 is eating
603 143 is thinking
603 143 has taken a fork
603 143 has taken a fork
603 143 is eating
603 99 is thinking
603 99 has taken a fork
603 99 has taken a fork
603 99 is eating
603 127 is thinking
603 103 is thinking
603 103 has taken a fork
603 103 has taken a fork
603 103 is eating
603 31 is thinking
603 13 is thinking
603 31 has taken a fork
603 31 has taken a fork
603 31 is eating
603 13 has taken a fork
603 13 has taken a fork
603 13 is eating
603 127 has taken a fork
603 127 has taken a fork
603 127 is eating
603 53 is thinking
603 53 has taken a fork
603 53 has taken a fork
603 53 is eating
603 185 is thinking
603 185 has taken a fork
603 185 has taken a fork
603 185 is eating
603 33 is thinking
603 33 has taken a fork
603 33 has taken a fork
603 33 is eating
604 29 is thinking
604 29 has taken a fork
604 29 has taken a fork
604 29 is eating
604 125 is thinking
604 125 has taken a fork
604 125 has taken a fork
604 125 is eating
604 177 is thinking
604 177 has taken a fork
604 177 has taken a fork
604 177 is eating
604 75 is thinking
604 75 has taken a fork
604 75 has taken a fork
604 75 is eating
604 163 is thinking
604 163 has taken a fork
604 163 has taken a fork
604 163 is eating
604 19 has taken a fork
604 19 has taken a fork
604 19 is eating
604 195 is thinking
604 195 has taken a fork
604 195 has taken a fork
604 195 is eating
604 95 has taken a fork
604 95 has taken a fork
604 95 is eating
604 5 is thinking
604 5 has taken a fork
604 5 has taken a fork
604 5 is eating
604 169 is thinking
604 169 has taken a fork
604 169 has taken a fork
604 169 is eating
700 73 is sleeping
700 113 is sleeping
700 105 is sleeping
700 111 is sleeping
700 93 is sleeping
700 51 is sleeping
700 79 is sleeping
700 133 is sleeping
700 197 is sleeping
700 139 is sleeping
700 173 is sleeping
700 61 is sleeping
700 89 is sleeping
700 85 is sleeping
700 161 is sleeping
700 47 is sleeping
700 57 is sleeping
700 27 is sleeping
700 107 is sleeping
700 65 is sleeping
700 15 is sleeping
700 171 is sleeping
700 153 is sleeping
701 115 is sleeping
701 97 is sleeping
701 83 is sleeping
701 7 is sleeping
701 159 is sleeping
701 132 is thinking
701 25 is sleeping
701 39 is sleeping
701 151 is sleeping
701 77 is sleeping
701 9 is sleeping
701 35 is sleeping
701 69 is sleeping
701 129 is sleeping
701 131 is sleeping
701 117 is sleeping
701 165 is sleeping
701 123 is sleeping
701 121 is sleeping
701 132 has taken a fork
701 132 has taken a fork
701 132 is eating
701 119 is sleeping
701 91 is sleeping
701 109 is sleeping
701 3 is sleeping
701 81 is sleeping
701 67 is sleeping
701 43 is sleeping
701 101 is sleeping
701 172 is thinking
701 172 has taken a fork
701 172 has taken a fork
701 172 is eating
701 181 is sleeping
701 189 is sleeping
701 175 is sleeping
701 147 is sleeping
701 59 is sleeping
702 116 is thinking
702 116 has taken a fork
702 116 has taken a fork
702 116 is eating
702 166 is thinking
702 1 is sleeping
702 4 is thinking
702 190 is thinking
702 191 is sleeping
702 63 is sleeping
702 41 is sleeping
702 170 is thinking
702 190 has taken a fork
702 190 has taken a fork
702 190 is eating
702 141 is sleeping
702 45 is sleeping
702 44 is thinking
702 44 has taken a fork
702 44 has taken a fork
702 44 is eating
702 157 is sleeping
702 149 is sleeping
702 37 is sleeping
702 137 is sleeping
702 167 is sleeping
702 17 is sleeping
702 90 is thinking
702 90 has taken a fork
702 90 has taken a fork
702 90 is eating
702 87 is sleeping
702 26 is thinking
702 26 has taken a fork
702 26 has taken a fork
702 26 is eating
702 166 has taken a fork
702 166 has taken a fork
702 166 is eating
702 155 is sleeping
702 187 is sleeping
702 135 is sleeping
702 14 is thinking
702 55 is sleeping
702 49 is sleeping
702 174 is thinking
702 174 has taken a fork
702 174 has taken a fork
702 174 is eating
702 96 is thinking
702 23 is sleeping
703 34 is thinking
703 20 is thinking
703 145 is sleeping
703 179 is sleeping
703 199 is sleeping
703 154 is thinking
703 154 has taken a fork
703 154 has taken a fork
703 154 is eating
703 42 is thinking
703 13 is sleeping
703 2 is thinking
703 2 has taken a fork
703 2 has taken a fork
703 2 is eating
703 42 has taken a fork
703 42 has taken a fork
703 42 is eating
703 78 is thinking
703 70 is thinking
703 144 is thinking
703 24 is thinking
703 24 has taken a fork
703 24 has taken a fork
703 24 is eating
703 16 is thinking
703 16 has taken a fork
703 16 has taken a fork
703 16 is eating
703 134 is thinking
703 134 has taken a fork
703 134 has taken a fork
703 134 is eating
703 78 has taken a fork
703 78 has taken a fork
703 78 is eating
703 99 is sleeping
703 64 is thinking
703 64 has taken a fork
703 64 has taken a fork
703 64 is eating
703 156 is thinking
703 156 has taken a fork
703 156 has taken a fork
703 156 is eating
703 32 is thinking
703 53 is sleeping
703 182 is thinking
703 33 is sleeping
703 127 is sleeping
703 164 is thinking
703 183 is sleeping
703 160 is thinking
703 160 has taken a fork
703 160 has taken a fork
703 160 is eating
703 94 is thinking
703 143 is sleeping
703 18 is thinking
703 22 is thinking
703 80 is thinking
703 80 has taken a fork
703 80 has taken a fork
703 80 is eating
703 72 is thinking
703 162 is thinking
703 31 is sleeping
703 144 has taken a fork
703 144 has taken a fork
703 144 is eating
703 193 is sleeping
703 32 has taken a fork
703 32 has taken a fork
703 32 is eating
703 185 is sleeping
703 182 has taken a fork
703 182 has taken a fork
703 182 is eating
703 21 is sleeping
703 40 is thinking
703 40 has taken a fork
703 40 has taken a fork
703 40 is eating
703 200 is thinking
703 200 has taken a fork
703 200 has taken a fork
703 200 is eating
703 22 has taken a fork
703 22 has taken a fork
703 22 is eating
703 103 is sleeping
703 71 is sleeping
704 12 is thinking
704 180 is thinking
704 180 has taken a fork
704 180 has taken a fork
704 180 is eating
704 70 has taken a fork
704 70 has taken a fork
704 70 is eating
704 158 is thinking
704 72 has taken a fork
704 72 has taken a fork
704 72 is eating
704 112 is thinking
704 112 has taken a fork
704 112 has taken a fork
704 112 is eating
704 66 is thinking
704 10 is thinking
704 10 has taken a fork
704 10 has taken a fork
704 10 is eating
704 76 is thinking
704 94 has taken a fork
704 94 has taken a fork
704 94 is eating
704 124 is thinking
704 146 is thinking
704 164 has taken a fork
704 164 has taken a fork
704 164 is eating
704 54 is thinking
704 34 has taken a fork
704 34 has taken a fork
704 34 is eating
704 30 is thinking
704 98 is thinking
704 98 has taken a fork
704 98 has taken a fork
704 98 is eating
704 128 is thinking
704 28 is thinking
704 28 has taken a fork
704 28 has taken a fork
704 28 is eating
704 60 is thinking
704 102 is thinking
704 60 has taken a fork
704 60 has taken a fork
704 60 is eating
704 75 is sleeping
704 54 has taken a fork
704 54 has taken a fork
704 54 is eating
704 110 is thinking
704 110 has taken a fork
704 110 has taken a fork
704 110 is eating
704 95 is sleeping
704 38 is thinking
704 5 is sleeping
704 76 has taken a fork
704 76 has taken a fork
704 76 is eating
704 140 is thinking
704 140 has taken a fork
704 140 has taken a fork
704 140 is eating
704 128 has taken a fork
704 128 has taken a fork
704 128 is eating
704 14 has taken a fork
704 14 has taken a fork
704 14 is eating
704 102 has taken a fork
704 102 has taken a fork
704 102 is eating
704 122 is thinking
704 122 has taken a fork
704 122 has taken a fork
704 122 is eating
704 11 is sleeping
704 169 is sleeping
704 124 has taken a fork
704 124 has taken a fork
704 124 is eating
704 12 has taken a fork
704 12 has taken a fork
704 12 is eating
704 29 is sleeping
704 38 has taken a fork
704 38 has taken a fork
704 38 is eating
704 170 has taken a fork
704 170 has taken a fork
704 170 is eating
704 188 is thinking
704 188 has taken a fork
704 188 has taken a fork
704 188 is eating
704 100 is thinking
704 100 has taken a fork
704 100 has taken a fork
704 100 is eating
704 19 is sleeping
704 198 is thinking
704 198 has taken a fork
704 198 has taken a fork
704 198 is eating
704 84 is thinking
704 84 has taken a fork
704 84 has taken a fork
704 84 is eating
704 158 has taken a fork
704 158 has taken a fork
704 158 is eating
704 163 is sleeping
704 130 is thinking
704 130 has taken a fork
704 130 has taken a fork
704 130 is eating
704 18 has taken a fork
704 18 has taken a fork
704 18 is eating
704 125 is sleeping
705 148 is thinking
705 148 has taken a fork
705 148 has taken a fork
705 148 is eating
705 62 is thinking
705 62 has taken a fork
705 62 has taken a fork
705 62 is eating
705 48 is thinking
705 48 has taken a fork
705 48 has taken a fork
705 48 is eating
705 142 is thinking
705 142 has taken a fork
705 142 has taken a fork
705 142 is eating
705 184 is thinking
705 184 has taken a fork
705 184 has taken a fork
705 184 is eating
705 52 is thinking
705 52 has taken a fork
705 52 has taken a fork
705 52 is eating
705 162 has taken a fork
705 162 has taken a fork
705 162 is eating
705 177 is sleeping
705 106 is thinking
705 106 has taken a fork
705 106 has taken a fork
705 106 is eating
705 46 is thinking
705 46 has taken a fork
705 46 has taken a fork
705 46 is eating
705 74 is thinking
705 74 has taken a fork
705 74 has taken a fork
705 74 is eating
705 88 is thinking
705 88 has taken a fork
705 88 has taken a fork
705 88 is eating
705 176 is thinking
705 176 has taken a fork
705 176 has taken a fork
705 176 is eating
705 138 is thinking
705 138 has taken a fork
705 138 has taken a fork
705 138 is eating
705 66 has taken a fork
705 66 has taken a fork
705 66 is eating
705 146 has taken a fork
705 146 has taken a fork
705 146 is eating
705 50 is thinking
705 50 has taken a fork
705 50 has taken a fork
705 50 is eating
705 152 is thinking
705 152 has taken a fork
705 152 has taken a fork
705 152 is eating
705 92 is thinking
705 92 has taken a fork
705 92 has taken a fork
705 92 is eating
705 118 is thinking
705 118 has taken a fork
705 118 has taken a fork
705 118 is eating
705 4 has taken a fork
705 4 has taken a fork
705 4 is eating
705 136 is thinking
705 136 has taken a fork
705 136 has taken a fork
705 136 is eating
705 195 is sleeping
705 168 is thinking
705 168 has taken a fork
705 168 has taken a fork
705 168 is eating
705 96 has taken a fork
705 96 has taken a fork
705 96 is eating
705 20 has taken a fork
705 20 has taken a fork
705 20 is eating
706 6 is thinking
706 6 has taken a fork
706 6 has taken a fork
706 6 is eating
706 120 is thinking
706 120 has taken a fork
706 120 has taken a fork
706 120 is eating
706 104 is thinking
706 104 has taken a fork
706 104 has taken a fork
706 104 is eating
706 114 is thinking
706 114 has taken a fork
706 114 has taken a fork
706 114 is eating
706 86 is thinking
706 86 has taken a fork
706 86 has taken a fork
706 86 is eating
706 194 is thinking
706 194 has taken a fork
706 194 has taken a fork
706 194 is eating
706 30 has taken a fork
706 30 has taken a fork
706 30 is eating
707 58 is thinking
707 58 has taken a fork
707 58 has taken a fork
707 58 is eating
707 8 is thinking
707 8 has taken a fork
707 8 has taken a fork
707 8 is eating
707 178 is thinking
707 178 has taken a fork
707 178 has taken a fork
707 178 is eating
707 36 is thinking
707 36 has taken a fork
707 36 has taken a fork
707 36 is eating
707 186 is thinking
707 56 is thinking
707 108 is thinking
707 108 has taken a fork
707 108 has taken a fork
707 108 is eating
707 82 is thinking
707 82 has taken a fork
707 82 has taken a fork
707 82 is eating
707 186 has taken a fork
707 186 has taken a fork
707 186 is eating
707 192 is thinking
707 192 has taken a fork
707 192 has taken a fork
707 192 is eating
707 126 is thinking
707 126 has taken a fork
707 126 has taken a fork
707 126 is eating
707 56 has taken a fork
707 56 has taken a fork
707 56 is eating
708 150 is thinking
708 150 has taken a fork
708 150 has taken a fork
708 150 is eating
708 68 is thinking
708 68 has taken a fork
708 68 has taken a fork
708 68 is eating
709 196 is thinking
709 196 has taken a fork
709 196 has taken a fork
709 196 is eating
801 132 is sleeping
801 172 is sleeping
803 64 is sleeping
803 154 is sleeping
803 32 is sleeping
804 94 is sleeping
804 98 is sleeping
804 18 is sleeping
804 180 is sleeping
804 128 is sleeping
804 14 is sleeping
804 60 is sleeping
805 30 is sleeping
806 78 is sleeping
806 124 is sleeping
806 158 is sleeping
806 28 is sleeping
806 76 is sleeping
806 4 is sleeping
806 200 is sleeping
806 80 is sleeping
806 40 is sleeping
806 164 is sleeping
806 116 is sleeping
806 170 is sleeping
806 182 is sleeping
806 62 is sleeping
806 72 is sleeping
806 92 is sleeping
806 184 is sleeping
806 74 is sleeping
806 152 is sleeping
807 10 is sleeping
807 176 is sleeping
807 120 is sleeping
807 104 is sleeping
807 136 is sleeping
807 46 is sleeping
807 106 is sleeping
807 174 is sleeping
807 50 is sleeping
807 146 is sleeping
807 156 is sleeping
807 110 is sleeping
807 52 is sleeping
807 48 is sleeping
807 58 is sleeping
807 82 is sleeping
807 24 is sleeping
807 138 is sleeping
807 16 is sleeping
807 168 is sleeping
807 96 is sleeping
807 20 is sleeping
807 36 is sleeping
807 166 is sleeping
807 144 is sleeping
807 148 is sleeping
807 66 is sleeping
807 70 is sleeping
807 38 is sleeping
807 118 is sleeping
807 44 is sleeping
807 54 is sleeping
807 198 is sleeping
807 86 is sleeping
807 114 is sleeping
807 142 is sleeping
807 126 is sleeping
807 6 is sleeping
807 2 is sleeping
807 22 is sleeping
807 140 is sleeping
807 194 is sleeping
807 34 is sleeping
807 188 is sleeping
807 122 is sleeping
807 26 is sleeping
807 190 is sleeping
807 84 is sleeping
807 88 is sleeping
807 12 is sleeping
807 130 is sleeping
807 134 is sleeping
807 90 is sleeping
807 162 is sleeping
807 42 is sleeping
807 102 is sleeping
807 100 is sleeping
807 56 is sleeping
807 186 is sleeping
807 160 is sleeping
807 112 is sleeping
807 192 is sleeping
807 178 is sleeping
807 108 is sleeping
807 8 is sleeping
808 68 is sleeping
808 150 is sleeping
809 196 is sleeping
900 15 is thinking
900 15 has taken a fork
900 15 has taken a fork
900 15 is eating
900 27 is thinking
900 27 has taken a fork
900 27 has taken a fork
900 27 is eating
900 161 is thinking
900 161 has taken a fork
900 161 has taken a fork
900 161 is eating
900 85 is thinking
900 85 has taken a fork
900 85 has taken a fork
900 85 is eating
900 89 is thinking
900 89 has taken a fork
900 89 has taken a fork
900 89 is eating
900 105 is thinking
900 105 has taken a fork
900 105 has taken a fork
900 105 is eating
900 61 is thinking
900 61 has taken a fork
900 61 has taken a fork
900 61 is eating
900 133 is thinking
900 133 has taken a fork
900 133 has taken a fork
900 133 is eating
900 111 is thinking
900 111 has taken a fork
900 111 has taken a fork
900 111 is eating
900 81 is thinking
900 43 is thinking
900 43 has taken a fork
900 43 has taken a fork
900 43 is eating
900 113 is thinking
900 173 is thinking
900 173 has taken a fork
900 173 has taken a fork
900 173 is eating
900 57 is thinking
900 57 has taken a fork
900 57 has taken a fork
900 57 is eating
900 73 is thinking
900 73 has taken a fork
900 73 has taken a fork
900 73 is eating
900 81 has taken a fork
900 81 has taken a fork
900 81 is eating
900 47 is thinking
900 47 has taken a fork
900 47 has taken a fork
900 47 is eating
900 139 is thinking
900 139 has taken a fork
900 139 has taken a fork
900 139 is eating
900 65 is thinking
900 65 has taken a fork
900 65 has taken a fork
900 65 is eating
900 51 is thinking
900 51 has taken a fork
900 51 has taken a fork
900 51 is eating
900 7 is thinking
900 7 has taken a fork
900 7 has taken a fork
900 7 is eating
900 113 has taken a fork
900 113 has taken a fork
900 113 is eating
900 93 is thinking
900 93 has taken a fork
900 93 has taken a fork
900 93 is eating
900 197 is thinking
900 197 has taken a fork
900 197 has taken a fork
900 197 is eating
900 107 is thinking
900 107 has taken a fork
900 107 has taken a fork
900 107 is eating
900 181 is thinking
900 181 has taken a fork
900 181 has taken a fork
900 181 is eating
901 151 is thinking
901 151 has taken a fork
901 151 has taken a fork
901 151 is eating
901 77 is thinking
901 77 has taken a fork
901 77 has taken a fork
901 77 is eating
901 141 is thinking
901 141 has taken a fork
901 141 has taken a fork
901 141 is eating
901 159 is thinking
901 91 is thinking
901 91 has taken a fork
901 91 has taken a fork
901 91 is eating
901 189 is thinking
901 123 is thinking
901 123 has taken a fork
901 123 has taken a fork
901 123 is eating
901 39 is thinking
901 39 has taken a fork
901 39 has taken a fork
901 39 is eating
901 9 is thinking
901 9 has taken a fork
901 9 has taken a fork
901 9 is eating
901 59 is thinking
901 59 has taken a fork
901 59 has taken a fork
901 59 is eating
901 67 is thinking
901 67 has taken a fork
901 67 has taken a fork
901 67 is eating
901 83 is thinking
901 83 has taken a fork
901 83 has taken a fork
901 83 is eating
901 119 is thinking
901 119 has taken a fork
901 119 has taken a fork
901 119 is eating
901 109 is thinking
901 109 has taken a fork
901 109 has taken a fork
901 109 is eating
901 35 is thinking
901 35 has taken a fork
901 35 has taken a fork
901 35 is eating
901 147 is thinking
901 69 is thinking
901 69 has taken a fork
901 69 has taken a fork
901 69 is eating
901 3 is thinking
901 3 has taken a fork
901 3 has taken a fork
901 3 is eating
901 95 is thinking
901 189 has taken a fork
901 189 has taken a fork
901 189 is eating
901 97 is thinking
901 97 has taken a fork
901 97 has taken a fork
901 97 is eating
901 95 has taken a fork
901 95 has taken a fork
901 95 is eating
901 121 is thinking
901 121 has taken a fork
901 121 has taken a fork
901 121 is eating
901 159 has taken a fork
901 159 has taken a fork
901 159 is eating
901 117 is thinking
901 117 has taken a fork
901 117 has taken a fork
901 117 is eating
901 147 has taken a fork
901 147 has taken a fork
901 147 is eating
901 25 is thinking
901 25 has taken a fork
901 25 has taken a fork
901 25 is eating
901 101 is thinking
901 101 has taken a fork
901 101 has taken a fork
901 101 is eating
901 79 is thinking
901 115 is thinking
901 115 has taken a fork
901 115 has taken a fork
901 115 is eating
901 171 is thinking
901 171 has taken a fork
901 171 has taken a fork
901 171 is eating
901 129 is thinking
901 129 has taken a fork
901 129 has taken a fork
901 129 is eating
901 137 is thinking
901 137 has taken a fork
901 137 has taken a fork
901 137 is eating
901 175 is thinking
901 175 has taken a fork
901 175 has taken a fork
901 175 is eating
902 55 is thinking
902 55 has taken a fork
902 55 has taken a fork
902 55 is eating
902 63 is thinking
902 63 has taken a fork
902 63 has taken a fork
902 63 is eating
902 87 is thinking
902 87 has taken a fork
902 87 has taken a fork
902 87 is eating
902 49 is thinking
902 49 has taken a fork
902 49 has taken a fork
902 49 is eating
902 149 is thinking
902 149 has taken a fork
902 149 has taken a fork
902 149 is eating
902 37 is thinking
902 37 has taken a fork
902 37 has taken a fork
902 37 is eating
902 167 is thinking
902 167 has taken a fork
902 167 has taken a fork
902 167 is eating
902 157 is thinking
902 157 has taken a fork
902 157 has taken a fork
902 157 is eating
902 153 is thinking
902 153 has taken a fork
902 153 has taken a fork
902 153 is eating
902 1 is thinking
902 187 is thinking
902 187 has taken a fork
902 187 has taken a fork
902 187 is eating
902 23 is thinking
902 155 is thinking
902 23 has taken a fork
902 23 has taken a fork
902 23 is eating
902 17 is thinking
902 17 has taken a fork
902 17 has taken a fork
902 17 is eating
902 45 is thinking
902 45 has taken a fork
902 45 has taken a fork
902 45 is eating
902 191 is thinking
902 155 has taken a fork
902 155 has taken a fork
902 155 is eating
902 191 has taken a fork
902 191 has taken a fork
902 191 is eating
902 1 has taken a fork
902 1 has taken a fork
902 1 is eating
902 131 is thinking
902 131 has taken a fork
902 131 has taken a fork
902 131 is eating
902 79 has taken a fork
902 79 has taken a fork
902 79 is eating
902 41 is thinking
902 41 has taken a fork
902 41 has taken a fork
902 41 is eating
902 135 is thinking
902 135 has taken a fork
902 135 has taken a fork
902 135 is eating
903 143 is thinking
903 143 has taken a fork
903 143 has taken a fork
903 143 is eating
903 183 is thinking
903 183 has taken a fork
903 183 has taken a fork
903 183 is eating
903 179 is thinking
903 179 has taken a fork
903 179 has taken a fork
903 179 is eating
903 13 is thinking
903 99 is thinking
903 13 has taken a fork
903 13 has taken a fork
903 13 is eating
903 185 is thinking
903 21 is thinking
903 127 is thinking
903 127 has taken a fork
903 127 has taken a fork
903 127 is eating
903 165 is thinking
903 53 is thinking
903 145 is thinking
903 103 is thinking
903 33 is thinking
903 103 has taken a fork
903 103 has taken a fork
903 103 is eating
903 33 has taken a fork
903 33 has taken a fork
903 33 is eating
903 11 is thinking
903 71 is thinking
903 71 has taken a fork
903 71 has taken a fork
903 71 is eating
903 193 is thinking
903 193 has taken a fork
903 193 has taken a fork
903 193 is eating
903 185 has taken a fork
903 185 has taken a fork
903 185 is eating
903 21 has taken a fork
903 21 has taken a fork
903 21 is eating
903 99 has taken a fork
903 99 has taken a fork
903 99 is eating
903 145 has taken a fork
903 145 has taken a fork
903 145 is eating
903 19 is thinking
903 19 has taken a fork
903 19 has taken a fork
903 19 is eating
903 31 is thinking
903 31 has taken a fork
903 31 has taken a fork
903 31 is eating
903 199 is thinking
903 199 has taken a fork
903 199 has taken a fork
903 199 is eating
904 29 is thinking
904 29 has taken a fork
904 29 has taken a fork
904 29 is eating
904 177 is thinking
904 177 has taken a fork
904 177 has taken a fork
904 177 is eating
904 169 is thinking
904 169 has taken a fork
904 169 has taken a fork
904 169 is eating
904 195 is thinking
904 195 has taken a fork
904 195 has taken a fork
904 195 is eating
904 5 is thinking
904 5 has taken a fork
904 5 has taken a fork
904 5 is eating
904 11 has taken a fork
904 11 has taken a fork
904 11 is eating
904 163 is thinking
904 163 has taken a fork
904 163 has taken a fork
904 163 is eating
904 125 is thinking
904 125 has taken a fork
904 125 has taken a fork
904 125 is eating
904 165 has taken a fork
904 165 has taken a fork
904 165 is eating
904 53 has taken a fork
904 53 has taken a fork
904 53 is eating
904 75 is thinking
904 75 has taken a fork
904 75 has taken a fork
904 75 is eating
1000 161 is sleeping
1000 133 is sleeping
1000 173 is sleeping
1000 43 is sleeping
1000 139 is sleeping
1000 113 is sleeping
1000 89 is sleeping
1000 51 is sleeping
1000 57 is sleeping
1000 197 is sleeping
1000 105 is sleeping
1000 181 is sleeping
1000 73 is sleeping
1000 61 is sleeping
1000 107 is sleeping
1000 81 is sleeping
1000 111 is sleeping
1000 27 is sleeping
1000 65 is sleeping
1000 7 is sleeping
1000 15 is sleeping
1000 47 is sleeping
1000 85 is sleeping
1000 93 is sleeping
1001 171 is sleeping
1001 115 is sleeping
1001 189 is sleeping
1001 129 is sleeping
1001 159 is sleeping
1001 3 is sleeping
1001 172 is thinking
1001 172 has taken a fork
1001 172 has taken a fork
1001 172 is eating
1001 25 is sleeping
1001 69 is sleeping
1001 97 is sleeping
1001 151 is sleeping
1001 121 is sleeping
1001 117 is sleeping
1001 137 is sleeping
1001 77 is sleeping
1001 91 is sleeping
1001 39 is sleeping
1001 83 is sleeping
1001 119 is sleeping
1001 95 is sleeping
1001 123 is sleeping
1001 141 is sleeping
1001 147 is sleeping
1001 175 is sleeping
1001 132 is thinking
1001 9 is sleeping
1001 109 is sleeping
1001 59 is sleeping
1001 35 is sleeping
1001 101 is sleeping
1001 67 is sleeping
1002 153 is sleeping
1002 191 is sleeping
1002 41 is sleeping
1002 17 is sleeping
1002 135 is sleeping
1002 37 is sleeping
1002 190 is thinking
1002 63 is sleeping
1002 44 is thinking
1002 55 is sleeping
1002 190 has taken a fork
1002 190 has taken a fork
1002 190 is eating
1002 174 is thinking
1002 174 has taken a fork
1002 174 has taken a fork
1002 174 is eating
1002 131 is sleeping
1002 49 is sleeping
1002 187 is sleeping
1002 149 is sleeping
1002 90 is thinking
1002 90 has taken a fork
1002 90 has taken a fork
1002 90 is eating
1002 132 has taken a fork
1002 132 has taken a fork
1002 132 is eating
1002 79 is sleeping
1002 166 is thinking
1002 1 is sleeping
1002 87 is sleeping
1002 44 has taken a fork
1002 44 has taken a fork
1002 44 is eating
1002 23 is sleeping
1002 45 is sleeping
1002 155 is sleeping
1002 157 is sleeping
1002 167 is sleeping
1002 116 is thinking
1002 116 has taken a fork
1002 116 has taken a fork
1002 116 is eating
1002 26 is thinking
1002 26 has taken a fork
1002 26 has taken a fork
1002 26 is eating
1003 94 is thinking
1003 34 is thinking
1003 33 is sleeping
1003 144 is thinking
1003 160 is thinking
1003 134 is thinking
1003 31 is sleeping
1003 145 is sleeping
1003 103 is sleeping
1003 182 is thinking
1003 156 is thinking
1003 156 has taken a fork
1003 156 has taken a fork
1003 156 is eating
1003 160 has taken a fork
1003 160 has taken a fork
1003 160 is eating
1003 16 is thinking
1003 16 has taken a fork
1003 16 has taken a fork
1003 16 is eating
1003 134 has taken a fork
1003 134 has taken a fork
1003 134 is eating
1003 2 is thinking
1003 2 has taken a fork
1003 2 has taken a fork
1003 2 is eating
1003 71 is sleeping
1003 179 is sleeping
1003 19 is sleeping
1003 199 is sleeping
1003 154 is thinking
1003 154 has taken a fork
1003 154 has taken a fork
1003 154 is eating
1003 94 has taken a fork
1003 94 has taken a fork
1003 94 is eating
1003 193 is sleeping
1003 32 is thinking
1003 32 has taken a fork
1003 32 has taken a fork
1003 32 is eating
1003 40 is thinking
1003 40 has taken a fork
1003 40 has taken a fork
1003 40 is eating
1003 183 is sleeping
1003 182 has taken a fork
1003 182 has taken a fork
1003 182 is eating
1003 42 is thinking
1003 42 has taken a fork
1003 42 has taken a fork
1003 42 is eating
1003 21 is sleeping
1003 24 is thinking
1003 24 has taken a fork
1003 24 has taken a fork
1003 24 is eating
1003 34 has taken a fork
1003 34 has taken a fork
1003 34 is eating
1003 144 has taken a fork
1003 144 has taken a fork
1003 144 is eating
1003 200 is thinking
1003 200 has taken a fork
1003 200 has taken a fork
1003 200 is eating
1003 143 is sleeping
1003 64 is thinking
1003 64 has taken a fork
1003 64 has taken a fork
1003 64 is eating
1003 22 is thinking
1003 22 has taken a fork
1003 22 has taken a fork
1003 22 is eating
1003 80 is thinking
1003 80 has taken a fork
1003 80 has taken a fork
1003 80 is eating
1003 127 is sleeping
1003 185 is sleeping
1003 13 is sleeping
1004 4 is thinking
1004 163 is sleeping
1004 29 is sleeping
1004 125 is sleeping
1004 75 is sleeping
1004 102 is thinking
1004 102 has taken a fork
1004 102 has taken a fork
1004 102 is eating
1004 177 is sleeping
1004 12 is thinking
1004 11 is sleeping
1004 38 is thinking
1004 38 has taken a fork
1004 38 has taken a fork
1004 38 is eating
1004 72 is thinking
1004 72 has taken a fork
1004 72 has taken a fork
1004 72 is eating
1004 5 is sleeping
1004 166 has taken a fork
1004 166 has taken a fork
1004 166 is eating
1004 195 is sleeping
1004 60 is thinking
1004 60 has taken a fork
1004 60 has taken a fork
1004 60 is eating
1004 53 is sleeping
1004 96 is thinking
1004 96 has taken a fork
1004 96 has taken a fork
1004 96 is eating
1004 12 has taken a fork
1004 12 has taken a fork
1004 12 is eating
1004 165 is sleeping
1004 169 is sleeping
1004 10 is thinking
1004 10 has taken a fork
1004 10 has taken a fork
1004 10 is eating
1004 110 is thinking
1004 128 is thinking
1004 110 has taken a fork
1004 110 has taken a fork
1004 110 is eating
1004 128 has taken a fork
1004 128 has taken a fork
1004 128 is eating
1004 100 is thinking
1004 66 is thinking
1004 66 has taken a fork
1004 66 has taken a fork
1004 66 is eating
1004 130 is thinking
1004 130 has taken a fork
1004 130 has taken a fork
1004 130 is eating
1004 162 is thinking
1004 162 has taken a fork
1004 162 has taken a fork
1004 162 is eating
1004 70 is thinking
1004 70 has taken a fork
1004 70 has taken a fork
1004 70 is eating
1004 18 is thinking
1004 18 has taken a fork
1004 18 has taken a fork
1004 18 is eating
1004 170 is thinking
1004 170 has taken a fork
1004 170 has taken a fork
1004 170 is eating
1004 98 is thinking
1004 28 is thinking
1004 180 is thinking
1004 180 has taken a fork
1004 180 has taken a fork
1004 180 is eating
1004 146 is thinking
1004 146 has taken a fork
1004 146 has taken a fork
1004 146 is eating
1004 84 is thinking
1004 84 has taken a fork
1004 84 has taken a fork
1004 84 is eating
1004 188 is thinking
1004 188 has taken a fork
1004 188 has taken a fork
1004 188 is eating
1004 122 is thinking
1004 122 has taken a fork
1004 122 has taken a fork
1004 122 is eating
1004 54 is thinking
1005 52 is thinking
1005 99 is sleeping
1005 14 is thinking
1005 118 is thinking
1005 100 has taken a fork
1005 100 has taken a fork
1005 100 is eating
1005 106 is thinking
1005 106 has taken a fork
1005 106 has taken a fork
1005 106 is eating
1005 124 is thinking
1005 124 has taken a fork
1005 124 has taken a fork
1005 124 is eating
1005 78 is thinking
1005 78 has taken a fork
1005 78 has taken a fork
1005 78 is eating
1005 92 is thinking
1005 92 has taken a fork
1005 92 has taken a fork
1005 92 is eating
1005 14 has taken a fork
1005 14 has taken a fork
1005 14 is eating
1005 118 has taken a fork
1005 118 has taken a fork
1005 118 is eating
1005 112 is thinking
1005 50 is thinking
1005 50 has taken a fork
1005 50 has taken a fork
1005 50 is eating
1005 184 is thinking
1005 184 has taken a fork
1005 184 has taken a fork
1005 184 is eating
1005 98 has taken a fork
1005 98 has taken a fork
1005 98 is eating
1005 140 is thinking
1005 140 has taken a fork
1005 140 has taken a fork
1005 140 is eating
1005 148 is thinking
1005 148 has taken a fork
1005 148 has taken a fork
1005 148 is eating
1005 46 is thinking
1005 46 has taken a fork
1005 46 has taken a fork
1005 46 is eating
1005 20 is thinking
1005 20 has taken a fork
1005 20 has taken a fork
1005 20 is eating
1005 76 is thinking
1005 76 has taken a fork
1005 76 has taken a fork
1005 76 is eating
1005 138 is thinking
1005 88 is thinking
1005 152 is thinking
1005 152 has taken a fork
1005 152 has taken a fork
1005 152 is eating
1005 136 is thinking
1005 136 has taken a fork
1005 136 has taken a fork
1005 136 is eating
1005 88 has taken a fork
1005 88 has taken a fork
1005 88 is eating
1005 158 is thinking
1005 48 is thinking
1005 48 has taken a fork
1005 48 has taken a fork
1005 48 is eating
1005 74 is thinking
1005 74 has taken a fork
1005 74 has taken a fork
1005 74 is eating
1005 52 has taken a fork
1005 52 has taken a fork
1005 52 is eating
1005 54 has taken a fork
1005 54 has taken a fork
1005 54 is eating
1005 164 is thinking
1005 164 has taken a fork
1005 164 has taken a fork
1005 164 is eating
1005 168 is thinking
1005 168 has taken a fork
1005 168 has taken a fork
1005 168 is eating
1005 28 has taken a fork
1005 28 has taken a fork
1005 28 is eating
1005 198 is thinking
1005 198 has taken a fork
1005 198 has taken a fork
1005 198 is eating
1005 4 has taken a fork
1005 4 has taken a fork
1005 4 is eating
1006 176 is thinking
1006 176 has taken a fork
1006 176 has taken a fork
1006 176 is eating
1006 158 has taken a fork
1006 158 has taken a fork
1006 158 is eating
1006 62 is thinking
1006 62 has taken a fork
1006 62 has taken a fork
1006 62 is eating
1006 104 is thinking
1006 104 has taken a fork
1006 104 has taken a fork
1006 104 is eating
1006 142 is thinking
1006 142 has taken a fork
1006 142 has taken a fork
1006 142 is eating
1006 120 is thinking
1006 120 has taken a fork
1006 120 has taken a fork
1006 120 is eating
1006 138 has taken a fork
1006 138 has taken a fork
1006 138 is eating
1006 194 is thinking
1006 194 has taken a fork
1006 194 has taken a fork
1006 194 is eating
1006 114 is thinking
1006 86 is thinking
1006 86 has taken a fork
1006 86 has taken a fork
1006 86 is eating
1006 114 has taken a fork
1006 114 has taken a fork
1006 114 is eating
1006 6 is thinking
1006 6 has taken a fork
1006 6 has taken a fork
1006 6 is eating
1006 30 is thinking
1006 30 has taken a fork
1006 30 has taken a fork
1006 30 is eating
1007 82 is thinking
1007 82 has taken a fork
1007 82 has taken a fork
1007 82 is eating
1007 56 is thinking
1007 56 has taken a fork
1007 56 has taken a fork
1007 56 is eating
1007 186 is thinking
1007 186 has taken a fork
1007 186 has taken a fork
1007 186 is eating
1007 112 has taken a fork
1007 112 has taken a fork
1007 112 is eating
1007 58 is thinking
1007 58 has taken a fork
1007 58 has taken a fork
1007 58 is eating
1007 126 is thinking
1007 126 has taken a fork
1007 126 has taken a fork
1007 126 is eating
1007 36 is thinking
1007 36 has taken a fork
1007 36 has taken a fork
1007 36 is eating
1007 108 is thinking
1007 108 has taken a fork
1007 108 has taken a fork
1007 108 is eating
1007 8 is thinking
1007 8 has taken a fork
1007 8 has taken a fork
1007 8 is eating
1007 192 is thinking
1007 192 has taken a fork
1007 192 has taken a fork
1007 192 is eating
1007 178 is thinking
1007 178 has taken a fork
1007 178 has taken a fork
1007 178 is eating
1008 68 is thinking
1008 68 has taken a fork
1008 68 has taken a fork
1008 68 is eating
1008 150 is thinking
1008 150 has taken a fork
1008 150 has taken a fork
1008 150 is eating
1009 196 is thinking
1009 196 has taken a fork
1009 196 has taken a fork
1009 196 is eating
1101 172 is sleeping
1102 116 is sleeping
1102 90 is sleeping
1102 26 is sleeping
1102 44 is sleeping
1102 190 is sleeping
1102 174 is sleeping
1102 132 is sleeping
1103 200 is sleeping
1103 2 is sleeping
1103 134 is sleeping
1103 94 is sleeping
1103 160 is sleeping
1103 42 is sleeping
1103 32 is sleeping
1103 22 is sleeping
1103 24 is sleeping
1103 40 is sleeping
1103 64 is sleeping
1103 144 is sleeping
1103 182 is sleeping
1103 156 is sleeping
1103 80 is sleeping
1103 16 is sleeping
1103 34 is sleeping
1103 154 is sleeping
1104 70 is sleeping
1104 10 is sleeping
1104 128 is sleeping
1104 102 is sleeping
1104 12 is sleeping
1104 188 is sleeping
1104 162 is sleeping
1104 130 is sleeping
1104 66 is sleeping
1104 18 is sleeping
1104 96 is sleeping
1104 166 is sleeping
1104 84 is sleeping
1104 72 is sleeping
1104 170 is sleeping
1104 60 is sleeping
1104 180 is sleeping
1104 38 is sleeping
1104 110 is sleeping
1104 146 is sleeping
1105 198 is sleeping
1105 4 is sleeping
1105 152 is sleeping
1105 20 is sleeping
1105 122 is sleeping
1105 78 is sleeping
1105 148 is sleeping
1105 100 is sleeping
1105 140 is sleeping
1105 88 is sleeping
1105 106 is sleeping
1105 76 is sleeping
1105 168 is sleeping
1105 28 is sleeping
1105 74 is sleeping
1105 164 is sleeping
1105 54 is sleeping
1105 46 is sleeping
1105 136 is sleeping
1105 184 is sleeping
1105 48 is sleeping
1105 98 is sleeping
1105 14 is sleeping
1105 50 is sleeping
1105 92 is sleeping
1105 124 is sleeping
1105 52 is sleeping
1105 118 is sleeping
1106 6 is sleeping
1106 158 is sleeping
1106 120 is sleeping
1106 114 is sleeping
1106 112 is sleeping
1106 62 is sleeping
1106 176 is sleeping
1106 142 is sleeping
1106 86 is sleeping
1106 138 is sleeping
1106 30 is sleeping
1106 104 is sleeping
1106 194 is sleeping
1107 126 is sleeping
1107 82 is sleeping
1107 108 is sleeping
1107 36 is sleeping
1107 178 is sleeping
1107 58 is sleeping
1107 8 is sleeping
1107 192 is sleeping
1107 56 is sleeping
1107 186 is sleeping
1108 150 is sleeping
1108 68 is sleeping
1109 196 is sleeping
1200 89 is thinking
1200 85 is thinking
1200 65 is thinking
1200 65 has taken a fork
1200 65 has taken a fork
1200 65 is eating
1200 93 is thinking
1200 51 is thinking
1200 51 has taken a fork
1200 51 has taken a fork
1200 51 is eating
1200 73 is thinking
1200 73 has taken a fork
1200 73 has taken a fork
1200 73 is eating
1200 89 has taken a fork
1200 89 has taken a fork
1200 89 is eating
1200 15 is thinking
1200 15 has taken a fork
1200 15 has taken a fork
1200 15 is eating
1200 139 is thinking
1200 139 has taken a fork
1200 139 has taken a fork
1200 139 is eating
1200 43 is thinking
1200 43 has taken a fork
1200 43 has taken a fork
1200 43 is eating
1200 181 is thinking
1200 181 has taken a fork
1200 181 has taken a fork
1200 181 is eating
1200 81 is thinking
1200 81 has taken a fork
1200 81 has taken a fork
1200 81 is eating
1200 107 is thinking
1200 107 has taken a fork
1200 107 has taken a fork
1200 107 is eating
1200 111 is thinking
1200 111 has taken a fork
1200 111 has taken a fork
1200 111 is eating
1200 85 has taken a fork
1200 85 has taken a fork
1200 85 is eating
1200 105 is thinking
1200 47 is thinking
1200 47 has taken a fork
1200 47 has taken a fork
1200 47 is eating
1200 7 is thinking
1200 7 has taken a fork
1200 7 has taken a fork
1200 7 is eating
1200 61 is thinking
1200 61 has taken a fork
1200 61 has taken a fork
1200 61 is eating
1201 137 is thinking
1201 137 has taken a fork
1201 137 has taken a fork
1201 137 is eating
1201 93 has taken a fork
1201 93 has taken a fork
1201 93 is eating
1201 159 is thinking
1201 67 is thinking
1201 9 is thinking
1201 67 has taken a fork
1201 67 has taken a fork
1201 67 is eating
1201 141 is thinking
1201 77 is thinking
1201 39 is thinking
1201 77 has taken a fork
1201 77 has taken a fork
1201 77 is eating
1201 141 has taken a fork
1201 141 has taken a fork
1201 141 is eating
1201 175 is thinking
1201 175 has taken a fork
1201 175 has taken a fork
1201 175 is eating
1201 59 is thinking
1201 59 has taken a fork
1201 59 has taken a fork
1201 59 is eating
1201 161 is thinking
1201 97 is thinking
1201 91 is thinking
1201 97 has taken a fork
1201 97 has taken a fork
1201 97 is eating
1201 171 is thinking
1201 101 is thinking
1201 101 has taken a fork
1201 101 has taken a fork
1201 101 is eating
1201 117 is thinking
1201 117 has taken a fork
1201 117 has taken a fork
1201 117 is eating
1201 105 has taken a fork
1201 105 has taken a fork
1201 105 is eating
1201 27 is thinking
1201 189 is thinking
1201 27 has taken a fork
1201 27 has taken a fork
1201 27 is eating
1201 189 has taken a fork
1201 189 has taken a fork
1201 189 is eating
1201 171 has taken a fork
1201 171 has taken a fork
1201 171 is eating
1201 3 is thinking
1201 123 is thinking
1201 123 has taken a fork
1201 123 has taken a fork
1201 123 is eating
1201 151 is thinking
1201 91 has taken a fork
1201 91 has taken a fork
1201 91 is eating
1201 119 is thinking
1201 119 has taken a fork
1201 119 has taken a fork
1201 119 is eating
1201 83 is thinking
1201 83 has taken a fork
1201 83 has taken a fork
1201 83 is eating
1201 57 is thinking
1201 57 has taken a fork
1201 57 has taken a fork
1201 57 is eating
1201 133 is thinking
1201 133 has taken a fork
1201 133 has taken a fork
1201 133 is eating
1201 173 is thinking
1201 159 has taken a fork
1201 159 has taken a fork
1201 159 is eating
1201 39 has taken a fork
1201 39 has taken a fork
1201 39 is eating
1201 35 is thinking
1201 35 has taken a fork
1201 35 has taken a fork
1201 35 is eating
1201 9 has taken a fork
1201 9 has taken a fork
1201 9 is eating
1201 113 is thinking
1201 113 has taken a fork
1201 113 has taken a fork
1201 113 is eating
1201 129 is thinking
1201 129 has taken a fork
1201 129 has taken a fork
1201 129 is eating
1201 69 is thinking
1201 69 has taken a fork
1201 69 has taken a fork
1201 69 is eating
1201 115 is thinking
1201 115 has taken a fork
1201 115 has taken a fork
1201 115 is eating
1201 95 is thinking
1201 109 is thinking
1201 109 has taken a fork
1201 109 has taken a fork
1201 109 is eating
1202 151 has taken a fork
1202 151 has taken a fork
1202 151 is eating
1202 187 is thinking
1202 187 has taken a fork
1202 187 has taken a fork
1202 187 is eating
1202 79 is thinking
1202 79 has taken a fork
1202 79 has taken a fork
1202 79 is eating
1202 121 is thinking
1202 121 has taken a fork
1202 121 has taken a fork
1202 121 is eating
1202 131 is thinking
1202 131 has taken a fork
1202 131 has taken a fork
1202 131 is eating
1202 17 is thinking
1202 167 is thinking
1202 167 has taken a fork
1202 167 has taken a fork
1202 167 is eating
1202 173 has taken a fork
1202 173 has taken a fork
1202 173 is eating
1202 25 is thinking
1202 25 has taken a fork
1202 25 has taken a fork
1202 25 is eating
1202 17 has taken a fork
1202 17 has taken a fork
1202 17 is eating
1202 95 has taken a fork
1202 95 has taken a fork
1202 95 is eating
1202 149 is thinking
1202 149 has taken a fork
1202 149 has taken a fork
1202 149 is eating
1202 3 has taken a fork
1202 3 has taken a fork
1202 3 is eating
1202 1 is thinking
1202 1 has taken a fork
1202 1 has taken a fork
1202 1 is eating
1202 161 has taken a fork
1202 161 has taken a fork
1202 161 is eating
1202 147 is thinking
1202 147 has taken a fork
1202 147 has taken a fork
1202 147 is eating
1202 63 is thinking
1202 63 has taken a fork
1202 63 has taken a fork
1202 63 is eating
1202 153 is thinking
1202 153 has taken a fork
1202 153 has taken a fork
1202 153 is eating
1202 55 is thinking
1202 55 has taken a fork
1202 55 has taken a fork
1202 55 is eating
1202 155 is thinking
1202 155 has taken a fork
1202 155 has taken a fork
1202 155 is eating
1202 87 is thinking
1202 87 has taken a fork
1202 87 has taken a fork
1202 87 is eating
1202 157 is thinking
1202 157 has taken a fork
1202 157 has taken a fork
1202 157 is eating
1202 45 is thinking
1202 45 has taken a fork
1202 45 has taken a fork
1202 45 is eating
1202 23 is thinking
1202 23 has taken a fork
1202 23 has taken a fork
1202 23 is eating
1202 191 is thinking
1202 191 has taken a fork
1202 191 has taken a fork
1202 191 is eating
1202 197 is thinking
1202 197 has taken a fork
1202 197 has taken a fork
1202 197 is eating
1203 11 is thinking
1203 11 has taken a fork
1203 11 has taken a fork
1203 11 is eating
1203 21 is thinking
1203 21 has taken a fork
1203 21 has taken a fork
1203 21 is eating
1203 53 is thinking
1203 53 has taken a fork
1203 53 has taken a fork
1203 53 is eating
1203 165 is thinking
1203 185 is thinking
1203 185 has taken a fork
1203 185 has taken a fork
1203 185 is eating
1203 71 is thinking
1203 145 is thinking
1203 143 is thinking
1203 143 has taken a fork
1203 143 has taken a fork
1203 143 is eating
1203 135 is thinking
1203 31 is thinking
1203 37 is thinking
1203 37 has taken a fork
1203 37 has taken a fork
1203 37 is eating
1203 103 is thinking
1203 103 has taken a fork
1203 103 has taken a fork
1203 103 is eating
1203 31 has taken a fork
1203 31 has taken a fork
1203 31 is eating
1203 41 is thinking
1203 19 is thinking
1203 19 has taken a fork
1203 19 has taken a fork
1203 19 is eating
1203 49 is thinking
1203 49 has taken a fork
1203 49 has taken a fork
1203 49 is eating
1203 179 is thinking
1203 33 is thinking
1203 41 has taken a fork
1203 41 has taken a fork
1203 41 is eating
1203 99 is thinking
1203 99 has taken a fork
1203 99 has taken a fork
1203 99 is eating
1203 165 has taken a fork
1203 165 has taken a fork
1203 165 is eating
1203 71 has taken a fork
1203 71 has taken a fork
1203 71 is eating
1203 183 is thinking
1203 183 has taken a fork
1203 183 has taken a fork
1203 183 is eating
1203 135 has taken a fork
1203 135 has taken a fork
1203 135 is eating
1203 127 is thinking
1203 193 is thinking
1203 193 has taken a fork
1203 193 has taken a fork
1203 193 is eating
1204 5 is thinking
1204 5 has taken a fork
1204 5 has taken a fork
1204 5 is eating
1204 75 is thinking
1204 75 has taken a fork
1204 75 has taken a fork
1204 75 is eating
1204 127 has taken a fork
1204 127 has taken a fork
1204 127 is eating
1204 177 is thinking
1204 177 has taken a fork
1204 177 has taken a fork
1204 177 is eating
1204 33 has taken a fork
1204 33 has taken a fork
1204 33 is eating
1204 169 is thinking
1204 169 has taken a fork
1204 169 has taken a fork
1204 169 is eating
1204 29 is thinking
1204 29 has taken a fork
1204 29 has taken a fork
1204 29 is eating
1204 195 is thinking
1204 195 has taken a fork
1204 195 has taken a fork
1204 195 is eating
1204 145 has taken a fork
1204 145 has taken a fork
1204 145 is eating
1204 163 is thinking
1204 163 has taken a fork
1204 163 has taken a fork
1204 163 is eating
1204 13 is thinking
1204 13 has taken a fork
1204 13 has taken a fork
1204 13 is eating
1204 199 is thinking
1204 199 has taken a fork
1204 199 has taken a fork
1204 199 is eating
1204 125 is thinking
1204 125 has taken a fork
1204 125 has taken a fork
1204 125 is eating
1204 179 has taken a fork
1204 179 has taken a fork
1204 179 is eating
1300 15 is sleeping
1300 47 is sleeping
1300 139 is sleeping
1300 181 is sleeping
1300 43 is sleeping
1300 51 is sleeping
1300 85 is sleeping
1300 7 is sleeping
1300 89 is sleeping
1300 65 is sleeping
1300 81 is sleeping
1300 73 is sleeping
1300 111 is sleeping
1300 107 is sleeping
1301 61 is sleeping
1301 67 is sleeping
1301 91 is sleeping
1301 171 is sleeping
1301 113 is sleeping
1301 101 is sleeping
1301 109 is sleeping
1301 137 is sleeping
1301 141 is sleeping
1301 175 is sleeping
1301 93 is sleeping
1301 133 is sleeping
1301 83 is sleeping
1301 159 is sleeping
1301 97 is sleeping
1301 105 is sleeping
1301 115 is sleeping
1301 77 is sleeping
1301 123 is sleeping
1301 27 is sleeping
1301 117 is sleeping
1301 172 is thinking
1301 59 is sleeping
1301 57 is sleeping
1301 39 is sleeping
1301 35 is sleeping
1301 9 is sleeping
1301 69 is sleeping
1301 119 is sleeping
1302 189 is sleeping
1302 155 is sleeping
1302 25 is sleeping
1302 17 is sleeping
1302 174 is thinking
1302 187 is sleeping
1302 45 is sleeping
1302 95 is sleeping
1302 23 is sleeping
1302 55 is sleeping
1302 191 is sleeping
1302 131 is sleeping
1302 79 is sleeping
1302 172 has taken a fork
1302 172 has taken a fork
1302 172 is eating
1302 87 is sleeping
1302 197 is sleeping
1303 24 is thinking
1303 24 has taken a fork
1303 24 has taken a fork
1303 24 is eating
1303 99 is sleeping
1303 22 is thinking
1303 34 is thinking
1303 32 is thinking
1303 165 is sleeping
1303 174 has taken a fork
1303 174 has taken a fork
1303 174 is eating
1303 143 is sleeping
1303 156 is thinking
1303 156 has taken a fork
1303 156 has taken a fork
1303 156 is eating
1303 103 is sleeping
1303 41 is sleeping
1303 11 is sleeping
1303 147 is sleeping
1303 26 is thinking
1303 26 has taken a fork
1303 26 has taken a fork
1303 26 is eating
1303 134 is thinking
1303 134 has taken a fork
1303 134 has taken a fork
1303 134 is eating
1303 121 is sleeping
1303 153 is sleeping
1303 116 is thinking
1303 116 has taken a fork
1303 116 has taken a fork
1303 116 is eating
1303 22 has taken a fork
1303 22 has taken a fork
1303 22 is eating
1303 3 is sleeping
1303 167 is sleeping
1303 53 is sleeping
1303 154 is thinking
1303 154 has taken a fork
1303 154 has taken a fork
1303 154 is eating
1303 132 is thinking
1303 94 is thinking
1303 94 has taken a fork
1303 94 has taken a fork
1303 94 is eating
1303 185 is sleeping
1303 2 is thinking
1303 2 has taken a fork
1303 2 has taken a fork
1303 2 is eating
1303 21 is sleeping
1303 183 is sleeping
1303 132 has taken a fork
1303 132 has taken a fork
1303 132 is eating
1303 64 is thinking
1303 31 is sleeping
1303 44 is thinking
1303 44 has taken a fork
1303 44 has taken a fork
1303 44 is eating
1303 157 is sleeping
1303 1 is sleeping
1303 129 is sleeping
1303 200 is thinking
1303 173 is sleeping
1303 135 is sleeping
1303 190 is thinking
1303 190 has taken a fork
1303 190 has taken a fork
1303 190 is eating
1303 161 is sleeping
1303 16 is thinking
1303 16 has taken a fork
1303 16 has taken a fork
1303 16 is eating
1303 151 is sleeping
1303 63 is sleeping
1304 145 is sleeping
1304 110 is thinking
1304 110 has taken a fork
1304 110 has taken a fork
1304 110 is eating
1304 179 is sleeping
1304 146 is thinking
1304 146 has taken a fork
1304 146 has taken a fork
1304 146 is eating
1304 64 has taken a fork
1304 64 has taken a fork
1304 64 is eating
1304 169 is sleeping
1304 10 is thinking
1304 149 is sleeping
1304 18 is thinking
1304 18 has taken a fork
1304 18 has taken a fork
1304 18 is eating
1304 29 is sleeping
1304 195 is sleeping
1304 66 is thinking
1304 66 has taken a fork
1304 66 has taken a fork
1304 66 is eating
1304 13 is sleeping
1304 122 is thinking
1304 122 has taken a fork
1304 122 has taken a fork
1304 122 is eating
1304 71 is sleeping
1304 84 is thinking
1304 84 has taken a fork
1304 84 has taken a fork
1304 84 is eating
1304 177 is sleeping
1304 37 is sleeping
1304 40 is thinking
1304 40 has taken a fork
1304 40 has taken a fork
1304 40 is eating
1304 90 is thinking
1304 90 has taken a fork
1304 90 has taken a fork
1304 90 is eating
1304 49 is sleeping
1304 33 is sleeping
1304 72 is thinking
1304 72 has taken a fork
1304 72 has taken a fork
1304 72 is eating
1304 125 is sleeping
1304 70 is thinking
1304 70 has taken a fork
1304 70 has taken a fork
1304 70 is eating
1304 163 is sleeping
1304 188 is thinking
1304 188 has taken a fork
1304 188 has taken a fork
1304 188 is eating
1304 75 is sleeping
1304 34 has taken a fork
1304 34 has taken a fork
1304 34 is eating
1304 182 is thinking
1304 182 has taken a fork
1304 182 has taken a fork
1304 182 is eating
1304 130 is thinking
1304 130 has taken a fork
1304 130 has taken a fork
1304 130 is eating
1304 144 is thinking
1304 144 has taken a fork
1304 144 has taken a fork
1304 144 is eating
1304 19 is sleeping
1304 102 is thinking
1304 102 has taken a fork
1304 102 has taken a fork
1304 102 is eating
1304 32 has taken a fork
1304 32 has taken a fork
1304 32 is eating
1304 38 is thinking
1304 38 has taken a fork
1304 38 has taken a fork
1304 38 is eating
1304 193 is sleeping
1304 12 is thinking
1304 12 has taken a fork
1304 12 has taken a fork
1304 12 is eating
1305 78 is thinking
1305 106 is thinking
1305 106 has taken a fork
1305 106 has taken a fork
1305 106 is eating
1305 136 is thinking
1305 136 has taken a fork
1305 136 has taken a fork
1305 136 is eating
1305 168 is thinking
1305 148 is thinking
1305 148 has taken a fork
1305 148 has taken a fork
1305 148 is eating
1305 162 is thinking
1305 88 is thinking
1305 180 is thinking
1305 168 has taken a fork
1305 168 has taken a fork
1305 168 is eating
1305 180 has taken a fork
1305 180 has taken a fork
1305 180 is eating
1305 100 is thinking
1305 100 has taken a fork
1305 100 has taken a fork
1305 100 is eating
1305 162 has taken a fork
1305 162 has taken a fork
1305 162 is eating
1305 96 is thinking
1305 98 is thinking
1305 170 is thinking
1305 170 has taken a fork
1305 170 has taken a fork
1305 170 is eating
1305 50 is thinking
1305 50 has taken a fork
1305 50 has taken a fork
1305 50 is eating
1305 96 has taken a fork
1305 96 has taken a fork
1305 96 is eating
1305 164 is thinking
1305 48 is thinking
1305 152 is thinking
1305 124 is thinking
1305 124 has taken a fork
1305 124 has taken a fork
1305 124 is eating
1305 74 is thinking
1305 5 is sleeping
1305 127 is sleeping
1305 10 has taken a fork
1305 10 has taken a fork
1305 10 is eating
1305 92 is thinking
1305 92 has taken a fork
1305 92 has taken a fork
1305 92 is eating
1305 166 is thinking
1305 166 has taken a fork
1305 166 has taken a fork
1305 166 is eating
1305 98 has taken a fork
1305 98 has taken a fork
1305 98 is eating
1305 80 is thinking
1305 80 has taken a fork
1305 80 has taken a fork
1305 80 is eating
1305 199 is sleeping
1305 4 is thinking
1305 46 is thinking
1305 46 has taken a fork
1305 46 has taken a fork
1305 46 is eating
1305 20 is thinking
1305 20 has taken a fork
1305 20 has taken a fork
1305 20 is eating
1305 42 is thinking
1305 42 has taken a fork
1305 42 has taken a fork
1305 42 is eating
1305 200 has taken a fork
1305 200 has taken a fork
1305 200 is eating
1305 60 is thinking
1305 138 is thinking
1305 138 has taken a fork
1305 138 has taken a fork
1305 138 is eating
1305 160 is thinking
1305 160 has taken a fork
1305 160 has taken a fork
1305 160 is eating
1305 14 is thinking
1305 14 has taken a fork
1305 14 has taken a fork
1305 14 is eating
1305 28 is thinking
1305 28 has taken a fork
1305 28 has taken a fork
1305 28 is eating
1305 198 is thinking
1305 118 is thinking
1305 118 has taken a fork
1305 118 has taken a fork
1305 118 is eating
1305 152 has taken a fork
1305 152 has taken a fork
1305 152 is eating
1306 128 is thinking
1306 128 has taken a fork
1306 128 has taken a fork
1306 128 is eating
1306 48 has taken a fork
1306 48 has taken a fork
1306 48 is eating
1306 52 is thinking
1306 52 has taken a fork
1306 52 has taken a fork
1306 52 is eating
1306 60 has taken a fork
1306 60 has taken a fork
1306 60 is eating
1306 74 has taken a fork
1306 74 has taken a fork
1306 74 is eating
1306 76 is thinking
1306 158 is thinking
1306 198 has taken a fork
1306 198 has taken a fork
1306 198 is eating
1306 158 has taken a fork
1306 158 has taken a fork
1306 158 is eating
1306 112 is thinking
1306 112 has taken a fork
1306 112 has taken a fork
1306 112 is eating
1306 62 is thinking
1306 88 has taken a fork
1306 88 has taken a fork
1306 88 is eating
1306 142 is thinking
1306 142 has taken a fork
1306 142 has taken a fork
1306 142 is eating
1306 176 is thinking
1306 176 has taken a fork
1306 176 has taken a fork
1306 176 is eating
1306 62 has taken a fork
1306 62 has taken a fork
1306 62 is eating
1306 120 is thinking
1306 86 is thinking
1306 120 has taken a fork
1306 120 has taken a fork
1306 120 is eating
1306 86 has taken a fork
1306 86 has taken a fork
1306 86 is eating
1306 78 has taken a fork
1306 78 has taken a fork
1306 78 is eating
1306 76 has taken a fork
1306 76 has taken a fork
1306 76 is eating
1306 30 is thinking
1306 30 has taken a fork
1306 30 has taken a fork
1306 30 is eating
1306 184 is thinking
1306 184 has taken a fork
1306 184 has taken a fork
1306 184 is eating
1306 194 is thinking
1306 194 has taken a fork
1306 194 has taken a fork
1306 194 is eating
1306 104 is thinking
1306 104 has taken a fork
1306 104 has taken a fork
1306 104 is eating
1306 140 is thinking
1306 140 has taken a fork
1306 140 has taken a fork
1306 140 is eating
1306 164 has taken a fork
1306 164 has taken a fork
1306 164 is eating
1306 4 has taken a fork
1306 4 has taken a fork
1306 4 is eating
1306 114 is thinking
1306 114 has taken a fork
1306 114 has taken a fork
1306 114 is eating
1306 54 is thinking
1306 54 has taken a fork
1306 54 has taken a fork
1306 54 is eating
1307 186 is thinking
1307 186 has taken a fork
1307 186 has taken a fork
1307 186 is eating
1307 56 is thinking
1307 56 has taken a fork
1307 56 has taken a fork
1307 56 is eating
1307 6 is thinking
1307 6 has taken a fork
1307 6 has taken a fork
1307 6 is eating
1307 108 is thinking
1307 108 has taken a fork
1307 108 has taken a fork
1307 108 is eating
1307 8 is thinking
1307 8 has taken a fork
1307 8 has taken a fork
1307 8 is eating
1307 192 is thinking
1307 192 has taken a fork
1307 192 has taken a fork
1307 192 is eating
1307 126 is thinking
1307 126 has taken a fork
1307 126 has taken a fork
1307 126 is eating
1307 36 is thinking
1307 36 has taken a fork
1307 36 has taken a fork
1307 36 is eating
1307 178 is thinking
1307 178 has taken a fork
1307 178 has taken a fork
1307 178 is eating
1307 58 is thinking
1307 58 has taken a fork
1307 58 has taken a fork
1307 58 is eating
1307 82 is thinking
1307 82 has taken a fork
1307 82 has taken a fork
1307 82 is eating
1308 68 is thinking
1308 68 has taken a fork
1308 68 has taken a fork
1308 68 is eating
1308 150 is thinking
1308 150 has taken a fork
1308 150 has taken a fork
1308 150 is eating
1309 196 is thinking
1309 196 has taken a fork
1309 196 has taken a fork
1309 196 is eating
1402 172 is sleeping
1403 24 is sleeping
1403 2 is sleeping
1403 134 is sleeping
1403 190 is sleeping
1403 154 is sleeping
1403 156 is sleeping
1403 174 is sleeping
1403 132 is sleeping
1403 44 is sleeping
1403 116 is sleeping
1403 22 is sleeping
1403 16 is sleeping
1403 26 is sleeping
1404 182 is sleeping
1404 102 is sleeping
1404 144 is sleeping
1404 32 is sleeping
1404 188 is sleeping
1404 40 is sleeping
1404 70 is sleeping
1404 38 is sleeping
1404 12 is sleeping
1404 122 is sleeping
1404 130 is sleeping
1404 64 is sleeping
1404 90 is sleeping
1404 72 is sleeping
1404 66 is sleeping
1404 94 is sleeping
1404 84 is sleeping
1404 34 is sleeping
1404 146 is sleeping
1404 110 is sleeping
1404 18 is sleeping
1405 14 is sleeping
1405 162 is sleeping
1405 152 is sleeping
1405 200 is sleeping
1405 80 is sleeping
1405 92 is sleeping
1405 136 is sleeping
1405 168 is sleeping
1405 180 is sleeping
1405 96 is sleeping
1405 124 is sleeping
1405 148 is sleeping
1405 118 is sleeping
1405 50 is sleeping
1405 28 is sleeping
1405 46 is sleeping
1405 166 is sleeping
1405 98 is sleeping
1405 170 is sleeping
1405 160 is sleeping
1405 10 is sleeping
1405 138 is sleeping
1405 20 is sleeping
1405 100 is sleeping
1405 106 is sleeping
1405 42 is sleeping
1406 62 is sleeping
1406 86 is sleeping
1406 164 is sleeping
1406 60 is sleeping
1406 88 is sleeping
1406 76 is sleeping
1406 158 is sleeping
1406 78 is sleeping
1406 142 is sleeping
1406 112 is sleeping
1406 194 is sleeping
1406 52 is sleeping
1406 54 is sleeping
1406 120 is sleeping
1406 74 is sleeping
1406 198 is sleeping
1406 176 is sleeping
1406 4 is sleeping
1406 128 is sleeping
1406 30 is sleeping
1406 48 is sleeping
1406 140 is sleeping
1406 114 is sleeping
1407 126 is sleeping
1407 6 is sleeping
1407 56 is sleeping
1407 108 is sleeping
1407 104 is sleeping
1407 82 is sleeping
1407 36 is sleeping
1407 178 is sleeping
1407 58 is sleeping
1407 192 is sleeping
1407 186 is sleeping
1408 150 is sleeping
1408 68 is sleeping
1408 8 is sleeping
1408 184 is sleeping
1409 196 is sleeping
1500 181 is thinking
1500 181 has taken a fork
1500 181 has taken a fork
1500 181 is eating
1500 111 is thinking
1500 111 has taken a fork
1500 111 has taken a fork
1500 111 is eating
1500 93 is thinking
1500 93 has taken a fork
1500 93 has taken a fork
1500 93 is eating
1500 61 is thinking
1500 89 is thinking
1500 139 is thinking
1500 139 has taken a fork
1500 139 has taken a fork
1500 139 is eating
1500 65 is thinking
1500 65 has taken a fork
1500 65 has taken a fork
1500 65 is eating
1500 85 is thinking
1500 85 has taken a fork
1500 85 has taken a fork
1500 85 is eating
1500 73 is thinking
1500 73 has taken a fork
1500 73 has taken a fork
1500 73 is eating
1500 107 is thinking
1500 107 has taken a fork
1500 107 has taken a fork
1500 107 is eating
1500 47 is thinking
1500 47 has taken a fork
1500 47 has taken a fork
1500 47 is eating
1500 61 has taken a fork
1500 61 has taken a fork
1500 61 is eating
1500 7 is thinking
1500 7 has taken a fork
1500 7 has taken a fork
1500 7 is eating
1501 81 is thinking
1501 81 has taken a fork
1501 81 has taken a fork
1501 81 is eating
1501 151 is thinking
1501 151 has taken a fork
1501 151 has taken a fork
1501 151 is eating
1501 189 is thinking
1501 189 has taken a fork
1501 189 has taken a fork
1501 189 is eating
1501 43 is thinking
1501 91 is thinking
1501 123 is thinking
1501 123 has taken a fork
1501 123 has taken a fork
1501 123 is eating
1501 129 is thinking
1501 129 has taken a fork
1501 129 has taken a fork
1501 129 is eating
1501 95 is thinking
1501 27 is thinking
1501 27 has taken a fork
1501 27 has taken a fork
1501 27 is eating
1501 117 is thinking
1501 117 has taken a fork
1501 117 has taken a fork
1501 117 is eating
1501 133 is thinking
1501 133 has taken a fork
1501 133 has taken a fork
1501 133 is eating
1501 95 has taken a fork
1501 95 has taken a fork
1501 95 is eating
1501 69 is thinking
1501 119 is thinking
1501 119 has taken a fork
1501 119 has taken a fork
1501 119 is eating
1501 141 is thinking
1501 35 is thinking
1501 141 has taken a fork
1501 141 has taken a fork
1501 141 is eating
1501 161 is thinking
1501 3 is thinking
1501 97 is thinking
1501 161 has taken a fork
1501 161 has taken a fork
1501 161 is eating
1501 3 has taken a fork
1501 3 has taken a fork
1501 3 is eating
1501 97 has taken a fork
1501 97 has taken a fork
1501 97 is eating
1501 171 is thinking
1501 171 has taken a fork
1501 171 has taken a fork
1501 171 is eating
1501 69 has taken a fork
1501 69 has taken a fork
1501 69 is eating
1501 109 is thinking
1501 173 is thinking
1501 173 has taken a fork
1501 173 has taken a fork
1501 173 is eating
1501 109 has taken a fork
1501 109 has taken a fork
1501 109 is eating
1501 175 is thinking
1501 175 has taken a fork
1501 175 has taken a fork
1501 175 is eating
1501 67 is thinking
1501 101 is thinking
1501 101 has taken a fork
1501 101 has taken a fork
1501 101 is eating
1501 77 is thinking
1501 59 is thinking
1501 59 has taken a fork
1501 59 has taken a fork
1501 59 is eating
1501 137 is thinking
1501 77 has taken a fork
1501 77 has taken a fork
1501 77 is eating
1501 113 is thinking
1501 113 has taken a fork
1501 113 has taken a fork
1501 113 is eating
1501 43 has taken a fork
1501 43 has taken a fork
1501 43 is eating
1501 91 has taken a fork
1501 91 has taken a fork
1501 91 is eating
1501 159 is thinking
1501 35 has taken a fork
1501 35 has taken a fork
1501 35 is eating
1501 159 has taken a fork
1501 159 has taken a fork
1501 159 is eating
1501 57 is thinking
1501 57 has taken a fork
1501 57 has taken a fork
1501 57 is eating
1501 9 is thinking
1501 9 has taken a fork
1501 9 has taken a fork
1501 9 is eating
1501 105 is thinking
1501 105 has taken a fork
1501 105 has taken a fork
1501 105 is eating
1502 87 is thinking
1502 87 has taken a fork
1502 87 has taken a fork
1502 87 is eating
1502 191 is thinking
1502 191 has taken a fork
1502 191 has taken a fork
1502 191 is eating
1502 197 is thinking
1502 197 has taken a fork
1502 197 has taken a fork
1502 197 is eating
1502 1 is thinking
1502 1 has taken a fork
1502 1 has taken a fork
1502 1 is eating
1502 149 is thinking
1502 149 has taken a fork
1502 149 has taken a fork
1502 149 is eating
1502 17 is thinking
1502 55 is thinking
1502 55 has taken a fork
1502 55 has taken a fork
1502 55 is eating
1502 155 is thinking
1502 155 has taken a fork
1502 155 has taken a fork
1502 155 is eating
1502 121 is thinking
1502 121 has taken a fork
1502 121 has taken a fork
1502 121 is eating
1502 17 has taken a fork
1502 17 has taken a fork
1502 17 is eating
1502 157 is thinking
1502 157 has taken a fork
1502 157 has taken a fork
1502 157 is eating
1502 167 is thinking
1502 167 has taken a fork
1502 167 has taken a fork
1502 167 is eating
1502 83 is thinking
1502 83 has taken a fork
1502 83 has taken a fork
1502 83 is eating
1502 23 is thinking
1502 23 has taken a fork
1502 23 has taken a fork
1502 23 is eating
1502 79 is thinking
1502 79 has taken a fork
1502 79 has taken a fork
1502 79 is eating
1502 153 is thinking
1502 153 has taken a fork
1502 153 has taken a fork
1502 153 is eating
1502 63 is thinking
1502 63 has taken a fork
1502 63 has taken a fork
1502 63 is eating
1502 39 is thinking
1502 39 has taken a fork
1502 39 has taken a fork
1502 39 is eating
1502 25 is thinking
1502 25 has taken a fork
1502 25 has taken a fork
1502 25 is eating
1502 131 is thinking
1502 131 has taken a fork
1502 131 has taken a fork
1502 131 is eating
1502 187 is thinking
1502 187 has taken a fork
1502 187 has taken a fork
1502 187 is eating
1502 89 has taken a fork
1502 89 has taken a fork
1502 89 is eating
1502 137 has taken a fork
1502 137 has taken a fork
1502 137 is eating
1502 147 is thinking
1502 147 has taken a fork
1502 147 has taken a fork
1502 147 is eating
1502 45 is thinking
1502 45 has taken a fork
1502 45 has taken a fork
1502 45 is eating
1502 115 is thinking
1502 115 has taken a fork
1502 115 has taken a fork
1502 115 is eating
1502 51 is thinking
1502 51 has taken a fork
1502 51 has taken a fork
1502 51 is eating
1502 67 has taken a fork
1502 67 has taken a fork
1502 67 is eating
1503 193 is thinking
1503 193 has taken a fork
1503 193 has taken a fork
1503 193 is eating
1503 145 is thinking
1503 145 has taken a fork
1503 145 has taken a fork
1503 145 is eating
1503 21 is thinking
1503 21 has taken a fork
1503 21 has taken a fork
1503 21 is eating
1503 99 is thinking
1503 99 has taken a fork
1503 99 has taken a fork
1503 99 is eating
1503 41 is thinking
1503 135 is thinking
1503 135 has taken a fork
1503 135 has taken a fork
1503 135 is eating
1503 41 has taken a fork
1503 41 has taken a fork
1503 41 is eating
1503 183 is thinking
1503 103 is thinking
1503 103 has taken a fork
1503 103 has taken a fork
1503 103 is eating
1503 37 is thinking
1503 37 has taken a fork
1503 37 has taken a fork
1503 37 is eating
1503 11 is thinking
1503 11 has taken a fork
1503 11 has taken a fork
1503 11 is eating
1503 19 is thinking
1503 19 has taken a fork
1503 19 has taken a fork
1503 19 is eating
1503 33 is thinking
1503 33 has taken a fork
1503 33 has taken a fork
1503 33 is eating
1503 183 has taken a fork
1503 183 has taken a fork
1503 183 is eating
1503 185 is thinking
1503 15 is thinking
1503 185 has taken a fork
1503 185 has taken a fork
1503 185 is eating
1503 31 is thinking
1503 31 has taken a fork
1503 31 has taken a fork
1503 31 is eating
1503 143 is thinking
1503 143 has taken a fork
1503 143 has taken a fork
1503 143 is eating
1503 179 is thinking
1503 179 has taken a fork
1503 179 has taken a fork
1503 179 is eating
1503 49 is thinking
1503 49 has taken a fork
1503 49 has taken a fork
1503 49 is eating
1503 71 is thinking
1503 71 has taken a fork
1503 71 has taken a fork
1503 71 is eating
1504 125 is thinking
1504 125 has taken a fork
1504 125 has taken a fork
1504 125 is eating
1504 5 is thinking
1504 5 has taken a fork
1504 5 has taken a fork
1504 5 is eating
1504 127 is thinking
1504 127 has taken a fork
1504 127 has taken a fork
1504 127 is eating
1504 163 is thinking
1504 163 has taken a fork
1504 163 has taken a fork
1504 163 is eating
1504 53 is thinking
1504 53 has taken a fork
1504 53 has taken a fork
1504 53 is eating
1504 15 has taken a fork
1504 15 has taken a fork
1504 15 is eating
1504 177 is thinking
1504 177 has taken a fork
1504 177 has taken a fork
1504 177 is eating
1504 195 is thinking
1504 195 has taken a fork
1504 195 has taken a fork
1504 195 is eating
1504 29 is thinking
1504 29 has taken a fork
1504 29 has taken a fork
1504 29 is eating
1504 75 is thinking
1504 75 has taken a fork
1504 75 has taken a fork
1504 75 is eating
1504 169 is thinking
1504 169 has taken a fork
1504 169 has taken a fork
1504 169 is eating
1504 13 is thinking
1504 13 has taken a fork
1504 13 has taken a fork
1504 13 is eating
1504 199 is thinking
1504 199 has taken a fork
1504 199 has taken a fork
1504 199 is eating
1504 165 is thinking
1504 165 has taken a fork
1504 165 has taken a fork
1504 165 is eating
1600 65 is sleeping
1600 93 is sleeping
1600 181 is sleeping
1600 47 is sleeping
1600 107 is sleeping
1600 61 is sleeping
1600 85 is sleeping
1600 139 is sleeping
1600 73 is sleeping
1600 111 is sleeping
1600 7 is sleeping
1601 171 is sleeping
1601 109 is sleeping
1601 57 is sleeping
1601 9 is sleeping
1601 59 is sleeping
1601 173 is sleeping
1601 159 is sleeping
1601 133 is sleeping
1601 119 is sleeping
1601 77 is sleeping
1601 105 is sleeping
1601 3 is sleeping
1601 141 is sleeping
1601 97 is sleeping
1601 35 is sleeping
1601 81 is sleeping
1601 89 is sleeping
1601 189 is sleeping
1601 113 is sleeping
1601 151 is sleeping
1601 91 is sleeping
1601 43 is sleeping
1601 117 is sleeping
1601 123 is sleeping
1601 27 is sleeping
1601 101 is sleeping
1601 161 is sleeping
1601 129 is sleeping
1601 69 is sleeping
1602 63 is sleeping
1602 67 is sleeping
1602 131 is sleeping
1602 79 is sleeping
1602 25 is sleeping
1602 83 is sleeping
1602 95 is sleeping
1602 121 is sleeping
1602 87 is sleeping
1602 23 is sleeping
1602 17 is sleeping
1602 174 is thinking
1602 55 is sleeping
1602 157 is sleeping
1602 153 is sleeping
1602 197 is sleeping
1602 174 has taken a fork
1602 174 has taken a fork
1602 174 is eating
1602 39 is sleeping
1602 187 is sleeping
1602 137 is sleeping
1602 167 is sleeping
1602 175 is sleeping
1602 147 is sleeping
1602 45 is sleeping
1603 2 is thinking
1603 37 is sleeping
1603 191 is sleeping
1603 24 is thinking
1603 193 is sleeping
1603 24 has taken a fork
1603 24 has taken a fork
1603 24 is eating
1603 71 is sleeping
1603 135 is sleeping
1603 143 is sleeping
1603 94 is thinking
1603 94 has taken a fork
1603 94 has taken a fork
1603 94 is eating
1603 31 is sleeping
1603 149 is sleeping
1603 103 is sleeping
1603 64 is thinking
1603 64 has taken a fork
1603 64 has taken a fork
1603 64 is eating
1603 21 is sleeping
1603 116 is thinking
1603 116 has taken a fork
1603 116 has taken a fork
1603 116 is eating
1603 179 is sleeping
1603 11 is sleeping
1603 19 is sleeping
1603 33 is sleeping
1603 22 is thinking
1603 41 is sleeping
1603 185 is sleeping
1603 145 is sleeping
1603 155 is sleeping
1603 115 is sleeping
1603 51 is sleeping
1603 1 is sleeping
1603 2 has taken a fork
1603 2 has taken a fork
1603 2 is eating
1603 132 is thinking
1603 132 has taken a fork
1603 132 has taken a fork
1603 132 is eating
1603 154 is thinking
1603 154 has taken a fork
1603 154 has taken a fork
1603 154 is eating
1603 16 is thinking
1603 156 is thinking
1603 156 has taken a fork
1603 156 has taken a fork
1603 156 is eating
1603 99 is sleeping
1603 26 is thinking
1603 26 has taken a fork
1603 26 has taken a fork
1603 26 is eating
1603 22 has taken a fork
1603 22 has taken a fork
1603 22 is eating
1604 84 is thinking
1604 84 has taken a fork
1604 84 has taken a fork
1604 84 is eating
1604 195 is sleeping
1604 188 is thinking
1604 110 is thinking
1604 18 is thinking
1604 127 is sleeping
1604 49 is sleeping
1604 130 is thinking
1604 130 has taken a fork
1604 130 has taken a fork
1604 130 is eating
1604 190 is thinking
1604 190 has taken a fork
1604 190 has taken a fork
1604 190 is eating
1604 12 is thinking
1604 144 is thinking
1604 144 has taken a fork
1604 144 has taken a fork
1604 144 is eating
1604 199 is sleeping
1604 75 is sleeping
1604 163 is sleeping
1604 29 is sleeping
1604 169 is sleeping
1604 13 is sleeping
1604 10 is thinking
1604 32 is thinking
1604 32 has taken a fork
1604 32 has taken a fork
1604 32 is eating
1604 177 is sleeping
1604 34 is thinking
1604 34 has taken a fork
1604 34 has taken a fork
1604 34 is eating
1604 18 has taken a fork
1604 18 has taken a fork
1604 18 is eating
1604 182 is thinking
1604 182 has taken a fork
1604 182 has taken a fork
1604 182 is eating
1604 16 has taken a fork
1604 16 has taken a fork
1604 16 is eating
1604 110 has taken a fork
1604 110 has taken a fork
1604 110 is eating
1604 122 is thinking
1604 122 has taken a fork
1604 122 has taken a fork
1604 122 is eating
1604 5 is sleeping
1605 160 is thinking
1605 92 is thinking
1605 92 has taken a fork
1605 92 has taken a fork
1605 92 is eating
1605 38 is thinking
1605 46 is thinking
1605 60 is thinking
1605 60 has taken a fork
1605 60 has taken a fork
1605 60 is eating
1605 148 is thinking
1605 164 is thinking
1605 148 has taken a fork
1605 148 has taken a fork
1605 148 is eating
1605 152 is thinking
1605 152 has taken a fork
1605 152 has taken a fork
1605 152 is eating
1605 170 is thinking
1605 170 has taken a fork
1605 170 has taken a fork
1605 170 is eating
1605 138 is thinking
1605 188 has taken a fork
1605 188 has taken a fork
1605 188 is eating
1605 118 is thinking
1605 96 is thinking
1605 118 has taken a fork
1605 118 has taken a fork
1605 118 is eating
1605 136 is thinking
1605 136 has taken a fork
1605 136 has taken a fork
1605 136 is eating
1605 70 is thinking
1605 70 has taken a fork
1605 70 has taken a fork
1605 70 is eating
1605 50 is thinking
1605 88 is thinking
1605 15 is sleeping
1605 88 has taken a fork
1605 88 has taken a fork
1605 88 is eating
1605 164 has taken a fork
1605 164 has taken a fork
1605 164 is eating
1605 28 is thinking
1605 28 has taken a fork
1605 28 has taken a fork
1605 28 is eating
1605 106 is thinking
1605 106 has taken a fork
1605 106 has taken a fork
1605 106 is eating
1605 20 is thinking
1605 4 is thinking
1605 4 has taken a fork
1605 4 has taken a fork
1605 4 is eating
1605 166 is thinking
1605 166 has taken a fork
1605 166 has taken a fork
1605 166 is eating
1605 14 is thinking
1605 78 is thinking
1605 78 has taken a fork
1605 78 has taken a fork
1605 78 is eating
1605 66 is thinking
1605 66 has taken a fork
1605 66 has taken a fork
1605 66 is eating
1605 180 is thinking
1605 42 is thinking
1605 160 has taken a fork
1605 160 has taken a fork
1605 160 is eating
1605 12 has taken a fork
1605 12 has taken a fork
1605 12 is eating
1605 125 is sleeping
1605 200 is thinking
1605 200 has taken a fork
1605 200 has taken a fork
1605 200 is eating
1605 165 is sleeping
1605 44 is thinking
1605 44 has taken a fork
1605 44 has taken a fork
1605 44 is eating
1605 183 is sleeping
1605 172 is thinking
1605 172 has taken a fork
1605 172 has taken a fork
1605 172 is eating
1605 98 is thinking
1605 98 has taken a fork
1605 98 has taken a fork
1605 98 is eating
1605 80 is thinking
1606 80 has taken a fork
1606 80 has taken a fork
1606 80 is eating
1606 48 is thinking
1606 48 has taken a fork
1606 48 has taken a fork
1606 48 is eating
1606 184 is thinking
1606 46 has taken a fork
1606 46 has taken a fork
1606 46 is eating
1606 124 is thinking
1606 158 is thinking
1606 38 has taken a fork
1606 38 has taken a fork
1606 38 is eating
1606 158 has taken a fork
1606 158 has taken a fork
1606 158 is eating
1606 112 is thinking
1606 198 is thinking
1606 20 has taken a fork
1606 20 has taken a fork
1606 20 is eating
1606 53 is sleeping
1606 140 is thinking
1606 140 has taken a fork
1606 140 has taken a fork
1606 140 is eating
1606 54 is thinking
1606 194 is thinking
1606 194 has taken a fork
1606 194 has taken a fork
1606 194 is eating
1606 62 is thinking
1606 62 has taken a fork
1606 62 has taken a fork
1606 62 is eating
1606 180 has taken a fork
1606 180 has taken a fork
1606 180 is eating
1606 42 has taken a fork
1606 42 has taken a fork
1606 42 is eating
1606 102 is thinking
1606 102 has taken a fork
1606 102 has taken a fork
1606 102 is eating
1606 146 is thinking
1606 96 has taken a fork
1606 96 has taken a fork
1606 96 is eating
1606 142 is thinking
1606 120 is thinking
1606 120 has taken a fork
1606 120 has taken a fork
1606 120 is eating
1606 76 is thinking
1606 76 has taken a fork
1606 76 has taken a fork
1606 76 is eating
1606 134 is thinking
1606 72 is thinking
1606 72 has taken a fork
1606 72 has taken a fork
1606 72 is eating
1606 128 is thinking
1606 128 has taken a fork
1606 128 has taken a fork
1606 128 is eating
1606 184 has taken a fork
1606 184 has taken a fork
1606 184 is eating
1606 114 is thinking
1606 114 has taken a fork
1606 114 has taken a fork
1606 114 is eating
1606 138 has taken a fork
1606 138 has taken a fork
1606 138 is eating
1606 50 has taken a fork
1606 50 has taken a fork
1606 50 is eating
1609 40 is thinking
1609 40 has taken a fork
1609 40 has taken a fork
1609 40 is eating
1609 6 is thinking
1609 90 is thinking
1609 90 has taken a fork
1609 90 has taken a fork
1609 90 is eating
1609 142 has taken a fork
1609 142 has taken a fork
1609 142 is eating
1609 112 has taken a fork
1609 112 has taken a fork
1609 112 is eating
1609 198 has taken a fork
1609 198 has taken a fork
1609 198 is eating
1611 30 is thinking
1611 30 has taken a fork
1611 30 has taken a fork
1611 30 is eating
1611 176 is thinking
1611 104 is thinking
1611 176 has taken a fork
1611 176 has taken a fork
1611 176 is eating
1611 168 is thinking
1611 168 has taken a fork
1611 168 has taken a fork
1611 168 is eating
1611 54 has taken a fork
1611 54 has taken a fork
1611 54 is eating
1611 124 has taken a fork
1611 124 has taken a fork
1611 124 is eating
1611 178 is thinking
1611 178 has taken a fork
1611 178 has taken a fork
1611 178 is eating
1611 8 is thinking
1611 8 has taken a fork
1611 8 has taken a fork
1611 8 is eating
1611 36 is thinking
1611 36 has taken a fork
1611 36 has taken a fork
1611 36 is eating
1611 192 is thinking
1611 192 has taken a fork
1611 192 has taken a fork
1611 192 is eating
1611 68 is thinking
1611 68 has taken a fork
1611 68 has taken a fork
1611 68 is eating
1611 82 is thinking
1611 82 has taken a fork
1611 82 has taken a fork
1611 82 is eating
1612 162 is thinking
1612 146 has taken a fork
1612 146 has taken a fork
1612 146 is eating
1612 162 has taken a fork
1612 162 has taken a fork
1612 162 is eating
1612 108 is thinking
1612 108 has taken a fork
1612 108 has taken a fork
1612 108 is eating
1612 134 has taken a fork
1612 134 has taken a fork
1612 134 is eating
1612 10 has taken a fork
1612 10 has taken a fork
1612 10 is eating
1612 100 is thinking
1612 100 has taken a fork
1612 100 has taken a fork
1612 100 is eating
1612 74 is thinking
1612 74 has taken a fork
1612 74 has taken a fork
1612 74 is eating
1612 14 has taken a fork
1612 14 has taken a fork
1612 14 is eating
1612 56 is thinking
1612 56 has taken a fork
1612 56 has taken a fork
1612 56 is eating
1612 150 is thinking
1612 150 has taken a fork
1612 150 has taken a fork
1612 150 is eating
1612 58 is thinking
1613 58 has taken a fork
1613 58 has taken a fork
1613 58 is eating
1613 186 is thinking
1613 186 has taken a fork
1613 186 has taken a fork
1613 186 is eating
1613 52 is thinking
1613 52 has taken a fork
1613 52 has taken a fork
1613 52 is eating
1613 104 has taken a fork
1613 104 has taken a fork
1613 104 is eating
1613 6 has taken a fork
1613 6 has taken a fork
1613 6 is eating
1614 126 is thinking
1614 126 has taken a fork
1614 126 has taken a fork
1614 126 is eating
1614 86 is thinking
1614 86 has taken a fork
1614 86 has taken a fork
1614 86 is eating
1614 196 is thinking
1614 196 has taken a fork
1614 196 has taken a fork
1614 196 is eating
1702 174 is sleeping
1703 156 is sleeping
1703 24 is sleeping
1703 2 is sleeping
1703 132 is sleeping
1703 64 is sleeping
1703 116 is sleeping
1703 26 is sleeping
1703 94 is sleeping
1703 22 is sleeping
1703 154 is sleeping
1704 32 is sleeping
1704 122 is sleeping
1704 34 is sleeping
1704 144 is sleeping
1704 130 is sleeping
1704 16 is sleeping
1704 182 is sleeping
1704 84 is sleeping
1704 110 is sleeping
1705 164 is sleeping
1705 60 is sleeping
1705 118 is sleeping
1705 98 is sleeping
1705 28 is sleeping
1705 200 is sleeping
1705 170 is sleeping
1705 44 is sleeping
1705 4 is sleeping
1705 78 is sleeping
1705 166 is sleeping
1705 88 is sleeping
1705 152 is sleeping
1705 106 is sleeping
1705 66 is sleeping
1705 160 is sleeping
1705 148 is sleeping
1705 92 is sleeping
1705 136 is sleeping
1705 188 is sleeping
1705 12 is sleeping
1705 70 is sleeping
1705 172 is sleeping
1705 18 is sleeping
1706 80 is sleeping
1706 140 is sleeping
1706 194 is sleeping
1706 46 is sleeping
1706 158 is sleeping
1706 184 is sleeping
1706 96 is sleeping
1706 102 is sleeping
1706 138 is sleeping
1706 72 is sleeping
1706 62 is sleeping
1706 114 is sleeping
1706 128 is sleeping
1706 20 is sleeping
1706 38 is sleeping
1706 120 is sleeping
1706 48 is sleeping
1706 180 is sleeping
1706 190 is sleeping
1706 50 is sleeping
1706 42 is sleeping
1706 76 is sleeping
1708 10 is sleeping
1708 142 is sleeping
1708 112 is sleeping
1708 198 is sleeping
1709 146 is sleeping
1709 124 is sleeping
1709 134 is sleeping
1709 90 is sleeping
1709 14 is sleeping
1709 40 is sleeping
1709 54 is sleeping
1711 82 is sleeping
1711 168 is sleeping
1711 8 is sleeping
1711 6 is sleeping
1711 68 is sleeping
1711 192 is sleeping
1711 178 is sleeping
1711 176 is sleeping
1711 36 is sleeping
1711 30 is sleeping
1712 74 is sleeping
1712 162 is sleeping
1712 150 is sleeping
1712 56 is sleeping
1712 104 is sleeping
1712 100 is sleeping
1712 108 is sleeping
1713 52 is sleeping
1713 186 is sleeping
1713 58 is sleeping
1714 126 is sleeping
1714 86 is sleeping
1714 196 is sleeping
1800 93 is thinking
1800 93 has taken a fork
1800 93 has taken a fork
1800 93 is eating
1800 65 is thinking
1800 65 has taken a fork
1800 65 has taken a fork
1800 65 is eating
1800 7 is thinking
1800 7 has taken a fork
1800 7 has taken a fork
1800 7 is eating
1800 47 is thinking
1800 47 has taken a fork
1800 47 has taken a fork
1800 47 is eating
1800 89 is thinking
1800 89 has taken a fork
1800 89 has taken a fork
1800 89 is eating
1800 139 is thinking
1800 139 has taken a fork
1800 139 has taken a fork
1800 139 is eating
1800 61 is thinking
1800 61 has taken a fork
1800 61 has taken a fork
1800 61 is eating
1800 85 is thinking
1800 181 is thinking
1800 181 has taken a fork
1800 181 has taken a fork
1800 181 is eating
1800 85 has taken a fork
1800 85 has taken a fork
1800 85 is eating
1800 73 is thinking
1800 73 has taken a fork
1800 73 has taken a fork
1800 73 is eating
1800 111 is thinking
1800 111 has taken a fork
1800 111 has taken a fork
1800 111 is eating
1800 107 is thinking
1800 107 has taken a fork
1800 107 has taken a fork
1800 107 is eating
1801 173 is thinking
1801 173 has taken a fork
1801 173 has taken a fork
1801 173 is eating
1801 175 is thinking
1801 175 has taken a fork
1801 175 has taken a fork
1801 175 is eating
1801 117 is thinking
1801 119 is thinking
1801 77 is thinking
1801 77 has taken a fork
1801 77 has taken a fork
1801 77 is eating
1801 67 is thinking
1801 159 is thinking
1801 159 has taken a fork
1801 159 has taken a fork
1801 159 is eating
1801 151 is thinking
1801 151 has taken a fork
1801 151 has taken a fork
1801 151 is eating
1801 91 is thinking
1801 69 is thinking
1801 69 has taken a fork
1801 69 has taken a fork
1801 69 is eating
1801 189 is thinking
1801 189 has taken a fork
1801 189 has taken a fork
1801 189 is eating
1801 59 is thinking
1801 129 is thinking
1801 129 has taken a fork
1801 129 has taken a fork
1801 129 is eating
1801 113 is thinking
1801 113 has taken a fork
1801 113 has taken a fork
1801 113 is eating
1801 3 is thinking
1801 3 has taken a fork
1801 3 has taken a fork
1801 3 is eating
1801 141 is thinking
1801 141 has taken a fork
1801 141 has taken a fork
1801 141 is eating
1801 105 is thinking
1801 105 has taken a fork
1801 105 has taken a fork
1801 105 is eating
1801 117 has taken a fork
1801 117 has taken a fork
1801 117 is eating
1801 81 is thinking
1801 81 has taken a fork
1801 81 has taken a fork
1801 81 is eating
1801 137 is thinking
1801 137 has taken a fork
1801 137 has taken a fork
1801 137 is eating
1801 27 is thinking
1801 27 has taken a fork
1801 27 has taken a fork
1801 27 is eating
1801 123 is thinking
1801 95 is thinking
1801 95 has taken a fork
1801 95 has taken a fork
1801 95 is eating
1802 171 is thinking
1802 171 has taken a fork
1802 171 has taken a fork
1802 171 is eating
1802 45 is thinking
1802 131 is thinking
1802 87 is thinking
1802 147 is thinking
1802 87 has taken a fork
1802 87 has taken a fork
1802 87 is eating
1802 147 has taken a fork
1802 147 has taken a fork
1802 147 is eating
1802 157 is thinking
1802 157 has taken a fork
1802 157 has taken a fork
1802 157 is eating
1802 45 has taken a fork
1802 45 has taken a fork
1802 45 is eating
1802 63 is thinking
1802 63 has taken a fork
1802 63 has taken a fork
1802 63 is eating
1802 167 is thinking
1802 167 has taken a fork
1802 167 has taken a fork
1802 167 is eating
1802 25 is thinking
1802 51 is thinking
1802 51 has taken a fork
1802 51 has taken a fork
1802 51 is eating
1802 17 is thinking
1802 35 is thinking
1802 35 has taken a fork
1802 35 has taken a fork
1802 35 is eating
1802 115 is thinking
1802 115 has taken a fork
1802 115 has taken a fork
1802 115 is eating
1802 25 has taken a fork
1802 25 has taken a fork
1802 25 is eating
1802 83 is thinking
1802 121 is thinking
1802 121 has taken a fork
1802 121 has taken a fork
1802 121 is eating
1802 131 has taken a fork
1802 131 has taken a fork
1802 131 is eating
1802 197 is thinking
1802 197 has taken a fork
1802 197 has taken a fork
1802 197 is eating
1802 17 has taken a fork
1802 17 has taken a fork
1802 17 is eating
1802 101 is thinking
1802 39 is thinking
1802 39 has taken a fork
1802 39 has taken a fork
1802 39 is eating
1802 97 is thinking
1802 43 is thinking
1802 43 has taken a fork
1802 43 has taken a fork
1802 43 is eating
1802 161 is thinking
1802 161 has taken a fork
1802 161 has taken a fork
1802 161 is eating
1802 149 is thinking
1802 149 has taken a fork
1802 149 has taken a fork
1802 149 is eating
1802 23 is thinking
1802 23 has taken a fork
1802 23 has taken a fork
1802 23 is eating
1802 55 is thinking
1802 55 has taken a fork
1802 55 has taken a fork
1802 55 is eating
1803 79 is thinking
1803 79 has taken a fork
1803 79 has taken a fork
1803 79 is eating
1803 187 is thinking
1803 187 has taken a fork
1803 187 has taken a fork
1803 187 is eating
1803 193 is thinking
1803 67 has taken a fork
1803 67 has taken a fork
1803 67 is eating
1803 83 has taken a fork
1803 83 has taken a fork
1803 83 is eating
1803 145 is thinking
1803 145 has taken a fork
1803 145 has taken a fork
1803 145 is eating
1803 153 is thinking
1803 153 has taken a fork
1803 153 has taken a fork
1803 153 is eating
1803 1 is thinking
1803 109 is thinking
1803 1 has taken a fork
1803 1 has taken a fork
1803 1 is eating
1803 109 has taken a fork
1803 109 has taken a fork
1803 109 is eating
1803 191 is thinking
1803 191 has taken a fork
1803 191 has taken a fork
1803 191 is eating
1803 103 is thinking
1803 33 is thinking
1803 33 has taken a fork
1803 33 has taken a fork
1803 33 is eating
1803 193 has taken a fork
1803 193 has taken a fork
1803 193 is eating
1803 155 is thinking
1803 11 is thinking
1803 11 has taken a fork
1803 11 has taken a fork
1803 11 is eating
1803 143 is thinking
1803 123 has taken a fork
1803 123 has taken a fork
1803 123 is eating
1803 133 is thinking
1803 133 has taken a fork
1803 133 has taken a fork
1803 133 is eating
1803 41 is thinking
1803 41 has taken a fork
1803 41 has taken a fork
1803 41 is eating
1803 185 is thinking
1803 185 has taken a fork
1803 185 has taken a fork
1803 185 is eating
1803 101 has taken a fork
1803 101 has taken a fork
1803 101 is eating
1803 57 is thinking
1803 57 has taken a fork
1803 57 has taken a fork
1803 57 is eating
1803 119 has taken a fork
1803 119 has taken a fork
1803 119 is eating
1803 103 has taken a fork
1803 103 has taken a fork
1803 103 is eating
1803 19 is thinking
1803 97 has taken a fork
1803 97 has taken a fork
1803 97 is eating
1803 19 has taken a fork
1803 19 has taken a fork
1803 19 is eating
1803 91 has taken a fork
1803 91 has taken a fork
1803 91 is eating
1803 135 is thinking
1803 135 has taken a fork
1803 135 has taken a fork
1803 135 is eating
1803 9 is thinking
1803 9 has taken a fork
1803 9 has taken a fork
1803 9 is eating
1803 49 is thinking
1803 49 has taken a fork
1803 49 has taken a fork
1803 49 is eating
1803 155 has taken a fork
1803 155 has taken a fork
1803 155 is eating
1803 179 is thinking
1803 179 has taken a fork
1803 179 has taken a fork
1803 179 is eating
1803 143 has taken a fork
1803 143 has taken a fork
1803 143 is eating
1803 31 is thinking
1803 31 has taken a fork
1803 31 has taken a fork
1803 31 is eating
1803 21 is thinking
1803 21 has taken a fork
1803 21 has taken a fork
1803 21 is eating
1803 37 is thinking
1803 37 has taken a fork
1803 37 has taken a fork
1803 37 is eating
1803 183 is thinking
1803 183 has taken a fork
1803 183 has taken a fork
1803 183 is eating
1803 59 has taken a fork
1803 59 has taken a fork
1803 59 is eating
1803 71 is thinking
1803 71 has taken a fork
1803 71 has taken a fork
1803 71 is eating
1803 99 is thinking
1803 99 has taken a fork
1803 99 has taken a fork
1803 99 is eating
1804 13 is thinking
1804 13 has taken a fork
1804 13 has taken a fork
1804 13 is eating
1804 75 is thinking
1804 75 has taken a fork
1804 75 has taken a fork
1804 75 is eating
1804 169 is thinking
1804 169 has taken a fork
1804 169 has taken a fork
1804 169 is eating
1804 5 is thinking
1804 5 has taken a fork
1804 5 has taken a fork
1804 5 is eating
1804 195 is thinking
1804 195 has taken a fork
1804 195 has taken a fork
1804 195 is eating
1804 127 is thinking
1804 127 has taken a fork
1804 127 has taken a fork
1804 127 is eating
1804 125 is thinking
1804 125 has taken a fork
1804 125 has taken a fork
1804 125 is eating
1804 29 is thinking
1804 199 is thinking
1804 199 has taken a fork
1804 199 has taken a fork
1804 199 is eating
1804 177 is thinking
1804 177 has taken a fork
1804 177 has taken a fork
1804 177 is eating
1804 165 is thinking
1804 165 has taken a fork
1804 165 has taken a fork
1804 165 is eating
1804 15 is thinking
1804 15 has taken a fork
1804 15 has taken a fork
1804 15 is eating
1804 53 is thinking
1804 53 has taken a fork
1804 53 has taken a fork
1804 53 is eating
1804 29 has taken a fork
1804 29 has taken a fork
1804 29 is eating
1804 163 is thinking
1804 163 has taken a fork
1804 163 has taken a fork
1804 163 is eating
1900 89 is sleeping
1900 93 is sleeping
1900 85 is sleeping
1900 181 is sleeping
1900 139 is sleeping
1900 61 is sleeping
1900 111 is sleeping
1900 47 is sleeping
1900 65 is sleeping
1900 107 is sleeping
1900 7 is sleeping
1900 73 is sleeping
1901 117 is sleeping
1901 3 is sleeping
1901 175 is sleeping
1901 173 is sleeping
1901 189 is sleeping
1901 129 is sleeping
1901 113 is sleeping
1901 105 is sleeping
1901 81 is sleeping
1901 27 is sleeping
1901 69 is sleeping
1902 197 is sleeping
1902 171 is sleeping
1902 161 is sleeping
1902 131 is sleeping
1902 59 is sleeping
1902 95 is sleeping
1902 174 is thinking
1902 174 has taken a fork
1902 174 has taken a fork
1902 174 is eating
1902 121 is sleeping
1902 17 is sleeping
1902 35 is sleeping
1902 77 is sleeping
1902 23 is sleeping
1902 51 is sleeping
1902 63 is sleeping
1902 67 is sleeping
1902 55 is sleeping
1902 43 is sleeping
1902 39 is sleeping
1902 167 is sleeping
1902 123 is sleeping
1902 147 is sleeping
1902 45 is sleeping
1902 25 is sleeping
1902 91 is sleeping
1902 119 is sleeping
1902 149 is sleeping
1902 115 is sleeping
1902 159 is sleeping
1902 137 is sleeping
1903 21 is sleeping
1903 185 is sleeping
1903 193 is sleeping
1903 151 is sleeping
1903 87 is sleeping
1903 94 is thinking
1903 19 is sleeping
1903 9 is sleeping
1903 83 is sleeping
1903 26 is thinking
1903 26 has taken a fork
1903 26 has taken a fork
1903 26 is eating
1903 145 is sleeping
1903 101 is sleeping
1903 2 is thinking
1903 2 has taken a fork
1903 2 has taken a fork
1903 2 is eating
1903 31 is sleeping
1903 1 is sleeping
1903 64 is thinking
1903 156 is thinking
1903 33 is sleeping
1903 64 has taken a fork
1903 64 has taken a fork
1903 64 is eating
1903 97 is sleeping
1903 11 is sleeping
1903 99 is sleeping
1903 183 is sleeping
1903 94 has taken a fork
1903 94 has taken a fork
1903 94 is eating
1903 103 is sleeping
1903 191 is sleeping
1903 156 has taken a fork
1903 156 has taken a fork
1903 156 is eating
1903 153 is sleeping
1903 143 is sleeping
1903 155 is sleeping
1903 37 is sleeping
1903 49 is sleeping
1903 133 is sleeping
1904 135 is sleeping
1904 179 is sleeping
1904 163 is sleeping
1904 5 is sleeping
1904 13 is sleeping
1904 34 is thinking
1904 34 has taken a fork
1904 34 has taken a fork
1904 34 is eating
1904 16 is thinking
1904 12 is thinking
1904 10 is thinking
1904 10 has taken a fork
1904 10 has taken a fork
1904 10 is eating
1904 29 is sleeping
1904 110 is thinking
1904 110 has taken a fork
1904 110 has taken a fork
1904 110 is eating
1904 15 is sleeping
1904 122 is thinking
1904 122 has taken a fork
1904 122 has taken a fork
1904 122 is eating
1904 75 is sleeping
1904 190 is thinking
1904 71 is sleeping
1904 187 is sleeping
1904 32 is thinking
1904 79 is sleeping
1904 199 is sleeping
1904 24 is thinking
1904 130 is thinking
1904 127 is sleeping
1904 24 has taken a fork
1904 24 has taken a fork
1904 24 is eating
1904 109 is sleeping
1904 57 is sleeping
1904 188 is thinking
1904 188 has taken a fork
1904 188 has taken a fork
1904 188 is eating
1904 132 is thinking
1904 144 is thinking
1904 144 has taken a fork
1904 144 has taken a fork
1904 144 is eating
1904 141 is sleeping
1904 12 has taken a fork
1904 12 has taken a fork
1904 12 is eating
1904 195 is sleeping
1904 22 is thinking
1904 22 has taken a fork
1904 22 has taken a fork
1904 22 is eating
1904 165 is sleeping
1904 53 is sleeping
1904 32 has taken a fork
1904 32 has taken a fork
1904 32 is eating
1904 190 has taken a fork
1904 190 has taken a fork
1904 190 is eating
1904 182 is thinking
1904 182 has taken a fork
1904 182 has taken a fork
1904 182 is eating
1904 125 is sleeping
1904 130 has taken a fork
1904 130 has taken a fork
1904 130 is eating
1904 177 is sleeping
1905 157 is sleeping
1905 170 is thinking
1905 138 is thinking
1905 138 has taken a fork
1905 138 has taken a fork
1905 138 is eating
1905 4 is thinking
1905 4 has taken a fork
1905 4 has taken a fork
1905 4 is eating
1905 96 is thinking
1905 96 has taken a fork
1905 96 has taken a fork
1905 96 is eating
1905 118 is thinking
1905 118 has taken a fork
1905 118 has taken a fork
1905 118 is eating
1905 66 is thinking
1905 66 has taken a fork
1905 66 has taken a fork
1905 66 is eating
1905 42 is thinking
1905 42 has taken a fork
1905 42 has taken a fork
1905 42 is eating
1905 106 is thinking
1905 106 has taken a fork
1905 106 has taken a fork
1905 106 is eating
1905 98 is thinking
1905 98 has taken a fork
1905 98 has taken a fork
1905 98 is eating
1905 16 has taken a fork
1905 16 has taken a fork
1905 16 is eating
1905 18 is thinking
1905 154 is thinking
1905 154 has taken a fork
1905 154 has taken a fork
1905 154 is eating
1905 20 is thinking
1905 20 has taken a fork
1905 20 has taken a fork
1905 20 is eating
1905 28 is thinking
1905 28 has taken a fork
1905 28 has taken a fork
1905 28 is eating
1905 172 is thinking
1905 70 is thinking
1905 70 has taken a fork
1905 70 has taken a fork
1905 70 is eating
1905 44 is thinking
1905 44 has taken a fork
1905 44 has taken a fork
1905 44 is eating
1905 132 has taken a fork
1905 132 has taken a fork
1905 132 is eating
1905 92 is thinking
1905 92 has taken a fork
1905 92 has taken a fork
1905 92 is eating
1905 116 is thinking
1905 116 has taken a fork
1905 116 has taken a fork
1905 116 is eating
1905 136 is thinking
1905 136 has taken a fork
1905 136 has taken a fork
1905 136 is eating
1905 170 has taken a fork
1905 170 has taken a fork
1905 170 is eating
1905 164 is thinking
1905 164 has taken a fork
1905 164 has taken a fork
1905 164 is eating
1905 180 is thinking
1905 180 has taken a fork
1905 180 has taken a fork
1905 180 is eating
1905 166 is thinking
1905 166 has taken a fork
1905 166 has taken a fork
1905 166 is eating
1905 84 is thinking
1905 84 has taken a fork
1905 84 has taken a fork
1905 84 is eating
1905 50 is thinking
1905 50 has taken a fork
1905 50 has taken a fork
1905 50 is eating
1905 14 is thinking
1905 14 has taken a fork
1905 14 has taken a fork
1905 14 is eating
1905 152 is thinking
1905 152 has taken a fork
1905 152 has taken a fork
1905 152 is eating
1905 88 is thinking
1905 172 has taken a fork
1905 172 has taken a fork
1905 172 is eating
1905 18 has taken a fork
1905 18 has taken a fork
1905 18 is eating
1905 200 is thinking
1905 200 has taken a fork
1905 200 has taken a fork
1905 200 is eating
1905 78 is thinking
1905 78 has taken a fork
1905 78 has taken a fork
1905 78 is eating
1905 169 is sleeping
1905 148 is thinking
1905 148 has taken a fork
1905 148 has taken a fork
1905 148 is eating
1905 38 is thinking
1905 38 has taken a fork
1905 38 has taken a fork
1905 38 is eating
1906 48 is thinking
1906 142 is thinking
1906 48 has taken a fork
1906 48 has taken a fork
1906 48 is eating
1906 194 is thinking
1906 142 has taken a fork
1906 142 has taken a fork
1906 142 is eating
1906 124 is thinking
1906 80 is thinking
1906 80 has taken a fork
1906 80 has taken a fork
1906 80 is eating
1906 102 is thinking
1906 102 has taken a fork
1906 102 has taken a fork
1906 102 is eating
1906 134 is thinking
1906 134 has taken a fork
1906 134 has taken a fork
1906 134 is eating
1906 124 has taken a fork
1906 124 has taken a fork
1906 124 is eating
1906 120 is thinking
1906 120 has taken a fork
1906 120 has taken a fork
1906 120 is eating
1906 72 is thinking
1906 72 has taken a fork
1906 72 has taken a fork
1906 72 is eating
1906 76 is thinking
1906 184 is thinking
1906 184 has taken a fork
1906 184 has taken a fork
1906 184 is eating
1906 76 has taken a fork
1906 76 has taken a fork
1906 76 is eating
1906 198 is thinking
1906 198 has taken a fork
1906 198 has taken a fork
1906 198 is eating
1906 60 is thinking
1906 60 has taken a fork
1906 60 has taken a fork
1906 60 is eating
1906 46 is thinking
1906 46 has taken a fork
1906 46 has taken a fork
1906 46 is eating
1906 158 is thinking
1906 158 has taken a fork
1906 158 has taken a fork
1906 158 is eating
1906 140 is thinking
1906 140 has taken a fork
1906 140 has taken a fork
1906 140 is eating
1906 114 is thinking
1906 114 has taken a fork
1906 114 has taken a fork
1906 114 is eating
1906 160 is thinking
1906 160 has taken a fork
1906 160 has taken a fork
1906 160 is eating
1906 88 has taken a fork
1906 88 has taken a fork
1906 88 is eating
1906 41 is sleeping
1906 54 is thinking
1906 54 has taken a fork
1906 54 has taken a fork
1906 54 is eating
1906 112 is thinking
1906 112 has taken a fork
1906 112 has taken a fork
1906 112 is eating
1907 128 is thinking
1907 194 has taken a fork
1907 194 has taken a fork
1907 194 is eating
1907 62 is thinking
1907 62 has taken a fork
1907 62 has taken a fork
1907 62 is eating
1907 146 is thinking
1907 146 has taken a fork
1907 146 has taken a fork
1907 146 is eating
1907 128 has taken a fork
1907 128 has taken a fork
1907 128 is eating
1909 6 is thinking
1909 6 has taken a fork
1909 6 has taken a fork
1909 6 is eating
1909 40 is thinking
1909 40 has taken a fork
1909 40 has taken a fork
1909 40 is eating
1909 90 is thinking
1909 90 has taken a fork
1909 90 has taken a fork
1909 90 is eating
1911 68 is thinking
1911 68 has taken a fork
1911 68 has taken a fork
1911 68 is eating
1911 30 is thinking
1911 30 has taken a fork
1911 30 has taken a fork
1911 30 is eating
1911 8 is thinking
1911 8 has taken a fork
1911 8 has taken a fork
1911 8 is eating
1911 192 is thinking
1911 192 has taken a fork
1911 192 has taken a fork
1911 192 is eating
1911 176 is thinking
1911 176 has taken a fork
1911 176 has taken a fork
1911 176 is eating
1911 178 is thinking
1911 178 has taken a fork
1911 178 has taken a fork
1911 178 is eating
1911 36 is thinking
1911 36 has taken a fork
1911 36 has taken a fork
1911 36 is eating
1912 82 is thinking
1912 82 has taken a fork
1912 82 has taken a fork
1912 82 is eating
1912 162 is thinking
1912 100 is thinking
1912 74 is thinking
1912 168 is thinking
1912 168 has taken a fork
1912 168 has taken a fork
1912 168 is eating
1912 100 has taken a fork
1912 100 has taken a fork
1912 100 is eating
1912 74 has taken a fork
1912 74 has taken a fork
1912 74 is eating
1912 150 is thinking
1912 150 has taken a fork
1912 150 has taken a fork
1912 150 is eating
1912 104 is thinking
1912 104 has taken a fork
1912 104 has taken a fork
1912 104 is eating
1912 108 is thinking
1912 108 has taken a fork
1912 108 has taken a fork
1912 108 is eating
1913 52 is thinking
1913 52 has taken a fork
1913 52 has taken a fork
1913 52 is eating
1913 56 is thinking
1913 56 has taken a fork
1913 56 has taken a fork
1913 56 is eating
1913 162 has taken a fork
1913 162 has taken a fork
1913 162 is eating
1913 186 is thinking
1913 186 has taken a fork
1913 186 has taken a fork
1913 186 is eating
1913 58 is thinking
1913 58 has taken a fork
1913 58 has taken a fork
1913 58 is eating
1914 126 is thinking
1914 126 has taken a fork
1914 126 has taken a fork
1914 126 is eating
1914 196 is thinking
1914 196 has taken a fork
1914 196 has taken a fork
1914 196 is eating
1914 86 is thinking
1914 86 has taken a fork
1914 86 has taken a fork
1914 86 is eating
2002 174 is sleeping
2003 26 is sleeping
2003 2 is sleeping
2003 64 is sleeping
2003 156 is sleeping
2004 182 is sleeping
2004 190 is sleeping
2004 144 is sleeping
2004 10 is sleeping
2004 22 is sleeping
2004 122 is sleeping
2004 94 is sleeping
2004 32 is sleeping
2004 12 is sleeping
2004 130 is sleeping
2004 24 is sleeping
2004 34 is sleeping
2004 188 is sleeping
2004 110 is sleeping
2005 106 is sleeping
2005 78 is sleeping
2005 132 is sleeping
2005 136 is sleeping
2005 70 is sleeping
2005 170 is sleeping
2005 20 is sleeping
2005 180 is sleeping
2005 116 is sleeping
2005 50 is sleeping
2005 14 is sleeping
2005 138 is sleeping
2005 44 is sleeping
2005 200 is sleeping
2005 172 is sleeping
2005 84 is sleeping
2005 152 is sleeping
2005 42 is sleeping
2005 164 is sleeping
2005 96 is sleeping
2005 118 is sleeping
2005 66 is sleeping
2005 4 is sleeping
2005 154 is sleeping
2005 92 is sleeping
2005 16 is sleeping
2005 18 is sleeping
2005 28 is sleeping
2005 166 is sleeping
2005 98 is sleeping
2006 38 is sleeping
2006 158 is sleeping
2006 142 is sleeping
2006 54 is sleeping
2006 60 is sleeping
2006 46 is sleeping
2006 114 is sleeping
2006 120 is sleeping
2006 48 is sleeping
2006 72 is sleeping
2006 198 is sleeping
2006 88 is sleeping
2006 184 is sleeping
2006 102 is sleeping
2006 140 is sleeping
2006 80 is sleeping
2006 124 is sleeping
2006 134 is sleeping
2006 76 is sleeping
2006 148 is sleeping
2006 160 is sleeping
2007 194 is sleeping
2007 62 is sleeping
2007 146 is sleeping
2007 128 is sleeping
2007 112 is sleeping
2009 90 is sleeping
2009 6 is sleeping
2009 40 is sleeping
2011 176 is sleeping
2011 178 is sleeping
2011 36 is sleeping
2011 30 is sleeping
2011 192 is sleeping
2011 8 is sleeping
2011 68 is sleeping
2012 108 is sleeping
2012 104 is sleeping
2012 168 is sleeping
2012 150 is sleeping
2013 56 is sleeping
2013 58 is sleeping
2013 82 is sleeping
2013 162 is sleeping
2013 186 is sleeping
2013 74 is sleeping
2013 100 is sleeping
2013 52 is sleeping
2014 86 is sleeping
2014 196 is sleeping
2014 126 is sleeping
2100 111 is thinking
2100 111 has taken a fork
2100 111 has taken a fork
2100 111 is eating
2100 139 is thinking
2100 139 has taken a fork
2100 139 has taken a fork
2100 139 is eating
2100 85 is thinking
2100 85 has taken a fork
2100 85 has taken a fork
2100 85 is eating
2100 7 is thinking
2100 7 has taken a fork
2100 7 has taken a fork
2100 7 is eating
2100 65 is thinking
2100 65 has taken a fork
2100 65 has taken a fork
2100 65 is eating
2100 93 is thinking
2100 93 has taken a fork
2100 93 has taken a fork
2100 93 is eating
2100 107 is thinking
2100 107 has taken a fork
2100 107 has taken a fork
2100 107 is eating
2100 73 is thinking
2100 73 has taken a fork
2100 73 has taken a fork
2100 73 is eating
2101 117 is thinking
2101 117 has taken a fork
2101 117 has taken a fork
2101 117 is eating
2101 27 is thinking
2101 105 is thinking
2101 141 is thinking
2101 141 has taken a fork
2101 141 has taken a fork
2101 141 is eating
2101 129 is thinking
2101 129 has taken a fork
2101 129 has taken a fork
2101 129 is eating
2101 105 has taken a fork
2101 105 has taken a fork
2101 105 is eating
2101 27 has taken a fork
2101 27 has taken a fork
2101 27 is eating
2101 123 is thinking
2101 123 has taken a fork
2101 123 has taken a fork
2101 123 is eating
2101 173 is thinking
2101 173 has taken a fork
2101 173 has taken a fork
2101 173 is eating
2101 189 is thinking
2101 189 has taken a fork
2101 189 has taken a fork
2101 189 is eating
2101 175 is thinking
2101 175 has taken a fork
2101 175 has taken a fork
2101 175 is eating
2101 3 is thinking
2102 3 has taken a fork
2102 3 has taken a fork
2102 3 is eating
2102 101 is thinking
2102 23 is thinking
2102 23 has taken a fork
2102 23 has taken a fork
2102 23 is eating
2102 101 has taken a fork
2102 101 has taken a fork
2102 101 is eating
2102 55 is thinking
2102 55 has taken a fork
2102 55 has taken a fork
2102 55 is eating
2102 197 is thinking
2102 45 is thinking
2102 45 has taken a fork
2102 45 has taken a fork
2102 45 is eating
2102 25 is thinking
2102 25 has taken a fork
2102 25 has taken a fork
2102 25 is eating
2102 157 is thinking
2102 43 is thinking
2102 157 has taken a fork
2102 157 has taken a fork
2102 157 is eating
2102 43 has taken a fork
2102 43 has taken a fork
2102 43 is eating
2102 121 is thinking
2102 121 has taken a fork
2102 121 has taken a fork
2102 121 is eating
2102 63 is thinking
2103 51 is thinking
2103 185 is thinking
2103 51 has taken a fork
2103 51 has taken a fork
2103 51 is eating
2103 167 is thinking
2103 151 is thinking
2103 151 has taken a fork
2103 151 has taken a fork
2103 151 is eating
2103 113 is thinking
2103 113 has taken a fork
2103 113 has taken a fork
2103 113 is eating
2103 171 is thinking
2103 171 has taken a fork
2103 171 has taken a fork
2103 171 is eating
2103 17 is thinking
2103 89 is thinking
2103 89 has taken a fork
2103 89 has taken a fork
2103 89 is eating
2103 39 is thinking
2103 35 is thinking
2103 35 has taken a fork
2103 35 has taken a fork
2103 35 is eating
2103 63 has taken a fork
2103 63 has taken a fork
2103 63 is eating
2103 9 is thinking
2103 9 has taken a fork
2103 9 has taken a fork
2103 9 is eating
2103 185 has taken a fork
2103 185 has taken a fork
2103 185 is eating
2103 181 is thinking
2103 181 has taken a fork
2103 181 has taken a fork
2103 181 is eating
2103 109 is thinking
2103 109 has taken a fork
2103 109 has taken a fork
2103 109 is eating
2103 179 is thinking
2103 179 has taken a fork
2103 179 has taken a fork
2103 179 is eating
2103 103 is thinking
2103 103 has taken a fork
2103 103 has taken a fork
2103 103 is eating
2103 41 is thinking
2103 41 has taken a fork
2103 41 has taken a fork
2103 41 is eating
2103 37 is thinking
2104 5 is thinking
2104 5 has taken a fork
2104 5 has taken a fork
2104 5 is eating
2104 183 is thinking
2104 183 has taken a fork
2104 183 has taken a fork
2104 183 is eating
2104 53 is thinking
2104 53 has taken a fork
2104 53 has taken a fork
2104 53 is eating
2104 127 is thinking
2104 127 has taken a fork
2104 127 has taken a fork
2104 127 is eating
2104 33 is thinking
2104 143 is thinking
2104 33 has taken a fork
2104 33 has taken a fork
2104 33 is eating
2104 135 is thinking
2104 135 has taken a fork
2104 135 has taken a fork
2104 135 is eating
2104 15 is thinking
2104 15 has taken a fork
2104 15 has taken a fork
2104 15 is eating
2104 1 is thinking
2104 21 is thinking
2104 149 is thinking
2104 149 has taken a fork
2104 149 has taken a fork
2104 149 is eating
2104 75 is thinking
2104 177 is thinking
2104 75 has taken a fork
2104 75 has taken a fork
2104 75 is eating
2104 187 is thinking
2104 187 has taken a fork
2104 187 has taken a fork
2104 187 is eating
2104 79 is thinking
2104 177 has taken a fork
2104 177 has taken a fork
2104 177 is eating
2104 79 has taken a fork
2104 79 has taken a fork
2104 79 is eating
2104 39 has taken a fork
2104 39 has taken a fork
2104 39 is eating
2104 147 is thinking
2104 147 has taken a fork
2104 147 has taken a fork
2104 147 is eating
2104 153 is thinking
2104 153 has taken a fork
2104 153 has taken a fork
2104 153 is eating
2104 49 is thinking
2104 49 has taken a fork
2104 49 has taken a fork
2104 49 is eating
2104 57 is thinking
2104 57 has taken a fork
2104 57 has taken a fork
2104 57 is eating
2104 71 is thinking
2104 167 has taken a fork
2104 167 has taken a fork
2104 167 is eating
2104 193 is thinking
2104 155 is thinking
2104 193 has taken a fork
2104 193 has taken a fork
2104 193 is eating
2104 155 has taken a fork
2104 155 has taken a fork
2104 155 is eating
2104 199 is thinking
2104 199 has taken a fork
2104 199 has taken a fork
2104 199 is eating
2104 29 is thinking
2104 29 has taken a fork
2104 29 has taken a fork
2104 29 is eating
2105 131 is thinking
2105 131 has taken a fork
2105 131 has taken a fork
2105 131 is eating
2105 161 is thinking
2105 161 has taken a fork
2105 161 has taken a fork
2105 161 is eating
2105 165 is thinking
2105 165 has taken a fork
2105 165 has taken a fork
2105 165 is eating
2105 87 is thinking
2105 99 is thinking
2105 19 is thinking
2105 125 is thinking
2105 125 has taken a fork
2105 125 has taken a fork
2105 125 is eating
2105 31 is thinking
2105 31 has taken a fork
2105 31 has taken a fork
2105 31 is eating
2105 37 has taken a fork
2105 37 has taken a fork
2105 37 is eating
2105 163 is thinking
2105 163 has taken a fork
2105 163 has taken a fork
2105 163 is eating
2105 13 is thinking
2105 47 is thinking
2105 59 is thinking
2105 145 is thinking
2105 145 has taken a fork
2105 145 has taken a fork
2105 145 is eating
2105 87 has taken a fork
2105 87 has taken a fork
2105 87 is eating
2105 95 is thinking
2105 95 has taken a fork
2105 95 has taken a fork
2105 95 is eating
2105 83 is thinking
2105 83 has taken a fork
2105 83 has taken a fork
2105 83 is eating
2105 197 has taken a fork
2105 197 has taken a fork
2105 197 is eating
2105 17 has taken a fork
2105 17 has taken a fork
2105 17 is eating
2105 71 has taken a fork
2105 71 has taken a fork
2105 71 is eating
2105 195 is thinking
2105 195 has taken a fork
2105 195 has taken a fork
2105 195 is eating
2105 97 is thinking
2105 61 is thinking
2105 61 has taken a fork
2105 61 has taken a fork
2105 61 is eating
2105 133 is thinking
2105 99 has taken a fork
2105 99 has taken a fork
2105 99 is eating
2105 143 has taken a fork
2105 143 has taken a fork
2105 143 is eating
2105 1 has taken a fork
2105 1 has taken a fork
2105 1 is eating
2105 169 is thinking
2105 169 has taken a fork
2105 169 has taken a fork
2105 169 is eating
2106 115 is thinking
2106 115 has taken a fork
2106 115 has taken a fork
2106 115 is eating
2106 97 has taken a fork
2106 97 has taken a fork
2106 97 is eating
2107 13 has taken a fork
2107 13 has taken a fork
2107 13 is eating
2107 47 has taken a fork
2107 47 has taken a fork
2107 47 is eating
2107 91 is thinking
2108 91 has taken a fork
2108 91 has taken a fork
2108 91 is eating
2108 133 has taken a fork
2108 133 has taken a fork
2108 133 is eating
2108 19 has taken a fork
2108 19 has taken a fork
2108 19 is eating
2108 67 is thinking
2108 67 has taken a fork
2108 67 has taken a fork
2108 67 is eating
2110 21 has taken a fork
2110 21 has taken a fork
2110 21 is eating
2110 81 is thinking
2110 81 has taken a fork
2110 81 has taken a fork
2110 81 is eating
2111 59 has taken a fork
2111 59 has taken a fork
2111 59 is eating
2112 69 is thinking
2112 69 has taken a fork
2112 69 has taken a fork
2112 69 is eating
2112 119 is thinking
2112 119 has taken a fork
2112 119 has taken a fork
2112 119 is eating
2113 191 is thinking
2113 191 has taken a fork
2113 191 has taken a fork
2113 191 is eating
2113 11 is thinking
2113 11 has taken a fork
2113 11 has taken a fork
2113 11 is eating
2114 137 is thinking
2114 77 is thinking
2114 77 has taken a fork
2114 77 has taken a fork
2114 77 is eating
2114 159 is thinking
2116 137 has taken a fork
2116 137 has taken a fork
2116 137 is eating
2116 159 has taken a fork
2116 159 has taken a fork
2116 159 is eating
2200 65 is sleeping
2200 139 is sleeping
2200 73 is sleeping
2200 7 is sleeping
2200 111 is sleeping
2200 107 is sleeping
2200 93 is sleeping
2200 85 is sleeping
2201 27 is sleeping
2201 175 is sleeping
2201 129 is sleeping
2201 117 is sleeping
2201 173 is sleeping
2201 189 is sleeping
2201 123 is sleeping
2201 105 is sleeping
2201 141 is sleeping
2202 23 is sleeping
2202 45 is sleeping
2202 174 is thinking
2202 174 has taken a fork
2202 174 has taken a fork
2202 174 is eating
2202 55 is sleeping
2202 3 is sleeping
2202 101 is sleeping
2202 43 is sleeping
2202 157 is sleeping
2202 121 is sleeping
2202 25 is sleeping
2203 51 is sleeping
2203 113 is sleeping
2203 151 is sleeping
2203 63 is sleeping
2203 41 is sleeping
2203 156 is thinking
2203 26 is thinking
2203 26 has taken a fork
2203 26 has taken a fork
2203 26 is eating
2203 181 is sleeping
2203 2 is thinking
2203 89 is sleeping
2203 64 is thinking
2203 64 has taken a fork
2203 64 has taken a fork
2203 64 is eating
2203 9 is sleeping
2203 171 is sleeping
2203 179 is sleeping
2203 35 is sleeping
2204 5 is sleeping
2204 193 is sleeping
2204 33 is sleeping
2204 15 is sleeping
2204 16 is thinking
2204 49 is sleeping
2204 147 is sleeping
2204 17 is sleeping
2204 122 is thinking
2204 156 has taken a fork
2204 156 has taken a fork
2204 156 is eating
2204 109 is sleeping
2204 183 is sleeping
2204 29 is sleeping
2204 197 is sleeping
2204 34 is thinking
2204 34 has taken a fork
2204 34 has taken a fork
2204 34 is eating
2204 144 is thinking
2204 16 has taken a fork
2204 16 has taken a fork
2204 16 is eating
2204 182 is thinking
2204 135 is sleeping
2204 190 is thinking
2204 24 is thinking
2204 177 is sleeping
2204 24 has taken a fork
2204 24 has taken a fork
2204 24 is eating
2204 75 is sleeping
2204 103 is sleeping
2204 79 is sleeping
2204 188 is thinking
2204 188 has taken a fork
2204 188 has taken a fork
2204 188 is eating
2204 132 is thinking
2204 12 is thinking
2204 149 is sleeping
2204 127 is sleeping
2204 32 is thinking
2204 153 is sleeping
2204 10 is thinking
2204 155 is sleeping
2204 187 is sleeping
2205 116 is thinking
2205 118 is thinking
2205 4 is thinking
2205 4 has taken a fork
2205 4 has taken a fork
2205 4 is eating
2205 154 is thinking
2205 154 has taken a fork
2205 154 has taken a fork
2205 154 is eating
2205 14 is thinking
2205 39 is sleeping
2205 88 is thinking
2205 88 has taken a fork
2205 88 has taken a fork
2205 88 is eating
2205 2 has taken a fork
2205 2 has taken a fork
2205 2 is eating
2205 28 is thinking
2205 200 is thinking
2205 28 has taken a fork
2205 28 has taken a fork
2205 28 is eating
2205 172 is thinking
2205 32 has taken a fork
2205 32 has taken a fork
2205 32 is eating
2205 144 has taken a fork
2205 144 has taken a fork
2205 144 is eating
2205 172 has taken a fork
2205 172 has taken a fork
2205 172 is eating
2205 143 is sleeping
2205 180 is thinking
2205 125 is sleeping
2205 1 is sleeping
2205 131 is sleeping
2205 66 is thinking
2205 95 is sleeping
2205 170 is thinking
2205 170 has taken a fork
2205 170 has taken a fork
2205 170 is eating
2205 122 has taken a fork
2205 122 has taken a fork
2205 122 is eating
2205 38 is thinking
2205 31 is sleeping
2205 78 is thinking
2205 42 is thinking
2205 42 has taken a fork
2205 42 has taken a fork
2205 42 is eating
2205 92 is thinking
2205 182 has taken a fork
2205 182 has taken a fork
2205 182 is eating
2205 44 is thinking
2205 83 is sleeping
2205 20 is thinking
2205 200 has taken a fork
2205 200 has taken a fork
2205 200 is eating
2205 87 is sleeping
2205 185 is sleeping
2205 161 is sleeping
2205 169 is sleeping
2205 38 has taken a fork
2205 38 has taken a fork
2205 38 is eating
2205 180 has taken a fork
2205 180 has taken a fork
2205 180 is eating
2206 130 is thinking
2206 54 is thinking
2206 72 is thinking
2206 120 is thinking
2206 13 is sleeping
2206 48 is thinking
2206 115 is sleeping
2206 199 is sleeping
2206 112 is thinking
2206 112 has taken a fork
2206 112 has taken a fork
2206 112 is eating
2206 99 is sleeping
2206 94 is thinking
2206 61 is sleeping
2206 195 is sleeping
2206 46 is thinking
2206 164 is thinking
2206 164 has taken a fork
2206 164 has taken a fork
2206 164 is eating
2206 116 has taken a fork
2206 116 has taken a fork
2206 116 is eating
2206 140 is thinking
2206 140 has taken a fork
2206 140 has taken a fork
2206 140 is eating
2206 166 is thinking
2206 166 has taken a fork
2206 166 has taken a fork
2206 166 is eating
2206 44 has taken a fork
2206 44 has taken a fork
2206 44 is eating
2206 138 is thinking
2206 142 is thinking
2206 47 is sleeping
2206 194 is thinking
2206 194 has taken a fork
2206 194 has taken a fork
2206 194 is eating
2206 48 has taken a fork
2206 48 has taken a fork
2206 48 is eating
2206 72 has taken a fork
2206 72 has taken a fork
2206 72 is eating
2206 184 is thinking
2206 184 has taken a fork
2206 184 has taken a fork
2206 184 is eating
2206 106 is thinking
2206 106 has taken a fork
2206 106 has taken a fork
2206 106 is eating
2206 145 is sleeping
2206 130 has taken a fork
2206 130 has taken a fork
2206 130 is eating
2206 46 has taken a fork
2206 46 has taken a fork
2206 46 is eating
2206 114 is thinking
2206 114 has taken a fork
2206 114 has taken a fork
2206 114 is eating
2206 18 is thinking
2206 98 is thinking
2206 98 has taken a fork
2206 98 has taken a fork
2206 98 is eating
2206 96 is thinking
2206 96 has taken a fork
2206 96 has taken a fork
2206 96 is eating
2206 97 is sleeping
2206 53 is sleeping
2206 148 is thinking
2206 148 has taken a fork
2206 148 has taken a fork
2206 148 is eating
2206 14 has taken a fork
2206 14 has taken a fork
2206 14 is eating
2207 57 is sleeping
2207 163 is sleeping
2207 152 is thinking
2207 152 has taken a fork
2207 152 has taken a fork
2207 152 is eating
2207 50 is thinking
2207 19 is sleeping
2207 50 has taken a fork
2207 50 has taken a fork
2207 50 is eating
2207 102 is thinking
2207 102 has taken a fork
2207 102 has taken a fork
2207 102 is eating
2207 158 is thinking
2207 21 is sleeping
2207 146 is thinking
2207 146 has taken a fork
2207 146 has taken a fork
2207 146 is eating
2207 20 has taken a fork
2207 20 has taken a fork
2207 20 is eating
2207 198 is thinking
2207 198 has taken a fork
2207 198 has taken a fork
2207 198 is eating
2207 165 is sleeping
2207 124 is thinking
2207 124 has taken a fork
2207 124 has taken a fork
2207 124 is eating
2207 133 is sleeping
2207 132 has taken a fork
2207 132 has taken a fork
2207 132 is eating
2207 22 is thinking
2207 22 has taken a fork
2207 22 has taken a fork
2207 22 is eating
2207 60 is thinking
2207 80 is thinking
2207 54 has taken a fork
2207 54 has taken a fork
2207 54 is eating
2208 67 is sleeping
2208 70 is thinking
2208 160 is thinking
2208 110 is thinking
2208 110 has taken a fork
2208 110 has taken a fork
2208 110 is eating
2208 71 is sleeping
2208 37 is sleeping
2208 136 is thinking
2208 62 is thinking
2208 62 has taken a fork
2208 62 has taken a fork
2208 62 is eating
2208 128 is thinking
2208 128 has taken a fork
2208 128 has taken a fork
2208 128 is eating
2208 91 is sleeping
2208 134 is thinking
2208 134 has taken a fork
2208 134 has taken a fork
2208 134 is eating
2208 142 has taken a fork
2208 142 has taken a fork
2208 142 is eating
2208 66 has taken a fork
2208 66 has taken a fork
2208 66 is eating
2208 59 is sleeping
2208 94 has taken a fork
2208 94 has taken a fork
2208 94 is eating
2208 18 has taken a fork
2208 18 has taken a fork
2208 18 is eating
2208 84 is thinking
2208 84 has taken a fork
2208 84 has taken a fork
2208 84 is eating
2208 60 has taken a fork
2208 60 has taken a fork
2208 60 is eating
2209 6 is thinking
2209 6 has taken a fork
2209 6 has taken a fork
2209 6 is eating
2209 167 is sleeping
2209 40 is thinking
2209 40 has taken a fork
2209 40 has taken a fork
2209 40 is eating
2209 92 has taken a fork
2209 92 has taken a fork
2209 92 is eating
2209 90 is thinking
2209 90 has taken a fork
2209 90 has taken a fork
2209 90 is eating
2209 76 is thinking
2210 81 is sleeping
2210 80 has taken a fork
2210 80 has taken a fork
2210 80 is eating
2211 178 is thinking
2211 178 has taken a fork
2211 178 has taken a fork
2211 178 is eating
2211 68 is thinking
2211 8 is thinking
2211 8 has taken a fork
2211 8 has taken a fork
2211 8 is eating
2211 36 is thinking
2211 36 has taken a fork
2211 36 has taken a fork
2211 36 is eating
2211 30 is thinking
2211 30 has taken a fork
2211 30 has taken a fork
2211 30 is eating
2211 192 is thinking
2211 176 is thinking
2211 176 has taken a fork
2211 176 has taken a fork
2211 176 is eating
2212 104 is thinking
2212 104 has taken a fork
2212 104 has taken a fork
2212 104 is eating
2212 82 is thinking
2212 82 has taken a fork
2212 82 has taken a fork
2212 82 is eating
2212 100 is thinking
2212 100 has taken a fork
2212 100 has taken a fork
2212 100 is eating
2212 74 is thinking
2212 74 has taken a fork
2212 74 has taken a fork
2212 74 is eating
2212 168 is thinking
2212 168 has taken a fork
2212 168 has taken a fork
2212 168 is eating
2212 108 is thinking
2212 108 has taken a fork
2212 108 has taken a fork
2212 108 is eating
2212 69 is sleeping
2212 119 is sleeping
2212 68 has taken a fork
2212 68 has taken a fork
2212 68 is eating
2212 162 is thinking
2212 162 has taken a fork
2212 162 has taken a fork
2212 162 is eating
2212 120 has taken a fork
2212 120 has taken a fork
2212 120 is eating
2212 70 has taken a fork
2212 70 has taken a fork
2212 70 is eating
2212 118 has taken a fork
2212 118 has taken a fork
2212 118 is eating
2212 150 is thinking
2212 150 has taken a fork
2212 150 has taken a fork
2212 150 is eating
2213 52 is thinking
2213 52 has taken a fork
2213 52 has taken a fork
2213 52 is eating
2213 58 is thinking
2213 58 has taken a fork
2213 58 has taken a fork
2213 58 is eating
2213 186 is thinking
2213 186 has taken a fork
2213 186 has taken a fork
2213 186 is eating
2213 191 is sleeping
2213 190 has taken a fork
2213 190 has taken a fork
2213 190 is eating
2214 126 is thinking
2214 126 has taken a fork
2214 126 has taken a fork
2214 126 is eating
2214 86 is thinking
2214 86 has taken a fork
2214 86 has taken a fork
2214 86 is eating
2214 11 is sleeping
2214 10 has taken a fork
2214 10 has taken a fork
2214 10 is eating
2214 12 has taken a fork
2214 12 has taken a fork
2214 12 is eating
2214 56 is thinking
2214 56 has taken a fork
2214 56 has taken a fork
2214 56 is eating
2214 77 is sleeping
2214 78 has taken a fork
2214 78 has taken a fork
2214 78 is eating
2214 192 has taken a fork
2214 192 has taken a fork
2214 192 is eating
2214 76 has taken a fork
2214 76 has taken a fork
2214 76 is eating
2214 196 is thinking
2215 196 has taken a fork
2215 196 has taken a fork
2215 196 is eating
2215 137 is sleeping
2215 138 has taken a fork
2215 138 has taken a fork
2215 138 is eating
2215 136 has taken a fork
2215 136 has taken a fork
2215 136 is eating
2216 159 is sleeping
2216 160 has taken a fork
2216 160 has taken a fork
2216 160 is eating
2216 158 has taken a fork
2216 158 has taken a fork
2216 158 is eating
2302 174 is sleeping
2303 64 is sleeping
2303 26 is sleeping
2304 34 is sleeping
2304 16 is sleeping
2304 188 is sleeping
2304 24 is sleeping
2304 156 is sleeping
2305 172 is sleeping
2305 154 is sleeping
2305 200 is sleeping
2305 144 is sleeping
2305 122 is sleeping
2305 170 is sleeping
2305 182 is sleeping
2305 42 is sleeping
2305 88 is sleeping
2305 2 is sleeping
2305 4 is sleeping
2305 28 is sleeping
2305 32 is sleeping
2306 106 is sleeping
2306 116 is sleeping
2306 130 is sleeping
2306 194 is sleeping
2306 114 is sleeping
2306 46 is sleeping
2306 164 is sleeping
2306 140 is sleeping
2306 180 is sleeping
2306 38 is sleeping
2306 98 is sleeping
2306 148 is sleeping
2306 96 is sleeping
2306 184 is sleeping
2307 44 is sleeping
2307 14 is sleeping
2307 152 is sleeping
2307 54 is sleeping
2307 22 is sleeping
2307 102 is sleeping
2307 72 is sleeping
2307 124 is sleeping
2307 132 is sleeping
2307 166 is sleeping
2307 142 is sleeping
2307 94 is sleeping
2307 50 is sleeping
2307 112 is sleeping
2307 146 is sleeping
2307 198 is sleeping
2307 20 is sleeping
2307 48 is sleeping
2308 62 is sleeping
2308 134 is sleeping
2308 110 is sleeping
2308 60 is sleeping
2308 18 is sleeping
2308 66 is sleeping
2308 84 is sleeping
2308 128 is sleeping
2309 90 is sleeping
2309 92 is sleeping
2309 6 is sleeping
2309 40 is sleeping
2310 80 is sleeping
2311 36 is sleeping
2311 176 is sleeping
2311 30 is sleeping
2311 178 is sleeping
2311 8 is sleeping
2312 74 is sleeping
2312 104 is sleeping
2312 120 is sleeping
2312 150 is sleeping
2312 118 is sleeping
2312 162 is sleeping
2312 70 is sleeping
2312 100 is sleeping
2312 168 is sleeping
2312 82 is sleeping
2312 108 is sleeping
2313 58 is sleeping
2313 186 is sleeping
2313 68 is sleeping
2313 190 is sleeping
2313 52 is sleeping
2314 126 is sleeping
2314 86 is sleeping
2314 12 is sleeping
2314 78 is sleeping
2314 56 is sleeping
2314 192 is sleeping
2314 76 is sleeping
2315 10 is sleeping
2315 138 is sleeping
2315 196 is sleeping
2315 136 is sleeping
2316 160 is sleeping
2317 158 is sleeping
2400 65 is thinking
2400 65 has taken a fork
2400 65 has taken a fork
2400 65 is eating
2400 93 is thinking
2400 93 has taken a fork
2400 93 has taken a fork
2400 93 is eating
2400 7 is thinking
2400 7 has taken a fork
2400 7 has taken a fork
2400 7 is eating
2400 73 is thinking
2400 73 has taken a fork
2400 73 has taken a fork
2400 73 is eating
2400 139 is thinking
2400 139 has taken a fork
2400 139 has taken a fork
2400 139 is eating
2400 107 is thinking
2400 107 has taken a fork
2400 107 has taken a fork
2400 107 is eating
2400 111 is thinking
2400 111 has taken a fork
2400 111 has taken a fork
2400 111 is eating
2400 85 is thinking
2400 85 has taken a fork
2400 85 has taken a fork
2400 85 is eating
2401 129 is thinking
2401 129 has taken a fork
2401 129 has taken a fork
2401 129 is eating
2401 105 is thinking
2401 105 has taken a fork
2401 105 has taken a fork
2401 105 is eating
2401 141 is thinking
2401 141 has taken a fork
2401 141 has taken a fork
2401 141 is eating
2401 117 is thinking
2401 27 is thinking
2401 27 has taken a fork
2401 27 has taken a fork
2401 27 is eating
2401 173 is thinking
2401 189 is thinking
2401 189 has taken a fork
2401 189 has taken a fork
2401 189 is eating
2401 175 is thinking
2401 175 has taken a fork
2401 175 has taken a fork
2401 175 is eating
2401 117 has taken a fork
2401 117 has taken a fork
2401 117 is eating
2401 123 is thinking
2401 123 has taken a fork
2401 123 has taken a fork
2401 123 is eating
2402 43 is thinking
2402 43 has taken a fork
2402 43 has taken a fork
2402 43 is eating
2402 25 is thinking
2402 25 has taken a fork
2402 25 has taken a fork
2402 25 is eating
2402 121 is thinking
2402 121 has taken a fork
2402 121 has taken a fork
2402 121 is eating
2402 173 has taken a fork
2402 173 has taken a fork
2402 173 is eating
2402 197 is thinking
2402 197 has taken a fork
2402 197 has taken a fork
2402 197 is eating
2402 157 is thinking
2402 157 has taken a fork
2402 157 has taken a fork
2402 157 is eating
2402 45 is thinking
2402 45 has taken a fork
2402 45 has taken a fork
2402 45 is eating
2402 55 is thinking
2402 55 has taken a fork
2402 55 has taken a fork
2402 55 is eating
2402 23 is thinking
2402 23 has taken a fork
2402 23 has taken a fork
2402 23 is eating
2402 3 is thinking
2402 3 has taken a fork
2402 3 has taken a fork
2402 3 is eating
2402 101 is thinking
2402 101 has taken a fork
2402 101 has taken a fork
2402 101 is eating
2403 179 is thinking
2403 179 has taken a fork
2403 179 has taken a fork
2403 179 is eating
2403 51 is thinking
2403 51 has taken a fork
2403 51 has taken a fork
2403 51 is eating
2403 35 is thinking
2403 35 has taken a fork
2403 35 has taken a fork
2403 35 is eating
2403 167 is thinking
2403 167 has taken a fork
2403 167 has taken a fork
2403 167 is eating
2403 41 is thinking
2403 41 has taken a fork
2403 41 has taken a fork
2403 41 is eating
2403 171 is thinking
2403 171 has taken a fork
2403 171 has taken a fork
2403 171 is eating
2403 17 is thinking
2403 17 has taken a fork
2403 17 has taken a fork
2403 17 is eating
2403 63 is thinking
2403 63 has taken a fork
2403 63 has taken a fork
2403 63 is eating
2403 151 is thinking
2403 151 has taken a fork
2403 151 has taken a fork
2403 151 is eating
2403 103 is thinking
2403 103 has taken a fork
2403 103 has taken a fork
2403 103 is eating
2403 9 is thinking
2403 9 has taken a fork
2403 9 has taken a fork
2403 9 is eating
2403 109 is thinking
2403 109 has taken a fork
2403 109 has taken a fork
2403 109 is eating
2403 185 is thinking
2403 185 has taken a fork
2403 185 has taken a fork
2403 185 is eating
2403 89 is thinking
2403 89 has taken a fork
2403 89 has taken a fork
2403 89 is eating
2404 53 is thinking
2404 75 is thinking
2404 75 has taken a fork
2404 75 has taken a fork
2404 75 is eating
2404 49 is thinking
2404 49 has taken a fork
2404 49 has taken a fork
2404 49 is eating
2404 177 is thinking
2404 177 has taken a fork
2404 177 has taken a fork
2404 177 is eating
2404 187 is thinking
2404 33 is thinking
2404 33 has taken a fork
2404 33 has taken a fork
2404 33 is eating
2404 187 has taken a fork
2404 187 has taken a fork
2404 187 is eating
2404 57 is thinking
2404 39 is thinking
2404 39 has taken a fork
2404 39 has taken a fork
2404 39 is eating
2404 181 is thinking
2404 181 has taken a fork
2404 181 has taken a fork
2404 181 is eating
2404 29 is thinking
2404 29 has taken a fork
2404 29 has taken a fork
2404 29 is eating
2404 127 is thinking
2404 127 has taken a fork
2404 127 has taken a fork
2404 127 is eating
2404 113 is thinking
2404 113 has taken a fork
2404 113 has taken a fork
2404 113 is eating
2404 79 is thinking
2404 183 is thinking
2404 183 has taken a fork
2404 183 has taken a fork
2404 183 is eating
2404 79 has taken a fork
2404 79 has taken a fork
2404 79 is eating
2404 21 is thinking
2404 21 has taken a fork
2404 21 has taken a fork
2404 21 is eating
2404 155 is thinking
2404 155 has taken a fork
2404 155 has taken a fork
2404 155 is eating
2404 147 is thinking
2404 147 has taken a fork
2404 147 has taken a fork
2404 147 is eating
2404 153 is thinking
2404 153 has taken a fork
2404 153 has taken a fork
2404 153 is eating
2404 1 is thinking
2404 1 has taken a fork
2404 1 has taken a fork
2404 1 is eating
2404 37 is thinking
2404 37 has taken a fork
2404 37 has taken a fork
2404 37 is eating
2404 135 is thinking
2404 135 has taken a fork
2404 135 has taken a fork
2404 135 is eating
2404 15 is thinking
2404 15 has taken a fork
2404 15 has taken a fork
2404 15 is eating
2405 95 is thinking
2405 95 has taken a fork
2405 95 has taken a fork
2405 95 is eating
2405 59 is thinking
2405 145 is thinking
2405 145 has taken a fork
2405 145 has taken a fork
2405 145 is eating
2405 31 is thinking
2405 31 has taken a fork
2405 31 has taken a fork
2405 31 is eating
2405 125 is thinking
2405 125 has taken a fork
2405 125 has taken a fork
2405 125 is eating
2405 47 is thinking
2405 47 has taken a fork
2405 47 has taken a fork
2405 47 is eating
2405 59 has taken a fork
2405 59 has taken a fork
2405 59 is eating
2405 169 is thinking
2405 169 has taken a fork
2405 169 has taken a fork
2405 169 is eating
2405 97 is thinking
2405 53 has taken a fork
2405 53 has taken a fork
2405 53 is eating
2405 193 is thinking
2405 193 has taken a fork
2405 193 has taken a fork
2405 193 is eating
2405 149 is thinking
2405 149 has taken a fork
2405 149 has taken a fork
2405 149 is eating
2405 97 has taken a fork
2405 97 has taken a fork
2405 97 is eating
2405 195 is thinking
2405 195 has taken a fork
2405 195 has taken a fork
2405 195 is eating
2405 71 is thinking
2405 71 has taken a fork
2405 71 has taken a fork
2405 71 is eating
2405 57 has taken a fork
2405 57 has taken a fork
2405 57 is eating
2405 199 is thinking
2405 199 has taken a fork
2405 199 has taken a fork
2405 199 is eating
2405 5 is thinking
2405 5 has taken a fork
2405 5 has taken a fork
2405 5 is eating
2405 133 is thinking
2405 133 has taken a fork
2405 133 has taken a fork
2405 133 is eating
2405 87 is thinking
2405 87 has taken a fork
2405 87 has taken a fork
2405 87 is eating
2405 99 is thinking
2405 99 has taken a fork
2405 99 has taken a fork
2405 99 is eating
2405 163 is thinking
2405 163 has taken a fork
2405 163 has taken a fork
2405 163 is eating
2405 13 is thinking
2405 13 has taken a fork
2405 13 has taken a fork
2405 13 is eating
2406 115 is thinking
2406 115 has taken a fork
2406 115 has taken a fork
2406 115 is eating
2406 19 is thinking
2406 19 has taken a fork
2406 19 has taken a fork
2406 19 is eating
2406 165 is thinking
2406 165 has taken a fork
2406 165 has taken a fork
2406 165 is eating
2406 161 is thinking
2406 161 has taken a fork
2406 161 has taken a fork
2406 161 is eating
2407 143 is thinking
2407 143 has taken a fork
2407 143 has taken a fork
2407 143 is eating
2407 131 is thinking
2407 131 has taken a fork
2407 131 has taken a fork
2407 131 is eating
2407 61 is thinking
2407 61 has taken a fork
2407 61 has taken a fork
2407 61 is eating
2407 83 is thinking
2407 83 has taken a fork
2407 83 has taken a fork
2407 83 is eating
2408 67 is thinking
2408 67 has taken a fork
2408 67 has taken a fork
2408 67 is eating
2408 91 is thinking
2408 91 has taken a fork
2408 91 has taken a fork
2408 91 is eating
2410 81 is thinking
2410 81 has taken a fork
2410 81 has taken a fork
2410 81 is eating
2412 119 is thinking
2412 119 has taken a fork
2412 119 has taken a fork
2412 119 is eating
2412 69 is thinking
2412 69 has taken a fork
2412 69 has taken a fork
2412 69 is eating
2413 11 is thinking
2413 11 has taken a fork
2413 11 has taken a fork
2413 11 is eating
2413 191 is thinking
2413 191 has taken a fork
2413 191 has taken a fork
2413 191 is eating
2414 137 is thinking
2414 137 has taken a fork
2414 137 has taken a fork
2414 137 is eating
2414 77 is thinking
2414 77 has taken a fork
2414 77 has taken a fork
2414 77 is eating
2416 159 is thinking
2416 159 has taken a fork
2416 159 has taken a fork
2416 159 is eating
2500 7 is sleeping
2500 73 is sleeping
2500 111 is sleeping
2500 139 is sleeping
2500 107 is sleeping
2500 85 is sleeping
2500 65 is sleeping
2500 93 is sleeping
2501 141 is sleeping
2501 175 is sleeping
2501 117 is sleeping
2501 123 is sleeping
2501 27 is sleeping
2501 129 is sleeping
2501 105 is sleeping
2501 189 is sleeping
2502 197 is sleeping
2502 3 is sleeping
2502 101 is sleeping
2502 55 is sleeping
2502 23 is sleeping
2502 173 is sleeping
2502 45 is sleeping
2502 157 is sleeping
2502 121 is sleeping
2502 174 is thinking
2502 174 has taken a fork
2502 174 has taken a fork
2502 174 is eating
2502 43 is sleeping
2502 25 is sleeping
2503 41 is sleeping
2503 35 is sleeping
2503 179 is sleeping
2503 63 is sleeping
2503 109 is sleeping
2503 185 is sleeping
2503 64 is thinking
2503 64 has taken a fork
2503 64 has taken a fork
2503 64 is eating
2503 151 is sleeping
2503 167 is sleeping
2503 89 is sleeping
2503 26 is thinking
2503 26 has taken a fork
2503 26 has taken a fork
2503 26 is eating
2503 171 is sleeping
2503 103 is sleeping
2503 51 is sleeping
2503 9 is sleeping
2503 17 is sleeping
2504 33 is sleeping
2504 37 is sleeping
2504 156 is thinking
2504 156 has taken a fork
2504 156 has taken a fork
2504 156 is eating
2504 127 is sleeping
2504 182 is thinking
2504 21 is sleeping
2504 39 is sleeping
2504 153 is sleeping
2504 181 is sleeping
2504 135 is sleeping
2504 29 is sleeping
2504 183 is sleeping
2504 16 is thinking
2504 155 is sleeping
2504 147 is sleeping
2504 1 is sleeping
2504 34 is thinking
2504 34 has taken a fork
2504 34 has taken a fork
2504 34 is eating
2504 188 is thinking
2504 75 is sleeping
2504 24 is thinking
2504 49 is sleeping
2504 182 has taken a fork
2504 182 has taken a fork
2504 182 is eating
2504 177 is sleeping
2504 122 is thinking
2504 122 has taken a fork
2504 122 has taken a fork
2504 122 is eating
2504 187 is sleeping
2504 79 is sleeping
2504 113 is sleeping
2504 16 has taken a fork
2504 16 has taken a fork
2504 16 is eating
2505 97 is sleeping
2505 71 is sleeping
2505 53 is sleeping
2505 99 is sleeping
2505 2 is thinking
2505 2 has taken a fork
2505 2 has taken a fork
2505 2 is eating
2505 5 is sleeping
2505 149 is sleeping
2505 44 is thinking
2505 57 is sleeping
2505 28 is thinking
2505 28 has taken a fork
2505 28 has taken a fork
2505 28 is eating
2505 200 is thinking
2505 44 has taken a fork
2505 44 has taken a fork
2505 44 is eating
2505 42 is thinking
2505 42 has taken a fork
2505 42 has taken a fork
2505 42 is eating
2505 38 is thinking
2505 38 has taken a fork
2505 38 has taken a fork
2505 38 is eating
2505 195 is sleeping
2505 133 is sleeping
2505 144 is thinking
2505 15 is sleeping
2505 125 is sleeping
2505 32 is thinking
2505 47 is sleeping
2505 170 is thinking
2505 59 is sleeping
2505 169 is sleeping
2505 172 is thinking
2505 172 has taken a fork
2505 172 has taken a fork
2505 172 is eating
2505 87 is sleeping
2505 13 is sleeping
2505 145 is sleeping
2505 88 is thinking
2505 88 has taken a fork
2505 88 has taken a fork
2505 88 is eating
2505 193 is sleeping
2505 199 is sleeping
2505 4 is thinking
2505 4 has taken a fork
2505 4 has taken a fork
2505 4 is eating
2505 200 has taken a fork
2505 200 has taken a fork
2505 200 is eating
2505 163 is sleeping
2505 32 has taken a fork
2505 32 has taken a fork
2505 32 is eating
2506 148 is thinking
2506 148 has taken a fork
2506 148 has taken a fork
2506 148 is eating
2506 14 is thinking
2506 14 has taken a fork
2506 14 has taken a fork
2506 14 is eating
2506 165 is sleeping
2506 112 is thinking
2506 112 has taken a fork
2506 112 has taken a fork
2506 112 is eating
2506 94 is thinking
2506 94 has taken a fork
2506 94 has taken a fork
2506 94 is eating
2506 166 is thinking
2506 161 is sleeping
2506 184 is thinking
2506 72 is thinking
2506 72 has taken a fork
2506 72 has taken a fork
2506 72 is eating
2506 96 is thinking
2506 96 has taken a fork
2506 96 has taken a fork
2506 96 is eating
2506 19 is sleeping
2506 48 is thinking
2506 48 has taken a fork
2506 48 has taken a fork
2506 48 is eating
2506 98 is thinking
2506 98 has taken a fork
2506 98 has taken a fork
2506 98 is eating
2506 115 is sleeping
2506 184 has taken a fork
2506 184 has taken a fork
2506 184 is eating
2506 166 has taken a fork
2506 166 has taken a fork
2506 166 is eating
2506 130 is thinking
2506 170 has taken a fork
2506 170 has taken a fork
2506 170 is eating
2506 116 is thinking
2506 116 has taken a fork
2506 116 has taken a fork
2506 116 is eating
2506 54 is thinking
2506 54 has taken a fork
2506 54 has taken a fork
2506 54 is eating
2506 194 is thinking
2506 194 has taken a fork
2506 194 has taken a fork
2506 194 is eating
2506 142 is thinking
2506 95 is sleeping
2506 154 is thinking
2506 154 has taken a fork
2506 154 has taken a fork
2506 154 is eating
2506 24 has taken a fork
2506 24 has taken a fork
2506 24 is eating
2506 188 has taken a fork
2506 188 has taken a fork
2506 188 is eating
2507 31 is sleeping
2507 131 is sleeping
2507 124 is thinking
2507 124 has taken a fork
2507 124 has taken a fork
2507 124 is eating
2507 20 is thinking
2507 20 has taken a fork
2507 20 has taken a fork
2507 20 is eating
2507 146 is thinking
2507 146 has taken a fork
2507 146 has taken a fork
2507 146 is eating
2507 143 is sleeping
2507 152 is thinking
2507 152 has taken a fork
2507 152 has taken a fork
2507 152 is eating
2507 83 is sleeping
2507 61 is sleeping
2507 50 is thinking
2507 50 has taken a fork
2507 50 has taken a fork
2507 50 is eating
2507 198 is thinking
2507 198 has taken a fork
2507 198 has taken a fork
2507 198 is eating
2507 102 is thinking
2507 102 has taken a fork
2507 102 has taken a fork
2507 102 is eating
2507 144 has taken a fork
2507 144 has taken a fork
2507 144 is eating
2507 130 has taken a fork
2507 130 has taken a fork
2507 130 is eating
2507 142 has taken a fork
2507 142 has taken a fork
2507 142 is eating
2507 22 is thinking
2507 22 has taken a fork
2507 22 has taken a fork
2507 22 is eating
2507 180 is thinking
2507 180 has taken a fork
2507 180 has taken a fork
2507 180 is eating
2507 106 is thinking
2507 106 has taken a fork
2507 106 has taken a fork
2507 106 is eating
2507 114 is thinking
2507 114 has taken a fork
2507 114 has taken a fork
2507 114 is eating
2507 132 is thinking
2507 132 has taken a fork
2507 132 has taken a fork
2507 132 is eating
2507 164 is thinking
2507 164 has taken a fork
2507 164 has taken a fork
2507 164 is eating
2507 140 is thinking
2507 140 has taken a fork
2507 140 has taken a fork
2507 140 is eating
2508 84 is thinking
2508 84 has taken a fork
2508 84 has taken a fork
2508 84 is eating
2508 91 is sleeping
2508 67 is sleeping
2508 92 is thinking
2508 62 is thinking
2508 62 has taken a fork
2508 62 has taken a fork
2508 62 is eating
2508 128 is thinking
2508 128 has taken a fork
2508 128 has taken a fork
2508 128 is eating
2508 92 has taken a fork
2508 92 has taken a fork
2508 92 is eating
2508 60 is thinking
2508 60 has taken a fork
2508 60 has taken a fork
2508 60 is eating
2509 6 is thinking
2509 6 has taken a fork
2509 6 has taken a fork
2509 6 is eating
2509 40 is thinking
2509 40 has taken a fork
2509 40 has taken a fork
2509 40 is eating
2509 90 is thinking
2509 90 has taken a fork
2509 90 has taken a fork
2509 90 is eating
2509 110 is thinking
2509 110 has taken a fork
2509 110 has taken a fork
2509 110 is eating
2509 18 is thinking
2509 18 has taken a fork
2509 18 has taken a fork
2509 18 is eating
2509 134 is thinking
2509 134 has taken a fork
2509 134 has taken a fork
2509 134 is eating
2509 46 is thinking
2509 46 has taken a fork
2509 46 has taken a fork
2509 46 is eating
2509 66 is thinking
2509 66 has taken a fork
2509 66 has taken a fork
2509 66 is eating
2510 81 is sleeping
2510 80 is thinking
2510 80 has taken a fork
2510 80 has taken a fork
2510 80 is eating
2511 8 is thinking
2511 8 has taken a fork
2511 8 has taken a fork
2511 8 is eating
2511 176 is thinking
2511 176 has taken a fork
2511 176 has taken a fork
2511 176 is eating
2511 178 is thinking
2511 178 has taken a fork
2511 178 has taken a fork
2511 178 is eating
2511 30 is thinking
2511 30 has taken a fork
2511 30 has taken a fork
2511 30 is eating
2511 36 is thinking
2511 36 has taken a fork
2511 36 has taken a fork
2511 36 is eating
2512 74 is thinking
2512 162 is thinking
2512 162 has taken a fork
2512 162 has taken a fork
2512 162 is eating
2512 74 has taken a fork
2512 74 has taken a fork
2512 74 is eating
2512 100 is thinking
2512 100 has taken a fork
2512 100 has taken a fork
2512 100 is eating
2512 120 is thinking
2512 118 is thinking
2512 82 is thinking
2512 82 has taken a fork
2512 82 has taken a fork
2512 82 is eating
2512 150 is thinking
2512 150 has taken a fork
2512 150 has taken a fork
2512 150 is eating
2512 168 is thinking
2512 168 has taken a fork
2512 168 has taken a fork
2512 168 is eating
2512 70 is thinking
2512 108 is thinking
2512 108 has taken a fork
2512 108 has taken a fork
2512 108 is eating
2512 104 is thinking
2512 104 has taken a fork
2512 104 has taken a fork
2512 104 is eating
2512 69 is sleeping
2512 119 is sleeping
2512 120 has taken a fork
2512 120 has taken a fork
2512 120 is eating
2512 70 has taken a fork
2512 70 has taken a fork
2512 70 is eating
2512 68 is thinking
2512 68 has taken a fork
2512 68 has taken a fork
2512 68 is eating
2512 118 has taken a fork
2512 118 has taken a fork
2512 118 is eating
2513 191 is sleeping
2513 190 is thinking
2513 190 has taken a fork
2513 190 has taken a fork
2513 190 is eating
2513 52 is thinking
2513 52 has taken a fork
2513 52 has taken a fork
2513 52 is eating
2513 186 is thinking
2513 186 has taken a fork
2513 186 has taken a fork
2513 186 is eating
2513 11 is sleeping
2513 58 is thinking
2513 58 has taken a fork
2513 58 has taken a fork
2513 58 is eating
2514 86 is thinking
2514 86 has taken a fork
2514 86 has taken a fork
2514 86 is eating
2514 192 is thinking
2514 192 has taken a fork
2514 192 has taken a fork
2514 192 is eating
2514 76 is thinking
2514 10 is thinking
2514 10 has taken a fork
2514 10 has taken a fork
2514 10 is eating
2514 12 is thinking
2514 12 has taken a fork
2514 12 has taken a fork
2514 12 is eating
2514 126 is thinking
2514 126 has taken a fork
2514 126 has taken a fork
2514 126 is eating
2514 56 is thinking
2514 56 has taken a fork
2514 56 has taken a fork
2514 56 is eating
2514 76 has taken a fork
2514 76 has taken a fork
2514 76 is eating
2514 137 is sleeping
2514 77 is sleeping
2514 78 is thinking
2514 78 has taken a fork
2514 78 has taken a fork
2514 78 is eating
2515 136 is thinking
2515 136 has taken a fork
2515 136 has taken a fork
2515 136 is eating
2515 138 is thinking
2515 138 has taken a fork
2515 138 has taken a fork
2515 138 is eating
2515 196 is thinking
2515 196 has taken a fork
2515 196 has taken a fork
2515 196 is eating
2516 158 is thinking
2516 160 is thinking
2516 159 is sleeping
2516 160 has taken a fork
2516 160 has taken a fork
2516 160 is eating
2516 158 has taken a fork
2516 158 has taken a fork
2516 158 is eating
2602 174 is sleeping
2603 64 is sleeping
2603 26 is sleeping
2604 16 is sleeping
2604 182 is sleeping
2604 34 is sleeping
2604 122 is sleeping
2604 156 is sleeping
2605 172 is sleeping
2605 32 is sleeping
2605 42 is sleeping
2605 24 is sleeping
2605 2 is sleeping
2605 28 is sleeping
2605 200 is sleeping
2605 38 is sleeping
2605 4 is sleeping
2605 88 is sleeping
2605 44 is sleeping
2606 48 is sleeping
2606 188 is sleeping
2606 148 is sleeping
2606 116 is sleeping
2606 184 is sleeping
2606 72 is sleeping
2606 194 is sleeping
2606 170 is sleeping
2606 14 is sleeping
2606 96 is sleeping
2606 98 is sleeping
2606 154 is sleeping
2606 54 is sleeping
2606 112 is sleeping
2606 166 is sleeping
2606 94 is sleeping
2607 198 is sleeping
2607 164 is sleeping
2607 114 is sleeping
2607 124 is sleeping
2607 144 is sleeping
2607 142 is sleeping
2607 22 is sleeping
2607 132 is sleeping
2607 50 is sleeping
2607 106 is sleeping
2607 180 is sleeping
2607 140 is sleeping
2607 130 is sleeping
2607 102 is sleeping
2607 146 is sleeping
2607 152 is sleeping
2607 20 is sleeping
2608 60 is sleeping
2608 128 is sleeping
2608 62 is sleeping
2608 84 is sleeping
2608 92 is sleeping
2609 66 is sleeping
2609 90 is sleeping
2609 6 is sleeping
2609 40 is sleeping
2609 18 is sleeping
2609 110 is sleeping
2609 134 is sleeping
2609 46 is sleeping
2610 80 is sleeping
2611 178 is sleeping
2611 30 is sleeping
2611 36 is sleeping
2611 176 is sleeping
2611 8 is sleeping
2612 108 is sleeping
2612 150 is sleeping
2612 162 is sleeping
2612 68 is sleeping
2612 104 is sleeping
2612 74 is sleeping
2612 120 is sleeping
2612 70 is sleeping
2612 100 is sleeping
2612 118 is sleeping
2612 168 is sleeping
2613 58 is sleeping
2613 186 is sleeping
2613 52 is sleeping
2613 190 is sleeping
2613 82 is sleeping
2614 56 is sleeping
2614 86 is sleeping
2614 126 is sleeping
2614 78 is sleeping
2614 192 is sleeping
2614 10 is sleeping
2614 12 is sleeping
2614 76 is sleeping
2615 136 is sleeping
2615 138 is sleeping
2615 196 is sleeping
2616 158 is sleeping
2616 160 is sleeping
2700 107 is thinking
2700 107 has taken a fork
2700 107 has taken a fork
2700 107 is eating
2700 73 is thinking
2700 73 has taken a fork
2700 73 has taken a fork
2700 73 is eating
2700 65 is thinking
2700 65 has taken a fork
2700 65 has taken a fork
2700 65 is eating
2700 85 is thinking
2700 85 has taken a fork
2700 85 has taken a fork
2700 85 is eating
2700 139 is thinking
2700 139 has taken a fork
2700 139 has taken a fork
2700 139 is eating
2700 111 is thinking
2700 93 is thinking
2700 93 has taken a fork
2700 93 has taken a fork
2700 93 is eating
2700 7 is thinking
2700 7 has taken a fork
2700 7 has taken a fork
2700 7 is eating
2700 111 has taken a fork
2700 111 has taken a fork
2700 111 is eating
2701 105 is thinking
2701 105 has taken a fork
2701 105 has taken a fork
2701 105 is eating
2701 129 is thinking
2701 129 has taken a fork
2701 129 has taken a fork
2701 129 is eating
2701 123 is thinking
2701 123 has taken a fork
2701 123 has taken a fork
2701 123 is eating
2701 175 is thinking
2701 175 has taken a fork
2701 175 has taken a fork
2701 175 is eating
2701 27 is thinking
2701 27 has taken a fork
2701 27 has taken a fork
2701 27 is eating
2701 117 is thinking
2701 117 has taken a fork
2701 117 has taken a fork
2701 117 is eating
2701 141 is thinking
2701 141 has taken a fork
2701 141 has taken a fork
2701 141 is eating
2701 189 is thinking
2701 189 has taken a fork
2701 189 has taken a fork
2701 189 is eating
2702 157 is thinking
2702 157 has taken a fork
2702 157 has taken a fork
2702 157 is eating
2702 101 is thinking
2702 101 has taken a fork
2702 101 has taken a fork
2702 101 is eating
2702 23 is thinking
2702 23 has taken a fork
2702 23 has taken a fork
2702 23 is eating
2702 3 is thinking
2702 3 has taken a fork
2702 3 has taken a fork
2702 3 is eating
2702 25 is thinking
2702 45 is thinking
2702 45 has taken a fork
2702 45 has taken a fork
2702 45 is eating
2702 121 is thinking
2702 121 has taken a fork
2702 121 has taken a fork
2702 121 is eating
2702 43 is thinking
2702 43 has taken a fork
2702 43 has taken a fork
2702 43 is eating
2702 55 is thinking
2702 55 has taken a fork
2702 55 has taken a fork
2702 55 is eating
2702 197 is thinking
2702 197 has taken a fork
2702 197 has taken a fork
2702 197 is eating
2702 25 has taken a fork
2702 25 has taken a fork
2702 25 is eating
2702 173 is thinking
2702 173 has taken a fork
2702 173 has taken a fork
2702 173 is eating
2703 151 is thinking
2703 151 has taken a fork
2703 151 has taken a fork
2703 151 is eating
2703 9 is thinking
2703 9 has taken a fork
2703 9 has taken a fork
2703 9 is eating
2703 109 is thinking
2703 109 has taken a fork
2703 109 has taken a fork
2703 109 is eating
2703 171 is thinking
2703 171 has taken a fork
2703 171 has taken a fork
2703 171 is eating
2703 167 is thinking
2703 167 has taken a fork
2703 167 has taken a fork
2703 167 is eating
2703 185 is thinking
2703 185 has taken a fork
2703 185 has taken a fork
2703 185 is eating
2703 89 is thinking
2703 89 has taken a fork
2703 89 has taken a fork
2703 89 is eating
2703 103 is thinking
2703 103 has taken a fork
2703 103 has taken a fork
2703 103 is eating
2703 51 is thinking
2703 51 has taken a fork
2703 51 has taken a fork
2703 51 is eating
2703 179 is thinking
2703 179 has taken a fork
2703 179 has taken a fork
2703 179 is eating
2703 35 is thinking
2703 35 has taken a fork
2703 35 has taken a fork
2703 35 is eating
2703 41 is thinking
2703 41 has taken a fork
2703 41 has taken a fork
2703 41 is eating
2703 63 is thinking
2703 63 has taken a fork
2703 63 has taken a fork
2703 63 is eating
2703 17 is thinking
2703 17 has taken a fork
2703 17 has taken a fork
2703 17 is eating
2704 37 is thinking
2704 183 is thinking
2704 75 is thinking
2704 113 is thinking
2704 15 is thinking
2704 15 has taken a fork
2704 15 has taken a fork
2704 15 is eating
2704 147 is thinking
2704 147 has taken a fork
2704 147 has taken a fork
2704 147 is eating
2704 1 is thinking
2704 1 has taken a fork
2704 1 has taken a fork
2704 1 is eating
2704 37 has taken a fork
2704 37 has taken a fork
2704 37 is eating
2704 39 is thinking
2704 39 has taken a fork
2704 39 has taken a fork
2704 39 is eating
2704 177 is thinking
2704 33 is thinking
2704 177 has taken a fork
2704 177 has taken a fork
2704 177 is eating
2704 33 has taken a fork
2704 33 has taken a fork
2704 33 is eating
2704 155 is thinking
2704 155 has taken a fork
2704 155 has taken a fork
2704 155 is eating
2704 183 has taken a fork
2704 183 has taken a fork
2704 183 is eating
2704 113 has taken a fork
2704 113 has taken a fork
2704 113 is eating
2704 53 is thinking
2704 53 has taken a fork
2704 53 has taken a fork
2704 53 is eating
2704 21 is thinking
2704 21 has taken a fork
2704 21 has taken a fork
2704 21 is eating
2704 29 is thinking
2704 29 has taken a fork
2704 29 has taken a fork
2704 29 is eating
2704 127 is thinking
2704 127 has taken a fork
2704 127 has taken a fork
2704 127 is eating
2704 181 is thinking
2704 181 has taken a fork
2704 181 has taken a fork
2704 181 is eating
2705 145 is thinking
2705 49 is thinking
2705 49 has taken a fork
2705 49 has taken a fork
2705 49 is eating
2705 31 is thinking
2705 59 is thinking
2705 31 has taken a fork
2705 31 has taken a fork
2705 31 is eating
2705 59 has taken a fork
2705 59 has taken a fork
2705 59 is eating
2705 71 is thinking
2705 71 has taken a fork
2705 71 has taken a fork
2705 71 is eating
2705 193 is thinking
2705 193 has taken a fork
2705 193 has taken a fork
2705 193 is eating
2705 5 is thinking
2705 5 has taken a fork
2705 5 has taken a fork
2705 5 is eating
2705 13 is thinking
2705 75 has taken a fork
2705 75 has taken a fork
2705 75 is eating
2705 13 has taken a fork
2705 13 has taken a fork
2705 13 is eating
2705 47 is thinking
2705 87 is thinking
2705 87 has taken a fork
2705 87 has taken a fork
2705 87 is eating
2705 57 is thinking
2705 57 has taken a fork
2705 57 has taken a fork
2705 57 is eating
2705 195 is thinking
2705 195 has taken a fork
2705 195 has taken a fork
2705 195 is eating
2705 97 is thinking
2705 97 has taken a fork
2705 97 has taken a fork
2705 97 is eating
2705 145 has taken a fork
2705 145 has taken a fork
2705 145 is eating
2705 163 is thinking
2705 163 has taken a fork
2705 163 has taken a fork
2705 163 is eating
2705 99 is thinking
2705 99 has taken a fork
2705 99 has taken a fork
2705 99 is eating
2705 125 is thinking
2705 125 has taken a fork
2705 125 has taken a fork
2705 125 is eating
2705 135 is thinking
2705 135 has taken a fork
2705 135 has taken a fork
2705 135 is eating
2705 169 is thinking
2705 169 has taken a fork
2705 169 has taken a fork
2705 169 is eating
2705 149 is thinking
2705 149 has taken a fork
2705 149 has taken a fork
2705 149 is eating
2705 95 is thinking
2705 95 has taken a fork
2705 95 has taken a fork
2705 95 is eating
2706 199 is thinking
2706 199 has taken a fork
2706 199 has taken a fork
2706 199 is eating
2706 19 is thinking
2706 19 has taken a fork
2706 19 has taken a fork
2706 19 is eating
2706 161 is thinking
2706 161 has taken a fork
2706 161 has taken a fork
2706 161 is eating
2706 165 is thinking
2706 165 has taken a fork
2706 165 has taken a fork
2706 165 is eating
2706 79 is thinking
2706 79 has taken a fork
2706 79 has taken a fork
2706 79 is eating
2706 153 is thinking
2706 153 has taken a fork
2706 153 has taken a fork
2706 153 is eating
2706 133 is thinking
2706 133 has taken a fork
2706 133 has taken a fork
2706 133 is eating
2706 47 has taken a fork
2706 47 has taken a fork
2706 47 is eating
2706 115 is thinking
2706 115 has taken a fork
2706 115 has taken a fork
2706 115 is eating
2706 187 is thinking
2706 187 has taken a fork
2706 187 has taken a fork
2706 187 is eating
2707 143 is thinking
2707 143 has taken a fork
2707 143 has taken a fork
2707 143 is eating
2707 83 is thinking
2707 83 has taken a fork
2707 83 has taken a fork
2707 83 is eating
2707 61 is thinking
2707 61 has taken a fork
2707 61 has taken a fork
2707 61 is eating
2707 131 is thinking
2707 131 has taken a fork
2707 131 has taken a fork
2707 131 is eating
2708 67 is thinking
2708 67 has taken a fork
2708 67 has taken a fork
2708 67 is eating
2708 91 is thinking
2708 91 has taken a fork
2708 91 has taken a fork
2708 91 is eating
2710 81 is thinking
2710 81 has taken a fork
2710 81 has taken a fork
2710 81 is eating
2712 119 is thinking
2712 119 has taken a fork
2712 119 has taken a fork
2712 119 is eating
2712 69 is thinking
2712 69 has taken a fork
2712 69 has taken a fork
2712 69 is eating
2713 191 is thinking
2713 191 has taken a fork
2713 191 has taken a fork
2713 191 is eating
2713 11 is thinking
2713 11 has taken a fork
2713 11 has taken a fork
2713 11 is eating
2714 77 is thinking
2714 77 has taken a fork
2714 77 has taken a fork
2714 77 is eating
2714 137 is thinking
2714 137 has taken a fork
2714 137 has taken a fork
2714 137 is eating
2716 159 is thinking
2716 159 has taken a fork
2716 159 has taken a fork
2716 159 is eating
2800 73 is sleeping
2800 93 is sleeping
2800 107 is sleeping
2800 7 is sleeping
2800 65 is sleeping
2800 85 is sleeping
2800 139 is sleeping
2801 123 is sleeping
2801 189 is sleeping
2801 117 is sleeping
2801 111 is sleeping
2801 27 is sleeping
2801 141 is sleeping
2801 175 is sleeping
2801 129 is sleeping
2801 105 is sleeping
2802 101 is sleeping
2802 3 is sleeping
2802 45 is sleeping
2802 173 is sleeping
2802 25 is sleeping
2802 23 is sleeping
2802 55 is sleeping
2802 121 is sleeping
2802 197 is sleeping
2802 157 is sleeping
2802 43 is sleeping
2802 174 is thinking
2802 174 has taken a fork
2802 174 has taken a fork
2802 174 is eating
2803 151 is sleeping
2803 26 is thinking
2803 26 has taken a fork
2803 26 has taken a fork
2803 26 is eating
2803 9 is sleeping
2803 109 is sleeping
2803 64 is thinking
2803 171 is sleeping
2803 167 is sleeping
2803 17 is sleeping
2803 89 is sleeping
2803 185 is sleeping
2803 103 is sleeping
2803 51 is sleeping
2803 63 is sleeping
2803 64 has taken a fork
2803 64 has taken a fork
2803 64 is eating
2803 179 is sleeping
2803 41 is sleeping
2803 35 is sleeping
2804 177 is sleeping
2804 183 is sleeping
2804 1 is sleeping
2804 37 is sleeping
2804 113 is sleeping
2804 34 is thinking
2804 33 is sleeping
2804 34 has taken a fork
2804 34 has taken a fork
2804 34 is eating
2804 21 is sleeping
2804 182 is thinking
2804 16 is thinking
2804 39 is sleeping
2804 156 is thinking
2804 156 has taken a fork
2804 156 has taken a fork
2804 156 is eating
2804 182 has taken a fork
2804 182 has taken a fork
2804 182 is eating
2804 155 is sleeping
2804 15 is sleeping
2804 147 is sleeping
2804 127 is sleeping
2804 29 is sleeping
2804 181 is sleeping
2804 16 has taken a fork
2804 16 has taken a fork
2804 16 is eating
2804 24 is thinking
2804 24 has taken a fork
2804 24 has taken a fork
2804 24 is eating
2804 122 is thinking
2804 122 has taken a fork
2804 122 has taken a fork
2804 122 is eating
2805 195 is sleeping
2805 200 is thinking
2805 5 is sleeping
2805 71 is sleeping
2805 99 is sleeping
2805 59 is sleeping
2805 169 is sleeping
2805 172 is thinking
2805 44 is thinking
2805 44 has taken a fork
2805 44 has taken a fork
2805 44 is eating
2805 172 has taken a fork
2805 172 has taken a fork
2805 172 is eating
2805 42 is thinking
2805 42 has taken a fork
2805 42 has taken a fork
2805 42 is eating
2805 149 is sleeping
2805 13 is sleeping
2805 163 is sleeping
2805 145 is sleeping
2805 4 is thinking
2805 4 has taken a fork
2805 4 has taken a fork
2805 4 is eating
2805 49 is sleeping
2805 28 is thinking
2805 28 has taken a fork
2805 28 has taken a fork
2805 28 is eating
2805 97 is sleeping
2805 2 is thinking
2805 2 has taken a fork
2805 2 has taken a fork
2805 2 is eating
2805 57 is sleeping
2805 75 is sleeping
2805 53 is sleeping
2805 31 is sleeping
2805 95 is sleeping
2805 88 is thinking
2805 193 is sleeping
2805 87 is sleeping
2806 94 is thinking
2806 94 has taken a fork
2806 94 has taken a fork
2806 94 is eating
2806 199 is sleeping
2806 38 is thinking
2806 38 has taken a fork
2806 38 has taken a fork
2806 38 is eating
2806 166 is thinking
2806 133 is sleeping
2806 154 is thinking
2806 184 is thinking
2806 154 has taken a fork
2806 154 has taken a fork
2806 154 is eating
2806 184 has taken a fork
2806 184 has taken a fork
2806 184 is eating
2806 153 is sleeping
2806 19 is sleeping
2806 116 is thinking
2806 112 is thinking
2806 112 has taken a fork
2806 112 has taken a fork
2806 112 is eating
2806 148 is thinking
2806 148 has taken a fork
2806 148 has taken a fork
2806 148 is eating
2806 47 is sleeping
2806 188 is thinking
2806 188 has taken a fork
2806 188 has taken a fork
2806 188 is eating
2806 125 is sleeping
2807 144 is thinking
2807 131 is sleeping
2807 61 is sleeping
2807 146 is thinking
2807 146 has taken a fork
2807 146 has taken a fork
2807 146 is eating
2807 143 is sleeping
2807 140 is thinking
2807 140 has taken a fork
2807 140 has taken a fork
2807 140 is eating
2807 142 is thinking
2807 142 has taken a fork
2807 142 has taken a fork
2807 142 is eating
2807 144 has taken a fork
2807 144 has taken a fork
2807 144 is eating
2807 164 is thinking
2807 20 is thinking
2807 20 has taken a fork
2807 20 has taken a fork
2807 20 is eating
2807 194 is thinking
2807 194 has taken a fork
2807 194 has taken a fork
2807 194 is eating
2808 67 is sleeping
2808 128 is thinking
2808 128 has taken a fork
2808 128 has taken a fork
2808 128 is eating
2808 91 is sleeping
2808 60 is thinking
2808 60 has taken a fork
2808 60 has taken a fork
2808 60 is eating
2808 135 is sleeping
2808 161 is sleeping
2808 124 is thinking
2808 124 has taken a fork
2808 124 has taken a fork
2808 124 is eating
2808 22 is thinking
2808 22 has taken a fork
2808 22 has taken a fork
2808 22 is eating
2808 132 is thinking
2808 132 has taken a fork
2808 132 has taken a fork
2808 132 is eating
2808 32 is thinking
2808 32 has taken a fork
2808 32 has taken a fork
2808 32 is eating
2808 79 is sleeping
2808 180 is thinking
2808 180 has taken a fork
2808 180 has taken a fork
2808 180 is eating
2808 96 is thinking
2808 96 has taken a fork
2808 96 has taken a fork
2808 96 is eating
2808 115 is sleeping
2808 200 has taken a fork
2808 200 has taken a fork
2808 200 is eating
2808 14 is thinking
2808 14 has taken a fork
2808 14 has taken a fork
2808 14 is eating
2808 84 is thinking
2808 98 is thinking
2808 98 has taken a fork
2808 98 has taken a fork
2808 98 is eating
2808 198 is thinking
2808 198 has taken a fork
2808 198 has taken a fork
2808 198 is eating
2808 116 has taken a fork
2808 116 has taken a fork
2808 116 is eating
2808 88 has taken a fork
2808 88 has taken a fork
2808 88 is eating
2808 50 is thinking
2808 164 has taken a fork
2808 164 has taken a fork
2808 164 is eating
2808 130 is thinking
2808 152 is thinking
2808 106 is thinking
2808 130 has taken a fork
2808 130 has taken a fork
2808 130 is eating
2808 92 is thinking
2808 62 is thinking
2808 62 has taken a fork
2808 62 has taken a fork
2808 62 is eating
2808 166 has taken a fork
2808 166 has taken a fork
2808 166 is eating
2808 54 is thinking
2808 187 is sleeping
2809 170 is thinking
2809 114 is thinking
2809 114 has taken a fork
2809 114 has taken a fork
2809 114 is eating
2809 170 has taken a fork
2809 170 has taken a fork
2809 170 is eating
2809 40 is thinking
2809 40 has taken a fork
2809 40 has taken a fork
2809 40 is eating
2809 6 is thinking
2809 6 has taken a fork
2809 6 has taken a fork
2809 6 is eating
2809 90 is thinking
2809 90 has taken a fork
2809 90 has taken a fork
2809 90 is eating
2810 18 is thinking
2810 18 has taken a fork
2810 18 has taken a fork
2810 18 is eating
2810 134 is thinking
2810 134 has taken a fork
2810 134 has taken a fork
2810 134 is eating
2810 84 has taken a fork
2810 84 has taken a fork
2810 84 is eating
2810 110 is thinking
2810 110 has taken a fork
2810 110 has taken a fork
2810 110 is eating
2810 83 is sleeping
2810 106 has taken a fork
2810 106 has taken a fork
2810 106 is eating
2810 92 has taken a fork
2810 92 has taken a fork
2810 92 is eating
2810 46 is thinking
2810 46 has taken a fork
2810 46 has taken a fork
2810 46 is eating
2810 66 is thinking
2810 66 has taken a fork
2810 66 has taken a fork
2810 66 is eating
2810 152 has taken a fork
2810 152 has taken a fork
2810 152 is eating
2810 54 has taken a fork
2810 54 has taken a fork
2810 54 is eating
2810 80 is thinking
2810 81 is sleeping
2810 48 is thinking
2810 48 has taken a fork
2810 48 has taken a fork
2810 48 is eating
2810 165 is sleeping
2810 102 is thinking
2810 102 has taken a fork
2810 102 has taken a fork
2810 102 is eating
2810 50 has taken a fork
2810 50 has taken a fork
2810 50 is eating
2810 80 has taken a fork
2810 80 has taken a fork
2810 80 is eating
2810 72 is thinking
2810 72 has taken a fork
2810 72 has taken a fork
2810 72 is eating
2811 30 is thinking
2811 30 has taken a fork
2811 30 has taken a fork
2811 30 is eating
2811 178 is thinking
2811 178 has taken a fork
2811 178 has taken a fork
2811 178 is eating
2811 36 is thinking
2811 36 has taken a fork
2811 36 has taken a fork
2811 36 is eating
2811 176 is thinking
2811 176 has taken a fork
2811 176 has taken a fork
2811 176 is eating
2811 8 is thinking
2811 8 has taken a fork
2811 8 has taken a fork
2811 8 is eating
2812 120 is thinking
2812 118 is thinking
2812 168 is thinking
2812 100 is thinking
2812 100 has taken a fork
2812 100 has taken a fork
2812 100 is eating
2812 168 has taken a fork
2812 168 has taken a fork
2812 168 is eating
2812 162 is thinking
2812 162 has taken a fork
2812 162 has taken a fork
2812 162 is eating
2812 108 is thinking
2812 108 has taken a fork
2812 108 has taken a fork
2812 108 is eating
2812 150 is thinking
2812 150 has taken a fork
2812 150 has taken a fork
2812 150 is eating
2812 74 is thinking
2812 74 has taken a fork
2812 74 has taken a fork
2812 74 is eating
2812 104 is thinking
2812 104 has taken a fork
2812 104 has taken a fork
2812 104 is eating
2812 70 is thinking
2812 69 is sleeping
2812 119 is sleeping
2812 68 is thinking
2813 68 has taken a fork
2813 68 has taken a fork
2813 68 is eating
2814 10 is thinking
2814 10 has taken a fork
2814 10 has taken a fork
2814 10 is eating
2814 78 is thinking
2814 86 is thinking
2814 86 has taken a fork
2814 86 has taken a fork
2814 86 is eating
2814 118 has taken a fork
2814 118 has taken a fork
2814 118 is eating
2814 82 is thinking
2814 82 has taken a fork
2814 82 has taken a fork
2814 82 is eating
2814 78 has taken a fork
2814 78 has taken a fork
2814 78 is eating
2814 192 is thinking
2814 126 is thinking
2814 126 has taken a fork
2814 126 has taken a fork
2814 126 is eating
2814 77 is sleeping
2814 190 is thinking
2814 190 has taken a fork
2814 190 has taken a fork
2814 190 is eating
2814 192 has taken a fork
2814 192 has taken a fork
2814 192 is eating
2814 137 is sleeping
2814 120 has taken a fork
2814 120 has taken a fork
2814 120 is eating
2814 11 is sleeping
2815 138 is thinking
2815 138 has taken a fork
2815 138 has taken a fork
2815 138 is eating
2815 58 is thinking
2815 58 has taken a fork
2815 58 has taken a fork
2815 58 is eating
2815 136 is thinking
2815 136 has taken a fork
2815 136 has taken a fork
2815 136 is eating
2815 56 is thinking
2815 56 has taken a fork
2815 56 has taken a fork
2815 56 is eating
2815 76 is thinking
2815 76 has taken a fork
2815 76 has taken a fork
2815 76 is eating
2815 70 has taken a fork
2815 70 has taken a fork
2815 70 is eating
2815 196 is thinking
2815 196 has taken a fork
2815 196 has taken a fork
2815 196 is eating
2815 191 is sleeping
2815 12 is thinking
2815 12 has taken a fork
2815 12 has taken a fork
2815 12 is eating
2815 186 is thinking
2815 186 has taken a fork
2815 186 has taken a fork
2815 186 is eating
2816 158 is thinking
2816 159 is sleeping
2816 160 is thinking
2816 160 has taken a fork
2816 160 has taken a fork
2816 160 is eating
2816 52 is thinking
2816 52 has taken a fork
2816 52 has taken a fork
2816 52 is eating
2816 158 has taken a fork
2816 158 has taken a fork
2816 158 is eating
2902 174 is sleeping
2903 26 is sleeping
2903 64 is sleeping
2904 16 is sleeping
2904 156 is sleeping
2904 24 is sleeping
2904 34 is sleeping
2904 182 is sleeping
2905 172 is sleeping
2905 28 is sleeping
2905 44 is sleeping
2905 4 is sleeping
2905 2 is sleeping
2905 42 is sleeping
2905 122 is sleeping
2906 184 is sleeping
2906 148 is sleeping
2906 112 is sleeping
2906 154 is sleeping
2906 94 is sleeping
2907 146 is sleeping
2907 144 is sleeping
2907 142 is sleeping
2907 140 is sleeping
2907 20 is sleeping
2907 194 is sleeping
2908 124 is sleeping
2908 128 is sleeping
2908 166 is sleeping
2908 132 is sleeping
2908 188 is sleeping
2908 60 is sleeping
2908 180 is sleeping
2908 96 is sleeping
2908 198 is sleeping
2908 130 is sleeping
2908 88 is sleeping
2908 200 is sleeping
2908 116 is sleeping
2908 98 is sleeping
2908 38 is sleeping
2908 164 is sleeping
2908 32 is sleeping
2908 14 is sleeping
2908 22 is sleeping
2909 90 is sleeping
2909 6 is sleeping
2909 40 is sleeping
2909 54 is sleeping
2909 114 is sleeping
2909 152 is sleeping
2909 106 is sleeping
2909 50 is sleeping
2909 92 is sleeping
2909 62 is sleeping
2910 80 is sleeping
2910 134 is sleeping
2910 46 is sleeping
2910 18 is sleeping
2910 66 is sleeping
2910 170 is sleeping
2910 48 is sleeping
2910 102 is sleeping
2910 72 is sleeping
2910 84 is sleeping
2910 110 is sleeping
2911 30 is sleeping
2911 178 is sleeping
2911 36 is sleeping
2911 176 is sleeping
2911 8 is sleeping
2912 104 is sleeping
2912 168 is sleeping
2912 108 is sleeping
2912 100 is sleeping
2912 74 is sleeping
2912 150 is sleeping
2912 162 is sleeping
2913 120 is sleeping
2913 68 is sleeping
2914 82 is sleeping
2914 192 is sleeping
2914 86 is sleeping
2914 10 is sleeping
2914 78 is sleeping
2914 190 is sleeping
2914 126 is sleeping
2914 70 is sleeping
2914 118 is sleeping
2915 136 is sleeping
2915 138 is sleeping
2915 56 is sleeping
2915 76 is sleeping
2915 58 is sleeping
2915 186 is sleeping
2915 12 is sleeping
2915 196 is sleeping
2916 160 is sleeping
2916 158 is sleeping
2916 52 is sleeping
3000 73 is thinking
3000 73 has taken a fork
3000 73 has taken a fork
3000 73 is eating
3000 7 is thinking
3000 7 has taken a fork
3000 7 has taken a fork
3000 7 is eating
3000 111 is thinking
3000 111 has taken a fork
3000 111 has taken a fork
3000 111 is eating
3000 107 is thinking
3000 65 is thinking
3000 65 has taken a fork
3000 65 has taken a fork
3000 65 is eating
3000 85 is thinking
3000 85 has taken a fork
3000 85 has taken a fork
3000 85 is eating
3000 93 is thinking
3000 93 has taken a fork
3000 93 has taken a fork
3000 93 is eating
3000 107 has taken a fork
3000 107 has taken a fork
3000 107 is eating
3001 105 is thinking
3001 105 has taken a fork
3001 105 has taken a fork
3001 105 is eating
3001 129 is thinking
3001 129 has taken a fork
3001 129 has taken a fork
3001 129 is eating
3001 139 is thinking
3001 139 has taken a fork
3001 139 has taken a fork
3001 139 is eating
3001 117 is thinking
3001 117 has taken a fork
3001 117 has taken a fork
3001 117 is eating
3001 141 is thinking
3001 141 has taken a fork
3001 141 has taken a fork
3001 141 is eating
3001 175 is thinking
3001 175 has taken a fork
3001 175 has taken a fork
3001 175 is eating
3001 189 is thinking
3001 189 has taken a fork
3001 189 has taken a fork
3001 189 is eating
3001 27 is thinking
3001 27 has taken a fork
3001 27 has taken a fork
3001 27 is eating
3001 123 is thinking
3001 123 has taken a fork
3001 123 has taken a fork
3001 123 is eating
3002 173 is thinking
3002 173 has taken a fork
3002 173 has taken a fork
3002 173 is eating
3002 157 is thinking
3002 157 has taken a fork
3002 157 has taken a fork
3002 157 is eating
3002 45 is thinking
3002 45 has taken a fork
3002 45 has taken a fork
3002 45 is eating
3002 121 is thinking
3002 121 has taken a fork
3002 121 has taken a fork
3002 121 is eating
3002 3 is thinking
3002 3 has taken a fork
3002 3 has taken a fork
3002 3 is eating
3002 55 is thinking
3002 55 has taken a fork
3002 55 has taken a fork
3002 55 is eating
3002 43 is thinking
3002 43 has taken a fork
3002 43 has taken a fork
3002 43 is eating
3002 23 is thinking
3002 23 has taken a fork
3002 23 has taken a fork
3002 23 is eating
3002 25 is thinking
3002 25 has taken a fork
3002 25 has taken a fork
3002 25 is eating
3002 101 is thinking
3002 101 has taken a fork
3002 101 has taken a fork
3002 101 is eating
3002 197 is thinking
3002 197 has taken a fork
3002 197 has taken a fork
3002 197 is eating
3003 63 is thinking
3003 63 has taken a fork
3003 63 has taken a fork
3003 63 is eating
3003 35 is thinking
3003 35 has taken a fork
3003 35 has taken a fork
3003 35 is eating
3003 151 is thinking
3003 151 has taken a fork
3003 151 has taken a fork
3003 151 is eating
3003 179 is thinking
3003 179 has taken a fork
3003 179 has taken a fork
3003 179 is eating
3003 41 is thinking
3003 41 has taken a fork
3003 41 has taken a fork
3003 41 is eating
3003 17 is thinking
3003 17 has taken a fork
3003 17 has taken a fork
3003 17 is eating
3003 167 is thinking
3003 167 has taken a fork
3003 167 has taken a fork
3003 167 is eating
3003 109 is thinking
3003 109 has taken a fork
3003 109 has taken a fork
3003 109 is eating
3003 51 is thinking
3003 51 has taken a fork
3003 51 has taken a fork
3003 51 is eating
3003 185 is thinking
3003 185 has taken a fork
3003 185 has taken a fork
3003 185 is eating
3003 103 is thinking
3003 103 has taken a fork
3003 103 has taken a fork
3003 103 is eating
3003 9 is thinking
3003 9 has taken a fork
3003 9 has taken a fork
3003 9 is eating
3003 89 is thinking
3003 89 has taken a fork
3003 89 has taken a fork
3003 89 is eating
3003 171 is thinking
3003 171 has taken a fork
3003 171 has taken a fork
3003 171 is eating
3004 53 is thinking
3004 53 has taken a fork
3004 53 has taken a fork
3004 53 is eating
3004 155 is thinking
3004 21 is thinking
3004 21 has taken a fork
3004 21 has taken a fork
3004 21 is eating
3004 15 is thinking
3004 15 has taken a fork
3004 15 has taken a fork
3004 15 is eating
3004 181 is thinking
3004 181 has taken a fork
3004 181 has taken a fork
3004 181 is eating
3004 29 is thinking
3004 29 has taken a fork
3004 29 has taken a fork
3004 29 is eating
3004 177 is thinking
3004 177 has taken a fork
3004 177 has taken a fork
3004 177 is eating
3004 127 is thinking
3004 127 has taken a fork
3004 127 has taken a fork
3004 127 is eating
3004 37 is thinking
3004 37 has taken a fork
3004 37 has taken a fork
3004 37 is eating
3004 33 is thinking
3004 33 has taken a fork
3004 33 has taken a fork
3004 33 is eating
3004 75 is thinking
3004 75 has taken a fork
3004 75 has taken a fork
3004 75 is eating
3004 1 is thinking
3004 1 has taken a fork
3004 1 has taken a fork
3004 1 is eating
3004 183 is thinking
3004 183 has taken a fork
3004 183 has taken a fork
3004 183 is eating
3004 113 is thinking
3004 113 has taken a fork
3004 113 has taken a fork
3004 113 is eating
3004 39 is thinking
3004 39 has taken a fork
3004 39 has taken a fork
3004 39 is eating
3004 155 has taken a fork
3004 155 has taken a fork
3004 155 is eating
3004 147 is thinking
3004 147 has taken a fork
3004 147 has taken a fork
3004 147 is eating
3005 149 is thinking
3005 149 has taken a fork
3005 149 has taken a fork
3005 149 is eating
3005 125 is thinking
3005 125 has taken a fork
3005 125 has taken a fork
3005 125 is eating
3005 135 is thinking
3005 31 is thinking
3005 59 is thinking
3005 31 has taken a fork
3005 31 has taken a fork
3005 31 is eating
3005 135 has taken a fork
3005 135 has taken a fork
3005 135 is eating
3005 5 is thinking
3005 5 has taken a fork
3005 5 has taken a fork
3005 5 is eating
3005 99 is thinking
3005 99 has taken a fork
3005 99 has taken a fork
3005 99 is eating
3005 169 is thinking
3005 169 has taken a fork
3005 169 has taken a fork
3005 169 is eating
3005 95 is thinking
3005 59 has taken a fork
3005 59 has taken a fork
3005 59 is eating
3005 47 is thinking
3005 47 has taken a fork
3005 47 has taken a fork
3005 47 is eating
3005 87 is thinking
3005 87 has taken a fork
3005 87 has taken a fork
3005 87 is eating
3005 13 is thinking
3005 13 has taken a fork
3005 13 has taken a fork
3005 13 is eating
3005 95 has taken a fork
3005 95 has taken a fork
3005 95 is eating
3005 49 is thinking
3005 49 has taken a fork
3005 49 has taken a fork
3005 49 is eating
3005 195 is thinking
3005 195 has taken a fork
3005 195 has taken a fork
3005 195 is eating
3005 97 is thinking
3005 193 is thinking
3005 193 has taken a fork
3005 193 has taken a fork
3005 193 is eating
3005 71 is thinking
3005 71 has taken a fork
3005 71 has taken a fork
3005 71 is eating
3005 145 is thinking
3005 145 has taken a fork
3005 145 has taken a fork
3005 145 is eating
3006 187 is thinking
3006 187 has taken a fork
3006 187 has taken a fork
3006 187 is eating
3006 161 is thinking
3006 161 has taken a fork
3006 161 has taken a fork
3006 161 is eating
3006 79 is thinking
3006 79 has taken a fork
3006 79 has taken a fork
3006 79 is eating
3006 199 is thinking
3006 199 has taken a fork
3006 199 has taken a fork
3006 199 is eating
3006 163 is thinking
3006 163 has taken a fork
3006 163 has taken a fork
3006 163 is eating
3006 57 is thinking
3006 57 has taken a fork
3006 57 has taken a fork
3006 57 is eating
3006 165 is thinking
3006 165 has taken a fork
3006 165 has taken a fork
3006 165 is eating
3006 19 is thinking
3006 19 has taken a fork
3006 19 has taken a fork
3006 19 is eating
3006 133 is thinking
3006 133 has taken a fork
3006 133 has taken a fork
3006 133 is eating
3006 115 is thinking
3006 115 has taken a fork
3006 115 has taken a fork
3006 115 is eating
3006 153 is thinking
3006 153 has taken a fork
3006 153 has taken a fork
3006 153 is eating
3006 97 has taken a fork
3006 97 has taken a fork
3006 97 is eating
3007 61 is thinking
3007 61 has taken a fork
3007 61 has taken a fork
3007 61 is eating
3007 83 is thinking
3007 83 has taken a fork
3007 83 has taken a fork
3007 83 is eating
3007 143 is thinking
3007 143 has taken a fork
3007 143 has taken a fork
3007 143 is eating
3007 131 is thinking
3007 131 has taken a fork
3007 131 has taken a fork
3007 131 is eating
3008 67 is thinking
3008 67 has taken a fork
3008 67 has taken a fork
3008 67 is eating
3008 91 is thinking
3008 91 has taken a fork
3008 91 has taken a fork
3008 91 is eating
3010 81 is thinking
3010 81 has taken a fork
3010 81 has taken a fork
3010 81 is eating
3012 119 is thinking
3012 119 has taken a fork
3012 119 has taken a fork
3012 119 is eating
3012 69 is thinking
3012 69 has taken a fork
3012 69 has taken a fork
3012 69 is eating
3013 11 is thinking
3013 11 has taken a fork
3013 11 has taken a fork
3013 11 is eating
3013 191 is thinking
3013 191 has taken a fork
3013 191 has taken a fork
3013 191 is eating
3014 137 is thinking
3014 137 has taken a fork
3014 137 has taken a fork
3014 137 is eating
3014 77 is thinking
3014 77 has taken a fork
3014 77 has taken a fork
3014 77 is eating
3016 159 is thinking
3016 159 has taken a fork
3016 159 has taken a fork
3016 159 is eating
3100 111 is sleeping
3100 85 is sleeping
3100 107 is sleeping
3100 7 is sleeping
3100 73 is sleeping
3100 93 is sleeping
3100 65 is sleeping
3101 117 is sleeping
3101 129 is sleeping
3101 141 is sleeping
3101 105 is sleeping
3101 27 is sleeping
3101 189 is sleeping
3101 139 is sleeping
3101 123 is sleeping
3101 175 is sleeping
3102 23 is sleeping
3102 3 is sleeping
3102 197 is sleeping
3102 45 is sleeping
3102 25 is sleeping
3102 157 is sleeping
3102 101 is sleeping
3102 43 is sleeping
3102 55 is sleeping
3102 174 is thinking
3102 173 is sleeping
3102 174 has taken a fork
3102 174 has taken a fork
3102 174 is eating
3103 103 is sleeping
3103 63 is sleeping
3103 151 is sleeping
3103 109 is sleeping
3103 51 is sleeping
3103 35 is sleeping
3103 121 is sleeping
3103 26 is thinking
3103 26 has taken a fork
3103 26 has taken a fork
3103 26 is eating
3103 9 is sleeping
3103 17 is sleeping
3103 64 is thinking
3103 64 has taken a fork
3103 64 has taken a fork
3103 64 is eating
3103 171 is sleeping
3103 167 is sleeping
3103 185 is sleeping
3103 89 is sleeping
3103 41 is sleeping
3103 179 is sleeping
3104 156 is thinking
3104 181 is sleeping
3104 127 is sleeping
3104 39 is sleeping
3104 75 is sleeping
3104 113 is sleeping
3104 53 is sleeping
3104 183 is sleeping
3104 155 is sleeping
3104 156 has taken a fork
3104 156 has taken a fork
3104 156 is eating
3104 182 is thinking
3104 182 has taken a fork
3104 182 has taken a fork
3104 182 is eating
3104 21 is sleeping
3104 147 is sleeping
3104 37 is sleeping
3104 177 is sleeping
3104 34 is thinking
3104 29 is sleeping
3104 1 is sleeping
3104 33 is sleeping
3104 24 is thinking
3104 24 has taken a fork
3104 24 has taken a fork
3104 24 is eating
3104 34 has taken a fork
3104 34 has taken a fork
3104 34 is eating
3104 16 is thinking
3104 16 has taken a fork
3104 16 has taken a fork
3104 16 is eating
3105 87 is sleeping
3105 47 is sleeping
3105 149 is sleeping
3105 44 is thinking
3105 44 has taken a fork
3105 44 has taken a fork
3105 44 is eating
3105 59 is sleeping
3105 193 is sleeping
3105 2 is thinking
3105 2 has taken a fork
3105 2 has taken a fork
3105 2 is eating
3105 42 is thinking
3105 42 has taken a fork
3105 42 has taken a fork
3105 42 is eating
3105 28 is thinking
3105 28 has taken a fork
3105 28 has taken a fork
3105 28 is eating
3105 5 is sleeping
3105 145 is sleeping
3105 195 is sleeping
3105 172 is thinking
3105 172 has taken a fork
3105 172 has taken a fork
3105 172 is eating
3105 13 is sleeping
3105 71 is sleeping
3105 4 is thinking
3105 4 has taken a fork
3105 4 has taken a fork
3105 4 is eating
3105 15 is sleeping
3105 49 is sleeping
3105 122 is thinking
3105 122 has taken a fork
3105 122 has taken a fork
3105 122 is eating
3106 165 is sleeping
3106 161 is sleeping
3106 133 is sleeping
3106 57 is sleeping
3106 97 is sleeping
3106 148 is thinking
3106 148 has taken a fork
3106 148 has taken a fork
3106 148 is eating
3106 112 is thinking
3106 112 has taken a fork
3106 112 has taken a fork
3106 112 is eating
3106 188 is thinking
3106 94 is thinking
3106 94 has taken a fork
3106 94 has taken a fork
3106 94 is eating
3106 163 is sleeping
3106 199 is sleeping
3106 115 is sleeping
3106 184 is thinking
3106 184 has taken a fork
3106 184 has taken a fork
3106 184 is eating
3106 38 is thinking
3106 38 has taken a fork
3106 38 has taken a fork
3106 38 is eating
3106 95 is sleeping
3106 169 is sleeping
3106 153 is sleeping
3106 79 is sleeping
3106 135 is sleeping
3106 99 is sleeping
3106 19 is sleeping
3106 125 is sleeping
3106 31 is sleeping
3107 20 is thinking
3107 20 has taken a fork
3107 20 has taken a fork
3107 20 is eating
3107 142 is thinking
3107 154 is thinking
3107 187 is sleeping
3107 146 is thinking
3107 146 has taken a fork
3107 146 has taken a fork
3107 146 is eating
3107 143 is sleeping
3107 154 has taken a fork
3107 154 has taken a fork
3107 154 is eating
3107 142 has taken a fork
3107 142 has taken a fork
3107 142 is eating
3107 131 is sleeping
3107 140 is thinking
3107 140 has taken a fork
3107 140 has taken a fork
3107 140 is eating
3107 83 is sleeping
3107 144 is thinking
3107 144 has taken a fork
3107 144 has taken a fork
3107 144 is eating
3107 194 is thinking
3107 194 has taken a fork
3107 194 has taken a fork
3107 194 is eating
3107 61 is sleeping
3107 188 has taken a fork
3107 188 has taken a fork
3107 188 is eating
3108 88 is thinking
3108 88 has taken a fork
3108 88 has taken a fork
3108 88 is eating
3108 132 is thinking
3108 132 has taken a fork
3108 132 has taken a fork
3108 132 is eating
3108 130 is thinking
3108 130 has taken a fork
3108 130 has taken a fork
3108 130 is eating
3108 96 is thinking
3108 96 has taken a fork
3108 96 has taken a fork
3108 96 is eating
3108 98 is thinking
3108 98 has taken a fork
3108 98 has taken a fork
3108 98 is eating
3108 164 is thinking
3108 164 has taken a fork
3108 164 has taken a fork
3108 164 is eating
3108 152 is thinking
3108 152 has taken a fork
3108 152 has taken a fork
3108 152 is eating
3108 200 is thinking
3108 200 has taken a fork
3108 200 has taken a fork
3108 200 is eating
3108 106 is thinking
3108 106 has taken a fork
3108 106 has taken a fork
3108 106 is eating
3108 62 is thinking
3108 62 has taken a fork
3108 62 has taken a fork
3108 62 is eating
3108 14 is thinking
3108 14 has taken a fork
3108 14 has taken a fork
3108 14 is eating
3108 92 is thinking
3108 166 is thinking
3108 198 is thinking
3108 198 has taken a fork
3108 198 has taken a fork
3108 198 is eating
3108 91 is sleeping
3108 32 is thinking
3108 50 is thinking
3108 50 has taken a fork
3108 50 has taken a fork
3108 50 is eating
3108 116 is thinking
3108 116 has taken a fork
3108 116 has taken a fork
3108 116 is eating
3108 32 has taken a fork
3108 32 has taken a fork
3108 32 is eating
3108 180 is thinking
3108 180 has taken a fork
3108 180 has taken a fork
3108 180 is eating
3108 128 is thinking
3108 128 has taken a fork
3108 128 has taken a fork
3108 128 is eating
3108 54 is thinking
3108 54 has taken a fork
3108 54 has taken a fork
3108 54 is eating
3108 124 is thinking
3108 124 has taken a fork
3108 124 has taken a fork
3108 124 is eating
3108 60 is thinking
3108 60 has taken a fork
3108 60 has taken a fork
3108 60 is eating
3108 22 is thinking
3108 22 has taken a fork
3108 22 has taken a fork
3108 22 is eating
3108 166 has taken a fork
3108 166 has taken a fork
3108 166 is eating
3108 67 is sleeping
3108 92 has taken a fork
3108 92 has taken a fork
3108 92 is eating
3109 84 is thinking
3109 84 has taken a fork
3109 84 has taken a fork
3109 84 is eating
3109 6 is thinking
3109 6 has taken a fork
3109 6 has taken a fork
3109 6 is eating
3109 90 is thinking
3109 90 has taken a fork
3109 90 has taken a fork
3109 90 is eating
3109 40 is thinking
3109 40 has taken a fork
3109 40 has taken a fork
3109 40 is eating
3109 114 is thinking
3109 114 has taken a fork
3109 114 has taken a fork
3109 114 is eating
3109 170 is thinking
3109 170 has taken a fork
3109 170 has taken a fork
3109 170 is eating
3110 81 is sleeping
3110 102 is thinking
3110 102 has taken a fork
3110 102 has taken a fork
3110 102 is eating
3110 80 is thinking
3110 80 has taken a fork
3110 80 has taken a fork
3110 80 is eating
3110 110 is thinking
3110 110 has taken a fork
3110 110 has taken a fork
3110 110 is eating
3110 46 is thinking
3110 46 has taken a fork
3110 46 has taken a fork
3110 46 is eating
3110 72 is thinking
3110 72 has taken a fork
3110 72 has taken a fork
3110 72 is eating
3110 66 is thinking
3110 66 has taken a fork
3110 66 has taken a fork
3110 66 is eating
3110 48 is thinking
3110 48 has taken a fork
3110 48 has taken a fork
3110 48 is eating
3110 134 is thinking
3110 18 is thinking
3110 18 has taken a fork
3110 18 has taken a fork
3110 18 is eating
3110 134 has taken a fork
3110 134 has taken a fork
3110 134 is eating
3111 176 is thinking
3111 176 has taken a fork
3111 176 has taken a fork
3111 176 is eating
3111 30 is thinking
3111 30 has taken a fork
3111 30 has taken a fork
3111 30 is eating
3111 8 is thinking
3111 36 is thinking
3111 36 has taken a fork
3111 36 has taken a fork
3111 36 is eating
3111 8 has taken a fork
3111 8 has taken a fork
3111 8 is eating
3111 178 is thinking
3111 178 has taken a fork
3111 178 has taken a fork
3111 178 is eating
3112 104 is thinking
3112 104 has taken a fork
3112 104 has taken a fork
3112 104 is eating
3112 162 is thinking
3112 162 has taken a fork
3112 162 has taken a fork
3112 162 is eating
3112 119 is sleeping
3112 100 is thinking
3112 100 has taken a fork
3112 100 has taken a fork
3112 100 is eating
3112 68 is thinking
3112 68 has taken a fork
3112 68 has taken a fork
3112 68 is eating
3112 150 is thinking
3112 150 has taken a fork
3112 150 has taken a fork
3112 150 is eating
3112 108 is thinking
3112 108 has taken a fork
3112 108 has taken a fork
3112 108 is eating
3112 168 is thinking
3112 168 has taken a fork
3112 168 has taken a fork
3112 168 is eating
3112 74 is thinking
3112 74 has taken a fork
3112 74 has taken a fork
3112 74 is eating
3112 120 is thinking
3112 120 has taken a fork
3112 120 has taken a fork
3112 120 is eating
3112 69 is sleeping
3113 11 is sleeping
3113 191 is sleeping
3113 70 is thinking
3113 70 has taken a fork
3113 70 has taken a fork
3113 70 is eating
3114 190 is thinking
3114 190 has taken a fork
3114 190 has taken a fork
3114 190 is eating
3114 126 is thinking
3114 126 has taken a fork
3114 126 has taken a fork
3114 126 is eating
3114 82 is thinking
3114 82 has taken a fork
3114 82 has taken a fork
3114 82 is eating
3114 118 is thinking
3114 118 has taken a fork
3114 118 has taken a fork
3114 118 is eating
3114 10 is thinking
3114 10 has taken a fork
3114 10 has taken a fork
3114 10 is eating
3114 86 is thinking
3114 86 has taken a fork
3114 86 has taken a fork
3114 86 is eating
3114 192 is thinking
3114 192 has taken a fork
3114 192 has taken a fork
3114 192 is eating
3114 77 is sleeping
3114 137 is sleeping
3114 78 is thinking
3114 78 has taken a fork
3114 78 has taken a fork
3114 78 is eating
3115 196 is thinking
3115 196 has taken a fork
3115 196 has taken a fork
3115 196 is eating
3115 138 is thinking
3115 138 has taken a fork
3115 138 has taken a fork
3115 138 is eating
3115 58 is thinking
3115 58 has taken a fork
3115 58 has taken a fork
3115 58 is eating
3115 12 is thinking
3115 12 has taken a fork
3115 12 has taken a fork
3115 12 is eating
3115 136 is thinking
3115 136 has taken a fork
3115 136 has taken a fork
3115 136 is eating
3115 186 is thinking
3115 186 has taken a fork
3115 186 has taken a fork
3115 186 is eating
3115 56 is thinking
3115 56 has taken a fork
3115 56 has taken a fork
3115 56 is eating
3116 52 is thinking
3116 52 has taken a fork
3116 52 has taken a fork
3116 52 is eating
3116 158 is thinking
3116 160 is thinking
3116 159 is sleeping
3116 76 is thinking
3116 76 has taken a fork
3116 76 has taken a fork
3116 76 is eating
3116 160 has taken a fork
3116 160 has taken a fork
3116 160 is eating
3116 158 has taken a fork
3116 158 has taken a fork
3116 158 is eating
3203 174 is sleeping
3203 64 is sleeping
3203 26 is sleeping
3204 16 is sleeping
3204 182 is sleeping
3204 24 is sleeping
3204 156 is sleeping
3204 34 is sleeping
3205 122 is sleeping
3205 2 is sleeping
3205 172 is sleeping
3205 42 is sleeping
3205 4 is sleeping
3205 28 is sleeping
3205 44 is sleeping
3206 184 is sleeping
3206 38 is sleeping
3206 94 is sleeping
3206 148 is sleeping
3206 112 is sleeping
3207 144 is sleeping
3207 140 is sleeping
3207 188 is sleeping
3207 154 is sleeping
3207 194 is sleeping
3207 142 is sleeping
3207 146 is sleeping
3207 20 is sleeping
3208 198 is sleeping
3208 88 is sleeping
3208 116 is sleeping
3208 128 is sleeping
3208 152 is sleeping
3208 180 is sleeping
3208 132 is sleeping
3208 54 is sleeping
3208 60 is sleeping
3208 130 is sleeping
3208 92 is sleeping
3208 50 is sleeping
3208 166 is sleeping
3208 22 is sleeping
3208 200 is sleeping
3208 14 is sleeping
3208 124 is sleeping
3208 62 is sleeping
3208 164 is sleeping
3208 32 is sleeping
3208 98 is sleeping
3208 96 is sleeping
3209 90 is sleeping
3209 40 is sleeping
3209 114 is sleeping
3209 170 is sleeping
3209 6 is sleeping
3209 106 is sleeping
3209 84 is sleeping
3210 102 is sleeping
3210 72 is sleeping
3210 48 is sleeping
3210 18 is sleeping
3210 80 is sleeping
3210 134 is sleeping
3210 46 is sleeping
3210 66 is sleeping
3210 110 is sleeping
3211 176 is sleeping
3211 8 is sleeping
3211 178 is sleeping
3211 36 is sleeping
3211 30 is sleeping
3212 108 is sleeping
3212 162 is sleeping
3212 150 is sleeping
3212 68 is sleeping
3212 104 is sleeping
3212 120 is sleeping
3212 74 is sleeping
3212 100 is sleeping
3212 168 is sleeping
3213 70 is sleeping
3214 86 is sleeping
3214 126 is sleeping
3214 82 is sleeping
3214 192 is sleeping
3214 10 is sleeping
3214 78 is sleeping
3214 118 is sleeping
3214 190 is sleeping
3215 186 is sleeping
3215 136 is sleeping
3215 58 is sleeping
3215 56 is sleeping
3215 138 is sleeping
3215 12 is sleeping
3215 196 is sleeping
3216 158 is sleeping
3216 76 is sleeping
3216 160 is sleeping
3216 52 is sleeping
3300 107 is thinking
3300 107 has taken a fork
3300 107 has taken a fork
3300 107 is eating
3300 65 is thinking
3300 65 has taken a fork
3300 65 has taken a fork
3300 65 is eating
3300 85 is thinking
3300 85 has taken a fork
3300 85 has taken a fork
3300 85 is eating
3300 111 is thinking
3300 111 has taken a fork
3300 111 has taken a fork
3300 111 is eating
3300 93 is thinking
3300 93 has taken a fork
3300 93 has taken a fork
3300 93 is eating
3300 7 is thinking
3300 7 has taken a fork
3300 7 has taken a fork
3300 7 is eating
3300 73 is thinking
3300 73 has taken a fork
3300 73 has taken a fork
3300 73 is eating
3301 105 is thinking
3301 105 has taken a fork
3301 105 has taken a fork
3301 105 is eating
3301 175 is thinking
3301 175 has taken a fork
3301 175 has taken a fork
3301 175 is eating
3301 117 is thinking
3301 117 has taken a fork
3301 117 has taken a fork
3301 117 is eating
3301 123 is thinking
3301 123 has taken a fork
3301 123 has taken a fork
3301 123 is eating
3301 27 is thinking
3301 27 has taken a fork
3301 27 has taken a fork
3301 27 is eating
3301 141 is thinking
3301 141 has taken a fork
3301 141 has taken a fork
3301 141 is eating
3301 139 is thinking
3301 139 has taken a fork
3301 139 has taken a fork
3301 139 is eating
3301 189 is thinking
3301 189 has taken a fork
3301 189 has taken a fork
3301 189 is eating
3301 129 is thinking
3301 129 has taken a fork
3301 129 has taken a fork
3301 129 is eating
3302 173 is thinking
3302 173 has taken a fork
3302 173 has taken a fork
3302 173 is eating
3302 23 is thinking
3302 23 has taken a fork
3302 23 has taken a fork
3302 23 is eating
3302 121 is thinking
3302 55 is thinking
3302 55 has taken a fork
3302 55 has taken a fork
3302 55 is eating
3302 157 is thinking
3302 157 has taken a fork
3302 157 has taken a fork
3302 157 is eating
3302 43 is thinking
3302 43 has taken a fork
3302 43 has taken a fork
3302 43 is eating
3302 101 is thinking
3302 101 has taken a fork
3302 101 has taken a fork
3302 101 is eating
3302 25 is thinking
3302 3 is thinking
3302 3 has taken a fork
3302 3 has taken a fork
3302 3 is eating
3302 197 is thinking
3302 197 has taken a fork
3302 197 has taken a fork
3302 197 is eating
3302 121 has taken a fork
3302 121 has taken a fork
3302 121 is eating
3302 25 has taken a fork
3302 25 has taken a fork
3302 25 is eating
3303 51 is thinking
3303 51 has taken a fork
3303 51 has taken a fork
3303 51 is eating
3303 63 is thinking
3303 171 is thinking
3303 171 has taken a fork
3303 171 has taken a fork
3303 171 is eating
3303 63 has taken a fork
3303 63 has taken a fork
3303 63 is eating
3303 167 is thinking
3303 167 has taken a fork
3303 167 has taken a fork
3303 167 is eating
3303 185 is thinking
3303 185 has taken a fork
3303 185 has taken a fork
3303 185 is eating
3303 41 is thinking
3303 41 has taken a fork
3303 41 has taken a fork
3303 41 is eating
3303 179 is thinking
3303 179 has taken a fork
3303 179 has taken a fork
3303 179 is eating
3303 89 is thinking
3303 89 has taken a fork
3303 89 has taken a fork
3303 89 is eating
3303 17 is thinking
3303 17 has taken a fork
3303 17 has taken a fork
3303 17 is eating
3303 45 is thinking
3303 45 has taken a fork
3303 45 has taken a fork
3303 45 is eating
3303 103 is thinking
3303 103 has taken a fork
3303 103 has taken a fork
3303 103 is eating
3303 9 is thinking
3303 9 has taken a fork
3303 9 has taken a fork
3303 9 is eating
3303 35 is thinking
3303 35 has taken a fork
3303 35 has taken a fork
3303 35 is eating
3303 109 is thinking
3303 109 has taken a fork
3303 109 has taken a fork
3303 109 is eating
3304 29 is thinking
3304 29 has taken a fork
3304 29 has taken a fork
3304 29 is eating
3304 151 is thinking
3304 151 has taken a fork
3304 151 has taken a fork
3304 151 is eating
3304 113 is thinking
3304 113 has taken a fork
3304 113 has taken a fork
3304 113 is eating
3304 39 is thinking
3304 39 has taken a fork
3304 39 has taken a fork
3304 39 is eating
3304 15 is thinking
3304 1 is thinking
3304 1 has taken a fork
3304 1 has taken a fork
3304 1 is eating
3304 181 is thinking
3304 181 has taken a fork
3304 181 has taken a fork
3304 181 is eating
3304 147 is thinking
3304 15 has taken a fork
3304 15 has taken a fork
3304 15 is eating
3304 33 is thinking
3304 33 has taken a fork
3304 33 has taken a fork
3304 33 is eating
3304 177 is thinking
3304 177 has taken a fork
3304 177 has taken a fork
3304 177 is eating
3304 21 is thinking
3304 21 has taken a fork
3304 21 has taken a fork
3304 21 is eating
3304 37 is thinking
3304 37 has taken a fork
3304 37 has taken a fork
3304 37 is eating
3304 75 is thinking
3304 75 has taken a fork
3304 75 has taken a fork
3304 75 is eating
3304 147 has taken a fork
3304 147 has taken a fork
3304 147 is eating
3305 145 is thinking
3305 145 has taken a fork
3305 145 has taken a fork
3305 145 is eating
3305 99 is thinking
3305 169 is thinking
3305 169 has taken a fork
3305 169 has taken a fork
3305 169 is eating
3305 183 is thinking
3305 59 is thinking
3305 59 has taken a fork
3305 59 has taken a fork
3305 59 is eating
3305 195 is thinking
3305 183 has taken a fork
3305 183 has taken a fork
3305 183 is eating
3305 49 is thinking
3305 99 has taken a fork
3305 99 has taken a fork
3305 99 is eating
3305 53 is thinking
3305 13 is thinking
3305 13 has taken a fork
3305 13 has taken a fork
3305 13 is eating
3305 49 has taken a fork
3305 49 has taken a fork
3305 49 is eating
3305 71 is thinking
3305 135 is thinking
3305 135 has taken a fork
3305 135 has taken a fork
3305 135 is eating
3305 71 has taken a fork
3305 71 has taken a fork
3305 71 is eating
3305 5 is thinking
3305 5 has taken a fork
3305 5 has taken a fork
3305 5 is eating
3305 195 has taken a fork
3305 195 has taken a fork
3305 195 is eating
3305 97 is thinking
3305 97 has taken a fork
3305 97 has taken a fork
3305 97 is eating
3305 31 is thinking
3305 31 has taken a fork
3305 31 has taken a fork
3305 31 is eating
3305 125 is thinking
3305 125 has taken a fork
3305 125 has taken a fork
3305 125 is eating
3305 149 is thinking
3305 149 has taken a fork
3305 149 has taken a fork
3305 149 is eating
3305 95 is thinking
3305 95 has taken a fork
3305 95 has taken a fork
3305 95 is eating
3305 53 has taken a fork
3305 53 has taken a fork
3305 53 is eating
3305 193 is thinking
3305 193 has taken a fork
3305 193 has taken a fork
3305 193 is eating
3305 87 is thinking
3305 87 has taken a fork
3305 87 has taken a fork
3305 87 is eating
3306 199 is thinking
3306 199 has taken a fork
3306 199 has taken a fork
3306 199 is eating
3306 115 is thinking
3306 115 has taken a fork
3306 115 has taken a fork
3306 115 is eating
3306 19 is thinking
3306 19 has taken a fork
3306 19 has taken a fork
3306 19 is eating
3306 57 is thinking
3306 57 has taken a fork
3306 57 has taken a fork
3306 57 is eating
3306 127 is thinking
3306 163 is thinking
3306 163 has taken a fork
3306 163 has taken a fork
3306 163 is eating
3306 187 is thinking
3306 187 has taken a fork
3306 187 has taken a fork
3306 187 is eating
3306 79 is thinking
3306 79 has taken a fork
3306 79 has taken a fork
3306 79 is eating
3306 165 is thinking
3306 165 has taken a fork
3306 165 has taken a fork
3306 165 is eating
3306 133 is thinking
3306 133 has taken a fork
3306 133 has taken a fork
3306 133 is eating
3306 161 is thinking
3306 161 has taken a fork
3306 161 has taken a fork
3306 161 is eating
3306 153 is thinking
3306 153 has taken a fork
3306 153 has taken a fork
3306 153 is eating
3306 155 is thinking
3306 155 has taken a fork
3306 155 has taken a fork
3306 155 is eating
3306 127 has taken a fork
3306 127 has taken a fork
3306 127 is eating
3306 47 is thinking
3306 47 has taken a fork
3306 47 has taken a fork
3306 47 is eating
3307 83 is thinking
3307 83 has taken a fork
3307 83 has taken a fork
3307 83 is eating
3307 143 is thinking
3307 143 has taken a fork
3307 143 has taken a fork
3307 143 is eating
3307 131 is thinking
3307 131 has taken a fork
3307 131 has taken a fork
3307 131 is eating
3307 61 is thinking
3307 61 has taken a fork
3307 61 has taken a fork
3307 61 is eating
3308 67 is thinking
3308 67 has taken a fork
3308 67 has taken a fork
3308 67 is eating
3308 91 is thinking
3308 91 has taken a fork
3308 91 has taken a fork
3308 91 is eating
3310 81 is thinking
3310 81 has taken a fork
3310 81 has taken a fork
3310 81 is eating
3312 69 is thinking
3312 69 has taken a fork
3312 69 has taken a fork
3312 69 is eating
3312 119 is thinking
3312 119 has taken a fork
3312 119 has taken a fork
3312 119 is eating
3313 11 is thinking
3313 11 has taken a fork
3313 11 has taken a fork
3313 11 is eating
3313 191 is thinking
3313 191 has taken a fork
3313 191 has taken a fork
3313 191 is eating
3314 77 is thinking
3314 77 has taken a fork
3314 77 has taken a fork
3314 77 is eating
3314 137 is thinking
3314 137 has taken a fork
3314 137 has taken a fork
3314 137 is eating
3317 159 is thinking
3317 159 has taken a fork
3317 159 has taken a fork
3317 159 is eating
3400 73 is sleeping
3400 65 is sleeping
3400 107 is sleeping
3400 111 is sleeping
3400 93 is sleeping
3400 85 is sleeping
3400 7 is sleeping
3401 27 is sleeping
3401 129 is sleeping
3401 189 is sleeping
3401 123 is sleeping
3401 117 is sleeping
3401 139 is sleeping
3401 175 is sleeping
3401 141 is sleeping
3401 105 is sleeping
3402 173 is sleeping
3402 23 is sleeping
3402 157 is sleeping
3402 55 is sleeping
3402 174 is thinking
3402 174 has taken a fork
3402 174 has taken a fork
3402 174 is eating
3402 197 is sleeping
3402 25 is sleeping
3402 3 is sleeping
3402 43 is sleeping
3402 121 is sleeping
3402 101 is sleeping
3403 103 is sleeping
3403 17 is sleeping
3403 171 is sleeping
3403 64 is thinking
3403 63 is sleeping
3403 89 is sleeping
3403 41 is sleeping
3403 45 is sleeping
3403 9 is sleeping
3403 109 is sleeping
3403 179 is sleeping
3403 26 is thinking
3403 26 has taken a fork
3403 26 has taken a fork
3403 26 is eating
3403 167 is sleeping
3403 185 is sleeping
3403 64 has taken a fork
3403 64 has taken a fork
3403 64 is eating
3403 35 is sleeping
3404 51 is sleeping
3404 177 is sleeping
3404 24 is thinking
3404 24 has taken a fork
3404 24 has taken a fork
3404 24 is eating
3404 1 is sleeping
3404 182 is thinking
3404 147 is sleeping
3404 37 is sleeping
3404 21 is sleeping
3404 15 is sleeping
3404 33 is sleeping
3404 34 is thinking
3404 34 has taken a fork
3404 34 has taken a fork
3404 34 is eating
3404 156 is thinking
3404 39 is sleeping
3404 151 is sleeping
3404 16 is thinking
3404 16 has taken a fork
3404 16 has taken a fork
3404 16 is eating
3404 29 is sleeping
3405 49 is sleeping
3405 2 is thinking
3405 2 has taken a fork
3405 2 has taken a fork
3405 2 is eating
3405 183 is sleeping
3405 44 is thinking
3405 95 is sleeping
3405 44 has taken a fork
3405 44 has taken a fork
3405 44 is eating
3405 125 is sleeping
3405 113 is sleeping
3405 149 is sleeping
3405 99 is sleeping
3405 71 is sleeping
3405 13 is sleeping
3405 172 is thinking
3405 172 has taken a fork
3405 172 has taken a fork
3405 172 is eating
3405 122 is thinking
3405 122 has taken a fork
3405 122 has taken a fork
3405 122 is eating
3405 31 is sleeping
3405 145 is sleeping
3405 169 is sleeping
3405 5 is sleeping
3405 135 is sleeping
3405 4 is thinking
3405 4 has taken a fork
3405 4 has taken a fork
3405 4 is eating
3405 195 is sleeping
3405 59 is sleeping
3405 53 is sleeping
3405 87 is sleeping
3405 75 is sleeping
3405 181 is sleeping
3405 28 is thinking
3405 28 has taken a fork
3405 28 has taken a fork
3405 28 is eating
3405 193 is sleeping
3405 97 is sleeping
3406 19 is sleeping
3406 187 is sleeping
3406 42 is thinking
3406 42 has taken a fork
3406 42 has taken a fork
3406 42 is eating
3406 161 is sleeping
3406 153 is sleeping
3406 182 has taken a fork
3406 182 has taken a fork
3406 182 is eating
3406 133 is sleeping
3406 47 is sleeping
3406 112 is thinking
3406 112 has taken a fork
3406 112 has taken a fork
3406 112 is eating
3406 148 is thinking
3406 148 has taken a fork
3406 148 has taken a fork
3406 148 is eating
3406 163 is sleeping
3406 127 is sleeping
3406 57 is sleeping
3406 115 is sleeping
3406 94 is thinking
3406 94 has taken a fork
3406 94 has taken a fork
3406 94 is eating
3406 199 is sleeping
3406 184 is thinking
3406 184 has taken a fork
3406 184 has taken a fork
3406 184 is eating
3406 155 is sleeping
3406 156 has taken a fork
3406 156 has taken a fork
3406 156 is eating
3407 142 is thinking
3407 20 is thinking
3407 20 has taken a fork
3407 20 has taken a fork
3407 20 is eating
3407 146 is thinking
3407 146 has taken a fork
3407 146 has taken a fork
3407 146 is eating
3407 154 is thinking
3407 154 has taken a fork
3407 154 has taken a fork
3407 154 is eating
3407 143 is sleeping
3407 144 is thinking
3407 144 has taken a fork
3407 144 has taken a fork
3407 144 is eating
3408 22 is thinking
3408 22 has taken a fork
3408 22 has taken a fork
3408 22 is eating
3408 54 is thinking
3408 54 has taken a fork
3408 54 has taken a fork
3408 54 is eating
3408 92 is thinking
3408 60 is thinking
3408 194 is thinking
3408 91 is sleeping
3408 188 is thinking
3408 188 has taken a fork
3408 188 has taken a fork
3408 188 is eating
3408 14 is thinking
3408 14 has taken a fork
3408 14 has taken a fork
3408 14 is eating
3408 166 is thinking
3408 166 has taken a fork
3408 166 has taken a fork
3408 166 is eating
3408 152 is thinking
3408 50 is thinking
3408 50 has taken a fork
3408 50 has taken a fork
3408 50 is eating
3408 98 is thinking
3408 96 is thinking
3408 98 has taken a fork
3408 98 has taken a fork
3408 98 is eating
3408 200 is thinking
3408 200 has taken a fork
3408 200 has taken a fork
3408 200 is eating
3408 132 is thinking
3408 132 has taken a fork
3408 132 has taken a fork
3408 132 is eating
3408 131 is sleeping
3408 92 has taken a fork
3408 92 has taken a fork
3408 92 is eating
3408 180 is thinking
3408 180 has taken a fork
3408 180 has taken a fork
3408 180 is eating
3408 38 is thinking
3408 198 is thinking
3408 60 has taken a fork
3408 60 has taken a fork
3408 60 is eating
3408 124 is thinking
3408 124 has taken a fork
3408 124 has taken a fork
3408 124 is eating
3408 106 is thinking
3408 106 has taken a fork
3408 106 has taken a fork
3408 106 is eating
3408 142 has taken a fork
3408 142 has taken a fork
3408 142 is eating
3408 152 has taken a fork
3408 152 has taken a fork
3408 152 is eating
3408 67 is sleeping
3408 194 has taken a fork
3408 194 has taken a fork
3408 194 is eating
3408 61 is sleeping
3408 130 is thinking
3408 128 is thinking
3408 128 has taken a fork
3408 128 has taken a fork
3408 128 is eating
3409 90 is thinking
3409 84 is thinking
3409 90 has taken a fork
3409 90 has taken a fork
3409 90 is eating
3409 84 has taken a fork
3409 84 has taken a fork
3409 84 is eating
3409 88 is thinking
3409 62 is thinking
3409 62 has taken a fork
3409 62 has taken a fork
3409 62 is eating
3409 140 is thinking
3409 140 has taken a fork
3409 140 has taken a fork
3409 140 is eating
3409 32 is thinking
3409 130 has taken a fork
3409 130 has taken a fork
3409 130 is eating
3409 32 has taken a fork
3409 32 has taken a fork
3409 32 is eating
3409 114 is thinking
3409 170 is thinking
3409 170 has taken a fork
3409 170 has taken a fork
3409 170 is eating
3409 38 has taken a fork
3409 38 has taken a fork
3409 38 is eating
3409 198 has taken a fork
3409 198 has taken a fork
3409 198 is eating
3409 6 is thinking
3409 6 has taken a fork
3409 6 has taken a fork
3409 6 is eating
3409 114 has taken a fork
3409 114 has taken a fork
3409 114 is eating
3409 164 is thinking
3409 164 has taken a fork
3409 164 has taken a fork
3409 164 is eating
3409 88 has taken a fork
3409 88 has taken a fork
3409 88 is eating
3409 96 has taken a fork
3409 96 has taken a fork
3409 96 is eating
3409 40 is thinking
3409 40 has taken a fork
3409 40 has taken a fork
3409 40 is eating
3409 165 is sleeping
3409 79 is sleeping
3409 116 is thinking
3409 83 is sleeping
3410 80 is thinking
3410 66 is thinking
3410 66 has taken a fork
3410 66 has taken a fork
3410 66 is eating
3410 81 is sleeping
3410 102 is thinking
3410 102 has taken a fork
3410 102 has taken a fork
3410 102 is eating
3410 134 is thinking
3410 134 has taken a fork
3410 134 has taken a fork
3410 134 is eating
3410 46 is thinking
3410 18 is thinking
3410 18 has taken a fork
3410 18 has taken a fork
3410 18 is eating
3410 46 has taken a fork
3410 46 has taken a fork
3410 46 is eating
3410 110 is thinking
3410 110 has taken a fork
3410 110 has taken a fork
3410 110 is eating
3410 80 has taken a fork
3410 80 has taken a fork
3410 80 is eating
3410 48 is thinking
3410 48 has taken a fork
3410 48 has taken a fork
3410 48 is eating
3410 116 has taken a fork
3410 116 has taken a fork
3410 116 is eating
3410 72 is thinking
3410 72 has taken a fork
3410 72 has taken a fork
3410 72 is eating
3411 36 is thinking
3411 36 has taken a fork
3411 36 has taken a fork
3411 36 is eating
3411 30 is thinking
3411 30 has taken a fork
3411 30 has taken a fork
3411 30 is eating
3411 178 is thinking
3411 178 has taken a fork
3411 178 has taken a fork
3411 178 is eating
3411 8 is thinking
3411 8 has taken a fork
3411 8 has taken a fork
3411 8 is eating
3411 176 is thinking
3411 176 has taken a fork
3411 176 has taken a fork
3411 176 is eating
3412 104 is thinking
3412 104 has taken a fork
3412 104 has taken a fork
3412 104 is eating
3412 168 is thinking
3412 168 has taken a fork
3412 168 has taken a fork
3412 168 is eating
3412 120 is thinking
3412 74 is thinking
3412 74 has taken a fork
3412 74 has taken a fork
3412 74 is eating
3412 68 is thinking
3412 162 is thinking
3412 162 has taken a fork
3412 162 has taken a fork
3412 162 is eating
3412 100 is thinking
3412 100 has taken a fork
3412 100 has taken a fork
3412 100 is eating
3412 69 is sleeping
3412 119 is sleeping
3412 150 is thinking
3412 120 has taken a fork
3412 120 has taken a fork
3412 120 is eating
3412 68 has taken a fork
3412 68 has taken a fork
3412 68 is eating
3413 150 has taken a fork
3413 150 has taken a fork
3413 150 is eating
3413 11 is sleeping
3413 108 is thinking
3413 108 has taken a fork
3413 108 has taken a fork
3413 108 is eating
3413 70 is thinking
3413 70 has taken a fork
3413 70 has taken a fork
3413 70 is eating
3413 191 is sleeping
3414 10 is thinking
3414 10 has taken a fork
3414 10 has taken a fork
3414 10 is eating
3414 137 is sleeping
3414 118 is thinking
3414 118 has taken a fork
3414 118 has taken a fork
3414 118 is eating
3414 192 is thinking
3414 192 has taken a fork
3414 192 has taken a fork
3414 192 is eating
3414 78 is thinking
3414 190 is thinking
3414 190 has taken a fork
3414 190 has taken a fork
3414 190 is eating
3415 136 is thinking
3415 136 has taken a fork
3415 136 has taken a fork
3415 136 is eating
3415 12 is thinking
3415 12 has taken a fork
3415 12 has taken a fork
3415 12 is eating
3415 56 is thinking
3415 56 has taken a fork
3415 56 has taken a fork
3415 56 is eating
3415 58 is thinking
3415 58 has taken a fork
3415 58 has taken a fork
3415 58 is eating
3415 196 is thinking
3415 196 has taken a fork
3415 196 has taken a fork
3415 196 is eating
3415 138 is thinking
3415 138 has taken a fork
3415 138 has taken a fork
3415 138 is eating
3415 86 is thinking
3415 86 has taken a fork
3415 86 has taken a fork
3415 86 is eating
3415 126 is thinking
3415 126 has taken a fork
3415 126 has taken a fork
3415 126 is eating
3415 186 is thinking
3415 186 has taken a fork
3415 186 has taken a fork
3415 186 is eating
3415 77 is sleeping
3415 82 is thinking
3415 82 has taken a fork
3415 82 has taken a fork
3415 82 is eating
3415 78 has taken a fork
3415 78 has taken a fork
3415 78 is eating
3416 76 is thinking
3416 76 has taken a fork
3416 76 has taken a fork
3416 76 is eating
3416 158 is thinking
3417 52 is thinking
3417 52 has taken a fork
3417 52 has taken a fork
3417 52 is eating
3417 159 is sleeping
3417 160 is thinking
3417 160 has taken a fork
3417 160 has taken a fork
3417 160 is eating
3417 158 has taken a fork
3417 158 has taken a fork
3417 158 is eating
3502 174 is sleeping
3503 26 is sleeping
3503 64 is sleeping
3504 34 is sleeping
3504 16 is sleeping
3504 24 is sleeping
3505 44 is sleeping
3505 28 is sleeping
3505 172 is sleeping
3505 4 is sleeping
3505 122 is sleeping
3505 2 is sleeping
3506 112 is sleeping
3506 94 is sleeping
3506 184 is sleeping
3506 148 is sleeping
3506 182 is sleeping
3506 42 is sleeping
3507 20 is sleeping
3507 146 is sleeping
3507 156 is sleeping
3507 144 is sleeping
3507 154 is sleeping
3508 166 is sleeping
3508 22 is sleeping
3508 54 is sleeping
3508 50 is sleeping
3508 124 is sleeping
3508 152 is sleeping
3508 14 is sleeping
3508 92 is sleeping
3508 194 is sleeping
3508 98 is sleeping
3508 106 is sleeping
3508 200 is sleeping
3508 128 is sleeping
3508 132 is sleeping
3508 142 is sleeping
3508 180 is sleeping
3508 188 is sleeping
3508 60 is sleeping
3509 170 is sleeping
3509 32 is sleeping
3509 84 is sleeping
3509 198 is sleeping
3509 40 is sleeping
3509 96 is sleeping
3509 38 is sleeping
3509 62 is sleeping
3509 140 is sleeping
3509 88 is sleeping
3509 130 is sleeping
3509 164 is sleeping
3509 90 is sleeping
3510 80 is sleeping
3510 102 is sleeping
3510 110 is sleeping
3510 48 is sleeping
3510 114 is sleeping
3510 46 is sleeping
3510 6 is sleeping
3510 66 is sleeping
3510 134 is sleeping
3510 72 is sleeping
3510 116 is sleeping
3510 18 is sleeping
3511 176 is sleeping
3511 36 is sleeping
3511 8 is sleeping
3511 178 is sleeping
3511 30 is sleeping
3512 120 is sleeping
3512 162 is sleeping
3512 104 is sleeping
3512 74 is sleeping
3512 168 is sleeping
3512 100 is sleeping
3513 150 is sleeping
3513 108 is sleeping
3513 70 is sleeping
3513 68 is sleeping
3514 190 is sleeping
3514 118 is sleeping
3514 10 is sleeping
3514 192 is sleeping
3515 12 is sleeping
3515 56 is sleeping
3515 126 is sleeping
3515 196 is sleeping
3515 58 is sleeping
3515 86 is sleeping
3515 78 is sleeping
3515 82 is sleeping
3515 186 is sleeping
3515 138 is sleeping
3515 136 is sleeping
3516 76 is sleeping
3517 160 is sleeping
3517 158 is sleeping
3517 52 is sleeping
3600 93 is thinking
3600 93 has taken a fork
3600 93 has taken a fork
3600 93 is eating
3600 111 is thinking
3600 111 has taken a fork
3600 111 has taken a fork
3600 111 is eating
3600 65 is thinking
3600 65 has taken a fork
3600 65 has taken a fork
3600 65 is eating
3600 7 is thinking
3600 7 has taken a fork
3600 7 has taken a fork
3600 7 is eating
3600 107 is thinking
3600 107 has taken a fork
3600 107 has taken a fork
3600 107 is eating
3600 85 is thinking
3600 85 has taken a fork
3600 85 has taken a fork
3600 85 is eating
3600 73 is thinking
3600 73 has taken a fork
3600 73 has taken a fork
3600 73 is eating
3601 123 is thinking
3601 123 has taken a fork
3601 123 has taken a fork
3601 123 is eating
3601 105 is thinking
3601 105 has taken a fork
3601 105 has taken a fork
3601 105 is eating
3601 139 is thinking
3601 139 has taken a fork
3601 139 has taken a fork
3601 139 is eating
3601 117 is thinking
3601 117 has taken a fork
3601 117 has taken a fork
3601 117 is eating
3601 189 is thinking
3601 189 has taken a fork
3601 189 has taken a fork
3601 189 is eating
3601 129 is thinking
3601 129 has taken a fork
3601 129 has taken a fork
3601 129 is eating
3601 175 is thinking
3601 175 has taken a fork
3601 175 has taken a fork
3601 175 is eating
3601 141 is thinking
3601 141 has taken a fork
3601 141 has taken a fork
3601 141 is eating
3601 27 is thinking
3601 27 has taken a fork
3601 27 has taken a fork
3601 27 is eating
3602 25 is thinking
3602 25 has taken a fork
3602 25 has taken a fork
3602 25 is eating
3602 157 is thinking
3602 157 has taken a fork
3602 157 has taken a fork
3602 157 is eating
3602 121 is thinking
3602 121 has taken a fork
3602 121 has taken a fork
3602 121 is eating
3602 197 is thinking
3602 197 has taken a fork
3602 197 has taken a fork
3602 197 is eating
3602 101 is thinking
3602 101 has taken a fork
3602 101 has taken a fork
3602 101 is eating
3602 55 is thinking
3602 55 has taken a fork
3602 55 has taken a fork
3602 55 is eating
3602 3 is thinking
3602 3 has taken a fork
3602 3 has taken a fork
3602 3 is eating
3602 23 is thinking
3602 23 has taken a fork
3602 23 has taken a fork
3602 23 is eating
3602 173 is thinking
3602 173 has taken a fork
3602 173 has taken a fork
3602 173 is eating
3602 43 is thinking
3602 43 has taken a fork
3602 43 has taken a fork
3602 43 is eating
3603 63 is thinking
3603 63 has taken a fork
3603 63 has taken a fork
3603 63 is eating
3603 167 is thinking
3603 167 has taken a fork
3603 167 has taken a fork
3603 167 is eating
3603 171 is thinking
3603 171 has taken a fork
3603 171 has taken a fork
3603 171 is eating
3603 103 is thinking
3603 103 has taken a fork
3603 103 has taken a fork
3603 103 is eating
3603 185 is thinking
3603 185 has taken a fork
3603 185 has taken a fork
3603 185 is eating
3603 51 is thinking
3603 51 has taken a fork
3603 51 has taken a fork
3603 51 is eating
3603 109 is thinking
3603 109 has taken a fork
3603 109 has taken a fork
3603 109 is eating
3603 45 is thinking
3603 45 has taken a fork
3603 45 has taken a fork
3603 45 is eating
3603 35 is thinking
3603 35 has taken a fork
3603 35 has taken a fork
3603 35 is eating
3603 41 is thinking
3603 41 has taken a fork
3603 41 has taken a fork
3603 41 is eating
3603 89 is thinking
3603 89 has taken a fork
3603 89 has taken a fork
3603 89 is eating
3604 9 is thinking
3604 9 has taken a fork
3604 9 has taken a fork
3604 9 is eating
3604 17 is thinking
3604 17 has taken a fork
3604 17 has taken a fork
3604 17 is eating
3604 29 is thinking
3604 29 has taken a fork
3604 29 has taken a fork
3604 29 is eating
3604 151 is thinking
3604 151 has taken a fork
3604 151 has taken a fork
3604 151 is eating
3604 75 is thinking
3604 113 is thinking
3604 113 has taken a fork
3604 113 has taken a fork
3604 113 is eating
3604 39 is thinking
3604 39 has taken a fork
3604 39 has taken a fork
3604 39 is eating
3604 33 is thinking
3604 33 has taken a fork
3604 33 has taken a fork
3604 33 is eating
3604 15 is thinking
3604 15 has taken a fork
3604 15 has taken a fork
3604 15 is eating
3604 181 is thinking
3604 181 has taken a fork
3604 181 has taken a fork
3604 181 is eating
3604 37 is thinking
3604 37 has taken a fork
3604 37 has taken a fork
3604 37 is eating
3604 1 is thinking
3604 1 has taken a fork
3604 1 has taken a fork
3604 1 is eating
3604 21 is thinking
3604 21 has taken a fork
3604 21 has taken a fork
3604 21 is eating
3604 147 is thinking
3604 147 has taken a fork
3604 147 has taken a fork
3604 147 is eating
3604 177 is thinking
3604 177 has taken a fork
3604 177 has taken a fork
3604 177 is eating
3604 75 has taken a fork
3604 75 has taken a fork
3604 75 is eating
3604 179 is thinking
3604 179 has taken a fork
3604 179 has taken a fork
3604 179 is eating
3605 87 is thinking
3605 87 has taken a fork
3605 87 has taken a fork
3605 87 is eating
3605 5 is thinking
3605 183 is thinking
3605 183 has taken a fork
3605 183 has taken a fork
3605 183 is eating
3605 31 is thinking
3605 97 is thinking
3605 31 has taken a fork
3605 31 has taken a fork
3605 31 is eating
3605 195 is thinking
3605 195 has taken a fork
3605 195 has taken a fork
3605 195 is eating
3605 13 is thinking
3605 99 is thinking
3605 13 has taken a fork
3605 13 has taken a fork
3605 13 is eating
3605 99 has taken a fork
3605 99 has taken a fork
3605 99 is eating
3605 145 is thinking
3605 145 has taken a fork
3605 145 has taken a fork
3605 145 is eating
3605 59 is thinking
3605 59 has taken a fork
3605 59 has taken a fork
3605 59 is eating
3605 149 is thinking
3605 149 has taken a fork
3605 149 has taken a fork
3605 149 is eating
3605 193 is thinking
3605 193 has taken a fork
3605 193 has taken a fork
3605 193 is eating
3605 135 is thinking
3605 135 has taken a fork
3605 135 has taken a fork
3605 135 is eating
3605 71 is thinking
3605 71 has taken a fork
3605 71 has taken a fork
3605 71 is eating
3605 169 is thinking
3605 169 has taken a fork
3605 169 has taken a fork
3605 169 is eating
3605 5 has taken a fork
3605 5 has taken a fork
3605 5 is eating
3605 125 is thinking
3605 125 has taken a fork
3605 125 has taken a fork
3605 125 is eating
3605 95 is thinking
3605 95 has taken a fork
3605 95 has taken a fork
3605 95 is eating
3606 97 has taken a fork
3606 97 has taken a fork
3606 97 is eating
3606 57 is thinking
3606 57 has taken a fork
3606 57 has taken a fork
3606 57 is eating
3606 47 is thinking
3606 115 is thinking
3606 47 has taken a fork
3606 47 has taken a fork
3606 47 is eating
3606 19 is thinking
3606 19 has taken a fork
3606 19 has taken a fork
3606 19 is eating
3606 133 is thinking
3606 133 has taken a fork
3606 133 has taken a fork
3606 133 is eating
3606 161 is thinking
3606 161 has taken a fork
3606 161 has taken a fork
3606 161 is eating
3606 155 is thinking
3606 155 has taken a fork
3606 155 has taken a fork
3606 155 is eating
3606 79 is thinking
3606 79 has taken a fork
3606 79 has taken a fork
3606 79 is eating
3606 153 is thinking
3606 153 has taken a fork
3606 153 has taken a fork
3606 153 is eating
3606 165 is thinking
3606 165 has taken a fork
3606 165 has taken a fork
3606 165 is eating
3606 53 is thinking
3606 53 has taken a fork
3606 53 has taken a fork
3606 53 is eating
3606 115 has taken a fork
3606 115 has taken a fork
3606 115 is eating
3606 187 is thinking
3606 187 has taken a fork
3606 187 has taken a fork
3606 187 is eating
3606 127 is thinking
3606 127 has taken a fork
3606 127 has taken a fork
3606 127 is eating
3606 163 is thinking
3606 163 has taken a fork
3606 163 has taken a fork
3606 163 is eating
3606 49 is thinking
3607 49 has taken a fork
3607 49 has taken a fork
3607 49 is eating
3607 131 is thinking
3607 131 has taken a fork
3607 131 has taken a fork
3607 131 is eating
3607 143 is thinking
3607 143 has taken a fork
3607 143 has taken a fork
3607 143 is eating
3607 61 is thinking
3607 61 has taken a fork
3607 61 has taken a fork
3607 61 is eating
3607 83 is thinking
3607 83 has taken a fork
3607 83 has taken a fork
3607 83 is eating
3607 199 is thinking
3607 199 has taken a fork
3607 199 has taken a fork
3607 199 is eating
3608 91 is thinking
3608 91 has taken a fork
3608 91 has taken a fork
3608 91 is eating
3608 67 is thinking
3608 67 has taken a fork
3608 67 has taken a fork
3608 67 is eating
3610 81 is thinking
3610 81 has taken a fork
3610 81 has taken a fork
3610 81 is eating
3612 119 is thinking
3612 119 has taken a fork
3612 119 has taken a fork
3612 119 is eating
3612 69 is thinking
3612 69 has taken a fork
3612 69 has taken a fork
3612 69 is eating
3613 11 is thinking
3613 11 has taken a fork
3613 11 has taken a fork
3613 11 is eating
3613 191 is thinking
3613 191 has taken a fork
3613 191 has taken a fork
3613 191 is eating
3614 77 is thinking
3614 77 has taken a fork
3614 77 has taken a fork
3614 77 is eating
3614 137 is thinking
3614 137 has taken a fork
3614 137 has taken a fork
3614 137 is eating
3617 159 is thinking
3617 159 has taken a fork
3617 159 has taken a fork
3617 159 is eating
3700 7 is sleeping
3700 107 is sleeping
3700 73 is sleeping
3700 85 is sleeping
3700 111 is sleeping
3700 93 is sleeping
3700 65 is sleeping
3701 175 is sleeping
3701 27 is sleeping
3701 189 is sleeping
3701 129 is sleeping
3701 141 is sleeping
3701 123 is sleeping
3701 139 is sleeping
3701 117 is sleeping
3701 105 is sleeping
3702 43 is sleeping
3702 25 is sleeping
3702 174 is thinking
3702 174 has taken a fork
3702 174 has taken a fork
3702 174 is eating
3702 23 is sleeping
3702 173 is sleeping
3702 55 is sleeping
3702 121 is sleeping
3702 101 is sleeping
3702 197 is sleeping
3702 157 is sleeping
3702 3 is sleeping
3703 171 is sleeping
3703 26 is thinking
3703 89 is sleeping
3703 167 is sleeping
3703 45 is sleeping
3703 185 is sleeping
3703 26 has taken a fork
3703 26 has taken a fork
3703 26 is eating
3703 41 is sleeping
3703 109 is sleeping
3703 35 is sleeping
3703 103 is sleeping
3703 51 is sleeping
3703 64 is thinking
3703 64 has taken a fork
3703 64 has taken a fork
3703 64 is eating
3703 63 is sleeping
3704 21 is sleeping
3704 16 is thinking
3704 177 is sleeping
3704 37 is sleeping
3704 15 is sleeping
3704 179 is sleeping
3704 1 is sleeping
3704 29 is sleeping
3704 34 is thinking
3704 33 is sleeping
3704 75 is sleeping
3704 39 is sleeping
3704 113 is sleeping
3704 181 is sleeping
3704 147 is sleeping
3704 9 is sleeping
3704 34 has taken a fork
3704 34 has taken a fork
3704 34 is eating
3704 24 is thinking
3704 24 has taken a fork
3704 24 has taken a fork
3704 24 is eating
3704 17 is sleeping
3704 151 is sleeping
3704 16 has taken a fork
3704 16 has taken a fork
3704 16 is eating
3705 28 is thinking
3705 59 is sleeping
3705 13 is sleeping
3705 122 is thinking
3705 122 has taken a fork
3705 122 has taken a fork
3705 122 is eating
3705 195 is sleeping
3705 193 is sleeping
3705 4 is thinking
3705 87 is sleeping
3705 31 is sleeping
3705 183 is sleeping
3705 99 is sleeping
3705 28 has taken a fork
3705 28 has taken a fork
3705 28 is eating
3705 125 is sleeping
3705 2 is thinking
3705 2 has taken a fork
3705 2 has taken a fork
3705 2 is eating
3705 5 is sleeping
3705 4 has taken a fork
3705 4 has taken a fork
3705 4 is eating
3705 149 is sleeping
3705 71 is sleeping
3705 182 is thinking
3705 182 has taken a fork
3705 182 has taken a fork
3705 182 is eating
3705 44 is thinking
3705 44 has taken a fork
3705 44 has taken a fork
3705 44 is eating
3705 172 is thinking
3705 172 has taken a fork
3705 172 has taken a fork
3705 172 is eating
3705 169 is sleeping
3706 184 is thinking
3706 184 has taken a fork
3706 184 has taken a fork
3706 184 is eating
3706 94 is thinking
3706 112 is thinking
3706 112 has taken a fork
3706 112 has taken a fork
3706 112 is eating
3706 95 is sleeping
3706 148 is thinking
3706 148 has taken a fork
3706 148 has taken a fork
3706 148 is eating
3706 97 is sleeping
3706 57 is sleeping
3706 94 has taken a fork
3706 94 has taken a fork
3706 94 is eating
3706 135 is sleeping
3706 145 is sleeping
3706 19 is sleeping
3706 153 is sleeping
3707 49 is sleeping
3707 131 is sleeping
3707 199 is sleeping
3707 156 is thinking
3707 156 has taken a fork
3707 156 has taken a fork
3707 156 is eating
3707 146 is thinking
3707 146 has taken a fork
3707 146 has taken a fork
3707 146 is eating
3707 47 is sleeping
3707 144 is thinking
3707 144 has taken a fork
3707 144 has taken a fork
3707 144 is eating
3707 154 is thinking
3707 154 has taken a fork
3707 154 has taken a fork
3707 154 is eating
3707 142 is thinking
3707 142 has taken a fork
3707 142 has taken a fork
3707 142 is eating
3707 53 is sleeping
3707 83 is sleeping
3707 20 is thinking
3707 20 has taken a fork
3707 20 has taken a fork
3707 20 is eating
3707 143 is sleeping
3707 155 is sleeping
3707 165 is sleeping
3707 161 is sleeping
3707 127 is sleeping
3707 133 is sleeping
3707 42 is thinking
3707 42 has taken a fork
3707 42 has taken a fork
3707 42 is eating
3707 61 is sleeping
3707 79 is sleeping
3708 14 is thinking
3708 14 has taken a fork
3708 14 has taken a fork
3708 14 is eating
3708 60 is thinking
3708 60 has taken a fork
3708 60 has taken a fork
3708 60 is eating
3708 163 is sleeping
3708 67 is sleeping
3708 96 is thinking
3708 96 has taken a fork
3708 96 has taken a fork
3708 96 is eating
3708 22 is thinking
3708 22 has taken a fork
3708 22 has taken a fork
3708 22 is eating
3708 200 is thinking
3708 200 has taken a fork
3708 200 has taken a fork
3708 200 is eating
3708 194 is thinking
3708 54 is thinking
3708 54 has taken a fork
3708 54 has taken a fork
3708 54 is eating
3708 194 has taken a fork
3708 194 has taken a fork
3708 194 is eating
3708 152 is thinking
3708 152 has taken a fork
3708 152 has taken a fork
3708 152 is eating
3708 106 is thinking
3708 106 has taken a fork
3708 106 has taken a fork
3708 106 is eating
3708 187 is sleeping
3708 115 is sleeping
3708 180 is thinking
3708 180 has taken a fork
3708 180 has taken a fork
3708 180 is eating
3708 166 is thinking
3708 166 has taken a fork
3708 166 has taken a fork
3708 166 is eating
3708 50 is thinking
3708 50 has taken a fork
3708 50 has taken a fork
3708 50 is eating
3708 38 is thinking
3708 38 has taken a fork
3708 38 has taken a fork
3708 38 is eating
3708 130 is thinking
3708 130 has taken a fork
3708 130 has taken a fork
3708 130 is eating
3708 98 is thinking
3708 98 has taken a fork
3708 98 has taken a fork
3708 98 is eating
3708 124 is thinking
3708 91 is sleeping
3708 124 has taken a fork
3708 124 has taken a fork
3708 124 is eating
3708 188 is thinking
3708 188 has taken a fork
3708 188 has taken a fork
3708 188 is eating
3708 128 is thinking
3708 128 has taken a fork
3708 128 has taken a fork
3708 128 is eating
3708 132 is thinking
3708 132 has taken a fork
3708 132 has taken a fork
3708 132 is eating
3708 92 is thinking
3708 92 has taken a fork
3708 92 has taken a fork
3708 92 is eating
3709 164 is thinking
3709 170 is thinking
3709 170 has taken a fork
3709 170 has taken a fork
3709 170 is eating
3709 198 is thinking
3709 198 has taken a fork
3709 198 has taken a fork
3709 198 is eating
3709 114 is thinking
3709 114 has taken a fork
3709 114 has taken a fork
3709 114 is eating
3709 40 is thinking
3709 40 has taken a fork
3709 40 has taken a fork
3709 40 is eating
3709 88 is thinking
3709 88 has taken a fork
3709 88 has taken a fork
3709 88 is eating
3709 6 is thinking
3709 6 has taken a fork
3709 6 has taken a fork
3709 6 is eating
3709 90 is thinking
3709 90 has taken a fork
3709 90 has taken a fork
3709 90 is eating
3709 84 is thinking
3709 84 has taken a fork
3709 84 has taken a fork
3709 84 is eating
3709 140 is thinking
3709 140 has taken a fork
3709 140 has taken a fork
3709 140 is eating
3709 62 is thinking
3709 62 has taken a fork
3709 62 has taken a fork
3709 62 is eating
3709 32 is thinking
3709 32 has taken a fork
3709 32 has taken a fork
3709 32 is eating
3709 164 has taken a fork
3709 164 has taken a fork
3709 164 is eating
3710 110 is thinking
3710 110 has taken a fork
3710 110 has taken a fork
3710 110 is eating
3710 66 is thinking
3710 66 has taken a fork
3710 66 has taken a fork
3710 66 is eating
3710 81 is sleeping
3710 102 is thinking
3710 102 has taken a fork
3710 102 has taken a fork
3710 102 is eating
3710 46 is thinking
3710 46 has taken a fork
3710 46 has taken a fork
3710 46 is eating
3710 134 is thinking
3710 134 has taken a fork
3710 134 has taken a fork
3710 134 is eating
3710 48 is thinking
3710 48 has taken a fork
3710 48 has taken a fork
3710 48 is eating
3710 80 is thinking
3710 80 has taken a fork
3710 80 has taken a fork
3710 80 is eating
3710 72 is thinking
3710 72 has taken a fork
3710 72 has taken a fork
3710 72 is eating
3710 18 is thinking
3710 18 has taken a fork
3710 18 has taken a fork
3710 18 is eating
3710 116 is thinking
3710 116 has taken a fork
3710 116 has taken a fork
3710 116 is eating
3711 176 is thinking
3711 176 has taken a fork
3711 176 has taken a fork
3711 176 is eating
3711 36 is thinking
3711 36 has taken a fork
3711 36 has taken a fork
3711 36 is eating
3711 178 is thinking
3711 178 has taken a fork
3711 178 has taken a fork
3711 178 is eating
3711 8 is thinking
3711 8 has taken a fork
3711 8 has taken a fork
3711 8 is eating
3711 30 is thinking
3711 30 has taken a fork
3711 30 has taken a fork
3711 30 is eating
3712 68 is thinking
3712 74 is thinking
3712 74 has taken a fork
3712 74 has taken a fork
3712 74 is eating
3712 162 is thinking
3712 162 has taken a fork
3712 162 has taken a fork
3712 162 is eating
3712 168 is thinking
3712 168 has taken a fork
3712 168 has taken a fork
3712 168 is eating
3712 120 is thinking
3712 69 is sleeping
3712 100 is thinking
3712 100 has taken a fork
3712 100 has taken a fork
3712 100 is eating
3712 104 is thinking
3712 104 has taken a fork
3712 104 has taken a fork
3712 104 is eating
3712 68 has taken a fork
3712 68 has taken a fork
3712 68 is eating
3712 119 is sleeping
3712 120 has taken a fork
3712 120 has taken a fork
3712 120 is eating
3713 70 is thinking
3713 70 has taken a fork
3713 70 has taken a fork
3713 70 is eating
3713 108 is thinking
3713 108 has taken a fork
3713 108 has taken a fork
3713 108 is eating
3713 191 is sleeping
3713 150 is thinking
3713 150 has taken a fork
3713 150 has taken a fork
3713 150 is eating
3713 11 is sleeping
3714 190 is thinking
3714 190 has taken a fork
3714 190 has taken a fork
3714 190 is eating
3714 10 is thinking
3714 10 has taken a fork
3714 10 has taken a fork
3714 10 is eating
3714 137 is sleeping
3714 118 is thinking
3714 118 has taken a fork
3714 118 has taken a fork
3714 118 is eating
3714 77 is sleeping
3714 192 is thinking
3714 192 has taken a fork
3714 192 has taken a fork
3714 192 is eating
3715 196 is thinking
3715 196 has taken a fork
3715 196 has taken a fork
3715 196 is eating
3715 136 is thinking
3715 136 has taken a fork
3715 136 has taken a fork
3715 136 is eating
3715 12 is thinking
3715 12 has taken a fork
3715 12 has taken a fork
3715 12 is eating
3715 86 is thinking
3715 86 has taken a fork
3715 86 has taken a fork
3715 86 is eating
3715 186 is thinking
3715 186 has taken a fork
3715 186 has taken a fork
3715 186 is eating
3715 56 is thinking
3715 56 has taken a fork
3715 56 has taken a fork
3715 56 is eating
3715 82 is thinking
3715 82 has taken a fork
3715 82 has taken a fork
3715 82 is eating
3715 78 is thinking
3715 78 has taken a fork
3715 78 has taken a fork
3715 78 is eating
3715 138 is thinking
3715 138 has taken a fork
3715 138 has taken a fork
3715 138 is eating
3715 58 is thinking
3715 58 has taken a fork
3715 58 has taken a fork
3715 58 is eating
3715 126 is thinking
3715 126 has taken a fork
3715 126 has taken a fork
3715 126 is eating
3716 76 is thinking
3716 76 has taken a fork
3716 76 has taken a fork
3716 76 is eating
3717 160 is thinking
3717 158 is thinking
3717 159 is sleeping
3717 52 is thinking
3717 52 has taken a fork
3717 52 has taken a fork
3717 52 is eating
3717 158 has taken a fork
3717 158 has taken a fork
3717 158 is eating
3717 160 has taken a fork
3717 160 has taken a fork
3717 160 is eating
3802 174 is sleeping
3803 26 is sleeping
3803 64 is sleeping
3804 34 is sleeping
3804 24 is sleeping
3804 16 is sleeping
3805 44 is sleeping
3805 122 is sleeping
3805 172 is sleeping
3805 2 is sleeping
3805 182 is sleeping
3805 28 is sleeping
3805 4 is sleeping
3806 112 is sleeping
3806 184 is sleeping
3806 94 is sleeping
3806 148 is sleeping
3807 42 is sleeping
3807 146 is sleeping
3807 142 is sleeping
3807 154 is sleeping
3807 156 is sleeping
3807 144 is sleeping
3807 20 is sleeping
3808 96 is sleeping
3808 194 is sleeping
3808 22 is sleeping
3808 166 is sleeping
3808 124 is sleeping
3808 132 is sleeping
3808 180 is sleeping
3808 92 is sleeping
3808 130 is sleeping
3808 188 is sleeping
3808 14 is sleeping
3808 60 is sleeping
3808 38 is sleeping
3808 128 is sleeping
3808 98 is sleeping
3809 90 is sleeping
3809 88 is sleeping
3809 32 is sleeping
3809 114 is sleeping
3809 62 is sleeping
3809 84 is sleeping
3809 40 is sleeping
3809 170 is sleeping
3809 140 is sleeping
3809 164 is sleeping
3809 6 is sleeping
3809 50 is sleeping
3809 200 is sleeping
3809 198 is sleeping
3809 152 is sleeping
3809 106 is sleeping
3809 54 is sleeping
3810 110 is sleeping
3810 80 is sleeping
3810 116 is sleeping
3810 102 is sleeping
3810 46 is sleeping
3810 48 is sleeping
3810 72 is sleeping
3810 18 is sleeping
3810 66 is sleeping
3810 134 is sleeping
3811 8 is sleeping
3811 36 is sleeping
3811 30 is sleeping
3811 178 is sleeping
3811 176 is sleeping
3812 104 is sleeping
3812 168 is sleeping
3812 100 is sleeping
3812 74 is sleeping
3812 162 is sleeping
3812 68 is sleeping
3812 120 is sleeping
3813 108 is sleeping
3813 150 is sleeping
3813 70 is sleeping
3814 10 is sleeping
3814 190 is sleeping
3814 192 is sleeping
3814 118 is sleeping
3815 12 is sleeping
3815 196 is sleeping
3815 78 is sleeping
3815 138 is sleeping
3815 56 is sleeping
3815 86 is sleeping
3815 136 is sleeping
3815 58 is sleeping
3815 186 is sleeping
3815 82 is sleeping
3815 126 is sleeping
3816 76 is sleeping
3817 52 is sleeping
3817 160 is sleeping
3817 158 is sleeping
3900 7 is thinking
3900 7 has taken a fork
3900 7 has taken a fork
3900 7 is eating
3900 85 is thinking
3900 85 has taken a fork
3900 85 has taken a fork
3900 85 is eating
3900 107 is thinking
3900 107 has taken a fork
3900 107 has taken a fork
3900 107 is eating
3900 93 is thinking
3900 93 has taken a fork
3900 93 has taken a fork
3900 93 is eating
3900 111 is thinking
3900 111 has taken a fork
3900 111 has taken a fork
3900 111 is eating
3900 65 is thinking
3900 65 has taken a fork
3900 65 has taken a fork
3900 65 is eating
3900 73 is thinking
3900 73 has taken a fork
3900 73 has taken a fork
3900 73 is eating
3901 175 is thinking
3901 175 has taken a fork
3901 175 has taken a fork
3901 175 is eating
3901 27 is thinking
3901 27 has taken a fork
3901 27 has taken a fork
3901 27 is eating
3901 129 is thinking
3901 129 has taken a fork
3901 129 has taken a fork
3901 129 is eating
3901 123 is thinking
3901 123 has taken a fork
3901 123 has taken a fork
3901 123 is eating
3901 139 is thinking
3901 139 has taken a fork
3901 139 has taken a fork
3901 139 is eating
3901 141 is thinking
3901 141 has taken a fork
3901 141 has taken a fork
3901 141 is eating
3901 105 is thinking
3901 105 has taken a fork
3901 105 has taken a fork
3901 105 is eating
3901 117 is thinking
3901 117 has taken a fork
3901 117 has taken a fork
3901 117 is eating
3901 189 is thinking
3901 189 has taken a fork
3901 189 has taken a fork
3901 189 is eating
3902 157 is thinking
3902 157 has taken a fork
3902 157 has taken a fork
3902 157 is eating
3902 3 is thinking
3902 3 has taken a fork
3902 3 has taken a fork
3902 3 is eating
3902 25 is thinking
3902 25 has taken a fork
3902 25 has taken a fork
3902 25 is eating
3902 101 is thinking
3902 101 has taken a fork
3902 101 has taken a fork
3902 101 is eating
3902 173 is thinking
3902 173 has taken a fork
3902 173 has taken a fork
3902 173 is eating
3902 23 is thinking
3902 23 has taken a fork
3902 23 has taken a fork
3902 23 is eating
3902 55 is thinking
3902 55 has taken a fork
3902 55 has taken a fork
3902 55 is eating
3902 121 is thinking
3902 121 has taken a fork
3902 121 has taken a fork
3902 121 is eating
3902 197 is thinking
3902 197 has taken a fork
3902 197 has taken a fork
3902 197 is eating
3902 43 is thinking
3902 43 has taken a fork
3902 43 has taken a fork
3902 43 is eating
3903 45 is thinking
3903 45 has taken a fork
3903 45 has taken a fork
3903 45 is eating
3903 171 is thinking
3903 171 has taken a fork
3903 171 has taken a fork
3903 171 is eating
3903 35 is thinking
3903 35 has taken a fork
3903 35 has taken a fork
3903 35 is eating
3903 103 is thinking
3903 103 has taken a fork
3903 103 has taken a fork
3903 103 is eating
3903 109 is thinking
3903 109 has taken a fork
3903 109 has taken a fork
3903 109 is eating
3903 167 is thinking
3903 51 is thinking
3903 51 has taken a fork
3903 51 has taken a fork
3903 51 is eating
3903 185 is thinking
3903 185 has taken a fork
3903 185 has taken a fork
3903 185 is eating
3903 89 is thinking
3903 89 has taken a fork
3903 89 has taken a fork
3903 89 is eating
3903 63 is thinking
3903 63 has taken a fork
3903 63 has taken a fork
3903 63 is eating
3903 167 has taken a fork
3903 167 has taken a fork
3903 167 is eating
3903 41 is thinking
3903 41 has taken a fork
3903 41 has taken a fork
3903 41 is eating
3904 39 is thinking
3904 39 has taken a fork
3904 39 has taken a fork
3904 39 is eating
3904 37 is thinking
3904 37 has taken a fork
3904 37 has taken a fork
3904 37 is eating
3904 181 is thinking
3904 181 has taken a fork
3904 181 has taken a fork
3904 181 is eating
3904 75 is thinking
3904 75 has taken a fork
3904 75 has taken a fork
3904 75 is eating
3904 33 is thinking
3904 33 has taken a fork
3904 33 has taken a fork
3904 33 is eating
3904 151 is thinking
3904 151 has taken a fork
3904 151 has taken a fork
3904 151 is eating
3904 179 is thinking
3904 179 has taken a fork
3904 179 has taken a fork
3904 179 is eating
3904 21 is thinking
3904 21 has taken a fork
3904 21 has taken a fork
3904 21 is eating
3904 1 is thinking
3904 1 has taken a fork
3904 1 has taken a fork
3904 1 is eating
3904 15 is thinking
3904 15 has taken a fork
3904 15 has taken a fork
3904 15 is eating
3904 177 is thinking
3904 177 has taken a fork
3904 177 has taken a fork
3904 177 is eating
3904 29 is thinking
3904 147 is thinking
3904 29 has taken a fork
3904 29 has taken a fork
3904 29 is eating
3904 147 has taken a fork
3904 147 has taken a fork
3904 147 is eating
3904 113 is thinking
3904 113 has taken a fork
3904 113 has taken a fork
3904 113 is eating
3905 145 is thinking
3905 145 has taken a fork
3905 145 has taken a fork
3905 145 is eating
3905 17 is thinking
3905 17 has taken a fork
3905 17 has taken a fork
3905 17 is eating
3905 195 is thinking
3905 195 has taken a fork
3905 195 has taken a fork
3905 195 is eating
3905 97 is thinking
3905 97 has taken a fork
3905 97 has taken a fork
3905 97 is eating
3905 149 is thinking
3905 87 is thinking
3905 87 has taken a fork
3905 87 has taken a fork
3905 87 is eating
3905 149 has taken a fork
3905 149 has taken a fork
3905 149 is eating
3905 99 is thinking
3905 99 has taken a fork
3905 99 has taken a fork
3905 99 is eating
3905 125 is thinking
3905 125 has taken a fork
3905 125 has taken a fork
3905 125 is eating
3905 169 is thinking
3905 169 has taken a fork
3905 169 has taken a fork
3905 169 is eating
3905 135 is thinking
3905 135 has taken a fork
3905 135 has taken a fork
3905 135 is eating
3905 59 is thinking
3905 59 has taken a fork
3905 59 has taken a fork
3905 59 is eating
3905 5 is thinking
3905 5 has taken a fork
3905 5 has taken a fork
3905 5 is eating
3905 71 is thinking
3905 71 has taken a fork
3905 71 has taken a fork
3905 71 is eating
3905 9 is thinking
3905 9 has taken a fork
3905 9 has taken a fork
3905 9 is eating
3905 193 is thinking
3905 193 has taken a fork
3905 193 has taken a fork
3905 193 is eating
3905 13 is thinking
3905 13 has taken a fork
3905 13 has taken a fork
3905 13 is eating
3905 31 is thinking
3905 31 has taken a fork
3905 31 has taken a fork
3905 31 is eating
3905 95 is thinking
3905 95 has taken a fork
3905 95 has taken a fork
3905 95 is eating
3906 19 is thinking
3906 19 has taken a fork
3906 19 has taken a fork
3906 19 is eating
3906 115 is thinking
3906 115 has taken a fork
3906 115 has taken a fork
3906 115 is eating
3906 155 is thinking
3906 155 has taken a fork
3906 155 has taken a fork
3906 155 is eating
3906 161 is thinking
3906 161 has taken a fork
3906 161 has taken a fork
3906 161 is eating
3906 53 is thinking
3906 53 has taken a fork
3906 53 has taken a fork
3906 53 is eating
3906 183 is thinking
3906 183 has taken a fork
3906 183 has taken a fork
3906 183 is eating
3906 127 is thinking
3906 127 has taken a fork
3906 127 has taken a fork
3906 127 is eating
3906 133 is thinking
3906 133 has taken a fork
3906 133 has taken a fork
3906 133 is eating
3906 79 is thinking
3906 79 has taken a fork
3906 79 has taken a fork
3906 79 is eating
3906 153 is thinking
3906 153 has taken a fork
3906 153 has taken a fork
3906 153 is eating
3906 187 is thinking
3906 187 has taken a fork
3906 187 has taken a fork
3906 187 is eating
3906 47 is thinking
3906 47 has taken a fork
3906 47 has taken a fork
3906 47 is eating
3906 165 is thinking
3906 165 has taken a fork
3906 165 has taken a fork
3906 165 is eating
3906 163 is thinking
3906 163 has taken a fork
3906 163 has taken a fork
3906 163 is eating
3906 57 is thinking
3906 57 has taken a fork
3906 57 has taken a fork
3906 57 is eating
3907 143 is thinking
3907 143 has taken a fork
3907 143 has taken a fork
3907 143 is eating
3907 61 is thinking
3907 61 has taken a fork
3907 61 has taken a fork
3907 61 is eating
3907 83 is thinking
3907 131 is thinking
3907 131 has taken a fork
3907 131 has taken a fork
3907 131 is eating
3907 83 has taken a fork
3907 83 has taken a fork
3907 83 is eating
3907 49 is thinking
3907 49 has taken a fork
3907 49 has taken a fork
3907 49 is eating
3907 199 is thinking
3907 199 has taken a fork
3907 199 has taken a fork
3907 199 is eating
3908 91 is thinking
3908 91 has taken a fork
3908 91 has taken a fork
3908 91 is eating
3908 67 is thinking
3908 67 has taken a fork
3908 67 has taken a fork
3908 67 is eating
3910 81 is thinking
3910 81 has taken a fork
3910 81 has taken a fork
3910 81 is eating
3912 119 is thinking
3912 69 is thinking
3912 69 has taken a fork
3912 69 has taken a fork
3912 69 is eating
3912 119 has taken a fork
3912 119 has taken a fork
3912 119 is eating
3913 11 is thinking
3913 11 has taken a fork
3913 11 has taken a fork
3913 11 is eating
3913 191 is thinking
3913 191 has taken a fork
3913 191 has taken a fork
3913 191 is eating
3914 77 is thinking
3914 77 has taken a fork
3914 77 has taken a fork
3914 77 is eating
3914 137 is thinking
3914 137 has taken a fork
3914 137 has taken a fork
3914 137 is eating
3917 159 is thinking
3917 159 has taken a fork
3917 159 has taken a fork
3917 159 is eating
4000 65 is sleeping
4000 73 is sleeping
4000 111 is sleeping
4000 93 is sleeping
4000 85 is sleeping
4000 107 is sleeping
4000 7 is sleeping
4001 105 is sleeping
4001 27 is sleeping
4001 141 is sleeping
4001 117 is sleeping
4001 123 is sleeping
4001 139 is sleeping
4001 189 is sleeping
4001 129 is sleeping
4002 43 is sleeping
4002 175 is sleeping
4002 23 is sleeping
4002 121 is sleeping
4002 173 is sleeping
4002 174 is thinking
4002 174 has taken a fork
4002 174 has taken a fork
4002 174 is eating
4002 197 is sleeping
4002 3 is sleeping
4002 157 is sleeping
4002 55 is sleeping
4003 64 is thinking
4003 35 is sleeping
4003 51 is sleeping
4003 41 is sleeping
4003 167 is sleeping
4003 103 is sleeping
4003 63 is sleeping
4003 109 is sleeping
4003 26 is thinking
4003 26 has taken a fork
4003 26 has taken a fork
4003 26 is eating
4003 45 is sleeping
4003 171 is sleeping
4003 185 is sleeping
4003 64 has taken a fork
4003 64 has taken a fork
4003 64 is eating
4003 89 is sleeping
4003 25 is sleeping
4004 24 is thinking
4004 24 has taken a fork
4004 24 has taken a fork
4004 24 is eating
4004 177 is sleeping
4004 75 is sleeping
4004 34 is thinking
4004 147 is sleeping
4004 37 is sleeping
4004 101 is sleeping
4004 29 is sleeping
4004 16 is thinking
4004 39 is sleeping
4004 179 is sleeping
4004 1 is sleeping
4004 151 is sleeping
4004 113 is sleeping
4004 34 has taken a fork
4004 34 has taken a fork
4004 34 is eating
4004 181 is sleeping
4005 13 is sleeping
4005 4 is thinking
4005 195 is sleeping
4005 17 is sleeping
4005 95 is sleeping
4005 2 is thinking
4005 2 has taken a fork
4005 2 has taken a fork
4005 2 is eating
4005 33 is sleeping
4005 182 is thinking
4005 16 has taken a fork
4005 16 has taken a fork
4005 16 is eating
4005 28 is thinking
4005 28 has taken a fork
4005 28 has taken a fork
4005 28 is eating
4005 44 is thinking
4005 125 is sleeping
4005 122 is thinking
4005 122 has taken a fork
4005 122 has taken a fork
4005 122 is eating
4005 44 has taken a fork
4005 44 has taken a fork
4005 44 is eating
4005 193 is sleeping
4005 169 is sleeping
4005 99 is sleeping
4005 59 is sleeping
4005 71 is sleeping
4005 135 is sleeping
4005 87 is sleeping
4005 31 is sleeping
4005 4 has taken a fork
4005 4 has taken a fork
4005 4 is eating
4005 172 is thinking
4005 172 has taken a fork
4005 172 has taken a fork
4005 172 is eating
4005 145 is sleeping
4005 15 is sleeping
4005 21 is sleeping
4005 149 is sleeping
4006 5 is sleeping
4006 161 is sleeping
4006 9 is sleeping
4006 165 is sleeping
4006 153 is sleeping
4006 133 is sleeping
4006 163 is sleeping
4006 187 is sleeping
4006 155 is sleeping
4006 148 is thinking
4006 148 has taken a fork
4006 148 has taken a fork
4006 148 is eating
4006 184 is thinking
4006 79 is sleeping
4006 47 is sleeping
4006 94 is thinking
4006 115 is sleeping
4006 94 has taken a fork
4006 94 has taken a fork
4006 94 is eating
4006 184 has taken a fork
4006 184 has taken a fork
4006 184 is eating
4006 182 has taken a fork
4006 182 has taken a fork
4006 182 is eating
4006 19 is sleeping
4006 112 is thinking
4006 112 has taken a fork
4006 112 has taken a fork
4006 112 is eating
4006 127 is sleeping
4006 183 is sleeping
4006 57 is sleeping
4006 97 is sleeping
4006 53 is sleeping
4007 20 is thinking
4007 146 is thinking
4007 146 has taken a fork
4007 146 has taken a fork
4007 146 is eating
4007 49 is sleeping
4007 20 has taken a fork
4007 20 has taken a fork
4007 20 is eating
4007 156 is thinking
4007 156 has taken a fork
4007 156 has taken a fork
4007 156 is eating
4007 61 is sleeping
4007 154 is thinking
4007 154 has taken a fork
4007 154 has taken a fork
4007 154 is eating
4007 131 is sleeping
4007 42 is thinking
4007 42 has taken a fork
4007 42 has taken a fork
4007 42 is eating
4007 144 is thinking
4007 142 is thinking
4007 199 is sleeping
4007 83 is sleeping
4007 143 is sleeping
4007 144 has taken a fork
4007 144 has taken a fork
4007 144 is eating
4007 142 has taken a fork
4007 142 has taken a fork
4007 142 is eating
4008 60 is thinking
4008 60 has taken a fork
4008 60 has taken a fork
4008 60 is eating
4008 200 is thinking
4008 200 has taken a fork
4008 200 has taken a fork
4008 200 is eating
4008 106 is thinking
4008 106 has taken a fork
4008 106 has taken a fork
4008 106 is eating
4008 152 is thinking
4008 166 is thinking
4008 180 is thinking
4008 180 has taken a fork
4008 180 has taken a fork
4008 180 is eating
4008 130 is thinking
4008 130 has taken a fork
4008 130 has taken a fork
4008 130 is eating
4008 22 is thinking
4008 22 has taken a fork
4008 22 has taken a fork
4008 22 is eating
4008 50 is thinking
4008 50 has taken a fork
4008 50 has taken a fork
4008 50 is eating
4008 54 is thinking
4008 54 has taken a fork
4008 54 has taken a fork
4008 54 is eating
4008 128 is thinking
4008 128 has taken a fork
4008 128 has taken a fork
4008 128 is eating
4008 98 is thinking
4008 98 has taken a fork
4008 98 has taken a fork
4008 98 is eating
4008 14 is thinking
4008 152 has taken a fork
4008 152 has taken a fork
4008 152 is eating
4008 188 is thinking
4008 188 has taken a fork
4008 188 has taken a fork
4008 188 is eating
4008 91 is sleeping
4008 194 is thinking
4008 124 is thinking
4008 124 has taken a fork
4008 124 has taken a fork
4008 124 is eating
4008 14 has taken a fork
4008 14 has taken a fork
4008 14 is eating
4008 96 is thinking
4009 96 has taken a fork
4009 96 has taken a fork
4009 96 is eating
4009 170 is thinking
4009 170 has taken a fork
4009 170 has taken a fork
4009 170 is eating
4009 164 is thinking
4009 164 has taken a fork
4009 164 has taken a fork
4009 164 is eating
4009 114 is thinking
4009 114 has taken a fork
4009 114 has taken a fork
4009 114 is eating
4009 6 is thinking
4009 140 is thinking
4009 140 has taken a fork
4009 140 has taken a fork
4009 140 is eating
4009 67 is sleeping
4009 6 has taken a fork
4009 6 has taken a fork
4009 6 is eating
4009 62 is thinking
4009 62 has taken a fork
4009 62 has taken a fork
4009 62 is eating
4009 90 is thinking
4009 90 has taken a fork
4009 90 has taken a fork
4009 90 is eating
4009 166 has taken a fork
4009 166 has taken a fork
4009 166 is eating
4009 92 is thinking
4009 92 has taken a fork
4009 92 has taken a fork
4009 92 is eating
4009 194 has taken a fork
4009 194 has taken a fork
4009 194 is eating
4010 66 is thinking
4010 66 has taken a fork
4010 66 has taken a fork
4010 66 is eating
4010 102 is thinking
4010 102 has taken a fork
4010 102 has taken a fork
4010 102 is eating
4010 46 is thinking
4010 46 has taken a fork
4010 46 has taken a fork
4010 46 is eating
4010 81 is sleeping
4010 18 is thinking
4010 18 has taken a fork
4010 18 has taken a fork
4010 18 is eating
4010 132 is thinking
4010 132 has taken a fork
4010 132 has taken a fork
4010 132 is eating
4010 88 is thinking
4010 88 has taken a fork
4010 88 has taken a fork
4010 88 is eating
4010 84 is thinking
4010 84 has taken a fork
4010 84 has taken a fork
4010 84 is eating
4010 134 is thinking
4010 134 has taken a fork
4010 134 has taken a fork
4010 134 is eating
4010 80 is thinking
4010 80 has taken a fork
4010 80 has taken a fork
4010 80 is eating
4010 38 is thinking
4010 38 has taken a fork
4010 38 has taken a fork
4010 38 is eating
4010 116 is thinking
4010 116 has taken a fork
4010 116 has taken a fork
4010 116 is eating
4010 72 is thinking
4010 72 has taken a fork
4010 72 has taken a fork
4010 72 is eating
4010 40 is thinking
4010 40 has taken a fork
4010 40 has taken a fork
4010 40 is eating
4010 110 is thinking
4010 110 has taken a fork
4010 110 has taken a fork
4010 110 is eating
4010 48 is thinking
4010 48 has taken a fork
4010 48 has taken a fork
4010 48 is eating
4010 198 is thinking
4010 198 has taken a fork
4010 198 has taken a fork
4010 198 is eating
4010 32 is thinking
4010 32 has taken a fork
4010 32 has taken a fork
4010 32 is eating
4011 178 is thinking
4011 178 has taken a fork
4011 178 has taken a fork
4011 178 is eating
4011 30 is thinking
4011 30 has taken a fork
4011 30 has taken a fork
4011 30 is eating
4011 36 is thinking
4011 36 has taken a fork
4011 36 has taken a fork
4011 36 is eating
4011 176 is thinking
4011 176 has taken a fork
4011 176 has taken a fork
4011 176 is eating
4011 8 is thinking
4011 8 has taken a fork
4011 8 has taken a fork
4011 8 is eating
4012 68 is thinking
4012 74 is thinking
4012 74 has taken a fork
4012 74 has taken a fork
4012 74 is eating
4012 69 is sleeping
4012 120 is thinking
4012 68 has taken a fork
4012 68 has taken a fork
4012 68 is eating
4012 162 is thinking
4012 162 has taken a fork
4012 162 has taken a fork
4012 162 is eating
4012 100 is thinking
4012 100 has taken a fork
4012 100 has taken a fork
4012 100 is eating
4012 168 is thinking
4012 168 has taken a fork
4012 168 has taken a fork
4012 168 is eating
4012 104 is thinking
4012 104 has taken a fork
4012 104 has taken a fork
4012 104 is eating
4012 119 is sleeping
4012 120 has taken a fork
4012 120 has taken a fork
4012 120 is eating
4013 191 is sleeping
4013 70 is thinking
4013 70 has taken a fork
4013 70 has taken a fork
4013 70 is eating
4013 108 is thinking
4013 108 has taken a fork
4013 108 has taken a fork
4013 108 is eating
4013 11 is sleeping
4013 150 is thinking
4013 150 has taken a fork
4013 150 has taken a fork
4013 150 is eating
4014 192 is thinking
4014 192 has taken a fork
4014 192 has taken a fork
4014 192 is eating
4014 10 is thinking
4014 10 has taken a fork
4014 10 has taken a fork
4014 10 is eating
4014 137 is sleeping
4014 77 is sleeping
4014 118 is thinking
4014 118 has taken a fork
4014 118 has taken a fork
4014 118 is eating
4015 126 is thinking
4015 136 is thinking
4015 136 has taken a fork
4015 136 has taken a fork
4015 136 is eating
4015 126 has taken a fork
4015 126 has taken a fork
4015 126 is eating
4015 86 is thinking
4015 86 has taken a fork
4015 86 has taken a fork
4015 86 is eating
4015 56 is thinking
4015 56 has taken a fork
4015 56 has taken a fork
4015 56 is eating
4015 196 is thinking
4015 196 has taken a fork
4015 196 has taken a fork
4015 196 is eating
4015 138 is thinking
4015 138 has taken a fork
4015 138 has taken a fork
4015 138 is eating
4015 12 is thinking
4015 12 has taken a fork
4015 12 has taken a fork
4015 12 is eating
4015 82 is thinking
4015 82 has taken a fork
4015 82 has taken a fork
4015 82 is eating
4015 58 is thinking
4015 58 has taken a fork
4015 58 has taken a fork
4015 58 is eating
4015 186 is thinking
4015 186 has taken a fork
4015 186 has taken a fork
4015 186 is eating
4015 78 is thinking
4015 78 has taken a fork
4015 78 has taken a fork
4015 78 is eating
4016 76 is thinking
4016 76 has taken a fork
4016 76 has taken a fork
4016 76 is eating
4016 190 is thinking
4016 190 has taken a fork
4016 190 has taken a fork
4016 190 is eating
4017 160 is thinking
4017 52 is thinking
4017 52 has taken a fork
4017 52 has taken a fork
4017 52 is eating
4017 158 is thinking
4017 158 has taken a fork
4017 158 has taken a fork
4017 158 is eating
4018 159 is sleeping
4018 160 has taken a fork
4018 160 has taken a fork
4018 160 is eating
4102 174 is sleeping
4103 26 is sleeping
4103 64 is sleeping
4104 24 is sleeping
4104 34 is sleeping
4105 122 is sleeping
4105 44 is sleeping
4105 16 is sleeping
4105 2 is sleeping
4105 172 is sleeping
4105 28 is sleeping
4105 4 is sleeping
4106 148 is sleeping
4106 112 is sleeping
4106 184 is sleeping
4106 182 is sleeping
4106 94 is sleeping
4107 42 is sleeping
4107 142 is sleeping
4107 154 is sleeping
4107 144 is sleeping
4107 156 is sleeping
4107 20 is sleeping
4107 146 is sleeping
4108 14 is sleeping
4108 60 is sleeping
4108 180 is sleeping
4108 188 is sleeping
4108 98 is sleeping
4108 130 is sleeping
4108 124 is sleeping
4108 50 is sleeping
4108 106 is sleeping
4108 152 is sleeping
4109 54 is sleeping
4109 92 is sleeping
4109 194 is sleeping
4109 6 is sleeping
4109 114 is sleeping
4109 170 is sleeping
4109 140 is sleeping
4109 164 is sleeping
4109 62 is sleeping
4109 200 is sleeping
4109 90 is sleeping
4109 166 is sleeping
4110 48 is sleeping
4110 72 is sleeping
4110 84 is sleeping
4110 88 is sleeping
4110 96 is sleeping
4110 38 is sleeping
4110 32 is sleeping
4110 102 is sleeping
4110 110 is sleeping
4110 198 is sleeping
4110 128 is sleeping
4110 22 is sleeping
4110 116 is sleeping
4110 40 is sleeping
4110 18 is sleeping
4110 132 is sleeping
4110 134 is sleeping
4110 46 is sleeping
4110 80 is sleeping
4110 66 is sleeping
4111 176 is sleeping
4111 30 is sleeping
4111 36 is sleeping
4111 8 is sleeping
4112 68 is sleeping
4112 178 is sleeping
4112 104 is sleeping
4112 100 is sleeping
4112 162 is sleeping
4112 168 is sleeping
4112 74 is sleeping
4112 120 is sleeping
4113 150 is sleeping
4113 108 is sleeping
4113 70 is sleeping
4114 118 is sleeping
4114 10 is sleeping
4114 192 is sleeping
4115 136 is sleeping
4115 12 is sleeping
4115 58 is sleeping
4115 82 is sleeping
4115 186 is sleeping
4115 78 is sleeping
4115 56 is sleeping
4115 126 is sleeping
4115 196 is sleeping
4115 138 is sleeping
4115 86 is sleeping
4116 190 is sleeping
4116 76 is sleeping
4117 158 is sleeping
4117 52 is sleeping
4118 160 is sleeping
4200 73 is thinking
4200 73 has taken a fork
4200 73 has taken a fork
4200 73 is eating
4200 85 is thinking
4200 85 has taken a fork
4200 85 has taken a fork
4200 85 is eating
4200 7 is thinking
4200 7 has taken a fork
4200 7 has taken a fork
4200 7 is eating
4200 65 is thinking
4200 65 has taken a fork
4200 65 has taken a fork
4200 65 is eating
4200 107 is thinking
4200 107 has taken a fork
4200 107 has taken a fork
4200 107 is eating
4201 175 is thinking
4201 175 has taken a fork
4201 175 has taken a fork
4201 175 is eating
4201 27 is thinking
4201 27 has taken a fork
4201 27 has taken a fork
4201 27 is eating
4201 105 is thinking
4201 105 has taken a fork
4201 105 has taken a fork
4201 105 is eating
4201 141 is thinking
4201 141 has taken a fork
4201 141 has taken a fork
4201 141 is eating
4201 129 is thinking
4201 129 has taken a fork
4201 129 has taken a fork
4201 129 is eating
4201 123 is thinking
4201 123 has taken a fork
4201 123 has taken a fork
4201 123 is eating
4201 189 is thinking
4201 189 has taken a fork
4201 189 has taken a fork
4201 189 is eating
4201 117 is thinking
4201 117 has taken a fork
4201 117 has taken a fork
4201 117 is eating
4201 111 is thinking
4201 111 has taken a fork
4201 111 has taken a fork
4201 111 is eating
4202 25 is thinking
4202 25 has taken a fork
4202 25 has taken a fork
4202 25 is eating
4202 23 is thinking
4202 23 has taken a fork
4202 23 has taken a fork
4202 23 is eating
4202 173 is thinking
4202 173 has taken a fork
4202 173 has taken a fork
4202 173 is eating
4202 101 is thinking
4202 101 has taken a fork
4202 101 has taken a fork
4202 101 is eating
4202 121 is thinking
4202 121 has taken a fork
4202 121 has taken a fork
4202 121 is eating
4202 43 is thinking
4202 43 has taken a fork
4202 43 has taken a fork
4202 43 is eating
4203 35 is thinking
4203 35 has taken a fork
4203 35 has taken a fork
4203 35 is eating
4203 63 is thinking
4203 63 has taken a fork
4203 63 has taken a fork
4203 63 is eating
4203 89 is thinking
4203 89 has taken a fork
4203 89 has taken a fork
4203 89 is eating
4203 103 is thinking
4203 93 is thinking
4203 197 is thinking
4203 93 has taken a fork
4203 93 has taken a fork
4203 93 is eating
4203 45 is thinking
4203 3 is thinking
4203 3 has taken a fork
4203 3 has taken a fork
4203 3 is eating
4203 45 has taken a fork
4203 45 has taken a fork
4203 45 is eating
4203 185 is thinking
4203 185 has taken a fork
4203 185 has taken a fork
4203 185 is eating
4203 171 is thinking
4203 171 has taken a fork
4203 171 has taken a fork
4203 171 is eating
4203 41 is thinking
4203 41 has taken a fork
4203 41 has taken a fork
4203 41 is eating
4203 109 is thinking
4203 109 has taken a fork
4203 109 has taken a fork
4203 109 is eating
4203 157 is thinking
4203 157 has taken a fork
4203 157 has taken a fork
4203 157 is eating
4203 103 has taken a fork
4203 103 has taken a fork
4203 103 is eating
4203 51 is thinking
4203 51 has taken a fork
4203 51 has taken a fork
4203 51 is eating
4204 37 is thinking
4204 37 has taken a fork
4204 37 has taken a fork
4204 37 is eating
4204 181 is thinking
4204 181 has taken a fork
4204 181 has taken a fork
4204 181 is eating
4204 179 is thinking
4204 179 has taken a fork
4204 179 has taken a fork
4204 179 is eating
4204 177 is thinking
4204 177 has taken a fork
4204 177 has taken a fork
4204 177 is eating
4204 147 is thinking
4204 147 has taken a fork
4204 147 has taken a fork
4204 147 is eating
4204 29 is thinking
4204 29 has taken a fork
4204 29 has taken a fork
4204 29 is eating
4204 55 is thinking
4204 55 has taken a fork
4204 55 has taken a fork
4204 55 is eating
4204 167 is thinking
4204 167 has taken a fork
4204 167 has taken a fork
4204 167 is eating
4204 197 has taken a fork
4204 197 has taken a fork
4204 197 is eating
4204 33 is thinking
4204 33 has taken a fork
4204 33 has taken a fork
4204 33 is eating
4204 21 is thinking
4205 21 has taken a fork
4205 21 has taken a fork
4205 21 is eating
4205 125 is thinking
4205 193 is thinking
4205 125 has taken a fork
4205 125 has taken a fork
4205 125 is eating
4205 5 is thinking
4205 5 has taken a fork
4205 5 has taken a fork
4205 5 is eating
4205 15 is thinking
4205 15 has taken a fork
4205 15 has taken a fork
4205 15 is eating
4205 17 is thinking
4205 169 is thinking
4205 169 has taken a fork
4205 169 has taken a fork
4205 169 is eating
4205 145 is thinking
4205 145 has taken a fork
4205 145 has taken a fork
4205 145 is eating
4205 87 is thinking
4205 87 has taken a fork
4205 87 has taken a fork
4205 87 is eating
4205 97 is thinking
4205 97 has taken a fork
4205 97 has taken a fork
4205 97 is eating
4205 13 is thinking
4205 13 has taken a fork
4205 13 has taken a fork
4205 13 is eating
4205 139 is thinking
4205 149 is thinking
4205 149 has taken a fork
4205 149 has taken a fork
4205 149 is eating
4205 95 is thinking
4205 95 has taken a fork
4205 95 has taken a fork
4205 95 is eating
4205 59 is thinking
4205 59 has taken a fork
4205 59 has taken a fork
4205 59 is eating
4205 71 is thinking
4205 9 is thinking
4205 151 is thinking
4205 151 has taken a fork
4205 151 has taken a fork
4205 151 is eating
4205 71 has taken a fork
4205 71 has taken a fork
4205 71 is eating
4205 17 has taken a fork
4205 17 has taken a fork
4205 17 is eating
4205 99 is thinking
4205 135 is thinking
4205 135 has taken a fork
4205 135 has taken a fork
4205 135 is eating
4205 139 has taken a fork
4205 139 has taken a fork
4205 139 is eating
4205 195 is thinking
4205 195 has taken a fork
4205 195 has taken a fork
4205 195 is eating
4205 193 has taken a fork
4205 193 has taken a fork
4205 193 is eating
4205 1 is thinking
4205 1 has taken a fork
4205 1 has taken a fork
4205 1 is eating
4205 75 is thinking
4205 75 has taken a fork
4205 75 has taken a fork
4205 75 is eating
4205 39 is thinking
4206 133 is thinking
4206 133 has taken a fork
4206 133 has taken a fork
4206 133 is eating
4206 47 is thinking
4206 47 has taken a fork
4206 47 has taken a fork
4206 47 is eating
4206 115 is thinking
4206 115 has taken a fork
4206 115 has taken a fork
4206 115 is eating
4206 19 is thinking
4206 19 has taken a fork
4206 19 has taken a fork
4206 19 is eating
4206 53 is thinking
4206 53 has taken a fork
4206 53 has taken a fork
4206 53 is eating
4206 153 is thinking
4206 153 has taken a fork
4206 153 has taken a fork
4206 153 is eating
4206 99 has taken a fork
4206 99 has taken a fork
4206 99 is eating
4206 127 is thinking
4206 127 has taken a fork
4206 127 has taken a fork
4206 127 is eating
4206 161 is thinking
4206 161 has taken a fork
4206 161 has taken a fork
4206 161 is eating
4206 155 is thinking
4206 155 has taken a fork
4206 155 has taken a fork
4206 155 is eating
4206 9 has taken a fork
4206 9 has taken a fork
4206 9 is eating
4206 31 is thinking
4206 31 has taken a fork
4206 31 has taken a fork
4206 31 is eating
4206 187 is thinking
4206 187 has taken a fork
4206 187 has taken a fork
4206 187 is eating
4206 79 is thinking
4206 79 has taken a fork
4206 79 has taken a fork
4206 79 is eating
4206 165 is thinking
4206 165 has taken a fork
4206 165 has taken a fork
4206 165 is eating
4206 163 is thinking
4206 163 has taken a fork
4206 163 has taken a fork
4206 163 is eating
4206 183 is thinking
4206 183 has taken a fork
4206 183 has taken a fork
4206 183 is eating
4206 39 has taken a fork
4206 39 has taken a fork
4206 39 is eating
4206 113 is thinking
4206 113 has taken a fork
4206 113 has taken a fork
4206 113 is eating
4206 57 is thinking
4206 57 has taken a fork
4206 57 has taken a fork
4206 57 is eating
4207 199 is thinking
4207 199 has taken a fork
4207 199 has taken a fork
4207 199 is eating
4207 143 is thinking
4207 143 has taken a fork
4207 143 has taken a fork
4207 143 is eating
4207 49 is thinking
4207 49 has taken a fork
4207 49 has taken a fork
4207 49 is eating
4207 61 is thinking
4207 61 has taken a fork
4207 61 has taken a fork
4207 61 is eating
4207 83 is thinking
4207 83 has taken a fork
4207 83 has taken a fork
4207 83 is eating
4207 131 is thinking
4207 131 has taken a fork
4207 131 has taken a fork
4207 131 is eating
4208 67 is thinking
4208 67 has taken a fork
4208 67 has taken a fork
4208 67 is eating
4208 91 is thinking
4208 91 has taken a fork
4208 91 has taken a fork
4208 91 is eating
4210 81 is thinking
4210 81 has taken a fork
4210 81 has taken a fork
4210 81 is eating
4212 69 is thinking
4212 69 has taken a fork
4212 69 has taken a fork
4212 69 is eating
4213 191 is thinking
4213 191 has taken a fork
4213 191 has taken a fork
4213 191 is eating
4213 119 is thinking
4213 119 has taken a fork
4213 119 has taken a fork
4213 119 is eating
4213 11 is thinking
4213 11 has taken a fork
4213 11 has taken a fork
4213 11 is eating
4214 137 is thinking
4214 137 has taken a fork
4214 137 has taken a fork
4214 137 is eating
4214 77 is thinking
4214 77 has taken a fork
4214 77 has taken a fork
4214 77 is eating
4217 159 is thinking
4217 159 has taken a fork
4217 159 has taken a fork
4217 159 is eating
4300 85 is sleeping
4300 107 is sleeping
4300 73 is sleeping
4300 7 is sleeping
4300 65 is sleeping
4301 105 is sleeping
4301 123 is sleeping
4301 129 is sleeping
4301 111 is sleeping
4301 27 is sleeping
4301 175 is sleeping
4301 141 is sleeping
4301 189 is sleeping
4301 117 is sleeping
4302 174 is thinking
4302 25 is sleeping
4302 23 is sleeping
4302 101 is sleeping
4302 173 is sleeping
4302 121 is sleeping
4302 43 is sleeping
4302 174 has taken a fork
4302 174 has taken a fork
4302 174 is eating
4303 89 is sleeping
4303 171 is sleeping
4303 35 is sleeping
4303 45 is sleeping
4303 63 is sleeping
4303 51 is sleeping
4303 26 is thinking
4303 26 has taken a fork
4303 26 has taken a fork
4303 26 is eating
4303 103 is sleeping
4303 64 is thinking
4303 64 has taken a fork
4303 64 has taken a fork
4303 64 is eating
4303 185 is sleeping
4303 109 is sleeping
4303 41 is sleeping
4303 157 is sleeping
4304 147 is sleeping
4304 37 is sleeping
4304 181 is sleeping
4304 29 is sleeping
4304 34 is thinking
4304 177 is sleeping
4304 179 is sleeping
4304 33 is sleeping
4304 3 is sleeping
4304 93 is sleeping
4304 55 is sleeping
4304 24 is thinking
4304 24 has taken a fork
4304 24 has taken a fork
4304 24 is eating
4304 34 has taken a fork
4304 34 has taken a fork
4304 34 is eating
4304 197 is sleeping
4305 2 is thinking
4305 44 is thinking
4305 151 is sleeping
4305 5 is sleeping
4305 125 is sleeping
4305 97 is sleeping
4305 75 is sleeping
4305 1 is sleeping
4305 167 is sleeping
4305 195 is sleeping
4305 44 has taken a fork
4305 44 has taken a fork
4305 44 is eating
4305 2 has taken a fork
4305 2 has taken a fork
4305 2 is eating
4305 15 is sleeping
4305 16 is thinking
4305 16 has taken a fork
4305 16 has taken a fork
4305 16 is eating
4305 13 is sleeping
4305 71 is sleeping
4305 59 is sleeping
4305 17 is sleeping
4305 21 is sleeping
4305 139 is sleeping
4305 149 is sleeping
4305 95 is sleeping
4306 187 is sleeping
4306 163 is sleeping
4306 135 is sleeping
4306 99 is sleeping
4306 183 is sleeping
4306 127 is sleeping
4306 31 is sleeping
4306 112 is thinking
4306 184 is thinking
4306 184 has taken a fork
4306 184 has taken a fork
4306 184 is eating
4306 39 is sleeping
4306 148 is thinking
4306 148 has taken a fork
4306 148 has taken a fork
4306 148 is eating
4306 161 is sleeping
4306 57 is sleeping
4306 47 is sleeping
4306 9 is sleeping
4306 113 is sleeping
4306 169 is sleeping
4306 122 is thinking
4306 122 has taken a fork
4306 122 has taken a fork
4306 122 is eating
4306 145 is sleeping
4306 112 has taken a fork
4306 112 has taken a fork
4306 112 is eating
4306 193 is sleeping
4306 115 is sleeping
4306 4 is thinking
4306 4 has taken a fork
4306 4 has taken a fork
4306 4 is eating
4306 87 is sleeping
4306 172 is thinking
4306 28 is thinking
4306 28 has taken a fork
4306 28 has taken a fork
4306 28 is eating
4306 155 is sleeping
4306 133 is sleeping
4306 172 has taken a fork
4306 172 has taken a fork
4306 172 is eating
4306 79 is sleeping
4306 182 is thinking
4306 182 has taken a fork
4306 182 has taken a fork
4306 182 is eating
4306 153 is sleeping
4306 53 is sleeping
4307 154 is thinking
4307 154 has taken a fork
4307 154 has taken a fork
4307 154 is eating
4307 165 is sleeping
4307 19 is sleeping
4307 94 is thinking
4307 94 has taken a fork
4307 94 has taken a fork
4307 94 is eating
4307 42 is thinking
4307 42 has taken a fork
4307 42 has taken a fork
4307 42 is eating
4307 61 is sleeping
4307 199 is sleeping
4307 131 is sleeping
4307 142 is thinking
4307 20 is thinking
4307 20 has taken a fork
4307 20 has taken a fork
4307 20 is eating
4307 49 is sleeping
4307 156 is thinking
4307 156 has taken a fork
4307 156 has taken a fork
4307 156 is eating
4307 143 is sleeping
4307 144 is thinking
4307 144 has taken a fork
4307 144 has taken a fork
4307 144 is eating
4307 83 is sleeping
4307 142 has taken a fork
4307 142 has taken a fork
4307 142 is eating
4307 146 is thinking
4307 146 has taken a fork
4307 146 has taken a fork
4307 146 is eating
4308 188 is thinking
4308 188 has taken a fork
4308 188 has taken a fork
4308 188 is eating
4308 166 is thinking
4308 166 has taken a fork
4308 166 has taken a fork
4308 166 is eating
4308 124 is thinking
4308 98 is thinking
4308 98 has taken a fork
4308 98 has taken a fork
4308 98 is eating
4308 152 is thinking
4308 152 has taken a fork
4308 152 has taken a fork
4308 152 is eating
4308 130 is thinking
4308 130 has taken a fork
4308 130 has taken a fork
4308 130 is eating
4308 180 is thinking
4308 91 is sleeping
4308 180 has taken a fork
4308 180 has taken a fork
4308 180 is eating
4308 54 is thinking
4308 54 has taken a fork
4308 54 has taken a fork
4308 54 is eating
4308 200 is thinking
4308 200 has taken a fork
4308 200 has taken a fork
4308 200 is eating
4308 60 is thinking
4308 60 has taken a fork
4308 60 has taken a fork
4308 60 is eating
4308 50 is thinking
4308 50 has taken a fork
4308 50 has taken a fork
4308 50 is eating
4308 128 is thinking
4308 128 has taken a fork
4308 128 has taken a fork
4308 128 is eating
4308 194 is thinking
4308 194 has taken a fork
4308 194 has taken a fork
4308 194 is eating
4308 67 is sleeping
4308 22 is thinking
4308 22 has taken a fork
4308 22 has taken a fork
4308 22 is eating
4308 124 has taken a fork
4308 124 has taken a fork
4308 124 is eating
4308 14 is thinking
4308 14 has taken a fork
4308 14 has taken a fork
4308 14 is eating
4308 106 is thinking
4308 106 has taken a fork
4308 106 has taken a fork
4308 106 is eating
4309 92 is thinking
4309 92 has taken a fork
4309 92 has taken a fork
4309 92 is eating
4309 62 is thinking
4309 62 has taken a fork
4309 62 has taken a fork
4309 62 is eating
4309 140 is thinking
4309 140 has taken a fork
4309 140 has taken a fork
4309 140 is eating
4309 90 is thinking
4309 90 has taken a fork
4309 90 has taken a fork
4309 90 is eating
4309 170 is thinking
4309 170 has taken a fork
4309 170 has taken a fork
4309 170 is eating
4309 164 is thinking
4309 164 has taken a fork
4309 164 has taken a fork
4309 164 is eating
4309 96 is thinking
4309 96 has taken a fork
4309 96 has taken a fork
4309 96 is eating
4309 114 is thinking
4309 114 has taken a fork
4309 114 has taken a fork
4309 114 is eating
4309 6 is thinking
4309 6 has taken a fork
4309 6 has taken a fork
4309 6 is eating
4310 80 is thinking
4310 46 is thinking
4310 46 has taken a fork
4310 46 has taken a fork
4310 46 is eating
4310 116 is thinking
4310 116 has taken a fork
4310 116 has taken a fork
4310 116 is eating
4310 81 is sleeping
4310 32 is thinking
4310 38 is thinking
4310 66 is thinking
4310 66 has taken a fork
4310 66 has taken a fork
4310 66 is eating
4310 110 is thinking
4310 110 has taken a fork
4310 110 has taken a fork
4310 110 is eating
4310 88 is thinking
4310 88 has taken a fork
4310 88 has taken a fork
4310 88 is eating
4310 198 is thinking
4310 40 is thinking
4310 40 has taken a fork
4310 40 has taken a fork
4310 40 is eating
4310 38 has taken a fork
4310 38 has taken a fork
4310 38 is eating
4310 18 is thinking
4310 18 has taken a fork
4310 18 has taken a fork
4310 18 is eating
4310 102 is thinking
4310 72 is thinking
4310 72 has taken a fork
4310 72 has taken a fork
4310 72 is eating
4310 198 has taken a fork
4310 198 has taken a fork
4310 198 is eating
4310 102 has taken a fork
4310 102 has taken a fork
4310 102 is eating
4310 32 has taken a fork
4310 32 has taken a fork
4310 32 is eating
4311 176 is thinking
4311 176 has taken a fork
4311 176 has taken a fork
4311 176 is eating
4311 36 is thinking
4311 36 has taken a fork
4311 36 has taken a fork
4311 36 is eating
4311 80 has taken a fork
4311 80 has taken a fork
4311 80 is eating
4311 30 is thinking
4311 30 has taken a fork
4311 30 has taken a fork
4311 30 is eating
4312 134 is thinking
4312 134 has taken a fork
4312 134 has taken a fork
4312 134 is eating
4312 74 is thinking
4312 178 is thinking
4312 100 is thinking
4312 100 has taken a fork
4312 100 has taken a fork
4312 100 is eating
4312 104 is thinking
4312 104 has taken a fork
4312 104 has taken a fork
4312 104 is eating
4312 162 is thinking
4312 162 has taken a fork
4312 162 has taken a fork
4312 162 is eating
4312 68 is thinking
4312 68 has taken a fork
4312 68 has taken a fork
4312 68 is eating
4312 69 is sleeping
4312 120 is thinking
4312 168 is thinking
4312 168 has taken a fork
4312 168 has taken a fork
4312 168 is eating
4312 48 is thinking
4312 48 has taken a fork
4312 48 has taken a fork
4312 48 is eating
4312 8 is thinking
4312 8 has taken a fork
4312 8 has taken a fork
4312 8 is eating
4312 178 has taken a fork
4312 178 has taken a fork
4312 178 is eating
4312 132 is thinking
4312 132 has taken a fork
4312 132 has taken a fork
4312 132 is eating
4313 150 is thinking
4313 150 has taken a fork
4313 150 has taken a fork
4313 150 is eating
4313 70 is thinking
4313 70 has taken a fork
4313 70 has taken a fork
4313 70 is eating
4313 191 is sleeping
4313 119 is sleeping
4313 74 has taken a fork
4313 74 has taken a fork
4313 74 is eating
4313 84 is thinking
4313 84 has taken a fork
4313 84 has taken a fork
4313 84 is eating
4313 108 is thinking
4313 108 has taken a fork
4313 108 has taken a fork
4313 108 is eating
4313 11 is sleeping
4314 118 is thinking
4314 118 has taken a fork
4314 118 has taken a fork
4314 118 is eating
4314 137 is sleeping
4314 120 has taken a fork
4314 120 has taken a fork
4314 120 is eating
4314 77 is sleeping
4314 10 is thinking
4314 10 has taken a fork
4314 10 has taken a fork
4314 10 is eating
4314 192 is thinking
4314 192 has taken a fork
4314 192 has taken a fork
4314 192 is eating
4315 12 is thinking
4315 12 has taken a fork
4315 12 has taken a fork
4315 12 is eating
4315 86 is thinking
4315 86 has taken a fork
4315 86 has taken a fork
4315 86 is eating
4315 138 is thinking
4315 138 has taken a fork
4315 138 has taken a fork
4315 138 is eating
4315 56 is thinking
4315 126 is thinking
4315 126 has taken a fork
4315 126 has taken a fork
4315 126 is eating
4315 186 is thinking
4315 186 has taken a fork
4315 186 has taken a fork
4315 186 is eating
4315 58 is thinking
4315 58 has taken a fork
4315 58 has taken a fork
4315 58 is eating
4315 82 is thinking
4315 82 has taken a fork
4315 82 has taken a fork
4315 82 is eating
4315 136 is thinking
4315 136 has taken a fork
4315 136 has taken a fork
4315 136 is eating
4315 196 is thinking
4315 196 has taken a fork
4315 196 has taken a fork
4315 196 is eating
4316 76 is thinking
4316 76 has taken a fork
4316 76 has taken a fork
4316 76 is eating
4316 56 has taken a fork
4316 56 has taken a fork
4316 56 is eating
4316 190 is thinking
4316 190 has taken a fork
4316 190 has taken a fork
4316 190 is eating
4316 78 is thinking
4316 78 has taken a fork
4316 78 has taken a fork
4316 78 is eating
4317 159 is sleeping
4317 52 is thinking
4317 52 has taken a fork
4317 52 has taken a fork
4317 52 is eating
4317 158 is thinking
4317 158 has taken a fork
4317 158 has taken a fork
4317 158 is eating
4318 160 is thinking
4318 160 has taken a fork
4318 160 has taken a fork
4318 160 is eating
4402 174 is sleeping
4403 26 is sleeping
4403 64 is sleeping
4404 24 is sleeping
4404 34 is sleeping
4405 16 is sleeping
4405 2 is sleeping
4405 44 is sleeping
4406 148 is sleeping
4406 172 is sleeping
4406 184 is sleeping
4406 112 is sleeping
4406 182 is sleeping
4406 4 is sleeping
4406 122 is sleeping
4406 28 is sleeping
4407 20 is sleeping
4407 156 is sleeping
4407 146 is sleeping
4407 142 is sleeping
4407 94 is sleeping
4407 144 is sleeping
4407 42 is sleeping
4407 154 is sleeping
4408 166 is sleeping
4408 50 is sleeping
4408 106 is sleeping
4408 14 is sleeping
4408 22 is sleeping
4408 128 is sleeping
4408 194 is sleeping
4408 98 is sleeping
4408 54 is sleeping
4408 180 is sleeping
4408 188 is sleeping
4408 60 is sleeping
4408 130 is sleeping
4408 124 is sleeping
4408 200 is sleeping
4409 62 is sleeping
4409 92 is sleeping
4409 170 is sleeping
4409 96 is sleeping
4409 164 is sleeping
4409 140 is sleeping
4409 6 is sleeping
4409 152 is sleeping
4409 114 is sleeping
4409 90 is sleeping
4410 88 is sleeping
4410 110 is sleeping
4410 66 is sleeping
4410 116 is sleeping
4410 40 is sleeping
4410 198 is sleeping
4410 102 is sleeping
4410 38 is sleeping
4410 18 is sleeping
4410 72 is sleeping
4410 46 is sleeping
4411 36 is sleeping
4411 30 is sleeping
4411 176 is sleeping
4412 48 is sleeping
4412 32 is sleeping
4412 80 is sleeping
4412 100 is sleeping
4412 104 is sleeping
4412 8 is sleeping
4412 178 is sleeping
4412 134 is sleeping
4412 132 is sleeping
4412 68 is sleeping
4412 162 is sleeping
4412 168 is sleeping
4413 84 is sleeping
4413 74 is sleeping
4413 108 is sleeping
4413 150 is sleeping
4413 70 is sleeping
4414 118 is sleeping
4414 10 is sleeping
4414 192 is sleeping
4414 120 is sleeping
4415 126 is sleeping
4415 86 is sleeping
4415 186 is sleeping
4415 58 is sleeping
4415 82 is sleeping
4415 136 is sleeping
4415 196 is sleeping
4415 12 is sleeping
4415 138 is sleeping
4416 190 is sleeping
4416 78 is sleeping
4416 56 is sleeping
4416 76 is sleeping
4417 52 is sleeping
4417 158 is sleeping
4418 160 is sleeping
4500 85 is thinking
4500 85 has taken a fork
4500 85 has taken a fork
4500 85 is eating
4500 7 is thinking
4500 7 has taken a fork
4500 7 has taken a fork
4500 7 is eating
4500 107 is thinking
4500 107 has taken a fork
4500 107 has taken a fork
4500 107 is eating
4500 65 is thinking
4500 65 has taken a fork
4500 65 has taken a fork
4500 65 is eating
4500 73 is thinking
4500 73 has taken a fork
4500 73 has taken a fork
4500 73 is eating
4501 123 is thinking
4501 123 has taken a fork
4501 123 has taken a fork
4501 123 is eating
4501 27 is thinking
4501 27 has taken a fork
4501 27 has taken a fork
4501 27 is eating
4501 105 is thinking
4501 175 is thinking
4501 175 has taken a fork
4501 175 has taken a fork
4501 175 is eating
4501 105 has taken a fork
4501 105 has taken a fork
4501 105 is eating
4501 117 is thinking
4501 117 has taken a fork
4501 117 has taken a fork
4501 117 is eating
4501 129 is thinking
4501 129 has taken a fork
4501 129 has taken a fork
4501 129 is eating
4501 111 is thinking
4501 111 has taken a fork
4501 111 has taken a fork
4501 111 is eating
4501 141 is thinking
4501 141 has taken a fork
4501 141 has taken a fork
4501 141 is eating
4501 189 is thinking
4502 173 is thinking
4502 173 has taken a fork
4502 173 has taken a fork
4502 173 is eating
4502 43 is thinking
4502 43 has taken a fork
4502 43 has taken a fork
4502 43 is eating
4502 101 is thinking
4502 101 has taken a fork
4502 101 has taken a fork
4502 101 is eating
4502 23 is thinking
4502 23 has taken a fork
4502 23 has taken a fork
4502 23 is eating
4502 121 is thinking
4502 121 has taken a fork
4502 121 has taken a fork
4502 121 is eating
4502 189 has taken a fork
4502 189 has taken a fork
4502 189 is eating
4502 25 is thinking
4502 25 has taken a fork
4502 25 has taken a fork
4502 25 is eating
4503 41 is thinking
4503 41 has taken a fork
4503 41 has taken a fork
4503 41 is eating
4503 157 is thinking
4503 157 has taken a fork
4503 157 has taken a fork
4503 157 is eating
4503 51 is thinking
4503 51 has taken a fork
4503 51 has taken a fork
4503 51 is eating
4503 103 is thinking
4503 103 has taken a fork
4503 103 has taken a fork
4503 103 is eating
4503 45 is thinking
4503 45 has taken a fork
4503 45 has taken a fork
4503 45 is eating
4503 35 is thinking
4503 35 has taken a fork
4503 35 has taken a fork
4503 35 is eating
4503 171 is thinking
4503 171 has taken a fork
4503 171 has taken a fork
4503 171 is eating
4503 63 is thinking
4503 63 has taken a fork
4503 63 has taken a fork
4503 63 is eating
4504 177 is thinking
4504 177 has taken a fork
4504 177 has taken a fork
4504 177 is eating
4504 147 is thinking
4504 147 has taken a fork
4504 147 has taken a fork
4504 147 is eating
4504 37 is thinking
4504 37 has taken a fork
4504 37 has taken a fork
4504 37 is eating
4504 179 is thinking
4504 179 has taken a fork
4504 179 has taken a fork
4504 179 is eating
4504 29 is thinking
4504 29 has taken a fork
4504 29 has taken a fork
4504 29 is eating
4504 185 is thinking
4504 185 has taken a fork
4504 185 has taken a fork
4504 185 is eating
4504 55 is thinking
4504 55 has taken a fork
4504 55 has taken a fork
4504 55 is eating
4504 89 is thinking
4504 89 has taken a fork
4504 89 has taken a fork
4504 89 is eating
4504 109 is thinking
4504 109 has taken a fork
4504 109 has taken a fork
4504 109 is eating
4504 3 is thinking
4504 3 has taken a fork
4504 3 has taken a fork
4504 3 is eating
4504 93 is thinking
4504 93 has taken a fork
4504 93 has taken a fork
4504 93 is eating
4505 125 is thinking
4505 33 is thinking
4505 33 has taken a fork
4505 33 has taken a fork
4505 33 is eating
4505 75 is thinking
4505 75 has taken a fork
4505 75 has taken a fork
4505 75 is eating
4505 125 has taken a fork
4505 125 has taken a fork
4505 125 is eating
4505 151 is thinking
4505 151 has taken a fork
4505 151 has taken a fork
4505 151 is eating
4505 139 is thinking
4505 139 has taken a fork
4505 139 has taken a fork
4505 139 is eating
4505 71 is thinking
4505 71 has taken a fork
4505 71 has taken a fork
4505 71 is eating
4505 95 is thinking
4505 95 has taken a fork
4505 95 has taken a fork
4505 95 is eating
4505 21 is thinking
4505 21 has taken a fork
4505 21 has taken a fork
4505 21 is eating
4505 195 is thinking
4505 195 has taken a fork
4505 195 has taken a fork
4505 195 is eating
4505 99 is thinking
4505 99 has taken a fork
4505 99 has taken a fork
4505 99 is eating
4505 1 is thinking
4505 1 has taken a fork
4505 1 has taken a fork
4505 1 is eating
4505 145 is thinking
4505 145 has taken a fork
4505 145 has taken a fork
4505 145 is eating
4505 97 is thinking
4505 97 has taken a fork
4505 97 has taken a fork
4505 97 is eating
4505 13 is thinking
4505 13 has taken a fork
4505 13 has taken a fork
4505 13 is eating
4505 17 is thinking
4505 17 has taken a fork
4505 17 has taken a fork
4505 17 is eating
4505 169 is thinking
4505 169 has taken a fork
4505 169 has taken a fork
4505 169 is eating
4505 149 is thinking
4505 149 has taken a fork
4505 149 has taken a fork
4505 149 is eating
4505 9 is thinking
4505 193 is thinking
4505 59 is thinking
4505 193 has taken a fork
4505 193 has taken a fork
4505 193 is eating
4505 59 has taken a fork
4505 59 has taken a fork
4505 59 is eating
4505 181 is thinking
4505 181 has taken a fork
4505 181 has taken a fork
4505 181 is eating
4505 167 is thinking
4505 167 has taken a fork
4505 167 has taken a fork
4505 167 is eating
4505 135 is thinking
4505 197 is thinking
4505 197 has taken a fork
4505 197 has taken a fork
4505 197 is eating
4505 135 has taken a fork
4505 135 has taken a fork
4505 135 is eating
4505 87 is thinking
4505 87 has taken a fork
4505 87 has taken a fork
4505 87 is eating
4505 9 has taken a fork
4505 9 has taken a fork
4505 9 is eating
4506 115 is thinking
4506 115 has taken a fork
4506 115 has taken a fork
4506 115 is eating
4506 165 is thinking
4506 165 has taken a fork
4506 165 has taken a fork
4506 165 is eating
4506 133 is thinking
4506 133 has taken a fork
4506 133 has taken a fork
4506 133 is eating
4506 127 is thinking
4506 163 is thinking
4506 5 is thinking
4506 15 is thinking
4506 15 has taken a fork
4506 15 has taken a fork
4506 15 is eating
4506 155 is thinking
4506 155 has taken a fork
4506 155 has taken a fork
4506 155 is eating
4506 31 is thinking
4506 31 has taken a fork
4506 31 has taken a fork
4506 31 is eating
4506 153 is thinking
4506 53 is thinking
4506 127 has taken a fork
4506 127 has taken a fork
4506 127 is eating
4506 53 has taken a fork
4506 53 has taken a fork
4506 53 is eating
4506 19 is thinking
4506 19 has taken a fork
4506 19 has taken a fork
4506 19 is eating
4506 153 has taken a fork
4506 153 has taken a fork
4506 153 is eating
4506 79 is thinking
4506 79 has taken a fork
4506 79 has taken a fork
4506 79 is eating
4506 113 is thinking
4506 113 has taken a fork
4506 113 has taken a fork
4506 113 is eating
4506 39 is thinking
4506 39 has taken a fork
4506 39 has taken a fork
4506 39 is eating
4506 57 is thinking
4506 57 has taken a fork
4506 57 has taken a fork
4506 57 is eating
4506 183 is thinking
4506 183 has taken a fork
4506 183 has taken a fork
4506 183 is eating
4506 47 is thinking
4506 47 has taken a fork
4506 47 has taken a fork
4506 47 is eating
4506 161 is thinking
4506 161 has taken a fork
4506 161 has taken a fork
4506 161 is eating
4506 187 is thinking
4506 187 has taken a fork
4506 187 has taken a fork
4506 187 is eating
4506 163 has taken a fork
4506 163 has taken a fork
4506 163 is eating
4506 5 has taken a fork
4506 5 has taken a fork
4506 5 is eating
4507 83 is thinking
4507 83 has taken a fork
4507 83 has taken a fork
4507 83 is eating
4507 143 is thinking
4507 143 has taken a fork
4507 143 has taken a fork
4507 143 is eating
4507 131 is thinking
4507 131 has taken a fork
4507 131 has taken a fork
4507 131 is eating
4507 49 is thinking
4507 49 has taken a fork
4507 49 has taken a fork
4507 49 is eating
4507 199 is thinking
4507 199 has taken a fork
4507 199 has taken a fork
4507 199 is eating
4507 61 is thinking
4507 61 has taken a fork
4507 61 has taken a fork
4507 61 is eating
4508 91 is thinking
4508 91 has taken a fork
4508 91 has taken a fork
4508 91 is eating
4508 67 is thinking
4508 67 has taken a fork
4508 67 has taken a fork
4508 67 is eating
4510 81 is thinking
4510 81 has taken a fork
4510 81 has taken a fork
4510 81 is eating
4512 69 is thinking
4512 69 has taken a fork
4512 69 has taken a fork
4512 69 is eating
4513 191 is thinking
4513 191 has taken a fork
4513 191 has taken a fork
4513 191 is eating
4513 119 is thinking
4513 119 has taken a fork
4513 119 has taken a fork
4513 119 is eating
4513 11 is thinking
4513 11 has taken a fork
4513 11 has taken a fork
4513 11 is eating
4514 137 is thinking
4514 137 has taken a fork
4514 137 has taken a fork
4514 137 is eating
4515 77 is thinking
4515 77 has taken a fork
4515 77 has taken a fork
4515 77 is eating
4517 159 is thinking
4517 159 has taken a fork
4517 159 has taken a fork
4517 159 is eating
4600 73 is sleeping
4600 65 is sleeping
4600 7 is sleeping
4600 107 is sleeping
4600 85 is sleeping
4601 175 is sleeping
4601 123 is sleeping
4601 141 is sleeping
4601 105 is sleeping
4601 129 is sleeping
4601 111 is sleeping
4601 27 is sleeping
4601 117 is sleeping
4602 23 is sleeping
4602 43 is sleeping
4602 101 is sleeping
4602 189 is sleeping
4602 173 is sleeping
4602 25 is sleeping
4602 174 is thinking
4602 174 has taken a fork
4602 174 has taken a fork
4602 174 is eating
4602 121 is sleeping
4603 157 is sleeping
4603 63 is sleeping
4603 41 is sleeping
4603 171 is sleeping
4603 45 is sleeping
4603 64 is thinking
4603 64 has taken a fork
4603 64 has taken a fork
4603 64 is eating
4603 26 is thinking
4603 26 has taken a fork
4603 26 has taken a fork
4603 26 is eating
4603 51 is sleeping
4603 35 is sleeping
4604 185 is sleeping
4604 37 is sleeping
4604 24 is thinking
4604 24 has taken a fork
4604 24 has taken a fork
4604 24 is eating
4604 103 is sleeping
4604 55 is sleeping
4604 179 is sleeping
4604 109 is sleeping
4604 89 is sleeping
4604 147 is sleeping
4604 29 is sleeping
4604 93 is sleeping
4604 34 is thinking
4604 3 is sleeping
4604 177 is sleeping
4605 75 is sleeping
4605 16 is thinking
4605 139 is sleeping
4605 97 is sleeping
4605 167 is sleeping
4605 197 is sleeping
4605 1 is sleeping
4605 59 is sleeping
4605 145 is sleeping
4605 87 is sleeping
4605 9 is sleeping
4605 135 is sleeping
4605 34 has taken a fork
4605 34 has taken a fork
4605 34 is eating
4605 149 is sleeping
4605 95 is sleeping
4605 169 is sleeping
4605 181 is sleeping
4605 71 is sleeping
4605 21 is sleeping
4605 193 is sleeping
4605 17 is sleeping
4605 151 is sleeping
4605 99 is sleeping
4605 125 is sleeping
4605 44 is thinking
4605 44 has taken a fork
4605 44 has taken a fork
4605 44 is eating
4605 33 is sleeping
4605 13 is sleeping
4606 31 is sleeping
4606 163 is sleeping
4606 19 is sleeping
4606 122 is thinking
4606 122 has taken a fork
4606 122 has taken a fork
4606 122 is eating
4606 187 is sleeping
4606 112 is thinking
4606 184 is thinking
4606 172 is thinking
4606 115 is sleeping
4606 2 is thinking
4606 2 has taken a fork
4606 2 has taken a fork
4606 2 is eating
4606 195 is sleeping
4606 155 is sleeping
4606 182 is thinking
4606 79 is sleeping
4606 172 has taken a fork
4606 172 has taken a fork
4606 172 is eating
4606 148 is thinking
4606 15 is sleeping
4606 165 is sleeping
4606 113 is sleeping
4606 5 is sleeping
4606 39 is sleeping
4606 57 is sleeping
4606 183 is sleeping
4606 153 is sleeping
4606 47 is sleeping
4606 148 has taken a fork
4606 148 has taken a fork
4606 148 is eating
4606 161 is sleeping
4606 16 has taken a fork
4606 16 has taken a fork
4606 16 is eating
4606 53 is sleeping
4606 184 has taken a fork
4606 184 has taken a fork
4606 184 is eating
4606 112 has taken a fork
4606 112 has taken a fork
4606 112 is eating
4607 49 is sleeping
4607 182 has taken a fork
4607 182 has taken a fork
4607 182 is eating
4607 143 is sleeping
4607 61 is sleeping
4607 144 is thinking
4607 144 has taken a fork
4607 144 has taken a fork
4607 144 is eating
4607 4 is thinking
4607 4 has taken a fork
4607 4 has taken a fork
4607 4 is eating
4607 127 is sleeping
4607 28 is thinking
4607 28 has taken a fork
4607 28 has taken a fork
4607 28 is eating
4607 146 is thinking
4607 146 has taken a fork
4607 146 has taken a fork
4607 146 is eating
4607 156 is thinking
4607 156 has taken a fork
4607 156 has taken a fork
4607 156 is eating
4607 199 is sleeping
4607 142 is thinking
4607 142 has taken a fork
4607 142 has taken a fork
4607 142 is eating
4607 133 is sleeping
4607 94 is thinking
4607 94 has taken a fork
4607 94 has taken a fork
4607 94 is eating
4607 20 is thinking
4607 20 has taken a fork
4607 20 has taken a fork
4607 20 is eating
4607 131 is sleeping
4608 83 is sleeping
4608 200 is thinking
4608 200 has taken a fork
4608 200 has taken a fork
4608 200 is eating
4609 114 is thinking
4609 114 has taken a fork
4609 114 has taken a fork
4609 114 is eating
4609 130 is thinking
4609 130 has taken a fork
4609 130 has taken a fork
4609 130 is eating
4609 194 is thinking
4609 194 has taken a fork
4609 194 has taken a fork
4609 194 is eating
4609 128 is thinking
4609 128 has taken a fork
4609 128 has taken a fork
4609 128 is eating
4609 152 is thinking
4609 106 is thinking
4609 106 has taken a fork
4609 106 has taken a fork
4609 106 is eating
4609 98 is thinking
4609 98 has taken a fork
4609 98 has taken a fork
4609 98 is eating
4609 67 is sleeping
4609 60 is thinking
4609 60 has taken a fork
4609 60 has taken a fork
4609 60 is eating
4609 164 is thinking
4609 164 has taken a fork
4609 164 has taken a fork
4609 164 is eating
4610 166 is thinking
4610 166 has taken a fork
4610 166 has taken a fork
4610 166 is eating
4610 80 is thinking
4610 180 is thinking
4610 180 has taken a fork
4610 180 has taken a fork
4610 180 is eating
4610 102 is thinking
4610 88 is thinking
4610 91 is sleeping
4610 6 is thinking
4610 6 has taken a fork
4610 6 has taken a fork
4610 6 is eating
4610 152 has taken a fork
4610 152 has taken a fork
4610 152 is eating
4610 188 is thinking
4610 188 has taken a fork
4610 188 has taken a fork
4610 188 is eating
4610 66 is thinking
4610 66 has taken a fork
4610 66 has taken a fork
4610 66 is eating
4610 102 has taken a fork
4610 102 has taken a fork
4610 102 is eating
4610 88 has taken a fork
4610 88 has taken a fork
4610 88 is eating
4610 81 is sleeping
4610 80 has taken a fork
4610 80 has taken a fork
4610 80 is eating
4610 110 is thinking
4610 110 has taken a fork
4610 110 has taken a fork
4610 110 is eating
4610 14 is thinking
4610 22 is thinking
4610 22 has taken a fork
4610 22 has taken a fork
4610 22 is eating
4610 170 is thinking
4610 170 has taken a fork
4610 170 has taken a fork
4610 170 is eating
4610 46 is thinking
4610 46 has taken a fork
4610 46 has taken a fork
4610 46 is eating
4610 42 is thinking
4610 42 has taken a fork
4610 42 has taken a fork
4610 42 is eating
4610 198 is thinking
4610 96 is thinking
4610 96 has taken a fork
4610 96 has taken a fork
4610 96 is eating
4610 32 is thinking
4610 32 has taken a fork
4610 32 has taken a fork
4610 32 is eating
4610 90 is thinking
4610 90 has taken a fork
4610 90 has taken a fork
4610 90 is eating
4610 54 is thinking
4610 54 has taken a fork
4610 54 has taken a fork
4610 54 is eating
4610 38 is thinking
4610 38 has taken a fork
4610 38 has taken a fork
4610 38 is eating
4610 18 is thinking
4610 18 has taken a fork
4610 18 has taken a fork
4610 18 is eating
4611 92 is thinking
4611 92 has taken a fork
4611 92 has taken a fork
4611 92 is eating
4611 40 is thinking
4611 116 is thinking
4611 116 has taken a fork
4611 116 has taken a fork
4611 116 is eating
4611 72 is thinking
4611 72 has taken a fork
4611 72 has taken a fork
4611 72 is eating
4611 36 is thinking
4611 36 has taken a fork
4611 36 has taken a fork
4611 36 is eating
4611 14 has taken a fork
4611 14 has taken a fork
4611 14 is eating
4611 140 is thinking
4611 140 has taken a fork
4611 140 has taken a fork
4611 140 is eating
4611 50 is thinking
4611 50 has taken a fork
4611 50 has taken a fork
4611 50 is eating
4611 124 is thinking
4611 30 is thinking
4611 30 has taken a fork
4611 30 has taken a fork
4611 30 is eating
4611 198 has taken a fork
4611 198 has taken a fork
4611 198 is eating
4611 176 is thinking
4611 176 has taken a fork
4611 176 has taken a fork
4611 176 is eating
4611 40 has taken a fork
4611 40 has taken a fork
4611 40 is eating
4611 154 is thinking
4611 154 has taken a fork
4611 154 has taken a fork
4611 154 is eating
4611 124 has taken a fork
4611 124 has taken a fork
4611 124 is eating
4611 62 is thinking
4611 62 has taken a fork
4611 62 has taken a fork
4611 62 is eating
4612 168 is thinking
4612 168 has taken a fork
4612 168 has taken a fork
4612 168 is eating
4612 69 is sleeping
4612 100 is thinking
4612 100 has taken a fork
4612 100 has taken a fork
4612 100 is eating
4612 8 is thinking
4612 162 is thinking
4612 162 has taken a fork
4612 162 has taken a fork
4612 162 is eating
4612 104 is thinking
4612 104 has taken a fork
4612 104 has taken a fork
4612 104 is eating
4612 74 is thinking
4612 74 has taken a fork
4612 74 has taken a fork
4612 74 is eating
4612 134 is thinking
4612 134 has taken a fork
4612 134 has taken a fork
4612 134 is eating
4612 8 has taken a fork
4612 8 has taken a fork
4612 8 is eating
4612 178 is thinking
4612 178 has taken a fork
4612 178 has taken a fork
4612 178 is eating
4612 68 is thinking
4612 68 has taken a fork
4612 68 has taken a fork
4612 68 is eating
4612 132 is thinking
4612 132 has taken a fork
4612 132 has taken a fork
4612 132 is eating
4612 48 is thinking
4612 48 has taken a fork
4612 48 has taken a fork
4612 48 is eating
4613 191 is sleeping
4613 150 is thinking
4613 84 is thinking
4613 150 has taken a fork
4613 150 has taken a fork
4613 150 is eating
4613 70 is thinking
4613 70 has taken a fork
4613 70 has taken a fork
4613 70 is eating
4613 84 has taken a fork
4613 84 has taken a fork
4613 84 is eating
4613 11 is sleeping
4613 119 is sleeping
4613 108 is thinking
4613 108 has taken a fork
4613 108 has taken a fork
4613 108 is eating
4614 10 is thinking
4614 10 has taken a fork
4614 10 has taken a fork
4614 10 is eating
4614 120 is thinking
4614 120 has taken a fork
4614 120 has taken a fork
4614 120 is eating
4614 192 is thinking
4614 192 has taken a fork
4614 192 has taken a fork
4614 192 is eating
4615 186 is thinking
4615 186 has taken a fork
4615 186 has taken a fork
4615 186 is eating
4615 196 is thinking
4615 196 has taken a fork
4615 196 has taken a fork
4615 196 is eating
4615 77 is sleeping
4615 138 is thinking
4615 58 is thinking
4615 58 has taken a fork
4615 58 has taken a fork
4615 58 is eating
4615 136 is thinking
4615 56 is thinking
4615 56 has taken a fork
4615 56 has taken a fork
4615 56 is eating
4615 86 is thinking
4615 86 has taken a fork
4615 86 has taken a fork
4615 86 is eating
4615 126 is thinking
4615 126 has taken a fork
4615 126 has taken a fork
4615 126 is eating
4615 137 is sleeping
4615 82 is thinking
4615 82 has taken a fork
4615 82 has taken a fork
4615 82 is eating
4615 138 has taken a fork
4615 138 has taken a fork
4615 138 is eating
4615 118 is thinking
4615 118 has taken a fork
4615 118 has taken a fork
4615 118 is eating
4615 136 has taken a fork
4615 136 has taken a fork
4615 136 is eating
4615 12 is thinking
4615 12 has taken a fork
4615 12 has taken a fork
4615 12 is eating
4616 76 is thinking
4616 76 has taken a fork
4616 76 has taken a fork
4616 76 is eating
4616 190 is thinking
4616 190 has taken a fork
4616 190 has taken a fork
4616 190 is eating
4616 78 is thinking
4616 78 has taken a fork
4616 78 has taken a fork
4616 78 is eating
4617 158 is thinking
4617 52 is thinking
4617 52 has taken a fork
4617 52 has taken a fork
4617 52 is eating
4618 160 is thinking
4618 159 is sleeping
4618 158 has taken a fork
4618 158 has taken a fork
4618 158 is eating
4618 160 has taken a fork
4618 160 has taken a fork
4618 160 is eating
4702 174 is sleeping
4703 64 is sleeping
4703 26 is sleeping
4704 24 is sleeping
4705 44 is sleeping
4705 34 is sleeping
4706 122 is sleeping
4706 148 is sleeping
4706 184 is sleeping
4706 172 is sleeping
4706 16 is sleeping
4706 2 is sleeping
4706 112 is sleeping
4707 156 is sleeping
4707 144 is sleeping
4707 182 is sleeping
4707 28 is sleeping
4707 20 is sleeping
4707 94 is sleeping
4707 4 is sleeping
4707 142 is sleeping
4707 146 is sleeping
4708 200 is sleeping
4709 60 is sleeping
4709 114 is sleeping
4709 164 is sleeping
4709 98 is sleeping
4709 130 is sleeping
4709 128 is sleeping
4710 80 is sleeping
4710 88 is sleeping
4710 38 is sleeping
4710 18 is sleeping
4710 180 is sleeping
4710 152 is sleeping
4710 110 is sleeping
4710 96 is sleeping
4710 46 is sleeping
4710 188 is sleeping
4710 32 is sleeping
4710 170 is sleeping
4710 22 is sleeping
4710 194 is sleeping
4710 106 is sleeping
4710 6 is sleeping
4710 42 is sleeping
4710 54 is sleeping
4710 66 is sleeping
4710 102 is sleeping
4711 198 is sleeping
4711 116 is sleeping
4711 140 is sleeping
4711 36 is sleeping
4711 92 is sleeping
4711 30 is sleeping
4711 154 is sleeping
4711 40 is sleeping
4711 62 is sleeping
4711 14 is sleeping
4711 72 is sleeping
4711 50 is sleeping
4711 176 is sleeping
4711 90 is sleeping
4712 168 is sleeping
4712 124 is sleeping
4712 134 is sleeping
4712 132 is sleeping
4712 8 is sleeping
4712 100 is sleeping
4712 162 is sleeping
4713 84 is sleeping
4713 104 is sleeping
4713 108 is sleeping
4713 150 is sleeping
4713 48 is sleeping
4713 178 is sleeping
4713 70 is sleeping
4713 166 is sleeping
4713 74 is sleeping
4714 10 is sleeping
4714 120 is sleeping
4714 68 is sleeping
4714 192 is sleeping
4715 138 is sleeping
4715 126 is sleeping
4715 118 is sleeping
4715 186 is sleeping
4715 12 is sleeping
4715 196 is sleeping
4715 136 is sleeping
4715 58 is sleeping
4715 82 is sleeping
4716 76 is sleeping
4716 190 is sleeping
4716 86 is sleeping
4716 56 is sleeping
4716 78 is sleeping
4717 52 is sleeping
4718 160 is sleeping
4718 158 is sleeping
4800 107 is thinking
4800 107 has taken a fork
4800 107 has taken a fork
4800 107 is eating
4800 7 is thinking
4800 7 has taken a fork
4800 7 has taken a fork
4800 7 is eating
4800 65 is thinking
4800 65 has taken a fork
4800 65 has taken a fork
4800 65 is eating
4800 73 is thinking
4800 73 has taken a fork
4800 73 has taken a fork
4800 73 is eating
4800 85 is thinking
4801 85 has taken a fork
4801 85 has taken a fork
4801 85 is eating
4801 27 is thinking
4801 27 has taken a fork
4801 27 has taken a fork
4801 27 is eating
4801 111 is thinking
4801 111 has taken a fork
4801 111 has taken a fork
4801 111 is eating
4801 123 is thinking
4801 123 has taken a fork
4801 123 has taken a fork
4801 123 is eating
4801 117 is thinking
4801 117 has taken a fork
4801 117 has taken a fork
4801 117 is eating
4801 175 is thinking
4801 175 has taken a fork
4801 175 has taken a fork
4801 175 is eating
4801 129 is thinking
4801 129 has taken a fork
4801 129 has taken a fork
4801 129 is eating
4801 105 is thinking
4801 105 has taken a fork
4801 105 has taken a fork
4801 105 is eating
4801 141 is thinking
4801 141 has taken a fork
4801 141 has taken a fork
4801 141 is eating
4802 25 is thinking
4802 25 has taken a fork
4802 25 has taken a fork
4802 25 is eating
4802 23 is thinking
4802 23 has taken a fork
4802 23 has taken a fork
4802 23 is eating
4802 189 is thinking
4802 189 has taken a fork
4802 189 has taken a fork
4802 189 is eating
4802 173 is thinking
4802 173 has taken a fork
4802 173 has taken a fork
4802 173 is eating
4802 121 is thinking
4802 121 has taken a fork
4802 121 has taken a fork
4802 121 is eating
4802 43 is thinking
4802 43 has taken a fork
4802 43 has taken a fork
4802 43 is eating
4803 45 is thinking
4803 45 has taken a fork
4803 45 has taken a fork
4803 45 is eating
4803 103 is thinking
4803 103 has taken a fork
4803 103 has taken a fork
4803 103 is eating
4803 35 is thinking
4803 35 has taken a fork
4803 35 has taken a fork
4803 35 is eating
4804 55 is thinking
4804 55 has taken a fork
4804 55 has taken a fork
4804 55 is eating
4804 29 is thinking
4804 185 is thinking
4804 185 has taken a fork
4804 185 has taken a fork
4804 185 is eating
4804 29 has taken a fork
4804 29 has taken a fork
4804 29 is eating
4804 3 is thinking
4804 3 has taken a fork
4804 3 has taken a fork
4804 3 is eating
4804 93 is thinking
4804 93 has taken a fork
4804 93 has taken a fork
4804 93 is eating
4804 177 is thinking
4804 177 has taken a fork
4804 177 has taken a fork
4804 177 is eating
4804 51 is thinking
4804 51 has taken a fork
4804 51 has taken a fork
4804 51 is eating
4804 157 is thinking
4804 157 has taken a fork
4804 157 has taken a fork
4804 157 is eating
4804 101 is thinking
4804 101 has taken a fork
4804 101 has taken a fork
4804 101 is eating
4804 109 is thinking
4804 109 has taken a fork
4804 109 has taken a fork
4804 109 is eating
4804 179 is thinking
4804 179 has taken a fork
4804 179 has taken a fork
4804 179 is eating
4804 89 is thinking
4804 89 has taken a fork
4804 89 has taken a fork
4804 89 is eating
4804 171 is thinking
4804 171 has taken a fork
4804 171 has taken a fork
4804 171 is eating
4804 37 is thinking
4804 37 has taken a fork
4804 37 has taken a fork
4804 37 is eating
4804 41 is thinking
4804 41 has taken a fork
4804 41 has taken a fork
4804 41 is eating
4805 139 is thinking
4805 139 has taken a fork
4805 139 has taken a fork
4805 139 is eating
4805 59 is thinking
4805 59 has taken a fork
4805 59 has taken a fork
4805 59 is eating
4805 9 is thinking
4805 9 has taken a fork
4805 9 has taken a fork
4805 9 is eating
4805 195 is thinking
4805 195 has taken a fork
4805 195 has taken a fork
4805 195 is eating
4805 145 is thinking
4805 145 has taken a fork
4805 145 has taken a fork
4805 145 is eating
4805 95 is thinking
4805 95 has taken a fork
4805 95 has taken a fork
4805 95 is eating
4805 149 is thinking
4805 149 has taken a fork
4805 149 has taken a fork
4805 149 is eating
4805 71 is thinking
4805 135 is thinking
4805 135 has taken a fork
4805 135 has taken a fork
4805 135 is eating
4805 71 has taken a fork
4805 71 has taken a fork
4805 71 is eating
4805 147 is thinking
4805 147 has taken a fork
4805 147 has taken a fork
4805 147 is eating
4805 17 is thinking
4805 17 has taken a fork
4805 17 has taken a fork
4805 17 is eating
4805 167 is thinking
4805 167 has taken a fork
4805 167 has taken a fork
4805 167 is eating
4805 1 is thinking
4805 1 has taken a fork
4805 1 has taken a fork
4805 1 is eating
4805 197 is thinking
4805 197 has taken a fork
4805 197 has taken a fork
4805 197 is eating
4805 63 is thinking
4805 87 is thinking
4805 87 has taken a fork
4805 87 has taken a fork
4805 87 is eating
4805 13 is thinking
4805 13 has taken a fork
4805 13 has taken a fork
4805 13 is eating
4805 97 is thinking
4805 97 has taken a fork
4805 97 has taken a fork
4805 97 is eating
4805 63 has taken a fork
4805 63 has taken a fork
4805 63 is eating
4806 165 is thinking
4806 165 has taken a fork
4806 165 has taken a fork
4806 165 is eating
4806 163 is thinking
4806 163 has taken a fork
4806 163 has taken a fork
4806 163 is eating
4806 15 is thinking
4806 15 has taken a fork
4806 15 has taken a fork
4806 15 is eating
4806 39 is thinking
4806 39 has taken a fork
4806 39 has taken a fork
4806 39 is eating
4806 183 is thinking
4806 183 has taken a fork
4806 183 has taken a fork
4806 183 is eating
4806 53 is thinking
4806 53 has taken a fork
4806 53 has taken a fork
4806 53 is eating
4806 113 is thinking
4806 113 has taken a fork
4806 113 has taken a fork
4806 113 is eating
4806 19 is thinking
4806 19 has taken a fork
4806 19 has taken a fork
4806 19 is eating
4806 127 is thinking
4806 79 is thinking
4806 79 has taken a fork
4806 79 has taken a fork
4806 79 is eating
4806 5 is thinking
4806 5 has taken a fork
4806 5 has taken a fork
4806 5 is eating
4806 161 is thinking
4806 161 has taken a fork
4806 161 has taken a fork
4806 161 is eating
4806 187 is thinking
4806 187 has taken a fork
4806 187 has taken a fork
4806 187 is eating
4806 133 is thinking
4806 133 has taken a fork
4806 133 has taken a fork
4806 133 is eating
4806 31 is thinking
4806 31 has taken a fork
4806 31 has taken a fork
4806 31 is eating
4806 127 has taken a fork
4806 127 has taken a fork
4806 127 is eating
4806 155 is thinking
4806 151 is thinking
4806 151 has taken a fork
4806 151 has taken a fork
4806 151 is eating
4806 47 is thinking
4806 47 has taken a fork
4806 47 has taken a fork
4806 47 is eating
4806 153 is thinking
4806 153 has taken a fork
4806 153 has taken a fork
4806 153 is eating
4806 75 is thinking
4806 75 has taken a fork
4806 75 has taken a fork
4806 75 is eating
4806 115 is thinking
4806 115 has taken a fork
4806 115 has taken a fork
4806 115 is eating
4806 33 is thinking
4806 33 has taken a fork
4806 33 has taken a fork
4806 33 is eating
4806 99 is thinking
4806 99 has taken a fork
4806 99 has taken a fork
4806 99 is eating
4806 57 is thinking
4806 57 has taken a fork
4806 57 has taken a fork
4806 57 is eating
4807 61 is thinking
4807 61 has taken a fork
4807 61 has taken a fork
4807 61 is eating
4807 83 is thinking
4807 83 has taken a fork
4807 83 has taken a fork
4807 83 is eating
4807 49 is thinking
4807 49 has taken a fork
4807 49 has taken a fork
4807 49 is eating
4807 131 is thinking
4807 131 has taken a fork
4807 131 has taken a fork
4807 131 is eating
4807 193 is thinking
4807 193 has taken a fork
4807 193 has taken a fork
4807 193 is eating
4807 21 is thinking
4807 21 has taken a fork
4807 21 has taken a fork
4807 21 is eating
4807 125 is thinking
4807 125 has taken a fork
4807 125 has taken a fork
4807 125 is eating
4807 155 has taken a fork
4807 155 has taken a fork
4807 155 is eating
4807 143 is thinking
4807 143 has taken a fork
4807 143 has taken a fork
4807 143 is eating
4807 181 is thinking
4807 181 has taken a fork
4807 181 has taken a fork
4807 181 is eating
4807 169 is thinking
4807 169 has taken a fork
4807 169 has taken a fork
4807 169 is eating
4807 199 is thinking
4807 199 has taken a fork
4807 199 has taken a fork
4807 199 is eating
4808 91 is thinking
4808 91 has taken a fork
4808 91 has taken a fork
4808 91 is eating
4808 67 is thinking
4808 67 has taken a fork
4808 67 has taken a fork
4808 67 is eating
4810 81 is thinking
4810 81 has taken a fork
4810 81 has taken a fork
4810 81 is eating
4812 69 is thinking
4812 69 has taken a fork
4812 69 has taken a fork
4812 69 is eating
4813 191 is thinking
4813 191 has taken a fork
4813 191 has taken a fork
4813 191 is eating
4813 11 is thinking
4813 11 has taken a fork
4813 11 has taken a fork
4813 11 is eating
4813 119 is thinking
4813 119 has taken a fork
4813 119 has taken a fork
4813 119 is eating
4814 137 is thinking
4814 137 has taken a fork
4814 137 has taken a fork
4814 137 is eating
4815 77 is thinking
4815 77 has taken a fork
4815 77 has taken a fork
4815 77 is eating
4817 159 is thinking
4817 159 has taken a fork
4817 159 has taken a fork
4817 159 is eating
4900 73 is sleeping
4900 7 is sleeping
4900 65 is sleeping
4900 107 is sleeping
4901 141 is sleeping
4901 123 is sleeping
4901 117 is sleeping
4901 129 is sleeping
4901 175 is sleeping
4901 85 is sleeping
4901 105 is sleeping
4901 27 is sleeping
4902 25 is sleeping
4902 189 is sleeping
4902 121 is sleeping
4902 43 is sleeping
4902 23 is sleeping
4902 174 is thinking
4902 111 is sleeping
4903 45 is sleeping
4903 64 is thinking
4903 26 is thinking
4903 26 has taken a fork
4903 26 has taken a fork
4903 26 is eating
4903 35 is sleeping
4903 173 is sleeping
4904 93 is sleeping
4904 51 is sleeping
4904 157 is sleeping
4904 41 is sleeping
4904 171 is sleeping
4904 179 is sleeping
4904 37 is sleeping
4904 101 is sleeping
4904 109 is sleeping
4904 174 has taken a fork
4904 174 has taken a fork
4904 174 is eating
4904 103 is sleeping
4904 89 is sleeping
4904 177 is sleeping
4904 24 is thinking
4904 24 has taken a fork
4904 24 has taken a fork
4904 24 is eating
4905 97 is sleeping
4905 167 is sleeping
4905 195 is sleeping
4905 145 is sleeping
4905 63 is sleeping
4905 13 is sleeping
4905 1 is sleeping
4905 64 has taken a fork
4905 64 has taken a fork
4905 64 is eating
4905 147 is sleeping
4905 95 is sleeping
4905 71 is sleeping
4905 9 is sleeping
4905 135 is sleeping
4905 87 is sleeping
4905 59 is sleeping
4905 197 is sleeping
4905 149 is sleeping
4905 34 is thinking
4905 3 is sleeping
4905 29 is sleeping
4905 44 is thinking
4905 44 has taken a fork
4905 44 has taken a fork
4905 44 is eating
4905 185 is sleeping
4905 55 is sleeping
4905 17 is sleeping
4906 15 is sleeping
4906 165 is sleeping
4906 31 is sleeping
4906 39 is sleeping
4906 183 is sleeping
4906 161 is sleeping
4906 16 is thinking
4906 16 has taken a fork
4906 16 has taken a fork
4906 16 is eating
4906 19 is sleeping
4906 182 is thinking
4906 5 is sleeping
4906 113 is sleeping
4906 112 is thinking
4906 112 has taken a fork
4906 112 has taken a fork
4906 112 is eating
4906 187 is sleeping
4906 172 is thinking
4906 53 is sleeping
4906 133 is sleeping
4906 2 is thinking
4906 2 has taken a fork
4906 2 has taken a fork
4906 2 is eating
4906 163 is sleeping
4906 127 is sleeping
4906 79 is sleeping
4906 172 has taken a fork
4906 172 has taken a fork
4906 172 is eating
4906 139 is sleeping
4907 146 is thinking
4907 151 is sleeping
4907 156 is thinking
4907 122 is thinking
4907 122 has taken a fork
4907 122 has taken a fork
4907 122 is eating
4907 142 is thinking
4907 142 has taken a fork
4907 142 has taken a fork
4907 142 is eating
4907 33 is sleeping
4907 75 is sleeping
4907 153 is sleeping
4907 155 is sleeping
4907 4 is thinking
4907 143 is sleeping
4907 4 has taken a fork
4907 4 has taken a fork
4907 4 is eating
4908 99 is sleeping
4908 144 is thinking
4908 144 has taken a fork
4908 144 has taken a fork
4908 144 is eating
4908 57 is sleeping
4908 20 is thinking
4908 20 has taken a fork
4908 20 has taken a fork
4908 20 is eating
4908 61 is sleeping
4908 91 is sleeping
4908 28 is thinking
4908 28 has taken a fork
4908 28 has taken a fork
4908 28 is eating
4908 131 is sleeping
4908 21 is sleeping
4908 94 is thinking
4908 94 has taken a fork
4908 94 has taken a fork
4908 94 is eating
4908 34 has taken a fork
4908 34 has taken a fork
4908 34 is eating
4908 182 has taken a fork
4908 182 has taken a fork
4908 182 is eating
4908 47 is sleeping
4908 181 is sleeping
4908 193 is sleeping
4909 125 is sleeping
4909 184 is thinking
4909 184 has taken a fork
4909 184 has taken a fork
4909 184 is eating
4909 83 is sleeping
4909 60 is thinking
4909 148 is thinking
4909 148 has taken a fork
4909 148 has taken a fork
4909 148 is eating
4909 49 is sleeping
4909 146 has taken a fork
4909 146 has taken a fork
4909 146 is eating
4909 115 is sleeping
4909 130 is thinking
4909 130 has taken a fork
4909 130 has taken a fork
4909 130 is eating
4909 106 is thinking
4909 200 is thinking
4909 200 has taken a fork
4909 200 has taken a fork
4909 200 is eating
4909 60 has taken a fork
4909 60 has taken a fork
4909 60 is eating
4909 194 is thinking
4909 194 has taken a fork
4909 194 has taken a fork
4909 194 is eating
4909 106 has taken a fork
4909 106 has taken a fork
4909 106 is eating
4909 156 has taken a fork
4909 156 has taken a fork
4909 156 is eating
4909 128 is thinking
4909 128 has taken a fork
4909 128 has taken a fork
4909 128 is eating
4909 114 is thinking
4909 114 has taken a fork
4909 114 has taken a fork
4909 114 is eating
4910 46 is thinking
4910 46 has taken a fork
4910 46 has taken a fork
4910 46 is eating
4910 67 is sleeping
4910 164 is thinking
4910 164 has taken a fork
4910 164 has taken a fork
4910 164 is eating
4910 14 is thinking
4910 14 has taken a fork
4910 14 has taken a fork
4910 14 is eating
4910 180 is thinking
4910 180 has taken a fork
4910 180 has taken a fork
4910 180 is eating
4910 81 is sleeping
4910 199 is sleeping
4910 166 is thinking
4910 166 has taken a fork
4910 166 has taken a fork
4910 166 is eating
4910 102 is thinking
4910 102 has taken a fork
4910 102 has taken a fork
4910 102 is eating
4910 54 is thinking
4910 54 has taken a fork
4910 54 has taken a fork
4910 54 is eating
4910 96 is thinking
4910 96 has taken a fork
4910 96 has taken a fork
4910 96 is eating
4910 110 is thinking
4910 38 is thinking
4910 90 is thinking
4910 90 has taken a fork
4910 90 has taken a fork
4910 90 is eating
4910 188 is thinking
4910 188 has taken a fork
4910 188 has taken a fork
4910 188 is eating
4910 42 is thinking
4910 42 has taken a fork
4910 42 has taken a fork
4910 42 is eating
4910 38 has taken a fork
4910 38 has taken a fork
4910 38 is eating
4910 18 is thinking
4910 18 has taken a fork
4910 18 has taken a fork
4910 18 is eating
4910 22 is thinking
4910 22 has taken a fork
4910 22 has taken a fork
4910 22 is eating
4910 32 is thinking
4910 32 has taken a fork
4910 32 has taken a fork
4910 32 is eating
4910 66 is thinking
4910 66 has taken a fork
4910 66 has taken a fork
4910 66 is eating
4910 110 has taken a fork
4910 110 has taken a fork
4910 110 is eating
4910 170 is thinking
4910 6 is thinking
4910 6 has taken a fork
4910 6 has taken a fork
4910 6 is eating
4910 198 is thinking
4910 198 has taken a fork
4910 198 has taken a fork
4910 198 is eating
4910 98 is thinking
4910 98 has taken a fork
4910 98 has taken a fork
4910 98 is eating
4910 169 is sleeping
4910 88 is thinking
4910 88 has taken a fork
4910 88 has taken a fork
4910 88 is eating
4910 80 is thinking
4910 80 has taken a fork
4910 80 has taken a fork
4910 80 is eating
4910 152 is thinking
4910 152 has taken a fork
4910 152 has taken a fork
4910 152 is eating
4911 72 is thinking
4911 72 has taken a fork
4911 72 has taken a fork
4911 72 is eating
4911 154 is thinking
4911 154 has taken a fork
4911 154 has taken a fork
4911 154 is eating
4911 40 is thinking
4911 40 has taken a fork
4911 40 has taken a fork
4911 40 is eating
4911 92 is thinking
4911 92 has taken a fork
4911 92 has taken a fork
4911 92 is eating
4911 170 has taken a fork
4911 170 has taken a fork
4911 170 is eating
4911 140 is thinking
4911 140 has taken a fork
4911 140 has taken a fork
4911 140 is eating
4911 124 is thinking
4911 124 has taken a fork
4911 124 has taken a fork
4911 124 is eating
4911 50 is thinking
4911 50 has taken a fork
4911 50 has taken a fork
4911 50 is eating
4911 30 is thinking
4911 30 has taken a fork
4911 30 has taken a fork
4911 30 is eating
4911 62 is thinking
4911 62 has taken a fork
4911 62 has taken a fork
4911 62 is eating
4911 116 is thinking
4911 116 has taken a fork
4911 116 has taken a fork
4911 116 is eating
4911 176 is thinking
4911 176 has taken a fork
4911 176 has taken a fork
4911 176 is eating
4912 104 is thinking
4912 104 has taken a fork
4912 104 has taken a fork
4912 104 is eating
4912 48 is thinking
4912 48 has taken a fork
4912 48 has taken a fork
4912 48 is eating
4912 168 is thinking
4912 168 has taken a fork
4912 168 has taken a fork
4912 168 is eating
4912 8 is thinking
4912 8 has taken a fork
4912 8 has taken a fork
4912 8 is eating
4912 74 is thinking
4912 74 has taken a fork
4912 74 has taken a fork
4912 74 is eating
4912 36 is thinking
4912 36 has taken a fork
4912 36 has taken a fork
4912 36 is eating
4912 100 is thinking
4912 100 has taken a fork
4912 100 has taken a fork
4912 100 is eating
4912 132 is thinking
4912 132 has taken a fork
4912 132 has taken a fork
4912 132 is eating
4912 68 is thinking
4912 162 is thinking
4912 162 has taken a fork
4912 162 has taken a fork
4912 162 is eating
4912 178 is thinking
4912 178 has taken a fork
4912 178 has taken a fork
4912 178 is eating
4912 134 is thinking
4912 134 has taken a fork
4912 134 has taken a fork
4912 134 is eating
4913 84 is thinking
4913 84 has taken a fork
4913 84 has taken a fork
4913 84 is eating
4913 191 is sleeping
4913 150 is thinking
4913 150 has taken a fork
4913 150 has taken a fork
4913 150 is eating
4913 108 is thinking
4913 108 has taken a fork
4913 108 has taken a fork
4913 108 is eating
4913 11 is sleeping
4913 119 is sleeping
4913 69 is sleeping
4913 70 is thinking
4913 70 has taken a fork
4913 70 has taken a fork
4913 70 is eating
4913 68 has taken a fork
4913 68 has taken a fork
4913 68 is eating
4914 10 is thinking
4914 10 has taken a fork
4914 10 has taken a fork
4914 10 is eating
4914 137 is sleeping
4914 192 is thinking
4914 192 has taken a fork
4914 192 has taken a fork
4914 192 is eating
4914 120 is thinking
4914 120 has taken a fork
4914 120 has taken a fork
4914 120 is eating
4915 136 is thinking
4915 136 has taken a fork
4915 136 has taken a fork
4915 136 is eating
4915 58 is thinking
4915 58 has taken a fork
4915 58 has taken a fork
4915 58 is eating
4915 186 is thinking
4915 186 has taken a fork
4915 186 has taken a fork
4915 186 is eating
4915 82 is thinking
4915 82 has taken a fork
4915 82 has taken a fork
4915 82 is eating
4915 56 is thinking
4915 56 has taken a fork
4915 56 has taken a fork
4915 56 is eating
4915 118 is thinking
4915 118 has taken a fork
4915 118 has taken a fork
4915 118 is eating
4916 126 is thinking
4916 196 is thinking
4916 196 has taken a fork
4916 196 has taken a fork
4916 196 is eating
4916 126 has taken a fork
4916 126 has taken a fork
4916 126 is eating
4916 138 is thinking
4916 138 has taken a fork
4916 138 has taken a fork
4916 138 is eating
4916 76 is thinking
4916 76 has taken a fork
4916 76 has taken a fork
4916 76 is eating
4916 77 is sleeping
4916 86 is thinking
4916 86 has taken a fork
4916 86 has taken a fork
4916 86 is eating
4916 12 is thinking
4916 12 has taken a fork
4916 12 has taken a fork
4916 12 is eating
4916 78 is thinking
4916 78 has taken a fork
4916 78 has taken a fork
4916 78 is eating
4916 190 is thinking
4916 190 has taken a fork
4916 190 has taken a fork
4916 190 is eating
4917 52 is thinking
4917 52 has taken a fork
4917 52 has taken a fork
4917 52 is eating
4917 159 is sleeping
4918 158 is thinking
4918 158 has taken a fork
4918 158 has taken a fork
4918 158 is eating
4918 160 is thinking
4918 160 has taken a fork
4918 160 has taken a fork
4918 160 is eating
5003 26 is sleeping
5004 174 is sleeping
5004 24 is sleeping
5005 44 is sleeping
5005 64 is sleeping
5006 172 is sleeping
5006 16 is sleeping
5006 2 is sleeping
5007 122 is sleeping
5007 142 is sleeping
5007 112 is sleeping
5008 4 is sleeping
5008 28 is sleeping
5008 146 is sleeping
5008 144 is sleeping
5008 34 is sleeping
5008 182 is sleeping
5008 94 is sleeping
5009 184 is sleeping
5009 194 is sleeping
5009 200 is sleeping
5009 128 is sleeping
5009 130 is sleeping
5009 106 is sleeping
5009 156 is sleeping
5009 20 is sleeping
5009 60 is sleeping
5009 114 is sleeping
5009 148 is sleeping
5010 90 is sleeping
5010 66 is sleeping
5010 32 is sleeping
5010 110 is sleeping
5010 6 is sleeping
5010 18 is sleeping
5010 198 is sleeping
5010 166 is sleeping
5010 46 is sleeping
5010 96 is sleeping
5010 38 is sleeping
5010 102 is sleeping
5010 164 is sleeping
5010 42 is sleeping
5010 14 is sleeping
5010 98 is sleeping
5010 180 is sleeping
5011 140 is sleeping
5011 92 is sleeping
5011 62 is sleeping
5011 154 is sleeping
5011 22 is sleeping
5011 170 is sleeping
5011 72 is sleeping
5011 30 is sleeping
5011 54 is sleeping
5011 124 is sleeping
5011 88 is sleeping
5011 152 is sleeping
5011 80 is sleeping
5011 116 is sleeping
5012 162 is sleeping
5012 178 is sleeping
5012 134 is sleeping
5012 48 is sleeping
5012 168 is sleeping
5012 40 is sleeping
5012 100 is sleeping
5012 188 is sleeping
5012 176 is sleeping
5012 50 is sleeping
5012 104 is sleeping
5012 74 is sleeping
5012 132 is sleeping
5012 8 is sleeping
5012 36 is sleeping
5013 108 is sleeping
5013 150 is sleeping
5013 84 is sleeping
5013 70 is sleeping
5013 68 is sleeping
5014 192 is sleeping
5014 120 is sleeping
5014 10 is sleeping
5015 118 is sleeping
5015 56 is sleeping
5015 58 is sleeping
5015 186 is sleeping
5015 136 is sleeping
5015 82 is sleeping
5016 12 is sleeping
5016 126 is sleeping
5016 196 is sleeping
5016 190 is sleeping
5016 78 is sleeping
5016 86 is sleeping
5017 76 is sleeping
5017 138 is sleeping
5017 52 is sleeping
5018 158 is sleeping
5018 160 is sleeping
5100 7 is thinking
5100 7 has taken a fork
5100 7 has taken a fork
5100 7 is eating
5100 107 is thinking
5100 107 has taken a fork
5100 107 has taken a fork
5100 107 is eating
5100 73 is thinking
5100 73 has taken a fork
5100 73 has taken a fork
5100 73 is eating
5100 65 is thinking
5100 65 has taken a fork
5100 65 has taken a fork
5100 65 is eating
5101 129 is thinking
5101 129 has taken a fork
5101 129 has taken a fork
5101 129 is eating
5101 111 is thinking
5101 111 has taken a fork
5101 111 has taken a fork
5101 111 is eating
5101 123 is thinking
5101 123 has taken a fork
5101 123 has taken a fork
5101 123 is eating
5101 27 is thinking
5101 27 has taken a fork
5101 27 has taken a fork
5101 27 is eating
5101 85 is thinking
5101 85 has taken a fork
5101 85 has taken a fork
5101 85 is eating
5101 105 is thinking
5101 105 has taken a fork
5101 105 has taken a fork
5101 105 is eating
5101 141 is thinking
5101 141 has taken a fork
5101 141 has taken a fork
5101 141 is eating
5101 117 is thinking
5101 117 has taken a fork
5101 117 has taken a fork
5101 117 is eating
5101 175 is thinking
5101 175 has taken a fork
5101 175 has taken a fork
5101 175 is eating
5102 23 is thinking
5102 23 has taken a fork
5102 23 has taken a fork
5102 23 is eating
5102 121 is thinking
5102 121 has taken a fork
5102 121 has taken a fork
5102 121 is eating
5102 189 is thinking
5102 189 has taken a fork
5102 189 has taken a fork
5102 189 is eating
5102 43 is thinking
5102 43 has taken a fork
5102 43 has taken a fork
5102 43 is eating
5102 173 is thinking
5102 173 has taken a fork
5102 173 has taken a fork
5102 173 is eating
5102 25 is thinking
5102 25 has taken a fork
5102 25 has taken a fork
5102 25 is eating
5103 45 is thinking
5103 45 has taken a fork
5103 45 has taken a fork
5103 45 is eating
5103 103 is thinking
5103 103 has taken a fork
5103 103 has taken a fork
5103 103 is eating
5103 35 is thinking
5103 35 has taken a fork
5103 35 has taken a fork
5103 35 is eating
5104 51 is thinking
5104 51 has taken a fork
5104 51 has taken a fork
5104 51 is eating
5104 3 is thinking
5104 3 has taken a fork
5104 3 has taken a fork
5104 3 is eating
5104 177 is thinking
5104 177 has taken a fork
5104 177 has taken a fork
5104 177 is eating
5104 89 is thinking
5104 89 has taken a fork
5104 89 has taken a fork
5104 89 is eating
5104 179 is thinking
5104 179 has taken a fork
5104 179 has taken a fork
5104 179 is eating
5104 37 is thinking
5104 37 has taken a fork
5104 37 has taken a fork
5104 37 is eating
5104 55 is thinking
5104 55 has taken a fork
5104 55 has taken a fork
5104 55 is eating
5104 109 is thinking
5104 109 has taken a fork
5104 109 has taken a fork
5104 109 is eating
5104 93 is thinking
5104 93 has taken a fork
5104 93 has taken a fork
5104 93 is eating
5104 185 is thinking
5104 185 has taken a fork
5104 185 has taken a fork
5104 185 is eating
5104 101 is thinking
5104 101 has taken a fork
5104 101 has taken a fork
5104 101 is eating
5104 29 is thinking
5104 29 has taken a fork
5104 29 has taken a fork
5104 29 is eating
5104 171 is thinking
5104 171 has taken a fork
5104 171 has taken a fork
5104 171 is eating
5104 157 is thinking
5104 157 has taken a fork
5104 157 has taken a fork
5104 157 is eating
5104 41 is thinking
5104 41 has taken a fork
5104 41 has taken a fork
5104 41 is eating
5105 139 is thinking
5105 139 has taken a fork
5105 139 has taken a fork
5105 139 is eating
5105 71 is thinking
5105 71 has taken a fork
5105 71 has taken a fork
5105 71 is eating
5105 145 is thinking
5105 145 has taken a fork
5105 145 has taken a fork
5105 145 is eating
5105 149 is thinking
5105 149 has taken a fork
5105 149 has taken a fork
5105 149 is eating
5105 17 is thinking
5105 17 has taken a fork
5105 17 has taken a fork
5105 17 is eating
5105 97 is thinking
5105 97 has taken a fork
5105 97 has taken a fork
5105 97 is eating
5105 63 is thinking
5105 63 has taken a fork
5105 63 has taken a fork
5105 63 is eating
5105 147 is thinking
5105 195 is thinking
5105 195 has taken a fork
5105 195 has taken a fork
5105 195 is eating
5105 167 is thinking
5105 167 has taken a fork
5105 167 has taken a fork
5105 167 is eating
5105 197 is thinking
5105 95 is thinking
5105 135 is thinking
5105 135 has taken a fork
5105 135 has taken a fork
5105 135 is eating
5105 13 is thinking
5105 13 has taken a fork
5105 13 has taken a fork
5105 13 is eating
5105 1 is thinking
5105 59 is thinking
5105 59 has taken a fork
5105 59 has taken a fork
5105 59 is eating
5105 1 has taken a fork
5105 1 has taken a fork
5105 1 is eating
5105 95 has taken a fork
5105 95 has taken a fork
5105 95 is eating
5105 147 has taken a fork
5105 147 has taken a fork
5105 147 is eating
5105 9 is thinking
5105 9 has taken a fork
5105 9 has taken a fork
5105 9 is eating
5105 197 has taken a fork
5105 197 has taken a fork
5105 197 is eating
5105 87 is thinking
5105 87 has taken a fork
5105 87 has taken a fork
5105 87 is eating
5106 161 is thinking
5106 161 has taken a fork
5106 161 has taken a fork
5106 161 is eating
5106 133 is thinking
5106 133 has taken a fork
5106 133 has taken a fork
5106 133 is eating
5106 31 is thinking
5106 31 has taken a fork
5106 31 has taken a fork
5106 31 is eating
5106 57 is thinking
5106 57 has taken a fork
5106 57 has taken a fork
5106 57 is eating
5106 79 is thinking
5106 113 is thinking
5106 19 is thinking
5106 19 has taken a fork
5106 19 has taken a fork
5106 19 is eating
5106 79 has taken a fork
5106 79 has taken a fork
5106 79 is eating
5106 163 is thinking
5106 163 has taken a fork
5106 163 has taken a fork
5106 163 is eating
5106 187 is thinking
5106 187 has taken a fork
5106 187 has taken a fork
5106 187 is eating
5106 113 has taken a fork
5106 113 has taken a fork
5106 113 is eating
5106 183 is thinking
5106 183 has taken a fork
5106 183 has taken a fork
5106 183 is eating
5106 53 is thinking
5106 53 has taken a fork
5106 53 has taken a fork
5106 53 is eating
5106 39 is thinking
5106 39 has taken a fork
5106 39 has taken a fork
5106 39 is eating
5106 15 is thinking
5106 15 has taken a fork
5106 15 has taken a fork
5106 15 is eating
5106 153 is thinking
5106 153 has taken a fork
5106 153 has taken a fork
5106 153 is eating
5106 165 is thinking
5106 165 has taken a fork
5106 165 has taken a fork
5106 165 is eating
5106 155 is thinking
5106 155 has taken a fork
5106 155 has taken a fork
5106 155 is eating
5106 151 is thinking
5106 151 has taken a fork
5106 151 has taken a fork
5106 151 is eating
5106 75 is thinking
5106 75 has taken a fork
5106 75 has taken a fork
5106 75 is eating
5106 47 is thinking
5106 115 is thinking
5106 115 has taken a fork
5106 115 has taken a fork
5106 115 is eating
5107 21 is thinking
5107 21 has taken a fork
5107 21 has taken a fork
5107 21 is eating
5107 33 is thinking
5107 33 has taken a fork
5107 33 has taken a fork
5107 33 is eating
5107 5 is thinking
5107 5 has taken a fork
5107 5 has taken a fork
5107 5 is eating
5107 61 is thinking
5107 61 has taken a fork
5107 61 has taken a fork
5107 61 is eating
5107 127 is thinking
5107 127 has taken a fork
5107 127 has taken a fork
5107 127 is eating
5107 181 is thinking
5107 181 has taken a fork
5107 181 has taken a fork
5107 181 is eating
5107 199 is thinking
5107 199 has taken a fork
5107 199 has taken a fork
5107 199 is eating
5107 169 is thinking
5107 169 has taken a fork
5107 169 has taken a fork
5107 169 is eating
5107 131 is thinking
5107 131 has taken a fork
5107 131 has taken a fork
5107 131 is eating
5107 49 is thinking
5107 49 has taken a fork
5107 49 has taken a fork
5107 49 is eating
5107 47 has taken a fork
5107 47 has taken a fork
5107 47 is eating
5107 143 is thinking
5107 143 has taken a fork
5107 143 has taken a fork
5107 143 is eating
5107 83 is thinking
5107 83 has taken a fork
5107 83 has taken a fork
5107 83 is eating
5107 125 is thinking
5107 125 has taken a fork
5107 125 has taken a fork
5107 125 is eating
5107 193 is thinking
5107 193 has taken a fork
5107 193 has taken a fork
5107 193 is eating
5108 99 is thinking
5108 91 is thinking
5108 91 has taken a fork
5108 91 has taken a fork
5108 91 is eating
5109 99 has taken a fork
5109 99 has taken a fork
5109 99 is eating
5109 67 is thinking
5109 67 has taken a fork
5109 67 has taken a fork
5109 67 is eating
5110 81 is thinking
5110 81 has taken a fork
5110 81 has taken a fork
5110 81 is eating
5112 69 is thinking
5112 69 has taken a fork
5112 69 has taken a fork
5112 69 is eating
5113 119 is thinking
5113 119 has taken a fork
5113 119 has taken a fork
5113 119 is eating
5113 191 is thinking
5113 191 has taken a fork
5113 191 has taken a fork
5113 191 is eating
5113 11 is thinking
5113 11 has taken a fork
5113 11 has taken a fork
5113 11 is eating
5114 137 is thinking
5114 137 has taken a fork
5114 137 has taken a fork
5114 137 is eating
5115 77 is thinking
5115 77 has taken a fork
5115 77 has taken a fork
5115 77 is eating
5117 159 is thinking
5117 159 has taken a fork
5117 159 has taken a fork
5117 159 is eating
5200 7 is sleeping
5200 65 is sleeping
5200 107 is sleeping
5200 73 is sleeping
5201 175 is sleeping
5201 141 is sleeping
5201 117 is sleeping
5201 123 is sleeping
5201 85 is sleeping
5201 27 is sleeping
5201 105 is sleeping
5201 129 is sleeping
5201 111 is sleeping
5202 189 is sleeping
5202 25 is sleeping
5202 173 is sleeping
5202 43 is sleeping
5202 23 is sleeping
5202 121 is sleeping
5203 103 is sleeping
5203 35 is sleeping
5203 45 is sleeping
5204 3 is sleeping
5204 157 is sleeping
5204 89 is sleeping
5204 93 is sleeping
5204 179 is sleeping
5204 177 is sleeping
5204 174 is thinking
5204 174 has taken a fork
5204 174 has taken a fork
5204 174 is eating
5204 37 is sleeping
5204 101 is sleeping
5204 29 is sleeping
5204 26 is thinking
5204 26 has taken a fork
5204 26 has taken a fork
5204 26 is eating
5204 24 is thinking
5204 24 has taken a fork
5204 24 has taken a fork
5204 24 is eating
5204 55 is sleeping
5204 185 is sleeping
5204 41 is sleeping
5204 51 is sleeping
5204 109 is sleeping
5204 171 is sleeping
5205 1 is sleeping
5205 139 is sleeping
5205 147 is sleeping
5205 87 is sleeping
5205 63 is sleeping
5205 135 is sleeping
5205 59 is sleeping
5205 44 is thinking
5205 44 has taken a fork
5205 44 has taken a fork
5205 44 is eating
5205 195 is sleeping
5205 71 is sleeping
5205 97 is sleeping
5205 64 is thinking
5205 64 has taken a fork
5205 64 has taken a fork
5205 64 is eating
5205 167 is sleeping
5205 149 is sleeping
5205 95 is sleeping
5205 17 is sleeping
5205 197 is sleeping
5205 9 is sleeping
5205 145 is sleeping
5205 13 is sleeping
5206 183 is sleeping
5206 153 is sleeping
5206 75 is sleeping
5206 113 is sleeping
5206 133 is sleeping
5206 165 is sleeping
5206 115 is sleeping
5206 187 is sleeping
5206 155 is sleeping
5206 39 is sleeping
5206 151 is sleeping
5206 15 is sleeping
5206 163 is sleeping
5206 79 is sleeping
5206 57 is sleeping
5206 19 is sleeping
5206 161 is sleeping
5206 53 is sleeping
5206 172 is thinking
5206 172 has taken a fork
5206 172 has taken a fork
5206 172 is eating
5206 2 is thinking
5206 2 has taken a fork
5206 2 has taken a fork
5206 2 is eating
5206 16 is thinking
5206 16 has taken a fork
5206 16 has taken a fork
5206 16 is eating
5206 112 is thinking
5206 112 has taken a fork
5206 112 has taken a fork
5206 112 is eating
5207 146 is thinking
5207 146 has taken a fork
5207 146 has taken a fork
5207 146 is eating
5207 83 is sleeping
5207 125 is sleeping
5207 143 is sleeping
5207 33 is sleeping
5207 4 is thinking
5207 142 is thinking
5207 142 has taken a fork
5207 142 has taken a fork
5207 142 is eating
5207 122 is thinking
5207 47 is sleeping
5207 181 is sleeping
5207 122 has taken a fork
5207 122 has taken a fork
5207 122 is eating
5207 21 is sleeping
5207 193 is sleeping
5207 199 is sleeping
5207 127 is sleeping
5207 34 is thinking
5207 34 has taken a fork
5207 34 has taken a fork
5207 34 is eating
5207 31 is sleeping
5207 61 is sleeping
5207 5 is sleeping
5207 49 is sleeping
5207 169 is sleeping
5207 4 has taken a fork
5207 4 has taken a fork
5207 4 is eating
5207 131 is sleeping
5207 182 is thinking
5207 182 has taken a fork
5207 182 has taken a fork
5207 182 is eating
5208 156 is thinking
5208 156 has taken a fork
5208 156 has taken a fork
5208 156 is eating
5208 20 is thinking
5208 20 has taken a fork
5208 20 has taken a fork
5208 20 is eating
5208 144 is thinking
5208 144 has taken a fork
5208 144 has taken a fork
5208 144 is eating
5208 91 is sleeping
5208 94 is thinking
5208 94 has taken a fork
5208 94 has taken a fork
5208 94 is eating
5208 28 is thinking
5208 28 has taken a fork
5208 28 has taken a fork
5208 28 is eating
5209 184 is thinking
5209 184 has taken a fork
5209 184 has taken a fork
5209 184 is eating
5209 106 is thinking
5209 106 has taken a fork
5209 106 has taken a fork
5209 106 is eating
5209 200 is thinking
5209 200 has taken a fork
5209 200 has taken a fork
5209 200 is eating
5209 99 is sleeping
5209 67 is sleeping
5209 194 is thinking
5209 194 has taken a fork
5209 194 has taken a fork
5209 194 is eating
5209 60 is thinking
5209 60 has taken a fork
5209 60 has taken a fork
5209 60 is eating
5209 130 is thinking
5209 130 has taken a fork
5209 130 has taken a fork
5209 130 is eating
5209 114 is thinking
5209 114 has taken a fork
5209 114 has taken a fork
5209 114 is eating
5209 148 is thinking
5209 148 has taken a fork
5209 148 has taken a fork
5209 148 is eating
5209 128 is thinking
5209 128 has taken a fork
5209 128 has taken a fork
5209 128 is eating
5210 96 is thinking
5210 96 has taken a fork
5210 96 has taken a fork
5210 96 is eating
5210 166 is thinking
5210 166 has taken a fork
5210 166 has taken a fork
5210 166 is eating
5210 80 is thinking
5210 14 is thinking
5210 102 is thinking
5210 102 has taken a fork
5210 102 has taken a fork
5210 102 is eating
5210 14 has taken a fork
5210 14 has taken a fork
5210 14 is eating
5210 198 is thinking
5210 198 has taken a fork
5210 198 has taken a fork
5210 198 is eating
5210 22 is thinking
5210 22 has taken a fork
5210 22 has taken a fork
5210 22 is eating
5210 6 is thinking
5210 54 is thinking
5210 46 is thinking
5210 46 has taken a fork
5210 46 has taken a fork
5210 46 is eating
5210 18 is thinking
5210 18 has taken a fork
5210 18 has taken a fork
5210 18 is eating
5210 152 is thinking
5210 152 has taken a fork
5210 152 has taken a fork
5210 152 is eating
5210 164 is thinking
5210 164 has taken a fork
5210 164 has taken a fork
5210 164 is eating
5210 6 has taken a fork
5210 6 has taken a fork
5210 6 is eating
5210 180 is thinking
5210 180 has taken a fork
5210 180 has taken a fork
5210 180 is eating
5210 170 is thinking
5210 170 has taken a fork
5210 170 has taken a fork
5210 170 is eating
5210 110 is thinking
5210 110 has taken a fork
5210 110 has taken a fork
5210 110 is eating
5210 81 is sleeping
5210 188 is thinking
5210 188 has taken a fork
5210 188 has taken a fork
5210 188 is eating
5210 90 is thinking
5210 90 has taken a fork
5210 90 has taken a fork
5210 90 is eating
5210 66 is thinking
5210 66 has taken a fork
5210 66 has taken a fork
5210 66 is eating
5210 42 is thinking
5210 42 has taken a fork
5210 42 has taken a fork
5210 42 is eating
5210 32 is thinking
5210 32 has taken a fork
5210 32 has taken a fork
5210 32 is eating
5210 98 is thinking
5210 98 has taken a fork
5210 98 has taken a fork
5210 98 is eating
5210 54 has taken a fork
5210 54 has taken a fork
5210 54 is eating
5210 88 is thinking
5210 88 has taken a fork
5210 88 has taken a fork
5210 88 is eating
5210 80 has taken a fork
5210 80 has taken a fork
5210 80 is eating
5211 50 is thinking
5211 50 has taken a fork
5211 50 has taken a fork
5211 50 is eating
5211 62 is thinking
5211 62 has taken a fork
5211 62 has taken a fork
5211 62 is eating
5211 116 is thinking
5211 116 has taken a fork
5211 116 has taken a fork
5211 116 is eating
5211 176 is thinking
5211 176 has taken a fork
5211 176 has taken a fork
5211 176 is eating
5211 140 is thinking
5211 30 is thinking
5211 30 has taken a fork
5211 30 has taken a fork
5211 30 is eating
5211 140 has taken a fork
5211 140 has taken a fork
5211 140 is eating
5211 92 is thinking
5211 92 has taken a fork
5211 92 has taken a fork
5211 92 is eating
5211 38 is thinking
5211 38 has taken a fork
5211 38 has taken a fork
5211 38 is eating
5211 40 is thinking
5211 40 has taken a fork
5211 40 has taken a fork
5211 40 is eating
5211 154 is thinking
5211 154 has taken a fork
5211 154 has taken a fork
5211 154 is eating
5211 124 is thinking
5211 124 has taken a fork
5211 124 has taken a fork
5211 124 is eating
5211 72 is thinking
5211 72 has taken a fork
5211 72 has taken a fork
5211 72 is eating
5212 48 is thinking
5212 48 has taken a fork
5212 48 has taken a fork
5212 48 is eating
5212 134 is thinking
5212 134 has taken a fork
5212 134 has taken a fork
5212 134 is eating
5212 8 is thinking
5212 8 has taken a fork
5212 8 has taken a fork
5212 8 is eating
5212 69 is sleeping
5212 132 is thinking
5212 132 has taken a fork
5212 132 has taken a fork
5212 132 is eating
5212 168 is thinking
5212 168 has taken a fork
5212 168 has taken a fork
5212 168 is eating
5212 104 is thinking
5212 162 is thinking
5212 100 is thinking
5212 74 is thinking
5212 100 has taken a fork
5212 100 has taken a fork
5212 100 is eating
5212 74 has taken a fork
5212 74 has taken a fork
5212 74 is eating
5212 36 is thinking
5212 36 has taken a fork
5212 36 has taken a fork
5212 36 is eating
5212 162 has taken a fork
5212 162 has taken a fork
5212 162 is eating
5212 178 is thinking
5212 178 has taken a fork
5212 178 has taken a fork
5212 178 is eating
5212 104 has taken a fork
5212 104 has taken a fork
5212 104 is eating
5213 191 is sleeping
5213 68 is thinking
5213 68 has taken a fork
5213 68 has taken a fork
5213 68 is eating
5213 70 is thinking
5213 70 has taken a fork
5213 70 has taken a fork
5213 70 is eating
5213 108 is thinking
5213 108 has taken a fork
5213 108 has taken a fork
5213 108 is eating
5213 119 is sleeping
5213 11 is sleeping
5213 84 is thinking
5213 84 has taken a fork
5213 84 has taken a fork
5213 84 is eating
5213 150 is thinking
5213 150 has taken a fork
5213 150 has taken a fork
5213 150 is eating
5214 120 is thinking
5214 120 has taken a fork
5214 120 has taken a fork
5214 120 is eating
5214 137 is sleeping
5214 192 is thinking
5214 192 has taken a fork
5214 192 has taken a fork
5214 192 is eating
5214 10 is thinking
5214 10 has taken a fork
5214 10 has taken a fork
5214 10 is eating
5215 136 is thinking
5215 136 has taken a fork
5215 136 has taken a fork
5215 136 is eating
5215 118 is thinking
5215 118 has taken a fork
5215 118 has taken a fork
5215 118 is eating
5215 186 is thinking
5215 186 has taken a fork
5215 186 has taken a fork
5215 186 is eating
5215 82 is thinking
5215 82 has taken a fork
5215 82 has taken a fork
5215 82 is eating
5215 77 is sleeping
5215 58 is thinking
5215 58 has taken a fork
5215 58 has taken a fork
5215 58 is eating
5215 56 is thinking
5215 56 has taken a fork
5215 56 has taken a fork
5215 56 is eating
5216 86 is thinking
5216 86 has taken a fork
5216 86 has taken a fork
5216 86 is eating
5216 190 is thinking
5216 190 has taken a fork
5216 190 has taken a fork
5216 190 is eating
5216 196 is thinking
5216 196 has taken a fork
5216 196 has taken a fork
5216 196 is eating
5216 78 is thinking
5216 78 has taken a fork
5216 78 has taken a fork
5216 78 is eating
5216 126 is thinking
5216 126 has taken a fork
5216 126 has taken a fork
5216 126 is eating
5216 12 is thinking
5216 12 has taken a fork
5216 12 has taken a fork
5216 12 is eating
5217 138 is thinking
5217 138 has taken a fork
5217 138 has taken a fork
5217 138 is eating
5217 159 is sleeping
5217 76 is thinking
5217 76 has taken a fork
5217 76 has taken a fork
5217 76 is eating
5217 52 is thinking
5217 52 has taken a fork
5217 52 has taken a fork
5217 52 is eating
5218 160 is thinking
5218 160 has taken a fork
5218 160 has taken a fork
5218 160 is eating
5218 158 is thinking
5218 158 has taken a fork
5218 158 has taken a fork
5218 158 is eating
5304 26 is sleeping
5304 174 is sleeping
5304 24 is sleeping
5305 44 is sleeping
5307 142 is sleeping
5307 122 is sleeping
5307 16 is sleeping
5307 2 is sleeping
5307 112 is sleeping
5307 4 is sleeping
5307 64 is sleeping
5307 182 is sleeping
5307 146 is sleeping
5307 34 is sleeping
5307 172 is sleeping
5308 94 is sleeping
5308 28 is sleeping
5308 20 is sleeping
5308 156 is sleeping
5308 144 is sleeping
5309 60 is sleeping
5309 184 is sleeping
5309 128 is sleeping
5309 130 is sleeping
5309 148 is sleeping
5309 114 is sleeping
5309 106 is sleeping
5309 200 is sleeping
5309 194 is sleeping
5310 98 is sleeping
5310 18 is sleeping
5310 96 is sleeping
5310 32 is sleeping
5310 22 is sleeping
5310 88 is sleeping
5310 166 is sleeping
5310 152 is sleeping
5310 102 is sleeping
5311 176 is sleeping
5311 72 is sleeping
5311 140 is sleeping
5311 124 is sleeping
5311 154 is sleeping
5311 38 is sleeping
5311 180 is sleeping
5311 110 is sleeping
5311 66 is sleeping
5311 188 is sleeping
5311 62 is sleeping
5311 80 is sleeping
5311 170 is sleeping
5311 46 is sleeping
5311 92 is sleeping
5311 198 is sleeping
5311 54 is sleeping
5311 14 is sleeping
5311 50 is sleeping
5311 116 is sleeping
5311 42 is sleeping
5312 74 is sleeping
5312 8 is sleeping
5312 162 is sleeping
5312 36 is sleeping
5312 100 is sleeping
5312 178 is sleeping
5312 90 is sleeping
5312 40 is sleeping
5312 104 is sleeping
5312 168 is sleeping
5312 48 is sleeping
5312 132 is sleeping
5312 30 is sleeping
5312 6 is sleeping
5312 134 is sleeping
5313 68 is sleeping
5313 108 is sleeping
5313 150 is sleeping
5313 84 is sleeping
5313 70 is sleeping
5314 10 is sleeping
5314 164 is sleeping
5314 120 is sleeping
5314 192 is sleeping
5315 56 is sleeping
5315 136 is sleeping
5315 82 is sleeping
5315 118 is sleeping
5315 186 is sleeping
5315 58 is sleeping
5316 196 is sleeping
5316 78 is sleeping
5316 190 is sleeping
5316 12 is sleeping
5316 126 is sleeping
5316 86 is sleeping
5317 76 is sleeping
5317 138 is sleeping
5317 52 is sleeping
5318 160 is sleeping
5318 158 is sleeping
5400 65 is thinking
5400 65 has taken a fork
5400 65 has taken a fork
5400 65 is eating
5400 107 is thinking
5400 107 has taken a fork
5400 107 has taken a fork
5400 107 is eating
5400 73 is thinking
5400 73 has taken a fork
5400 73 has taken a fork
5400 73 is eating
5400 7 is thinking
5400 7 has taken a fork
5400 7 has taken a fork
5400 7 is eating
5401 117 is thinking
5401 117 has taken a fork
5401 117 has taken a fork
5401 117 is eating
5401 111 is thinking
5401 111 has taken a fork
5401 111 has taken a fork
5401 111 is eating
5401 123 is thinking
5401 123 has taken a fork
5401 123 has taken a fork
5401 123 is eating
5401 85 is thinking
5401 85 has taken a fork
5401 85 has taken a fork
5401 85 is eating
5401 105 is thinking
5401 105 has taken a fork
5401 105 has taken a fork
5401 105 is eating
5401 27 is thinking
5401 27 has taken a fork
5401 27 has taken a fork
5401 27 is eating
5401 141 is thinking
5401 141 has taken a fork
5401 141 has taken a fork
5401 141 is eating
5401 129 is thinking
5401 129 has taken a fork
5401 129 has taken a fork
5401 129 is eating
5401 175 is thinking
5401 175 has taken a fork
5401 175 has taken a fork
5401 175 is eating
5402 121 is thinking
5402 121 has taken a fork
5402 121 has taken a fork
5402 121 is eating
5402 189 is thinking
5402 189 has taken a fork
5402 189 has taken a fork
5402 189 is eating
5402 23 is thinking
5402 23 has taken a fork
5402 23 has taken a fork
5402 23 is eating
5402 43 is thinking
5402 43 has taken a fork
5402 43 has taken a fork
5402 43 is eating
5402 25 is thinking
5402 25 has taken a fork
5402 25 has taken a fork
5402 25 is eating
5402 173 is thinking
5402 173 has taken a fork
5402 173 has taken a fork
5402 173 is eating
5403 103 is thinking
5403 103 has taken a fork
5403 103 has taken a fork
5403 103 is eating
5403 35 is thinking
5403 35 has taken a fork
5403 35 has taken a fork
5403 35 is eating
5403 45 is thinking
5403 45 has taken a fork
5403 45 has taken a fork
5403 45 is eating
5404 55 is thinking
5404 55 has taken a fork
5404 55 has taken a fork
5404 55 is eating
5404 171 is thinking
5404 171 has taken a fork
5404 171 has taken a fork
5404 171 is eating
5404 185 is thinking
5404 185 has taken a fork
5404 185 has taken a fork
5404 185 is eating
5404 29 is thinking
5404 29 has taken a fork
5404 29 has taken a fork
5404 29 is eating
5404 51 is thinking
5404 51 has taken a fork
5404 51 has taken a fork
5404 51 is eating
5404 93 is thinking
5404 93 has taken a fork
5404 93 has taken a fork
5404 93 is eating
5404 109 is thinking
5404 109 has taken a fork
5404 109 has taken a fork
5404 109 is eating
5404 37 is thinking
5404 37 has taken a fork
5404 37 has taken a fork
5404 37 is eating
5404 179 is thinking
5404 179 has taken a fork
5404 179 has taken a fork
5404 179 is eating
5404 101 is thinking
5404 101 has taken a fork
5404 101 has taken a fork
5404 101 is eating
5404 3 is thinking
5404 3 has taken a fork
5404 3 has taken a fork
5404 3 is eating
5404 177 is thinking
5404 177 has taken a fork
5404 177 has taken a fork
5404 177 is eating
5404 41 is thinking
5404 157 is thinking
5404 157 has taken a fork
5404 157 has taken a fork
5404 157 is eating
5404 89 is thinking
5404 89 has taken a fork
5404 89 has taken a fork
5404 89 is eating
5404 41 has taken a fork
5404 41 has taken a fork
5404 41 is eating
5405 59 is thinking
5405 59 has taken a fork
5405 59 has taken a fork
5405 59 is eating
5405 97 is thinking
5405 87 is thinking
5405 87 has taken a fork
5405 87 has taken a fork
5405 87 is eating
5405 9 is thinking
5405 197 is thinking
5405 197 has taken a fork
5405 197 has taken a fork
5405 197 is eating
5405 135 is thinking
5405 135 has taken a fork
5405 135 has taken a fork
5405 135 is eating
5405 9 has taken a fork
5405 9 has taken a fork
5405 9 is eating
5405 139 is thinking
5405 139 has taken a fork
5405 139 has taken a fork
5405 139 is eating
5405 71 is thinking
5405 71 has taken a fork
5405 71 has taken a fork
5405 71 is eating
5405 149 is thinking
5405 149 has taken a fork
5405 149 has taken a fork
5405 149 is eating
5405 97 has taken a fork
5405 97 has taken a fork
5405 97 is eating
5405 195 is thinking
5405 195 has taken a fork
5405 195 has taken a fork
5405 195 is eating
5405 63 is thinking
5405 63 has taken a fork
5405 63 has taken a fork
5405 63 is eating
5405 167 is thinking
5405 167 has taken a fork
5405 167 has taken a fork
5405 167 is eating
5405 145 is thinking
5405 145 has taken a fork
5405 145 has taken a fork
5405 145 is eating
5405 95 is thinking
5405 95 has taken a fork
5405 95 has taken a fork
5405 95 is eating
5405 13 is thinking
5405 13 has taken a fork
5405 13 has taken a fork
5405 13 is eating
5405 1 is thinking
5405 1 has taken a fork
5405 1 has taken a fork
5405 1 is eating
5405 17 is thinking
5405 17 has taken a fork
5405 17 has taken a fork
5405 17 is eating
5405 147 is thinking
5405 147 has taken a fork
5405 147 has taken a fork
5405 147 is eating
5406 133 is thinking
5406 133 has taken a fork
5406 133 has taken a fork
5406 133 is eating
5406 163 is thinking
5406 163 has taken a fork
5406 163 has taken a fork
5406 163 is eating
5406 53 is thinking
5406 53 has taken a fork
5406 53 has taken a fork
5406 53 is eating
5406 79 is thinking
5406 79 has taken a fork
5406 79 has taken a fork
5406 79 is eating
5406 31 is thinking
5406 31 has taken a fork
5406 31 has taken a fork
5406 31 is eating
5406 151 is thinking
5406 151 has taken a fork
5406 151 has taken a fork
5406 151 is eating
5406 161 is thinking
5406 161 has taken a fork
5406 161 has taken a fork
5406 161 is eating
5406 15 is thinking
5406 15 has taken a fork
5406 15 has taken a fork
5406 15 is eating
5406 187 is thinking
5406 39 is thinking
5406 39 has taken a fork
5406 39 has taken a fork
5406 39 is eating
5406 19 is thinking
5406 19 has taken a fork
5406 19 has taken a fork
5406 19 is eating
5406 155 is thinking
5406 155 has taken a fork
5406 155 has taken a fork
5406 155 is eating
5406 57 is thinking
5406 57 has taken a fork
5406 57 has taken a fork
5406 57 is eating
5406 113 is thinking
5406 113 has taken a fork
5406 113 has taken a fork
5406 113 is eating
5406 47 is thinking
5406 47 has taken a fork
5406 47 has taken a fork
5406 47 is eating
5406 153 is thinking
5406 153 has taken a fork
5406 153 has taken a fork
5406 153 is eating
5406 183 is thinking
5406 183 has taken a fork
5406 183 has taken a fork
5406 183 is eating
5406 187 has taken a fork
5406 187 has taken a fork
5406 187 is eating
5407 5 is thinking
5407 5 has taken a fork
5407 5 has taken a fork
5407 5 is eating
5407 125 is thinking
5407 199 is thinking
5407 199 has taken a fork
5407 199 has taken a fork
5407 199 is eating
5407 61 is thinking
5407 61 has taken a fork
5407 61 has taken a fork
5407 61 is eating
5407 125 has taken a fork
5407 125 has taken a fork
5407 125 is eating
5407 181 is thinking
5407 181 has taken a fork
5407 181 has taken a fork
5407 181 is eating
5407 127 is thinking
5407 127 has taken a fork
5407 127 has taken a fork
5407 127 is eating
5407 131 is thinking
5407 131 has taken a fork
5407 131 has taken a fork
5407 131 is eating
5407 169 is thinking
5407 169 has taken a fork
5407 169 has taken a fork
5407 169 is eating
5407 49 is thinking
5407 49 has taken a fork
5407 49 has taken a fork
5407 49 is eating
5407 193 is thinking
5407 193 has taken a fork
5407 193 has taken a fork
5407 193 is eating
5407 165 is thinking
5407 165 has taken a fork
5407 165 has taken a fork
5407 165 is eating
5407 143 is thinking
5407 143 has taken a fork
5407 143 has taken a fork
5407 143 is eating
5407 21 is thinking
5407 21 has taken a fork
5407 21 has taken a fork
5407 21 is eating
5407 83 is thinking
5407 83 has taken a fork
5407 83 has taken a fork
5407 83 is eating
5407 33 is thinking
5407 33 has taken a fork
5407 33 has taken a fork
5407 33 is eating
5408 91 is thinking
5408 91 has taken a fork
5408 91 has taken a fork
5408 91 is eating
5408 115 is thinking
5408 115 has taken a fork
5408 115 has taken a fork
5408 115 is eating
5408 75 is thinking
5408 75 has taken a fork
5408 75 has taken a fork
5408 75 is eating
5409 67 is thinking
5409 67 has taken a fork
5409 67 has taken a fork
5409 67 is eating
5409 99 is thinking
5409 99 has taken a fork
5409 99 has taken a fork
5409 99 is eating
5410 81 is thinking
5410 81 has taken a fork
5410 81 has taken a fork
5410 81 is eating
5412 69 is thinking
5412 69 has taken a fork
5412 69 has taken a fork
5412 69 is eating
5413 119 is thinking
5413 119 has taken a fork
5413 119 has taken a fork
5413 119 is eating
5413 191 is thinking
5413 191 has taken a fork
5413 191 has taken a fork
5413 191 is eating
5413 11 is thinking
5413 11 has taken a fork
5413 11 has taken a fork
5413 11 is eating
5414 137 is thinking
5414 137 has taken a fork
5414 137 has taken a fork
5414 137 is eating
5415 77 is thinking
5415 77 has taken a fork
5415 77 has taken a fork
5415 77 is eating
5417 159 is thinking
5417 159 has taken a fork
5417 159 has taken a fork
5417 159 is eating
5500 7 is sleeping
5500 107 is sleeping
5500 65 is sleeping
5500 73 is sleeping
5501 123 is sleeping
5501 175 is sleeping
5501 27 is sleeping
5501 111 is sleeping
5501 105 is sleeping
5501 141 is sleeping
5501 85 is sleeping
5501 117 is sleeping
5501 129 is sleeping
5502 189 is sleeping
5502 23 is sleeping
5502 173 is sleeping
5502 121 is sleeping
5502 25 is sleeping
5502 43 is sleeping
5503 35 is sleeping
5503 103 is sleeping
5503 45 is sleeping
5504 93 is sleeping
5504 3 is sleeping
5504 89 is sleeping
5504 101 is sleeping
5504 41 is sleeping
5504 171 is sleeping
5504 55 is sleeping
5504 26 is thinking
5504 26 has taken a fork
5504 26 has taken a fork
5504 26 is eating
5504 179 is sleeping
5504 24 is thinking
5504 24 has taken a fork
5504 24 has taken a fork
5504 24 is eating
5504 29 is sleeping
5504 177 is sleeping
5504 109 is sleeping
5504 157 is sleeping
5504 185 is sleeping
5504 37 is sleeping
5504 51 is sleeping
5505 145 is sleeping
5505 87 is sleeping
5505 149 is sleeping
5505 139 is sleeping
5505 135 is sleeping
5505 64 is thinking
5505 197 is sleeping
5505 9 is sleeping
5505 44 is thinking
5505 44 has taken a fork
5505 44 has taken a fork
5505 44 is eating
5505 95 is sleeping
5505 59 is sleeping
5505 167 is sleeping
5505 63 is sleeping
5505 64 has taken a fork
5505 64 has taken a fork
5505 64 is eating
5505 147 is sleeping
5505 13 is sleeping
5505 17 is sleeping
5505 195 is sleeping
5505 1 is sleeping
5505 71 is sleeping
5505 97 is sleeping
5505 174 is thinking
5505 174 has taken a fork
5505 174 has taken a fork
5505 174 is eating
5506 47 is sleeping
5506 155 is sleeping
5506 113 is sleeping
5506 133 is sleeping
5506 79 is sleeping
5506 57 is sleeping
5506 15 is sleeping
5506 112 is thinking
5506 112 has taken a fork
5506 112 has taken a fork
5506 112 is eating
5506 39 is sleeping
5506 172 is thinking
5506 172 has taken a fork
5506 172 has taken a fork
5506 172 is eating
5506 153 is sleeping
5506 163 is sleeping
5506 183 is sleeping
5506 19 is sleeping
5506 31 is sleeping
5506 187 is sleeping
5506 2 is thinking
5506 2 has taken a fork
5506 2 has taken a fork
5506 2 is eating
5506 161 is sleeping
5506 16 is thinking
5506 16 has taken a fork
5506 16 has taken a fork
5506 16 is eating
5506 53 is sleeping
5506 151 is sleeping
5507 21 is sleeping
5507 125 is sleeping
5507 146 is thinking
5507 146 has taken a fork
5507 146 has taken a fork
5507 146 is eating
5507 143 is sleeping
5507 83 is sleeping
5507 193 is sleeping
5507 61 is sleeping
5507 182 is thinking
5507 34 is thinking
5507 169 is sleeping
5507 181 is sleeping
5507 127 is sleeping
5507 142 is thinking
5507 142 has taken a fork
5507 142 has taken a fork
5507 142 is eating
5507 182 has taken a fork
5507 182 has taken a fork
5507 182 is eating
5507 199 is sleeping
5507 131 is sleeping
5507 34 has taken a fork
5507 34 has taken a fork
5507 34 is eating
5507 4 is thinking
5507 4 has taken a fork
5507 4 has taken a fork
5507 4 is eating
5507 33 is sleeping
5507 49 is sleeping
5507 165 is sleeping
5507 5 is sleeping
5507 122 is thinking
5507 122 has taken a fork
5507 122 has taken a fork
5507 122 is eating
5508 91 is sleeping
5508 144 is thinking
5508 144 has taken a fork
5508 144 has taken a fork
5508 144 is eating
5508 115 is sleeping
5508 28 is thinking
5508 28 has taken a fork
5508 28 has taken a fork
5508 28 is eating
5508 20 is thinking
5508 20 has taken a fork
5508 20 has taken a fork
5508 20 is eating
5508 94 is thinking
5508 94 has taken a fork
5508 94 has taken a fork
5508 94 is eating
5508 75 is sleeping
5508 156 is thinking
5508 156 has taken a fork
5508 156 has taken a fork
5508 156 is eating
5509 67 is sleeping
5509 184 is thinking
5509 184 has taken a fork
5509 184 has taken a fork
5509 184 is eating
5509 130 is thinking
5509 130 has taken a fork
5509 130 has taken a fork
5509 130 is eating
5509 99 is sleeping
5509 148 is thinking
5509 148 has taken a fork
5509 148 has taken a fork
5509 148 is eating
5509 128 is thinking
5509 128 has taken a fork
5509 128 has taken a fork
5509 128 is eating
5509 106 is thinking
5509 106 has taken a fork
5509 106 has taken a fork
5509 106 is eating
5509 200 is thinking
5509 200 has taken a fork
5509 200 has taken a fork
5509 200 is eating
5509 194 is thinking
5509 194 has taken a fork
5509 194 has taken a fork
5509 194 is eating
5510 90 is thinking
5510 90 has taken a fork
5510 90 has taken a fork
5510 90 is eating
5510 18 is thinking
5510 18 has taken a fork
5510 18 has taken a fork
5510 18 is eating
5510 188 is thinking
5510 188 has taken a fork
5510 188 has taken a fork
5510 188 is eating
5510 114 is thinking
5510 114 has taken a fork
5510 114 has taken a fork
5510 114 is eating
5510 42 is thinking
5510 42 has taken a fork
5510 42 has taken a fork
5510 42 is eating
5510 180 is thinking
5510 180 has taken a fork
5510 180 has taken a fork
5510 180 is eating
5510 60 is thinking
5510 60 has taken a fork
5510 60 has taken a fork
5510 60 is eating
5510 22 is thinking
5510 22 has taken a fork
5510 22 has taken a fork
5510 22 is eating
5510 66 is thinking
5510 66 has taken a fork
5510 66 has taken a fork
5510 66 is eating
5510 98 is thinking
5510 98 has taken a fork
5510 98 has taken a fork
5510 98 is eating
5510 80 is thinking
5510 88 is thinking
5510 88 has taken a fork
5510 88 has taken a fork
5510 88 is eating
5510 81 is sleeping
5510 102 is thinking
5510 102 has taken a fork
5510 102 has taken a fork
5510 102 is eating
5510 14 is thinking
5510 14 has taken a fork
5510 14 has taken a fork
5510 14 is eating
5510 54 is thinking
5510 54 has taken a fork
5510 54 has taken a fork
5510 54 is eating
5510 80 has taken a fork
5510 80 has taken a fork
5510 80 is eating
5510 6 is thinking
5510 166 is thinking
5510 166 has taken a fork
5510 166 has taken a fork
5510 166 is eating
5510 6 has taken a fork
5510 6 has taken a fork
5510 6 is eating
5510 110 is thinking
5510 110 has taken a fork
5510 110 has taken a fork
5510 110 is eating
5510 152 is thinking
5510 152 has taken a fork
5510 152 has taken a fork
5510 152 is eating
5510 170 is thinking
5510 170 has taken a fork
5510 170 has taken a fork
5510 170 is eating
5510 96 is thinking
5510 96 has taken a fork
5510 96 has taken a fork
5510 96 is eating
5511 164 is thinking
5511 164 has taken a fork
5511 164 has taken a fork
5511 164 is eating
5511 46 is thinking
5511 46 has taken a fork
5511 46 has taken a fork
5511 46 is eating
5511 30 is thinking
5511 30 has taken a fork
5511 30 has taken a fork
5511 30 is eating
5511 116 is thinking
5511 116 has taken a fork
5511 116 has taken a fork
5511 116 is eating
5511 62 is thinking
5511 198 is thinking
5511 32 is thinking
5511 32 has taken a fork
5511 32 has taken a fork
5511 32 is eating
5511 50 is thinking
5511 50 has taken a fork
5511 50 has taken a fork
5511 50 is eating
5511 38 is thinking
5511 38 has taken a fork
5511 38 has taken a fork
5511 38 is eating
5511 72 is thinking
5511 72 has taken a fork
5511 72 has taken a fork
5511 72 is eating
5511 62 has taken a fork
5511 62 has taken a fork
5511 62 is eating
5511 40 is thinking
5511 40 has taken a fork
5511 40 has taken a fork
5511 40 is eating
5511 176 is thinking
5511 176 has taken a fork
5511 176 has taken a fork
5511 176 is eating
5511 92 is thinking
5511 92 has taken a fork
5511 92 has taken a fork
5511 92 is eating
5511 198 has taken a fork
5511 198 has taken a fork
5511 198 is eating
5512 134 is thinking
5512 134 has taken a fork
5512 134 has taken a fork
5512 134 is eating
5512 104 is thinking
5512 36 is thinking
5512 8 is thinking
5512 8 has taken a fork
5512 8 has taken a fork
5512 8 is eating
5512 36 has taken a fork
5512 36 has taken a fork
5512 36 is eating
5512 104 has taken a fork
5512 104 has taken a fork
5512 104 is eating
5512 100 is thinking
5512 100 has taken a fork
5512 100 has taken a fork
5512 100 is eating
5512 69 is sleeping
5512 132 is thinking
5512 132 has taken a fork
5512 132 has taken a fork
5512 132 is eating
5512 168 is thinking
5512 168 has taken a fork
5512 168 has taken a fork
5512 168 is eating
5512 48 is thinking
5512 48 has taken a fork
5512 48 has taken a fork
5512 48 is eating
5512 178 is thinking
5512 178 has taken a fork
5512 178 has taken a fork
5512 178 is eating
5512 74 is thinking
5512 74 has taken a fork
5512 74 has taken a fork
5512 74 is eating
5512 162 is thinking
5512 162 has taken a fork
5512 162 has taken a fork
5512 162 is eating
5512 154 is thinking
5512 154 has taken a fork
5512 154 has taken a fork
5512 154 is eating
5512 124 is thinking
5512 124 has taken a fork
5512 124 has taken a fork
5512 124 is eating
5512 140 is thinking
5512 140 has taken a fork
5512 140 has taken a fork
5512 140 is eating
5513 70 is thinking
5513 70 has taken a fork
5513 70 has taken a fork
5513 70 is eating
5513 108 is thinking
5513 108 has taken a fork
5513 108 has taken a fork
5513 108 is eating
5513 191 is sleeping
5513 150 is thinking
5513 150 has taken a fork
5513 150 has taken a fork
5513 150 is eating
5513 11 is sleeping
5513 119 is sleeping
5513 68 is thinking
5513 68 has taken a fork
5513 68 has taken a fork
5513 68 is eating
5513 84 is thinking
5513 84 has taken a fork
5513 84 has taken a fork
5513 84 is eating
5514 120 is thinking
5514 120 has taken a fork
5514 120 has taken a fork
5514 120 is eating
5514 10 is thinking
5514 10 has taken a fork
5514 10 has taken a fork
5514 10 is eating
5514 137 is sleeping
5514 192 is thinking
5514 192 has taken a fork
5514 192 has taken a fork
5514 192 is eating
5515 58 is thinking
5515 58 has taken a fork
5515 58 has taken a fork
5515 58 is eating
5515 186 is thinking
5515 186 has taken a fork
5515 186 has taken a fork
5515 186 is eating
5515 77 is sleeping
5515 136 is thinking
5515 136 has taken a fork
5515 136 has taken a fork
5515 136 is eating
5515 82 is thinking
5515 82 has taken a fork
5515 82 has taken a fork
5515 82 is eating
5515 118 is thinking
5515 118 has taken a fork
5515 118 has taken a fork
5515 118 is eating
5515 56 is thinking
5515 56 has taken a fork
5515 56 has taken a fork
5515 56 is eating
5516 126 is thinking
5516 126 has taken a fork
5516 126 has taken a fork
5516 126 is eating
5516 78 is thinking
5516 78 has taken a fork
5516 78 has taken a fork
5516 78 is eating
5516 86 is thinking
5516 86 has taken a fork
5516 86 has taken a fork
5516 86 is eating
5516 190 is thinking
5516 190 has taken a fork
5516 190 has taken a fork
5516 190 is eating
5516 12 is thinking
5516 12 has taken a fork
5516 12 has taken a fork
5516 12 is eating
5516 196 is thinking
5516 196 has taken a fork
5516 196 has taken a fork
5516 196 is eating
5517 76 is thinking
5517 76 has taken a fork
5517 76 has taken a fork
5517 76 is eating
5517 52 is thinking
5517 52 has taken a fork
5517 52 has taken a fork
5517 52 is eating
5517 159 is sleeping
5517 138 is thinking
5517 138 has taken a fork
5517 138 has taken a fork
5517 138 is eating
5518 160 is thinking
5518 160 has taken a fork
5518 160 has taken a fork
5518 160 is eating
5518 158 is thinking
5518 158 has taken a fork
5518 158 has taken a fork
5518 158 is eating
5604 24 is sleeping
5604 26 is sleeping
5605 174 is sleeping
5605 44 is sleeping
5605 64 is sleeping
5606 172 is sleeping
5606 2 is sleeping
5606 16 is sleeping
5606 112 is sleeping
5607 182 is sleeping
5607 146 is sleeping
5607 142 is sleeping
5607 4 is sleeping
5607 122 is sleeping
5607 34 is sleeping
5608 20 is sleeping
5608 28 is sleeping
5608 156 is sleeping
5608 94 is sleeping
5609 148 is sleeping
5610 144 is sleeping
5610 22 is sleeping
5610 180 is sleeping
5610 80 is sleeping
5610 128 is sleeping
5610 106 is sleeping
5610 194 is sleeping
5611 50 is sleeping
5611 170 is sleeping
5611 32 is sleeping
5611 130 is sleeping
5611 198 is sleeping
5611 116 is sleeping
5611 114 is sleeping
5611 88 is sleeping
5611 46 is sleeping
5611 96 is sleeping
5611 14 is sleeping
5611 6 is sleeping
5611 98 is sleeping
5611 42 is sleeping
5611 110 is sleeping
5611 60 is sleeping
5611 184 is sleeping
5611 72 is sleeping
5611 200 is sleeping
5611 166 is sleeping
5611 92 is sleeping
5612 154 is sleeping
5612 90 is sleeping
5612 66 is sleeping
5612 134 is sleeping
5612 176 is sleeping
5612 152 is sleeping
5612 74 is sleeping
5612 54 is sleeping
5612 124 is sleeping
5612 162 is sleeping
5612 36 is sleeping
5612 8 is sleeping
5612 38 is sleeping
5612 132 is sleeping
5612 48 is sleeping
5612 30 is sleeping
5612 178 is sleeping
5612 104 is sleeping
5612 102 is sleeping
5613 70 is sleeping
5613 68 is sleeping
5613 100 is sleeping
5613 164 is sleeping
5613 84 is sleeping
5613 150 is sleeping
5613 18 is sleeping
5614 188 is sleeping
5614 62 is sleeping
5614 40 is sleeping
5614 140 is sleeping
5614 120 is sleeping
5614 108 is sleeping
5614 10 is sleeping
5614 168 is sleeping
5614 192 is sleeping
5615 136 is sleeping
5615 56 is sleeping
5615 58 is sleeping
5615 82 is sleeping
5615 118 is sleeping
5615 186 is sleeping
5616 78 is sleeping
5616 12 is sleeping
5616 86 is sleeping
5616 190 is sleeping
5616 196 is sleeping
5617 126 is sleeping
5617 138 is sleeping
5617 76 is sleeping
5617 52 is sleeping
5618 158 is sleeping
5618 160 is sleeping
5700 73 is thinking
5700 73 has taken a fork
5700 73 has taken a fork
5700 73 is eating
5700 65 is thinking
5700 65 has taken a fork
5700 65 has taken a fork
5700 65 is eating
5700 107 is thinking
5700 107 has taken a fork
5700 107 has taken a fork
5700 107 is eating
5701 27 is thinking
5701 27 has taken a fork
5701 27 has taken a fork
5701 27 is eating
5701 175 is thinking
5701 175 has taken a fork
5701 175 has taken a fork
5701 175 is eating
5701 141 is thinking
5701 141 has taken a fork
5701 141 has taken a fork
5701 141 is eating
5701 7 is thinking
5701 7 has taken a fork
5701 7 has taken a fork
5701 7 is eating
5701 117 is thinking
5701 117 has taken a fork
5701 117 has taken a fork
5701 117 is eating
5701 85 is thinking
5701 85 has taken a fork
5701 85 has taken a fork
5701 85 is eating
5701 105 is thinking
5701 105 has taken a fork
5701 105 has taken a fork
5701 105 is eating
5701 111 is thinking
5701 111 has taken a fork
5701 111 has taken a fork
5701 111 is eating
5701 123 is thinking
5701 123 has taken a fork
5701 123 has taken a fork
5701 123 is eating
5702 121 is thinking
5702 121 has taken a fork
5702 121 has taken a fork
5702 121 is eating
5702 23 is thinking
5702 23 has taken a fork
5702 23 has taken a fork
5702 23 is eating
5702 129 is thinking
5702 129 has taken a fork
5702 129 has taken a fork
5702 129 is eating
5702 189 is thinking
5702 189 has taken a fork
5702 189 has taken a fork
5702 189 is eating
5702 25 is thinking
5702 25 has taken a fork
5702 25 has taken a fork
5702 25 is eating
5702 43 is thinking
5702 43 has taken a fork
5702 43 has taken a fork
5702 43 is eating
5702 173 is thinking
5702 173 has taken a fork
5702 173 has taken a fork
5702 173 is eating
5703 103 is thinking
5703 103 has taken a fork
5703 103 has taken a fork
5703 103 is eating
5703 35 is thinking
5703 35 has taken a fork
5703 35 has taken a fork
5703 35 is eating
5703 45 is thinking
5703 45 has taken a fork
5703 45 has taken a fork
5703 45 is eating
5704 157 is thinking
5704 157 has taken a fork
5704 157 has taken a fork
5704 157 is eating
5704 55 is thinking
5704 89 is thinking
5704 55 has taken a fork
5704 55 has taken a fork
5704 55 is eating
5704 37 is thinking
5704 37 has taken a fork
5704 37 has taken a fork
5704 37 is eating
5704 185 is thinking
5704 185 has taken a fork
5704 185 has taken a fork
5704 185 is eating
5704 41 is thinking
5704 41 has taken a fork
5704 41 has taken a fork
5704 41 is eating
5704 171 is thinking
5704 171 has taken a fork
5704 171 has taken a fork
5704 171 is eating
5704 101 is thinking
5704 101 has taken a fork
5704 101 has taken a fork
5704 101 is eating
5704 51 is thinking
5704 51 has taken a fork
5704 51 has taken a fork
5704 51 is eating
5704 177 is thinking
5704 177 has taken a fork
5704 177 has taken a fork
5704 177 is eating
5704 3 is thinking
5704 3 has taken a fork
5704 3 has taken a fork
5704 3 is eating
5704 29 is thinking
5704 29 has taken a fork
5704 29 has taken a fork
5704 29 is eating
5704 179 is thinking
5704 179 has taken a fork
5704 179 has taken a fork
5704 179 is eating
5704 93 is thinking
5704 93 has taken a fork
5704 93 has taken a fork
5704 93 is eating
5704 109 is thinking
5704 109 has taken a fork
5704 109 has taken a fork
5704 109 is eating
5705 97 is thinking
5705 97 has taken a fork
5705 97 has taken a fork
5705 97 is eating
5705 195 is thinking
5705 59 is thinking
5705 59 has taken a fork
5705 59 has taken a fork
5705 59 is eating
5705 63 is thinking
5705 63 has taken a fork
5705 63 has taken a fork
5705 63 is eating
5705 17 is thinking
5705 17 has taken a fork
5705 17 has taken a fork
5705 17 is eating
5705 149 is thinking
5705 149 has taken a fork
5705 149 has taken a fork
5705 149 is eating
5705 195 has taken a fork
5705 195 has taken a fork
5705 195 is eating
5705 89 has taken a fork
5705 89 has taken a fork
5705 89 is eating
5705 147 is thinking
5705 147 has taken a fork
5705 147 has taken a fork
5705 147 is eating
5705 145 is thinking
5705 145 has taken a fork
5705 145 has taken a fork
5705 145 is eating
5705 71 is thinking
5705 71 has taken a fork
5705 71 has taken a fork
5705 71 is eating
5705 9 is thinking
5705 9 has taken a fork
5705 9 has taken a fork
5705 9 is eating
5705 139 is thinking
5705 139 has taken a fork
5705 139 has taken a fork
5705 139 is eating
5705 1 is thinking
5705 1 has taken a fork
5705 1 has taken a fork
5705 1 is eating
5705 87 is thinking
5705 87 has taken a fork
5705 87 has taken a fork
5705 87 is eating
5705 95 is thinking
5705 95 has taken a fork
5705 95 has taken a fork
5705 95 is eating
5705 197 is thinking
5705 197 has taken a fork
5705 197 has taken a fork
5705 197 is eating
5706 135 is thinking
5706 135 has taken a fork
5706 135 has taken a fork
5706 135 is eating
5706 13 is thinking
5706 13 has taken a fork
5706 13 has taken a fork
5706 13 is eating
5706 47 is thinking
5706 47 has taken a fork
5706 47 has taken a fork
5706 47 is eating
5706 161 is thinking
5706 161 has taken a fork
5706 161 has taken a fork
5706 161 is eating
5706 53 is thinking
5706 53 has taken a fork
5706 53 has taken a fork
5706 53 is eating
5706 133 is thinking
5706 133 has taken a fork
5706 133 has taken a fork
5706 133 is eating
5707 199 is thinking
5707 5 is thinking
5707 5 has taken a fork
5707 5 has taken a fork
5707 5 is eating
5707 165 is thinking
5707 165 has taken a fork
5707 165 has taken a fork
5707 165 is eating
5707 131 is thinking
5707 131 has taken a fork
5707 131 has taken a fork
5707 131 is eating
5707 181 is thinking
5707 181 has taken a fork
5707 181 has taken a fork
5707 181 is eating
5707 143 is thinking
5707 143 has taken a fork
5707 143 has taken a fork
5707 143 is eating
5707 61 is thinking
5707 61 has taken a fork
5707 61 has taken a fork
5707 61 is eating
5707 57 is thinking
5707 57 has taken a fork
5707 57 has taken a fork
5707 57 is eating
5707 199 has taken a fork
5707 199 has taken a fork
5707 199 is eating
5707 163 is thinking
5707 163 has taken a fork
5707 163 has taken a fork
5707 163 is eating
5707 183 is thinking
5707 183 has taken a fork
5707 183 has taken a fork
5707 183 is eating
5707 167 is thinking
5707 167 has taken a fork
5707 167 has taken a fork
5707 167 is eating
5708 19 is thinking
5708 19 has taken a fork
5708 19 has taken a fork
5708 19 is eating
5708 39 is thinking
5708 39 has taken a fork
5708 39 has taken a fork
5708 39 is eating
5708 127 is thinking
5708 127 has taken a fork
5708 127 has taken a fork
5708 127 is eating
5708 115 is thinking
5708 115 has taken a fork
5708 115 has taken a fork
5708 115 is eating
5708 83 is thinking
5708 83 has taken a fork
5708 83 has taken a fork
5708 83 is eating
5708 193 is thinking
5708 193 has taken a fork
5708 193 has taken a fork
5708 193 is eating
5708 75 is thinking
5708 31 is thinking
5708 31 has taken a fork
5708 31 has taken a fork
5708 31 is eating
5708 75 has taken a fork
5708 75 has taken a fork
5708 75 is eating
5708 91 is thinking
5708 91 has taken a fork
5708 91 has taken a fork
5708 91 is eating
5708 49 is thinking
5708 49 has taken a fork
5708 49 has taken a fork
5708 49 is eating
5708 155 is thinking
5708 155 has taken a fork
5708 155 has taken a fork
5708 155 is eating
5708 153 is thinking
5708 153 has taken a fork
5708 153 has taken a fork
5708 153 is eating
5708 187 is thinking
5708 187 has taken a fork
5708 187 has taken a fork
5708 187 is eating
5708 33 is thinking
5708 33 has taken a fork
5708 33 has taken a fork
5708 33 is eating
5708 125 is thinking
5708 125 has taken a fork
5708 125 has taken a fork
5708 125 is eating
5708 151 is thinking
5709 151 has taken a fork
5709 151 has taken a fork
5709 151 is eating
5709 113 is thinking
5709 113 has taken a fork
5709 113 has taken a fork
5709 113 is eating
5709 21 is thinking
5709 21 has taken a fork
5709 21 has taken a fork
5709 21 is eating
5709 169 is thinking
5709 169 has taken a fork
5709 169 has taken a fork
5709 169 is eating
5709 99 is thinking
5709 99 has taken a fork
5709 99 has taken a fork
5709 99 is eating
5709 67 is thinking
5709 67 has taken a fork
5709 67 has taken a fork
5709 67 is eating
5709 15 is thinking
5709 15 has taken a fork
5709 15 has taken a fork
5709 15 is eating
5709 79 is thinking
5709 79 has taken a fork
5709 79 has taken a fork
5709 79 is eating
5710 81 is thinking
5710 81 has taken a fork
5710 81 has taken a fork
5710 81 is eating
5712 69 is thinking
5712 69 has taken a fork
5712 69 has taken a fork
5712 69 is eating
5713 11 is thinking
5713 11 has taken a fork
5713 11 has taken a fork
5713 11 is eating
5713 191 is thinking
5713 191 has taken a fork
5713 191 has taken a fork
5713 191 is eating
5713 119 is thinking
5713 119 has taken a fork
5713 119 has taken a fork
5713 119 is eating
5714 137 is thinking
5714 137 has taken a fork
5714 137 has taken a fork
5714 137 is eating
5715 77 is thinking
5715 77 has taken a fork
5715 77 has taken a fork
5715 77 is eating
5717 159 is thinking
5717 159 has taken a fork
5717 159 has taken a fork
5717 159 is eating
5800 73 is sleeping
5800 65 is sleeping
5800 107 is sleeping
5801 27 is sleeping
5801 85 is sleeping
5801 111 is sleeping
5801 175 is sleeping
5801 123 is sleeping
5801 117 is sleeping
5801 141 is sleeping
5801 7 is sleeping
5801 105 is sleeping
5802 189 is sleeping
5802 25 is sleeping
5802 23 is sleeping
5802 173 is sleeping
5802 121 is sleeping
5802 129 is sleeping
5802 43 is sleeping
5803 45 is sleeping
5803 103 is sleeping
5803 35 is sleeping
5804 177 is sleeping
5804 171 is sleeping
5804 41 is sleeping
5804 55 is sleeping
5804 37 is sleeping
5804 157 is sleeping
5804 24 is thinking
5804 24 has taken a fork
5804 24 has taken a fork
5804 24 is eating
5804 185 is sleeping
5804 26 is thinking
5804 26 has taken a fork
5804 26 has taken a fork
5804 26 is eating
5804 101 is sleeping
5804 179 is sleeping
5804 51 is sleeping
5804 3 is sleeping
5804 93 is sleeping
5804 109 is sleeping
5805 95 is sleeping
5805 64 is thinking
5805 147 is sleeping
5805 63 is sleeping
5805 174 is thinking
5805 174 has taken a fork
5805 174 has taken a fork
5805 174 is eating
5805 29 is sleeping
5805 195 is sleeping
5805 59 is sleeping
5805 71 is sleeping
5805 9 is sleeping
5805 87 is sleeping
5805 89 is sleeping
5805 44 is thinking
5805 149 is sleeping
5805 1 is sleeping
5805 17 is sleeping
5805 44 has taken a fork
5805 44 has taken a fork
5805 44 is eating
5805 139 is sleeping
5805 64 has taken a fork
5805 64 has taken a fork
5805 64 is eating
5805 145 is sleeping
5805 197 is sleeping
5806 53 is sleeping
5806 112 is thinking
5806 133 is sleeping
5806 47 is sleeping
5806 97 is sleeping
5806 161 is sleeping
5806 2 is thinking
5806 2 has taken a fork
5806 2 has taken a fork
5806 2 is eating
5806 135 is sleeping
5806 13 is sleeping
5806 16 is thinking
5806 172 is thinking
5806 172 has taken a fork
5806 172 has taken a fork
5806 172 is eating
5807 57 is sleeping
5807 61 is sleeping
5807 182 is thinking
5807 163 is sleeping
5807 131 is sleeping
5807 181 is sleeping
5807 143 is sleeping
5807 34 is thinking
5807 5 is sleeping
5807 122 is thinking
5807 122 has taken a fork
5807 122 has taken a fork
5807 122 is eating
5807 167 is sleeping
5807 199 is sleeping
5807 142 is thinking
5807 142 has taken a fork
5807 142 has taken a fork
5807 142 is eating
5807 183 is sleeping
5807 4 is thinking
5807 4 has taken a fork
5807 4 has taken a fork
5807 4 is eating
5807 165 is sleeping
5807 146 is thinking
5807 146 has taken a fork
5807 146 has taken a fork
5807 146 is eating
5807 182 has taken a fork
5807 182 has taken a fork
5807 182 is eating
5808 83 is sleeping
5808 156 is thinking
5808 155 is sleeping
5808 75 is sleeping
5808 49 is sleeping
5808 125 is sleeping
5808 94 is thinking
5808 94 has taken a fork
5808 94 has taken a fork
5808 94 is eating
5808 187 is sleeping
5808 127 is sleeping
5808 39 is sleeping
5808 20 is thinking
5808 193 is sleeping
5808 33 is sleeping
5808 115 is sleeping
5808 91 is sleeping
5808 31 is sleeping
5808 156 has taken a fork
5808 156 has taken a fork
5808 156 is eating
5808 153 is sleeping
5808 34 has taken a fork
5808 34 has taken a fork
5808 34 is eating
5808 19 is sleeping
5808 28 is thinking
5808 28 has taken a fork
5808 28 has taken a fork
5808 28 is eating
5808 144 is thinking
5808 144 has taken a fork
5808 144 has taken a fork
5808 144 is eating
5809 113 is sleeping
5809 128 is thinking
5809 128 has taken a fork
5809 128 has taken a fork
5809 128 is eating
5809 184 is thinking
5809 184 has taken a fork
5809 184 has taken a fork
5809 184 is eating
5809 200 is thinking
5809 200 has taken a fork
5809 200 has taken a fork
5809 200 is eating
5809 112 has taken a fork
5809 112 has taken a fork
5809 112 is eating
5809 151 is sleeping
5809 99 is sleeping
5809 21 is sleeping
5809 169 is sleeping
5809 67 is sleeping
5809 130 is thinking
5809 130 has taken a fork
5809 130 has taken a fork
5809 130 is eating
5809 106 is thinking
5809 106 has taken a fork
5809 106 has taken a fork
5809 106 is eating
5809 20 has taken a fork
5809 20 has taken a fork
5809 20 is eating
5809 148 is thinking
5809 148 has taken a fork
5809 148 has taken a fork
5809 148 is eating
5809 15 is sleeping
5809 194 is thinking
5809 194 has taken a fork
5809 194 has taken a fork
5809 194 is eating
5809 16 has taken a fork
5809 16 has taken a fork
5809 16 is eating
5810 170 is thinking
5810 170 has taken a fork
5810 170 has taken a fork
5810 170 is eating
5810 79 is sleeping
5810 180 is thinking
5810 180 has taken a fork
5810 180 has taken a fork
5810 180 is eating
5810 66 is thinking
5810 66 has taken a fork
5810 66 has taken a fork
5810 66 is eating
5810 14 is thinking
5810 14 has taken a fork
5810 14 has taken a fork
5810 14 is eating
5810 96 is thinking
5810 96 has taken a fork
5810 96 has taken a fork
5810 96 is eating
5810 114 is thinking
5810 90 is thinking
5810 90 has taken a fork
5810 90 has taken a fork
5810 90 is eating
5810 22 is thinking
5810 22 has taken a fork
5810 22 has taken a fork
5810 22 is eating
5810 188 is thinking
5810 54 is thinking
5810 188 has taken a fork
5810 188 has taken a fork
5810 188 is eating
5810 54 has taken a fork
5810 54 has taken a fork
5810 54 is eating
5810 110 is thinking
5810 110 has taken a fork
5810 110 has taken a fork
5810 110 is eating
5810 60 is thinking
5810 18 is thinking
5810 18 has taken a fork
5810 18 has taken a fork
5810 18 is eating
5810 114 has taken a fork
5810 114 has taken a fork
5810 114 is eating
5810 80 is thinking
5810 80 has taken a fork
5810 80 has taken a fork
5810 80 is eating
5810 88 is thinking
5810 88 has taken a fork
5810 88 has taken a fork
5810 88 is eating
5810 166 is thinking
5810 166 has taken a fork
5810 166 has taken a fork
5810 166 is eating
5810 152 is thinking
5810 152 has taken a fork
5810 152 has taken a fork
5810 152 is eating
5810 42 is thinking
5810 42 has taken a fork
5810 42 has taken a fork
5810 42 is eating
5810 98 is thinking
5810 98 has taken a fork
5810 98 has taken a fork
5810 98 is eating
5810 60 has taken a fork
5810 60 has taken a fork
5810 60 is eating
5810 81 is sleeping
5810 6 is thinking
5810 6 has taken a fork
5810 6 has taken a fork
5810 6 is eating
5811 102 is thinking
5811 102 has taken a fork
5811 102 has taken a fork
5811 102 is eating
5811 46 is thinking
5811 46 has taken a fork
5811 46 has taken a fork
5811 46 is eating
5811 38 is thinking
5811 38 has taken a fork
5811 38 has taken a fork
5811 38 is eating
5811 72 is thinking
5811 72 has taken a fork
5811 72 has taken a fork
5811 72 is eating
5811 32 is thinking
5811 198 is thinking
5811 198 has taken a fork
5811 198 has taken a fork
5811 198 is eating
5811 30 is thinking
5811 30 has taken a fork
5811 30 has taken a fork
5811 30 is eating
5811 32 has taken a fork
5811 32 has taken a fork
5811 32 is eating
5811 62 is thinking
5811 62 has taken a fork
5811 62 has taken a fork
5811 62 is eating
5811 164 is thinking
5811 164 has taken a fork
5811 164 has taken a fork
5811 164 is eating
5811 50 is thinking
5811 50 has taken a fork
5811 50 has taken a fork
5811 50 is eating
5811 176 is thinking
5811 176 has taken a fork
5811 176 has taken a fork
5811 176 is eating
5811 116 is thinking
5811 116 has taken a fork
5811 116 has taken a fork
5811 116 is eating
5811 92 is thinking
5811 92 has taken a fork
5811 92 has taken a fork
5811 92 is eating
5811 40 is thinking
5811 40 has taken a fork
5811 40 has taken a fork
5811 40 is eating
5812 48 is thinking
5812 48 has taken a fork
5812 48 has taken a fork
5812 48 is eating
5812 69 is sleeping
5812 100 is thinking
5812 168 is thinking
5812 168 has taken a fork
5812 168 has taken a fork
5812 168 is eating
5812 100 has taken a fork
5812 100 has taken a fork
5812 100 is eating
5812 36 is thinking
5812 36 has taken a fork
5812 36 has taken a fork
5812 36 is eating
5812 134 is thinking
5812 134 has taken a fork
5812 134 has taken a fork
5812 134 is eating
5812 154 is thinking
5812 154 has taken a fork
5812 154 has taken a fork
5812 154 is eating
5812 132 is thinking
5812 132 has taken a fork
5812 132 has taken a fork
5812 132 is eating
5812 104 is thinking
5812 104 has taken a fork
5812 104 has taken a fork
5812 104 is eating
5812 140 is thinking
5812 140 has taken a fork
5812 140 has taken a fork
5812 140 is eating
5812 74 is thinking
5812 74 has taken a fork
5812 74 has taken a fork
5812 74 is eating
5812 178 is thinking
5812 178 has taken a fork
5812 178 has taken a fork
5812 178 is eating
5812 8 is thinking
5812 8 has taken a fork
5812 8 has taken a fork
5812 8 is eating
5812 162 is thinking
5812 162 has taken a fork
5812 162 has taken a fork
5812 162 is eating
5813 108 is thinking
5813 108 has taken a fork
5813 108 has taken a fork
5813 108 is eating
5813 150 is thinking
5813 150 has taken a fork
5813 150 has taken a fork
5813 150 is eating
5813 68 is thinking
5813 68 has taken a fork
5813 68 has taken a fork
5813 68 is eating
5813 191 is sleeping
5813 70 is thinking
5813 11 is sleeping
5813 70 has taken a fork
5813 70 has taken a fork
5813 70 is eating
5813 119 is sleeping
5813 124 is thinking
5813 124 has taken a fork
5813 124 has taken a fork
5813 124 is eating
5813 84 is thinking
5813 84 has taken a fork
5813 84 has taken a fork
5813 84 is eating
5814 120 is thinking
5814 120 has taken a fork
5814 120 has taken a fork
5814 120 is eating
5814 192 is thinking
5814 192 has taken a fork
5814 192 has taken a fork
5814 192 is eating
5814 137 is sleeping
5814 10 is thinking
5814 10 has taken a fork
5814 10 has taken a fork
5814 10 is eating
5815 77 is sleeping
5815 186 is thinking
5815 186 has taken a fork
5815 186 has taken a fork
5815 186 is eating
5815 118 is thinking
5815 118 has taken a fork
5815 118 has taken a fork
5815 118 is eating
5815 58 is thinking
5815 58 has taken a fork
5815 58 has taken a fork
5815 58 is eating
5815 82 is thinking
5815 82 has taken a fork
5815 82 has taken a fork
5815 82 is eating
5815 136 is thinking
5815 136 has taken a fork
5815 136 has taken a fork
5815 136 is eating
5815 56 is thinking
5815 56 has taken a fork
5815 56 has taken a fork
5815 56 is eating
5816 196 is thinking
5816 196 has taken a fork
5816 196 has taken a fork
5816 196 is eating
5816 190 is thinking
5816 190 has taken a fork
5816 190 has taken a fork
5816 190 is eating
5816 78 is thinking
5816 78 has taken a fork
5816 78 has taken a fork
5816 78 is eating
5816 12 is thinking
5816 12 has taken a fork
5816 12 has taken a fork
5816 12 is eating
5816 86 is thinking
5816 86 has taken a fork
5816 86 has taken a fork
5816 86 is eating
5816 126 is thinking
5816 126 has taken a fork
5816 126 has taken a fork
5816 126 is eating
5817 159 is sleeping
5817 52 is thinking
5817 52 has taken a fork
5817 52 has taken a fork
5817 52 is eating
5817 138 is thinking
5817 138 has taken a fork
5817 138 has taken a fork
5817 138 is eating
5817 76 is thinking
5817 76 has taken a fork
5817 76 has taken a fork
5817 76 is eating
5818 158 is thinking
5818 158 has taken a fork
5818 158 has taken a fork
5818 158 is eating
5818 160 is thinking
5818 160 has taken a fork
5818 160 has taken a fork
5818 160 is eating
5904 26 is sleeping
5904 24 is sleeping
5905 64 is sleeping
5905 44 is sleeping
5905 174 is sleeping
5906 2 is sleeping
5906 172 is sleeping
5907 182 is sleeping
5907 4 is sleeping
5907 146 is sleeping
5907 142 is sleeping
5907 122 is sleeping
5908 94 is sleeping
5908 34 is sleeping
5908 28 is sleeping
5908 156 is sleeping
5908 144 is sleeping
5909 112 is sleeping
5909 128 is sleeping
5909 184 is sleeping
5909 200 is sleeping
5909 130 is sleeping
5909 194 is sleeping
5909 106 is sleeping
5909 20 is sleeping
5909 16 is sleeping
5909 148 is sleeping
5910 90 is sleeping
5910 170 is sleeping
5910 66 is sleeping
5910 98 is sleeping
5910 110 is sleeping
5910 96 is sleeping
5910 18 is sleeping
5910 114 is sleeping
5910 54 is sleeping
5910 180 is sleeping
5910 22 is sleeping
5910 88 is sleeping
5910 80 is sleeping
5910 14 is sleeping
5910 42 is sleeping
5910 166 is sleeping
5910 60 is sleeping
5910 188 is sleeping
5910 152 is sleeping
5910 6 is sleeping
5911 164 is sleeping
5911 46 is sleeping
5911 32 is sleeping
5911 72 is sleeping
5911 30 is sleeping
5911 62 is sleeping
5911 116 is sleeping
5911 198 is sleeping
5912 134 is sleeping
5912 168 is sleeping
5912 36 is sleeping
5912 132 is sleeping
5912 48 is sleeping
5912 100 is sleeping
5912 178 is sleeping
5912 104 is sleeping
5912 74 is sleeping
5912 92 is sleeping
5912 176 is sleeping
5912 50 is sleeping
5912 140 is sleeping
5912 154 is sleeping
5912 38 is sleeping
5912 8 is sleeping
5912 40 is sleeping
5912 102 is sleeping
5913 70 is sleeping
5913 162 is sleeping
5913 108 is sleeping
5913 150 is sleeping
5913 84 is sleeping
5913 68 is sleeping
5913 124 is sleeping
5914 120 is sleeping
5914 10 is sleeping
5914 192 is sleeping
5915 56 is sleeping
5915 186 is sleeping
5915 58 is sleeping
5915 118 is sleeping
5915 82 is sleeping
5915 136 is sleeping
5916 196 is sleeping
5916 190 is sleeping
5916 78 is sleeping
5916 12 is sleeping
5916 86 is sleeping
5916 126 is sleeping
5917 52 is sleeping
5917 76 is sleeping
5917 138 is sleeping
5918 158 is sleeping
5918 160 is sleeping
6000 73 is thinking
6000 73 has taken a fork
6000 73 has taken a fork
6000 73 is eating
6000 65 is thinking
6000 65 has taken a fork
6000 65 has taken a fork
6000 65 is eating
6000 107 is thinking
6000 107 has taken a fork
6000 107 has taken a fork
6000 107 is eating
6001 105 is thinking
6001 105 has taken a fork
6001 105 has taken a fork
6001 105 is eating
6001 175 is thinking
6001 175 has taken a fork
6001 175 has taken a fork
6001 175 is eating
6001 123 is thinking
6001 123 has taken a fork
6001 123 has taken a fork
6001 123 is eating
6001 141 is thinking
6001 141 has taken a fork
6001 141 has taken a fork
6001 141 is eating
6001 111 is thinking
6001 111 has taken a fork
6001 111 has taken a fork
6001 111 is eating
6001 117 is thinking
6001 117 has taken a fork
6001 117 has taken a fork
6001 117 is eating
6001 85 is thinking
6001 85 has taken a fork
6001 85 has taken a fork
6001 85 is eating
6001 7 is thinking
6001 7 has taken a fork
6001 7 has taken a fork
6001 7 is eating
6001 27 is thinking
6001 27 has taken a fork
6001 27 has taken a fork
6001 27 is eating
6002 121 is thinking
6002 121 has taken a fork
6002 121 has taken a fork
6002 121 is eating
6002 173 is thinking
6002 173 has taken a fork
6002 173 has taken a fork
6002 173 is eating
6002 129 is thinking
6002 129 has taken a fork
6002 129 has taken a fork
6002 129 is eating
6002 189 is thinking
6002 189 has taken a fork
6002 189 has taken a fork
6002 189 is eating
6002 25 is thinking
6002 25 has taken a fork
6002 25 has taken a fork
6002 25 is eating
6002 43 is thinking
6002 43 has taken a fork
6002 43 has taken a fork
6002 43 is eating
6002 23 is thinking
6002 23 has taken a fork
6002 23 has taken a fork
6002 23 is eating
6003 103 is thinking
6003 103 has taken a fork
6003 103 has taken a fork
6003 103 is eating
6003 45 is thinking
6003 35 is thinking
6003 35 has taken a fork
6003 35 has taken a fork
6003 35 is eating
6003 45 has taken a fork
6003 45 has taken a fork
6003 45 is eating
6004 177 is thinking
6004 177 has taken a fork
6004 177 has taken a fork
6004 177 is eating
6004 51 is thinking
6004 179 is thinking
6004 51 has taken a fork
6004 51 has taken a fork
6004 51 is eating
6004 93 is thinking
6004 93 has taken a fork
6004 93 has taken a fork
6004 93 is eating
6004 3 is thinking
6004 3 has taken a fork
6004 3 has taken a fork
6004 3 is eating
6004 89 is thinking
6004 171 is thinking
6004 37 is thinking
6004 41 is thinking
6004 41 has taken a fork
6004 41 has taken a fork
6004 41 is eating
6004 89 has taken a fork
6004 89 has taken a fork
6004 89 is eating
6004 37 has taken a fork
6004 37 has taken a fork
6004 37 is eating
6004 185 is thinking
6004 185 has taken a fork
6004 185 has taken a fork
6004 185 is eating
6004 109 is thinking
6004 109 has taken a fork
6004 109 has taken a fork
6004 109 is eating
6004 179 has taken a fork
6004 179 has taken a fork
6004 179 is eating
6004 157 is thinking
6004 157 has taken a fork
6004 157 has taken a fork
6004 157 is eating
6004 101 is thinking
6004 101 has taken a fork
6004 101 has taken a fork
6004 101 is eating
6004 55 is thinking
6004 29 is thinking
6004 29 has taken a fork
6004 29 has taken a fork
6004 29 is eating
6004 55 has taken a fork
6004 55 has taken a fork
6004 55 is eating
6004 171 has taken a fork
6004 171 has taken a fork
6004 171 is eating
6005 145 is thinking
6005 145 has taken a fork
6005 145 has taken a fork
6005 145 is eating
6005 97 is thinking
6005 97 has taken a fork
6005 97 has taken a fork
6005 97 is eating
6005 149 is thinking
6005 149 has taken a fork
6005 149 has taken a fork
6005 149 is eating
6005 139 is thinking
6005 1 is thinking
6005 87 is thinking
6005 87 has taken a fork
6005 87 has taken a fork
6005 87 is eating
6005 9 is thinking
6005 9 has taken a fork
6005 9 has taken a fork
6005 9 is eating
6005 139 has taken a fork
6005 139 has taken a fork
6005 139 is eating
6005 1 has taken a fork
6005 1 has taken a fork
6005 1 is eating
6005 17 is thinking
6005 17 has taken a fork
6005 17 has taken a fork
6005 17 is eating
6005 59 is thinking
6005 95 is thinking
6005 95 has taken a fork
6005 95 has taken a fork
6005 95 is eating
6005 197 is thinking
6005 59 has taken a fork
6005 59 has taken a fork
6005 59 is eating
6005 71 is thinking
6005 71 has taken a fork
6005 71 has taken a fork
6005 71 is eating
6005 195 is thinking
6005 195 has taken a fork
6005 195 has taken a fork
6005 195 is eating
6005 63 is thinking
6005 63 has taken a fork
6005 63 has taken a fork
6005 63 is eating
6005 147 is thinking
6005 147 has taken a fork
6005 147 has taken a fork
6005 147 is eating
6005 197 has taken a fork
6005 197 has taken a fork
6005 197 is eating
6006 133 is thinking
6006 133 has taken a fork
6006 133 has taken a fork
6006 133 is eating
6006 47 is thinking
6006 47 has taken a fork
6006 47 has taken a fork
6006 47 is eating
6006 53 is thinking
6006 53 has taken a fork
6006 53 has taken a fork
6006 53 is eating
6006 13 is thinking
6006 13 has taken a fork
6006 13 has taken a fork
6006 13 is eating
6006 161 is thinking
6006 161 has taken a fork
6006 161 has taken a fork
6006 161 is eating
6006 135 is thinking
6006 135 has taken a fork
6006 135 has taken a fork
6006 135 is eating
6007 181 is thinking
6007 181 has taken a fork
6007 181 has taken a fork
6007 181 is eating
6007 167 is thinking
6007 167 has taken a fork
6007 167 has taken a fork
6007 167 is eating
6007 183 is thinking
6007 183 has taken a fork
6007 183 has taken a fork
6007 183 is eating
6007 131 is thinking
6007 131 has taken a fork
6007 131 has taken a fork
6007 131 is eating
6007 5 is thinking
6007 5 has taken a fork
6007 5 has taken a fork
6007 5 is eating
6007 165 is thinking
6007 165 has taken a fork
6007 165 has taken a fork
6007 165 is eating
6007 57 is thinking
6007 57 has taken a fork
6007 57 has taken a fork
6007 57 is eating
6007 163 is thinking
6007 163 has taken a fork
6007 163 has taken a fork
6007 163 is eating
6007 199 is thinking
6007 199 has taken a fork
6007 199 has taken a fork
6007 199 is eating
6007 61 is thinking
6007 61 has taken a fork
6007 61 has taken a fork
6007 61 is eating
6007 143 is thinking
6007 143 has taken a fork
6007 143 has taken a fork
6007 143 is eating
6008 193 is thinking
6008 193 has taken a fork
6008 193 has taken a fork
6008 193 is eating
6008 125 is thinking
6008 31 is thinking
6008 75 is thinking
6008 75 has taken a fork
6008 75 has taken a fork
6008 75 is eating
6008 31 has taken a fork
6008 31 has taken a fork
6008 31 is eating
6008 33 is thinking
6008 33 has taken a fork
6008 33 has taken a fork
6008 33 is eating
6008 115 is thinking
6008 115 has taken a fork
6008 115 has taken a fork
6008 115 is eating
6008 19 is thinking
6008 19 has taken a fork
6008 19 has taken a fork
6008 19 is eating
6008 49 is thinking
6008 49 has taken a fork
6008 49 has taken a fork
6008 49 is eating
6008 155 is thinking
6008 155 has taken a fork
6008 155 has taken a fork
6008 155 is eating
6008 127 is thinking
6008 127 has taken a fork
6008 127 has taken a fork
6008 127 is eating
6008 153 is thinking
6008 153 has taken a fork
6008 153 has taken a fork
6008 153 is eating
6008 187 is thinking
6008 187 has taken a fork
6008 187 has taken a fork
6008 187 is eating
6008 91 is thinking
6008 91 has taken a fork
6008 91 has taken a fork
6008 91 is eating
6008 83 is thinking
6008 83 has taken a fork
6008 83 has taken a fork
6008 83 is eating
6008 39 is thinking
6008 39 has taken a fork
6008 39 has taken a fork
6008 39 is eating
6009 79 is thinking
6009 79 has taken a fork
6009 79 has taken a fork
6009 79 is eating
6009 15 is thinking
6009 15 has taken a fork
6009 15 has taken a fork
6009 15 is eating
6009 113 is thinking
6009 113 has taken a fork
6009 113 has taken a fork
6009 113 is eating
6009 99 is thinking
6009 99 has taken a fork
6009 99 has taken a fork
6009 99 is eating
6009 21 is thinking
6009 21 has taken a fork
6009 21 has taken a fork
6009 21 is eating
6009 67 is thinking
6009 67 has taken a fork
6009 67 has taken a fork
6009 67 is eating
6009 169 is thinking
6009 169 has taken a fork
6009 169 has taken a fork
6009 169 is eating
6009 125 has taken a fork
6009 125 has taken a fork
6009 125 is eating
6009 151 is thinking
6009 151 has taken a fork
6009 151 has taken a fork
6009 151 is eating
6010 81 is thinking
6010 81 has taken a fork
6010 81 has taken a fork
6010 81 is eating
6012 69 is thinking
6012 69 has taken a fork
6012 69 has taken a fork
6012 69 is eating
6013 191 is thinking
6013 191 has taken a fork
6013 191 has taken a fork
6013 191 is eating
6013 119 is thinking
6013 119 has taken a fork
6013 119 has taken a fork
6013 119 is eating
6013 11 is thinking
6013 11 has taken a fork
6013 11 has taken a fork
6013 11 is eating
6014 137 is thinking
6014 137 has taken a fork
6014 137 has taken a fork
6014 137 is eating
6015 77 is thinking
6015 77 has taken a fork
6015 77 has taken a fork
6015 77 is eating
6017 159 is thinking
6017 159 has taken a fork
6017 159 has taken a fork
6017 159 is eating
6100 65 is sleeping
6100 107 is sleeping
6100 73 is sleeping
6101 7 is sleeping
6101 117 is sleeping
6101 105 is sleeping
6101 27 is sleeping
6101 111 is sleeping
6101 85 is sleeping
6101 175 is sleeping
6101 141 is sleeping
6101 123 is sleeping
6102 173 is sleeping
6102 23 is sleeping
6102 43 is sleeping
6102 189 is sleeping
6102 121 is sleeping
6102 129 is sleeping
6102 25 is sleeping
6103 45 is sleeping
6103 35 is sleeping
6103 103 is sleeping
6104 37 is sleeping
6104 3 is sleeping
6104 29 is sleeping
6104 177 is sleeping
6104 24 is thinking
6104 24 has taken a fork
6104 24 has taken a fork
6104 24 is eating
6104 93 is sleeping
6104 185 is sleeping
6104 26 is thinking
6104 26 has taken a fork
6104 26 has taken a fork
6104 26 is eating
6104 55 is sleeping
6104 41 is sleeping
6104 89 is sleeping
6104 157 is sleeping
6104 171 is sleeping
6104 51 is sleeping
6104 101 is sleeping
6104 109 is sleeping
6105 9 is sleeping
6105 179 is sleeping
6105 139 is sleeping
6105 44 is thinking
6105 44 has taken a fork
6105 44 has taken a fork
6105 44 is eating
6105 59 is sleeping
6105 147 is sleeping
6105 149 is sleeping
6105 63 is sleeping
6105 195 is sleeping
6105 197 is sleeping
6105 97 is sleeping
6105 64 is thinking
6105 64 has taken a fork
6105 64 has taken a fork
6105 64 is eating
6105 95 is sleeping
6105 87 is sleeping
6105 174 is thinking
6105 174 has taken a fork
6105 174 has taken a fork
6105 174 is eating
6105 71 is sleeping
6105 1 is sleeping
6105 17 is sleeping
6105 145 is sleeping
6106 135 is sleeping
6106 133 is sleeping
6106 172 is thinking
6106 172 has taken a fork
6106 172 has taken a fork
6106 172 is eating
6106 161 is sleeping
6106 53 is sleeping
6106 2 is thinking
6106 2 has taken a fork
6106 2 has taken a fork
6106 2 is eating
6107 199 is sleeping
6107 61 is sleeping
6107 131 is sleeping
6107 57 is sleeping
6107 163 is sleeping
6107 4 is thinking
6107 122 is thinking
6107 122 has taken a fork
6107 122 has taken a fork
6107 122 is eating
6107 146 is thinking
6107 146 has taken a fork
6107 146 has taken a fork
6107 146 is eating
6107 165 is sleeping
6107 5 is sleeping
6107 142 is thinking
6107 183 is sleeping
6107 4 has taken a fork
6107 4 has taken a fork
6107 4 is eating
6107 143 is sleeping
6107 142 has taken a fork
6107 142 has taken a fork
6107 142 is eating
6107 47 is sleeping
6107 182 is thinking
6107 181 is sleeping
6107 13 is sleeping
6107 167 is sleeping
6108 153 is sleeping
6108 34 is thinking
6108 193 is sleeping
6108 127 is sleeping
6108 187 is sleeping
6108 115 is sleeping
6108 155 is sleeping
6108 49 is sleeping
6108 39 is sleeping
6108 28 is thinking
6108 28 has taken a fork
6108 28 has taken a fork
6108 28 is eating
6108 33 is sleeping
6108 91 is sleeping
6108 83 is sleeping
6108 19 is sleeping
6108 34 has taken a fork
6108 34 has taken a fork
6108 34 is eating
6109 169 is sleeping
6109 130 is thinking
6109 130 has taken a fork
6109 130 has taken a fork
6109 130 is eating
6109 16 is thinking
6109 15 is sleeping
6109 194 is thinking
6109 194 has taken a fork
6109 194 has taken a fork
6109 194 is eating
6109 112 is thinking
6109 184 is thinking
6109 184 has taken a fork
6109 184 has taken a fork
6109 184 is eating
6109 20 is thinking
6109 151 is sleeping
6109 200 is thinking
6109 200 has taken a fork
6109 200 has taken a fork
6109 200 is eating
6109 67 is sleeping
6109 106 is thinking
6109 106 has taken a fork
6109 106 has taken a fork
6109 106 is eating
6109 21 is sleeping
6109 125 is sleeping
6109 16 has taken a fork
6109 16 has taken a fork
6109 16 is eating
6109 128 is thinking
6109 128 has taken a fork
6109 128 has taken a fork
6109 128 is eating
6109 20 has taken a fork
6109 20 has taken a fork
6109 20 is eating
6110 152 is thinking
6110 152 has taken a fork
6110 152 has taken a fork
6110 152 is eating
6110 81 is sleeping
6110 14 is thinking
6110 14 has taken a fork
6110 14 has taken a fork
6110 14 is eating
6110 18 is thinking
6110 6 is thinking
6110 166 is thinking
6110 166 has taken a fork
6110 166 has taken a fork
6110 166 is eating
6110 18 has taken a fork
6110 18 has taken a fork
6110 18 is eating
6110 79 is sleeping
6110 148 is thinking
6110 144 is thinking
6110 80 is thinking
6110 80 has taken a fork
6110 80 has taken a fork
6110 80 is eating
6110 98 is thinking
6110 98 has taken a fork
6110 98 has taken a fork
6110 98 is eating
6110 114 is thinking
6110 114 has taken a fork
6110 114 has taken a fork
6110 114 is eating
6110 54 is thinking
6110 54 has taken a fork
6110 54 has taken a fork
6110 54 is eating
6110 96 is thinking
6110 96 has taken a fork
6110 96 has taken a fork
6110 96 is eating
6110 188 is thinking
6110 188 has taken a fork
6110 188 has taken a fork
6110 188 is eating
6110 6 has taken a fork
6110 6 has taken a fork
6110 6 is eating
6110 112 has taken a fork
6110 112 has taken a fork
6110 112 is eating
6110 42 is thinking
6110 42 has taken a fork
6110 42 has taken a fork
6110 42 is eating
6110 60 is thinking
6110 60 has taken a fork
6110 60 has taken a fork
6110 60 is eating
6111 90 is thinking
6111 90 has taken a fork
6111 90 has taken a fork
6111 90 is eating
6111 72 is thinking
6111 72 has taken a fork
6111 72 has taken a fork
6111 72 is eating
6111 50 is thinking
6111 50 has taken a fork
6111 50 has taken a fork
6111 50 is eating
6111 62 is thinking
6111 32 is thinking
6111 32 has taken a fork
6111 32 has taken a fork
6111 32 is eating
6111 164 is thinking
6111 164 has taken a fork
6111 164 has taken a fork
6111 164 is eating
6111 92 is thinking
6111 92 has taken a fork
6111 92 has taken a fork
6111 92 is eating
6111 62 has taken a fork
6111 62 has taken a fork
6111 62 is eating
6111 22 is thinking
6111 22 has taken a fork
6111 22 has taken a fork
6111 22 is eating
6111 170 is thinking
6111 170 has taken a fork
6111 170 has taken a fork
6111 170 is eating
6111 198 is thinking
6111 198 has taken a fork
6111 198 has taken a fork
6111 198 is eating
6111 30 is thinking
6111 30 has taken a fork
6111 30 has taken a fork
6111 30 is eating
6111 176 is thinking
6111 176 has taken a fork
6111 176 has taken a fork
6111 176 is eating
6111 99 is sleeping
6111 38 is thinking
6111 38 has taken a fork
6111 38 has taken a fork
6111 38 is eating
6111 102 is thinking
6111 102 has taken a fork
6111 102 has taken a fork
6111 102 is eating
6111 148 has taken a fork
6111 148 has taken a fork
6111 148 is eating
6112 162 is thinking
6112 162 has taken a fork
6112 162 has taken a fork
6112 162 is eating
6112 132 is thinking
6112 132 has taken a fork
6112 132 has taken a fork
6112 132 is eating
6112 154 is thinking
6112 154 has taken a fork
6112 154 has taken a fork
6112 154 is eating
6112 178 is thinking
6112 178 has taken a fork
6112 178 has taken a fork
6112 178 is eating
6112 74 is thinking
6112 74 has taken a fork
6112 74 has taken a fork
6112 74 is eating
6112 116 is thinking
6112 116 has taken a fork
6112 116 has taken a fork
6112 116 is eating
6112 104 is thinking
6112 104 has taken a fork
6112 104 has taken a fork
6112 104 is eating
6112 140 is thinking
6112 140 has taken a fork
6112 140 has taken a fork
6112 140 is eating
6112 46 is thinking
6112 46 has taken a fork
6112 46 has taken a fork
6112 46 is eating
6112 48 is thinking
6112 48 has taken a fork
6112 48 has taken a fork
6112 48 is eating
6112 8 is thinking
6112 8 has taken a fork
6112 8 has taken a fork
6112 8 is eating
6112 110 is thinking
6112 110 has taken a fork
6112 110 has taken a fork
6112 110 is eating
6112 134 is thinking
6112 134 has taken a fork
6112 134 has taken a fork
6112 134 is eating
6112 168 is thinking
6112 168 has taken a fork
6112 168 has taken a fork
6112 168 is eating
6112 36 is thinking
6112 36 has taken a fork
6112 36 has taken a fork
6112 36 is eating
6112 100 is thinking
6112 100 has taken a fork
6112 100 has taken a fork
6112 100 is eating
6113 84 is thinking
6113 84 has taken a fork
6113 84 has taken a fork
6113 84 is eating
6113 70 is thinking
6113 108 is thinking
6113 108 has taken a fork
6113 108 has taken a fork
6113 108 is eating
6113 124 is thinking
6113 124 has taken a fork
6113 124 has taken a fork
6113 124 is eating
6113 11 is sleeping
6113 150 is thinking
6113 150 has taken a fork
6113 150 has taken a fork
6113 150 is eating
6113 191 is sleeping
6113 144 has taken a fork
6113 144 has taken a fork
6113 144 is eating
6113 68 is thinking
6113 113 is sleeping
6113 40 is thinking
6113 40 has taken a fork
6113 40 has taken a fork
6113 40 is eating
6113 119 is sleeping
6113 182 has taken a fork
6113 182 has taken a fork
6113 182 is eating
6113 180 is thinking
6113 180 has taken a fork
6113 180 has taken a fork
6113 180 is eating
6113 69 is sleeping
6113 156 is thinking
6113 156 has taken a fork
6113 156 has taken a fork
6113 156 is eating
6114 70 has taken a fork
6114 70 has taken a fork
6114 70 is eating
6114 120 is thinking
6114 120 has taken a fork
6114 120 has taken a fork
6114 120 is eating
6114 68 has taken a fork
6114 68 has taken a fork
6114 68 is eating
6114 66 is thinking
6114 66 has taken a fork
6114 66 has taken a fork
6114 66 is eating
6114 75 is sleeping
6114 88 is thinking
6114 88 has taken a fork
6114 88 has taken a fork
6114 88 is eating
6114 94 is thinking
6114 94 has taken a fork
6114 94 has taken a fork
6114 94 is eating
6114 192 is thinking
6114 192 has taken a fork
6114 192 has taken a fork
6114 192 is eating
6114 137 is sleeping
6115 186 is thinking
6115 186 has taken a fork
6115 186 has taken a fork
6115 186 is eating
6115 56 is thinking
6115 56 has taken a fork
6115 56 has taken a fork
6115 56 is eating
6115 82 is thinking
6115 82 has taken a fork
6115 82 has taken a fork
6115 82 is eating
6115 118 is thinking
6115 118 has taken a fork
6115 118 has taken a fork
6115 118 is eating
6115 10 is thinking
6115 10 has taken a fork
6115 10 has taken a fork
6115 10 is eating
6115 58 is thinking
6115 58 has taken a fork
6115 58 has taken a fork
6115 58 is eating
6115 136 is thinking
6115 136 has taken a fork
6115 136 has taken a fork
6115 136 is eating
6115 77 is sleeping
6116 86 is thinking
6116 86 has taken a fork
6116 86 has taken a fork
6116 86 is eating
6116 196 is thinking
6116 196 has taken a fork
6116 196 has taken a fork
6116 196 is eating
6116 190 is thinking
6116 190 has taken a fork
6116 190 has taken a fork
6116 190 is eating
6116 78 is thinking
6116 78 has taken a fork
6116 78 has taken a fork
6116 78 is eating
6116 12 is thinking
6116 12 has taken a fork
6116 12 has taken a fork
6116 12 is eating
6117 138 is thinking
6117 138 has taken a fork
6117 138 has taken a fork
6117 138 is eating
6117 159 is sleeping
6117 76 is thinking
6117 76 has taken a fork
6117 76 has taken a fork
6117 76 is eating
6117 52 is thinking
6117 52 has taken a fork
6117 52 has taken a fork
6117 52 is eating
6117 126 is thinking
6117 126 has taken a fork
6117 126 has taken a fork
6117 126 is eating
6117 31 is sleeping
6118 160 is thinking
6118 160 has taken a fork
6118 160 has taken a fork
6118 160 is eating
6118 158 is thinking
6118 158 has taken a fork
6118 158 has taken a fork
6118 158 is eating
6204 26 is sleeping
6204 24 is sleeping
6205 64 is sleeping
6205 174 is sleeping
6205 44 is sleeping
6206 2 is sleeping
6206 172 is sleeping
6207 142 is sleeping
6207 4 is sleeping
6207 122 is sleeping
6207 146 is sleeping
6208 28 is sleeping
6208 34 is sleeping
6209 128 is sleeping
6209 184 is sleeping
6209 200 is sleeping
6209 106 is sleeping
6209 194 is sleeping
6209 20 is sleeping
6209 130 is sleeping
6209 16 is sleeping
6210 60 is sleeping
6210 98 is sleeping
6210 114 is sleeping
6210 112 is sleeping
6210 188 is sleeping
6210 166 is sleeping
6210 96 is sleeping
6210 14 is sleeping
6210 42 is sleeping
6210 152 is sleeping
6210 80 is sleeping
6210 54 is sleeping
6210 6 is sleeping
6210 18 is sleeping
6211 102 is sleeping
6211 50 is sleeping
6211 62 is sleeping
6211 32 is sleeping
6211 38 is sleeping
6211 72 is sleeping
6211 90 is sleeping
6211 30 is sleeping
6211 198 is sleeping
6211 164 is sleeping
6211 176 is sleeping
6211 22 is sleeping
6211 92 is sleeping
6211 148 is sleeping
6211 170 is sleeping
6212 104 is sleeping
6212 134 is sleeping
6212 48 is sleeping
6212 140 is sleeping
6212 110 is sleeping
6212 8 is sleeping
6212 46 is sleeping
6212 144 is sleeping
6212 162 is sleeping
6212 116 is sleeping
6212 154 is sleeping
6212 168 is sleeping
6212 182 is sleeping
6212 74 is sleeping
6212 100 is sleeping
6212 132 is sleeping
6212 178 is sleeping
6213 124 is sleeping
6213 150 is sleeping
6213 108 is sleeping
6213 40 is sleeping
6213 156 is sleeping
6213 84 is sleeping
6214 68 is sleeping
6214 120 is sleeping
6214 94 is sleeping
6214 70 is sleeping
6214 192 is sleeping
6214 180 is sleeping
6214 66 is sleeping
6214 36 is sleeping
6214 88 is sleeping
6215 186 is sleeping
6215 58 is sleeping
6215 136 is sleeping
6215 82 is sleeping
6215 10 is sleeping
6215 118 is sleeping
6215 56 is sleeping
6216 78 is sleeping
6216 12 is sleeping
6216 190 is sleeping
6216 86 is sleeping
6216 196 is sleeping
6217 52 is sleeping
6217 76 is sleeping
6217 126 is sleeping
6217 138 is sleeping
6218 158 is sleeping
6219 160 is sleeping
6300 73 is thinking
6300 73 has taken a fork
6300 73 has taken a fork
6300 73 is eating
6300 107 is thinking
6300 107 has taken a fork
6300 107 has taken a fork
6300 107 is eating
6300 65 is thinking
6300 65 has taken a fork
6300 65 has taken a fork
6300 65 is eating
6301 105 is thinking
6301 105 has taken a fork
6301 105 has taken a fork
6301 105 is eating
6301 27 is thinking
6301 27 has taken a fork
6301 27 has taken a fork
6301 27 is eating
6301 7 is thinking
6301 7 has taken a fork
6301 7 has taken a fork
6301 7 is eating
6301 117 is thinking
6301 117 has taken a fork
6301 117 has taken a fork
6301 117 is eating
6301 175 is thinking
6301 175 has taken a fork
6301 175 has taken a fork
6301 175 is eating
6301 123 is thinking
6301 123 has taken a fork
6301 123 has taken a fork
6301 123 is eating
6301 85 is thinking
6301 85 has taken a fork
6301 85 has taken a fork
6301 85 is eating
6301 111 is thinking
6301 111 has taken a fork
6301 111 has taken a fork
6301 111 is eating
6301 141 is thinking
6301 141 has taken a fork
6301 141 has taken a fork
6301 141 is eating
6302 189 is thinking
6302 189 has taken a fork
6302 189 has taken a fork
6302 189 is eating
6302 121 is thinking
6302 121 has taken a fork
6302 121 has taken a fork
6302 121 is eating
6302 43 is thinking
6302 43 has taken a fork
6302 43 has taken a fork
6302 43 is eating
6302 25 is thinking
6302 25 has taken a fork
6302 25 has taken a fork
6302 25 is eating
6302 173 is thinking
6302 173 has taken a fork
6302 173 has taken a fork
6302 173 is eating
6302 129 is thinking
6302 129 has taken a fork
6302 129 has taken a fork
6302 129 is eating
6302 23 is thinking
6302 23 has taken a fork
6302 23 has taken a fork
6302 23 is eating
6303 45 is thinking
6303 45 has taken a fork
6303 45 has taken a fork
6303 45 is eating
6303 35 is thinking
6303 35 has taken a fork
6303 35 has taken a fork
6303 35 is eating
6303 103 is thinking
6303 103 has taken a fork
6303 103 has taken a fork
6303 103 is eating
6304 185 is thinking
6304 185 has taken a fork
6304 185 has taken a fork
6304 185 is eating
6304 3 is thinking
6304 3 has taken a fork
6304 3 has taken a fork
6304 3 is eating
6304 177 is thinking
6304 177 has taken a fork
6304 177 has taken a fork
6304 177 is eating
6304 37 is thinking
6304 37 has taken a fork
6304 37 has taken a fork
6304 37 is eating
6304 51 is thinking
6304 51 has taken a fork
6304 51 has taken a fork
6304 51 is eating
6304 93 is thinking
6304 93 has taken a fork
6304 93 has taken a fork
6304 93 is eating
6304 171 is thinking
6304 171 has taken a fork
6304 171 has taken a fork
6304 171 is eating
6304 29 is thinking
6304 29 has taken a fork
6304 29 has taken a fork
6304 29 is eating
6304 41 is thinking
6304 41 has taken a fork
6304 41 has taken a fork
6304 41 is eating
6304 55 is thinking
6304 55 has taken a fork
6304 55 has taken a fork
6304 55 is eating
6304 157 is thinking
6304 157 has taken a fork
6304 157 has taken a fork
6304 157 is eating
6304 101 is thinking
6304 101 has taken a fork
6304 101 has taken a fork
6304 101 is eating
6304 179 is thinking
6304 179 has taken a fork
6304 179 has taken a fork
6304 179 is eating
6304 109 is thinking
6304 109 has taken a fork
6304 109 has taken a fork
6304 109 is eating
6304 89 is thinking
6304 89 has taken a fork
6304 89 has taken a fork
6304 89 is eating
6305 139 is thinking
6305 139 has taken a fork
6305 139 has taken a fork
6305 139 is eating
6305 145 is thinking
6305 145 has taken a fork
6305 145 has taken a fork
6305 145 is eating
6305 149 is thinking
6305 149 has taken a fork
6305 149 has taken a fork
6305 149 is eating
6305 147 is thinking
6305 147 has taken a fork
6305 147 has taken a fork
6305 147 is eating
6305 195 is thinking
6305 63 is thinking
6305 63 has taken a fork
6305 63 has taken a fork
6305 63 is eating
6305 9 is thinking
6305 9 has taken a fork
6305 9 has taken a fork
6305 9 is eating
6305 97 is thinking
6305 97 has taken a fork
6305 97 has taken a fork
6305 97 is eating
6305 197 is thinking
6305 197 has taken a fork
6305 197 has taken a fork
6305 197 is eating
6305 71 is thinking
6305 71 has taken a fork
6305 71 has taken a fork
6305 71 is eating
6305 87 is thinking
6305 87 has taken a fork
6305 87 has taken a fork
6305 87 is eating
6305 59 is thinking
6305 59 has taken a fork
6305 59 has taken a fork
6305 59 is eating
6305 95 is thinking
6305 95 has taken a fork
6305 95 has taken a fork
6305 95 is eating
6305 195 has taken a fork
6305 195 has taken a fork
6305 195 is eating
6306 13 is thinking
6306 13 has taken a fork
6306 13 has taken a fork
6306 13 is eating
6306 47 is thinking
6306 47 has taken a fork
6306 47 has taken a fork
6306 47 is eating
6306 53 is thinking
6306 53 has taken a fork
6306 53 has taken a fork
6306 53 is eating
6306 133 is thinking
6306 133 has taken a fork
6306 133 has taken a fork
6306 133 is eating
6306 135 is thinking
6306 135 has taken a fork
6306 135 has taken a fork
6306 135 is eating
6306 161 is thinking
6306 161 has taken a fork
6306 161 has taken a fork
6306 161 is eating
6306 1 is thinking
6306 1 has taken a fork
6306 1 has taken a fork
6306 1 is eating
6306 17 is thinking
6306 17 has taken a fork
6306 17 has taken a fork
6306 17 is eating
6307 181 is thinking
6307 181 has taken a fork
6307 181 has taken a fork
6307 181 is eating
6307 183 is thinking
6307 183 has taken a fork
6307 183 has taken a fork
6307 183 is eating
6307 61 is thinking
6307 61 has taken a fork
6307 61 has taken a fork
6307 61 is eating
6307 165 is thinking
6307 165 has taken a fork
6307 165 has taken a fork
6307 165 is eating
6307 167 is thinking
6307 167 has taken a fork
6307 167 has taken a fork
6307 167 is eating
6307 57 is thinking
6307 57 has taken a fork
6307 57 has taken a fork
6307 57 is eating
6307 163 is thinking
6307 163 has taken a fork
6307 163 has taken a fork
6307 163 is eating
6307 199 is thinking
6307 199 has taken a fork
6307 199 has taken a fork
6307 199 is eating
6307 143 is thinking
6307 143 has taken a fork
6307 143 has taken a fork
6307 143 is eating
6307 131 is thinking
6307 131 has taken a fork
6307 131 has taken a fork
6307 131 is eating
6307 5 is thinking
6307 5 has taken a fork
6307 5 has taken a fork
6307 5 is eating
6308 115 is thinking
6308 115 has taken a fork
6308 115 has taken a fork
6308 115 is eating
6308 193 is thinking
6308 193 has taken a fork
6308 193 has taken a fork
6308 193 is eating
6308 31 is thinking
6308 31 has taken a fork
6308 31 has taken a fork
6308 31 is eating
6308 155 is thinking
6308 155 has taken a fork
6308 155 has taken a fork
6308 155 is eating
6308 153 is thinking
6308 153 has taken a fork
6308 153 has taken a fork
6308 153 is eating
6308 127 is thinking
6308 127 has taken a fork
6308 127 has taken a fork
6308 127 is eating
6308 125 is thinking
6308 125 has taken a fork
6308 125 has taken a fork
6308 125 is eating
6308 187 is thinking
6308 187 has taken a fork
6308 187 has taken a fork
6308 187 is eating
6308 49 is thinking
6308 49 has taken a fork
6308 49 has taken a fork
6308 49 is eating
6308 33 is thinking
6308 33 has taken a fork
6308 33 has taken a fork
6308 33 is eating
6308 91 is thinking
6308 91 has taken a fork
6308 91 has taken a fork
6308 91 is eating
6308 83 is thinking
6308 83 has taken a fork
6308 83 has taken a fork
6308 83 is eating
6308 75 is thinking
6308 75 has taken a fork
6308 75 has taken a fork
6308 75 is eating
6308 19 is thinking
6308 39 is thinking
6308 39 has taken a fork
6308 39 has taken a fork
6308 39 is eating
6309 169 is thinking
6309 15 is thinking
6309 15 has taken a fork
6309 15 has taken a fork
6309 15 is eating
6309 113 is thinking
6309 113 has taken a fork
6309 113 has taken a fork
6309 113 is eating
6309 67 is thinking
6309 67 has taken a fork
6309 67 has taken a fork
6309 67 is eating
6309 19 has taken a fork
6309 19 has taken a fork
6309 19 is eating
6309 169 has taken a fork
6309 169 has taken a fork
6309 169 is eating
6309 79 is thinking
6309 79 has taken a fork
6309 79 has taken a fork
6309 79 is eating
6309 21 is thinking
6309 21 has taken a fork
6309 21 has taken a fork
6309 21 is eating
6309 151 is thinking
6309 151 has taken a fork
6309 151 has taken a fork
6309 151 is eating
6309 99 is thinking
6309 99 has taken a fork
6309 99 has taken a fork
6309 99 is eating
6310 81 is thinking
6310 81 has taken a fork
6310 81 has taken a fork
6310 81 is eating
6312 69 is thinking
6312 69 has taken a fork
6312 69 has taken a fork
6312 69 is eating
6313 119 is thinking
6313 119 has taken a fork
6313 119 has taken a fork
6313 119 is eating
6313 11 is thinking
6313 11 has taken a fork
6313 11 has taken a fork
6313 11 is eating
6313 191 is thinking
6313 191 has taken a fork
6313 191 has taken a fork
6313 191 is eating
6314 137 is thinking
6314 137 has taken a fork
6314 137 has taken a fork
6314 137 is eating
6316 77 is thinking
6316 77 has taken a fork
6316 77 has taken a fork
6316 77 is eating
6317 159 is thinking
6317 159 has taken a fork
6317 159 has taken a fork
6317 159 is eating
6400 107 is sleeping
6400 65 is sleeping
6400 73 is sleeping
6401 85 is sleeping
6401 123 is sleeping
6401 111 is sleeping
6401 175 is sleeping
6401 117 is sleeping
6401 27 is sleeping
6401 7 is sleeping
6401 141 is sleeping
6402 129 is sleeping
6402 189 is sleeping
6402 105 is sleeping
6402 173 is sleeping
6402 43 is sleeping
6402 121 is sleeping
6402 25 is sleeping
6403 23 is sleeping
6403 103 is sleeping
6403 35 is sleeping
6403 45 is sleeping
6404 89 is sleeping
6404 41 is sleeping
6404 55 is sleeping
6404 29 is sleeping
6404 101 is sleeping
6404 171 is sleeping
6404 26 is thinking
6404 26 has taken a fork
6404 26 has taken a fork
6404 26 is eating
6404 109 is sleeping
6404 51 is sleeping
6404 179 is sleeping
6404 24 is thinking
6404 24 has taken a fork
6404 24 has taken a fork
6404 24 is eating
6404 177 is sleeping
6404 157 is sleeping
6404 37 is sleeping
6404 3 is sleeping
6404 185 is sleeping
6404 93 is sleeping
6405 174 is thinking
6405 174 has taken a fork
6405 174 has taken a fork
6405 174 is eating
6405 95 is sleeping
6405 139 is sleeping
6405 59 is sleeping
6405 149 is sleeping
6405 87 is sleeping
6405 71 is sleeping
6405 195 is sleeping
6405 63 is sleeping
6405 97 is sleeping
6405 197 is sleeping
6405 145 is sleeping
6405 64 is thinking
6405 64 has taken a fork
6405 64 has taken a fork
6405 64 is eating
6406 44 is thinking
6406 44 has taken a fork
6406 44 has taken a fork
6406 44 is eating
6406 147 is sleeping
6406 13 is sleeping
6406 53 is sleeping
6406 172 is thinking
6406 172 has taken a fork
6406 172 has taken a fork
6406 172 is eating
6406 47 is sleeping
6406 133 is sleeping
6406 161 is sleeping
6406 2 is thinking
6406 135 is sleeping
6406 17 is sleeping
6406 1 is sleeping
6407 61 is sleeping
6407 183 is sleeping
6407 181 is sleeping
6407 122 is thinking
6407 122 has taken a fork
6407 122 has taken a fork
6407 122 is eating
6407 9 is sleeping
6407 167 is sleeping
6407 163 is sleeping
6407 199 is sleeping
6407 57 is sleeping
6407 165 is sleeping
6407 142 is thinking
6408 115 is sleeping
6408 143 is sleeping
6408 4 is thinking
6408 4 has taken a fork
6408 4 has taken a fork
6408 4 is eating
6408 75 is sleeping
6408 49 is sleeping
6408 155 is sleeping
6408 193 is sleeping
6408 131 is sleeping
6408 31 is sleeping
6408 28 is thinking
6408 28 has taken a fork
6408 28 has taken a fork
6408 28 is eating
6408 34 is thinking
6408 5 is sleeping
6408 146 is thinking
6408 127 is sleeping
6408 153 is sleeping
6408 91 is sleeping
6408 2 has taken a fork
6408 2 has taken a fork
6408 2 is eating
6408 83 is sleeping
6408 33 is sleeping
6408 34 has taken a fork
6408 34 has taken a fork
6408 34 is eating
6408 125 is sleeping
6409 187 is sleeping
6409 146 has taken a fork
6409 146 has taken a fork
6409 146 is eating
6409 142 has taken a fork
6409 142 has taken a fork
6409 142 is eating
6409 113 is sleeping
6409 106 is thinking
6409 106 has taken a fork
6409 106 has taken a fork
6409 106 is eating
6409 130 is thinking
6409 130 has taken a fork
6409 130 has taken a fork
6409 130 is eating
6409 16 is thinking
6409 151 is sleeping
6409 20 is thinking
6409 200 is thinking
6409 200 has taken a fork
6409 200 has taken a fork
6409 200 is eating
6409 79 is sleeping
6409 99 is sleeping
6409 128 is thinking
6409 128 has taken a fork
6409 128 has taken a fork
6409 128 is eating
6409 184 is thinking
6409 184 has taken a fork
6409 184 has taken a fork
6409 184 is eating
6409 19 is sleeping
6409 15 is sleeping
6409 67 is sleeping
6409 169 is sleeping
6409 21 is sleeping
6409 194 is thinking
6409 194 has taken a fork
6409 194 has taken a fork
6409 194 is eating
6409 16 has taken a fork
6409 16 has taken a fork
6409 16 is eating
6409 20 has taken a fork
6409 20 has taken a fork
6409 20 is eating
6410 182 is thinking
6410 182 has taken a fork
6410 182 has taken a fork
6410 182 is eating
6410 80 is thinking
6410 152 is thinking
6410 152 has taken a fork
6410 152 has taken a fork
6410 152 is eating
6410 42 is thinking
6410 42 has taken a fork
6410 42 has taken a fork
6410 42 is eating
6410 188 is thinking
6410 188 has taken a fork
6410 188 has taken a fork
6410 188 is eating
6410 148 is thinking
6410 148 has taken a fork
6410 148 has taken a fork
6410 148 is eating
6410 14 is thinking
6410 14 has taken a fork
6410 14 has taken a fork
6410 14 is eating
6410 54 is thinking
6410 54 has taken a fork
6410 54 has taken a fork
6410 54 is eating
6410 98 is thinking
6410 98 has taken a fork
6410 98 has taken a fork
6410 98 is eating
6410 81 is sleeping
6410 39 is sleeping
6410 80 has taken a fork
6410 80 has taken a fork
6410 80 is eating
6410 114 is thinking
6410 114 has taken a fork
6410 114 has taken a fork
6410 114 is eating
6410 60 is thinking
6410 60 has taken a fork
6410 60 has taken a fork
6410 60 is eating
6410 96 is thinking
6410 96 has taken a fork
6410 96 has taken a fork
6410 96 is eating
6410 112 is thinking
6410 112 has taken a fork
6410 112 has taken a fork
6410 112 is eating
6410 166 is thinking
6410 166 has taken a fork
6410 166 has taken a fork
6410 166 is eating
6410 6 is thinking
6410 18 is thinking
6410 18 has taken a fork
6410 18 has taken a fork
6410 18 is eating
6411 102 is thinking
6411 102 has taken a fork
6411 102 has taken a fork
6411 102 is eating
6411 30 is thinking
6411 32 is thinking
6411 30 has taken a fork
6411 30 has taken a fork
6411 30 is eating
6411 32 has taken a fork
6411 32 has taken a fork
6411 32 is eating
6411 144 is thinking
6411 22 is thinking
6411 170 is thinking
6411 92 is thinking
6411 92 has taken a fork
6411 92 has taken a fork
6411 92 is eating
6411 62 is thinking
6411 62 has taken a fork
6411 62 has taken a fork
6411 62 is eating
6411 170 has taken a fork
6411 170 has taken a fork
6411 170 is eating
6411 176 is thinking
6411 22 has taken a fork
6411 22 has taken a fork
6411 22 is eating
6411 176 has taken a fork
6411 176 has taken a fork
6411 176 is eating
6411 164 is thinking
6411 164 has taken a fork
6411 164 has taken a fork
6411 164 is eating
6411 50 is thinking
6411 50 has taken a fork
6411 50 has taken a fork
6411 50 is eating
6412 168 is thinking
6412 168 has taken a fork
6412 168 has taken a fork
6412 168 is eating
6412 6 has taken a fork
6412 6 has taken a fork
6412 6 is eating
6412 104 is thinking
6412 104 has taken a fork
6412 104 has taken a fork
6412 104 is eating
6412 69 is sleeping
6412 116 is thinking
6412 116 has taken a fork
6412 116 has taken a fork
6412 116 is eating
6412 48 is thinking
6412 48 has taken a fork
6412 48 has taken a fork
6412 48 is eating
6412 154 is thinking
6412 154 has taken a fork
6412 154 has taken a fork
6412 154 is eating
6412 178 is thinking
6412 132 is thinking
6412 132 has taken a fork
6412 132 has taken a fork
6412 132 is eating
6412 36 is thinking
6412 36 has taken a fork
6412 36 has taken a fork
6412 36 is eating
6412 46 is thinking
6412 46 has taken a fork
6412 46 has taken a fork
6412 46 is eating
6412 140 is thinking
6412 140 has taken a fork
6412 140 has taken a fork
6412 140 is eating
6412 72 is thinking
6412 72 has taken a fork
6412 72 has taken a fork
6412 72 is eating
6412 198 is thinking
6412 198 has taken a fork
6412 198 has taken a fork
6412 198 is eating
6412 162 is thinking
6412 162 has taken a fork
6412 162 has taken a fork
6412 162 is eating
6412 38 is thinking
6412 38 has taken a fork
6412 38 has taken a fork
6412 38 is eating
6412 144 has taken a fork
6412 144 has taken a fork
6412 144 is eating
6412 110 is thinking
6412 110 has taken a fork
6412 110 has taken a fork
6412 110 is eating
6412 74 is thinking
6412 74 has taken a fork
6412 74 has taken a fork
6412 74 is eating
6412 134 is thinking
6412 134 has taken a fork
6412 134 has taken a fork
6412 134 is eating
6412 8 is thinking
6412 8 has taken a fork
6412 8 has taken a fork
6412 8 is eating
6412 100 is thinking
6412 100 has taken a fork
6412 100 has taken a fork
6412 100 is eating
6412 90 is thinking
6412 90 has taken a fork
6412 90 has taken a fork
6412 90 is eating
6412 178 has taken a fork
6412 178 has taken a fork
6412 178 is eating
6413 84 is thinking
6413 84 has taken a fork
6413 84 has taken a fork
6413 84 is eating
6413 180 is thinking
6413 180 has taken a fork
6413 180 has taken a fork
6413 180 is eating
6413 11 is sleeping
6413 119 is sleeping
6413 124 is thinking
6413 124 has taken a fork
6413 124 has taken a fork
6413 124 is eating
6413 156 is thinking
6413 156 has taken a fork
6413 156 has taken a fork
6413 156 is eating
6413 108 is thinking
6413 108 has taken a fork
6413 108 has taken a fork
6413 108 is eating
6413 40 is thinking
6413 40 has taken a fork
6413 40 has taken a fork
6413 40 is eating
6414 192 is thinking
6414 192 has taken a fork
6414 192 has taken a fork
6414 192 is eating
6414 94 is thinking
6414 94 has taken a fork
6414 94 has taken a fork
6414 94 is eating
6414 137 is sleeping
6414 66 is thinking
6414 66 has taken a fork
6414 66 has taken a fork
6414 66 is eating
6414 88 is thinking
6414 88 has taken a fork
6414 88 has taken a fork
6414 88 is eating
6414 191 is sleeping
6414 150 is thinking
6414 150 has taken a fork
6414 150 has taken a fork
6414 150 is eating
6414 68 is thinking
6414 68 has taken a fork
6414 68 has taken a fork
6414 68 is eating
6414 120 is thinking
6414 120 has taken a fork
6414 120 has taken a fork
6414 120 is eating
6414 70 is thinking
6414 70 has taken a fork
6414 70 has taken a fork
6414 70 is eating
6415 10 is thinking
6415 10 has taken a fork
6415 10 has taken a fork
6415 10 is eating
6415 82 is thinking
6415 82 has taken a fork
6415 82 has taken a fork
6415 82 is eating
6415 118 is thinking
6415 118 has taken a fork
6415 118 has taken a fork
6415 118 is eating
6415 56 is thinking
6415 56 has taken a fork
6415 56 has taken a fork
6415 56 is eating
6415 136 is thinking
6415 136 has taken a fork
6415 136 has taken a fork
6415 136 is eating
6415 186 is thinking
6415 186 has taken a fork
6415 186 has taken a fork
6415 186 is eating
6415 58 is thinking
6415 58 has taken a fork
6415 58 has taken a fork
6415 58 is eating
6416 190 is thinking
6416 190 has taken a fork
6416 190 has taken a fork
6416 190 is eating
6416 12 is thinking
6416 12 has taken a fork
6416 12 has taken a fork
6416 12 is eating
6416 86 is thinking
6416 86 has taken a fork
6416 86 has taken a fork
6416 86 is eating
6416 77 is sleeping
6416 78 is thinking
6416 78 has taken a fork
6416 78 has taken a fork
6416 78 is eating
6416 196 is thinking
6416 196 has taken a fork
6416 196 has taken a fork
6416 196 is eating
6417 76 is thinking
6417 76 has taken a fork
6417 76 has taken a fork
6417 76 is eating
6417 52 is thinking
6417 52 has taken a fork
6417 52 has taken a fork
6417 52 is eating
6417 138 is thinking
6417 138 has taken a fork
6417 138 has taken a fork
6417 138 is eating
6417 159 is sleeping
6417 126 is thinking
6417 126 has taken a fork
6417 126 has taken a fork
6417 126 is eating
6418 160 is thinking
6418 160 has taken a fork
6418 160 has taken a fork
6418 160 is eating
6418 158 is thinking
6418 158 has taken a fork
6418 158 has taken a fork
6418 158 is eating
6504 24 is sleeping
6505 26 is sleeping
6505 64 is sleeping
6506 172 is sleeping
6506 174 is sleeping
6506 44 is sleeping
6507 122 is sleeping
6508 34 is sleeping
6508 2 is sleeping
6508 28 is sleeping
6508 4 is sleeping
6509 106 is sleeping
6509 194 is sleeping
6509 130 is sleeping
6509 146 is sleeping
6509 142 is sleeping
6509 20 is sleeping
6509 184 is sleeping
6509 128 is sleeping
6509 16 is sleeping
6509 200 is sleeping
6510 148 is sleeping
6510 14 is sleeping
6510 112 is sleeping
6510 42 is sleeping
6510 98 is sleeping
6510 54 is sleeping
6510 96 is sleeping
6510 166 is sleeping
6510 188 is sleeping
6510 114 is sleeping
6510 60 is sleeping
6510 18 is sleeping
6510 152 is sleeping
6510 80 is sleeping
6510 182 is sleeping
6511 50 is sleeping
6511 30 is sleeping
6511 62 is sleeping
6511 22 is sleeping
6511 102 is sleeping
6511 6 is sleeping
6511 32 is sleeping
6511 164 is sleeping
6512 178 is sleeping
6512 162 is sleeping
6512 100 is sleeping
6512 198 is sleeping
6512 74 is sleeping
6512 38 is sleeping
6512 132 is sleeping
6512 72 is sleeping
6512 134 is sleeping
6512 8 is sleeping
6512 36 is sleeping
6512 92 is sleeping
6512 48 is sleeping
6512 154 is sleeping
6512 170 is sleeping
6512 116 is sleeping
6512 168 is sleeping
6512 140 is sleeping
6512 104 is sleeping
6512 176 is sleeping
6512 46 is sleeping
6512 144 is sleeping
6512 90 is sleeping
6512 110 is sleeping
6513 156 is sleeping
6513 84 is sleeping
6513 180 is sleeping
6513 124 is sleeping
6513 40 is sleeping
6513 108 is sleeping
6514 120 is sleeping
6514 68 is sleeping
6514 70 is sleeping
6514 94 is sleeping
6514 88 is sleeping
6514 150 is sleeping
6514 192 is sleeping
6514 66 is sleeping
6515 186 is sleeping
6515 118 is sleeping
6515 56 is sleeping
6515 82 is sleeping
6515 58 is sleeping
6515 10 is sleeping
6515 136 is sleeping
6516 190 is sleeping
6516 86 is sleeping
6516 78 is sleeping
6516 196 is sleeping
6516 12 is sleeping
6517 138 is sleeping
6517 126 is sleeping
6517 76 is sleeping
6517 52 is sleeping
6518 158 is sleeping
6518 160 is sleeping
6600 107 is thinking
6600 107 has taken a fork
6600 107 has taken a fork
6600 107 is eating
6600 65 is thinking
6600 65 has taken a fork
6600 65 has taken a fork
6600 65 is eating
6600 73 is thinking
6600 73 has taken a fork
6600 73 has taken a fork
6600 73 is eating
6601 85 is thinking
6601 85 has taken a fork
6601 85 has taken a fork
6601 85 is eating
6601 141 is thinking
6601 141 has taken a fork
6601 141 has taken a fork
6601 141 is eating
6601 111 is thinking
6601 111 has taken a fork
6601 111 has taken a fork
6601 111 is eating
6601 27 is thinking
6601 175 is thinking
6601 27 has taken a fork
6601 27 has taken a fork
6601 27 is eating
6601 105 is thinking
6601 105 has taken a fork
6601 105 has taken a fork
6601 105 is eating
6601 117 is thinking
6601 117 has taken a fork
6601 117 has taken a fork
6601 117 is eating
6601 175 has taken a fork
6601 175 has taken a fork
6601 175 is eating
6601 123 is thinking
6601 123 has taken a fork
6601 123 has taken a fork
6601 123 is eating
6601 7 is thinking
6601 7 has taken a fork
6601 7 has taken a fork
6601 7 is eating
6602 23 is thinking
6602 23 has taken a fork
6602 23 has taken a fork
6602 23 is eating
6602 189 is thinking
6602 189 has taken a fork
6602 189 has taken a fork
6602 189 is eating
6602 129 is thinking
6602 129 has taken a fork
6602 129 has taken a fork
6602 129 is eating
6602 25 is thinking
6602 25 has taken a fork
6602 25 has taken a fork
6602 25 is eating
6602 43 is thinking
6602 43 has taken a fork
6602 43 has taken a fork
6602 43 is eating
6602 173 is thinking
6602 173 has taken a fork
6602 173 has taken a fork
6602 173 is eating
6602 121 is thinking
6602 121 has taken a fork
6602 121 has taken a fork
6602 121 is eating
6603 35 is thinking
6603 35 has taken a fork
6603 35 has taken a fork
6603 35 is eating
6604 45 is thinking
6604 45 has taken a fork
6604 45 has taken a fork
6604 45 is eating
6604 41 is thinking
6604 41 has taken a fork
6604 41 has taken a fork
6604 41 is eating
6604 103 is thinking
6604 103 has taken a fork
6604 103 has taken a fork
6604 103 is eating
6604 185 is thinking
6604 185 has taken a fork
6604 185 has taken a fork
6604 185 is eating
6604 3 is thinking
6604 3 has taken a fork
6604 3 has taken a fork
6604 3 is eating
6604 171 is thinking
6604 171 has taken a fork
6604 171 has taken a fork
6604 171 is eating
6604 157 is thinking
6604 157 has taken a fork
6604 157 has taken a fork
6604 157 is eating
6604 93 is thinking
6604 93 has taken a fork
6604 93 has taken a fork
6604 93 is eating
6604 55 is thinking
6604 55 has taken a fork
6604 55 has taken a fork
6604 55 is eating
6604 179 is thinking
6604 179 has taken a fork
6604 179 has taken a fork
6604 179 is eating
6604 29 is thinking
6604 29 has taken a fork
6604 29 has taken a fork
6604 29 is eating
6604 177 is thinking
6604 177 has taken a fork
6604 177 has taken a fork
6604 177 is eating
6604 89 is thinking
6604 89 has taken a fork
6604 89 has taken a fork
6604 89 is eating
6604 101 is thinking
6604 101 has taken a fork
6604 101 has taken a fork
6604 101 is eating
6604 109 is thinking
6604 109 has taken a fork
6604 109 has taken a fork
6604 109 is eating
6604 37 is thinking
6604 37 has taken a fork
6604 37 has taken a fork
6604 37 is eating
6604 51 is thinking
6604 51 has taken a fork
6604 51 has taken a fork
6604 51 is eating
6605 139 is thinking
6605 139 has taken a fork
6605 139 has taken a fork
6605 139 is eating
6605 71 is thinking
6605 71 has taken a fork
6605 71 has taken a fork
6605 71 is eating
6605 97 is thinking
6605 97 has taken a fork
6605 97 has taken a fork
6605 97 is eating
6605 95 is thinking
6605 95 has taken a fork
6605 95 has taken a fork
6605 95 is eating
6605 87 is thinking
6605 87 has taken a fork
6605 87 has taken a fork
6605 87 is eating
6605 9 is thinking
6605 9 has taken a fork
6605 9 has taken a fork
6605 9 is eating
6605 149 is thinking
6605 149 has taken a fork
6605 149 has taken a fork
6605 149 is eating
6605 63 is thinking
6605 63 has taken a fork
6605 63 has taken a fork
6605 63 is eating
6605 59 is thinking
6605 59 has taken a fork
6605 59 has taken a fork
6605 59 is eating
6605 197 is thinking
6605 197 has taken a fork
6605 197 has taken a fork
6605 197 is eating
6605 195 is thinking
6605 195 has taken a fork
6605 195 has taken a fork
6605 195 is eating
6605 147 is thinking
6605 147 has taken a fork
6605 147 has taken a fork
6605 147 is eating
6605 145 is thinking
6605 145 has taken a fork
6605 145 has taken a fork
6605 145 is eating
6606 13 is thinking
6606 13 has taken a fork
6606 13 has taken a fork
6606 13 is eating
6606 161 is thinking
6606 161 has taken a fork
6606 161 has taken a fork
6606 161 is eating
6606 135 is thinking
6606 135 has taken a fork
6606 135 has taken a fork
6606 135 is eating
6606 17 is thinking
6606 17 has taken a fork
6606 17 has taken a fork
6606 17 is eating
6606 53 is thinking
6606 53 has taken a fork
6606 53 has taken a fork
6606 53 is eating
6606 1 is thinking
6606 1 has taken a fork
6606 1 has taken a fork
6606 1 is eating
6606 133 is thinking
6606 133 has taken a fork
6606 133 has taken a fork
6606 133 is eating
6607 199 is thinking
6607 199 has taken a fork
6607 199 has taken a fork
6607 199 is eating
6607 165 is thinking
6607 165 has taken a fork
6607 165 has taken a fork
6607 165 is eating
6607 167 is thinking
6607 167 has taken a fork
6607 167 has taken a fork
6607 167 is eating
6607 57 is thinking
6607 57 has taken a fork
6607 57 has taken a fork
6607 57 is eating
6607 61 is thinking
6607 61 has taken a fork
6607 61 has taken a fork
6607 61 is eating
6607 143 is thinking
6607 143 has taken a fork
6607 143 has taken a fork
6607 143 is eating
6607 47 is thinking
6607 47 has taken a fork
6607 47 has taken a fork
6607 47 is eating
6607 5 is thinking
6607 5 has taken a fork
6607 5 has taken a fork
6607 5 is eating
6607 181 is thinking
6607 181 has taken a fork
6607 181 has taken a fork
6607 181 is eating
6607 183 is thinking
6607 183 has taken a fork
6607 183 has taken a fork
6607 183 is eating
6607 131 is thinking
6607 131 has taken a fork
6607 131 has taken a fork
6607 131 is eating
6607 163 is thinking
6607 163 has taken a fork
6607 163 has taken a fork
6607 163 is eating
6608 115 is thinking
6608 115 has taken a fork
6608 115 has taken a fork
6608 115 is eating
6608 83 is thinking
6608 83 has taken a fork
6608 83 has taken a fork
6608 83 is eating
6608 33 is thinking
6608 33 has taken a fork
6608 33 has taken a fork
6608 33 is eating
6608 31 is thinking
6608 31 has taken a fork
6608 31 has taken a fork
6608 31 is eating
6608 39 is thinking
6608 39 has taken a fork
6608 39 has taken a fork
6608 39 is eating
6608 49 is thinking
6608 49 has taken a fork
6608 49 has taken a fork
6608 49 is eating
6608 125 is thinking
6608 125 has taken a fork
6608 125 has taken a fork
6608 125 is eating
6608 193 is thinking
6608 193 has taken a fork
6608 193 has taken a fork
6608 193 is eating
6608 155 is thinking
6608 155 has taken a fork
6608 155 has taken a fork
6608 155 is eating
6608 153 is thinking
6608 153 has taken a fork
6608 153 has taken a fork
6608 153 is eating
6609 169 is thinking
6609 169 has taken a fork
6609 169 has taken a fork
6609 169 is eating
6609 67 is thinking
6609 21 is thinking
6609 21 has taken a fork
6609 21 has taken a fork
6609 21 is eating
6609 113 is thinking
6609 113 has taken a fork
6609 113 has taken a fork
6609 113 is eating
6609 67 has taken a fork
6609 67 has taken a fork
6609 67 is eating
6609 187 is thinking
6609 187 has taken a fork
6609 187 has taken a fork
6609 187 is eating
6609 19 is thinking
6609 19 has taken a fork
6609 19 has taken a fork
6609 19 is eating
6609 91 is thinking
6609 91 has taken a fork
6609 91 has taken a fork
6609 91 is eating
6609 127 is thinking
6609 127 has taken a fork
6609 127 has taken a fork
6609 127 is eating
6609 99 is thinking
6609 99 has taken a fork
6609 99 has taken a fork
6609 99 is eating
6609 75 is thinking
6609 75 has taken a fork
6609 75 has taken a fork
6609 75 is eating
6609 79 is thinking
6609 79 has taken a fork
6609 79 has taken a fork
6609 79 is eating
6609 15 is thinking
6609 15 has taken a fork
6609 15 has taken a fork
6609 15 is eating
6610 151 is thinking
6610 151 has taken a fork
6610 151 has taken a fork
6610 151 is eating
6610 81 is thinking
6610 81 has taken a fork
6610 81 has taken a fork
6610 81 is eating
6612 69 is thinking
6612 69 has taken a fork
6612 69 has taken a fork
6612 69 is eating
6613 119 is thinking
6613 119 has taken a fork
6613 119 has taken a fork
6613 119 is eating
6613 191 is thinking
6613 191 has taken a fork
6613 191 has taken a fork
6613 191 is eating
6613 11 is thinking
6613 11 has taken a fork
6613 11 has taken a fork
6613 11 is eating
6614 137 is thinking
6614 137 has taken a fork
6614 137 has taken a fork
6614 137 is eating
6616 77 is thinking
6616 77 has taken a fork
6616 77 has taken a fork
6616 77 is eating
6617 159 is thinking
6617 159 has taken a fork
6617 159 has taken a fork
6617 159 is eating
6700 107 is sleeping
6700 73 is sleeping
6700 65 is sleeping
6701 117 is sleeping
6701 111 is sleeping
6701 123 is sleeping
6701 85 is sleeping
6701 105 is sleeping
6701 27 is sleeping
6701 7 is sleeping
6701 141 is sleeping
6701 175 is sleeping
6702 189 is sleeping
6702 121 is sleeping
6702 23 is sleeping
6702 25 is sleeping
6702 43 is sleeping
6702 173 is sleeping
6702 129 is sleeping
6703 35 is sleeping
6704 103 is sleeping
6704 185 is sleeping
6704 109 is sleeping
6704 177 is sleeping
6704 37 is sleeping
6704 101 is sleeping
6704 3 is sleeping
6704 45 is sleeping
6704 24 is thinking
6704 24 has taken a fork
6704 24 has taken a fork
6704 24 is eating
6704 26 is thinking
6704 26 has taken a fork
6704 26 has taken a fork
6704 26 is eating
6704 89 is sleeping
6704 171 is sleeping
6704 29 is sleeping
6704 157 is sleeping
6704 55 is sleeping
6704 179 is sleeping
6704 51 is sleeping
6704 93 is sleeping
6704 41 is sleeping
6705 95 is sleeping
6705 87 is sleeping
6705 9 is sleeping
6705 97 is sleeping
6705 71 is sleeping
6705 195 is sleeping
6705 145 is sleeping
6705 147 is sleeping
6705 59 is sleeping
6705 63 is sleeping
6705 149 is sleeping
6705 139 is sleeping
6705 197 is sleeping
6705 174 is thinking
6705 174 has taken a fork
6705 174 has taken a fork
6705 174 is eating
6705 64 is thinking
6705 64 has taken a fork
6705 64 has taken a fork
6705 64 is eating
6706 172 is thinking
6706 172 has taken a fork
6706 172 has taken a fork
6706 172 is eating
6706 133 is sleeping
6706 44 is thinking
6706 44 has taken a fork
6706 44 has taken a fork
6706 44 is eating
6706 1 is sleeping
6706 135 is sleeping
6706 53 is sleeping
6706 13 is sleeping
6706 161 is sleeping
6706 17 is sleeping
6707 165 is sleeping
6707 199 is sleeping
6707 122 is thinking
6707 122 has taken a fork
6707 122 has taken a fork
6707 122 is eating
6707 163 is sleeping
6707 47 is sleeping
6707 167 is sleeping
6707 143 is sleeping
6707 183 is sleeping
6707 61 is sleeping
6707 131 is sleeping
6707 181 is sleeping
6707 5 is sleeping
6707 57 is sleeping
6708 4 is thinking
6708 4 has taken a fork
6708 4 has taken a fork
6708 4 is eating
6708 193 is sleeping
6708 153 is sleeping
6708 142 is thinking
6708 142 has taken a fork
6708 142 has taken a fork
6708 142 is eating
6708 146 is thinking
6708 146 has taken a fork
6708 146 has taken a fork
6708 146 is eating
6708 34 is thinking
6708 28 is thinking
6708 28 has taken a fork
6708 28 has taken a fork
6708 28 is eating
6708 2 is thinking
6708 2 has taken a fork
6708 2 has taken a fork
6708 2 is eating
6708 31 is sleeping
6708 33 is sleeping
6708 115 is sleeping
6708 39 is sleeping
6708 155 is sleeping
6708 83 is sleeping
6708 49 is sleeping
6708 34 has taken a fork
6708 34 has taken a fork
6708 34 is eating
6708 125 is sleeping
6709 169 is sleeping
6709 99 is sleeping
6709 67 is sleeping
6709 184 is thinking
6709 184 has taken a fork
6709 184 has taken a fork
6709 184 is eating
6709 15 is sleeping
6709 130 is thinking
6709 130 has taken a fork
6709 130 has taken a fork
6709 130 is eating
6709 20 is thinking
6709 20 has taken a fork
6709 20 has taken a fork
6709 20 is eating
6709 194 is thinking
6709 194 has taken a fork
6709 194 has taken a fork
6709 194 is eating
6709 19 is sleeping
6709 187 is sleeping
6709 91 is sleeping
6709 127 is sleeping
6709 106 is thinking
6709 106 has taken a fork
6709 106 has taken a fork
6709 106 is eating
6709 113 is sleeping
6710 14 is thinking
6710 80 is thinking
6710 148 is thinking
6710 148 has taken a fork
6710 148 has taken a fork
6710 148 is eating
6710 128 is thinking
6710 128 has taken a fork
6710 128 has taken a fork
6710 128 is eating
6710 54 is thinking
6710 54 has taken a fork
6710 54 has taken a fork
6710 54 is eating
6710 81 is sleeping
6710 182 is thinking
6710 182 has taken a fork
6710 182 has taken a fork
6710 182 is eating
6710 21 is sleeping
6710 42 is thinking
6710 42 has taken a fork
6710 42 has taken a fork
6710 42 is eating
6710 16 is thinking
6710 16 has taken a fork
6710 16 has taken a fork
6710 16 is eating
6710 151 is sleeping
6710 18 is thinking
6710 18 has taken a fork
6710 18 has taken a fork
6710 18 is eating
6710 96 is thinking
6710 114 is thinking
6710 114 has taken a fork
6710 114 has taken a fork
6710 114 is eating
6710 6 is thinking
6710 6 has taken a fork
6710 6 has taken a fork
6710 6 is eating
6710 166 is thinking
6710 166 has taken a fork
6710 166 has taken a fork
6710 166 is eating
6710 96 has taken a fork
6710 96 has taken a fork
6710 96 is eating
6710 60 is thinking
6710 60 has taken a fork
6710 60 has taken a fork
6710 60 is eating
6710 188 is thinking
6710 188 has taken a fork
6710 188 has taken a fork
6710 188 is eating
6710 75 is sleeping
6710 152 is thinking
6710 152 has taken a fork
6710 152 has taken a fork
6710 152 is eating
6710 14 has taken a fork
6710 14 has taken a fork
6710 14 is eating
6710 80 has taken a fork
6710 80 has taken a fork
6710 80 is eating
6710 98 is thinking
6710 98 has taken a fork
6710 98 has taken a fork
6710 98 is eating
6710 112 is thinking
6710 112 has taken a fork
6710 112 has taken a fork
6710 112 is eating
6710 79 is sleeping
6710 200 is thinking
6710 200 has taken a fork
6710 200 has taken a fork
6710 200 is eating
6711 102 is thinking
6711 102 has taken a fork
6711 102 has taken a fork
6711 102 is eating
6711 170 is thinking
6711 170 has taken a fork
6711 170 has taken a fork
6711 170 is eating
6711 176 is thinking
6711 144 is thinking
6711 144 has taken a fork
6711 144 has taken a fork
6711 144 is eating
6711 30 is thinking
6711 30 has taken a fork
6711 30 has taken a fork
6711 30 is eating
6711 92 is thinking
6711 92 has taken a fork
6711 92 has taken a fork
6711 92 is eating
6711 176 has taken a fork
6711 176 has taken a fork
6711 176 is eating
6711 62 is thinking
6711 62 has taken a fork
6711 62 has taken a fork
6711 62 is eating
6711 50 is thinking
6711 50 has taken a fork
6711 50 has taken a fork
6711 50 is eating
6711 164 is thinking
6711 164 has taken a fork
6711 164 has taken a fork
6711 164 is eating
6711 32 is thinking
6711 32 has taken a fork
6711 32 has taken a fork
6711 32 is eating
6711 22 is thinking
6711 22 has taken a fork
6711 22 has taken a fork
6711 22 is eating
6712 162 is thinking
6712 162 has taken a fork
6712 162 has taken a fork
6712 162 is eating
6712 46 is thinking
6712 46 has taken a fork
6712 46 has taken a fork
6712 46 is eating
6712 38 is thinking
6712 38 has taken a fork
6712 38 has taken a fork
6712 38 is eating
6712 132 is thinking
6712 132 has taken a fork
6712 132 has taken a fork
6712 132 is eating
6712 74 is thinking
6712 74 has taken a fork
6712 74 has taken a fork
6712 74 is eating
6712 198 is thinking
6712 198 has taken a fork
6712 198 has taken a fork
6712 198 is eating
6712 178 is thinking
6712 178 has taken a fork
6712 178 has taken a fork
6712 178 is eating
6712 90 is thinking
6712 90 has taken a fork
6712 90 has taken a fork
6712 90 is eating
6712 134 is thinking
6712 134 has taken a fork
6712 134 has taken a fork
6712 134 is eating
6712 168 is thinking
6712 168 has taken a fork
6712 168 has taken a fork
6712 168 is eating
6712 69 is sleeping
6712 48 is thinking
6712 48 has taken a fork
6712 48 has taken a fork
6712 48 is eating
6712 104 is thinking
6712 104 has taken a fork
6712 104 has taken a fork
6712 104 is eating
6712 8 is thinking
6712 8 has taken a fork
6712 8 has taken a fork
6712 8 is eating
6712 110 is thinking
6712 110 has taken a fork
6712 110 has taken a fork
6712 110 is eating
6712 36 is thinking
6712 36 has taken a fork
6712 36 has taken a fork
6712 36 is eating
6712 100 is thinking
6712 100 has taken a fork
6712 100 has taken a fork
6712 100 is eating
6712 72 is thinking
6712 72 has taken a fork
6712 72 has taken a fork
6712 72 is eating
6712 116 is thinking
6712 116 has taken a fork
6712 116 has taken a fork
6712 116 is eating
6712 154 is thinking
6712 154 has taken a fork
6712 154 has taken a fork
6712 154 is eating
6712 140 is thinking
6712 140 has taken a fork
6712 140 has taken a fork
6712 140 is eating
6713 40 is thinking
6713 40 has taken a fork
6713 40 has taken a fork
6713 40 is eating
6713 119 is sleeping
6713 124 is thinking
6713 124 has taken a fork
6713 124 has taken a fork
6713 124 is eating
6713 156 is thinking
6713 156 has taken a fork
6713 156 has taken a fork
6713 156 is eating
6713 11 is sleeping
6713 180 is thinking
6713 180 has taken a fork
6713 180 has taken a fork
6713 180 is eating
6713 84 is thinking
6713 84 has taken a fork
6713 84 has taken a fork
6713 84 is eating
6713 191 is sleeping
6713 108 is thinking
6713 108 has taken a fork
6713 108 has taken a fork
6713 108 is eating
6714 150 is thinking
6714 150 has taken a fork
6714 150 has taken a fork
6714 150 is eating
6714 120 is thinking
6714 120 has taken a fork
6714 120 has taken a fork
6714 120 is eating
6714 70 is thinking
6714 70 has taken a fork
6714 70 has taken a fork
6714 70 is eating
6714 66 is thinking
6714 66 has taken a fork
6714 66 has taken a fork
6714 66 is eating
6714 137 is sleeping
6714 94 is thinking
6714 94 has taken a fork
6714 94 has taken a fork
6714 94 is eating
6714 68 is thinking
6714 68 has taken a fork
6714 68 has taken a fork
6714 68 is eating
6714 192 is thinking
6714 192 has taken a fork
6714 192 has taken a fork
6714 192 is eating
6714 88 is thinking
6714 88 has taken a fork
6714 88 has taken a fork
6714 88 is eating
6715 136 is thinking
6715 136 has taken a fork
6715 136 has taken a fork
6715 136 is eating
6715 56 is thinking
6715 56 has taken a fork
6715 56 has taken a fork
6715 56 is eating
6715 82 is thinking
6715 82 has taken a fork
6715 82 has taken a fork
6715 82 is eating
6715 118 is thinking
6715 118 has taken a fork
6715 118 has taken a fork
6715 118 is eating
6715 186 is thinking
6715 186 has taken a fork
6715 186 has taken a fork
6715 186 is eating
6715 58 is thinking
6715 58 has taken a fork
6715 58 has taken a fork
6715 58 is eating
6715 10 is thinking
6715 10 has taken a fork
6715 10 has taken a fork
6715 10 is eating
6716 190 is thinking
6716 190 has taken a fork
6716 190 has taken a fork
6716 190 is eating
6716 86 is thinking
6716 86 has taken a fork
6716 86 has taken a fork
6716 86 is eating
6716 12 is thinking
6716 12 has taken a fork
6716 12 has taken a fork
6716 12 is eating
6716 77 is sleeping
6716 196 is thinking
6716 196 has taken a fork
6716 196 has taken a fork
6716 196 is eating
6717 126 is thinking
6717 126 has taken a fork
6717 126 has taken a fork
6717 126 is eating
6717 138 is thinking
6717 138 has taken a fork
6717 138 has taken a fork
6717 138 is eating
6717 159 is sleeping
6717 78 is thinking
6717 78 has taken a fork
6717 78 has taken a fork
6717 78 is eating
6717 76 is thinking
6717 76 has taken a fork
6717 76 has taken a fork
6717 76 is eating
6717 52 is thinking
6717 52 has taken a fork
6717 52 has taken a fork
6717 52 is eating
6718 158 is thinking
6718 158 has taken a fork
6718 158 has taken a fork
6718 158 is eating
6718 160 is thinking
6718 160 has taken a fork
6718 160 has taken a fork
6718 160 is eating
6804 26 is sleeping
6804 24 is sleeping
6805 174 is sleeping
6805 64 is sleeping
6806 172 is sleeping
6806 44 is sleeping
6807 122 is sleeping
6808 142 is sleeping
6808 28 is sleeping
6808 2 is sleeping
6808 34 is sleeping
6808 146 is sleeping
6808 4 is sleeping
6809 20 is sleeping
6809 184 is sleeping
6809 106 is sleeping
6809 194 is sleeping
6809 130 is sleeping
6810 18 is sleeping
6810 14 is sleeping
6810 42 is sleeping
6810 6 is sleeping
6810 182 is sleeping
6810 128 is sleeping
6810 188 is sleeping
6810 96 is sleeping
6810 114 is sleeping
6810 80 is sleeping
6810 148 is sleeping
6810 166 is sleeping
6810 200 is sleeping
6810 152 is sleeping
6810 98 is sleeping
6810 16 is sleeping
6810 112 is sleeping
6810 54 is sleeping
6811 144 is sleeping
6811 102 is sleeping
6811 92 is sleeping
6811 60 is sleeping
6811 170 is sleeping
6811 22 is sleeping
6811 164 is sleeping
6811 30 is sleeping
6812 32 is sleeping
6812 176 is sleeping
6812 50 is sleeping
6812 110 is sleeping
6812 8 is sleeping
6812 38 is sleeping
6812 74 is sleeping
6812 62 is sleeping
6812 90 is sleeping
6812 100 is sleeping
6812 48 is sleeping
6812 46 is sleeping
6812 134 is sleeping
6812 168 is sleeping
6812 154 is sleeping
6812 72 is sleeping
6812 140 is sleeping
6812 116 is sleeping
6812 104 is sleeping
6812 36 is sleeping
6812 178 is sleeping
6812 132 is sleeping
6812 162 is sleeping
6812 198 is sleeping
6813 84 is sleeping
6813 40 is sleeping
6813 108 is sleeping
6813 124 is sleeping
6813 180 is sleeping
6813 156 is sleeping
6814 66 is sleeping
6814 192 is sleeping
6814 88 is sleeping
6814 94 is sleeping
6814 120 is sleeping
6814 68 is sleeping
6814 70 is sleeping
6814 150 is sleeping
6815 186 is sleeping
6815 56 is sleeping
6815 118 is sleeping
6815 82 is sleeping
6815 58 is sleeping
6815 136 is sleeping
6816 196 is sleeping
6816 12 is sleeping
6816 10 is sleeping
6816 190 is sleeping
6816 86 is sleeping
6817 52 is sleeping
6817 78 is sleeping
6817 138 is sleeping
6817 76 is sleeping
6817 126 is sleeping
6818 160 is sleeping
6818 158 is sleeping
6900 65 is thinking
6900 65 has taken a fork
6900 65 has taken a fork
6900 65 is eating
6900 73 is thinking
6900 73 has taken a fork
6900 73 has taken a fork
6900 73 is eating
6900 107 is thinking
6900 107 has taken a fork
6900 107 has taken a fork
6900 107 is eating
6901 111 is thinking
6901 111 has taken a fork
6901 111 has taken a fork
6901 111 is eating
6901 27 is thinking
6901 27 has taken a fork
6901 27 has taken a fork
6901 27 is eating
6901 7 is thinking
6901 7 has taken a fork
6901 7 has taken a fork
6901 7 is eating
6901 117 is thinking
6901 117 has taken a fork
6901 117 has taken a fork
6901 117 is eating
6901 175 is thinking
6901 175 has taken a fork
6901 175 has taken a fork
6901 175 is eating
6901 123 is thinking
6901 123 has taken a fork
6901 123 has taken a fork
6901 123 is eating
6901 141 is thinking
6901 141 has taken a fork
6901 141 has taken a fork
6901 141 is eating
6901 85 is thinking
6901 85 has taken a fork
6901 85 has taken a fork
6901 85 is eating
6901 105 is thinking
6901 105 has taken a fork
6901 105 has taken a fork
6901 105 is eating
6902 189 is thinking
6902 189 has taken a fork
6902 189 has taken a fork
6902 189 is eating
6902 25 is thinking
6902 25 has taken a fork
6902 25 has taken a fork
6902 25 is eating
6902 173 is thinking
6902 173 has taken a fork
6902 173 has taken a fork
6902 173 is eating
6902 43 is thinking
6902 43 has taken a fork
6902 43 has taken a fork
6902 43 is eating
6902 129 is thinking
6902 129 has taken a fork
6902 129 has taken a fork
6902 129 is eating
6902 121 is thinking
6902 121 has taken a fork
6902 121 has taken a fork
6902 121 is eating
6902 23 is thinking
6902 23 has taken a fork
6902 23 has taken a fork
6902 23 is eating
6903 35 is thinking
6903 35 has taken a fork
6903 35 has taken a fork
6903 35 is eating
6904 45 is thinking
6904 45 has taken a fork
6904 45 has taken a fork
6904 45 is eating
6904 179 is thinking
6904 89 is thinking
6904 185 is thinking
6904 93 is thinking
6904 93 has taken a fork
6904 93 has taken a fork
6904 93 is eating
6904 55 is thinking
6904 55 has taken a fork
6904 55 has taken a fork
6904 55 is eating
6904 109 is thinking
6904 109 has taken a fork
6904 109 has taken a fork
6904 109 is eating
6904 41 is thinking
6904 41 has taken a fork
6904 41 has taken a fork
6904 41 is eating
6904 179 has taken a fork
6904 179 has taken a fork
6904 179 is eating
6904 51 is thinking
6904 51 has taken a fork
6904 51 has taken a fork
6904 51 is eating
6904 29 is thinking
6904 29 has taken a fork
6904 29 has taken a fork
6904 29 is eating
6904 157 is thinking
6904 157 has taken a fork
6904 157 has taken a fork
6904 157 is eating
6904 177 is thinking
6904 177 has taken a fork
6904 177 has taken a fork
6904 177 is eating
6904 171 is thinking
6904 171 has taken a fork
6904 171 has taken a fork
6904 171 is eating
6904 103 is thinking
6904 101 is thinking
6904 101 has taken a fork
6904 101 has taken a fork
6904 101 is eating
6904 89 has taken a fork
6904 89 has taken a fork
6904 89 is eating
6904 37 is thinking
6904 37 has taken a fork
6904 37 has taken a fork
6904 37 is eating
6904 185 has taken a fork
6904 185 has taken a fork
6904 185 is eating
6905 145 is thinking
6905 145 has taken a fork
6905 145 has taken a fork
6905 145 is eating
6905 9 is thinking
6905 9 has taken a fork
6905 9 has taken a fork
6905 9 is eating
6905 87 is thinking
6905 87 has taken a fork
6905 87 has taken a fork
6905 87 is eating
6905 197 is thinking
6905 197 has taken a fork
6905 197 has taken a fork
6905 197 is eating
6905 95 is thinking
6905 95 has taken a fork
6905 95 has taken a fork
6905 95 is eating
6905 139 is thinking
6905 139 has taken a fork
6905 139 has taken a fork
6905 139 is eating
6905 147 is thinking
6905 147 has taken a fork
6905 147 has taken a fork
6905 147 is eating
6905 63 is thinking
6905 63 has taken a fork
6905 63 has taken a fork
6905 63 is eating
6905 3 is thinking
6905 3 has taken a fork
6905 3 has taken a fork
6905 3 is eating
6905 149 is thinking
6905 149 has taken a fork
6905 149 has taken a fork
6905 149 is eating
6905 59 is thinking
6905 59 has taken a fork
6905 59 has taken a fork
6905 59 is eating
6905 103 has taken a fork
6905 103 has taken a fork
6905 103 is eating
6905 71 is thinking
6905 71 has taken a fork
6905 71 has taken a fork
6905 71 is eating
6905 97 is thinking
6905 195 is thinking
6905 97 has taken a fork
6905 97 has taken a fork
6905 97 is eating
6905 195 has taken a fork
6905 195 has taken a fork
6905 195 is eating
6906 161 is thinking
6906 161 has taken a fork
6906 161 has taken a fork
6906 161 is eating
6906 13 is thinking
6906 13 has taken a fork
6906 13 has taken a fork
6906 13 is eating
6906 1 is thinking
6906 1 has taken a fork
6906 1 has taken a fork
6906 1 is eating
6906 135 is thinking
6906 135 has taken a fork
6906 135 has taken a fork
6906 135 is eating
6906 53 is thinking
6906 53 has taken a fork
6906 53 has taken a fork
6906 53 is eating
6906 17 is thinking
6906 17 has taken a fork
6906 17 has taken a fork
6906 17 is eating
6906 133 is thinking
6906 133 has taken a fork
6906 133 has taken a fork
6906 133 is eating
6907 183 is thinking
6907 183 has taken a fork
6907 183 has taken a fork
6907 183 is eating
6907 131 is thinking
6907 131 has taken a fork
6907 131 has taken a fork
6907 131 is eating
6907 143 is thinking
6907 143 has taken a fork
6907 143 has taken a fork
6907 143 is eating
6907 5 is thinking
6907 5 has taken a fork
6907 5 has taken a fork
6907 5 is eating
6907 181 is thinking
6907 181 has taken a fork
6907 181 has taken a fork
6907 181 is eating
6907 61 is thinking
6907 61 has taken a fork
6907 61 has taken a fork
6907 61 is eating
6907 47 is thinking
6907 47 has taken a fork
6907 47 has taken a fork
6907 47 is eating
6907 199 is thinking
6907 199 has taken a fork
6907 199 has taken a fork
6907 199 is eating
6907 57 is thinking
6907 57 has taken a fork
6907 57 has taken a fork
6907 57 is eating
6907 167 is thinking
6907 167 has taken a fork
6907 167 has taken a fork
6907 167 is eating
6907 165 is thinking
6907 165 has taken a fork
6907 165 has taken a fork
6907 165 is eating
6907 163 is thinking
6907 163 has taken a fork
6907 163 has taken a fork
6907 163 is eating
6908 33 is thinking
6908 33 has taken a fork
6908 33 has taken a fork
6908 33 is eating
6908 155 is thinking
6908 39 is thinking
6908 39 has taken a fork
6908 39 has taken a fork
6908 39 is eating
6908 153 is thinking
6908 153 has taken a fork
6908 153 has taken a fork
6908 153 is eating
6908 115 is thinking
6908 115 has taken a fork
6908 115 has taken a fork
6908 115 is eating
6908 155 has taken a fork
6908 155 has taken a fork
6908 155 is eating
6908 31 is thinking
6908 31 has taken a fork
6908 31 has taken a fork
6908 31 is eating
6908 125 is thinking
6908 125 has taken a fork
6908 125 has taken a fork
6908 125 is eating
6908 83 is thinking
6908 83 has taken a fork
6908 83 has taken a fork
6908 83 is eating
6908 49 is thinking
6908 49 has taken a fork
6908 49 has taken a fork
6908 49 is eating
6908 193 is thinking
6908 193 has taken a fork
6908 193 has taken a fork
6908 193 is eating
6909 79 is thinking
6909 15 is thinking
6909 91 is thinking
6909 91 has taken a fork
6909 91 has taken a fork
6909 91 is eating
6909 67 is thinking
6909 67 has taken a fork
6909 67 has taken a fork
6909 67 is eating
6909 19 is thinking
6909 19 has taken a fork
6909 19 has taken a fork
6909 19 is eating
6909 113 is thinking
6909 113 has taken a fork
6909 113 has taken a fork
6909 113 is eating
6909 75 is thinking
6909 75 has taken a fork
6909 75 has taken a fork
6909 75 is eating
6909 169 is thinking
6909 169 has taken a fork
6909 169 has taken a fork
6909 169 is eating
6909 21 is thinking
6909 21 has taken a fork
6909 21 has taken a fork
6909 21 is eating
6909 79 has taken a fork
6909 79 has taken a fork
6909 79 is eating
6909 15 has taken a fork
6909 15 has taken a fork
6909 15 is eating
6909 187 is thinking
6909 187 has taken a fork
6909 187 has taken a fork
6909 187 is eating
6909 127 is thinking
6909 127 has taken a fork
6909 127 has taken a fork
6909 127 is eating
6909 99 is thinking
6909 99 has taken a fork
6909 99 has taken a fork
6909 99 is eating
6910 81 is thinking
6910 81 has taken a fork
6910 81 has taken a fork
6910 81 is eating
6910 151 is thinking
6910 151 has taken a fork
6910 151 has taken a fork
6910 151 is eating
6912 69 is thinking
6912 69 has taken a fork
6912 69 has taken a fork
6912 69 is eating
6913 119 is thinking
6913 119 has taken a fork
6913 119 has taken a fork
6913 119 is eating
6913 11 is thinking
6913 11 has taken a fork
6913 11 has taken a fork
6913 11 is eating
6913 191 is thinking
6913 191 has taken a fork
6913 191 has taken a fork
6913 191 is eating
6914 137 is thinking
6914 137 has taken a fork
6914 137 has taken a fork
6914 137 is eating
6916 77 is thinking
6916 77 has taken a fork
6916 77 has taken a fork
6916 77 is eating
6917 159 is thinking
6917 159 has taken a fork
6917 159 has taken a fork
6917 159 is eating
7000 107 is sleeping
7000 73 is sleeping
7000 65 is sleeping
7001 7 is sleeping
7001 105 is sleeping
7001 27 is sleeping
7001 117 is sleeping
7001 141 is sleeping
7001 111 is sleeping
7001 85 is sleeping
7001 175 is sleeping
7001 123 is sleeping
7002 189 is sleeping
7002 23 is sleeping
7002 129 is sleeping
7002 25 is sleeping
7002 121 is sleeping
7002 173 is sleeping
7002 43 is sleeping
7003 35 is sleeping
7004 177 is sleeping
7004 45 is sleeping
7004 101 is sleeping
7004 93 is sleeping
7004 89 is sleeping
7004 29 is sleeping
7004 51 is sleeping
7004 171 is sleeping
7004 109 is sleeping
7004 179 is sleeping
7004 185 is sleeping
7004 41 is sleeping
7004 24 is thinking
7004 24 has taken a fork
7004 24 has taken a fork
7004 24 is eating
7004 37 is sleeping
7004 26 is thinking
7004 26 has taken a fork
7004 26 has taken a fork
7004 26 is eating
7004 157 is sleeping
7004 55 is sleeping
7005 97 is sleeping
7005 147 is sleeping
7005 149 is sleeping
7005 71 is sleeping
7005 59 is sleeping
7005 3 is sleeping
7005 195 is sleeping
7005 63 is sleeping
7005 197 is sleeping
7005 145 is sleeping
7005 95 is sleeping
7005 64 is thinking
7005 64 has taken a fork
7005 64 has taken a fork
7005 64 is eating
7005 9 is sleeping
7005 87 is sleeping
7005 139 is sleeping
7005 103 is sleeping
7005 174 is thinking
7005 174 has taken a fork
7005 174 has taken a fork
7005 174 is eating
7006 13 is sleeping
7006 133 is sleeping
7006 1 is sleeping
7006 161 is sleeping
7006 172 is thinking
7006 172 has taken a fork
7006 172 has taken a fork
7006 172 is eating
7006 53 is sleeping
7006 44 is thinking
7006 44 has taken a fork
7006 44 has taken a fork
7006 44 is eating
7006 17 is sleeping
7006 135 is sleeping
7007 165 is sleeping
7007 199 is sleeping
7007 183 is sleeping
7007 5 is sleeping
7007 163 is sleeping
7007 61 is sleeping
7007 131 is sleeping
7007 167 is sleeping
7007 181 is sleeping
7007 143 is sleeping
7007 57 is sleeping
7007 122 is thinking
7007 122 has taken a fork
7007 122 has taken a fork
7007 122 is eating
7008 34 is thinking
7008 125 is sleeping
7008 83 is sleeping
7008 47 is sleeping
7008 31 is sleeping
7008 28 is thinking
7008 28 has taken a fork
7008 28 has taken a fork
7008 28 is eating
7008 49 is sleeping
7008 33 is sleeping
7008 142 is thinking
7008 142 has taken a fork
7008 142 has taken a fork
7008 142 is eating
7008 146 is thinking
7008 146 has taken a fork
7008 146 has taken a fork
7008 146 is eating
7008 193 is sleeping
7008 153 is sleeping
7008 4 is thinking
7008 4 has taken a fork
7008 4 has taken a fork
7008 4 is eating
7008 2 is thinking
7008 2 has taken a fork
7008 2 has taken a fork
7008 2 is eating
7008 115 is sleeping
7008 155 is sleeping
7008 39 is sleeping
7009 79 is sleeping
7009 113 is sleeping
7009 19 is sleeping
7009 91 is sleeping
7009 169 is sleeping
7009 130 is thinking
7009 130 has taken a fork
7009 130 has taken a fork
7009 130 is eating
7009 184 is thinking
7009 184 has taken a fork
7009 184 has taken a fork
7009 184 is eating
7009 194 is thinking
7009 194 has taken a fork
7009 194 has taken a fork
7009 194 is eating
7009 187 is sleeping
7009 15 is sleeping
7009 127 is sleeping
7009 20 is thinking
7009 34 has taken a fork
7009 34 has taken a fork
7009 34 is eating
7009 21 is sleeping
7009 106 is thinking
7009 67 is sleeping
7009 75 is sleeping
7009 99 is sleeping
7009 20 has taken a fork
7009 20 has taken a fork
7009 20 is eating
7009 106 has taken a fork
7009 106 has taken a fork
7009 106 is eating
7010 96 is thinking
7010 96 has taken a fork
7010 96 has taken a fork
7010 96 is eating
7010 188 is thinking
7010 188 has taken a fork
7010 188 has taken a fork
7010 188 is eating
7010 60 is thinking
7010 60 has taken a fork
7010 60 has taken a fork
7010 60 is eating
7010 114 is thinking
7010 98 is thinking
7010 98 has taken a fork
7010 98 has taken a fork
7010 98 is eating
7010 152 is thinking
7010 112 is thinking
7010 112 has taken a fork
7010 112 has taken a fork
7010 112 is eating
7010 114 has taken a fork
7010 114 has taken a fork
7010 114 is eating
7010 80 is thinking
7010 42 is thinking
7010 42 has taken a fork
7010 42 has taken a fork
7010 42 is eating
7010 151 is sleeping
7010 18 is thinking
7010 18 has taken a fork
7010 18 has taken a fork
7010 18 is eating
7010 54 is thinking
7010 54 has taken a fork
7010 54 has taken a fork
7010 54 is eating
7010 6 is thinking
7010 81 is sleeping
7010 148 is thinking
7010 148 has taken a fork
7010 148 has taken a fork
7010 148 is eating
7010 152 has taken a fork
7010 152 has taken a fork
7010 152 is eating
7010 200 is thinking
7010 200 has taken a fork
7010 200 has taken a fork
7010 200 is eating
7010 166 is thinking
7010 166 has taken a fork
7010 166 has taken a fork
7010 166 is eating
7010 6 has taken a fork
7010 6 has taken a fork
7010 6 is eating
7010 16 is thinking
7010 16 has taken a fork
7010 16 has taken a fork
7010 16 is eating
7010 80 has taken a fork
7010 80 has taken a fork
7010 80 is eating
7011 50 is thinking
7011 50 has taken a fork
7011 50 has taken a fork
7011 50 is eating
7011 176 is thinking
7011 176 has taken a fork
7011 176 has taken a fork
7011 176 is eating
7011 30 is thinking
7011 30 has taken a fork
7011 30 has taken a fork
7011 30 is eating
7011 14 is thinking
7011 170 is thinking
7011 170 has taken a fork
7011 170 has taken a fork
7011 170 is eating
7011 92 is thinking
7011 92 has taken a fork
7011 92 has taken a fork
7011 92 is eating
7011 182 is thinking
7011 182 has taken a fork
7011 182 has taken a fork
7011 182 is eating
7011 144 is thinking
7011 144 has taken a fork
7011 144 has taken a fork
7011 144 is eating
7011 32 is thinking
7011 32 has taken a fork
7011 32 has taken a fork
7011 32 is eating
7011 62 is thinking
7011 62 has taken a fork
7011 62 has taken a fork
7011 62 is eating
7011 102 is thinking
7011 102 has taken a fork
7011 102 has taken a fork
7011 102 is eating
7011 164 is thinking
7011 164 has taken a fork
7011 164 has taken a fork
7011 164 is eating
7011 22 is thinking
7011 22 has taken a fork
7011 22 has taken a fork
7011 22 is eating
7011 14 has taken a fork
7011 14 has taken a fork
7011 14 is eating
7011 128 is thinking
7011 128 has taken a fork
7011 128 has taken a fork
7011 128 is eating
7012 74 is thinking
7012 74 has taken a fork
7012 74 has taken a fork
7012 74 is eating
7012 162 is thinking
7012 162 has taken a fork
7012 162 has taken a fork
7012 162 is eating
7012 90 is thinking
7012 90 has taken a fork
7012 90 has taken a fork
7012 90 is eating
7012 116 is thinking
7012 116 has taken a fork
7012 116 has taken a fork
7012 116 is eating
7012 69 is sleeping
7012 168 is thinking
7012 154 is thinking
7012 154 has taken a fork
7012 154 has taken a fork
7012 154 is eating
7012 100 is thinking
7012 100 has taken a fork
7012 100 has taken a fork
7012 100 is eating
7012 132 is thinking
7012 134 is thinking
7012 134 has taken a fork
7012 134 has taken a fork
7012 134 is eating
7012 38 is thinking
7012 140 is thinking
7012 38 has taken a fork
7012 38 has taken a fork
7012 38 is eating
7012 140 has taken a fork
7012 140 has taken a fork
7012 140 is eating
7012 104 is thinking
7012 104 has taken a fork
7012 104 has taken a fork
7012 104 is eating
7012 72 is thinking
7012 72 has taken a fork
7012 72 has taken a fork
7012 72 is eating
7012 132 has taken a fork
7012 132 has taken a fork
7012 132 is eating
7012 46 is thinking
7012 46 has taken a fork
7012 46 has taken a fork
7012 46 is eating
7012 48 is thinking
7012 48 has taken a fork
7012 48 has taken a fork
7012 48 is eating
7012 8 is thinking
7012 8 has taken a fork
7012 8 has taken a fork
7012 8 is eating
7012 110 is thinking
7012 110 has taken a fork
7012 110 has taken a fork
7012 110 is eating
7012 198 is thinking
7012 198 has taken a fork
7012 198 has taken a fork
7012 198 is eating
7012 178 is thinking
7012 178 has taken a fork
7012 178 has taken a fork
7012 178 is eating
7012 168 has taken a fork
7012 168 has taken a fork
7012 168 is eating
7012 36 is thinking
7012 36 has taken a fork
7012 36 has taken a fork
7012 36 is eating
7013 124 is thinking
7013 124 has taken a fork
7013 124 has taken a fork
7013 124 is eating
7013 156 is thinking
7013 156 has taken a fork
7013 156 has taken a fork
7013 156 is eating
7013 119 is sleeping
7013 180 is thinking
7013 180 has taken a fork
7013 180 has taken a fork
7013 180 is eating
7013 40 is thinking
7013 40 has taken a fork
7013 40 has taken a fork
7013 40 is eating
7013 191 is sleeping
7013 84 is thinking
7013 84 has taken a fork
7013 84 has taken a fork
7013 84 is eating
7013 108 is thinking
7013 108 has taken a fork
7013 108 has taken a fork
7013 108 is eating
7013 11 is sleeping
7014 120 is thinking
7014 120 has taken a fork
7014 120 has taken a fork
7014 120 is eating
7014 70 is thinking
7014 70 has taken a fork
7014 70 has taken a fork
7014 70 is eating
7014 66 is thinking
7014 66 has taken a fork
7014 66 has taken a fork
7014 66 is eating
7014 150 is thinking
7014 150 has taken a fork
7014 150 has taken a fork
7014 150 is eating
7014 94 is thinking
7014 94 has taken a fork
7014 94 has taken a fork
7014 94 is eating
7014 88 is thinking
7014 88 has taken a fork
7014 88 has taken a fork
7014 88 is eating
7014 192 is thinking
7014 192 has taken a fork
7014 192 has taken a fork
7014 192 is eating
7014 68 is thinking
7014 68 has taken a fork
7014 68 has taken a fork
7014 68 is eating
7015 136 is thinking
7015 10 is thinking
7015 10 has taken a fork
7015 10 has taken a fork
7015 10 is eating
7015 58 is thinking
7015 58 has taken a fork
7015 58 has taken a fork
7015 58 is eating
7015 82 is thinking
7015 82 has taken a fork
7015 82 has taken a fork
7015 82 is eating
7015 118 is thinking
7015 118 has taken a fork
7015 118 has taken a fork
7015 118 is eating
7015 186 is thinking
7015 186 has taken a fork
7015 186 has taken a fork
7015 186 is eating
7016 196 is thinking
7016 196 has taken a fork
7016 196 has taken a fork
7016 196 is eating
7016 56 is thinking
7016 56 has taken a fork
7016 56 has taken a fork
7016 56 is eating
7016 190 is thinking
7016 190 has taken a fork
7016 190 has taken a fork
7016 190 is eating
7016 136 has taken a fork
7016 136 has taken a fork
7016 136 is eating
7016 77 is sleeping
7016 86 is thinking
7016 86 has taken a fork
7016 86 has taken a fork
7016 86 is eating
7016 137 is sleeping
7016 12 is thinking
7016 12 has taken a fork
7016 12 has taken a fork
7016 12 is eating
7017 138 is thinking
7017 138 has taken a fork
7017 138 has taken a fork
7017 138 is eating
7017 159 is sleeping
7017 78 is thinking
7017 78 has taken a fork
7017 78 has taken a fork
7017 78 is eating
7017 126 is thinking
7017 126 has taken a fork
7017 126 has taken a fork
7017 126 is eating
7017 52 is thinking
7017 52 has taken a fork
7017 52 has taken a fork
7017 52 is eating
7017 76 is thinking
7017 76 has taken a fork
7017 76 has taken a fork
7017 76 is eating
7018 158 is thinking
7018 158 has taken a fork
7018 158 has taken a fork
7018 158 is eating
7018 160 is thinking
7018 160 has taken a fork
7018 160 has taken a fork
7018 160 is eating
7104 24 is sleeping
7104 26 is sleeping
7105 64 is sleeping
7105 174 is sleeping
7106 44 is sleeping
7106 172 is sleeping
7107 122 is sleeping
7108 28 is sleeping
7108 4 is sleeping
7108 2 is sleeping
7108 142 is sleeping
7108 146 is sleeping
7109 106 is sleeping
7109 34 is sleeping
7109 130 is sleeping
7109 184 is sleeping
7109 194 is sleeping
7109 20 is sleeping
7110 152 is sleeping
7110 18 is sleeping
7110 42 is sleeping
7110 200 is sleeping
7110 6 is sleeping
7110 54 is sleeping
7110 188 is sleeping
7110 98 is sleeping
7110 114 is sleeping
7110 80 is sleeping
7110 148 is sleeping
7110 16 is sleeping
7110 166 is sleeping
7110 112 is sleeping
7110 96 is sleeping
7110 60 is sleeping
7111 14 is sleeping
7111 164 is sleeping
7111 32 is sleeping
7111 22 is sleeping
7111 30 is sleeping
7111 62 is sleeping
7111 170 is sleeping
7111 102 is sleeping
7111 144 is sleeping
7111 182 is sleeping
7111 92 is sleeping
7111 128 is sleeping
7111 176 is sleeping
7111 50 is sleeping
7112 104 is sleeping
7112 154 is sleeping
7112 168 is sleeping
7112 48 is sleeping
7112 116 is sleeping
7112 134 is sleeping
7112 100 is sleeping
7112 72 is sleeping
7112 36 is sleeping
7112 178 is sleeping
7112 38 is sleeping
7112 140 is sleeping
7112 132 is sleeping
7112 90 is sleeping
7112 162 is sleeping
7112 110 is sleeping
7113 84 is sleeping
7113 46 is sleeping
7113 124 is sleeping
7113 8 is sleeping
7113 108 is sleeping
7113 198 is sleeping
7113 156 is sleeping
7113 74 is sleeping
7113 40 is sleeping
7113 180 is sleeping
7114 68 is sleeping
7114 120 is sleeping
7114 192 is sleeping
7114 88 is sleeping
7114 70 is sleeping
7114 66 is sleeping
7114 94 is sleeping
7114 150 is sleeping
7115 58 is sleeping
7115 82 is sleeping
7115 186 is sleeping
7115 118 is sleeping
7115 10 is sleeping
7116 86 is sleeping
7116 12 is sleeping
7116 190 is sleeping
7116 56 is sleeping
7116 196 is sleeping
7116 136 is sleeping
7117 76 is sleeping
7117 52 is sleeping
7117 126 is sleeping
7117 138 is sleeping
7117 78 is sleeping
7118 160 is sleeping
7118 158 is sleeping
7200 73 is thinking
7200 73 has taken a fork
7200 73 has taken a fork
7200 73 is eating
7200 65 is thinking
7200 65 has taken a fork
7200 65 has taken a fork
7200 65 is eating
7200 107 is thinking
7200 107 has taken a fork
7200 107 has taken a fork
7200 107 is eating
7201 7 is thinking
7201 7 has taken a fork
7201 7 has taken a fork
7201 7 is eating
7201 117 is thinking
7201 117 has taken a fork
7201 117 has taken a fork
7201 117 is eating
7201 27 is thinking
7201 27 has taken a fork
7201 27 has taken a fork
7201 27 is eating
7201 105 is thinking
7201 105 has taken a fork
7201 105 has taken a fork
7201 105 is eating
7201 111 is thinking
7201 111 has taken a fork
7201 111 has taken a fork
7201 111 is eating
7201 85 is thinking
7201 85 has taken a fork
7201 85 has taken a fork
7201 85 is eating
7201 141 is thinking
7201 141 has taken a fork
7201 141 has taken a fork
7201 141 is eating
7201 175 is thinking
7201 175 has taken a fork
7201 175 has taken a fork
7201 175 is eating
7201 123 is thinking
7201 123 has taken a fork
7201 123 has taken a fork
7201 123 is eating
7202 173 is thinking
7202 173 has taken a fork
7202 173 has taken a fork
7202 173 is eating
7202 43 is thinking
7202 43 has taken a fork
7202 43 has taken a fork
7202 43 is eating
7202 189 is thinking
7202 189 has taken a fork
7202 189 has taken a fork
7202 189 is eating
7202 121 is thinking
7202 121 has taken a fork
7202 121 has taken a fork
7202 121 is eating
7202 23 is thinking
7202 23 has taken a fork
7202 23 has taken a fork
7202 23 is eating
7202 25 is thinking
7202 25 has taken a fork
7202 25 has taken a fork
7202 25 is eating
7202 129 is thinking
7202 129 has taken a fork
7202 129 has taken a fork
7202 129 is eating
7203 35 is thinking
7203 35 has taken a fork
7203 35 has taken a fork
7203 35 is eating
7204 51 is thinking
7204 51 has taken a fork
7204 51 has taken a fork
7204 51 is eating
7204 55 is thinking
7204 55 has taken a fork
7204 55 has taken a fork
7204 55 is eating
7204 157 is thinking
7204 45 is thinking
7204 45 has taken a fork
7204 45 has taken a fork
7204 45 is eating
7204 37 is thinking
7204 89 is thinking
7204 89 has taken a fork
7204 89 has taken a fork
7204 89 is eating
7204 37 has taken a fork
7204 37 has taken a fork
7204 37 is eating
7204 177 is thinking
7204 177 has taken a fork
7204 177 has taken a fork
7204 177 is eating
7204 179 is thinking
7204 179 has taken a fork
7204 179 has taken a fork
7204 179 is eating
7204 157 has taken a fork
7204 157 has taken a fork
7204 157 is eating
7204 185 is thinking
7204 185 has taken a fork
7204 185 has taken a fork
7204 185 is eating
7204 41 is thinking
7204 171 is thinking
7204 171 has taken a fork
7204 171 has taken a fork
7204 171 is eating
7204 41 has taken a fork
7204 41 has taken a fork
7204 41 is eating
7204 93 is thinking
7204 93 has taken a fork
7204 93 has taken a fork
7204 93 is eating
7204 109 is thinking
7204 109 has taken a fork
7204 109 has taken a fork
7204 109 is eating
7205 97 is thinking
7205 97 has taken a fork
7205 97 has taken a fork
7205 97 is eating
7205 145 is thinking
7205 145 has taken a fork
7205 145 has taken a fork
7205 145 is eating
7205 149 is thinking
7205 149 has taken a fork
7205 149 has taken a fork
7205 149 is eating
7205 103 is thinking
7205 103 has taken a fork
7205 103 has taken a fork
7205 103 is eating
7205 59 is thinking
7205 59 has taken a fork
7205 59 has taken a fork
7205 59 is eating
7205 197 is thinking
7205 197 has taken a fork
7205 197 has taken a fork
7205 197 is eating
7205 3 is thinking
7205 3 has taken a fork
7205 3 has taken a fork
7205 3 is eating
7205 9 is thinking
7205 9 has taken a fork
7205 9 has taken a fork
7205 9 is eating
7205 87 is thinking
7205 87 has taken a fork
7205 87 has taken a fork
7205 87 is eating
7205 95 is thinking
7205 95 has taken a fork
7205 95 has taken a fork
7205 95 is eating
7205 147 is thinking
7205 147 has taken a fork
7205 147 has taken a fork
7205 147 is eating
7205 63 is thinking
7205 63 has taken a fork
7205 63 has taken a fork
7205 63 is eating
7205 139 is thinking
7205 139 has taken a fork
7205 139 has taken a fork
7205 139 is eating
7205 101 is thinking
7205 101 has taken a fork
7205 101 has taken a fork
7205 101 is eating
7205 71 is thinking
7205 71 has taken a fork
7205 71 has taken a fork
7205 71 is eating
7205 195 is thinking
7205 195 has taken a fork
7205 195 has taken a fork
7205 195 is eating
7206 161 is thinking
7206 161 has taken a fork
7206 161 has taken a fork
7206 161 is eating
7206 1 is thinking
7206 1 has taken a fork
7206 1 has taken a fork
7206 1 is eating
7206 17 is thinking
7206 17 has taken a fork
7206 17 has taken a fork
7206 17 is eating
7206 13 is thinking
7206 13 has taken a fork
7206 13 has taken a fork
7206 13 is eating
7206 133 is thinking
7206 133 has taken a fork
7206 133 has taken a fork
7206 133 is eating
7206 135 is thinking
7206 135 has taken a fork
7206 135 has taken a fork
7206 135 is eating
7206 29 is thinking
7206 29 has taken a fork
7206 29 has taken a fork
7206 29 is eating
7206 53 is thinking
7206 53 has taken a fork
7206 53 has taken a fork
7206 53 is eating
7207 199 is thinking
7207 199 has taken a fork
7207 199 has taken a fork
7207 199 is eating
7207 57 is thinking
7207 57 has taken a fork
7207 57 has taken a fork
7207 57 is eating
7207 61 is thinking
7207 61 has taken a fork
7207 61 has taken a fork
7207 61 is eating
7207 47 is thinking
7207 131 is thinking
7207 131 has taken a fork
7207 131 has taken a fork
7207 131 is eating
7207 167 is thinking
7207 167 has taken a fork
7207 167 has taken a fork
7207 167 is eating
7207 163 is thinking
7207 181 is thinking
7207 181 has taken a fork
7207 181 has taken a fork
7207 181 is eating
7207 183 is thinking
7207 183 has taken a fork
7207 183 has taken a fork
7207 183 is eating
7207 143 is thinking
7207 143 has taken a fork
7207 143 has taken a fork
7207 143 is eating
7207 163 has taken a fork
7207 163 has taken a fork
7207 163 is eating
7207 165 is thinking
7207 165 has taken a fork
7207 165 has taken a fork
7207 165 is eating
7207 47 has taken a fork
7207 47 has taken a fork
7207 47 is eating
7207 5 is thinking
7207 5 has taken a fork
7207 5 has taken a fork
7207 5 is eating
7208 31 is thinking
7208 31 has taken a fork
7208 31 has taken a fork
7208 31 is eating
7208 33 is thinking
7208 33 has taken a fork
7208 33 has taken a fork
7208 33 is eating
7208 125 is thinking
7208 125 has taken a fork
7208 125 has taken a fork
7208 125 is eating
7208 49 is thinking
7208 49 has taken a fork
7208 49 has taken a fork
7208 49 is eating
7208 115 is thinking
7208 115 has taken a fork
7208 115 has taken a fork
7208 115 is eating
7208 193 is thinking
7208 193 has taken a fork
7208 193 has taken a fork
7208 193 is eating
7208 155 is thinking
7208 39 is thinking
7208 39 has taken a fork
7208 39 has taken a fork
7208 39 is eating
7208 83 is thinking
7208 83 has taken a fork
7208 83 has taken a fork
7208 83 is eating
7208 153 is thinking
7208 153 has taken a fork
7208 153 has taken a fork
7208 153 is eating
7208 155 has taken a fork
7208 155 has taken a fork
7208 155 is eating
7209 169 is thinking
7209 169 has taken a fork
7209 169 has taken a fork
7209 169 is eating
7209 75 is thinking
7209 75 has taken a fork
7209 75 has taken a fork
7209 75 is eating
7209 19 is thinking
7209 19 has taken a fork
7209 19 has taken a fork
7209 19 is eating
7209 113 is thinking
7209 113 has taken a fork
7209 113 has taken a fork
7209 113 is eating
7209 127 is thinking
7209 127 has taken a fork
7209 127 has taken a fork
7209 127 is eating
7209 99 is thinking
7209 99 has taken a fork
7209 99 has taken a fork
7209 99 is eating
7209 21 is thinking
7209 21 has taken a fork
7209 21 has taken a fork
7209 21 is eating
7209 187 is thinking
7209 187 has taken a fork
7209 187 has taken a fork
7209 187 is eating
7209 91 is thinking
7209 91 has taken a fork
7209 91 has taken a fork
7209 91 is eating
7209 67 is thinking
7209 67 has taken a fork
7209 67 has taken a fork
7209 67 is eating
7209 15 is thinking
7209 15 has taken a fork
7209 15 has taken a fork
7209 15 is eating
7209 79 is thinking
7209 79 has taken a fork
7209 79 has taken a fork
7209 79 is eating
7210 81 is thinking
7210 81 has taken a fork
7210 81 has taken a fork
7210 81 is eating
7210 151 is thinking
7210 151 has taken a fork
7210 151 has taken a fork
7210 151 is eating
7213 119 is thinking
7213 119 has taken a fork
7213 119 has taken a fork
7213 119 is eating
7213 11 is thinking
7213 11 has taken a fork
7213 11 has taken a fork
7213 11 is eating
7213 191 is thinking
7213 191 has taken a fork
7213 191 has taken a fork
7213 191 is eating
7213 69 is thinking
7213 69 has taken a fork
7213 69 has taken a fork
7213 69 is eating
7214 137 is thinking
7214 137 has taken a fork
7214 137 has taken a fork
7214 137 is eating
7216 77 is thinking
7216 77 has taken a fork
7216 77 has taken a fork
7216 77 is eating
7217 159 is thinking
7217 159 has taken a fork
7217 159 has taken a fork
7217 159 is eating
7300 73 is sleeping
7300 65 is sleeping
7300 107 is sleeping
7301 141 is sleeping
7301 117 is sleeping
7301 85 is sleeping
7301 105 is sleeping
7301 111 is sleeping
7301 7 is sleeping
7301 175 is sleeping
7301 123 is sleeping
7301 27 is sleeping
7302 43 is sleeping
7302 173 is sleeping
7302 25 is sleeping
7302 23 is sleeping
7302 121 is sleeping
7302 189 is sleeping
7303 35 is sleeping
7303 129 is sleeping
7304 157 is sleeping
7304 55 is sleeping
7304 24 is thinking
7304 37 is sleeping
7304 177 is sleeping
7304 41 is sleeping
7304 26 is thinking
7304 26 has taken a fork
7304 26 has taken a fork
7304 26 is eating
7304 89 is sleeping
7304 93 is sleeping
7304 45 is sleeping
7304 171 is sleeping
7304 51 is sleeping
7304 109 is sleeping
7304 179 is sleeping
7304 24 has taken a fork
7304 24 has taken a fork
7304 24 is eating
7304 185 is sleeping
7305 174 is thinking
7305 174 has taken a fork
7305 174 has taken a fork
7305 174 is eating
7305 71 is sleeping
7305 147 is sleeping
7305 63 is sleeping
7305 64 is thinking
7305 64 has taken a fork
7305 64 has taken a fork
7305 64 is eating
7305 101 is sleeping
7305 97 is sleeping
7305 195 is sleeping
7305 145 is sleeping
7305 59 is sleeping
7305 9 is sleeping
7305 103 is sleeping
7305 95 is sleeping
7305 197 is sleeping
7305 87 is sleeping
7305 139 is sleeping
7305 149 is sleeping
7305 3 is sleeping
7306 17 is sleeping
7306 44 is thinking
7306 44 has taken a fork
7306 44 has taken a fork
7306 44 is eating
7306 135 is sleeping
7306 172 is thinking
7306 172 has taken a fork
7306 172 has taken a fork
7306 172 is eating
7306 161 is sleeping
7306 13 is sleeping
7306 53 is sleeping
7306 133 is sleeping
7306 29 is sleeping
7306 1 is sleeping
7307 183 is sleeping
7307 181 is sleeping
7307 47 is sleeping
7307 5 is sleeping
7307 165 is sleeping
7307 199 is sleeping
7307 61 is sleeping
7307 122 is thinking
7307 122 has taken a fork
7307 122 has taken a fork
7307 122 is eating
7307 167 is sleeping
7307 57 is sleeping
7307 131 is sleeping
7307 143 is sleeping
7307 163 is sleeping
7308 153 is sleeping
7308 142 is thinking
7308 142 has taken a fork
7308 142 has taken a fork
7308 142 is eating
7308 146 is thinking
7308 146 has taken a fork
7308 146 has taken a fork
7308 146 is eating
7308 33 is sleeping
7308 83 is sleeping
7308 115 is sleeping
7308 49 is sleeping
7308 2 is thinking
7308 2 has taken a fork
7308 2 has taken a fork
7308 2 is eating
7308 125 is sleeping
7308 155 is sleeping
7308 193 is sleeping
7308 34 is thinking
7308 34 has taken a fork
7308 34 has taken a fork
7308 34 is eating
7308 39 is sleeping
7308 28 is thinking
7308 28 has taken a fork
7308 28 has taken a fork
7308 28 is eating
7308 4 is thinking
7308 4 has taken a fork
7308 4 has taken a fork
7308 4 is eating
7309 67 is sleeping
7309 106 is thinking
7309 106 has taken a fork
7309 106 has taken a fork
7309 106 is eating
7309 19 is sleeping
7309 169 is sleeping
7309 31 is sleeping
7309 91 is sleeping
7309 127 is sleeping
7309 187 is sleeping
7309 184 is thinking
7309 184 has taken a fork
7309 184 has taken a fork
7309 184 is eating
7309 20 is thinking
7309 99 is sleeping
7309 15 is sleeping
7309 21 is sleeping
7309 113 is sleeping
7309 79 is sleeping
7309 130 is thinking
7309 130 has taken a fork
7309 130 has taken a fork
7309 130 is eating
7309 194 is thinking
7309 194 has taken a fork
7309 194 has taken a fork
7309 194 is eating
7309 20 has taken a fork
7309 20 has taken a fork
7309 20 is eating
7309 75 is sleeping
7310 96 is thinking
7310 96 has taken a fork
7310 96 has taken a fork
7310 96 is eating
7310 114 is thinking
7310 114 has taken a fork
7310 114 has taken a fork
7310 114 is eating
7310 151 is sleeping
7310 148 is thinking
7310 148 has taken a fork
7310 148 has taken a fork
7310 148 is eating
7310 152 is thinking
7310 152 has taken a fork
7310 152 has taken a fork
7310 152 is eating
7310 81 is sleeping
7310 112 is thinking
7310 112 has taken a fork
7310 112 has taken a fork
7310 112 is eating
7310 188 is thinking
7310 188 has taken a fork
7310 188 has taken a fork
7310 188 is eating
7310 98 is thinking
7310 98 has taken a fork
7310 98 has taken a fork
7310 98 is eating
7310 80 is thinking
7310 80 has taken a fork
7310 80 has taken a fork
7310 80 is eating
7311 170 is thinking
7311 170 has taken a fork
7311 170 has taken a fork
7311 170 is eating
7311 92 is thinking
7311 92 has taken a fork
7311 92 has taken a fork
7311 92 is eating
7311 62 is thinking
7311 62 has taken a fork
7311 62 has taken a fork
7311 62 is eating
7311 166 is thinking
7311 18 is thinking
7311 18 has taken a fork
7311 18 has taken a fork
7311 18 is eating
7311 14 is thinking
7311 176 is thinking
7311 60 is thinking
7311 176 has taken a fork
7311 176 has taken a fork
7311 176 is eating
7311 32 is thinking
7311 32 has taken a fork
7311 32 has taken a fork
7311 32 is eating
7311 144 is thinking
7311 144 has taken a fork
7311 144 has taken a fork
7311 144 is eating
7311 50 is thinking
7311 50 has taken a fork
7311 50 has taken a fork
7311 50 is eating
7311 182 is thinking
7311 182 has taken a fork
7311 182 has taken a fork
7311 182 is eating
7311 102 is thinking
7311 102 has taken a fork
7311 102 has taken a fork
7311 102 is eating
7311 164 is thinking
7311 164 has taken a fork
7311 164 has taken a fork
7311 164 is eating
7311 22 is thinking
7311 22 has taken a fork
7311 22 has taken a fork
7311 22 is eating
7311 30 is thinking
7311 30 has taken a fork
7311 30 has taken a fork
7311 30 is eating
7311 6 is thinking
7311 6 has taken a fork
7311 6 has taken a fork
7311 6 is eating
7311 166 has taken a fork
7311 166 has taken a fork
7311 166 is eating
7311 16 is thinking
7311 14 has taken a fork
7311 14 has taken a fork
7311 14 is eating
7311 42 is thinking
7311 42 has taken a fork
7311 42 has taken a fork
7311 42 is eating
7312 128 is thinking
7312 128 has taken a fork
7312 128 has taken a fork
7312 128 is eating
7312 198 is thinking
7312 198 has taken a fork
7312 198 has taken a fork
7312 198 is eating
7312 8 is thinking
7312 8 has taken a fork
7312 8 has taken a fork
7312 8 is eating
7312 54 is thinking
7312 110 is thinking
7312 140 is thinking
7312 140 has taken a fork
7312 140 has taken a fork
7312 140 is eating
7312 54 has taken a fork
7312 54 has taken a fork
7312 54 is eating
7312 132 is thinking
7312 132 has taken a fork
7312 132 has taken a fork
7312 132 is eating
7312 110 has taken a fork
7312 110 has taken a fork
7312 110 is eating
7312 74 is thinking
7312 74 has taken a fork
7312 74 has taken a fork
7312 74 is eating
7312 134 is thinking
7312 48 is thinking
7312 38 is thinking
7312 162 is thinking
7312 162 has taken a fork
7312 162 has taken a fork
7312 162 is eating
7312 48 has taken a fork
7312 48 has taken a fork
7312 48 is eating
7312 134 has taken a fork
7312 134 has taken a fork
7312 134 is eating
7312 36 is thinking
7312 36 has taken a fork
7312 36 has taken a fork
7312 36 is eating
7312 116 is thinking
7312 116 has taken a fork
7312 116 has taken a fork
7312 116 is eating
7312 38 has taken a fork
7312 38 has taken a fork
7312 38 is eating
7312 154 is thinking
7312 154 has taken a fork
7312 154 has taken a fork
7312 154 is eating
7312 168 is thinking
7312 168 has taken a fork
7312 168 has taken a fork
7312 168 is eating
7312 16 has taken a fork
7312 16 has taken a fork
7312 16 is eating
7312 200 is thinking
7312 200 has taken a fork
7312 200 has taken a fork
7312 200 is eating
7312 178 is thinking
7312 178 has taken a fork
7312 178 has taken a fork
7312 178 is eating
7312 46 is thinking
7312 46 has taken a fork
7312 46 has taken a fork
7312 46 is eating
7312 100 is thinking
7312 100 has taken a fork
7312 100 has taken a fork
7312 100 is eating
7312 104 is thinking
7312 104 has taken a fork
7312 104 has taken a fork
7312 104 is eating
7313 156 is thinking
7313 156 has taken a fork
7313 156 has taken a fork
7313 156 is eating
7313 60 has taken a fork
7313 60 has taken a fork
7313 60 is eating
7313 69 is sleeping
7313 191 is sleeping
7313 72 is thinking
7313 72 has taken a fork
7313 72 has taken a fork
7313 72 is eating
7313 84 is thinking
7313 84 has taken a fork
7313 84 has taken a fork
7313 84 is eating
7313 180 is thinking
7313 180 has taken a fork
7313 180 has taken a fork
7313 180 is eating
7313 11 is sleeping
7313 108 is thinking
7313 108 has taken a fork
7313 108 has taken a fork
7313 108 is eating
7313 124 is thinking
7313 124 has taken a fork
7313 124 has taken a fork
7313 124 is eating
7313 119 is sleeping
7313 40 is thinking
7313 90 is thinking
7313 90 has taken a fork
7313 90 has taken a fork
7313 90 is eating
7313 40 has taken a fork
7313 40 has taken a fork
7313 40 is eating
7314 137 is sleeping
7314 70 is thinking
7314 70 has taken a fork
7314 70 has taken a fork
7314 70 is eating
7314 66 is thinking
7314 66 has taken a fork
7314 66 has taken a fork
7314 66 is eating
7314 120 is thinking
7314 120 has taken a fork
7314 120 has taken a fork
7314 120 is eating
7314 94 is thinking
7314 94 has taken a fork
7314 94 has taken a fork
7314 94 is eating
7314 192 is thinking
7314 192 has taken a fork
7314 192 has taken a fork
7314 192 is eating
7314 88 is thinking
7314 88 has taken a fork
7314 88 has taken a fork
7314 88 is eating
7314 68 is thinking
7314 68 has taken a fork
7314 68 has taken a fork
7314 68 is eating
7314 150 is thinking
7314 150 has taken a fork
7314 150 has taken a fork
7314 150 is eating
7315 186 is thinking
7315 186 has taken a fork
7315 186 has taken a fork
7315 186 is eating
7315 10 is thinking
7315 10 has taken a fork
7315 10 has taken a fork
7315 10 is eating
7315 82 is thinking
7315 82 has taken a fork
7315 82 has taken a fork
7315 82 is eating
7315 58 is thinking
7315 58 has taken a fork
7315 58 has taken a fork
7315 58 is eating
7315 118 is thinking
7315 118 has taken a fork
7315 118 has taken a fork
7315 118 is eating
7316 86 is thinking
7316 86 has taken a fork
7316 86 has taken a fork
7316 86 is eating
7316 136 is thinking
7316 136 has taken a fork
7316 136 has taken a fork
7316 136 is eating
7316 77 is sleeping
7316 56 is thinking
7316 56 has taken a fork
7316 56 has taken a fork
7316 56 is eating
7316 190 is thinking
7316 190 has taken a fork
7316 190 has taken a fork
7316 190 is eating
7316 196 is thinking
7316 196 has taken a fork
7316 196 has taken a fork
7316 196 is eating
7316 12 is thinking
7316 12 has taken a fork
7316 12 has taken a fork
7316 12 is eating
7317 76 is thinking
7317 76 has taken a fork
7317 76 has taken a fork
7317 76 is eating
7317 138 is thinking
7317 138 has taken a fork
7317 138 has taken a fork
7317 138 is eating
7317 159 is sleeping
7317 78 is thinking
7317 78 has taken a fork
7317 78 has taken a fork
7317 78 is eating
7317 126 is thinking
7317 52 is thinking
7317 52 has taken a fork
7317 52 has taken a fork
7317 52 is eating
7317 126 has taken a fork
7317 126 has taken a fork
7317 126 is eating
7318 160 is thinking
7318 160 has taken a fork
7318 160 has taken a fork
7318 160 is eating
7318 158 is thinking
7318 158 has taken a fork
7318 158 has taken a fork
7318 158 is eating
7404 24 is sleeping
7404 26 is sleeping
7405 64 is sleeping
7405 174 is sleeping
7406 44 is sleeping
7406 172 is sleeping
7407 122 is sleeping
7408 2 is sleeping
7408 28 is sleeping
7408 146 is sleeping
7408 142 is sleeping
7408 34 is sleeping
7408 4 is sleeping
7409 184 is sleeping
7409 130 is sleeping
7409 20 is sleeping
7409 106 is sleeping
7409 194 is sleeping
7410 112 is sleeping
7410 114 is sleeping
7410 148 is sleeping
7410 98 is sleeping
7410 96 is sleeping
7410 152 is sleeping
7410 188 is sleeping
7410 80 is sleeping
7411 170 is sleeping
7411 92 is sleeping
7411 166 is sleeping
7411 30 is sleeping
7411 62 is sleeping
7411 6 is sleeping
7411 32 is sleeping
7411 176 is sleeping
7411 14 is sleeping
7411 102 is sleeping
7411 182 is sleeping
7411 22 is sleeping
7411 164 is sleeping
7411 18 is sleeping
7411 42 is sleeping
7411 144 is sleeping
7411 50 is sleeping
7412 16 is sleeping
7412 74 is sleeping
7412 198 is sleeping
7412 178 is sleeping
7412 168 is sleeping
7412 46 is sleeping
7412 104 is sleeping
7412 8 is sleeping
7412 154 is sleeping
7412 38 is sleeping
7412 134 is sleeping
7412 110 is sleeping
7412 132 is sleeping
7412 36 is sleeping
7412 162 is sleeping
7412 140 is sleeping
7412 116 is sleeping
7412 100 is sleeping
7412 200 is sleeping
7412 54 is sleeping
7412 60 is sleeping
7412 128 is sleeping
7412 48 is sleeping
7413 180 is sleeping
7413 156 is sleeping
7413 124 is sleeping
7413 108 is sleeping
7413 72 is sleeping
7413 90 is sleeping
7413 40 is sleeping
7413 84 is sleeping
7414 120 is sleeping
7414 70 is sleeping
7414 192 is sleeping
7414 88 is sleeping
7414 94 is sleeping
7414 66 is sleeping
7414 68 is sleeping
7414 150 is sleeping
7415 82 is sleeping
7415 10 is sleeping
7415 58 is sleeping
7415 118 is sleeping
7415 186 is sleeping
7416 136 is sleeping
7416 86 is sleeping
7416 196 is sleeping
7416 56 is sleeping
7416 190 is sleeping
7416 12 is sleeping
7417 126 is sleeping
7417 76 is sleeping
7417 138 is sleeping
7417 78 is sleeping
7417 52 is sleeping
7418 158 is sleeping
7418 160 is sleeping
7500 65 is thinking
7500 65 has taken a fork
7500 65 has taken a fork
7500 65 is eating
7500 73 is thinking
7500 73 has taken a fork
7500 73 has taken a fork
7500 73 is eating
7500 107 is thinking
7500 107 has taken a fork
7500 107 has taken a fork
7500 107 is eating
7501 141 is thinking
7501 141 has taken a fork
7501 141 has taken a fork
7501 141 is eating
7501 111 is thinking
7501 111 has taken a fork
7501 111 has taken a fork
7501 111 is eating
7501 117 is thinking
7501 117 has taken a fork
7501 117 has taken a fork
7501 117 is eating
7501 175 is thinking
7501 175 has taken a fork
7501 175 has taken a fork
7501 175 is eating
7501 85 is thinking
7501 85 has taken a fork
7501 85 has taken a fork
7501 85 is eating
7501 123 is thinking
7501 123 has taken a fork
7501 123 has taken a fork
7501 123 is eating
7501 7 is thinking
7501 7 has taken a fork
7501 7 has taken a fork
7501 7 is eating
7501 27 is thinking
7501 27 has taken a fork
7501 27 has taken a fork
7501 27 is eating
7501 105 is thinking
7501 105 has taken a fork
7501 105 has taken a fork
7501 105 is eating
7502 129 is thinking
7502 129 has taken a fork
7502 129 has taken a fork
7502 129 is eating
7502 25 is thinking
7502 25 has taken a fork
7502 25 has taken a fork
7502 25 is eating
7502 173 is thinking
7502 173 has taken a fork
7502 173 has taken a fork
7502 173 is eating
7502 23 is thinking
7502 23 has taken a fork
7502 23 has taken a fork
7502 23 is eating
7502 43 is thinking
7502 43 has taken a fork
7502 43 has taken a fork
7502 43 is eating
7502 189 is thinking
7502 189 has taken a fork
7502 189 has taken a fork
7502 189 is eating
7502 121 is thinking
7502 121 has taken a fork
7502 121 has taken a fork
7502 121 is eating
7503 35 is thinking
7503 35 has taken a fork
7503 35 has taken a fork
7503 35 is eating
7504 41 is thinking
7504 41 has taken a fork
7504 41 has taken a fork
7504 41 is eating
7504 109 is thinking
7504 109 has taken a fork
7504 109 has taken a fork
7504 109 is eating
7504 177 is thinking
7504 177 has taken a fork
7504 177 has taken a fork
7504 177 is eating
7504 93 is thinking
7504 89 is thinking
7504 89 has taken a fork
7504 89 has taken a fork
7504 89 is eating
7504 51 is thinking
7504 37 is thinking
7504 37 has taken a fork
7504 37 has taken a fork
7504 37 is eating
7504 51 has taken a fork
7504 51 has taken a fork
7504 51 is eating
7504 45 is thinking
7504 45 has taken a fork
7504 45 has taken a fork
7504 45 is eating
7504 157 is thinking
7504 157 has taken a fork
7504 157 has taken a fork
7504 157 is eating
7504 55 is thinking
7504 55 has taken a fork
7504 55 has taken a fork
7504 55 is eating
7504 93 has taken a fork
7504 93 has taken a fork
7504 93 is eating
7504 185 is thinking
7504 185 has taken a fork
7504 185 has taken a fork
7504 185 is eating
7504 179 is thinking
7504 179 has taken a fork
7504 179 has taken a fork
7504 179 is eating
7504 171 is thinking
7504 171 has taken a fork
7504 171 has taken a fork
7504 171 is eating
7505 145 is thinking
7505 145 has taken a fork
7505 145 has taken a fork
7505 145 is eating
7505 59 is thinking
7505 59 has taken a fork
7505 59 has taken a fork
7505 59 is eating
7505 139 is thinking
7505 197 is thinking
7505 9 is thinking
7505 9 has taken a fork
7505 9 has taken a fork
7505 9 is eating
7505 103 is thinking
7505 103 has taken a fork
7505 103 has taken a fork
7505 103 is eating
7505 197 has taken a fork
7505 197 has taken a fork
7505 197 is eating
7505 71 is thinking
7505 71 has taken a fork
7505 71 has taken a fork
7505 71 is eating
7505 95 is thinking
7505 95 has taken a fork
7505 95 has taken a fork
7505 95 is eating
7505 87 is thinking
7505 87 has taken a fork
7505 87 has taken a fork
7505 87 is eating
7505 149 is thinking
7505 149 has taken a fork
7505 149 has taken a fork
7505 149 is eating
7505 3 is thinking
7505 3 has taken a fork
7505 3 has taken a fork
7505 3 is eating
7505 147 is thinking
7505 147 has taken a fork
7505 147 has taken a fork
7505 147 is eating
7505 139 has taken a fork
7505 139 has taken a fork
7505 139 is eating
7505 195 is thinking
7505 195 has taken a fork
7505 195 has taken a fork
7505 195 is eating
7505 63 is thinking
7505 63 has taken a fork
7505 63 has taken a fork
7505 63 is eating
7505 97 is thinking
7505 97 has taken a fork
7505 97 has taken a fork
7505 97 is eating
7505 101 is thinking
7505 101 has taken a fork
7505 101 has taken a fork
7505 101 is eating
7506 53 is thinking
7506 53 has taken a fork
7506 53 has taken a fork
7506 53 is eating
7506 17 is thinking
7506 17 has taken a fork
7506 17 has taken a fork
7506 17 is eating
7506 29 is thinking
7506 29 has taken a fork
7506 29 has taken a fork
7506 29 is eating
7506 13 is thinking
7506 13 has taken a fork
7506 13 has taken a fork
7506 13 is eating
7506 161 is thinking
7506 161 has taken a fork
7506 161 has taken a fork
7506 161 is eating
7506 1 is thinking
7506 1 has taken a fork
7506 1 has taken a fork
7506 1 is eating
7506 133 is thinking
7506 133 has taken a fork
7506 133 has taken a fork
7506 133 is eating
7506 135 is thinking
7506 135 has taken a fork
7506 135 has taken a fork
7506 135 is eating
7507 165 is thinking
7507 165 has taken a fork
7507 165 has taken a fork
7507 165 is eating
7507 5 is thinking
7507 5 has taken a fork
7507 5 has taken a fork
7507 5 is eating
7507 61 is thinking
7507 61 has taken a fork
7507 61 has taken a fork
7507 61 is eating
7507 47 is thinking
7507 47 has taken a fork
7507 47 has taken a fork
7507 47 is eating
7507 199 is thinking
7507 199 has taken a fork
7507 199 has taken a fork
7507 199 is eating
7507 143 is thinking
7507 143 has taken a fork
7507 143 has taken a fork
7507 143 is eating
7507 163 is thinking
7507 163 has taken a fork
7507 163 has taken a fork
7507 163 is eating
7507 131 is thinking
7507 131 has taken a fork
7507 131 has taken a fork
7507 131 is eating
7507 183 is thinking
7507 183 has taken a fork
7507 183 has taken a fork
7507 183 is eating
7507 181 is thinking
7507 181 has taken a fork
7507 181 has taken a fork
7507 181 is eating
7507 167 is thinking
7507 167 has taken a fork
7507 167 has taken a fork
7507 167 is eating
7507 57 is thinking
7507 57 has taken a fork
7507 57 has taken a fork
7507 57 is eating
7508 153 is thinking
7508 153 has taken a fork
7508 153 has taken a fork
7508 153 is eating
7508 83 is thinking
7508 83 has taken a fork
7508 83 has taken a fork
7508 83 is eating
7508 39 is thinking
7508 39 has taken a fork
7508 39 has taken a fork
7508 39 is eating
7508 115 is thinking
7508 115 has taken a fork
7508 115 has taken a fork
7508 115 is eating
7508 49 is thinking
7508 49 has taken a fork
7508 49 has taken a fork
7508 49 is eating
7508 125 is thinking
7508 125 has taken a fork
7508 125 has taken a fork
7508 125 is eating
7508 155 is thinking
7508 155 has taken a fork
7508 155 has taken a fork
7508 155 is eating
7508 193 is thinking
7508 193 has taken a fork
7508 193 has taken a fork
7508 193 is eating
7508 31 is thinking
7508 31 has taken a fork
7508 31 has taken a fork
7508 31 is eating
7508 33 is thinking
7508 33 has taken a fork
7508 33 has taken a fork
7508 33 is eating
7509 67 is thinking
7509 67 has taken a fork
7509 67 has taken a fork
7509 67 is eating
7509 15 is thinking
7509 15 has taken a fork
7509 15 has taken a fork
7509 15 is eating
7509 169 is thinking
7509 127 is thinking
7509 127 has taken a fork
7509 127 has taken a fork
7509 127 is eating
7509 79 is thinking
7509 75 is thinking
7509 75 has taken a fork
7509 75 has taken a fork
7509 75 is eating
7509 79 has taken a fork
7509 79 has taken a fork
7509 79 is eating
7509 21 is thinking
7509 21 has taken a fork
7509 21 has taken a fork
7509 21 is eating
7509 113 is thinking
7509 99 is thinking
7509 99 has taken a fork
7509 99 has taken a fork
7509 99 is eating
7509 169 has taken a fork
7509 169 has taken a fork
7509 169 is eating
7509 113 has taken a fork
7509 113 has taken a fork
7509 113 is eating
7509 91 is thinking
7509 91 has taken a fork
7509 91 has taken a fork
7509 91 is eating
7509 187 is thinking
7509 187 has taken a fork
7509 187 has taken a fork
7509 187 is eating
7509 19 is thinking
7509 19 has taken a fork
7509 19 has taken a fork
7509 19 is eating
7510 151 is thinking
7510 151 has taken a fork
7510 151 has taken a fork
7510 151 is eating
7510 81 is thinking
7510 81 has taken a fork
7510 81 has taken a fork
7510 81 is eating
7513 191 is thinking
7513 191 has taken a fork
7513 191 has taken a fork
7513 191 is eating
7513 69 is thinking
7513 11 is thinking
7513 11 has taken a fork
7513 11 has taken a fork
7513 11 is eating
7513 119 is thinking
7513 119 has taken a fork
7513 119 has taken a fork
7513 119 is eating
7513 69 has taken a fork
7513 69 has taken a fork
7513 69 is eating
7514 137 is thinking
7514 137 has taken a fork
7514 137 has taken a fork
7514 137 is eating
7516 77 is thinking
7516 77 has taken a fork
7516 77 has taken a fork
7516 77 is eating
7517 159 is thinking
7517 159 has taken a fork
7517 159 has taken a fork
7517 159 is eating
7600 107 is sleeping
7600 65 is sleeping
7600 73 is sleeping
7601 117 is sleeping
7601 105 is sleeping
7601 7 is sleeping
7601 85 is sleeping
7601 123 is sleeping
7601 27 is sleeping
7601 175 is sleeping
7601 141 is sleeping
7602 129 is sleeping
7602 121 is sleeping
7602 23 is sleeping
7602 189 is sleeping
7602 43 is sleeping
7602 111 is sleeping
7602 173 is sleeping
7602 25 is sleeping
7603 35 is sleeping
7604 45 is sleeping
7604 93 is sleeping
7604 179 is sleeping
7604 37 is sleeping
7604 26 is thinking
7604 26 has taken a fork
7604 26 has taken a fork
7604 26 is eating
7604 171 is sleeping
7604 185 is sleeping
7604 41 is sleeping
7604 89 is sleeping
7604 177 is sleeping
7604 55 is sleeping
7604 157 is sleeping
7604 24 is thinking
7604 24 has taken a fork
7604 24 has taken a fork
7604 24 is eating
7604 109 is sleeping
7604 51 is sleeping
7605 145 is sleeping
7605 149 is sleeping
7605 195 is sleeping
7605 97 is sleeping
7605 174 is thinking
7605 174 has taken a fork
7605 174 has taken a fork
7605 174 is eating
7605 63 is sleeping
7605 147 is sleeping
7605 101 is sleeping
7605 59 is sleeping
7605 139 is sleeping
7605 9 is sleeping
7605 87 is sleeping
7605 64 is thinking
7605 64 has taken a fork
7605 64 has taken a fork
7605 64 is eating
7605 71 is sleeping
7605 95 is sleeping
7606 103 is sleeping
7606 13 is sleeping
7606 1 is sleeping
7606 29 is sleeping
7606 135 is sleeping
7606 172 is thinking
7606 172 has taken a fork
7606 172 has taken a fork
7606 172 is eating
7606 161 is sleeping
7606 17 is sleeping
7606 53 is sleeping
7606 133 is sleeping
7606 44 is thinking
7606 44 has taken a fork
7606 44 has taken a fork
7606 44 is eating
7606 197 is sleeping
7606 3 is sleeping
7607 143 is sleeping
7607 131 is sleeping
7607 199 is sleeping
7607 183 is sleeping
7607 122 is thinking
7607 122 has taken a fork
7607 122 has taken a fork
7607 122 is eating
7607 61 is sleeping
7607 167 is sleeping
7607 57 is sleeping
7607 181 is sleeping
7607 163 is sleeping
7607 47 is sleeping
7607 5 is sleeping
7607 165 is sleeping
7608 33 is sleeping
7608 28 is thinking
7608 146 is thinking
7608 146 has taken a fork
7608 146 has taken a fork
7608 146 is eating
7608 193 is sleeping
7608 28 has taken a fork
7608 28 has taken a fork
7608 28 is eating
7608 31 is sleeping
7608 142 is thinking
7608 142 has taken a fork
7608 142 has taken a fork
7608 142 is eating
7608 39 is sleeping
7608 4 is thinking
7608 4 has taken a fork
7608 4 has taken a fork
7608 4 is eating
7608 83 is sleeping
7608 155 is sleeping
7608 34 is thinking
7608 34 has taken a fork
7608 34 has taken a fork
7608 34 is eating
7608 125 is sleeping
7608 153 is sleeping
7608 2 is thinking
7608 2 has taken a fork
7608 2 has taken a fork
7608 2 is eating
7608 115 is sleeping
7608 49 is sleeping
7609 19 is sleeping
7609 130 is thinking
7609 130 has taken a fork
7609 130 has taken a fork
7609 130 is eating
7609 169 is sleeping
7609 127 is sleeping
7609 106 is thinking
7609 106 has taken a fork
7609 106 has taken a fork
7609 106 is eating
7609 67 is sleeping
7609 21 is sleeping
7609 194 is thinking
7609 194 has taken a fork
7609 194 has taken a fork
7609 194 is eating
7609 99 is sleeping
7609 187 is sleeping
7609 184 is thinking
7609 184 has taken a fork
7609 184 has taken a fork
7609 184 is eating
7609 91 is sleeping
7609 15 is sleeping
7609 113 is sleeping
7609 20 is thinking
7610 81 is sleeping
7610 79 is sleeping
7610 75 is sleeping
7610 151 is sleeping
7610 188 is thinking
7610 188 has taken a fork
7610 188 has taken a fork
7610 188 is eating
7610 98 is thinking
7610 98 has taken a fork
7610 98 has taken a fork
7610 98 is eating
7610 20 has taken a fork
7610 20 has taken a fork
7610 20 is eating
7610 112 is thinking
7610 112 has taken a fork
7610 112 has taken a fork
7610 112 is eating
7610 152 is thinking
7610 152 has taken a fork
7610 152 has taken a fork
7610 152 is eating
7610 148 is thinking
7610 148 has taken a fork
7610 148 has taken a fork
7610 148 is eating
7610 96 is thinking
7610 96 has taken a fork
7610 96 has taken a fork
7610 96 is eating
7610 80 is thinking
7610 80 has taken a fork
7610 80 has taken a fork
7610 80 is eating
7610 114 is thinking
7610 114 has taken a fork
7610 114 has taken a fork
7610 114 is eating
7611 18 is thinking
7611 18 has taken a fork
7611 18 has taken a fork
7611 18 is eating
7611 182 is thinking
7611 164 is thinking
7611 164 has taken a fork
7611 164 has taken a fork
7611 164 is eating
7611 182 has taken a fork
7611 182 has taken a fork
7611 182 is eating
7611 16 is thinking
7611 16 has taken a fork
7611 16 has taken a fork
7611 16 is eating
7611 22 is thinking
7611 22 has taken a fork
7611 22 has taken a fork
7611 22 is eating
7611 62 is thinking
7611 62 has taken a fork
7611 62 has taken a fork
7611 62 is eating
7611 102 is thinking
7611 102 has taken a fork
7611 102 has taken a fork
7611 102 is eating
7611 6 is thinking
7611 6 has taken a fork
7611 6 has taken a fork
7611 6 is eating
7611 92 is thinking
7611 92 has taken a fork
7611 92 has taken a fork
7611 92 is eating
7611 166 is thinking
7611 14 is thinking
7611 14 has taken a fork
7611 14 has taken a fork
7611 14 is eating
7611 32 is thinking
7611 32 has taken a fork
7611 32 has taken a fork
7611 32 is eating
7611 30 is thinking
7611 30 has taken a fork
7611 30 has taken a fork
7611 30 is eating
7611 170 is thinking
7611 166 has taken a fork
7611 166 has taken a fork
7611 166 is eating
7611 170 has taken a fork
7611 170 has taken a fork
7611 170 is eating
7611 60 is thinking
7611 60 has taken a fork
7611 60 has taken a fork
7611 60 is eating
7611 42 is thinking
7611 42 has taken a fork
7611 42 has taken a fork
7611 42 is eating
7611 50 is thinking
7611 50 has taken a fork
7611 50 has taken a fork
7611 50 is eating
7611 144 is thinking
7611 144 has taken a fork
7611 144 has taken a fork
7611 144 is eating
7612 54 is thinking
7612 54 has taken a fork
7612 54 has taken a fork
7612 54 is eating
7612 116 is thinking
7612 116 has taken a fork
7612 116 has taken a fork
7612 116 is eating
7612 168 is thinking
7612 168 has taken a fork
7612 168 has taken a fork
7612 168 is eating
7612 178 is thinking
7612 178 has taken a fork
7612 178 has taken a fork
7612 178 is eating
7612 128 is thinking
7612 128 has taken a fork
7612 128 has taken a fork
7612 128 is eating
7612 200 is thinking
7612 200 has taken a fork
7612 200 has taken a fork
7612 200 is eating
7612 140 is thinking
7612 140 has taken a fork
7612 140 has taken a fork
7612 140 is eating
7612 132 is thinking
7612 132 has taken a fork
7612 132 has taken a fork
7612 132 is eating
7612 176 is thinking
7612 176 has taken a fork
7612 176 has taken a fork
7612 176 is eating
7612 48 is thinking
7612 48 has taken a fork
7612 48 has taken a fork
7612 48 is eating
7612 8 is thinking
7612 8 has taken a fork
7612 8 has taken a fork
7612 8 is eating
7612 162 is thinking
7612 154 is thinking
7612 154 has taken a fork
7612 154 has taken a fork
7612 154 is eating
7612 134 is thinking
7612 134 has taken a fork
7612 134 has taken a fork
7612 134 is eating
7612 74 is thinking
7612 74 has taken a fork
7612 74 has taken a fork
7612 74 is eating
7612 104 is thinking
7612 104 has taken a fork
7612 104 has taken a fork
7612 104 is eating
7612 46 is thinking
7612 46 has taken a fork
7612 46 has taken a fork
7612 46 is eating
7612 162 has taken a fork
7612 162 has taken a fork
7612 162 is eating
7612 38 is thinking
7612 38 has taken a fork
7612 38 has taken a fork
7612 38 is eating
7612 36 is thinking
7612 36 has taken a fork
7612 36 has taken a fork
7612 36 is eating
7612 198 is thinking
7612 198 has taken a fork
7612 198 has taken a fork
7612 198 is eating
7612 110 is thinking
7612 110 has taken a fork
7612 110 has taken a fork
7612 110 is eating
7613 72 is thinking
7613 72 has taken a fork
7613 72 has taken a fork
7613 72 is eating
7613 40 is thinking
7613 40 has taken a fork
7613 40 has taken a fork
7613 40 is eating
7613 90 is thinking
7613 90 has taken a fork
7613 90 has taken a fork
7613 90 is eating
7613 11 is sleeping
7613 119 is sleeping
7613 191 is sleeping
7613 156 is thinking
7613 156 has taken a fork
7613 156 has taken a fork
7613 156 is eating
7613 100 is thinking
7613 100 has taken a fork
7613 100 has taken a fork
7613 100 is eating
7613 124 is thinking
7613 124 has taken a fork
7613 124 has taken a fork
7613 124 is eating
7613 108 is thinking
7613 108 has taken a fork
7613 108 has taken a fork
7613 108 is eating
7613 69 is sleeping
7613 180 is thinking
7613 180 has taken a fork
7613 180 has taken a fork
7613 180 is eating
7613 84 is thinking
7613 84 has taken a fork
7613 84 has taken a fork
7613 84 is eating
7614 150 is thinking
7614 150 has taken a fork
7614 150 has taken a fork
7614 150 is eating
7614 88 is thinking
7614 88 has taken a fork
7614 88 has taken a fork
7614 88 is eating
7614 70 is thinking
7614 70 has taken a fork
7614 70 has taken a fork
7614 70 is eating
7614 120 is thinking
7614 120 has taken a fork
7614 120 has taken a fork
7614 120 is eating
7614 94 is thinking
7614 94 has taken a fork
7614 94 has taken a fork
7614 94 is eating
7614 68 is thinking
7614 68 has taken a fork
7614 68 has taken a fork
7614 68 is eating
7614 192 is thinking
7614 192 has taken a fork
7614 192 has taken a fork
7614 192 is eating
7615 10 is thinking
7615 10 has taken a fork
7615 10 has taken a fork
7615 10 is eating
7615 58 is thinking
7615 58 has taken a fork
7615 58 has taken a fork
7615 58 is eating
7615 186 is thinking
7615 186 has taken a fork
7615 186 has taken a fork
7615 186 is eating
7615 82 is thinking
7615 82 has taken a fork
7615 82 has taken a fork
7615 82 is eating
7615 137 is sleeping
7615 66 is thinking
7615 66 has taken a fork
7615 66 has taken a fork
7615 66 is eating
7615 118 is thinking
7615 118 has taken a fork
7615 118 has taken a fork
7615 118 is eating
7616 12 is thinking
7616 12 has taken a fork
7616 12 has taken a fork
7616 12 is eating
7616 196 is thinking
7616 196 has taken a fork
7616 196 has taken a fork
7616 196 is eating
7616 86 is thinking
7616 86 has taken a fork
7616 86 has taken a fork
7616 86 is eating
7616 190 is thinking
7616 56 is thinking
7616 56 has taken a fork
7616 56 has taken a fork
7616 56 is eating
7616 190 has taken a fork
7616 190 has taken a fork
7616 190 is eating
7616 136 is thinking
7616 136 has taken a fork
7616 136 has taken a fork
7616 136 is eating
7616 77 is sleeping
7617 138 is thinking
7617 138 has taken a fork
7617 138 has taken a fork
7617 138 is eating
7617 78 is thinking
7617 78 has taken a fork
7617 78 has taken a fork
7617 78 is eating
7617 159 is sleeping
7618 160 is thinking
7618 160 has taken a fork
7618 160 has taken a fork
7618 160 is eating
7618 126 is thinking
7618 126 has taken a fork
7618 126 has taken a fork
7618 126 is eating
7618 76 is thinking
7618 76 has taken a fork
7618 76 has taken a fork
7618 76 is eating
7618 158 is thinking
7618 158 has taken a fork
7618 158 has taken a fork
7618 158 is eating
7618 52 is thinking
7618 52 has taken a fork
7618 52 has taken a fork
7618 52 is eating
7704 26 is sleeping
7704 24 is sleeping
7705 64 is sleeping
7705 174 is sleeping
7706 44 is sleeping
7706 172 is sleeping
7707 122 is sleeping
7708 28 is sleeping
7708 146 is sleeping
7708 2 is sleeping
7708 34 is sleeping
7708 142 is sleeping
7708 4 is sleeping
7709 130 is sleeping
7709 106 is sleeping
7709 184 is sleeping
7709 194 is sleeping
7710 20 is sleeping
7710 80 is sleeping
7710 148 is sleeping
7710 112 is sleeping
7710 114 is sleeping
7710 152 is sleeping
7710 96 is sleeping
7710 188 is sleeping
7710 98 is sleeping
7711 42 is sleeping
7711 30 is sleeping
7711 16 is sleeping
7711 14 is sleeping
7711 144 is sleeping
7711 50 is sleeping
7711 62 is sleeping
7711 164 is sleeping
7711 22 is sleeping
7711 6 is sleeping
7711 18 is sleeping
7711 60 is sleeping
7711 182 is sleeping
7711 166 is sleeping
7711 92 is sleeping
7711 170 is sleeping
7711 102 is sleeping
7711 32 is sleeping
7712 54 is sleeping
7712 46 is sleeping
7712 8 is sleeping
7712 38 is sleeping
7712 176 is sleeping
7712 128 is sleeping
7712 198 is sleeping
7712 48 is sleeping
7712 134 is sleeping
7712 74 is sleeping
7712 36 is sleeping
7712 140 is sleeping
7712 104 is sleeping
7712 154 is sleeping
7712 200 is sleeping
7712 178 is sleeping
7712 110 is sleeping
7712 116 is sleeping
7712 132 is sleeping
7712 168 is sleeping
7713 180 is sleeping
7713 100 is sleeping
7713 124 is sleeping
7713 162 is sleeping
7713 72 is sleeping
7713 84 is sleeping
7713 108 is sleeping
7714 94 is sleeping
7714 156 is sleeping
7714 192 is sleeping
7714 150 is sleeping
7714 68 is sleeping
7714 40 is sleeping
7714 120 is sleeping
7714 70 is sleeping
7714 88 is sleeping
7714 90 is sleeping
7715 118 is sleeping
7715 66 is sleeping
7715 82 is sleeping
7715 10 is sleeping
7715 186 is sleeping
7715 58 is sleeping
7716 190 is sleeping
7716 56 is sleeping
7716 12 is sleeping
7716 136 is sleeping
7716 86 is sleeping
7716 196 is sleeping
7717 78 is sleeping
7717 138 is sleeping
7718 126 is sleeping
7718 76 is sleeping
7718 160 is sleeping
7718 52 is sleeping
7719 158 is sleeping
7800 73 is thinking
7800 73 has taken a fork
7800 73 has taken a fork
7800 73 is eating
7800 107 is thinking
7800 107 has taken a fork
7800 107 has taken a fork
7800 107 is eating
7800 65 is thinking
7800 65 has taken a fork
7800 65 has taken a fork
7800 65 is eating
7801 141 is thinking
7801 141 has taken a fork
7801 141 has taken a fork
7801 141 is eating
7801 117 is thinking
7801 117 has taken a fork
7801 117 has taken a fork
7801 117 is eating
7801 27 is thinking
7801 27 has taken a fork
7801 27 has taken a fork
7801 27 is eating
7801 111 is thinking
7801 111 has taken a fork
7801 111 has taken a fork
7801 111 is eating
7801 175 is thinking
7801 175 has taken a fork
7801 175 has taken a fork
7801 175 is eating
7801 123 is thinking
7801 123 has taken a fork
7801 123 has taken a fork
7801 123 is eating
7801 7 is thinking
7801 7 has taken a fork
7801 7 has taken a fork
7801 7 is eating
7801 85 is thinking
7801 85 has taken a fork
7801 85 has taken a fork
7801 85 is eating
7802 43 is thinking
7802 43 has taken a fork
7802 43 has taken a fork
7802 43 is eating
7802 105 is thinking
7802 105 has taken a fork
7802 105 has taken a fork
7802 105 is eating
7802 129 is thinking
7802 129 has taken a fork
7802 129 has taken a fork
7802 129 is eating
7802 189 is thinking
7802 189 has taken a fork
7802 189 has taken a fork
7802 189 is eating
7802 121 is thinking
7802 121 has taken a fork
7802 121 has taken a fork
7802 121 is eating
7802 23 is thinking
7802 23 has taken a fork
7802 23 has taken a fork
7802 23 is eating
7802 173 is thinking
7802 173 has taken a fork
7802 173 has taken a fork
7802 173 is eating
7802 25 is thinking
7802 25 has taken a fork
7802 25 has taken a fork
7802 25 is eating
7803 35 is thinking
7803 35 has taken a fork
7803 35 has taken a fork
7803 35 is eating
7804 45 is thinking
7804 45 has taken a fork
7804 45 has taken a fork
7804 45 is eating
7804 109 is thinking
7804 109 has taken a fork
7804 109 has taken a fork
7804 109 is eating
7804 177 is thinking
7804 177 has taken a fork
7804 177 has taken a fork
7804 177 is eating
7804 55 is thinking
7804 55 has taken a fork
7804 55 has taken a fork
7804 55 is eating
7804 41 is thinking
7804 41 has taken a fork
7804 41 has taken a fork
7804 41 is eating
7804 37 is thinking
7804 37 has taken a fork
7804 37 has taken a fork
7804 37 is eating
7804 51 is thinking
7804 51 has taken a fork
7804 51 has taken a fork
7804 51 is eating
7805 71 is thinking
7805 9 is thinking
7805 9 has taken a fork
7805 9 has taken a fork
7805 9 is eating
7805 185 is thinking
7805 185 has taken a fork
7805 185 has taken a fork
7805 185 is eating
7805 71 has taken a fork
7805 71 has taken a fork
7805 71 is eating
7805 149 is thinking
7805 149 has taken a fork
7805 149 has taken a fork
7805 149 is eating
7805 63 is thinking
7805 171 is thinking
7805 147 is thinking
7805 171 has taken a fork
7805 171 has taken a fork
7805 171 is eating
7805 147 has taken a fork
7805 147 has taken a fork
7805 147 is eating
7805 89 is thinking
7805 59 is thinking
7805 59 has taken a fork
7805 59 has taken a fork
7805 59 is eating
7805 97 is thinking
7805 97 has taken a fork
7805 97 has taken a fork
7805 97 is eating
7805 89 has taken a fork
7805 89 has taken a fork
7805 89 is eating
7805 103 is thinking
7805 103 has taken a fork
7805 103 has taken a fork
7805 103 is eating
7805 93 is thinking
7805 157 is thinking
7805 157 has taken a fork
7805 157 has taken a fork
7805 157 is eating
7805 195 is thinking
7805 195 has taken a fork
7805 195 has taken a fork
7805 195 is eating
7805 63 has taken a fork
7805 63 has taken a fork
7805 63 is eating
7805 145 is thinking
7805 145 has taken a fork
7805 145 has taken a fork
7805 145 is eating
7805 93 has taken a fork
7805 93 has taken a fork
7805 93 is eating
7805 179 is thinking
7805 179 has taken a fork
7805 179 has taken a fork
7805 179 is eating
7805 87 is thinking
7805 87 has taken a fork
7805 87 has taken a fork
7805 87 is eating
7805 101 is thinking
7805 101 has taken a fork
7805 101 has taken a fork
7805 101 is eating
7805 139 is thinking
7805 139 has taken a fork
7805 139 has taken a fork
7805 139 is eating
7805 3 is thinking
7805 3 has taken a fork
7805 3 has taken a fork
7805 3 is eating
7805 197 is thinking
7805 197 has taken a fork
7805 197 has taken a fork
7805 197 is eating
7805 95 is thinking
7805 95 has taken a fork
7805 95 has taken a fork
7805 95 is eating
7806 161 is thinking
7806 161 has taken a fork
7806 161 has taken a fork
7806 161 is eating
7806 1 is thinking
7806 1 has taken a fork
7806 1 has taken a fork
7806 1 is eating
7806 29 is thinking
7806 29 has taken a fork
7806 29 has taken a fork
7806 29 is eating
7806 135 is thinking
7806 135 has taken a fork
7806 135 has taken a fork
7806 135 is eating
7806 13 is thinking
7806 13 has taken a fork
7806 13 has taken a fork
7806 13 is eating
7806 17 is thinking
7806 17 has taken a fork
7806 17 has taken a fork
7806 17 is eating
7806 53 is thinking
7806 53 has taken a fork
7806 53 has taken a fork
7806 53 is eating
7806 133 is thinking
7806 133 has taken a fork
7806 133 has taken a fork
7806 133 is eating
7807 199 is thinking
7807 199 has taken a fork
7807 199 has taken a fork
7807 199 is eating
7807 61 is thinking
7807 61 has taken a fork
7807 61 has taken a fork
7807 61 is eating
7807 183 is thinking
7807 183 has taken a fork
7807 183 has taken a fork
7807 183 is eating
7807 131 is thinking
7807 131 has taken a fork
7807 131 has taken a fork
7807 131 is eating
7807 5 is thinking
7807 5 has taken a fork
7807 5 has taken a fork
7807 5 is eating
7807 167 is thinking
7807 167 has taken a fork
7807 167 has taken a fork
7807 167 is eating
7807 47 is thinking
7807 181 is thinking
7807 181 has taken a fork
7807 181 has taken a fork
7807 181 is eating
7807 57 is thinking
7807 57 has taken a fork
7807 57 has taken a fork
7807 57 is eating
7807 163 is thinking
7807 163 has taken a fork
7807 163 has taken a fork
7807 163 is eating
7807 165 is thinking
7807 165 has taken a fork
7807 165 has taken a fork
7807 165 is eating
7807 143 is thinking
7807 143 has taken a fork
7807 143 has taken a fork
7807 143 is eating
7807 47 has taken a fork
7807 47 has taken a fork
7807 47 is eating
7808 193 is thinking
7808 193 has taken a fork
7808 193 has taken a fork
7808 193 is eating
7808 39 is thinking
7808 39 has taken a fork
7808 39 has taken a fork
7808 39 is eating
7808 125 is thinking
7808 125 has taken a fork
7808 125 has taken a fork
7808 125 is eating
7808 155 is thinking
7808 155 has taken a fork
7808 155 has taken a fork
7808 155 is eating
7808 83 is thinking
7808 83 has taken a fork
7808 83 has taken a fork
7808 83 is eating
7808 33 is thinking
7808 33 has taken a fork
7808 33 has taken a fork
7808 33 is eating
7808 153 is thinking
7808 153 has taken a fork
7808 153 has taken a fork
7808 153 is eating
7808 49 is thinking
7808 49 has taken a fork
7808 49 has taken a fork
7808 49 is eating
7808 115 is thinking
7808 115 has taken a fork
7808 115 has taken a fork
7808 115 is eating
7808 31 is thinking
7808 31 has taken a fork
7808 31 has taken a fork
7808 31 is eating
7809 169 is thinking
7809 169 has taken a fork
7809 169 has taken a fork
7809 169 is eating
7809 67 is thinking
7809 67 has taken a fork
7809 67 has taken a fork
7809 67 is eating
7809 19 is thinking
7809 19 has taken a fork
7809 19 has taken a fork
7809 19 is eating
7809 187 is thinking
7809 187 has taken a fork
7809 187 has taken a fork
7809 187 is eating
7809 113 is thinking
7809 113 has taken a fork
7809 113 has taken a fork
7809 113 is eating
7809 91 is thinking
7809 91 has taken a fork
7809 91 has taken a fork
7809 91 is eating
7809 127 is thinking
7809 127 has taken a fork
7809 127 has taken a fork
7809 127 is eating
7809 21 is thinking
7809 21 has taken a fork
7809 21 has taken a fork
7809 21 is eating
7809 99 is thinking
7809 99 has taken a fork
7809 99 has taken a fork
7809 99 is eating
7809 75 is thinking
7809 75 has taken a fork
7809 75 has taken a fork
7809 75 is eating
7809 79 is thinking
7809 79 has taken a fork
7809 79 has taken a fork
7809 79 is eating
7809 15 is thinking
7809 15 has taken a fork
7809 15 has taken a fork
7809 15 is eating
7810 81 is thinking
7810 81 has taken a fork
7810 81 has taken a fork
7810 81 is eating
7810 151 is thinking
7810 151 has taken a fork
7810 151 has taken a fork
7810 151 is eating
7813 191 is thinking
7813 191 has taken a fork
7813 191 has taken a fork
7813 191 is eating
7813 119 is thinking
7813 119 has taken a fork
7813 119 has taken a fork
7813 119 is eating
7813 11 is thinking
7813 11 has taken a fork
7813 11 has taken a fork
7813 11 is eating
7813 69 is thinking
7813 69 has taken a fork
7813 69 has taken a fork
7813 69 is eating
7814 137 is thinking
7814 137 has taken a fork
7814 137 has taken a fork
7814 137 is eating
7816 77 is thinking
7816 77 has taken a fork
7816 77 has taken a fork
7816 77 is eating
7817 159 is thinking
7817 159 has taken a fork
7817 159 has taken a fork
7817 159 is eating
7900 65 is sleeping
7900 73 is sleeping
7900 107 is sleeping
7901 175 is sleeping
7901 85 is sleeping
7901 123 is sleeping
7901 111 is sleeping
7901 27 is sleeping
7901 7 is sleeping
7901 117 is sleeping
7901 141 is sleeping
7902 121 is sleeping
7902 129 is sleeping
7902 43 is sleeping
7902 173 is sleeping
7902 25 is sleeping
7902 105 is sleeping
7902 23 is sleeping
7902 189 is sleeping
7903 35 is sleeping
7904 55 is sleeping
7904 24 is thinking
7904 24 has taken a fork
7904 24 has taken a fork
7904 24 is eating
7904 26 is thinking
7904 26 has taken a fork
7904 26 has taken a fork
7904 26 is eating
7904 109 is sleeping
7904 45 is sleeping
7904 41 is sleeping
7904 37 is sleeping
7904 51 is sleeping
7904 177 is sleeping
7905 185 is sleeping
7905 64 is thinking
7905 174 is thinking
7905 174 has taken a fork
7905 174 has taken a fork
7905 174 is eating
7905 179 is sleeping
7905 97 is sleeping
7905 103 is sleeping
7905 89 is sleeping
7905 101 is sleeping
7905 145 is sleeping
7905 87 is sleeping
7905 63 is sleeping
7905 149 is sleeping
7905 157 is sleeping
7905 93 is sleeping
7905 3 is sleeping
7905 139 is sleeping
7905 9 is sleeping
7905 197 is sleeping
7905 71 is sleeping
7905 147 is sleeping
7905 195 is sleeping
7905 171 is sleeping
7905 64 has taken a fork
7905 64 has taken a fork
7905 64 is eating
7905 59 is sleeping
7906 161 is sleeping
7906 44 is thinking
7906 44 has taken a fork
7906 44 has taken a fork
7906 44 is eating
7906 172 is thinking
7906 172 has taken a fork
7906 172 has taken a fork
7906 172 is eating
7906 13 is sleeping
7906 135 is sleeping
7906 95 is sleeping
7906 1 is sleeping
7906 29 is sleeping
7906 17 is sleeping
7906 53 is sleeping
7906 133 is sleeping
7907 143 is sleeping
7907 163 is sleeping
7907 5 is sleeping
7907 131 is sleeping
7907 61 is sleeping
7907 167 is sleeping
7907 122 is thinking
7907 122 has taken a fork
7907 122 has taken a fork
7907 122 is eating
7907 181 is sleeping
7907 165 is sleeping
7907 199 is sleeping
7907 183 is sleeping
7907 57 is sleeping
7907 47 is sleeping
7908 153 is sleeping
7908 49 is sleeping
7908 4 is thinking
7908 4 has taken a fork
7908 4 has taken a fork
7908 4 is eating
7908 33 is sleeping
7908 142 is thinking
7908 142 has taken a fork
7908 142 has taken a fork
7908 142 is eating
7908 193 is sleeping
7908 83 is sleeping
7908 34 is thinking
7908 34 has taken a fork
7908 34 has taken a fork
7908 34 is eating
7908 31 is sleeping
7908 2 is thinking
7908 125 is sleeping
7908 2 has taken a fork
7908 2 has taken a fork
7908 2 is eating
7908 155 is sleeping
7908 146 is thinking
7908 146 has taken a fork
7908 146 has taken a fork
7908 146 is eating
7908 28 is thinking
7908 28 has taken a fork
7908 28 has taken a fork
7908 28 is eating
7908 115 is sleeping
7908 39 is sleeping
7909 79 is sleeping
7909 99 is sleeping
7909 19 is sleeping
7909 169 is sleeping
7909 15 is sleeping
7909 130 is thinking
7909 67 is sleeping
7909 113 is sleeping
7909 187 is sleeping
7909 106 is thinking
7909 106 has taken a fork
7909 106 has taken a fork
7909 106 is eating
7909 130 has taken a fork
7909 130 has taken a fork
7909 130 is eating
7909 21 is sleeping
7909 184 is thinking
7909 184 has taken a fork
7909 184 has taken a fork
7909 184 is eating
7909 75 is sleeping
7909 127 is sleeping
7909 194 is thinking
7909 194 has taken a fork
7909 194 has taken a fork
7909 194 is eating
7909 91 is sleeping
7910 151 is sleeping
7910 188 is thinking
7910 188 has taken a fork
7910 188 has taken a fork
7910 188 is eating
7910 80 is thinking
7910 114 is thinking
7910 114 has taken a fork
7910 114 has taken a fork
7910 114 is eating
7910 81 is sleeping
7910 20 is thinking
7910 20 has taken a fork
7910 20 has taken a fork
7910 20 is eating
7910 80 has taken a fork
7910 80 has taken a fork
7910 80 is eating
7910 148 is thinking
7910 148 has taken a fork
7910 148 has taken a fork
7910 148 is eating
7911 18 is thinking
7911 18 has taken a fork
7911 18 has taken a fork
7911 18 is eating
7911 22 is thinking
7911 22 has taken a fork
7911 22 has taken a fork
7911 22 is eating
7911 32 is thinking
7911 32 has taken a fork
7911 32 has taken a fork
7911 32 is eating
7911 98 is thinking
7911 98 has taken a fork
7911 98 has taken a fork
7911 98 is eating
7911 164 is thinking
7911 182 is thinking
7911 182 has taken a fork
7911 182 has taken a fork
7911 182 is eating
7911 166 is thinking
7911 170 is thinking
7911 170 has taken a fork
7911 170 has taken a fork
7911 170 is eating
7911 164 has taken a fork
7911 164 has taken a fork
7911 164 is eating
7911 42 is thinking
7911 42 has taken a fork
7911 42 has taken a fork
7911 42 is eating
7911 102 is thinking
7911 102 has taken a fork
7911 102 has taken a fork
7911 102 is eating
7911 6 is thinking
7911 6 has taken a fork
7911 6 has taken a fork
7911 6 is eating
7911 92 is thinking
7911 92 has taken a fork
7911 92 has taken a fork
7911 92 is eating
7911 166 has taken a fork
7911 166 has taken a fork
7911 166 is eating
7911 60 is thinking
7911 60 has taken a fork
7911 60 has taken a fork
7911 60 is eating
7911 62 is thinking
7911 62 has taken a fork
7911 62 has taken a fork
7911 62 is eating
7911 96 is thinking
7911 96 has taken a fork
7911 96 has taken a fork
7911 96 is eating
7911 144 is thinking
7911 144 has taken a fork
7911 144 has taken a fork
7911 144 is eating
7911 152 is thinking
7911 152 has taken a fork
7911 152 has taken a fork
7911 152 is eating
7912 16 is thinking
7912 16 has taken a fork
7912 16 has taken a fork
7912 16 is eating
7912 198 is thinking
7912 30 is thinking
7912 30 has taken a fork
7912 30 has taken a fork
7912 30 is eating
7912 116 is thinking
7912 116 has taken a fork
7912 116 has taken a fork
7912 116 is eating
7912 54 is thinking
7912 104 is thinking
7912 54 has taken a fork
7912 54 has taken a fork
7912 54 is eating
7912 104 has taken a fork
7912 104 has taken a fork
7912 104 is eating
7912 162 is thinking
7912 162 has taken a fork
7912 162 has taken a fork
7912 162 is eating
7912 36 is thinking
7912 154 is thinking
7912 154 has taken a fork
7912 154 has taken a fork
7912 154 is eating
7912 132 is thinking
7912 132 has taken a fork
7912 132 has taken a fork
7912 132 is eating
7912 200 is thinking
7912 200 has taken a fork
7912 200 has taken a fork
7912 200 is eating
7912 134 is thinking
7912 134 has taken a fork
7912 134 has taken a fork
7912 134 is eating
7912 176 is thinking
7912 176 has taken a fork
7912 176 has taken a fork
7912 176 is eating
7912 48 is thinking
7912 48 has taken a fork
7912 48 has taken a fork
7912 48 is eating
7912 112 is thinking
7912 128 is thinking
7912 128 has taken a fork
7912 128 has taken a fork
7912 128 is eating
7912 178 is thinking
7912 178 has taken a fork
7912 178 has taken a fork
7912 178 is eating
7912 36 has taken a fork
7912 36 has taken a fork
7912 36 is eating
7912 50 is thinking
7912 112 has taken a fork
7912 112 has taken a fork
7912 112 is eating
7912 50 has taken a fork
7912 50 has taken a fork
7912 50 is eating
7912 168 is thinking
7912 168 has taken a fork
7912 168 has taken a fork
7912 168 is eating
7912 110 is thinking
7912 110 has taken a fork
7912 110 has taken a fork
7912 110 is eating
7912 140 is thinking
7912 140 has taken a fork
7912 140 has taken a fork
7912 140 is eating
7912 38 is thinking
7912 38 has taken a fork
7912 38 has taken a fork
7912 38 is eating
7912 74 is thinking
7912 74 has taken a fork
7912 74 has taken a fork
7912 74 is eating
7912 198 has taken a fork
7912 198 has taken a fork
7912 198 is eating
7912 8 is thinking
7912 8 has taken a fork
7912 8 has taken a fork
7912 8 is eating
7913 40 is thinking
7913 40 has taken a fork
7913 40 has taken a fork
7913 40 is eating
7913 156 is thinking
7913 156 has taken a fork
7913 156 has taken a fork
7913 156 is eating
7913 108 is thinking
7913 108 has taken a fork
7913 108 has taken a fork
7913 108 is eating
7913 191 is sleeping
7913 100 is thinking
7913 100 has taken a fork
7913 100 has taken a fork
7913 100 is eating
7913 119 is sleeping
7913 90 is thinking
7913 90 has taken a fork
7913 90 has taken a fork
7913 90 is eating
7913 84 is thinking
7913 84 has taken a fork
7913 84 has taken a fork
7913 84 is eating
7913 46 is thinking
7913 46 has taken a fork
7913 46 has taken a fork
7913 46 is eating
7913 72 is thinking
7913 69 is sleeping
7913 14 is thinking
7913 14 has taken a fork
7913 14 has taken a fork
7913 14 is eating
7913 72 has taken a fork
7913 72 has taken a fork
7913 72 is eating
7914 94 is thinking
7914 94 has taken a fork
7914 94 has taken a fork
7914 94 is eating
7914 120 is thinking
7914 120 has taken a fork
7914 120 has taken a fork
7914 120 is eating
7914 192 is thinking
7914 192 has taken a fork
7914 192 has taken a fork
7914 192 is eating
7914 70 is thinking
7914 70 has taken a fork
7914 70 has taken a fork
7914 70 is eating
7914 88 is thinking
7914 88 has taken a fork
7914 88 has taken a fork
7914 88 is eating
7914 68 is thinking
7914 68 has taken a fork
7914 68 has taken a fork
7914 68 is eating
7914 180 is thinking
7914 180 has taken a fork
7914 180 has taken a fork
7914 180 is eating
7914 137 is sleeping
7914 124 is thinking
7914 124 has taken a fork
7914 124 has taken a fork
7914 124 is eating
7914 11 is sleeping
7914 150 is thinking
7914 150 has taken a fork
7914 150 has taken a fork
7914 150 is eating
7915 82 is thinking
7915 82 has taken a fork
7915 82 has taken a fork
7915 82 is eating
7915 10 is thinking
7915 10 has taken a fork
7915 10 has taken a fork
7915 10 is eating
7915 186 is thinking
7915 186 has taken a fork
7915 186 has taken a fork
7915 186 is eating
7915 58 is thinking
7915 58 has taken a fork
7915 58 has taken a fork
7915 58 is eating
7915 66 is thinking
7915 66 has taken a fork
7915 66 has taken a fork
7915 66 is eating
7915 118 is thinking
7915 118 has taken a fork
7915 118 has taken a fork
7915 118 is eating
7916 77 is sleeping
7916 136 is thinking
7916 136 has taken a fork
7916 136 has taken a fork
7916 136 is eating
7916 56 is thinking
7916 56 has taken a fork
7916 56 has taken a fork
7916 56 is eating
7916 12 is thinking
7916 12 has taken a fork
7916 12 has taken a fork
7916 12 is eating
7916 190 is thinking
7916 190 has taken a fork
7916 190 has taken a fork
7916 190 is eating
7916 86 is thinking
7916 86 has taken a fork
7916 86 has taken a fork
7916 86 is eating
7916 196 is thinking
7916 196 has taken a fork
7916 196 has taken a fork
7916 196 is eating
7917 138 is thinking
7917 138 has taken a fork
7917 138 has taken a fork
7917 138 is eating
7917 159 is sleeping
7917 78 is thinking
7917 78 has taken a fork
7917 78 has taken a fork
7917 78 is eating
7918 52 is thinking
7918 52 has taken a fork
7918 52 has taken a fork
7918 52 is eating
7918 76 is thinking
7918 76 has taken a fork
7918 76 has taken a fork
7918 76 is eating
7918 158 is thinking
7918 158 has taken a fork
7918 158 has taken a fork
7918 158 is eating
7918 160 is thinking
7918 160 has taken a fork
7918 160 has taken a fork
7918 160 is eating
7918 126 is thinking
7918 126 has taken a fork
7918 126 has taken a fork
7918 126 is eating
8004 24 is sleeping
8004 26 is sleeping
8005 174 is sleeping
8005 64 is sleeping
8006 172 is sleeping
8006 44 is sleeping
8007 122 is sleeping
8008 28 is sleeping
8008 146 is sleeping
8008 2 is sleeping
8008 34 is sleeping
8008 4 is sleeping
8008 142 is sleeping
8009 184 is sleeping
8009 130 is sleeping
8009 106 is sleeping
8009 194 is sleeping
8010 188 is sleeping
8010 20 is sleeping
8010 114 is sleeping
8010 80 is sleeping
8010 148 is sleeping
8011 60 is sleeping
8011 182 is sleeping
8011 96 is sleeping
8011 62 is sleeping
8011 22 is sleeping
8011 166 is sleeping
8011 164 is sleeping
8011 42 is sleeping
8011 144 is sleeping
8011 92 is sleeping
8011 6 is sleeping
8011 152 is sleeping
8011 170 is sleeping
8011 98 is sleeping
8011 102 is sleeping
8012 54 is sleeping
8012 176 is sleeping
8012 110 is sleeping
8012 50 is sleeping
8012 36 is sleeping
8012 198 is sleeping
8012 134 is sleeping
8012 74 is sleeping
8012 8 is sleeping
8012 154 is sleeping
8012 30 is sleeping
8012 18 is sleeping
8012 104 is sleeping
8012 178 is sleeping
8012 128 is sleeping
8012 168 is sleeping
8012 48 is sleeping
8012 16 is sleeping
8012 132 is sleeping
8012 112 is sleeping
8012 38 is sleeping
8012 200 is sleeping
8012 162 is sleeping
8012 140 is sleeping
8013 108 is sleeping
8013 14 is sleeping
8013 90 is sleeping
8013 40 is sleeping
8013 84 is sleeping
8013 116 is sleeping
8013 156 is sleeping
8013 72 is sleeping
8013 46 is sleeping
8013 100 is sleeping
8013 32 is sleeping
8014 180 is sleeping
8014 124 is sleeping
8014 94 is sleeping
8014 150 is sleeping
8014 70 is sleeping
8014 120 is sleeping
8014 68 is sleeping
8014 192 is sleeping
8015 66 is sleeping
8015 58 is sleeping
8015 10 is sleeping
8015 118 is sleeping
8015 186 is sleeping
8015 88 is sleeping
8015 82 is sleeping
8016 136 is sleeping
8016 86 is sleeping
8016 12 is sleeping
8016 56 is sleeping
8016 196 is sleeping
8016 190 is sleeping
8017 138 is sleeping
8017 78 is sleeping
8018 126 is sleeping
8018 76 is sleeping
8018 160 is sleeping
8018 158 is sleeping
8018 52 is sleeping
8100 65 is thinking
8100 65 has taken a fork
8100 65 has taken a fork
8100 65 is eating
8100 73 is thinking
8100 107 is thinking
8100 107 has taken a fork
8100 107 has taken a fork
8100 107 is eating
8100 73 has taken a fork
8100 73 has taken a fork
8100 73 is eating
8101 117 is thinking
8101 117 has taken a fork
8101 117 has taken a fork
8101 117 is eating
8101 7 is thinking
8101 7 has taken a fork
8101 7 has taken a fork
8101 7 is eating
8101 141 is thinking
8101 141 has taken a fork
8101 141 has taken a fork
8101 141 is eating
8101 27 is thinking
8101 27 has taken a fork
8101 27 has taken a fork
8101 27 is eating
8101 175 is thinking
8101 175 has taken a fork
8101 175 has taken a fork
8101 175 is eating
8101 85 is thinking
8101 85 has taken a fork
8101 85 has taken a fork
8101 85 is eating
8101 111 is thinking
8101 111 has taken a fork
8101 111 has taken a fork
8101 111 is eating
8101 123 is thinking
8101 123 has taken a fork
8101 123 has taken a fork
8101 123 is eating
8102 25 is thinking
8102 25 has taken a fork
8102 25 has taken a fork
8102 25 is eating
8102 189 is thinking
8102 189 has taken a fork
8102 189 has taken a fork
8102 189 is eating
8102 23 is thinking
8102 23 has taken a fork
8102 23 has taken a fork
8102 23 is eating
8102 121 is thinking
8102 121 has taken a fork
8102 121 has taken a fork
8102 121 is eating
8102 173 is thinking
8102 173 has taken a fork
8102 173 has taken a fork
8102 173 is eating
8102 43 is thinking
8102 43 has taken a fork
8102 43 has taken a fork
8102 43 is eating
8102 105 is thinking
8102 105 has taken a fork
8102 105 has taken a fork
8102 105 is eating
8102 129 is thinking
8102 129 has taken a fork
8102 129 has taken a fork
8102 129 is eating
8103 35 is thinking
8103 35 has taken a fork
8103 35 has taken a fork
8103 35 is eating
8104 109 is thinking
8104 109 has taken a fork
8104 109 has taken a fork
8104 109 is eating
8104 45 is thinking
8104 45 has taken a fork
8104 45 has taken a fork
8104 45 is eating
8104 51 is thinking
8104 51 has taken a fork
8104 51 has taken a fork
8104 51 is eating
8104 55 is thinking
8104 55 has taken a fork
8104 55 has taken a fork
8104 55 is eating
8104 41 is thinking
8104 41 has taken a fork
8104 41 has taken a fork
8104 41 is eating
8104 37 is thinking
8104 37 has taken a fork
8104 37 has taken a fork
8104 37 is eating
8104 177 is thinking
8104 177 has taken a fork
8104 177 has taken a fork
8104 177 is eating
8105 149 is thinking
8105 149 has taken a fork
8105 149 has taken a fork
8105 149 is eating
8105 63 is thinking
8105 63 has taken a fork
8105 63 has taken a fork
8105 63 is eating
8105 95 is thinking
8105 95 has taken a fork
8105 95 has taken a fork
8105 95 is eating
8105 195 is thinking
8105 195 has taken a fork
8105 195 has taken a fork
8105 195 is eating
8105 97 is thinking
8105 97 has taken a fork
8105 97 has taken a fork
8105 97 is eating
8105 197 is thinking
8105 197 has taken a fork
8105 197 has taken a fork
8105 197 is eating
8105 93 is thinking
8105 93 has taken a fork
8105 93 has taken a fork
8105 93 is eating
8105 145 is thinking
8105 145 has taken a fork
8105 145 has taken a fork
8105 145 is eating
8105 9 is thinking
8105 9 has taken a fork
8105 9 has taken a fork
8105 9 is eating
8105 147 is thinking
8105 147 has taken a fork
8105 147 has taken a fork
8105 147 is eating
8105 185 is thinking
8105 185 has taken a fork
8105 185 has taken a fork
8105 185 is eating
8105 179 is thinking
8105 179 has taken a fork
8105 179 has taken a fork
8105 179 is eating
8105 171 is thinking
8105 171 has taken a fork
8105 171 has taken a fork
8105 171 is eating
8105 139 is thinking
8105 139 has taken a fork
8105 139 has taken a fork
8105 139 is eating
8105 59 is thinking
8105 59 has taken a fork
8105 59 has taken a fork
8105 59 is eating
8105 3 is thinking
8105 3 has taken a fork
8105 3 has taken a fork
8105 3 is eating
8105 157 is thinking
8105 157 has taken a fork
8105 157 has taken a fork
8105 157 is eating
8105 103 is thinking
8105 103 has taken a fork
8105 103 has taken a fork
8105 103 is eating
8105 87 is thinking
8105 87 has taken a fork
8105 87 has taken a fork
8105 87 is eating
8106 13 is thinking
8106 13 has taken a fork
8106 13 has taken a fork
8106 13 is eating
8106 161 is thinking
8106 161 has taken a fork
8106 161 has taken a fork
8106 161 is eating
8106 1 is thinking
8106 1 has taken a fork
8106 1 has taken a fork
8106 1 is eating
8106 135 is thinking
8106 135 has taken a fork
8106 135 has taken a fork
8106 135 is eating
8106 53 is thinking
8106 53 has taken a fork
8106 53 has taken a fork
8106 53 is eating
8106 101 is thinking
8106 101 has taken a fork
8106 101 has taken a fork
8106 101 is eating
8106 17 is thinking
8106 17 has taken a fork
8106 17 has taken a fork
8106 17 is eating
8106 29 is thinking
8106 29 has taken a fork
8106 29 has taken a fork
8106 29 is eating
8106 71 is thinking
8106 71 has taken a fork
8106 71 has taken a fork
8106 71 is eating
8106 89 is thinking
8106 89 has taken a fork
8106 89 has taken a fork
8106 89 is eating
8106 133 is thinking
8106 133 has taken a fork
8106 133 has taken a fork
8106 133 is eating
8107 143 is thinking
8107 143 has taken a fork
8107 143 has taken a fork
8107 143 is eating
8107 131 is thinking
8107 131 has taken a fork
8107 131 has taken a fork
8107 131 is eating
8107 181 is thinking
8107 181 has taken a fork
8107 181 has taken a fork
8107 181 is eating
8107 199 is thinking
8107 199 has taken a fork
8107 199 has taken a fork
8107 199 is eating
8107 167 is thinking
8107 57 is thinking
8107 57 has taken a fork
8107 57 has taken a fork
8107 57 is eating
8107 5 is thinking
8107 5 has taken a fork
8107 5 has taken a fork
8107 5 is eating
8107 61 is thinking
8107 61 has taken a fork
8107 61 has taken a fork
8107 61 is eating
8107 165 is thinking
8107 165 has taken a fork
8107 165 has taken a fork
8107 165 is eating
8107 183 is thinking
8107 183 has taken a fork
8107 183 has taken a fork
8107 183 is eating
8107 47 is thinking
8107 47 has taken a fork
8107 47 has taken a fork
8107 47 is eating
8107 167 has taken a fork
8107 167 has taken a fork
8107 167 is eating
8107 163 is thinking
8107 163 has taken a fork
8107 163 has taken a fork
8107 163 is eating
8108 31 is thinking
8108 31 has taken a fork
8108 31 has taken a fork
8108 31 is eating
8108 155 is thinking
8108 155 has taken a fork
8108 155 has taken a fork
8108 155 is eating
8108 125 is thinking
8108 125 has taken a fork
8108 125 has taken a fork
8108 125 is eating
8108 39 is thinking
8108 39 has taken a fork
8108 39 has taken a fork
8108 39 is eating
8108 33 is thinking
8108 33 has taken a fork
8108 33 has taken a fork
8108 33 is eating
8108 83 is thinking
8108 83 has taken a fork
8108 83 has taken a fork
8108 83 is eating
8108 115 is thinking
8108 115 has taken a fork
8108 115 has taken a fork
8108 115 is eating
8108 49 is thinking
8108 49 has taken a fork
8108 49 has taken a fork
8108 49 is eating
8108 153 is thinking
8108 153 has taken a fork
8108 153 has taken a fork
8108 153 is eating
8108 193 is thinking
8108 193 has taken a fork
8108 193 has taken a fork
8108 193 is eating
8109 75 is thinking
8109 75 has taken a fork
8109 75 has taken a fork
8109 75 is eating
8109 127 is thinking
8109 127 has taken a fork
8109 127 has taken a fork
8109 127 is eating
8109 21 is thinking
8109 21 has taken a fork
8109 21 has taken a fork
8109 21 is eating
8109 99 is thinking
8109 99 has taken a fork
8109 99 has taken a fork
8109 99 is eating
8109 91 is thinking
8109 91 has taken a fork
8109 91 has taken a fork
8109 91 is eating
8109 187 is thinking
8109 187 has taken a fork
8109 187 has taken a fork
8109 187 is eating
8109 79 is thinking
8109 79 has taken a fork
8109 79 has taken a fork
8109 79 is eating
8109 19 is thinking
8109 19 has taken a fork
8109 19 has taken a fork
8109 19 is eating
8109 113 is thinking
8109 113 has taken a fork
8109 113 has taken a fork
8109 113 is eating
8109 67 is thinking
8109 67 has taken a fork
8109 67 has taken a fork
8109 67 is eating
8109 15 is thinking
8109 15 has taken a fork
8109 15 has taken a fork
8109 15 is eating
8110 81 is thinking
8110 81 has taken a fork
8110 81 has taken a fork
8110 81 is eating
8110 151 is thinking
8110 151 has taken a fork
8110 151 has taken a fork
8110 151 is eating
8110 169 is thinking
8110 169 has taken a fork
8110 169 has taken a fork
8110 169 is eating
8113 191 is thinking
8113 191 has taken a fork
8113 191 has taken a fork
8113 191 is eating
8113 11 is thinking
8113 11 has taken a fork
8113 11 has taken a fork
8113 11 is eating
8113 69 is thinking
8113 69 has taken a fork
8113 69 has taken a fork
8113 69 is eating
8114 137 is thinking
8114 137 has taken a fork
8114 137 has taken a fork
8114 137 is eating
8114 119 is thinking
8114 119 has taken a fork
8114 119 has taken a fork
8114 119 is eating
8116 77 is thinking
8116 77 has taken a fork
8116 77 has taken a fork
8116 77 is eating
8117 159 is thinking
8117 159 has taken a fork
8117 159 has taken a fork
8117 159 is eating
8200 107 is sleeping
8200 65 is sleeping
8200 73 is sleeping
8201 175 is sleeping
8201 117 is sleeping
8201 123 is sleeping
8201 111 is sleeping
8201 85 is sleeping
8201 141 is sleeping
8201 7 is sleeping
8201 27 is sleeping
8202 173 is sleeping
8202 121 is sleeping
8202 105 is sleeping
8202 23 is sleeping
8202 129 is sleeping
8202 43 is sleeping
8202 25 is sleeping
8203 35 is sleeping
8203 189 is sleeping
8204 26 is thinking
8204 26 has taken a fork
8204 26 has taken a fork
8204 26 is eating
8204 55 is sleeping
8204 109 is sleeping
8204 45 is sleeping
8204 41 is sleeping
8204 51 is sleeping
8204 177 is sleeping
8204 24 is thinking
8204 24 has taken a fork
8204 24 has taken a fork
8204 24 is eating
8204 37 is sleeping
8205 197 is sleeping
8205 97 is sleeping
8205 3 is sleeping
8205 9 is sleeping
8205 157 is sleeping
8205 145 is sleeping
8205 103 is sleeping
8205 95 is sleeping
8205 139 is sleeping
8205 179 is sleeping
8205 149 is sleeping
8205 171 is sleeping
8205 93 is sleeping
8205 87 is sleeping
8205 59 is sleeping
8205 185 is sleeping
8205 147 is sleeping
8205 64 is thinking
8205 63 is sleeping
8205 195 is sleeping
8205 174 is thinking
8205 174 has taken a fork
8205 174 has taken a fork
8205 174 is eating
8206 17 is sleeping
8206 53 is sleeping
8206 89 is sleeping
8206 161 is sleeping
8206 133 is sleeping
8206 44 is thinking
8206 44 has taken a fork
8206 44 has taken a fork
8206 44 is eating
8206 135 is sleeping
8206 71 is sleeping
8206 29 is sleeping
8206 101 is sleeping
8206 172 is thinking
8206 172 has taken a fork
8206 172 has taken a fork
8206 172 is eating
8206 13 is sleeping
8206 64 has taken a fork
8206 64 has taken a fork
8206 64 is eating
8206 1 is sleeping
8207 61 is sleeping
8207 143 is sleeping
8207 47 is sleeping
8207 122 is thinking
8207 122 has taken a fork
8207 122 has taken a fork
8207 122 is eating
8207 57 is sleeping
8207 163 is sleeping
8207 5 is sleeping
8207 183 is sleeping
8207 165 is sleeping
8207 131 is sleeping
8207 181 is sleeping
8207 199 is sleeping
8207 167 is sleeping
8208 83 is sleeping
8208 193 is sleeping
8208 31 is sleeping
8208 125 is sleeping
8208 49 is sleeping
8208 115 is sleeping
8208 153 is sleeping
8208 28 is thinking
8208 4 is thinking
8208 4 has taken a fork
8208 4 has taken a fork
8208 4 is eating
8208 28 has taken a fork
8208 28 has taken a fork
8208 28 is eating
8208 146 is thinking
8208 146 has taken a fork
8208 146 has taken a fork
8208 146 is eating
8208 33 is sleeping
8208 34 is thinking
8208 34 has taken a fork
8208 34 has taken a fork
8208 34 is eating
8208 142 is thinking
8208 142 has taken a fork
8208 142 has taken a fork
8208 142 is eating
8208 39 is sleeping
8208 155 is sleeping
8208 2 is thinking
8208 2 has taken a fork
8208 2 has taken a fork
8208 2 is eating
8209 127 is sleeping
8209 99 is sleeping
8209 15 is sleeping
8209 113 is sleeping
8209 67 is sleeping
8209 19 is sleeping
8209 184 is thinking
8209 184 has taken a fork
8209 184 has taken a fork
8209 184 is eating
8209 194 is thinking
8209 194 has taken a fork
8209 194 has taken a fork
8209 194 is eating
8209 79 is sleeping
8209 21 is sleeping
8209 187 is sleeping
8209 91 is sleeping
8209 106 is thinking
8209 106 has taken a fork
8209 106 has taken a fork
8209 106 is eating
8209 130 is thinking
8209 130 has taken a fork
8209 130 has taken a fork
8209 130 is eating
8210 148 is thinking
8210 148 has taken a fork
8210 148 has taken a fork
8210 148 is eating
8210 81 is sleeping
8210 188 is thinking
8210 188 has taken a fork
8210 188 has taken a fork
8210 188 is eating
8210 75 is sleeping
8210 151 is sleeping
8210 20 is thinking
8210 20 has taken a fork
8210 20 has taken a fork
8210 20 is eating
8210 114 is thinking
8210 114 has taken a fork
8210 114 has taken a fork
8210 114 is eating
8210 169 is sleeping
8210 80 is thinking
8210 80 has taken a fork
8210 80 has taken a fork
8210 80 is eating
8211 62 is thinking
8211 62 has taken a fork
8211 62 has taken a fork
8211 62 is eating
8211 42 is thinking
8211 42 has taken a fork
8211 42 has taken a fork
8211 42 is eating
8211 98 is thinking
8211 98 has taken a fork
8211 98 has taken a fork
8211 98 is eating
8211 102 is thinking
8211 102 has taken a fork
8211 102 has taken a fork
8211 102 is eating
8211 164 is thinking
8211 164 has taken a fork
8211 164 has taken a fork
8211 164 is eating
8211 144 is thinking
8211 144 has taken a fork
8211 144 has taken a fork
8211 144 is eating
8211 182 is thinking
8211 182 has taken a fork
8211 182 has taken a fork
8211 182 is eating
8211 92 is thinking
8211 92 has taken a fork
8211 92 has taken a fork
8211 92 is eating
8211 170 is thinking
8211 170 has taken a fork
8211 170 has taken a fork
8211 170 is eating
8211 60 is thinking
8211 60 has taken a fork
8211 60 has taken a fork
8211 60 is eating
8211 22 is thinking
8211 22 has taken a fork
8211 22 has taken a fork
8211 22 is eating
8211 96 is thinking
8211 96 has taken a fork
8211 96 has taken a fork
8211 96 is eating
8211 6 is thinking
8211 6 has taken a fork
8211 6 has taken a fork
8211 6 is eating
8211 166 is thinking
8211 166 has taken a fork
8211 166 has taken a fork
8211 166 is eating
8211 152 is thinking
8211 152 has taken a fork
8211 152 has taken a fork
8211 152 is eating
8212 18 is thinking
8212 18 has taken a fork
8212 18 has taken a fork
8212 18 is eating
8212 32 is thinking
8212 32 has taken a fork
8212 32 has taken a fork
8212 32 is eating
8212 74 is thinking
8212 74 has taken a fork
8212 74 has taken a fork
8212 74 is eating
8212 8 is thinking
8212 134 is thinking
8212 134 has taken a fork
8212 134 has taken a fork
8212 134 is eating
8212 132 is thinking
8212 132 has taken a fork
8212 132 has taken a fork
8212 132 is eating
8212 178 is thinking
8212 178 has taken a fork
8212 178 has taken a fork
8212 178 is eating
8212 112 is thinking
8212 112 has taken a fork
8212 112 has taken a fork
8212 112 is eating
8212 16 is thinking
8212 16 has taken a fork
8212 16 has taken a fork
8212 16 is eating
8212 48 is thinking
8212 48 has taken a fork
8212 48 has taken a fork
8212 48 is eating
8212 104 is thinking
8212 104 has taken a fork
8212 104 has taken a fork
8212 104 is eating
8212 198 is thinking
8212 110 is thinking
8212 110 has taken a fork
8212 110 has taken a fork
8212 110 is eating
8212 38 is thinking
8212 38 has taken a fork
8212 38 has taken a fork
8212 38 is eating
8212 54 is thinking
8212 54 has taken a fork
8212 54 has taken a fork
8212 54 is eating
8212 116 is thinking
8212 200 is thinking
8212 200 has taken a fork
8212 200 has taken a fork
8212 200 is eating
8212 116 has taken a fork
8212 116 has taken a fork
8212 116 is eating
8212 140 is thinking
8212 140 has taken a fork
8212 140 has taken a fork
8212 140 is eating
8212 176 is thinking
8212 176 has taken a fork
8212 176 has taken a fork
8212 176 is eating
8212 162 is thinking
8212 162 has taken a fork
8212 162 has taken a fork
8212 162 is eating
8212 50 is thinking
8212 50 has taken a fork
8212 50 has taken a fork
8212 50 is eating
8212 8 has taken a fork
8212 8 has taken a fork
8212 8 is eating
8212 198 has taken a fork
8212 198 has taken a fork
8212 198 is eating
8212 36 is thinking
8212 36 has taken a fork
8212 36 has taken a fork
8212 36 is eating
8212 154 is thinking
8212 154 has taken a fork
8212 154 has taken a fork
8212 154 is eating
8212 30 is thinking
8212 30 has taken a fork
8212 30 has taken a fork
8212 30 is eating
8212 128 is thinking
8212 128 has taken a fork
8212 128 has taken a fork
8212 128 is eating
8212 168 is thinking
8212 168 has taken a fork
8212 168 has taken a fork
8212 168 is eating
8213 72 is thinking
8213 72 has taken a fork
8213 72 has taken a fork
8213 72 is eating
8213 108 is thinking
8213 108 has taken a fork
8213 108 has taken a fork
8213 108 is eating
8213 40 is thinking
8213 40 has taken a fork
8213 40 has taken a fork
8213 40 is eating
8213 46 is thinking
8213 46 has taken a fork
8213 46 has taken a fork
8213 46 is eating
8213 191 is sleeping
8213 90 is thinking
8213 90 has taken a fork
8213 90 has taken a fork
8213 90 is eating
8213 84 is thinking
8213 84 has taken a fork
8213 84 has taken a fork
8213 84 is eating
8213 69 is sleeping
8213 11 is sleeping
8214 68 is thinking
8214 68 has taken a fork
8214 68 has taken a fork
8214 68 is eating
8214 94 is thinking
8214 94 has taken a fork
8214 94 has taken a fork
8214 94 is eating
8214 150 is thinking
8214 150 has taken a fork
8214 150 has taken a fork
8214 150 is eating
8214 119 is sleeping
8214 192 is thinking
8214 192 has taken a fork
8214 192 has taken a fork
8214 192 is eating
8214 180 is thinking
8214 180 has taken a fork
8214 180 has taken a fork
8214 180 is eating
8214 88 is thinking
8214 88 has taken a fork
8214 88 has taken a fork
8214 88 is eating
8214 100 is thinking
8214 100 has taken a fork
8214 100 has taken a fork
8214 100 is eating
8214 70 is thinking
8214 70 has taken a fork
8214 70 has taken a fork
8214 70 is eating
8214 137 is sleeping
8214 124 is thinking
8214 124 has taken a fork
8214 124 has taken a fork
8214 124 is eating
8214 156 is thinking
8214 156 has taken a fork
8214 156 has taken a fork
8214 156 is eating
8214 120 is thinking
8214 120 has taken a fork
8214 120 has taken a fork
8214 120 is eating
8215 118 is thinking
8215 118 has taken a fork
8215 118 has taken a fork
8215 118 is eating
8215 82 is thinking
8215 82 has taken a fork
8215 82 has taken a fork
8215 82 is eating
8215 66 is thinking
8215 66 has taken a fork
8215 66 has taken a fork
8215 66 is eating
8215 10 is thinking
8215 10 has taken a fork
8215 10 has taken a fork
8215 10 is eating
8215 58 is thinking
8215 58 has taken a fork
8215 58 has taken a fork
8215 58 is eating
8215 14 is thinking
8215 14 has taken a fork
8215 14 has taken a fork
8215 14 is eating
8215 186 is thinking
8215 186 has taken a fork
8215 186 has taken a fork
8215 186 is eating
8216 190 is thinking
8216 190 has taken a fork
8216 190 has taken a fork
8216 190 is eating
8216 136 is thinking
8216 136 has taken a fork
8216 136 has taken a fork
8216 136 is eating
8216 77 is sleeping
8216 12 is thinking
8216 12 has taken a fork
8216 12 has taken a fork
8216 12 is eating
8216 56 is thinking
8216 56 has taken a fork
8216 56 has taken a fork
8216 56 is eating
8216 86 is thinking
8216 86 has taken a fork
8216 86 has taken a fork
8216 86 is eating
8216 196 is thinking
8216 196 has taken a fork
8216 196 has taken a fork
8216 196 is eating
8217 159 is sleeping
8217 78 is thinking
8217 78 has taken a fork
8217 78 has taken a fork
8217 78 is eating
8217 138 is thinking
8217 138 has taken a fork
8217 138 has taken a fork
8217 138 is eating
8218 160 is thinking
8218 160 has taken a fork
8218 160 has taken a fork
8218 160 is eating
8218 126 is thinking
8218 126 has taken a fork
8218 126 has taken a fork
8218 126 is eating
8218 52 is thinking
8218 52 has taken a fork
8218 52 has taken a fork
8218 52 is eating
8218 76 is thinking
8218 76 has taken a fork
8218 76 has taken a fork
8218 76 is eating
8218 158 is thinking
8218 158 has taken a fork
8218 158 has taken a fork
8218 158 is eating
8304 24 is sleeping
8304 26 is sleeping
8305 174 is sleeping
8306 64 is sleeping
8306 172 is sleeping
8306 44 is sleeping
8307 122 is sleeping
8308 146 is sleeping
8308 2 is sleeping
8308 28 is sleeping
8308 4 is sleeping
8308 142 is sleeping
8308 34 is sleeping
8309 106 is sleeping
8309 194 is sleeping
8309 184 is sleeping
8309 130 is sleeping
8310 80 is sleeping
8310 148 is sleeping
8310 114 is sleeping
8310 188 is sleeping
8310 20 is sleeping
8311 6 is sleeping
8311 62 is sleeping
8311 42 is sleeping
8311 152 is sleeping
8311 164 is sleeping
8311 144 is sleeping
8311 102 is sleeping
8311 170 is sleeping
8311 60 is sleeping
8311 182 is sleeping
8311 92 is sleeping
8311 166 is sleeping
8311 22 is sleeping
8311 96 is sleeping
8311 98 is sleeping
8312 50 is sleeping
8312 132 is sleeping
8312 134 is sleeping
8312 168 is sleeping
8312 16 is sleeping
8312 48 is sleeping
8312 200 is sleeping
8312 178 is sleeping
8312 18 is sleeping
8312 32 is sleeping
8312 30 is sleeping
8312 154 is sleeping
8312 198 is sleeping
8312 116 is sleeping
8312 36 is sleeping
8312 74 is sleeping
8312 162 is sleeping
8312 176 is sleeping
8312 140 is sleeping
8312 8 is sleeping
8312 110 is sleeping
8312 38 is sleeping
8312 104 is sleeping
8312 112 is sleeping
8312 128 is sleeping
8312 54 is sleeping
8313 46 is sleeping
8313 72 is sleeping
8313 108 is sleeping
8313 40 is sleeping
8313 90 is sleeping
8313 84 is sleeping
8314 150 is sleeping
8314 100 is sleeping
8314 180 is sleeping
8314 120 is sleeping
8314 70 is sleeping
8314 156 is sleeping
8314 94 is sleeping
8314 192 is sleeping
8314 88 is sleeping
8314 124 is sleeping
8314 68 is sleeping
8315 66 is sleeping
8315 58 is sleeping
8315 118 is sleeping
8315 14 is sleeping
8315 10 is sleeping
8315 82 is sleeping
8315 186 is sleeping
8316 12 is sleeping
8316 196 is sleeping
8316 56 is sleeping
8316 136 is sleeping
8316 190 is sleeping
8316 86 is sleeping
8317 138 is sleeping
8317 78 is sleeping
8318 160 is sleeping
8318 126 is sleeping
8318 158 is sleeping
8318 52 is sleeping
8318 76 is sleeping
8400 73 is thinking
8400 73 has taken a fork
8400 73 has taken a fork
8400 73 is eating
8401 111 is thinking
8401 111 has taken a fork
8401 111 has taken a fork
8401 111 is eating
8401 7 is thinking
8401 7 has taken a fork
8401 7 has taken a fork
8401 7 is eating
8401 175 is thinking
8401 175 has taken a fork
8401 175 has taken a fork
8401 175 is eating
8401 27 is thinking
8401 27 has taken a fork
8401 27 has taken a fork
8401 27 is eating
8401 65 is thinking
8401 65 has taken a fork
8401 65 has taken a fork
8401 65 is eating
8401 123 is thinking
8401 123 has taken a fork
8401 123 has taken a fork
8401 123 is eating
8402 141 is thinking
8402 141 has taken a fork
8402 141 has taken a fork
8402 141 is eating
8402 117 is thinking
8402 117 has taken a fork
8402 117 has taken a fork
8402 117 is eating
8402 43 is thinking
8402 43 has taken a fork
8402 43 has taken a fork
8402 43 is eating
8402 85 is thinking
8402 85 has taken a fork
8402 85 has taken a fork
8402 85 is eating
8402 173 is thinking
8402 173 has taken a fork
8402 173 has taken a fork
8402 173 is eating
8402 23 is thinking
8402 23 has taken a fork
8402 23 has taken a fork
8402 23 is eating
8402 129 is thinking
8402 129 has taken a fork
8402 129 has taken a fork
8402 129 is eating
8402 121 is thinking
8402 121 has taken a fork
8402 121 has taken a fork
8402 121 is eating
8402 107 is thinking
8402 107 has taken a fork
8402 107 has taken a fork
8402 107 is eating
8402 25 is thinking
8402 25 has taken a fork
8402 25 has taken a fork
8402 25 is eating
8403 189 is thinking
8403 189 has taken a fork
8403 189 has taken a fork
8403 189 is eating
8403 35 is thinking
8403 35 has taken a fork
8403 35 has taken a fork
8403 35 is eating
8403 105 is thinking
8403 105 has taken a fork
8403 105 has taken a fork
8403 105 is eating
8404 109 is thinking
8404 109 has taken a fork
8404 109 has taken a fork
8404 109 is eating
8404 41 is thinking
8404 41 has taken a fork
8404 41 has taken a fork
8404 41 is eating
8405 45 is thinking
8405 45 has taken a fork
8405 45 has taken a fork
8405 45 is eating
8405 103 is thinking
8405 103 has taken a fork
8405 103 has taken a fork
8405 103 is eating
8405 55 is thinking
8405 55 has taken a fork
8405 55 has taken a fork
8405 55 is eating
8405 179 is thinking
8405 179 has taken a fork
8405 179 has taken a fork
8405 179 is eating
8405 177 is thinking
8405 177 has taken a fork
8405 177 has taken a fork
8405 177 is eating
8405 171 is thinking
8405 171 has taken a fork
8405 171 has taken a fork
8405 171 is eating
8405 63 is thinking
8405 63 has taken a fork
8405 63 has taken a fork
8405 63 is eating
8405 149 is thinking
8405 149 has taken a fork
8405 149 has taken a fork
8405 149 is eating
8405 147 is thinking
8405 147 has taken a fork
8405 147 has taken a fork
8405 147 is eating
8405 197 is thinking
8405 197 has taken a fork
8405 197 has taken a fork
8405 197 is eating
8405 157 is thinking
8405 157 has taken a fork
8405 157 has taken a fork
8405 157 is eating
8405 87 is thinking
8405 87 has taken a fork
8405 87 has taken a fork
8405 87 is eating
8405 185 is thinking
8405 185 has taken a fork
8405 185 has taken a fork
8405 185 is eating
8405 97 is thinking
8405 97 has taken a fork
8405 97 has taken a fork
8405 97 is eating
8405 145 is thinking
8405 145 has taken a fork
8405 145 has taken a fork
8405 145 is eating
8405 9 is thinking
8405 9 has taken a fork
8405 9 has taken a fork
8405 9 is eating
8406 59 is thinking
8406 37 is thinking
8406 37 has taken a fork
8406 37 has taken a fork
8406 37 is eating
8406 13 is thinking
8406 13 has taken a fork
8406 13 has taken a fork
8406 13 is eating
8406 133 is thinking
8406 133 has taken a fork
8406 133 has taken a fork
8406 133 is eating
8406 3 is thinking
8406 3 has taken a fork
8406 3 has taken a fork
8406 3 is eating
8406 139 is thinking
8406 139 has taken a fork
8406 139 has taken a fork
8406 139 is eating
8406 59 has taken a fork
8406 59 has taken a fork
8406 59 is eating
8406 17 is thinking
8406 17 has taken a fork
8406 17 has taken a fork
8406 17 is eating
8406 101 is thinking
8406 101 has taken a fork
8406 101 has taken a fork
8406 101 is eating
8406 95 is thinking
8406 95 has taken a fork
8406 95 has taken a fork
8406 95 is eating
8406 135 is thinking
8406 135 has taken a fork
8406 135 has taken a fork
8406 135 is eating
8406 89 is thinking
8406 89 has taken a fork
8406 89 has taken a fork
8406 89 is eating
8406 29 is thinking
8406 29 has taken a fork
8406 29 has taken a fork
8406 29 is eating
8406 53 is thinking
8406 53 has taken a fork
8406 53 has taken a fork
8406 53 is eating
8406 71 is thinking
8406 71 has taken a fork
8406 71 has taken a fork
8406 71 is eating
8406 195 is thinking
8406 195 has taken a fork
8406 195 has taken a fork
8406 195 is eating
8406 1 is thinking
8406 1 has taken a fork
8406 1 has taken a fork
8406 1 is eating
8407 181 is thinking
8407 181 has taken a fork
8407 181 has taken a fork
8407 181 is eating
8407 5 is thinking
8407 5 has taken a fork
8407 5 has taken a fork
8407 5 is eating
8407 199 is thinking
8407 199 has taken a fork
8407 199 has taken a fork
8407 199 is eating
8407 165 is thinking
8407 165 has taken a fork
8407 165 has taken a fork
8407 165 is eating
8407 167 is thinking
8407 167 has taken a fork
8407 167 has taken a fork
8407 167 is eating
8407 57 is thinking
8407 57 has taken a fork
8407 57 has taken a fork
8407 57 is eating
8407 61 is thinking
8407 61 has taken a fork
8407 61 has taken a fork
8407 61 is eating
8407 183 is thinking
8407 163 is thinking
8407 183 has taken a fork
8407 183 has taken a fork
8407 183 is eating
8407 131 is thinking
8407 131 has taken a fork
8407 131 has taken a fork
8407 131 is eating
8408 49 is thinking
8408 49 has taken a fork
8408 49 has taken a fork
8408 49 is eating
8408 143 is thinking
8408 143 has taken a fork
8408 143 has taken a fork
8408 143 is eating
8408 31 is thinking
8408 31 has taken a fork
8408 31 has taken a fork
8408 31 is eating
8408 83 is thinking
8408 83 has taken a fork
8408 83 has taken a fork
8408 83 is eating
8408 193 is thinking
8408 193 has taken a fork
8408 193 has taken a fork
8408 193 is eating
8408 33 is thinking
8408 33 has taken a fork
8408 33 has taken a fork
8408 33 is eating
8408 125 is thinking
8408 125 has taken a fork
8408 125 has taken a fork
8408 125 is eating
8408 153 is thinking
8408 153 has taken a fork
8408 153 has taken a fork
8408 153 is eating
8408 115 is thinking
8408 115 has taken a fork
8408 115 has taken a fork
8408 115 is eating
8408 93 is thinking
8408 93 has taken a fork
8408 93 has taken a fork
8408 93 is eating
8408 51 is thinking
8408 51 has taken a fork
8408 51 has taken a fork
8408 51 is eating
8408 155 is thinking
8408 155 has taken a fork
8408 155 has taken a fork
8408 155 is eating
8408 39 is thinking
8408 39 has taken a fork
8408 39 has taken a fork
8408 39 is eating
8408 163 has taken a fork
8408 163 has taken a fork
8408 163 is eating
8408 47 is thinking
8408 47 has taken a fork
8408 47 has taken a fork
8408 47 is eating
8409 91 is thinking
8409 91 has taken a fork
8409 91 has taken a fork
8409 91 is eating
8409 19 is thinking
8409 19 has taken a fork
8409 19 has taken a fork
8409 19 is eating
8409 15 is thinking
8409 15 has taken a fork
8409 15 has taken a fork
8409 15 is eating
8409 113 is thinking
8409 113 has taken a fork
8409 113 has taken a fork
8409 113 is eating
8410 161 is thinking
8410 161 has taken a fork
8410 161 has taken a fork
8410 161 is eating
8410 81 is thinking
8412 81 has taken a fork
8412 81 has taken a fork
8412 81 is eating
8412 21 is thinking
8412 21 has taken a fork
8412 21 has taken a fork
8412 21 is eating
8412 187 is thinking
8412 187 has taken a fork
8412 187 has taken a fork
8412 187 is eating
8413 191 is thinking
8413 191 has taken a fork
8413 191 has taken a fork
8413 191 is eating
8413 11 is thinking
8413 11 has taken a fork
8413 11 has taken a fork
8413 11 is eating
8413 69 is thinking
8413 69 has taken a fork
8413 69 has taken a fork
8413 69 is eating
8413 127 is thinking
8413 127 has taken a fork
8413 127 has taken a fork
8413 127 is eating
8413 75 is thinking
8413 75 has taken a fork
8413 75 has taken a fork
8413 75 is eating
8413 169 is thinking
8413 169 has taken a fork
8413 169 has taken a fork
8413 169 is eating
8414 79 is thinking
8414 79 has taken a fork
8414 79 has taken a fork
8414 79 is eating
8414 99 is thinking
8414 99 has taken a fork
8414 99 has taken a fork
8414 99 is eating
8414 119 is thinking
8414 119 has taken a fork
8414 119 has taken a fork
8414 119 is eating
8414 151 is thinking
8414 151 has taken a fork
8414 151 has taken a fork
8414 151 is eating
8414 67 is thinking
8414 67 has taken a fork
8414 67 has taken a fork
8414 67 is eating
8415 137 is thinking
8415 137 has taken a fork
8415 137 has taken a fork
8415 137 is eating
8416 77 is thinking
8416 77 has taken a fork
8416 77 has taken a fork
8416 77 is eating
8417 159 is thinking
8417 159 has taken a fork
8417 159 has taken a fork
8417 159 is eating
8501 65 is sleeping
8501 7 is sleeping
8501 123 is sleeping
8502 107 is sleeping
8502 121 is sleeping
8502 25 is sleeping
8502 173 is sleeping
8502 117 is sleeping
8502 175 is sleeping
8502 141 is sleeping
8502 85 is sleeping
8502 129 is sleeping
8502 23 is sleeping
8502 27 is sleeping
8502 73 is sleeping
8502 111 is sleeping
8502 43 is sleeping
8503 189 is sleeping
8503 105 is sleeping
8504 24 is thinking
8504 24 has taken a fork
8504 24 has taken a fork
8504 24 is eating
8504 109 is sleeping
8504 35 is sleeping
8504 41 is sleeping
8504 26 is thinking
8504 26 has taken a fork
8504 26 has taken a fork
8504 26 is eating
8505 177 is sleeping
8505 97 is sleeping
8505 145 is sleeping
8505 179 is sleeping
8505 149 is sleeping
8505 63 is sleeping
8505 147 is sleeping
8505 9 is sleeping
8505 197 is sleeping
8505 87 is sleeping
8505 45 is sleeping
8505 55 is sleeping
8506 59 is sleeping
8506 139 is sleeping
8506 44 is thinking
8506 44 has taken a fork
8506 44 has taken a fork
8506 44 is eating
8506 101 is sleeping
8506 157 is sleeping
8506 13 is sleeping
8506 89 is sleeping
8506 37 is sleeping
8506 133 is sleeping
8506 64 is thinking
8506 64 has taken a fork
8506 64 has taken a fork
8506 64 is eating
8506 174 is thinking
8506 174 has taken a fork
8506 174 has taken a fork
8506 174 is eating
8506 172 is thinking
8506 172 has taken a fork
8506 172 has taken a fork
8506 172 is eating
8506 3 is sleeping
8506 171 is sleeping
8506 71 is sleeping
8506 103 is sleeping
8506 95 is sleeping
8506 1 is sleeping
8507 17 is sleeping
8507 57 is sleeping
8507 135 is sleeping
8507 195 is sleeping
8507 199 is sleeping
8507 53 is sleeping
8507 29 is sleeping
8507 61 is sleeping
8507 183 is sleeping
8507 131 is sleeping
8507 181 is sleeping
8507 167 is sleeping
8507 165 is sleeping
8507 5 is sleeping
8507 122 is thinking
8507 122 has taken a fork
8507 122 has taken a fork
8507 122 is eating
8508 51 is sleeping
8508 33 is sleeping
8508 28 is thinking
8508 28 has taken a fork
8508 28 has taken a fork
8508 28 is eating
8508 185 is sleeping
8508 2 is thinking
8508 2 has taken a fork
8508 2 has taken a fork
8508 2 is eating
8508 93 is sleeping
8508 115 is sleeping
8508 146 is thinking
8508 146 has taken a fork
8508 146 has taken a fork
8508 146 is eating
8508 142 is thinking
8508 4 is thinking
8508 4 has taken a fork
8508 4 has taken a fork
8508 4 is eating
8508 47 is sleeping
8508 39 is sleeping
8508 153 is sleeping
8508 193 is sleeping
8508 31 is sleeping
8508 125 is sleeping
8508 155 is sleeping
8508 163 is sleeping
8508 143 is sleeping
8508 34 is thinking
8508 34 has taken a fork
8508 34 has taken a fork
8508 34 is eating
8509 15 is sleeping
8509 130 is thinking
8509 130 has taken a fork
8509 130 has taken a fork
8509 130 is eating
8509 19 is sleeping
8510 80 is thinking
8510 148 is thinking
8510 148 has taken a fork
8510 148 has taken a fork
8510 148 is eating
8510 161 is sleeping
8510 20 is thinking
8510 188 is thinking
8510 184 is thinking
8510 106 is thinking
8510 184 has taken a fork
8510 184 has taken a fork
8510 184 is eating
8510 91 is sleeping
8510 142 has taken a fork
8510 142 has taken a fork
8510 142 is eating
8511 98 is thinking
8511 60 is thinking
8511 60 has taken a fork
8511 60 has taken a fork
8511 60 is eating
8511 42 is thinking
8511 42 has taken a fork
8511 42 has taken a fork
8511 42 is eating
8511 62 is thinking
8511 62 has taken a fork
8511 62 has taken a fork
8511 62 is eating
8511 182 is thinking
8511 182 has taken a fork
8511 182 has taken a fork
8511 182 is eating
8511 92 is thinking
8511 92 has taken a fork
8511 92 has taken a fork
8511 92 is eating
8511 106 has taken a fork
8511 106 has taken a fork
8511 106 is eating
8511 166 is thinking
8511 166 has taken a fork
8511 166 has taken a fork
8511 166 is eating
8511 144 is thinking
8511 144 has taken a fork
8511 144 has taken a fork
8511 144 is eating
8511 102 is thinking
8511 102 has taken a fork
8511 102 has taken a fork
8511 102 is eating
8511 96 is thinking
8511 96 has taken a fork
8511 96 has taken a fork
8511 96 is eating
8511 170 is thinking
8511 152 is thinking
8511 22 is thinking
8511 6 is thinking
8511 6 has taken a fork
8511 6 has taken a fork
8511 6 is eating
8511 194 is thinking
8511 194 has taken a fork
8511 194 has taken a fork
8511 194 is eating
8511 114 is thinking
8511 114 has taken a fork
8511 114 has taken a fork
8511 114 is eating
8512 162 is thinking
8512 162 has taken a fork
8512 162 has taken a fork
8512 162 is eating
8512 21 is sleeping
8512 48 is thinking
8512 48 has taken a fork
8512 48 has taken a fork
8512 48 is eating
8512 20 has taken a fork
8512 20 has taken a fork
8512 20 is eating
8512 110 is thinking
8512 22 has taken a fork
8512 22 has taken a fork
8512 22 is eating
8512 110 has taken a fork
8512 110 has taken a fork
8512 110 is eating
8512 132 is thinking
8512 132 has taken a fork
8512 132 has taken a fork
8512 132 is eating
8512 54 is thinking
8512 54 has taken a fork
8512 54 has taken a fork
8512 54 is eating
8512 8 is thinking
8512 187 is sleeping
8512 188 has taken a fork
8512 188 has taken a fork
8512 188 is eating
8513 84 is thinking
8513 84 has taken a fork
8513 84 has taken a fork
8513 84 is eating
8513 127 is sleeping
8513 75 is sleeping
8513 169 is sleeping
8513 38 is thinking
8513 38 has taken a fork
8513 38 has taken a fork
8513 38 is eating
8513 140 is thinking
8513 140 has taken a fork
8513 140 has taken a fork
8513 140 is eating
8513 112 is thinking
8513 112 has taken a fork
8513 112 has taken a fork
8513 112 is eating
8513 11 is sleeping
8513 81 is sleeping
8513 176 is thinking
8513 176 has taken a fork
8513 176 has taken a fork
8513 176 is eating
8513 30 is thinking
8513 30 has taken a fork
8513 30 has taken a fork
8513 30 is eating
8513 154 is thinking
8513 154 has taken a fork
8513 154 has taken a fork
8513 154 is eating
8513 36 is thinking
8513 36 has taken a fork
8513 36 has taken a fork
8513 36 is eating
8513 108 is thinking
8513 108 has taken a fork
8513 108 has taken a fork
8513 108 is eating
8513 164 is thinking
8513 164 has taken a fork
8513 164 has taken a fork
8513 164 is eating
8513 32 is thinking
8513 32 has taken a fork
8513 32 has taken a fork
8513 32 is eating
8513 200 is thinking
8513 191 is sleeping
8513 46 is thinking
8513 46 has taken a fork
8513 46 has taken a fork
8513 46 is eating
8519 83 is sleeping
8520 118 is thinking
8520 118 has taken a fork
8520 118 has taken a fork
8520 118 is eating
8520 120 is thinking
8520 120 has taken a fork
8520 120 has taken a fork
8520 120 is eating
8520 99 is sleeping
8520 40 is thinking
8520 40 has taken a fork
8520 40 has taken a fork
8520 40 is eating
8520 170 has taken a fork
8520 170 has taken a fork
8520 170 is eating
8520 90 is thinking
8520 90 has taken a fork
8520 90 has taken a fork
8520 90 is eating
8520 192 is thinking
8520 192 has taken a fork
8520 192 has taken a fork
8520 192 is eating
8521 74 is thinking
8521 74 has taken a fork
8521 74 has taken a fork
8521 74 is eating
8521 128 is thinking
8521 128 has taken a fork
8521 128 has taken a fork
8521 128 is eating
8521 104 is thinking
8521 104 has taken a fork
8521 104 has taken a fork
8521 104 is eating
8521 116 is thinking
8521 116 has taken a fork
8521 116 has taken a fork
8521 116 is eating
8521 119 is sleeping
8521 88 is thinking
8521 88 has taken a fork
8521 88 has taken a fork
8521 88 is eating
8521 72 is thinking
8521 72 has taken a fork
8521 72 has taken a fork
8521 72 is eating
8521 8 has taken a fork
8521 8 has taken a fork
8521 8 is eating
8521 68 is thinking
8521 68 has taken a fork
8521 68 has taken a fork
8521 68 is eating
8521 124 is thinking
8521 124 has taken a fork
8521 124 has taken a fork
8521 124 is eating
8521 86 is thinking
8521 86 has taken a fork
8521 86 has taken a fork
8521 86 is eating
8521 136 is thinking
8521 136 has taken a fork
8521 136 has taken a fork
8521 136 is eating
8521 190 is thinking
8521 82 is thinking
8521 58 is thinking
8521 10 is thinking
8521 137 is sleeping
8521 196 is thinking
8522 196 has taken a fork
8522 196 has taken a fork
8522 196 is eating
8522 56 is thinking
8522 56 has taken a fork
8522 56 has taken a fork
8522 56 is eating
8522 14 is thinking
8522 14 has taken a fork
8522 14 has taken a fork
8522 14 is eating
8522 77 is sleeping
8522 18 is thinking
8522 18 has taken a fork
8522 18 has taken a fork
8522 18 is eating
8522 168 is thinking
8522 70 is thinking
8522 70 has taken a fork
8522 70 has taken a fork
8522 70 is eating
8522 158 is thinking
8522 158 has taken a fork
8522 158 has taken a fork
8522 158 is eating
8522 159 is sleeping
8522 126 is thinking
8523 126 has taken a fork
8523 126 has taken a fork
8523 126 is eating
8523 52 is thinking
8523 52 has taken a fork
8523 52 has taken a fork
8523 52 is eating
8523 16 is thinking
8524 16 has taken a fork
8524 16 has taken a fork
8524 16 is eating
8525 69 is sleeping
8525 94 is thinking
8525 94 has taken a fork
8525 94 has taken a fork
8525 94 is eating
8525 151 is sleeping
8525 98 has taken a fork
8525 98 has taken a fork
8525 98 is eating
8525 198 is thinking
8525 198 has taken a fork
8525 198 has taken a fork
8525 198 is eating
8525 134 is thinking
8525 134 has taken a fork
8525 134 has taken a fork
8525 134 is eating
8525 186 is thinking
8525 186 has taken a fork
8525 186 has taken a fork
8525 186 is eating
8525 190 has taken a fork
8525 190 has taken a fork
8525 190 is eating
8526 180 is thinking
8526 180 has taken a fork
8526 180 has taken a fork
8526 180 is eating
8526 79 is sleeping
8526 82 has taken a fork
8526 82 has taken a fork
8526 82 is eating
8526 80 has taken a fork
8526 80 has taken a fork
8526 80 is eating
8527 58 has taken a fork
8527 58 has taken a fork
8527 58 is eating
8527 12 is thinking
8527 12 has taken a fork
8527 12 has taken a fork
8527 12 is eating
8529 168 has taken a fork
8529 168 has taken a fork
8529 168 is eating
8529 178 is thinking
8529 178 has taken a fork
8529 178 has taken a fork
8529 178 is eating
8529 113 is sleeping
8530 78 is thinking
8530 78 has taken a fork
8530 78 has taken a fork
8530 78 is eating
8530 49 is sleeping
8530 200 has taken a fork
8530 200 has taken a fork
8530 200 is eating
8530 76 is thinking
8530 76 has taken a fork
8530 76 has taken a fork
8530 76 is eating
8530 150 is thinking
8530 150 has taken a fork
8530 150 has taken a fork
8530 150 is eating
8530 67 is sleeping
8531 10 has taken a fork
8531 10 has taken a fork
8531 10 is eating
8531 138 is thinking
8531 138 has taken a fork
8531 138 has taken a fork
8531 138 is eating
8531 160 is thinking
8531 160 has taken a fork
8531 160 has taken a fork
8531 160 is eating
8531 66 is thinking
8531 66 has taken a fork
8531 66 has taken a fork
8531 66 is eating
8534 100 is thinking
8534 152 has taken a fork
8534 152 has taken a fork
8534 152 is eating
8534 100 has taken a fork
8534 100 has taken a fork
8534 100 is eating
8534 50 is thinking
8534 50 has taken a fork
8534 50 has taken a fork
8534 50 is eating
8535 156 is thinking
8535 156 has taken a fork
8535 156 has taken a fork
8535 156 is eating
8604 24 is sleeping
8605 26 is sleeping
8606 44 is sleeping
8608 174 is sleeping
8608 64 is sleeping
8608 172 is sleeping
8608 34 is sleeping
8608 28 is sleeping
8608 2 is sleeping
8608 4 is sleeping
8609 122 is sleeping
8609 146 is sleeping
8610 184 is sleeping
8610 142 is sleeping
8611 92 is sleeping
8611 96 is sleeping
8611 102 is sleeping
8611 106 is sleeping
8611 114 is sleeping
8611 182 is sleeping
8611 144 is sleeping
8611 166 is sleeping
8611 6 is sleeping
8611 194 is sleeping
8611 130 is sleeping
8611 62 is sleeping
8611 148 is sleeping
8611 60 is sleeping
8611 42 is sleeping
8612 132 is sleeping
8612 162 is sleeping
8612 54 is sleeping
8613 140 is sleeping
8613 38 is sleeping
8613 108 is sleeping
8614 36 is sleeping
8614 110 is sleeping
8614 176 is sleeping
8614 20 is sleeping
8614 84 is sleeping
8614 188 is sleeping
8614 112 is sleeping
8614 48 is sleeping
8614 22 is sleeping
8614 32 is sleeping
8615 154 is sleeping
8615 164 is sleeping
8615 30 is sleeping
8615 46 is sleeping
8617 170 is sleeping
8617 8 is sleeping
8620 40 is sleeping
8620 90 is sleeping
8620 80 is sleeping
8621 72 is sleeping
8621 124 is sleeping
8621 104 is sleeping
8621 74 is sleeping
8621 128 is sleeping
8621 88 is sleeping
8621 116 is sleeping
8621 68 is sleeping
8621 120 is sleeping
8621 136 is sleeping
8621 118 is sleeping
8622 86 is sleeping
8622 158 is sleeping
8622 98 is sleeping
8622 192 is sleeping
8622 56 is sleeping
8622 196 is sleeping
8623 126 is sleeping
8623 70 is sleeping
8623 18 is sleeping
8623 14 is sleeping
8623 200 is sleeping
8623 52 is sleeping
8624 58 is sleeping
8624 82 is sleeping
8625 198 is sleeping
8625 134 is sleeping
8626 180 is sleeping
8626 168 is sleeping
8626 10 is sleeping
8626 16 is sleeping
8626 94 is sleeping
8626 190 is sleeping
8626 186 is sleeping
8630 78 is sleeping
8630 76 is sleeping
8631 138 is sleeping
8632 152 is sleeping
8632 12 is sleeping
8632 150 is sleeping
8632 178 is sleeping
8632 66 is sleeping
8632 160 is sleeping
8634 100 is sleeping
8634 50 is sleeping
8635 156 is sleeping
8700 73 is thinking
8700 73 has taken a fork
8700 73 has taken a fork
8700 73 is eating
8701 27 is thinking
8701 27 has taken a fork
8701 27 has taken a fork
8701 27 is eating
8701 123 is thinking
8701 123 has taken a fork
8701 123 has taken a fork
8701 123 is eating
8701 111 is thinking
8701 111 has taken a fork
8701 111 has taken a fork
8701 111 is eating
8701 65 is thinking
8701 65 has taken a fork
8701 65 has taken a fork
8701 65 is eating
8701 7 is thinking
8701 7 has taken a fork
8701 7 has taken a fork
8701 7 is eating
8701 175 is thinking
8701 175 has taken a fork
8701 175 has taken a fork
8701 175 is eating
8702 173 is thinking
8702 173 has taken a fork
8702 173 has taken a fork
8702 173 is eating
8702 43 is thinking
8702 43 has taken a fork
8702 43 has taken a fork
8702 43 is eating
8702 141 is thinking
8702 141 has taken a fork
8702 141 has taken a fork
8702 141 is eating
8702 107 is thinking
8702 107 has taken a fork
8702 107 has taken a fork
8702 107 is eating
8702 129 is thinking
8702 129 has taken a fork
8702 129 has taken a fork
8702 129 is eating
8702 121 is thinking
8702 121 has taken a fork
8702 121 has taken a fork
8702 121 is eating
8703 35 is thinking
8703 35 has taken a fork
8703 35 has taken a fork
8703 35 is eating
8703 189 is thinking
8703 189 has taken a fork
8703 189 has taken a fork
8703 189 is eating
8704 41 is thinking
8704 41 has taken a fork
8704 41 has taken a fork
8704 41 is eating
8705 9 is thinking
8705 9 has taken a fork
8705 9 has taken a fork
8705 9 is eating
8705 103 is thinking
8705 103 has taken a fork
8705 103 has taken a fork
8705 103 is eating
8705 179 is thinking
8705 179 has taken a fork
8705 179 has taken a fork
8705 179 is eating
8705 63 is thinking
8705 63 has taken a fork
8705 63 has taken a fork
8705 63 is eating
8705 171 is thinking
8705 171 has taken a fork
8705 171 has taken a fork
8705 171 is eating
8705 25 is thinking
8705 25 has taken a fork
8705 25 has taken a fork
8705 25 is eating
8705 147 is thinking
8705 147 has taken a fork
8705 147 has taken a fork
8705 147 is eating
8705 177 is thinking
8705 177 has taken a fork
8705 177 has taken a fork
8705 177 is eating
8705 109 is thinking
8705 109 has taken a fork
8705 109 has taken a fork
8705 109 is eating
8705 157 is thinking
8705 157 has taken a fork
8705 157 has taken a fork
8705 157 is eating
8705 117 is thinking
8705 45 is thinking
8705 45 has taken a fork
8705 45 has taken a fork
8705 45 is eating
8705 55 is thinking
8705 55 has taken a fork
8705 55 has taken a fork
8705 55 is eating
8705 185 is thinking
8705 185 has taken a fork
8705 185 has taken a fork
8705 185 is eating
8705 87 is thinking
8705 87 has taken a fork
8705 87 has taken a fork
8705 87 is eating
8705 97 is thinking
8705 97 has taken a fork
8705 97 has taken a fork
8705 97 is eating
8705 23 is thinking
8705 23 has taken a fork
8705 23 has taken a fork
8705 23 is eating
8705 145 is thinking
8705 145 has taken a fork
8705 145 has taken a fork
8705 145 is eating
8705 117 has taken a fork
8705 117 has taken a fork
8705 117 is eating
8705 105 is thinking
8705 105 has taken a fork
8705 105 has taken a fork
8705 105 is eating
8705 149 is thinking
8705 149 has taken a fork
8705 149 has taken a fork
8705 149 is eating
8706 17 is thinking
8706 17 has taken a fork
8706 17 has taken a fork
8706 17 is eating
8706 53 is thinking
8706 53 has taken a fork
8706 53 has taken a fork
8706 53 is eating
8706 13 is thinking
8706 13 has taken a fork
8706 13 has taken a fork
8706 13 is eating
8706 71 is thinking
8706 71 has taken a fork
8706 71 has taken a fork
8706 71 is eating
8706 3 is thinking
8706 3 has taken a fork
8706 3 has taken a fork
8706 3 is eating
8706 1 is thinking
8706 1 has taken a fork
8706 1 has taken a fork
8706 1 is eating
8706 29 is thinking
8706 29 has taken a fork
8706 29 has taken a fork
8706 29 is eating
8706 195 is thinking
8706 195 has taken a fork
8706 195 has taken a fork
8706 195 is eating
8706 135 is thinking
8706 135 has taken a fork
8706 135 has taken a fork
8706 135 is eating
8706 59 is thinking
8706 59 has taken a fork
8706 59 has taken a fork
8706 59 is eating
8706 197 is thinking
8706 197 has taken a fork
8706 197 has taken a fork
8706 197 is eating
8706 85 is thinking
8706 85 has taken a fork
8706 85 has taken a fork
8706 85 is eating
8707 183 is thinking
8707 183 has taken a fork
8707 183 has taken a fork
8707 183 is eating
8707 167 is thinking
8707 167 has taken a fork
8707 167 has taken a fork
8707 167 is eating
8707 5 is thinking
8707 5 has taken a fork
8707 5 has taken a fork
8707 5 is eating
8707 199 is thinking
8707 199 has taken a fork
8707 199 has taken a fork
8707 199 is eating
8707 95 is thinking
8707 95 has taken a fork
8707 95 has taken a fork
8707 95 is eating
8707 165 is thinking
8707 165 has taken a fork
8707 165 has taken a fork
8707 165 is eating
8707 133 is thinking
8707 133 has taken a fork
8707 133 has taken a fork
8707 133 is eating
8707 89 is thinking
8707 89 has taken a fork
8707 89 has taken a fork
8707 89 is eating
8707 163 is thinking
8707 163 has taken a fork
8707 163 has taken a fork
8707 163 is eating
8707 57 is thinking
8707 57 has taken a fork
8707 57 has taken a fork
8707 57 is eating
8707 61 is thinking
8707 61 has taken a fork
8707 61 has taken a fork
8707 61 is eating
8707 181 is thinking
8707 181 has taken a fork
8707 181 has taken a fork
8707 181 is eating
8707 37 is thinking
8707 37 has taken a fork
8707 37 has taken a fork
8707 37 is eating
8707 101 is thinking
8707 101 has taken a fork
8707 101 has taken a fork
8707 101 is eating
8707 139 is thinking
8707 139 has taken a fork
8707 139 has taken a fork
8707 139 is eating
8708 143 is thinking
8708 143 has taken a fork
8708 143 has taken a fork
8708 143 is eating
8708 83 is thinking
8708 49 is thinking
8708 49 has taken a fork
8708 49 has taken a fork
8708 49 is eating
8708 83 has taken a fork
8708 83 has taken a fork
8708 83 is eating
8708 33 is thinking
8708 33 has taken a fork
8708 33 has taken a fork
8708 33 is eating
8708 93 is thinking
8708 93 has taken a fork
8708 93 has taken a fork
8708 93 is eating
8708 31 is thinking
8708 31 has taken a fork
8708 31 has taken a fork
8708 31 is eating
8709 113 is thinking
8709 113 has taken a fork
8709 113 has taken a fork
8709 113 is eating
8709 91 is thinking
8709 91 has taken a fork
8709 91 has taken a fork
8709 91 is eating
8709 15 is thinking
8709 15 has taken a fork
8709 15 has taken a fork
8709 15 is eating
8709 51 is thinking
8709 51 has taken a fork
8709 51 has taken a fork
8709 51 is eating
8709 19 is thinking
8709 19 has taken a fork
8709 19 has taken a fork
8709 19 is eating
8709 39 is thinking
8709 39 has taken a fork
8709 39 has taken a fork
8709 39 is eating
8709 155 is thinking
8709 155 has taken a fork
8709 155 has taken a fork
8709 155 is eating
8709 115 is thinking
8709 115 has taken a fork
8709 115 has taken a fork
8709 115 is eating
8709 47 is thinking
8709 47 has taken a fork
8709 47 has taken a fork
8709 47 is eating
8709 193 is thinking
8709 193 has taken a fork
8709 193 has taken a fork
8709 193 is eating
8710 161 is thinking
8710 161 has taken a fork
8710 161 has taken a fork
8710 161 is eating
8711 131 is thinking
8711 131 has taken a fork
8711 131 has taken a fork
8711 131 is eating
8711 125 is thinking
8711 125 has taken a fork
8711 125 has taken a fork
8711 125 is eating
8711 153 is thinking
8711 153 has taken a fork
8711 153 has taken a fork
8711 153 is eating
8712 81 is thinking
8712 81 has taken a fork
8712 81 has taken a fork
8712 81 is eating
8712 187 is thinking
8712 187 has taken a fork
8712 187 has taken a fork
8712 187 is eating
8713 191 is thinking
8713 191 has taken a fork
8713 191 has taken a fork
8713 191 is eating
8713 69 is thinking
8713 69 has taken a fork
8713 69 has taken a fork
8713 69 is eating
8713 21 is thinking
8713 21 has taken a fork
8713 21 has taken a fork
8713 21 is eating
8713 11 is thinking
8713 11 has taken a fork
8713 11 has taken a fork
8713 11 is eating
8713 127 is thinking
8713 127 has taken a fork
8713 127 has taken a fork
8713 127 is eating
8713 169 is thinking
8713 169 has taken a fork
8713 169 has taken a fork
8713 169 is eating
8713 75 is thinking
8713 75 has taken a fork
8713 75 has taken a fork
8713 75 is eating
8714 119 is thinking
8714 119 has taken a fork
8714 119 has taken a fork
8714 119 is eating
8714 151 is thinking
8714 151 has taken a fork
8714 151 has taken a fork
8714 151 is eating
8714 99 is thinking
8714 99 has taken a fork
8714 99 has taken a fork
8714 99 is eating
8714 79 is thinking
8714 79 has taken a fork
8714 79 has taken a fork
8714 79 is eating
8714 67 is thinking
8714 67 has taken a fork
8714 67 has taken a fork
8714 67 is eating
8715 137 is thinking
8715 137 has taken a fork
8715 137 has taken a fork
8715 137 is eating
8717 77 is thinking
8717 77 has taken a fork
8717 77 has taken a fork
8717 77 is eating
8717 159 is thinking
8717 159 has taken a fork
8717 159 has taken a fork
8717 159 is eating
8800 73 is sleeping
8801 175 is sleeping
8801 27 is sleeping
8801 111 is sleeping
8801 123 is sleeping
8801 65 is sleeping
8802 43 is sleeping
8802 173 is sleeping
8802 107 is sleeping
8802 121 is sleeping
8803 35 is sleeping
8803 189 is sleeping
8803 141 is sleeping
8803 129 is sleeping
8803 7 is sleeping
8804 41 is sleeping
8804 26 is thinking
8804 24 is thinking
8805 97 is sleeping
8805 157 is sleeping
8805 55 is sleeping
8805 117 is sleeping
8805 147 is sleeping
8805 87 is sleeping
8805 45 is sleeping
8805 23 is sleeping
8805 179 is sleeping
8805 145 is sleeping
8805 105 is sleeping
8805 149 is sleeping
8805 185 is sleeping
8805 109 is sleeping
8805 177 is sleeping
8805 25 is sleeping
8806 29 is sleeping
8806 17 is sleeping
8806 195 is sleeping
8806 71 is sleeping
8806 85 is sleeping
8806 135 is sleeping
8806 197 is sleeping
8806 13 is sleeping
8806 171 is sleeping
8806 53 is sleeping
8806 24 has taken a fork
8806 24 has taken a fork
8806 24 is eating
8806 44 is thinking
8806 44 has taken a fork
8806 44 has taken a fork
8806 44 is eating
8806 59 is sleeping
8807 172 is thinking
8807 172 has taken a fork
8807 172 has taken a fork
8807 172 is eating
8807 163 is sleeping
8807 181 is sleeping
8807 95 is sleeping
8807 139 is sleeping
8807 199 is sleeping
8808 28 is thinking
8808 28 has taken a fork
8808 28 has taken a fork
8808 28 is eating
8808 93 is sleeping
8808 33 is sleeping
8808 146 is thinking
8808 101 is sleeping
8808 143 is sleeping
8808 3 is sleeping
8808 34 is thinking
8808 34 has taken a fork
8808 34 has taken a fork
8808 34 is eating
8808 57 is sleeping
8808 37 is sleeping
8808 165 is sleeping
8808 4 is thinking
8808 4 has taken a fork
8808 4 has taken a fork
8808 4 is eating
8808 2 is thinking
8808 2 has taken a fork
8808 2 has taken a fork
8808 2 is eating
8808 89 is sleeping
8808 133 is sleeping
8808 31 is sleeping
8808 146 has taken a fork
8808 146 has taken a fork
8808 146 is eating
8808 5 is sleeping
8808 103 is sleeping
8808 83 is sleeping
8808 183 is sleeping
8808 9 is sleeping
8808 61 is sleeping
8808 167 is sleeping
8809 39 is sleeping
8809 51 is sleeping
8809 47 is sleeping
8809 19 is sleeping
8809 142 is thinking
8809 142 has taken a fork
8809 142 has taken a fork
8809 142 is eating
8809 155 is sleeping
8809 130 is thinking
8809 115 is sleeping
8809 193 is sleeping
8809 63 is sleeping
8809 91 is sleeping
8809 15 is sleeping
8809 122 is thinking
8809 122 has taken a fork
8809 122 has taken a fork
8809 122 is eating
8809 49 is sleeping
8809 1 is sleeping
8810 148 is thinking
8810 148 has taken a fork
8810 148 has taken a fork
8810 148 is eating
8810 161 is sleeping
8810 106 is thinking
8810 106 has taken a fork
8810 106 has taken a fork
8810 106 is eating
8810 184 is thinking
8810 174 is thinking
8810 174 has taken a fork
8810 174 has taken a fork
8810 174 is eating
8810 26 has taken a fork
8810 26 has taken a fork
8810 26 is eating
8810 184 has taken a fork
8810 184 has taken a fork
8810 184 is eating
8811 92 is thinking
8811 92 has taken a fork
8811 92 has taken a fork
8811 92 is eating
8811 114 is thinking
8811 114 has taken a fork
8811 114 has taken a fork
8811 114 is eating
8811 182 is thinking
8811 182 has taken a fork
8811 182 has taken a fork
8811 182 is eating
8811 102 is thinking
8811 102 has taken a fork
8811 102 has taken a fork
8811 102 is eating
8811 125 is sleeping
8811 60 is thinking
8811 131 is sleeping
8811 96 is thinking
8811 96 has taken a fork
8811 96 has taken a fork
8811 96 is eating
8811 60 has taken a fork
8811 60 has taken a fork
8811 60 is eating
8811 130 has taken a fork
8811 130 has taken a fork
8811 130 is eating
8811 62 is thinking
8811 62 has taken a fork
8811 62 has taken a fork
8811 62 is eating
8811 166 is thinking
8811 166 has taken a fork
8811 166 has taken a fork
8811 166 is eating
8811 144 is thinking
8811 144 has taken a fork
8811 144 has taken a fork
8811 144 is eating
8811 153 is sleeping
8811 42 is thinking
8811 42 has taken a fork
8811 42 has taken a fork
8811 42 is eating
8811 113 is sleeping
8811 64 is thinking
8811 64 has taken a fork
8811 64 has taken a fork
8811 64 is eating
8812 54 is thinking
8812 54 has taken a fork
8812 54 has taken a fork
8812 54 is eating
8812 8 is thinking
8812 8 has taken a fork
8812 8 has taken a fork
8812 8 is eating
8812 48 is thinking
8812 48 has taken a fork
8812 48 has taken a fork
8812 48 is eating
8812 132 is thinking
8812 132 has taken a fork
8812 132 has taken a fork
8812 132 is eating
8812 110 is thinking
8812 110 has taken a fork
8812 110 has taken a fork
8812 110 is eating
8812 81 is sleeping
8812 162 is thinking
8812 162 has taken a fork
8812 162 has taken a fork
8812 162 is eating
8812 187 is sleeping
8812 188 is thinking
8812 188 has taken a fork
8812 188 has taken a fork
8812 188 is eating
8812 20 is thinking
8812 22 is thinking
8812 194 is thinking
8812 6 is thinking
8812 194 has taken a fork
8812 194 has taken a fork
8812 194 is eating
8812 6 has taken a fork
8812 6 has taken a fork
8812 6 is eating
8813 140 is thinking
8813 84 is thinking
8813 84 has taken a fork
8813 84 has taken a fork
8813 84 is eating
8813 140 has taken a fork
8813 140 has taken a fork
8813 140 is eating
8813 38 is thinking
8813 38 has taken a fork
8813 38 has taken a fork
8813 38 is eating
8813 108 is thinking
8813 108 has taken a fork
8813 108 has taken a fork
8813 108 is eating
8813 11 is sleeping
8813 75 is sleeping
8813 112 is thinking
8813 112 has taken a fork
8813 112 has taken a fork
8813 112 is eating
8813 127 is sleeping
8813 176 is thinking
8813 176 has taken a fork
8813 176 has taken a fork
8813 176 is eating
8813 200 is thinking
8813 200 has taken a fork
8813 200 has taken a fork
8813 200 is eating
8813 169 is sleeping
8813 154 is thinking
8813 154 has taken a fork
8813 154 has taken a fork
8813 154 is eating
8813 46 is thinking
8813 46 has taken a fork
8813 46 has taken a fork
8813 46 is eating
8813 69 is sleeping
8813 36 is thinking
8813 32 is thinking
8814 32 has taken a fork
8814 32 has taken a fork
8814 32 is eating
8815 137 is sleeping
8815 36 has taken a fork
8815 36 has taken a fork
8815 36 is eating
8815 21 is sleeping
8816 30 is thinking
8816 30 has taken a fork
8816 30 has taken a fork
8816 30 is eating
8817 159 is sleeping
8817 77 is sleeping
8817 119 is sleeping
8818 99 is sleeping
8818 151 is sleeping
8818 20 has taken a fork
8818 20 has taken a fork
8818 20 is eating
8818 67 is sleeping
8819 152 is thinking
8819 152 has taken a fork
8819 152 has taken a fork
8819 152 is eating
8819 80 is thinking
8819 80 has taken a fork
8819 80 has taken a fork
8819 80 is eating
8819 79 is sleeping
8819 22 has taken a fork
8819 22 has taken a fork
8819 22 is eating
8819 191 is sleeping
8820 164 is thinking
8820 164 has taken a fork
8820 164 has taken a fork
8820 164 is eating
8820 40 is thinking
8820 40 has taken a fork
8820 40 has taken a fork
8820 40 is eating
8820 170 is thinking
8820 170 has taken a fork
8820 170 has taken a fork
8820 170 is eating
8821 124 is thinking
8821 124 has taken a fork
8821 124 has taken a fork
8821 124 is eating
8821 58 is thinking
8821 58 has taken a fork
8821 58 has taken a fork
8821 58 is eating
8821 128 is thinking
8821 128 has taken a fork
8821 128 has taken a fork
8821 128 is eating
8821 74 is thinking
8821 74 has taken a fork
8821 74 has taken a fork
8821 74 is eating
8821 104 is thinking
8821 104 has taken a fork
8821 104 has taken a fork
8821 104 is eating
8821 116 is thinking
8821 116 has taken a fork
8821 116 has taken a fork
8821 116 is eating
8821 88 is thinking
8821 88 has taken a fork
8821 88 has taken a fork
8821 88 is eating
8821 90 is thinking
8821 90 has taken a fork
8821 90 has taken a fork
8821 90 is eating
8821 10 is thinking
8821 10 has taken a fork
8821 10 has taken a fork
8821 10 is eating
8821 82 is thinking
8821 82 has taken a fork
8821 82 has taken a fork
8821 82 is eating
8821 72 is thinking
8821 72 has taken a fork
8821 72 has taken a fork
8821 72 is eating
8821 98 is thinking
8822 98 has taken a fork
8822 98 has taken a fork
8822 98 is eating
8822 86 is thinking
8822 86 has taken a fork
8822 86 has taken a fork
8822 86 is eating
8822 192 is thinking
8822 192 has taken a fork
8822 192 has taken a fork
8822 192 is eating
8822 158 is thinking
8822 158 has taken a fork
8822 158 has taken a fork
8822 158 is eating
8822 136 is thinking
8822 136 has taken a fork
8822 136 has taken a fork
8822 136 is eating
8822 190 is thinking
8822 190 has taken a fork
8822 190 has taken a fork
8822 190 is eating
8822 120 is thinking
8822 120 has taken a fork
8822 120 has taken a fork
8822 120 is eating
8822 18 is thinking
8822 18 has taken a fork
8822 18 has taken a fork
8822 18 is eating
8822 14 is thinking
8822 14 has taken a fork
8822 14 has taken a fork
8822 14 is eating
8822 68 is thinking
8822 68 has taken a fork
8822 68 has taken a fork
8822 68 is eating
8822 70 is thinking
8822 70 has taken a fork
8822 70 has taken a fork
8822 70 is eating
8822 56 is thinking
8822 56 has taken a fork
8822 56 has taken a fork
8822 56 is eating
8822 168 is thinking
8822 168 has taken a fork
8822 168 has taken a fork
8822 168 is eating
8822 196 is thinking
8822 196 has taken a fork
8822 196 has taken a fork
8822 196 is eating
8823 52 is thinking
8823 126 is thinking
8823 126 has taken a fork
8823 126 has taken a fork
8823 126 is eating
8823 52 has taken a fork
8823 52 has taken a fork
8823 52 is eating
8823 118 is thinking
8823 118 has taken a fork
8823 118 has taken a fork
8823 118 is eating
8825 134 is thinking
8825 134 has taken a fork
8825 134 has taken a fork
8825 134 is eating
8825 198 is thinking
8825 198 has taken a fork
8825 198 has taken a fork
8825 198 is eating
8825 186 is thinking
8825 186 has taken a fork
8825 186 has taken a fork
8825 186 is eating
8826 180 is thinking
8826 180 has taken a fork
8826 180 has taken a fork
8826 180 is eating
8828 94 is thinking
8828 94 has taken a fork
8828 94 has taken a fork
8828 94 is eating
8828 16 is thinking
8828 16 has taken a fork
8828 16 has taken a fork
8828 16 is eating
8828 12 is thinking
8828 12 has taken a fork
8828 12 has taken a fork
8828 12 is eating
8829 178 is thinking
8829 178 has taken a fork
8829 178 has taken a fork
8829 178 is eating
8830 76 is thinking
8830 76 has taken a fork
8830 76 has taken a fork
8830 76 is eating
8830 78 is thinking
8830 78 has taken a fork
8830 78 has taken a fork
8830 78 is eating
8830 150 is thinking
8830 150 has taken a fork
8830 150 has taken a fork
8830 150 is eating
8831 138 is thinking
8831 138 has taken a fork
8831 138 has taken a fork
8831 138 is eating
8833 66 is thinking
8833 66 has taken a fork
8833 66 has taken a fork
8833 66 is eating
8833 160 is thinking
8833 160 has taken a fork
8833 160 has taken a fork
8833 160 is eating
8834 50 is thinking
8834 50 has taken a fork
8834 50 has taken a fork
8834 50 is eating
8834 100 is thinking
8834 100 has taken a fork
8834 100 has taken a fork
8834 100 is eating
8835 156 is thinking
8835 156 has taken a fork
8835 156 has taken a fork
8835 156 is eating
8907 44 is sleeping
8908 28 is sleeping
8908 172 is sleeping
8908 34 is sleeping
8908 146 is sleeping
8908 24 is sleeping
8908 4 is sleeping
8909 142 is sleeping
8909 2 is sleeping
8910 106 is sleeping
8910 148 is sleeping
8910 184 is sleeping
8910 26 is sleeping
8911 130 is sleeping
8911 60 is sleeping
8911 102 is sleeping
8911 62 is sleeping
8911 114 is sleeping
8911 96 is sleeping
8911 92 is sleeping
8911 166 is sleeping
8911 144 is sleeping
8912 182 is sleeping
8912 54 is sleeping
8912 48 is sleeping
8912 188 is sleeping
8912 8 is sleeping
8912 132 is sleeping
8912 194 is sleeping
8912 122 is sleeping
8912 6 is sleeping
8912 174 is sleeping
8912 110 is sleeping
8913 140 is sleeping
8913 38 is sleeping
8913 84 is sleeping
8913 108 is sleeping
8914 162 is sleeping
8914 42 is sleeping
8914 112 is sleeping
8914 200 is sleeping
8914 154 is sleeping
8914 64 is sleeping
8914 32 is sleeping
8914 176 is sleeping
8915 46 is sleeping
8915 36 is sleeping
8917 22 is sleeping
8917 20 is sleeping
8917 30 is sleeping
8919 80 is sleeping
8920 40 is sleeping
8920 170 is sleeping
8921 124 is sleeping
8921 128 is sleeping
8921 164 is sleeping
8921 152 is sleeping
8921 88 is sleeping
8921 104 is sleeping
8921 74 is sleeping
8921 116 is sleeping
8921 72 is sleeping
8921 82 is sleeping
8921 90 is sleeping
8922 58 is sleeping
8922 168 is sleeping
8922 56 is sleeping
8922 196 is sleeping
8922 10 is sleeping
8922 192 is sleeping
8922 86 is sleeping
8922 98 is sleeping
8922 136 is sleeping
8922 120 is sleeping
8922 158 is sleeping
8922 190 is sleeping
8922 18 is sleeping
8922 14 is sleeping
8922 70 is sleeping
8922 68 is sleeping
8923 52 is sleeping
8923 126 is sleeping
8925 134 is sleeping
8925 186 is sleeping
8925 198 is sleeping
8926 118 is sleeping
8926 180 is sleeping
8930 78 is sleeping
8930 150 is sleeping
8930 94 is sleeping
8930 16 is sleeping
8931 178 is sleeping
8931 138 is sleeping
8931 12 is sleeping
8931 76 is sleeping
8933 160 is sleeping
8933 66 is sleeping
8934 50 is sleeping
8935 100 is sleeping
8935 156 is sleeping
9000 73 is thinking
9000 73 has taken a fork
9000 73 has taken a fork
9000 73 is eating
9001 175 is thinking
9001 175 has taken a fork
9001 175 has taken a fork
9001 175 is eating
9001 65 is thinking
9001 65 has taken a fork
9001 65 has taken a fork
9001 65 is eating
9001 111 is thinking
9001 111 has taken a fork
9001 111 has taken a fork
9001 111 is eating
9001 123 is thinking
9001 123 has taken a fork
9001 123 has taken a fork
9001 123 is eating
9001 7 is thinking
9001 7 has taken a fork
9001 7 has taken a fork
9001 7 is eating
9002 141 is thinking
9002 141 has taken a fork
9002 141 has taken a fork
9002 141 is eating
9002 107 is thinking
9002 107 has taken a fork
9002 107 has taken a fork
9002 107 is eating
9002 129 is thinking
9002 129 has taken a fork
9002 129 has taken a fork
9002 129 is eating
9002 121 is thinking
9002 121 has taken a fork
9002 121 has taken a fork
9002 121 is eating
9002 43 is thinking
9002 43 has taken a fork
9002 43 has taken a fork
9002 43 is eating
9003 27 is thinking
9003 27 has taken a fork
9003 27 has taken a fork
9003 27 is eating
9003 35 is thinking
9003 173 is thinking
9003 173 has taken a fork
9003 173 has taken a fork
9003 173 is eating
9003 35 has taken a fork
9003 35 has taken a fork
9003 35 is eating
9003 189 is thinking
9003 189 has taken a fork
9003 189 has taken a fork
9003 189 is eating
9004 41 is thinking
9004 41 has taken a fork
9004 41 has taken a fork
9004 41 is eating
9005 185 is thinking
9005 185 has taken a fork
9005 185 has taken a fork
9005 185 is eating
9005 147 is thinking
9005 147 has taken a fork
9005 147 has taken a fork
9005 147 is eating
9005 87 is thinking
9005 87 has taken a fork
9005 87 has taken a fork
9005 87 is eating
9005 171 is thinking
9005 171 has taken a fork
9005 171 has taken a fork
9005 171 is eating
9005 63 is thinking
9005 63 has taken a fork
9005 63 has taken a fork
9005 63 is eating
9005 55 is thinking
9005 55 has taken a fork
9005 55 has taken a fork
9005 55 is eating
9005 117 is thinking
9005 117 has taken a fork
9005 117 has taken a fork
9005 117 is eating
9005 177 is thinking
9005 177 has taken a fork
9005 177 has taken a fork
9005 177 is eating
9005 105 is thinking
9005 105 has taken a fork
9005 105 has taken a fork
9005 105 is eating
9005 149 is thinking
9005 149 has taken a fork
9005 149 has taken a fork
9005 149 is eating
9005 97 is thinking
9005 97 has taken a fork
9005 97 has taken a fork
9005 97 is eating
9006 85 is thinking
9006 85 has taken a fork
9006 85 has taken a fork
9006 85 is eating
9006 197 is thinking
9006 197 has taken a fork
9006 197 has taken a fork
9006 197 is eating
9006 59 is thinking
9006 59 has taken a fork
9006 59 has taken a fork
9006 59 is eating
9006 103 is thinking
9006 103 has taken a fork
9006 103 has taken a fork
9006 103 is eating
9007 9 is thinking
9007 9 has taken a fork
9007 9 has taken a fork
9007 9 is eating
9007 89 is thinking
9007 95 is thinking
9007 89 has taken a fork
9007 89 has taken a fork
9007 89 is eating
9007 95 has taken a fork
9007 95 has taken a fork
9007 95 is eating
9007 163 is thinking
9007 181 is thinking
9007 133 is thinking
9007 133 has taken a fork
9007 133 has taken a fork
9007 133 is eating
9008 33 is thinking
9008 33 has taken a fork
9008 33 has taken a fork
9008 33 is eating
9008 93 is thinking
9008 93 has taken a fork
9008 93 has taken a fork
9008 93 is eating
9009 193 is thinking
9009 193 has taken a fork
9009 193 has taken a fork
9009 193 is eating
9009 15 is thinking
9009 15 has taken a fork
9009 15 has taken a fork
9009 15 is eating
9009 199 is thinking
9009 199 has taken a fork
9009 199 has taken a fork
9009 199 is eating
9009 163 has taken a fork
9009 163 has taken a fork
9009 163 is eating
9009 143 is thinking
9009 143 has taken a fork
9009 143 has taken a fork
9009 143 is eating
9009 3 is thinking
9009 165 is thinking
9009 165 has taken a fork
9009 165 has taken a fork
9009 165 is eating
9009 183 is thinking
9009 183 has taken a fork
9009 183 has taken a fork
9009 183 is eating
9009 1 is thinking
9009 1 has taken a fork
9009 1 has taken a fork
9009 1 is eating
9009 167 is thinking
9009 155 is thinking
9009 155 has taken a fork
9009 155 has taken a fork
9009 155 is eating
9009 139 is thinking
9009 115 is thinking
9009 61 is thinking
9009 115 has taken a fork
9009 115 has taken a fork
9009 115 is eating
9009 61 has taken a fork
9009 61 has taken a fork
9009 61 is eating
9009 139 has taken a fork
9009 139 has taken a fork
9009 139 is eating
9009 31 is thinking
9009 31 has taken a fork
9009 31 has taken a fork
9009 31 is eating
9009 53 is thinking
9009 17 is thinking
9009 195 is thinking
9009 17 has taken a fork
9009 17 has taken a fork
9009 17 is eating
9009 195 has taken a fork
9009 195 has taken a fork
9009 195 is eating
9009 25 is thinking
9009 25 has taken a fork
9009 25 has taken a fork
9009 25 is eating
9009 37 is thinking
9009 37 has taken a fork
9009 37 has taken a fork
9009 37 is eating
9009 19 is thinking
9009 29 is thinking
9009 29 has taken a fork
9009 29 has taken a fork
9009 29 is eating
9009 45 is thinking
9009 45 has taken a fork
9009 45 has taken a fork
9009 45 is eating
9009 181 has taken a fork
9009 181 has taken a fork
9009 181 is eating
9009 91 is thinking
9009 91 has taken a fork
9009 91 has taken a fork
9009 91 is eating
9009 5 is thinking
9009 5 has taken a fork
9009 5 has taken a fork
9009 5 is eating
9009 83 is thinking
9009 83 has taken a fork
9009 83 has taken a fork
9009 83 is eating
9009 49 is thinking
9009 3 has taken a fork
9009 3 has taken a fork
9009 3 is eating
9010 167 has taken a fork
9010 167 has taken a fork
9010 167 is eating
9010 157 is thinking
9010 157 has taken a fork
9010 157 has taken a fork
9010 157 is eating
9010 101 is thinking
9010 101 has taken a fork
9010 101 has taken a fork
9010 101 is eating
9010 113 is thinking
9010 113 has taken a fork
9010 113 has taken a fork
9010 113 is eating
9010 49 has taken a fork
9010 49 has taken a fork
9010 49 is eating
9010 13 is thinking
9010 39 is thinking
9010 39 has taken a fork
9010 39 has taken a fork
9010 39 is eating
9010 135 is thinking
9010 135 has taken a fork
9010 135 has taken a fork
9010 135 is eating
9010 53 has taken a fork
9010 53 has taken a fork
9010 53 is eating
9010 23 is thinking
9010 23 has taken a fork
9010 23 has taken a fork
9010 23 is eating
9010 179 is thinking
9010 179 has taken a fork
9010 179 has taken a fork
9010 179 is eating
9011 153 is thinking
9011 153 has taken a fork
9011 153 has taken a fork
9011 153 is eating
9011 131 is thinking
9011 131 has taken a fork
9011 131 has taken a fork
9011 131 is eating
9011 125 is thinking
9011 125 has taken a fork
9011 125 has taken a fork
9011 125 is eating
9011 145 is thinking
9011 145 has taken a fork
9011 145 has taken a fork
9011 145 is eating
9011 57 is thinking
9011 57 has taken a fork
9011 57 has taken a fork
9011 57 is eating
9011 47 is thinking
9011 47 has taken a fork
9011 47 has taken a fork
9011 47 is eating
9011 161 is thinking
9011 161 has taken a fork
9011 161 has taken a fork
9011 161 is eating
9011 51 is thinking
9011 51 has taken a fork
9011 51 has taken a fork
9011 51 is eating
9011 71 is thinking
9011 71 has taken a fork
9011 71 has taken a fork
9011 71 is eating
9011 19 has taken a fork
9011 19 has taken a fork
9011 19 is eating
9011 13 has taken a fork
9011 13 has taken a fork
9011 13 is eating
9011 109 is thinking
9011 109 has taken a fork
9011 109 has taken a fork
9011 109 is eating
9012 81 is thinking
9012 81 has taken a fork
9012 81 has taken a fork
9012 81 is eating
9012 187 is thinking
9012 187 has taken a fork
9012 187 has taken a fork
9012 187 is eating
9013 69 is thinking
9013 69 has taken a fork
9013 69 has taken a fork
9013 69 is eating
9013 191 is thinking
9013 191 has taken a fork
9013 191 has taken a fork
9013 191 is eating
9013 21 is thinking
9013 21 has taken a fork
9013 21 has taken a fork
9013 21 is eating
9013 75 is thinking
9013 75 has taken a fork
9013 75 has taken a fork
9013 75 is eating
9013 11 is thinking
9013 11 has taken a fork
9013 11 has taken a fork
9013 11 is eating
9013 127 is thinking
9013 169 is thinking
9013 169 has taken a fork
9013 169 has taken a fork
9013 169 is eating
9013 127 has taken a fork
9013 127 has taken a fork
9013 127 is eating
9014 79 is thinking
9014 99 is thinking
9014 99 has taken a fork
9014 99 has taken a fork
9014 99 is eating
9014 151 is thinking
9014 151 has taken a fork
9014 151 has taken a fork
9014 151 is eating
9014 79 has taken a fork
9014 79 has taken a fork
9014 79 is eating
9014 67 is thinking
9014 67 has taken a fork
9014 67 has taken a fork
9014 67 is eating
9014 119 is thinking
9014 119 has taken a fork
9014 119 has taken a fork
9014 119 is eating
9015 137 is thinking
9015 137 has taken a fork
9015 137 has taken a fork
9015 137 is eating
9017 77 is thinking
9017 77 has taken a fork
9017 77 has taken a fork
9017 77 is eating
9017 159 is thinking
9017 159 has taken a fork
9017 159 has taken a fork
9017 159 is eating
9100 73 is sleeping
9101 123 is sleeping
9101 111 is sleeping
9101 65 is sleeping
9102 43 is sleeping
9102 7 is sleeping
9102 121 is sleeping
9103 35 is sleeping
9103 173 is sleeping
9103 27 is sleeping
9103 189 is sleeping
9103 107 is sleeping
9103 175 is sleeping
9103 141 is sleeping
9103 129 is sleeping
9104 41 is sleeping
9105 149 is sleeping
9106 103 is sleeping
9106 26 is thinking
9106 97 is sleeping
9106 59 is sleeping
9107 172 is thinking
9107 9 is sleeping
9107 185 is sleeping
9107 147 is sleeping
9108 33 is sleeping
9108 197 is sleeping
9108 85 is sleeping
9108 4 is thinking
9108 117 is sleeping
9108 89 is sleeping
9108 95 is sleeping
9108 55 is sleeping
9108 163 is sleeping
9108 105 is sleeping
9108 146 is thinking
9108 63 is sleeping
9108 24 is thinking
9108 172 has taken a fork
9108 172 has taken a fork
9108 172 is eating
9108 28 is thinking
9108 93 is sleeping
9108 171 is sleeping
9108 34 is thinking
9108 34 has taken a fork
9108 34 has taken a fork
9108 34 is eating
9109 83 is sleeping
9109 5 is sleeping
9109 29 is sleeping
9109 165 is sleeping
9109 122 is thinking
9109 143 is sleeping
9109 155 is sleeping
9109 1 is sleeping
9109 122 has taken a fork
9109 122 has taken a fork
9109 122 is eating
9109 115 is sleeping
9109 37 is sleeping
9109 15 is sleeping
9109 28 has taken a fork
9109 28 has taken a fork
9109 28 is eating
9109 25 is sleeping
9109 61 is sleeping
9109 195 is sleeping
9109 17 is sleeping
9109 91 is sleeping
9109 45 is sleeping
9109 177 is sleeping
9109 26 has taken a fork
9109 26 has taken a fork
9109 26 is eating
9109 199 is sleeping
9109 183 is sleeping
9109 193 is sleeping
9109 142 is thinking
9109 142 has taken a fork
9109 142 has taken a fork
9109 142 is eating
9110 113 is sleeping
9110 49 is sleeping
9110 3 is sleeping
9110 174 is thinking
9110 174 has taken a fork
9110 174 has taken a fork
9110 174 is eating
9110 167 is sleeping
9110 135 is sleeping
9110 31 is sleeping
9110 23 is sleeping
9110 53 is sleeping
9110 39 is sleeping
9110 19 is sleeping
9110 101 is sleeping
9111 184 is thinking
9111 184 has taken a fork
9111 184 has taken a fork
9111 184 is eating
9111 157 is sleeping
9111 71 is sleeping
9111 60 is thinking
9111 60 has taken a fork
9111 60 has taken a fork
9111 60 is eating
9111 106 is thinking
9111 106 has taken a fork
9111 106 has taken a fork
9111 106 is eating
9111 64 is thinking
9111 64 has taken a fork
9111 64 has taken a fork
9111 64 is eating
9111 24 has taken a fork
9111 24 has taken a fork
9111 24 is eating
9111 44 is thinking
9111 44 has taken a fork
9111 44 has taken a fork
9111 44 is eating
9111 4 has taken a fork
9111 4 has taken a fork
9111 4 is eating
9111 153 is sleeping
9111 139 is sleeping
9112 133 is sleeping
9113 162 is thinking
9113 21 is sleeping
9113 46 is thinking
9113 46 has taken a fork
9113 46 has taken a fork
9113 46 is eating
9113 162 has taken a fork
9113 162 has taken a fork
9113 162 is eating
9113 200 is thinking
9113 200 has taken a fork
9113 200 has taken a fork
9113 200 is eating
9113 145 is sleeping
9113 36 is thinking
9113 36 has taken a fork
9113 36 has taken a fork
9113 36 is eating
9113 38 is thinking
9113 38 has taken a fork
9113 38 has taken a fork
9113 38 is eating
9113 84 is thinking
9113 96 is thinking
9113 84 has taken a fork
9113 84 has taken a fork
9113 84 is eating
9113 96 has taken a fork
9113 96 has taken a fork
9113 96 is eating
9113 112 is thinking
9113 112 has taken a fork
9113 112 has taken a fork
9113 112 is eating
9113 11 is sleeping
9113 169 is sleeping
9113 6 is thinking
9113 140 is thinking
9113 140 has taken a fork
9113 140 has taken a fork
9113 140 is eating
9113 194 is thinking
9113 75 is sleeping
9113 194 has taken a fork
9113 194 has taken a fork
9113 194 is eating
9113 57 is sleeping
9113 182 is thinking
9113 2 is thinking
9113 2 has taken a fork
9113 2 has taken a fork
9113 2 is eating
9114 32 is thinking
9114 32 has taken a fork
9114 32 has taken a fork
9114 32 is eating
9114 119 is sleeping
9114 47 is sleeping
9114 110 is thinking
9114 109 is sleeping
9114 62 is thinking
9114 62 has taken a fork
9114 62 has taken a fork
9114 62 is eating
9114 191 is sleeping
9114 154 is thinking
9114 154 has taken a fork
9114 154 has taken a fork
9114 154 is eating
9114 161 is sleeping
9114 146 has taken a fork
9114 146 has taken a fork
9114 146 is eating
9114 151 is sleeping
9114 6 has taken a fork
9114 6 has taken a fork
9114 6 is eating
9115 148 is thinking
9115 148 has taken a fork
9115 148 has taken a fork
9115 148 is eating
9115 99 is sleeping
9115 114 is thinking
9115 102 is thinking
9115 102 has taken a fork
9115 102 has taken a fork
9115 102 is eating
9115 22 is thinking
9115 22 has taken a fork
9115 22 has taken a fork
9115 22 is eating
9115 79 is sleeping
9115 176 is thinking
9115 176 has taken a fork
9115 176 has taken a fork
9115 176 is eating
9115 127 is sleeping
9115 131 is sleeping
9115 137 is sleeping
9115 81 is sleeping
9115 92 is thinking
9115 92 has taken a fork
9115 92 has taken a fork
9115 92 is eating
9115 20 is thinking
9115 20 has taken a fork
9115 20 has taken a fork
9115 20 is eating
9115 48 is thinking
9115 48 has taken a fork
9115 48 has taken a fork
9115 48 is eating
9115 166 is thinking
9115 166 has taken a fork
9115 166 has taken a fork
9115 166 is eating
9115 51 is sleeping
9115 42 is thinking
9115 42 has taken a fork
9115 42 has taken a fork
9115 42 is eating
9115 8 is thinking
9115 67 is sleeping
9116 69 is sleeping
9116 30 is thinking
9116 30 has taken a fork
9116 30 has taken a fork
9116 30 is eating
9116 8 has taken a fork
9116 8 has taken a fork
9116 8 is eating
9116 130 is thinking
9116 130 has taken a fork
9116 130 has taken a fork
9116 130 is eating
9116 179 is sleeping
9116 13 is sleeping
9116 132 is thinking
9116 132 has taken a fork
9116 132 has taken a fork
9116 132 is eating
9116 114 has taken a fork
9116 114 has taken a fork
9116 114 is eating
9116 188 is thinking
9116 188 has taken a fork
9116 188 has taken a fork
9116 188 is eating
9116 87 is sleeping
9116 181 is sleeping
9116 182 has taken a fork
9116 182 has taken a fork
9116 182 is eating
9116 187 is sleeping
9116 108 is thinking
9116 144 is thinking
9116 144 has taken a fork
9116 144 has taken a fork
9116 144 is eating
9117 110 has taken a fork
9117 110 has taken a fork
9117 110 is eating
9117 54 is thinking
9117 54 has taken a fork
9117 54 has taken a fork
9117 54 is eating
9117 108 has taken a fork
9117 108 has taken a fork
9117 108 is eating
9117 125 is sleeping
9117 159 is sleeping
9117 77 is sleeping
9119 152 is thinking
9119 152 has taken a fork
9119 152 has taken a fork
9119 152 is eating
9119 80 is thinking
9119 80 has taken a fork
9119 80 has taken a fork
9119 80 is eating
9120 164 is thinking
9120 164 has taken a fork
9120 164 has taken a fork
9120 164 is eating
9120 40 is thinking
9120 40 has taken a fork
9120 40 has taken a fork
9120 40 is eating
9121 88 is thinking
9121 88 has taken a fork
9121 88 has taken a fork
9121 88 is eating
9121 74 is thinking
9121 74 has taken a fork
9121 74 has taken a fork
9121 74 is eating
9121 128 is thinking
9121 128 has taken a fork
9121 128 has taken a fork
9121 128 is eating
9121 104 is thinking
9121 104 has taken a fork
9121 104 has taken a fork
9121 104 is eating
9121 58 is thinking
9121 58 has taken a fork
9121 58 has taken a fork
9121 58 is eating
9121 10 is thinking
9121 10 has taken a fork
9121 10 has taken a fork
9121 10 is eating
9121 116 is thinking
9121 116 has taken a fork
9121 116 has taken a fork
9121 116 is eating
9121 124 is thinking
9121 124 has taken a fork
9121 124 has taken a fork
9121 124 is eating
9121 82 is thinking
9121 82 has taken a fork
9121 82 has taken a fork
9121 82 is eating
9121 170 is thinking
9121 170 has taken a fork
9121 170 has taken a fork
9121 170 is eating
9121 90 is thinking
9121 90 has taken a fork
9121 90 has taken a fork
9121 90 is eating
9121 72 is thinking
9121 72 has taken a fork
9121 72 has taken a fork
9121 72 is eating
9122 14 is thinking
9122 14 has taken a fork
9122 14 has taken a fork
9122 14 is eating
9122 18 is thinking
9122 18 has taken a fork
9122 18 has taken a fork
9122 18 is eating
9122 192 is thinking
9122 192 has taken a fork
9122 192 has taken a fork
9122 192 is eating
9122 70 is thinking
9122 70 has taken a fork
9122 70 has taken a fork
9122 70 is eating
9122 68 is thinking
9122 68 has taken a fork
9122 68 has taken a fork
9122 68 is eating
9122 136 is thinking
9122 136 has taken a fork
9122 136 has taken a fork
9122 136 is eating
9122 86 is thinking
9122 86 has taken a fork
9122 86 has taken a fork
9122 86 is eating
9122 190 is thinking
9122 190 has taken a fork
9122 190 has taken a fork
9122 190 is eating
9127 196 is thinking
9127 196 has taken a fork
9127 196 has taken a fork
9127 196 is eating
9127 52 is thinking
9127 52 has taken a fork
9127 52 has taken a fork
9127 52 is eating
9128 16 is thinking
9128 16 has taken a fork
9128 16 has taken a fork
9128 16 is eating
9128 118 is thinking
9128 118 has taken a fork
9128 118 has taken a fork
9128 118 is eating
9128 134 is thinking
9128 134 has taken a fork
9128 134 has taken a fork
9128 134 is eating
9128 186 is thinking
9128 186 has taken a fork
9128 186 has taken a fork
9128 186 is eating
9128 12 is thinking
9128 12 has taken a fork
9128 12 has taken a fork
9128 12 is eating
9129 178 is thinking
9129 178 has taken a fork
9129 178 has taken a fork
9129 178 is eating
9129 98 is thinking
9129 98 has taken a fork
9129 98 has taken a fork
9129 98 is eating
9129 158 is thinking
9129 180 is thinking
9129 198 is thinking
9129 198 has taken a fork
9129 198 has taken a fork
9129 198 is eating
9129 180 has taken a fork
9129 180 has taken a fork
9129 180 is eating
9129 120 is thinking
9129 120 has taken a fork
9129 120 has taken a fork
9129 120 is eating
9129 126 is thinking
9129 126 has taken a fork
9129 126 has taken a fork
9129 126 is eating
9129 158 has taken a fork
9129 158 has taken a fork
9129 158 is eating
9129 56 is thinking
9129 56 has taken a fork
9129 56 has taken a fork
9129 56 is eating
9129 168 is thinking
9129 168 has taken a fork
9129 168 has taken a fork
9129 168 is eating
9130 94 is thinking
9130 94 has taken a fork
9130 94 has taken a fork
9130 94 is eating
9130 76 is thinking
9130 76 has taken a fork
9130 76 has taken a fork
9130 76 is eating
9130 150 is thinking
9130 150 has taken a fork
9130 150 has taken a fork
9130 150 is eating
9130 78 is thinking
9130 78 has taken a fork
9130 78 has taken a fork
9130 78 is eating
9131 138 is thinking
9131 138 has taken a fork
9131 138 has taken a fork
9131 138 is eating
9133 160 is thinking
9133 160 has taken a fork
9133 160 has taken a fork
9133 160 is eating
9133 66 is thinking
9133 66 has taken a fork
9133 66 has taken a fork
9133 66 is eating
9134 50 is thinking
9134 50 has taken a fork
9134 50 has taken a fork
9134 50 is eating
9134 100 is thinking
9134 100 has taken a fork
9134 100 has taken a fork
9134 100 is eating
9135 156 is thinking
9135 156 has taken a fork
9135 156 has taken a fork
9135 156 is eating
9208 34 is sleeping
9208 172 is sleeping
9209 28 is sleeping
9209 142 is sleeping
9209 122 is sleeping
9209 26 is sleeping
9210 174 is sleeping
9211 24 is sleeping
9211 184 is sleeping
9211 106 is sleeping
9211 4 is sleeping
9211 60 is sleeping
9211 44 is sleeping
9211 64 is sleeping
9213 112 is sleeping
9213 140 is sleeping
9213 2 is sleeping
9213 162 is sleeping
9213 96 is sleeping
9213 146 is sleeping
9213 84 is sleeping
9213 38 is sleeping
9213 200 is sleeping
9213 36 is sleeping
9213 194 is sleeping
9214 46 is sleeping
9214 154 is sleeping
9214 62 is sleeping
9214 32 is sleeping
9214 6 is sleeping
9215 102 is sleeping
9215 176 is sleeping
9215 42 is sleeping
9215 22 is sleeping
9215 148 is sleeping
9215 92 is sleeping
9215 182 is sleeping
9215 166 is sleeping
9215 20 is sleeping
9216 114 is sleeping
9216 130 is sleeping
9216 132 is sleeping
9216 110 is sleeping
9216 144 is sleeping
9216 188 is sleeping
9216 48 is sleeping
9216 8 is sleeping
9216 30 is sleeping
9217 54 is sleeping
9217 108 is sleeping
9219 80 is sleeping
9220 40 is sleeping
9221 10 is sleeping
9221 124 is sleeping
9221 104 is sleeping
9221 58 is sleeping
9221 116 is sleeping
9221 170 is sleeping
9221 72 is sleeping
9221 82 is sleeping
9221 90 is sleeping
9221 88 is sleeping
9221 74 is sleeping
9221 128 is sleeping
9221 152 is sleeping
9221 164 is sleeping
9222 190 is sleeping
9222 86 is sleeping
9222 136 is sleeping
9222 68 is sleeping
9222 18 is sleeping
9222 192 is sleeping
9222 70 is sleeping
9222 14 is sleeping
9227 196 is sleeping
9227 52 is sleeping
9228 134 is sleeping
9228 186 is sleeping
9228 118 is sleeping
9228 12 is sleeping
9228 16 is sleeping
9229 120 is sleeping
9229 158 is sleeping
9229 180 is sleeping
9229 198 is sleeping
9229 168 is sleeping
9229 56 is sleeping
9229 126 is sleeping
9229 98 is sleeping
9229 178 is sleeping
9230 94 is sleeping
9230 78 is sleeping
9230 76 is sleeping
9230 150 is sleeping
9231 138 is sleeping
9233 66 is sleeping
9233 160 is sleeping
9234 100 is sleeping
9234 50 is sleeping
9235 156 is sleeping
9300 73 is thinking
9300 73 has taken a fork
9300 73 has taken a fork
9300 73 is eating
9301 111 is thinking
9301 111 has taken a fork
9301 111 has taken a fork
9301 111 is eating
9301 7 is thinking
9301 7 has taken a fork
9301 7 has taken a fork
9301 7 is eating
9301 65 is thinking
9301 65 has taken a fork
9301 65 has taken a fork
9301 65 is eating
9301 175 is thinking
9301 175 has taken a fork
9301 175 has taken a fork
9301 175 is eating
9301 123 is thinking
9301 123 has taken a fork
9301 123 has taken a fork
9301 123 is eating
9302 107 is thinking
9302 107 has taken a fork
9302 107 has taken a fork
9302 107 is eating
9302 129 is thinking
9302 129 has taken a fork
9302 129 has taken a fork
9302 129 is eating
9302 141 is thinking
9302 141 has taken a fork
9302 141 has taken a fork
9302 141 is eating
9302 121 is thinking
9302 121 has taken a fork
9302 121 has taken a fork
9302 121 is eating
9302 43 is thinking
9302 43 has taken a fork
9302 43 has taken a fork
9302 43 is eating
9303 189 is thinking
9303 189 has taken a fork
9303 189 has taken a fork
9303 189 is eating
9303 27 is thinking
9303 27 has taken a fork
9303 27 has taken a fork
9303 27 is eating
9303 35 is thinking
9303 35 has taken a fork
9303 35 has taken a fork
9303 35 is eating
9303 173 is thinking
9303 173 has taken a fork
9303 173 has taken a fork
9303 173 is eating
9304 41 is thinking
9304 41 has taken a fork
9304 41 has taken a fork
9304 41 is eating
9305 105 is thinking
9305 105 has taken a fork
9305 105 has taken a fork
9305 105 is eating
9305 97 is thinking
9305 97 has taken a fork
9305 97 has taken a fork
9305 97 is eating
9305 147 is thinking
9305 147 has taken a fork
9305 147 has taken a fork
9305 147 is eating
9305 149 is thinking
9305 149 has taken a fork
9305 149 has taken a fork
9305 149 is eating
9305 177 is thinking
9305 177 has taken a fork
9305 177 has taken a fork
9305 177 is eating
9305 185 is thinking
9305 185 has taken a fork
9305 185 has taken a fork
9305 185 is eating
9305 87 is thinking
9305 87 has taken a fork
9305 87 has taken a fork
9305 87 is eating
9305 117 is thinking
9305 117 has taken a fork
9305 117 has taken a fork
9305 117 is eating
9305 63 is thinking
9305 63 has taken a fork
9305 63 has taken a fork
9305 63 is eating
9305 55 is thinking
9305 55 has taken a fork
9305 55 has taken a fork
9305 55 is eating
9305 171 is thinking
9305 171 has taken a fork
9305 171 has taken a fork
9305 171 is eating
9306 59 is thinking
9306 59 has taken a fork
9306 59 has taken a fork
9306 59 is eating
9306 85 is thinking
9306 85 has taken a fork
9306 85 has taken a fork
9306 85 is eating
9306 197 is thinking
9306 197 has taken a fork
9306 197 has taken a fork
9306 197 is eating
9306 103 is thinking
9306 103 has taken a fork
9306 103 has taken a fork
9306 103 is eating
9307 163 is thinking
9307 163 has taken a fork
9307 163 has taken a fork
9307 163 is eating
9307 89 is thinking
9307 89 has taken a fork
9307 89 has taken a fork
9307 89 is eating
9307 95 is thinking
9307 95 has taken a fork
9307 95 has taken a fork
9307 95 is eating
9307 133 is thinking
9307 133 has taken a fork
9307 133 has taken a fork
9307 133 is eating
9307 9 is thinking
9307 9 has taken a fork
9307 9 has taken a fork
9307 9 is eating
9307 181 is thinking
9307 181 has taken a fork
9307 181 has taken a fork
9307 181 is eating
9308 33 is thinking
9308 33 has taken a fork
9308 33 has taken a fork
9308 33 is eating
9308 93 is thinking
9308 93 has taken a fork
9308 93 has taken a fork
9308 93 is eating
9309 49 is thinking
9309 49 has taken a fork
9309 49 has taken a fork
9309 49 is eating
9309 193 is thinking
9309 193 has taken a fork
9309 193 has taken a fork
9309 193 is eating
9309 19 is thinking
9309 19 has taken a fork
9309 19 has taken a fork
9309 19 is eating
9309 31 is thinking
9309 31 has taken a fork
9309 31 has taken a fork
9309 31 is eating
9309 139 is thinking
9309 139 has taken a fork
9309 139 has taken a fork
9309 139 is eating
9309 167 is thinking
9309 167 has taken a fork
9309 167 has taken a fork
9309 167 is eating
9309 45 is thinking
9309 115 is thinking
9309 165 is thinking
9309 29 is thinking
9309 17 is thinking
9309 17 has taken a fork
9309 17 has taken a fork
9309 17 is eating
9309 1 is thinking
9309 1 has taken a fork
9309 1 has taken a fork
9309 1 is eating
9309 199 is thinking
9309 83 is thinking
9309 83 has taken a fork
9309 83 has taken a fork
9309 83 is eating
9309 143 is thinking
9309 143 has taken a fork
9309 143 has taken a fork
9309 143 is eating
9309 155 is thinking
9309 155 has taken a fork
9309 155 has taken a fork
9309 155 is eating
9309 115 has taken a fork
9309 115 has taken a fork
9309 115 is eating
9309 165 has taken a fork
9309 165 has taken a fork
9309 165 is eating
9309 53 is thinking
9309 53 has taken a fork
9309 53 has taken a fork
9309 53 is eating
9309 199 has taken a fork
9309 199 has taken a fork
9309 199 is eating
9309 29 has taken a fork
9309 29 has taken a fork
9309 29 is eating
9309 195 is thinking
9309 195 has taken a fork
9309 195 has taken a fork
9309 195 is eating
9309 3 is thinking
9309 3 has taken a fork
9309 3 has taken a fork
9309 3 is eating
9309 25 is thinking
9309 25 has taken a fork
9309 25 has taken a fork
9309 25 is eating
9309 183 is thinking
9309 183 has taken a fork
9309 183 has taken a fork
9309 183 is eating
9309 91 is thinking
9310 91 has taken a fork
9310 91 has taken a fork
9310 91 is eating
9310 13 is thinking
9310 13 has taken a fork
9310 13 has taken a fork
9310 13 is eating
9310 157 is thinking
9310 157 has taken a fork
9310 157 has taken a fork
9310 157 is eating
9310 45 has taken a fork
9310 45 has taken a fork
9310 45 is eating
9310 39 is thinking
9310 39 has taken a fork
9310 39 has taken a fork
9310 39 is eating
9310 135 is thinking
9310 135 has taken a fork
9310 135 has taken a fork
9310 135 is eating
9310 23 is thinking
9310 23 has taken a fork
9310 23 has taken a fork
9310 23 is eating
9310 5 is thinking
9310 5 has taken a fork
9310 5 has taken a fork
9310 5 is eating
9310 37 is thinking
9310 37 has taken a fork
9310 37 has taken a fork
9310 37 is eating
9310 179 is thinking
9310 179 has taken a fork
9310 179 has taken a fork
9310 179 is eating
9310 101 is thinking
9310 101 has taken a fork
9310 101 has taken a fork
9310 101 is eating
9310 15 is thinking
9310 15 has taken a fork
9310 15 has taken a fork
9310 15 is eating
9310 113 is thinking
9310 113 has taken a fork
9310 113 has taken a fork
9310 113 is eating
9311 161 is thinking
9311 161 has taken a fork
9311 161 has taken a fork
9311 161 is eating
9311 125 is thinking
9311 125 has taken a fork
9311 125 has taken a fork
9311 125 is eating
9311 131 is thinking
9311 131 has taken a fork
9311 131 has taken a fork
9311 131 is eating
9311 153 is thinking
9311 153 has taken a fork
9311 153 has taken a fork
9311 153 is eating
9311 47 is thinking
9311 47 has taken a fork
9311 47 has taken a fork
9311 47 is eating
9311 145 is thinking
9311 145 has taken a fork
9311 145 has taken a fork
9311 145 is eating
9311 57 is thinking
9311 57 has taken a fork
9311 57 has taken a fork
9311 57 is eating
9311 51 is thinking
9311 51 has taken a fork
9311 51 has taken a fork
9311 51 is eating
9311 61 is thinking
9311 61 has taken a fork
9311 61 has taken a fork
9311 61 is eating
9311 71 is thinking
9311 71 has taken a fork
9311 71 has taken a fork
9311 71 is eating
9311 109 is thinking
9311 109 has taken a fork
9311 109 has taken a fork
9311 109 is eating
9312 81 is thinking
9312 81 has taken a fork
9312 81 has taken a fork
9312 81 is eating
9312 187 is thinking
9312 187 has taken a fork
9312 187 has taken a fork
9312 187 is eating
9313 75 is thinking
9313 75 has taken a fork
9313 75 has taken a fork
9313 75 is eating
9313 21 is thinking
9313 21 has taken a fork
9313 21 has taken a fork
9313 21 is eating
9313 69 is thinking
9313 69 has taken a fork
9313 69 has taken a fork
9313 69 is eating
9313 11 is thinking
9313 11 has taken a fork
9313 11 has taken a fork
9313 11 is eating
9313 191 is thinking
9313 191 has taken a fork
9313 191 has taken a fork
9313 191 is eating
9313 169 is thinking
9313 169 has taken a fork
9313 169 has taken a fork
9313 169 is eating
9314 119 is thinking
9314 119 has taken a fork
9314 119 has taken a fork
9314 119 is eating
9314 151 is thinking
9314 151 has taken a fork
9314 151 has taken a fork
9314 151 is eating
9314 127 is thinking
9314 127 has taken a fork
9314 127 has taken a fork
9314 127 is eating
9314 67 is thinking
9314 67 has taken a fork
9314 67 has taken a fork
9314 67 is eating
9314 99 is thinking
9314 99 has taken a fork
9314 99 has taken a fork
9314 99 is eating
9314 79 is thinking
9314 79 has taken a fork
9314 79 has taken a fork
9314 79 is eating
9315 137 is thinking
9315 137 has taken a fork
9315 137 has taken a fork
9315 137 is eating
9317 77 is thinking
9317 77 has taken a fork
9317 77 has taken a fork
9317 77 is eating
9317 159 is thinking
9317 159 has taken a fork
9317 159 has taken a fork
9317 159 is eating
9400 73 is sleeping
9401 175 is sleeping
9401 123 is sleeping
9401 7 is sleeping
9401 65 is sleeping
9401 111 is sleeping
9402 121 is sleeping
9402 129 is sleeping
9402 141 is sleeping
9402 107 is sleeping
9402 43 is sleeping
9403 27 is sleeping
9403 189 is sleeping
9403 35 is sleeping
9403 173 is sleeping
9404 41 is sleeping
9405 117 is sleeping
9405 171 is sleeping
9405 63 is sleeping
9405 147 is sleeping
9405 97 is sleeping
9405 185 is sleeping
9405 105 is sleeping
9405 55 is sleeping
9405 87 is sleeping
9405 149 is sleeping
9406 197 is sleeping
9406 85 is sleeping
9406 177 is sleeping
9406 59 is sleeping
9406 103 is sleeping
9407 95 is sleeping
9407 163 is sleeping
9407 133 is sleeping
9407 89 is sleeping
9407 181 is sleeping
9407 9 is sleeping
9408 33 is sleeping
9408 34 is thinking
9408 34 has taken a fork
9408 34 has taken a fork
9408 34 is eating
9408 172 is thinking
9408 172 has taken a fork
9408 172 has taken a fork
9408 172 is eating
9408 93 is sleeping
9409 28 is thinking
9409 31 is sleeping
9409 142 is thinking
9409 155 is sleeping
9409 25 is sleeping
9409 26 is thinking
9409 26 has taken a fork
9409 26 has taken a fork
9409 26 is eating
9409 193 is sleeping
9409 49 is sleeping
9409 142 has taken a fork
9409 142 has taken a fork
9409 142 is eating
9409 167 is sleeping
9409 143 is sleeping
9409 115 is sleeping
9409 195 is sleeping
9409 3 is sleeping
9409 19 is sleeping
9409 28 has taken a fork
9409 28 has taken a fork
9409 28 is eating
9409 165 is sleeping
9409 139 is sleeping
9410 199 is sleeping
9410 83 is sleeping
9410 91 is sleeping
9410 135 is sleeping
9410 157 is sleeping
9410 39 is sleeping
9410 23 is sleeping
9410 174 is thinking
9410 174 has taken a fork
9410 174 has taken a fork
9410 174 is eating
9410 5 is sleeping
9410 122 is thinking
9410 122 has taken a fork
9410 122 has taken a fork
9410 122 is eating
9410 45 is sleeping
9410 13 is sleeping
9410 37 is sleeping
9410 183 is sleeping
9410 113 is sleeping
9410 179 is sleeping
9410 101 is sleeping
9410 1 is sleeping
9410 53 is sleeping
9410 17 is sleeping
9410 29 is sleeping
9410 15 is sleeping
9411 153 is sleeping
9411 125 is sleeping
9411 161 is sleeping
9411 4 is thinking
9411 4 has taken a fork
9411 4 has taken a fork
9411 4 is eating
9411 146 is thinking
9411 145 is sleeping
9411 24 is thinking
9411 24 has taken a fork
9411 24 has taken a fork
9411 24 is eating
9411 131 is sleeping
9411 44 is thinking
9411 44 has taken a fork
9411 44 has taken a fork
9411 44 is eating
9411 184 is thinking
9411 184 has taken a fork
9411 184 has taken a fork
9411 184 is eating
9411 106 is thinking
9411 106 has taken a fork
9411 106 has taken a fork
9411 106 is eating
9411 60 is thinking
9411 60 has taken a fork
9411 60 has taken a fork
9411 60 is eating
9411 47 is sleeping
9411 146 has taken a fork
9411 146 has taken a fork
9411 146 is eating
9411 71 is sleeping
9411 57 is sleeping
9411 51 is sleeping
9411 109 is sleeping
9412 64 is thinking
9412 64 has taken a fork
9412 64 has taken a fork
9412 64 is eating
9412 81 is sleeping
9412 187 is sleeping
9412 61 is sleeping
9413 96 is thinking
9413 96 has taken a fork
9413 96 has taken a fork
9413 96 is eating
9413 36 is thinking
9413 69 is sleeping
9413 36 has taken a fork
9413 36 has taken a fork
9413 36 is eating
9413 162 is thinking
9413 38 is thinking
9413 38 has taken a fork
9413 38 has taken a fork
9413 38 is eating
9413 2 is thinking
9413 2 has taken a fork
9413 2 has taken a fork
9413 2 is eating
9413 182 is thinking
9413 182 has taken a fork
9413 182 has taken a fork
9413 182 is eating
9413 84 is thinking
9413 84 has taken a fork
9413 84 has taken a fork
9413 84 is eating
9413 75 is sleeping
9413 21 is sleeping
9413 194 is thinking
9413 194 has taken a fork
9413 194 has taken a fork
9413 194 is eating
9413 140 is thinking
9413 140 has taken a fork
9413 140 has taken a fork
9413 140 is eating
9413 11 is sleeping
9413 112 is thinking
9413 112 has taken a fork
9413 112 has taken a fork
9413 112 is eating
9413 162 has taken a fork
9413 162 has taken a fork
9413 162 is eating
9413 6 is thinking
9413 6 has taken a fork
9413 6 has taken a fork
9413 6 is eating
9413 46 is thinking
9413 46 has taken a fork
9413 46 has taken a fork
9413 46 is eating
9414 79 is sleeping
9414 191 is sleeping
9414 127 is sleeping
9414 169 is sleeping
9414 67 is sleeping
9414 32 is thinking
9414 32 has taken a fork
9414 32 has taken a fork
9414 32 is eating
9414 119 is sleeping
9414 200 is thinking
9414 200 has taken a fork
9414 200 has taken a fork
9414 200 is eating
9414 110 is thinking
9414 110 has taken a fork
9414 110 has taken a fork
9414 110 is eating
9414 154 is thinking
9414 154 has taken a fork
9414 154 has taken a fork
9414 154 is eating
9414 151 is sleeping
9414 99 is sleeping
9414 62 is thinking
9414 62 has taken a fork
9414 62 has taken a fork
9414 62 is eating
9415 166 is thinking
9415 166 has taken a fork
9415 166 has taken a fork
9415 166 is eating
9415 42 is thinking
9415 42 has taken a fork
9415 42 has taken a fork
9415 42 is eating
9415 102 is thinking
9415 102 has taken a fork
9415 102 has taken a fork
9415 102 is eating
9415 48 is thinking
9415 48 has taken a fork
9415 48 has taken a fork
9415 48 is eating
9415 148 is thinking
9415 137 is sleeping
9415 22 is thinking
9415 22 has taken a fork
9415 22 has taken a fork
9415 22 is eating
9415 8 is thinking
9415 8 has taken a fork
9415 8 has taken a fork
9415 8 is eating
9415 92 is thinking
9415 92 has taken a fork
9415 92 has taken a fork
9415 92 is eating
9415 114 is thinking
9415 114 has taken a fork
9415 114 has taken a fork
9415 114 is eating
9416 108 is thinking
9416 108 has taken a fork
9416 108 has taken a fork
9416 108 is eating
9416 132 is thinking
9416 132 has taken a fork
9416 132 has taken a fork
9416 132 is eating
9416 144 is thinking
9416 144 has taken a fork
9416 144 has taken a fork
9416 144 is eating
9416 30 is thinking
9416 30 has taken a fork
9416 30 has taken a fork
9416 30 is eating
9416 176 is thinking
9416 176 has taken a fork
9416 176 has taken a fork
9416 176 is eating
9416 20 is thinking
9416 20 has taken a fork
9416 20 has taken a fork
9416 20 is eating
9416 130 is thinking
9416 130 has taken a fork
9416 130 has taken a fork
9416 130 is eating
9416 188 is thinking
9416 188 has taken a fork
9416 188 has taken a fork
9416 188 is eating
9416 148 has taken a fork
9416 148 has taken a fork
9416 148 is eating
9417 54 is thinking
9417 54 has taken a fork
9417 54 has taken a fork
9417 54 is eating
9417 159 is sleeping
9417 77 is sleeping
9420 40 is thinking
9420 40 has taken a fork
9420 40 has taken a fork
9420 40 is eating
9420 164 is thinking
9420 164 has taken a fork
9420 164 has taken a fork
9420 164 is eating
9420 80 is thinking
9420 80 has taken a fork
9420 80 has taken a fork
9420 80 is eating
9420 152 is thinking
9420 152 has taken a fork
9420 152 has taken a fork
9420 152 is eating
9421 88 is thinking
9421 88 has taken a fork
9421 88 has taken a fork
9421 88 is eating
9421 170 is thinking
9421 170 has taken a fork
9421 170 has taken a fork
9421 170 is eating
9421 74 is thinking
9421 74 has taken a fork
9421 74 has taken a fork
9421 74 is eating
9421 128 is thinking
9421 128 has taken a fork
9421 128 has taken a fork
9421 128 is eating
9421 58 is thinking
9421 58 has taken a fork
9421 58 has taken a fork
9421 58 is eating
9421 72 is thinking
9421 72 has taken a fork
9421 72 has taken a fork
9421 72 is eating
9421 90 is thinking
9421 90 has taken a fork
9421 90 has taken a fork
9421 90 is eating
9421 10 is thinking
9421 10 has taken a fork
9421 10 has taken a fork
9421 10 is eating
9421 116 is thinking
9421 116 has taken a fork
9421 116 has taken a fork
9421 116 is eating
9421 104 is thinking
9421 104 has taken a fork
9421 104 has taken a fork
9421 104 is eating
9421 82 is thinking
9421 82 has taken a fork
9421 82 has taken a fork
9421 82 is eating
9421 124 is thinking
9421 124 has taken a fork
9421 124 has taken a fork
9421 124 is eating
9422 86 is thinking
9422 86 has taken a fork
9422 86 has taken a fork
9422 86 is eating
9422 136 is thinking
9422 136 has taken a fork
9422 136 has taken a fork
9422 136 is eating
9422 68 is thinking
9422 68 has taken a fork
9422 68 has taken a fork
9422 68 is eating
9422 14 is thinking
9422 14 has taken a fork
9422 14 has taken a fork
9422 14 is eating
9422 70 is thinking
9422 70 has taken a fork
9422 70 has taken a fork
9422 70 is eating
9422 192 is thinking
9422 192 has taken a fork
9422 192 has taken a fork
9422 192 is eating
9422 18 is thinking
9422 18 has taken a fork
9422 18 has taken a fork
9422 18 is eating
9422 190 is thinking
9422 190 has taken a fork
9422 190 has taken a fork
9422 190 is eating
9427 196 is thinking
9427 196 has taken a fork
9427 196 has taken a fork
9427 196 is eating
9427 52 is thinking
9427 52 has taken a fork
9427 52 has taken a fork
9427 52 is eating
9428 186 is thinking
9428 186 has taken a fork
9428 186 has taken a fork
9428 186 is eating
9428 134 is thinking
9428 134 has taken a fork
9428 134 has taken a fork
9428 134 is eating
9428 118 is thinking
9428 118 has taken a fork
9428 118 has taken a fork
9428 118 is eating
9428 12 is thinking
9428 12 has taken a fork
9428 12 has taken a fork
9428 12 is eating
9428 16 is thinking
9428 16 has taken a fork
9428 16 has taken a fork
9428 16 is eating
9429 126 is thinking
9429 126 has taken a fork
9429 126 has taken a fork
9429 126 is eating
9429 56 is thinking
9429 56 has taken a fork
9429 56 has taken a fork
9429 56 is eating
9429 168 is thinking
9429 168 has taken a fork
9429 168 has taken a fork
9429 168 is eating
9430 150 is thinking
9430 150 has taken a fork
9430 150 has taken a fork
9430 150 is eating
9430 98 is thinking
9430 98 has taken a fork
9430 98 has taken a fork
9430 98 is eating
9430 120 is thinking
9430 120 has taken a fork
9430 120 has taken a fork
9430 120 is eating
9430 198 is thinking
9430 198 has taken a fork
9430 198 has taken a fork
9430 198 is eating
9430 180 is thinking
9430 180 has taken a fork
9430 180 has taken a fork
9430 180 is eating
9430 158 is thinking
9430 158 has taken a fork
9430 158 has taken a fork
9430 158 is eating
9430 76 is thinking
9430 76 has taken a fork
9430 76 has taken a fork
9430 76 is eating
9430 178 is thinking
9430 178 has taken a fork
9430 178 has taken a fork
9430 178 is eating
9430 94 is thinking
9430 94 has taken a fork
9430 94 has taken a fork
9430 94 is eating
9431 78 is thinking
9431 78 has taken a fork
9431 78 has taken a fork
9431 78 is eating
9431 138 is thinking
9431 138 has taken a fork
9431 138 has taken a fork
9431 138 is eating
9433 66 is thinking
9433 66 has taken a fork
9433 66 has taken a fork
9433 66 is eating
9433 160 is thinking
9433 160 has taken a fork
9433 160 has taken a fork
9433 160 is eating
9434 50 is thinking
9434 50 has taken a fork
9434 50 has taken a fork
9434 50 is eating
9434 100 is thinking
9434 100 has taken a fork
9434 100 has taken a fork
9434 100 is eating
9435 156 is thinking
9435 156 has taken a fork
9435 156 has taken a fork
9435 156 is eating
9508 172 is sleeping
9508 34 is sleeping
9509 28 is sleeping
9509 26 is sleeping
9509 142 is sleeping
9510 122 is sleeping
9510 174 is sleeping
9511 106 is sleeping
9511 4 is sleeping
9511 44 is sleeping
9511 184 is sleeping
9511 60 is sleeping
9511 146 is sleeping
9511 24 is sleeping
9512 64 is sleeping
9513 46 is sleeping
9513 36 is sleeping
9513 6 is sleeping
9513 96 is sleeping
9513 182 is sleeping
9513 2 is sleeping
9513 38 is sleeping
9513 84 is sleeping
9513 112 is sleeping
9513 140 is sleeping
9513 194 is sleeping
9513 162 is sleeping
9514 62 is sleeping
9514 154 is sleeping
9514 32 is sleeping
9514 200 is sleeping
9514 110 is sleeping
9515 8 is sleeping
9515 114 is sleeping
9515 92 is sleeping
9515 166 is sleeping
9515 48 is sleeping
9515 22 is sleeping
9515 102 is sleeping
9515 42 is sleeping
9516 148 is sleeping
9516 144 is sleeping
9516 108 is sleeping
9516 176 is sleeping
9516 30 is sleeping
9516 130 is sleeping
9516 188 is sleeping
9516 20 is sleeping
9516 132 is sleeping
9517 54 is sleeping
9520 40 is sleeping
9520 80 is sleeping
9520 164 is sleeping
9520 152 is sleeping
9521 116 is sleeping
9521 104 is sleeping
9521 58 is sleeping
9521 10 is sleeping
9521 124 is sleeping
9521 82 is sleeping
9521 88 is sleeping
9521 90 is sleeping
9521 74 is sleeping
9521 72 is sleeping
9521 170 is sleeping
9521 128 is sleeping
9522 192 is sleeping
9522 190 is sleeping
9522 70 is sleeping
9522 136 is sleeping
9522 86 is sleeping
9522 18 is sleeping
9523 68 is sleeping
9523 14 is sleeping
9527 52 is sleeping
9527 196 is sleeping
9528 186 is sleeping
9528 134 is sleeping
9528 12 is sleeping
9528 118 is sleeping
9528 16 is sleeping
9529 126 is sleeping
9529 168 is sleeping
9529 56 is sleeping
9530 98 is sleeping
9530 94 is sleeping
9530 198 is sleeping
9530 158 is sleeping
9530 76 is sleeping
9530 178 is sleeping
9530 120 is sleeping
9530 180 is sleeping
9530 150 is sleeping
9531 78 is sleeping
9531 138 is sleeping
9533 66 is sleeping
9533 160 is sleeping
9534 100 is sleeping
9534 50 is sleeping
9535 156 is sleeping
9600 73 is thinking
9600 73 has taken a fork
9600 73 has taken a fork
9600 73 is eating
9601 111 is thinking
9601 111 has taken a fork
9601 111 has taken a fork
9601 111 is eating
9601 65 is thinking
9601 65 has taken a fork
9601 65 has taken a fork
9601 65 is eating
9601 7 is thinking
9601 7 has taken a fork
9601 7 has taken a fork
9601 7 is eating
9601 123 is thinking
9601 123 has taken a fork
9601 123 has taken a fork
9601 123 is eating
9601 175 is thinking
9601 175 has taken a fork
9601 175 has taken a fork
9601 175 is eating
9602 129 is thinking
9602 129 has taken a fork
9602 129 has taken a fork
9602 129 is eating
9602 43 is thinking
9602 43 has taken a fork
9602 43 has taken a fork
9602 43 is eating
9602 107 is thinking
9602 107 has taken a fork
9602 107 has taken a fork
9602 107 is eating
9602 121 is thinking
9602 121 has taken a fork
9602 121 has taken a fork
9602 121 is eating
9602 141 is thinking
9602 141 has taken a fork
9602 141 has taken a fork
9602 141 is eating
9603 35 is thinking
9603 27 is thinking
9603 27 has taken a fork
9603 27 has taken a fork
9603 27 is eating
9603 35 has taken a fork
9603 35 has taken a fork
9603 35 is eating
9603 189 is thinking
9603 189 has taken a fork
9603 189 has taken a fork
9603 189 is eating
9603 173 is thinking
9603 173 has taken a fork
9603 173 has taken a fork
9603 173 is eating
9604 41 is thinking
9604 41 has taken a fork
9604 41 has taken a fork
9604 41 is eating
9605 177 is thinking
9605 177 has taken a fork
9605 177 has taken a fork
9605 177 is eating
9605 97 is thinking
9605 97 has taken a fork
9605 97 has taken a fork
9605 97 is eating
9605 55 is thinking
9605 55 has taken a fork
9605 55 has taken a fork
9605 55 is eating
9605 105 is thinking
9605 105 has taken a fork
9605 105 has taken a fork
9605 105 is eating
9605 147 is thinking
9605 87 is thinking
9605 87 has taken a fork
9605 87 has taken a fork
9605 87 is eating
9605 185 is thinking
9605 185 has taken a fork
9605 185 has taken a fork
9605 185 is eating
9605 147 has taken a fork
9605 147 has taken a fork
9605 147 is eating
9605 149 is thinking
9605 149 has taken a fork
9605 149 has taken a fork
9605 149 is eating
9605 63 is thinking
9605 63 has taken a fork
9605 63 has taken a fork
9605 63 is eating
9605 171 is thinking
9605 171 has taken a fork
9605 171 has taken a fork
9605 171 is eating
9605 117 is thinking
9605 117 has taken a fork
9605 117 has taken a fork
9605 117 is eating
9606 103 is thinking
9606 103 has taken a fork
9606 103 has taken a fork
9606 103 is eating
9606 59 is thinking
9606 59 has taken a fork
9606 59 has taken a fork
9606 59 is eating
9606 197 is thinking
9606 197 has taken a fork
9606 197 has taken a fork
9606 197 is eating
9606 85 is thinking
9606 85 has taken a fork
9606 85 has taken a fork
9606 85 is eating
9607 181 is thinking
9607 181 has taken a fork
9607 181 has taken a fork
9607 181 is eating
9607 133 is thinking
9607 133 has taken a fork
9607 133 has taken a fork
9607 133 is eating
9607 95 is thinking
9607 95 has taken a fork
9607 95 has taken a fork
9607 95 is eating
9607 163 is thinking
9607 163 has taken a fork
9607 163 has taken a fork
9607 163 is eating
9607 9 is thinking
9607 9 has taken a fork
9607 9 has taken a fork
9607 9 is eating
9607 89 is thinking
9607 89 has taken a fork
9607 89 has taken a fork
9607 89 is eating
9608 93 is thinking
9608 93 has taken a fork
9608 93 has taken a fork
9608 93 is eating
9608 33 is thinking
9608 33 has taken a fork
9608 33 has taken a fork
9608 33 is eating
9609 167 is thinking
9609 167 has taken a fork
9609 167 has taken a fork
9609 167 is eating
9609 19 is thinking
9609 19 has taken a fork
9609 19 has taken a fork
9609 19 is eating
9609 49 is thinking
9609 49 has taken a fork
9609 49 has taken a fork
9609 49 is eating
9609 183 is thinking
9609 29 is thinking
9609 29 has taken a fork
9609 29 has taken a fork
9609 29 is eating
9609 83 is thinking
9609 83 has taken a fork
9609 83 has taken a fork
9609 83 is eating
9609 193 is thinking
9609 115 is thinking
9609 115 has taken a fork
9609 115 has taken a fork
9609 115 is eating
9609 195 is thinking
9609 195 has taken a fork
9609 195 has taken a fork
9609 195 is eating
9609 155 is thinking
9609 155 has taken a fork
9609 155 has taken a fork
9609 155 is eating
9609 193 has taken a fork
9609 193 has taken a fork
9609 193 is eating
9609 25 is thinking
9609 45 is thinking
9609 45 has taken a fork
9609 45 has taken a fork
9609 45 is eating
9609 17 is thinking
9609 17 has taken a fork
9609 17 has taken a fork
9609 17 is eating
9609 53 is thinking
9609 53 has taken a fork
9609 53 has taken a fork
9609 53 is eating
9609 1 is thinking
9609 143 is thinking
9609 143 has taken a fork
9609 143 has taken a fork
9609 143 is eating
9609 183 has taken a fork
9609 183 has taken a fork
9609 183 is eating
9610 25 has taken a fork
9610 25 has taken a fork
9610 25 is eating
9610 37 is thinking
9610 37 has taken a fork
9610 37 has taken a fork
9610 37 is eating
9610 199 is thinking
9610 199 has taken a fork
9610 199 has taken a fork
9610 199 is eating
9610 15 is thinking
9610 15 has taken a fork
9610 15 has taken a fork
9610 15 is eating
9610 179 is thinking
9610 179 has taken a fork
9610 179 has taken a fork
9610 179 is eating
9610 157 is thinking
9610 157 has taken a fork
9610 157 has taken a fork
9610 157 is eating
9610 5 is thinking
9610 5 has taken a fork
9610 5 has taken a fork
9610 5 is eating
9610 39 is thinking
9610 39 has taken a fork
9610 39 has taken a fork
9610 39 is eating
9610 3 is thinking
9610 3 has taken a fork
9610 3 has taken a fork
9610 3 is eating
9610 31 is thinking
9610 101 is thinking
9610 101 has taken a fork
9610 101 has taken a fork
9610 101 is eating
9610 135 is thinking
9610 135 has taken a fork
9610 135 has taken a fork
9610 135 is eating
9610 91 is thinking
9610 91 has taken a fork
9610 91 has taken a fork
9610 91 is eating
9610 13 is thinking
9610 13 has taken a fork
9610 13 has taken a fork
9610 13 is eating
9610 1 has taken a fork
9610 1 has taken a fork
9610 1 is eating
9610 139 is thinking
9610 139 has taken a fork
9610 139 has taken a fork
9610 139 is eating
9611 125 is thinking
9611 125 has taken a fork
9611 125 has taken a fork
9611 125 is eating
9611 153 is thinking
9611 153 has taken a fork
9611 153 has taken a fork
9611 153 is eating
9611 161 is thinking
9611 161 has taken a fork
9611 161 has taken a fork
9611 161 is eating
9611 131 is thinking
9611 131 has taken a fork
9611 131 has taken a fork
9611 131 is eating
9611 145 is thinking
9611 145 has taken a fork
9611 145 has taken a fork
9611 145 is eating
9611 57 is thinking
9611 57 has taken a fork
9611 57 has taken a fork
9611 57 is eating
9611 51 is thinking
9611 51 has taken a fork
9611 51 has taken a fork
9611 51 is eating
9611 47 is thinking
9611 47 has taken a fork
9611 47 has taken a fork
9611 47 is eating
9611 23 is thinking
9611 23 has taken a fork
9611 23 has taken a fork
9611 23 is eating
9611 165 is thinking
9611 165 has taken a fork
9611 165 has taken a fork
9611 165 is eating
9611 113 is thinking
9611 113 has taken a fork
9611 113 has taken a fork
9611 113 is eating
9611 31 has taken a fork
9611 31 has taken a fork
9611 31 is eating
9611 61 is thinking
9611 109 is thinking
9611 61 has taken a fork
9611 61 has taken a fork
9611 61 is eating
9612 187 is thinking
9612 187 has taken a fork
9612 187 has taken a fork
9612 187 is eating
9612 71 is thinking
9612 71 has taken a fork
9612 71 has taken a fork
9612 71 is eating
9612 81 is thinking
9612 81 has taken a fork
9612 81 has taken a fork
9612 81 is eating
9612 109 has taken a fork
9612 109 has taken a fork
9612 109 is eating
9613 69 is thinking
9613 69 has taken a fork
9613 69 has taken a fork
9613 69 is eating
9613 11 is thinking
9613 11 has taken a fork
9613 11 has taken a fork
9613 11 is eating
9613 191 is thinking
9613 191 has taken a fork
9613 191 has taken a fork
9613 191 is eating
9613 169 is thinking
9613 169 has taken a fork
9613 169 has taken a fork
9613 169 is eating
9613 75 is thinking
9613 75 has taken a fork
9613 75 has taken a fork
9613 75 is eating
9613 21 is thinking
9613 21 has taken a fork
9613 21 has taken a fork
9613 21 is eating
9614 119 is thinking
9614 119 has taken a fork
9614 119 has taken a fork
9614 119 is eating
9614 67 is thinking
9614 67 has taken a fork
9614 67 has taken a fork
9614 67 is eating
9614 151 is thinking
9614 151 has taken a fork
9614 151 has taken a fork
9614 151 is eating
9614 79 is thinking
9614 79 has taken a fork
9614 79 has taken a fork
9614 79 is eating
9614 99 is thinking
9614 99 has taken a fork
9614 99 has taken a fork
9614 99 is eating
9614 127 is thinking
9614 127 has taken a fork
9614 127 has taken a fork
9614 127 is eating
9615 137 is thinking
9615 137 has taken a fork
9615 137 has taken a fork
9615 137 is eating
9617 77 is thinking
9617 77 has taken a fork
9617 77 has taken a fork
9617 77 is eating
9618 159 is thinking
9618 159 has taken a fork
9618 159 has taken a fork
9618 159 is eating
9700 73 is sleeping
9701 7 is sleeping
9701 123 is sleeping
9701 65 is sleeping
9701 111 is sleeping
9701 175 is sleeping
9702 121 is sleeping
9702 107 is sleeping
9702 43 is sleeping
9702 141 is sleeping
9702 129 is sleeping
9703 35 is sleeping
9703 189 is sleeping
9703 27 is sleeping
9703 173 is sleeping
9704 41 is sleeping
9705 149 is sleeping
9705 185 is sleeping
9705 63 is sleeping
9705 105 is sleeping
9705 87 is sleeping
9705 55 is sleeping
9705 117 is sleeping
9705 177 is sleeping
9705 147 is sleeping
9705 171 is sleeping
9705 97 is sleeping
9706 197 is sleeping
9706 103 is sleeping
9706 85 is sleeping
9706 59 is sleeping
9707 133 is sleeping
9707 181 is sleeping
9707 89 is sleeping
9707 95 is sleeping
9707 163 is sleeping
9707 9 is sleeping
9708 34 is thinking
9708 93 is sleeping
9708 33 is sleeping
9708 34 has taken a fork
9708 34 has taken a fork
9708 34 is eating
9708 172 is thinking
9708 172 has taken a fork
9708 172 has taken a fork
9708 172 is eating
9709 183 is sleeping
9709 193 is sleeping
9709 17 is sleeping
9709 167 is sleeping
9709 53 is sleeping
9709 29 is sleeping
9709 155 is sleeping
9709 45 is sleeping
9709 142 is thinking
9709 26 is thinking
9709 28 is thinking
9709 28 has taken a fork
9709 28 has taken a fork
9709 28 is eating
9709 143 is sleeping
9709 83 is sleeping
9709 49 is sleeping
9709 115 is sleeping
9709 19 is sleeping
9709 142 has taken a fork
9709 142 has taken a fork
9709 142 is eating
9709 195 is sleeping
9710 25 is sleeping
9710 157 is sleeping
9710 37 is sleeping
9710 199 is sleeping
9710 3 is sleeping
9710 26 has taken a fork
9710 26 has taken a fork
9710 26 is eating
9710 91 is sleeping
9710 135 is sleeping
9710 5 is sleeping
9710 122 is thinking
9710 122 has taken a fork
9710 122 has taken a fork
9710 122 is eating
9710 101 is sleeping
9710 1 is sleeping
9710 174 is thinking
9710 174 has taken a fork
9710 174 has taken a fork
9710 174 is eating
9710 13 is sleeping
9710 179 is sleeping
9710 39 is sleeping
9710 15 is sleeping
9711 24 is thinking
9711 113 is sleeping
9711 31 is sleeping
9711 184 is thinking
9711 184 has taken a fork
9711 184 has taken a fork
9711 184 is eating
9711 165 is sleeping
9711 23 is sleeping
9711 131 is sleeping
9711 161 is sleeping
9711 146 is thinking
9711 51 is sleeping
9711 24 has taken a fork
9711 24 has taken a fork
9711 24 is eating
9711 145 is sleeping
9711 153 is sleeping
9711 57 is sleeping
9711 146 has taken a fork
9711 146 has taken a fork
9711 146 is eating
9711 44 is thinking
9711 44 has taken a fork
9711 44 has taken a fork
9711 44 is eating
9711 139 is sleeping
9711 60 is thinking
9711 125 is sleeping
9712 71 is sleeping
9712 61 is sleeping
9712 109 is sleeping
9712 47 is sleeping
9712 4 is thinking
9712 4 has taken a fork
9712 4 has taken a fork
9712 4 is eating
9712 187 is sleeping
9712 81 is sleeping
9712 60 has taken a fork
9712 60 has taken a fork
9712 60 is eating
9712 64 is thinking
9712 64 has taken a fork
9712 64 has taken a fork
9712 64 is eating
9712 106 is thinking
9712 106 has taken a fork
9712 106 has taken a fork
9712 106 is eating
9713 11 is sleeping
9713 162 is thinking
9713 162 has taken a fork
9713 162 has taken a fork
9713 162 is eating
9713 21 is sleeping
9713 194 is thinking
9713 194 has taken a fork
9713 194 has taken a fork
9713 194 is eating
9713 69 is sleeping
9713 169 is sleeping
9713 84 is thinking
9713 84 has taken a fork
9713 84 has taken a fork
9713 84 is eating
9713 182 is thinking
9713 182 has taken a fork
9713 182 has taken a fork
9713 182 is eating
9713 36 is thinking
9713 36 has taken a fork
9713 36 has taken a fork
9713 36 is eating
9713 112 is thinking
9713 112 has taken a fork
9713 112 has taken a fork
9713 112 is eating
9713 140 is thinking
9713 140 has taken a fork
9713 140 has taken a fork
9713 140 is eating
9713 38 is thinking
9713 38 has taken a fork
9713 38 has taken a fork
9713 38 is eating
9713 2 is thinking
9713 2 has taken a fork
9713 2 has taken a fork
9713 2 is eating
9713 96 is thinking
9713 96 has taken a fork
9713 96 has taken a fork
9713 96 is eating
9713 6 is thinking
9713 46 is thinking
9713 46 has taken a fork
9713 46 has taken a fork
9713 46 is eating
9713 75 is sleeping
9713 191 is sleeping
9713 6 has taken a fork
9713 6 has taken a fork
9713 6 is eating
9714 79 is sleeping
9714 99 is sleeping
9714 127 is sleeping
9714 110 is thinking
9714 110 has taken a fork
9714 110 has taken a fork
9714 110 is eating
9714 151 is sleeping
9714 154 is thinking
9714 154 has taken a fork
9714 154 has taken a fork
9714 154 is eating
9714 62 is thinking
9714 62 has taken a fork
9714 62 has taken a fork
9714 62 is eating
9714 200 is thinking
9714 200 has taken a fork
9714 200 has taken a fork
9714 200 is eating
9714 119 is sleeping
9714 32 is thinking
9714 32 has taken a fork
9714 32 has taken a fork
9714 32 is eating
9714 67 is sleeping
9715 166 is thinking
9715 166 has taken a fork
9715 166 has taken a fork
9715 166 is eating
9715 137 is sleeping
9715 42 is thinking
9715 42 has taken a fork
9715 42 has taken a fork
9715 42 is eating
9715 48 is thinking
9715 48 has taken a fork
9715 48 has taken a fork
9715 48 is eating
9715 92 is thinking
9715 92 has taken a fork
9715 92 has taken a fork
9715 92 is eating
9715 102 is thinking
9715 102 has taken a fork
9715 102 has taken a fork
9715 102 is eating
9715 22 is thinking
9715 22 has taken a fork
9715 22 has taken a fork
9715 22 is eating
9715 114 is thinking
9715 114 has taken a fork
9715 114 has taken a fork
9715 114 is eating
9715 8 is thinking
9715 8 has taken a fork
9715 8 has taken a fork
9715 8 is eating
9715 148 is thinking
9715 148 has taken a fork
9715 148 has taken a fork
9715 148 is eating
9716 176 is thinking
9716 176 has taken a fork
9716 176 has taken a fork
9716 176 is eating
9716 132 is thinking
9716 132 has taken a fork
9716 132 has taken a fork
9716 132 is eating
9716 144 is thinking
9716 144 has taken a fork
9716 144 has taken a fork
9716 144 is eating
9716 30 is thinking
9716 30 has taken a fork
9716 30 has taken a fork
9716 30 is eating
9716 20 is thinking
9716 20 has taken a fork
9716 20 has taken a fork
9716 20 is eating
9716 130 is thinking
9716 130 has taken a fork
9716 130 has taken a fork
9716 130 is eating
9716 108 is thinking
9716 108 has taken a fork
9716 108 has taken a fork
9716 108 is eating
9717 188 is thinking
9717 188 has taken a fork
9717 188 has taken a fork
9717 188 is eating
9717 54 is thinking
9717 54 has taken a fork
9717 54 has taken a fork
9717 54 is eating
9717 77 is sleeping
9718 159 is sleeping
9720 152 is thinking
9720 152 has taken a fork
9720 152 has taken a fork
9720 152 is eating
9720 40 is thinking
9720 40 has taken a fork
9720 40 has taken a fork
9720 40 is eating
9720 80 is thinking
9720 80 has taken a fork
9720 80 has taken a fork
9720 80 is eating
9720 164 is thinking
9720 164 has taken a fork
9720 164 has taken a fork
9720 164 is eating
9721 10 is thinking
9721 10 has taken a fork
9721 10 has taken a fork
9721 10 is eating
9721 88 is thinking
9721 88 has taken a fork
9721 88 has taken a fork
9721 88 is eating
9721 58 is thinking
9721 58 has taken a fork
9721 58 has taken a fork
9721 58 is eating
9721 116 is thinking
9721 116 has taken a fork
9721 116 has taken a fork
9721 116 is eating
9721 170 is thinking
9721 170 has taken a fork
9721 170 has taken a fork
9721 170 is eating
9721 104 is thinking
9721 104 has taken a fork
9721 104 has taken a fork
9721 104 is eating
9721 124 is thinking
9721 124 has taken a fork
9721 124 has taken a fork
9721 124 is eating
9721 90 is thinking
9721 90 has taken a fork
9721 90 has taken a fork
9721 90 is eating
9721 128 is thinking
9721 128 has taken a fork
9721 128 has taken a fork
9721 128 is eating
9721 82 is thinking
9721 82 has taken a fork
9721 82 has taken a fork
9721 82 is eating
9721 72 is thinking
9721 72 has taken a fork
9721 72 has taken a fork
9721 72 is eating
9721 74 is thinking
9721 74 has taken a fork
9721 74 has taken a fork
9721 74 is eating
9722 192 is thinking
9722 192 has taken a fork
9722 192 has taken a fork
9722 192 is eating
9722 136 is thinking
9722 136 has taken a fork
9722 136 has taken a fork
9722 136 is eating
9722 18 is thinking
9722 18 has taken a fork
9722 18 has taken a fork
9722 18 is eating
9722 68 is thinking
9722 68 has taken a fork
9722 68 has taken a fork
9722 68 is eating
9722 14 is thinking
9722 14 has taken a fork
9722 14 has taken a fork
9722 14 is eating
9722 190 is thinking
9722 190 has taken a fork
9722 190 has taken a fork
9722 190 is eating
9722 70 is thinking
9722 70 has taken a fork
9722 70 has taken a fork
9722 70 is eating
9722 86 is thinking
9722 86 has taken a fork
9722 86 has taken a fork
9722 86 is eating
9727 52 is thinking
9727 52 has taken a fork
9727 52 has taken a fork
9727 52 is eating
9727 196 is thinking
9727 196 has taken a fork
9727 196 has taken a fork
9727 196 is eating
9728 12 is thinking
9728 186 is thinking
9728 186 has taken a fork
9728 186 has taken a fork
9728 186 is eating
9728 12 has taken a fork
9728 12 has taken a fork
9728 12 is eating
9728 118 is thinking
9728 118 has taken a fork
9728 118 has taken a fork
9728 118 is eating
9728 134 is thinking
9728 134 has taken a fork
9728 134 has taken a fork
9728 134 is eating
9728 16 is thinking
9728 16 has taken a fork
9728 16 has taken a fork
9728 16 is eating
9729 126 is thinking
9729 126 has taken a fork
9729 126 has taken a fork
9729 126 is eating
9729 168 is thinking
9729 168 has taken a fork
9729 168 has taken a fork
9729 168 is eating
9729 56 is thinking
9729 56 has taken a fork
9729 56 has taken a fork
9729 56 is eating
9730 158 is thinking
9730 158 has taken a fork
9730 158 has taken a fork
9730 158 is eating
9730 178 is thinking
9730 178 has taken a fork
9730 178 has taken a fork
9730 178 is eating
9730 180 is thinking
9730 180 has taken a fork
9730 180 has taken a fork
9730 180 is eating
9730 150 is thinking
9730 150 has taken a fork
9730 150 has taken a fork
9730 150 is eating
9730 120 is thinking
9730 120 has taken a fork
9730 120 has taken a fork
9730 120 is eating
9730 198 is thinking
9730 198 has taken a fork
9730 198 has taken a fork
9730 198 is eating
9730 94 is thinking
9730 94 has taken a fork
9730 94 has taken a fork
9730 94 is eating
9730 76 is thinking
9730 76 has taken a fork
9730 76 has taken a fork
9730 76 is eating
9730 98 is thinking
9730 98 has taken a fork
9730 98 has taken a fork
9730 98 is eating
9731 78 is thinking
9731 78 has taken a fork
9731 78 has taken a fork
9731 78 is eating
9731 138 is thinking
9731 138 has taken a fork
9731 138 has taken a fork
9731 138 is eating
9733 66 is thinking
9733 66 has taken a fork
9733 66 has taken a fork
9733 66 is eating
9733 160 is thinking
9733 160 has taken a fork
9733 160 has taken a fork
9733 160 is eating
9734 50 is thinking
9734 50 has taken a fork
9734 50 has taken a fork
9734 50 is eating
9734 100 is thinking
9734 100 has taken a fork
9734 100 has taken a fork
9734 100 is eating
9735 156 is thinking
9735 156 has taken a fork
9735 156 has taken a fork
9735 156 is eating
9808 172 is sleeping
9808 34 is sleeping
9809 142 is sleeping
9809 28 is sleeping
9810 122 is sleeping
9810 174 is sleeping
9810 26 is sleeping
9811 146 is sleeping
9811 44 is sleeping
9811 24 is sleeping
9811 184 is sleeping
9812 4 is sleeping
9812 64 is sleeping
9812 106 is sleeping
9812 60 is sleeping
9813 38 is sleeping
9813 36 is sleeping
9813 194 is sleeping
9813 84 is sleeping
9813 112 is sleeping
9813 182 is sleeping
9813 140 is sleeping
9813 96 is sleeping
9813 6 is sleeping
9813 46 is sleeping
9813 2 is sleeping
9813 162 is sleeping
9814 200 is sleeping
9814 110 is sleeping
9814 62 is sleeping
9814 32 is sleeping
9814 154 is sleeping
9815 114 is sleeping
9815 48 is sleeping
9815 8 is sleeping
9815 42 is sleeping
9815 102 is sleeping
9815 92 is sleeping
9815 22 is sleeping
9815 148 is sleeping
9815 166 is sleeping
9816 108 is sleeping
9816 30 is sleeping
9816 20 is sleeping
9816 144 is sleeping
9816 130 is sleeping
9816 176 is sleeping
9816 132 is sleeping
9817 54 is sleeping
9817 188 is sleeping
9820 164 is sleeping
9820 152 is sleeping
9820 80 is sleeping
9820 40 is sleeping
9821 82 is sleeping
9821 128 is sleeping
9821 74 is sleeping
9821 88 is sleeping
9821 90 is sleeping
9821 104 is sleeping
9821 72 is sleeping
9821 124 is sleeping
9821 116 is sleeping
9821 58 is sleeping
9821 170 is sleeping
9822 18 is sleeping
9822 70 is sleeping
9822 68 is sleeping
9822 136 is sleeping
9822 190 is sleeping
9822 14 is sleeping
9822 192 is sleeping
9822 10 is sleeping
9822 86 is sleeping
9827 196 is sleeping
9827 52 is sleeping
9828 186 is sleeping
9828 118 is sleeping
9828 16 is sleeping
9828 134 is sleeping
9828 12 is sleeping
9829 168 is sleeping
9829 126 is sleeping
9829 56 is sleeping
9830 150 is sleeping
9830 98 is sleeping
9830 94 is sleeping
9830 76 is sleeping
9830 178 is sleeping
9830 198 is sleeping
9830 120 is sleeping
9830 180 is sleeping
9830 158 is sleeping
9831 78 is sleeping
9831 138 is sleeping
9833 66 is sleeping
9833 160 is sleeping
9834 50 is sleeping
9834 100 is sleeping
9835 156 is sleeping
9900 73 is thinking
9900 73 has taken a fork
9900 73 has taken a fork
9900 73 is eating
9901 65 is thinking
9901 65 has taken a fork
9901 65 has taken a fork
9901 65 is eating
9901 111 is thinking
9901 111 has taken a fork
9901 111 has taken a fork
9901 111 is eating
9901 123 is thinking
9901 123 has taken a fork
9901 123 has taken a fork
9901 123 is eating
9901 175 is thinking
9901 175 has taken a fork
9901 175 has taken a fork
9901 175 is eating
9901 7 is thinking
9901 7 has taken a fork
9901 7 has taken a fork
9901 7 is eating
9902 43 is thinking
9902 43 has taken a fork
9902 43 has taken a fork
9902 43 is eating
9902 141 is thinking
9902 141 has taken a fork
9902 141 has taken a fork
9902 141 is eating
9902 129 is thinking
9902 129 has taken a fork
9902 129 has taken a fork
9902 129 is eating
9902 107 is thinking
9902 107 has taken a fork
9902 107 has taken a fork
9902 107 is eating
9902 121 is thinking
9902 121 has taken a fork
9902 121 has taken a fork
9902 121 is eating
9903 35 is thinking
9903 35 has taken a fork
9903 35 has taken a fork
9903 35 is eating
9903 173 is thinking
9903 173 has taken a fork
9903 173 has taken a fork
9903 173 is eating
9903 189 is thinking
9903 189 has taken a fork
9903 189 has taken a fork
9903 189 is eating
9903 27 is thinking
9903 27 has taken a fork
9903 27 has taken a fork
9903 27 is eating
9904 41 is thinking
9904 41 has taken a fork
9904 41 has taken a fork
9904 41 is eating
9905 87 is thinking
9905 87 has taken a fork
9905 87 has taken a fork
9905 87 is eating
9905 97 is thinking
9905 105 is thinking
9905 105 has taken a fork
9905 105 has taken a fork
9905 105 is eating
9905 97 has taken a fork
9905 97 has taken a fork
9905 97 is eating
9905 63 is thinking
9905 63 has taken a fork
9905 63 has taken a fork
9905 63 is eating
9905 55 is thinking
9905 55 has taken a fork
9905 55 has taken a fork
9905 55 is eating
9905 171 is thinking
9905 171 has taken a fork
9905 171 has taken a fork
9905 171 is eating
9905 185 is thinking
9905 185 has taken a fork
9905 185 has taken a fork
9905 185 is eating
9905 117 is thinking
9905 117 has taken a fork
9905 117 has taken a fork
9905 117 is eating
9905 149 is thinking
9905 149 has taken a fork
9905 149 has taken a fork
9905 149 is eating
9905 177 is thinking
9905 177 has taken a fork
9905 177 has taken a fork
9905 177 is eating
9905 147 is thinking
9905 147 has taken a fork
9905 147 has taken a fork
9905 147 is eating
9906 59 is thinking
9906 59 has taken a fork
9906 59 has taken a fork
9906 59 is eating
9906 103 is thinking
9906 103 has taken a fork
9906 103 has taken a fork
9906 103 is eating
9906 197 is thinking
9906 197 has taken a fork
9906 197 has taken a fork
9906 197 is eating
9907 133 is thinking
9907 133 has taken a fork
9907 133 has taken a fork
9907 133 is eating
9907 163 is thinking
9907 163 has taken a fork
9907 163 has taken a fork
9907 163 is eating
9907 85 is thinking
9907 85 has taken a fork
9907 85 has taken a fork
9907 85 is eating
9907 95 is thinking
9907 95 has taken a fork
9907 95 has taken a fork
9907 95 is eating
9907 181 is thinking
9907 181 has taken a fork
9907 181 has taken a fork
9907 181 is eating
9907 9 is thinking
9907 9 has taken a fork
9907 9 has taken a fork
9907 9 is eating
9907 89 is thinking
9907 89 has taken a fork
9907 89 has taken a fork
9907 89 is eating
9908 33 is thinking
9908 33 has taken a fork
9908 33 has taken a fork
9908 33 is eating
9908 93 is thinking
9908 93 has taken a fork
9908 93 has taken a fork
9908 93 is eating
9909 183 is thinking
9909 183 has taken a fork
9909 183 has taken a fork
9909 183 is eating
9909 83 is thinking
9909 83 has taken a fork
9909 83 has taken a fork
9909 83 is eating
9909 167 is thinking
9909 167 has taken a fork
9909 167 has taken a fork
9909 167 is eating
9909 143 is thinking
9909 143 has taken a fork
9909 143 has taken a fork
9909 143 is eating
9909 49 is thinking
9909 49 has taken a fork
9909 49 has taken a fork
9909 49 is eating
9909 115 is thinking
9909 115 has taken a fork
9909 115 has taken a fork
9909 115 is eating
9909 193 is thinking
9909 193 has taken a fork
9909 193 has taken a fork
9909 193 is eating
9909 45 is thinking
9909 25 is thinking
9909 25 has taken a fork
9909 25 has taken a fork
9909 25 is eating
9909 45 has taken a fork
9909 45 has taken a fork
9909 45 is eating
9909 53 is thinking
9909 53 has taken a fork
9909 53 has taken a fork
9909 53 is eating
9909 19 is thinking
9909 19 has taken a fork
9909 19 has taken a fork
9909 19 is eating
9909 195 is thinking
9909 195 has taken a fork
9909 195 has taken a fork
9909 195 is eating
9909 1 is thinking
9909 1 has taken a fork
9909 1 has taken a fork
9909 1 is eating
9909 29 is thinking
9909 29 has taken a fork
9909 29 has taken a fork
9909 29 is eating
9909 17 is thinking
9909 17 has taken a fork
9909 17 has taken a fork
9909 17 is eating
9909 155 is thinking
9909 155 has taken a fork
9909 155 has taken a fork
9909 155 is eating
9910 179 is thinking
9910 179 has taken a fork
9910 179 has taken a fork
9910 179 is eating
9910 37 is thinking
9910 37 has taken a fork
9910 37 has taken a fork
9910 37 is eating
9910 139 is thinking
9910 139 has taken a fork
9910 139 has taken a fork
9910 139 is eating
9910 157 is thinking
9910 157 has taken a fork
9910 157 has taken a fork
9910 157 is eating
9910 91 is thinking
9910 91 has taken a fork
9910 91 has taken a fork
9910 91 is eating
9911 135 is thinking
9911 135 has taken a fork
9911 135 has taken a fork
9911 135 is eating
9911 113 is thinking
9911 113 has taken a fork
9911 113 has taken a fork
9911 113 is eating
9911 5 is thinking
9911 5 has taken a fork
9911 5 has taken a fork
9911 5 is eating
9911 15 is thinking
9911 15 has taken a fork
9911 15 has taken a fork
9911 15 is eating
9911 161 is thinking
9911 161 has taken a fork
9911 161 has taken a fork
9911 161 is eating
9911 57 is thinking
9911 57 has taken a fork
9911 57 has taken a fork
9911 57 is eating
9911 131 is thinking
9911 131 has taken a fork
9911 131 has taken a fork
9911 131 is eating
9911 153 is thinking
9911 153 has taken a fork
9911 153 has taken a fork
9911 153 is eating
9911 101 is thinking
9911 101 has taken a fork
9911 101 has taken a fork
9911 101 is eating
9911 61 is thinking
9911 61 has taken a fork
9911 61 has taken a fork
9911 61 is eating
9911 109 is thinking
9911 109 has taken a fork
9911 109 has taken a fork
9911 109 is eating
9911 3 is thinking
9911 145 is thinking
9911 3 has taken a fork
9911 3 has taken a fork
9911 3 is eating
9911 165 is thinking
9911 165 has taken a fork
9911 165 has taken a fork
9911 165 is eating
9911 51 is thinking
9911 51 has taken a fork
9911 51 has taken a fork
9911 51 is eating
9911 125 is thinking
9911 125 has taken a fork
9911 125 has taken a fork
9911 125 is eating
9911 47 is thinking
9911 145 has taken a fork
9911 145 has taken a fork
9911 145 is eating
9911 47 has taken a fork
9911 47 has taken a fork
9911 47 is eating
9911 23 is thinking
9911 23 has taken a fork
9911 23 has taken a fork
9911 23 is eating
9912 71 is thinking
9912 71 has taken a fork
9912 71 has taken a fork
9912 71 is eating
9912 13 is thinking
9912 13 has taken a fork
9912 13 has taken a fork
9912 13 is eating
9912 31 is thinking
9912 31 has taken a fork
9912 31 has taken a fork
9912 31 is eating
9912 81 is thinking
9912 81 has taken a fork
9912 81 has taken a fork
9912 81 is eating
9912 39 is thinking
9912 39 has taken a fork
9912 39 has taken a fork
9912 39 is eating
9912 187 is thinking
9912 187 has taken a fork
9912 187 has taken a fork
9912 187 is eating
9913 169 is thinking
9913 169 has taken a fork
9913 169 has taken a fork
9913 169 is eating
9913 69 is thinking
9913 69 has taken a fork
9913 69 has taken a fork
9913 69 is eating
9913 21 is thinking
9913 21 has taken a fork
9913 21 has taken a fork
9913 21 is eating
9913 11 is thinking
9913 11 has taken a fork
9913 11 has taken a fork
9913 11 is eating
9913 75 is thinking
9913 75 has taken a fork
9913 75 has taken a fork
9913 75 is eating
9913 191 is thinking
9913 191 has taken a fork
9913 191 has taken a fork
9913 191 is eating
9914 151 is thinking
9914 151 has taken a fork
9914 151 has taken a fork
9914 151 is eating
9914 99 is thinking
9914 99 has taken a fork
9914 99 has taken a fork
9914 99 is eating
9914 119 is thinking
9914 119 has taken a fork
9914 119 has taken a fork
9914 119 is eating
9914 127 is thinking
9914 127 has taken a fork
9914 127 has taken a fork
9914 127 is eating
9914 67 is thinking
9914 67 has taken a fork
9914 67 has taken a fork
9914 67 is eating
9914 79 is thinking
9914 79 has taken a fork
9914 79 has taken a fork
9914 79 is eating
9915 199 is thinking
9915 199 has taken a fork
9915 199 has taken a fork
9915 199 is eating
9915 137 is thinking
9915 137 has taken a fork
9915 137 has taken a fork
9915 137 is eating
9917 77 is thinking
9917 77 has taken a fork
9917 77 has taken a fork
9917 77 is eating
9918 159 is thinking
9918 159 has taken a fork
9918 159 has taken a fork
9918 159 is eating
10001 7 is sleeping
10001 111 is sleeping
10001 65 is sleeping
10001 73 is sleeping
10002 43 is sleeping
10002 123 is sleeping
10003 173 is sleeping
10003 121 is sleeping
10003 141 is sleeping
10004 41 is sleeping
10004 27 is sleeping
10004 35 is sleeping
10004 189 is sleeping
10005 175 is sleeping
10005 149 is sleeping
10005 105 is sleeping
10006 87 is sleeping
10006 171 is sleeping
10006 117 is sleeping
10006 185 is sleeping
10006 55 is sleeping
10006 103 is sleeping
10006 177 is sleeping
