0 37 has taken a fork
0 37 has taken a fork
0 37 is eating
0 7 has taken a fork
0 7 has taken a fork
0 7 is eating
0 81 has taken a fork
0 81 has taken a fork
0 81 is eating
0 25 has taken a fork
0 25 has taken a fork
0 25 is eating
0 93 has taken a fork
0 93 has taken a fork
0 93 is eating
0 39 has taken a fork
0 39 has taken a fork
0 39 is eating
0 29 has taken a fork
0 29 has taken a fork
0 29 is eating
0 69 has taken a fork
0 69 has taken a fork
0 69 is eating
0 23 has taken a fork
0 23 has taken a fork
0 23 is eating
0 99 has taken a fork
0 99 has taken a fork
0 99 is eating
0 77 has taken a fork
0 77 has taken a fork
0 77 is eating
0 59 has taken a fork
0 59 has taken a fork
0 59 is eating
0 31 has taken a fork
0 31 has taken a fork
0 31 is eating
0 51 has taken a fork
0 51 has taken a fork
0 51 is eating
0 5 has taken a fork
0 5 has taken a fork
0 5 is eating
0 57 has taken a fork
0 57 has taken a fork
0 57 is eating
0 9 has taken a fork
0 9 has taken a fork
0 9 is eating
0 91 has taken a fork
0 91 has taken a fork
0 91 is eating
0 47 has taken a fork
0 47 has taken a fork
0 47 is eating
0 53 has taken a fork
0 53 has taken a fork
0 53 is eating
0 79 has taken a fork
0 79 has taken a fork
0 79 is eating
0 19 has taken a fork
0 19 has taken a fork
0 19 is eating
1 95 has taken a fork
1 95 has taken a fork
1 95 is eating
1 67 has taken a fork
1 67 has taken a fork
1 67 is eating
1 15 has taken a fork
1 15 has taken a fork
1 15 is eating
1 13 has taken a fork
1 13 has taken a fork
1 13 is eating
1 43 has taken a fork
1 43 has taken a fork
1 43 is eating
1 35 has taken a fork
1 35 has taken a fork
1 35 is eating
1 27 has taken a fork
1 27 has taken a fork
1 27 is eating
1 17 has taken a fork
1 17 has taken a fork
1 17 is eating
1 73 has taken a fork
1 73 has taken a fork
1 73 is eating
1 49 has taken a fork
1 49 has taken a fork
1 49 is eating
1 85 has taken a fork
1 85 has taken a fork
1 85 is eating
1 21 has taken a fork
1 21 has taken a fork
1 21 is eating
1 11 has taken a fork
1 11 has taken a fork
1 11 is eating
1 75 has taken a fork
1 75 has taken a fork
1 75 is eating
1 3 has taken a fork
1 3 has taken a fork
1 3 is eating
1 33 has taken a fork
1 33 has taken a fork
1 33 is eating
1 83 has taken a fork
1 83 has taken a fork
1 83 is eating
2 87 has taken a fork
2 87 has taken a fork
2 87 is eating
2 61 has taken a fork
2 61 has taken a fork
2 61 is eating
2 97 has taken a fork
2 97 has taken a fork
2 97 is eating
2 89 has taken a fork
2 89 has taken a fork
2 89 is eating
2 65 has taken a fork
2 65 has taken a fork
2 65 is eating
2 1 has taken a fork
2 1 has taken a fork
2 1 is eating
2 63 has taken a fork
2 63 has taken a fork
2 63 is eating
2 41 has taken a fork
2 41 has taken a fork
2 41 is eating
2 55 has taken a fork
2 55 has taken a fork
2 55 is eating
2 71 has taken a fork
2 71 has taken a fork
2 71 is eating
2 45 has taken a fork
2 45 has taken a fork
2 45 is eating
100 23 is sleeping
100 6 has taken a fork
100 6 has taken a fork
100 6 is eating
100 5 is sleeping
100 52 has taken a fork
100 52 has taken a fork
100 52 is eating
100 47 is sleeping
100 8 has taken a fork
100 8 has taken a fork
100 8 is eating
100 58 has taken a fork
100 58 has taken a fork
100 58 is eating
100 37 is sleeping
100 51 is sleeping
100 39 is sleeping
100 81 is sleeping
100 7 is sleeping
100 53 is sleeping
100 91 is sleeping
100 99 is sleeping
100 25 is sleeping
100 93 is sleeping
100 19 is sleeping
100 80 has taken a fork
100 80 has taken a fork
100 80 is eating
100 30 has taken a fork
100 30 has taken a fork
100 30 is eating
100 9 is sleeping
101 11 is sleeping
101 1 is sleeping
101 45 is sleeping
101 75 is sleeping
101 13 is sleeping
101 97 is sleeping
101 82 has taken a fork
101 82 has taken a fork
101 82 is eating
101 84 has taken a fork
101 84 has taken a fork
101 84 is eating
101 2 has taken a fork
101 2 has taken a fork
101 2 is eating
101 64 has taken a fork
101 64 has taken a fork
101 64 is eating
101 77 is sleeping
101 86 has taken a fork
101 86 has taken a fork
101 86 is eating
101 55 is sleeping
101 56 has taken a fork
101 56 has taken a fork
101 56 is eating
101 57 is sleeping
101 61 is sleeping
101 16 has taken a fork
101 16 has taken a fork
101 16 is eating
101 69 is sleeping
101 46 has taken a fork
101 46 has taken a fork
101 46 is eating
101 41 is sleeping
101 43 is sleeping
101 38 has taken a fork
101 38 has taken a fork
101 38 is eating
101 78 has taken a fork
101 78 has taken a fork
101 78 is eating
101 15 is sleeping
101 89 is sleeping
101 60 has taken a fork
101 60 has taken a fork
101 60 is eating
101 49 is sleeping
101 35 is sleeping
101 59 is sleeping
101 10 has taken a fork
101 10 has taken a fork
101 10 is eating
101 24 has taken a fork
101 24 has taken a fork
101 24 is eating
101 21 is sleeping
101 42 has taken a fork
101 42 has taken a fork
101 42 is eating
101 44 has taken a fork
101 44 has taken a fork
101 44 is eating
101 100 has taken a fork
101 100 has taken a fork
101 100 is eating
101 85 is sleeping
101 33 is sleeping
101 22 has taken a fork
101 22 has taken a fork
101 22 is eating
101 65 is sleeping
101 3 is sleeping
101 36 has taken a fork
101 36 has taken a fork
101 36 is eating
101 83 is sleeping
101 73 is sleeping
101 98 has taken a fork
101 98 has taken a fork
101 98 is eating
101 71 is sleeping
102 20 has taken a fork
102 20 has taken a fork
102 20 is eating
102 94 has taken a fork
102 94 has taken a fork
102 94 is eating
102 14 has taken a fork
102 14 has taken a fork
102 14 is eating
102 48 has taken a fork
102 48 has taken a fork
102 48 is eating
102 95 is sleeping
102 27 is sleeping
102 68 has taken a fork
102 68 has taken a fork
102 68 is eating
102 50 has taken a fork
102 50 has taken a fork
102 50 is eating
102 17 is sleeping
102 76 has taken a fork
102 76 has taken a fork
102 76 is eating
102 63 is sleeping
102 72 has taken a fork
102 72 has taken a fork
102 72 is eating
102 54 has taken a fork
102 54 has taken a fork
102 54 is eating
102 74 has taken a fork
102 74 has taken a fork
102 74 is eating
102 34 has taken a fork
102 34 has taken a fork
102 34 is eating
102 88 has taken a fork
102 88 has taken a fork
102 88 is eating
102 29 is sleeping
102 66 has taken a fork
102 66 has taken a fork
102 66 is eating
102 32 has taken a fork
102 32 has taken a fork
102 32 is eating
102 40 has taken a fork
102 40 has taken a fork
102 40 is eating
102 12 has taken a fork
102 12 has taken a fork
102 12 is eating
102 79 is sleeping
102 92 has taken a fork
102 92 has taken a fork
102 92 is eating
102 31 is sleeping
102 90 has taken a fork
102 90 has taken a fork
102 90 is eating
102 4 has taken a fork
102 4 has taken a fork
102 4 is eating
103 26 has taken a fork
103 26 has taken a fork
103 26 is eating
103 96 has taken a fork
103 96 has taken a fork
103 96 is eating
103 70 has taken a fork
103 70 has taken a fork
103 70 is eating
103 18 has taken a fork
103 18 has taken a fork
103 18 is eating
103 28 has taken a fork
103 28 has taken a fork
103 28 is eating
103 62 has taken a fork
103 62 has taken a fork
103 62 is eating
103 87 is sleeping
103 67 is sleeping
200 6 is sleeping
200 52 is sleeping
200 80 is sleeping
200 58 is sleeping
200 8 is sleeping
200 30 is sleeping
201 2 is sleeping
201 46 is sleeping
201 24 is sleeping
201 38 is sleeping
201 22 is sleeping
201 60 is sleeping
201 86 is sleeping
201 10 is sleeping
201 78 is sleeping
201 16 is sleeping
201 42 is sleeping
201 92 is sleeping
201 100 is sleeping
201 82 is sleeping
201 84 is sleeping
201 98 is sleeping
201 64 is sleeping
201 44 is sleeping
201 36 is sleeping
201 56 is sleeping
202 34 is sleeping
202 14 is sleeping
202 94 is sleeping
202 74 is sleeping
202 70 is sleeping
202 88 is sleeping
202 28 is sleeping
202 72 is sleeping
202 76 is sleeping
202 90 is sleeping
202 62 is sleeping
202 48 is sleeping
202 96 is sleeping
202 18 is sleeping
202 20 is sleeping
202 54 is sleeping
202 32 is sleeping
202 68 is sleeping
202 26 is sleeping
202 50 is sleeping
202 40 is sleeping
202 12 is sleeping
202 66 is sleeping
202 4 is sleeping
300 11 is thinking
300 93 is thinking
300 93 has taken a fork
300 93 has taken a fork
300 93 is eating
300 67 is thinking
300 95 is thinking
300 95 has taken a fork
300 95 has taken a fork
300 95 is eating
300 57 is thinking
300 57 has taken a fork
300 57 has taken a fork
300 57 is eating
300 83 is thinking
300 83 has taken a fork
300 83 has taken a fork
300 83 is eating
300 17 is thinking
300 17 has taken a fork
300 17 has taken a fork
300 17 is eating
300 9 is thinking
300 9 has taken a fork
300 9 has taken a fork
300 9 is eating
300 45 is thinking
300 89 is thinking
300 89 has taken a fork
300 89 has taken a fork
300 89 is eating
300 3 is thinking
300 65 is thinking
300 41 is thinking
300 41 has taken a fork
300 41 has taken a fork
300 41 is eating
300 61 is thinking
300 61 has taken a fork
300 61 has taken a fork
300 61 is eating
300 33 is thinking
300 33 has taken a fork
300 33 has taken a fork
300 33 is eating
300 25 is thinking
300 25 has taken a fork
300 25 has taken a fork
300 25 is eating
300 39 is thinking
300 73 is thinking
300 39 has taken a fork
300 39 has taken a fork
300 39 is eating
300 99 is thinking
300 5 is thinking
300 5 has taken a fork
300 5 has taken a fork
300 5 is eating
300 85 is thinking
300 37 is thinking
300 43 is thinking
300 43 has taken a fork
300 43 has taken a fork
300 43 is eating
300 31 is thinking
300 31 has taken a fork
300 31 has taken a fork
300 31 is eating
300 19 is thinking
300 19 has taken a fork
300 19 has taken a fork
300 19 is eating
300 59 is thinking
300 59 has taken a fork
300 59 has taken a fork
300 59 is eating
300 11 has taken a fork
300 11 has taken a fork
300 11 is eating
300 27 is thinking
300 27 has taken a fork
300 27 has taken a fork
300 27 is eating
300 29 is thinking
300 29 has taken a fork
300 29 has taken a fork
300 29 is eating
300 49 is thinking
300 87 is thinking
300 87 has taken a fork
300 87 has taken a fork
300 87 is eating
300 81 is thinking
300 81 has taken a fork
300 81 has taken a fork
300 81 is eating
300 79 is thinking
300 79 has taken a fork
300 79 has taken a fork
300 79 is eating
300 67 has taken a fork
300 67 has taken a fork
300 67 is eating
300 77 is thinking
301 77 has taken a fork
301 77 has taken a fork
301 77 is eating
301 51 is thinking
301 51 has taken a fork
301 51 has taken a fork
301 51 is eating
301 3 has taken a fork
301 3 has taken a fork
301 3 is eating
301 65 has taken a fork
301 65 has taken a fork
301 65 is eating
301 21 is thinking
301 21 has taken a fork
301 21 has taken a fork
301 21 is eating
301 15 is thinking
301 71 is thinking
301 71 has taken a fork
301 71 has taken a fork
301 71 is eating
301 73 has taken a fork
301 73 has taken a fork
301 73 is eating
301 35 is thinking
301 35 has taken a fork
301 35 has taken a fork
301 35 is eating
301 85 has taken a fork
301 85 has taken a fork
301 85 is eating
301 37 has taken a fork
301 37 has taken a fork
301 37 is eating
301 97 is thinking
301 97 has taken a fork
301 97 has taken a fork
301 97 is eating
301 7 is thinking
301 7 has taken a fork
301 7 has taken a fork
301 7 is eating
301 75 is thinking
301 75 has taken a fork
301 75 has taken a fork
301 75 is eating
301 13 is thinking
301 55 is thinking
301 13 has taken a fork
301 13 has taken a fork
301 13 is eating
301 55 has taken a fork
301 55 has taken a fork
301 55 is eating
301 45 has taken a fork
301 45 has taken a fork
301 45 is eating
301 63 is thinking
301 63 has taken a fork
301 63 has taken a fork
301 63 is eating
301 69 is thinking
301 69 has taken a fork
301 69 has taken a fork
301 69 is eating
301 49 has taken a fork
301 49 has taken a fork
301 49 is eating
301 1 is thinking
301 1 has taken a fork
301 1 has taken a fork
301 1 is eating
301 47 is thinking
301 47 has taken a fork
301 47 has taken a fork
301 47 is eating
301 99 has taken a fork
301 99 has taken a fork
301 99 is eating
301 53 is thinking
301 53 has taken a fork
301 53 has taken a fork
301 53 is eating
301 15 has taken a fork
301 15 has taken a fork
301 15 is eating
302 91 is thinking
302 91 has taken a fork
302 91 has taken a fork
302 91 is eating
302 23 is thinking
302 23 has taken a fork
302 23 has taken a fork
302 23 is eating
400 67 is sleeping
400 33 is sleeping
400 5 is sleeping
400 92 is thinking
400 11 is sleeping
400 57 is sleeping
400 31 is sleeping
400 78 is thinking
400 8 is thinking
400 41 is sleeping
400 58 is thinking
400 19 is sleeping
400 9 is sleeping
400 27 is sleeping
400 87 is sleeping
400 30 is thinking
400 30 has taken a fork
400 30 has taken a fork
400 30 is eating
400 52 is thinking
400 83 is sleeping
400 43 is sleeping
400 24 is thinking
400 29 is sleeping
400 89 is sleeping
400 6 is thinking
400 17 is sleeping
401 74 is thinking
401 73 is sleeping
401 3 is sleeping
401 69 is sleeping
401 49 is sleeping
401 38 is thinking
401 98 is thinking
401 65 is sleeping
401 61 is sleeping
401 28 is thinking
401 2 is thinking
401 26 is thinking
401 51 is sleeping
401 82 is thinking
401 86 is thinking
401 21 is sleeping
401 37 is sleeping
401 42 is thinking
401 45 is sleeping
401 71 is sleeping
401 59 is sleeping
401 99 is sleeping
401 34 is thinking
401 77 is sleeping
401 14 is thinking
401 14 has taken a fork
401 14 has taken a fork
401 14 is eating
401 90 is thinking
401 38 has taken a fork
401 38 has taken a fork
401 38 is eating
401 95 is sleeping
401 93 is sleeping
401 48 is thinking
401 48 has taken a fork
401 48 has taken a fork
401 48 is eating
401 12 is thinking
401 12 has taken a fork
401 12 has taken a fork
401 12 is eating
401 50 is thinking
401 50 has taken a fork
401 50 has taken a fork
401 50 is eating
401 40 is thinking
401 40 has taken a fork
401 40 has taken a fork
401 40 is eating
401 60 is thinking
401 60 has taken a fork
401 60 has taken a fork
401 60 is eating
401 44 is thinking
401 18 is thinking
401 44 has taken a fork
401 44 has taken a fork
401 44 is eating
401 56 is thinking
401 56 has taken a fork
401 56 has taken a fork
401 56 is eating
401 100 is thinking
401 88 is thinking
401 88 has taken a fork
401 88 has taken a fork
401 88 is eating
401 70 is thinking
401 70 has taken a fork
401 70 has taken a fork
401 70 is eating
401 96 is thinking
401 96 has taken a fork
401 96 has taken a fork
401 96 is eating
401 2 has taken a fork
401 2 has taken a fork
401 2 is eating
401 28 has taken a fork
401 28 has taken a fork
401 28 is eating
401 7 is sleeping
401 20 is thinking
401 20 has taken a fork
401 20 has taken a fork
401 20 is eating
401 68 is thinking
401 68 has taken a fork
401 68 has taken a fork
401 68 is eating
401 35 is sleeping
401 62 is thinking
401 62 has taken a fork
401 62 has taken a fork
401 62 is eating
401 36 is thinking
401 36 has taken a fork
401 36 has taken a fork
401 36 is eating
401 97 is sleeping
402 75 is sleeping
402 47 is sleeping
402 91 is sleeping
402 32 is thinking
402 39 is sleeping
402 79 is sleeping
402 23 is sleeping
402 13 is sleeping
402 8 has taken a fork
402 8 has taken a fork
402 8 is eating
402 92 has taken a fork
402 92 has taken a fork
402 92 is eating
402 4 is thinking
402 4 has taken a fork
402 4 has taken a fork
402 4 is eating
402 66 is thinking
402 66 has taken a fork
402 66 has taken a fork
402 66 is eating
402 25 is sleeping
402 10 is thinking
402 10 has taken a fork
402 10 has taken a fork
402 10 is eating
402 52 has taken a fork
402 52 has taken a fork
402 52 is eating
402 74 has taken a fork
402 74 has taken a fork
402 74 is eating
402 86 has taken a fork
402 86 has taken a fork
402 86 is eating
402 58 has taken a fork
402 58 has taken a fork
402 58 is eating
402 63 is sleeping
402 78 has taken a fork
402 78 has taken a fork
402 78 is eating
402 64 is thinking
402 64 has taken a fork
402 64 has taken a fork
402 64 is eating
402 72 is thinking
402 72 has taken a fork
402 72 has taken a fork
402 72 is eating
402 84 is thinking
402 84 has taken a fork
402 84 has taken a fork
402 84 is eating
402 1 is sleeping
402 81 is sleeping
402 55 is sleeping
402 15 is sleeping
402 100 has taken a fork
402 100 has taken a fork
402 100 is eating
402 80 is thinking
402 80 has taken a fork
402 80 has taken a fork
402 80 is eating
402 82 has taken a fork
402 82 has taken a fork
402 82 is eating
403 6 has taken a fork
403 6 has taken a fork
403 6 is eating
403 76 is thinking
403 76 has taken a fork
403 76 has taken a fork
403 76 is eating
403 42 has taken a fork
403 42 has taken a fork
403 42 is eating
403 32 has taken a fork
403 32 has taken a fork
403 32 is eating
403 94 is thinking
403 94 has taken a fork
403 94 has taken a fork
403 94 is eating
403 53 is sleeping
403 90 has taken a fork
403 90 has taken a fork
403 90 is eating
403 24 has taken a fork
403 24 has taken a fork
403 24 is eating
403 34 has taken a fork
403 34 has taken a fork
403 34 is eating
403 85 is sleeping
404 98 has taken a fork
404 98 has taken a fork
404 98 is eating
404 26 has taken a fork
404 26 has taken a fork
404 26 is eating
404 46 is thinking
404 46 has taken a fork
404 46 has taken a fork
404 46 is eating
404 18 has taken a fork
404 18 has taken a fork
404 18 is eating
404 16 is thinking
404 16 has taken a fork
404 16 has taken a fork
404 16 is eating
404 54 is thinking
404 54 has taken a fork
404 54 has taken a fork
404 54 is eating
410 22 is thinking
410 22 has taken a fork
410 22 has taken a fork
410 22 is eating
500 30 is sleeping
501 40 is sleeping
501 50 is sleeping
501 70 is sleeping
501 28 is sleeping
501 2 is sleeping
501 68 is sleeping
501 36 is sleeping
501 14 is sleeping
501 62 is sleeping
501 56 is sleeping
501 20 is sleeping
501 88 is sleeping
501 44 is sleeping
501 60 is sleeping
501 96 is sleeping
501 38 is sleeping
502 100 is sleeping
502 4 is sleeping
502 58 is sleeping
502 10 is sleeping
502 6 is sleeping
502 82 is sleeping
502 34 is sleeping
502 64 is sleeping
502 86 is sleeping
502 92 is sleeping
502 74 is sleeping
502 72 is sleeping
502 48 is sleeping
502 66 is sleeping
502 42 is sleeping
502 78 is sleeping
502 84 is sleeping
502 52 is sleeping
502 80 is sleeping
502 8 is sleeping
503 18 is sleeping
503 32 is sleeping
503 26 is sleeping
503 90 is sleeping
503 24 is sleeping
503 94 is sleeping
503 76 is sleeping
503 98 is sleeping
503 12 is sleeping
504 16 is sleeping
504 54 is sleeping
504 46 is sleeping
510 22 is sleeping
600 43 is thinking
600 57 is thinking
600 43 has taken a fork
600 43 has taken a fork
600 43 is eating
600 41 is thinking
600 89 is thinking
600 89 has taken a fork
600 89 has taken a fork
600 89 is eating
600 29 is thinking
600 59 is thinking
600 45 is thinking
600 45 has taken a fork
600 45 has taken a fork
600 45 is eating
600 73 is thinking
600 73 has taken a fork
600 73 has taken a fork
600 73 is eating
600 3 is thinking
600 3 has taken a fork
600 3 has taken a fork
600 3 is eating
600 11 is thinking
600 11 has taken a fork
600 11 has taken a fork
600 11 is eating
600 79 is thinking
600 79 has taken a fork
600 79 has taken a fork
600 79 is eating
600 57 has taken a fork
600 57 has taken a fork
600 57 is eating
600 19 is thinking
600 19 has taken a fork
600 19 has taken a fork
600 19 is eating
600 49 is thinking
600 49 has taken a fork
600 49 has taken a fork
600 49 is eating
600 87 is thinking
600 87 has taken a fork
600 87 has taken a fork
600 87 is eating
600 9 is thinking
600 9 has taken a fork
600 9 has taken a fork
600 9 is eating
600 29 has taken a fork
600 29 has taken a fork
600 29 is eating
600 67 is thinking
600 67 has taken a fork
600 67 has taken a fork
600 67 is eating
600 39 is thinking
600 39 has taken a fork
600 39 has taken a fork
600 39 is eating
600 81 is thinking
600 81 has taken a fork
600 81 has taken a fork
600 81 is eating
600 59 has taken a fork
600 59 has taken a fork
600 59 is eating
600 37 is thinking
600 95 is thinking
600 5 is thinking
601 95 has taken a fork
601 95 has taken a fork
601 95 is eating
601 5 has taken a fork
601 5 has taken a fork
601 5 is eating
601 27 is thinking
601 27 has taken a fork
601 27 has taken a fork
601 27 is eating
601 93 is thinking
601 51 is thinking
601 51 has taken a fork
601 51 has taken a fork
601 51 is eating
601 71 is thinking
601 21 is thinking
601 21 has taken a fork
601 21 has taken a fork
601 21 is eating
601 93 has taken a fork
601 93 has taken a fork
601 93 is eating
601 35 is thinking
601 15 is thinking
601 15 has taken a fork
601 15 has taken a fork
601 15 is eating
601 71 has taken a fork
601 71 has taken a fork
601 71 is eating
601 35 has taken a fork
601 35 has taken a fork
601 35 is eating
601 75 is thinking
601 47 is thinking
601 47 has taken a fork
601 47 has taken a fork
601 47 is eating
601 31 is thinking
601 31 has taken a fork
601 31 has taken a fork
601 31 is eating
601 77 is thinking
601 77 has taken a fork
601 77 has taken a fork
601 77 is eating
601 63 is thinking
601 63 has taken a fork
601 63 has taken a fork
601 63 is eating
601 25 is thinking
601 25 has taken a fork
601 25 has taken a fork
601 25 is eating
601 97 is thinking
601 97 has taken a fork
601 97 has taken a fork
601 97 is eating
601 37 has taken a fork
601 37 has taken a fork
601 37 is eating
601 99 is thinking
601 99 has taken a fork
601 99 has taken a fork
601 99 is eating
601 53 is thinking
601 53 has taken a fork
601 53 has taken a fork
601 53 is eating
601 69 is thinking
601 69 has taken a fork
601 69 has taken a fork
601 69 is eating
601 41 has taken a fork
601 41 has taken a fork
601 41 is eating
601 65 is thinking
601 75 has taken a fork
601 75 has taken a fork
601 75 is eating
601 65 has taken a fork
601 65 has taken a fork
601 65 is eating
601 7 is thinking
601 7 has taken a fork
601 7 has taken a fork
601 7 is eating
601 55 is thinking
601 61 is thinking
601 83 is thinking
602 83 has taken a fork
602 83 has taken a fork
602 83 is eating
602 91 is thinking
602 91 has taken a fork
602 91 has taken a fork
602 91 is eating
602 23 is thinking
602 23 has taken a fork
602 23 has taken a fork
602 23 is eating
602 85 is thinking
602 85 has taken a fork
602 85 has taken a fork
602 85 is eating
602 33 is thinking
602 1 is thinking
602 1 has taken a fork
602 1 has taken a fork
602 1 is eating
602 13 is thinking
602 13 has taken a fork
602 13 has taken a fork
602 13 is eating
602 33 has taken a fork
602 33 has taken a fork
602 33 is eating
602 61 has taken a fork
602 61 has taken a fork
602 61 is eating
602 55 has taken a fork
602 55 has taken a fork
602 55 is eating
602 17 is thinking
602 17 has taken a fork
602 17 has taken a fork
602 17 is eating
700 19 is sleeping
700 49 is sleeping
700 79 is sleeping
700 29 is sleeping
700 30 is thinking
700 59 is sleeping
700 45 is sleeping
700 11 is sleeping
700 43 is sleeping
700 39 is sleeping
700 57 is sleeping
700 81 is sleeping
700 73 is sleeping
700 67 is sleeping
700 9 is sleeping
700 87 is sleeping
700 89 is sleeping
701 86 is thinking
701 71 is sleeping
701 21 is sleeping
701 38 is thinking
701 48 is thinking
701 75 is sleeping
701 8 is thinking
701 50 is thinking
701 62 is thinking
701 28 is thinking
701 88 is thinking
701 20 is thinking
701 38 has taken a fork
701 38 has taken a fork
701 38 is eating
701 42 is thinking
701 15 is sleeping
701 3 is sleeping
701 14 is thinking
701 30 has taken a fork
701 30 has taken a fork
701 30 is eating
701 93 is sleeping
701 40 is thinking
701 40 has taken a fork
701 40 has taken a fork
701 40 is eating
701 27 is sleeping
701 34 is thinking
701 18 is thinking
701 2 is thinking
701 65 is sleeping
701 25 is sleeping
701 58 is thinking
701 58 has taken a fork
701 58 has taken a fork
701 58 is eating
701 41 is sleeping
701 70 is thinking
701 70 has taken a fork
701 70 has taken a fork
701 70 is eating
701 60 is thinking
701 37 is sleeping
701 51 is sleeping
701 63 is sleeping
701 68 is thinking
701 68 has taken a fork
701 68 has taken a fork
701 68 is eating
701 36 is thinking
701 36 has taken a fork
701 36 has taken a fork
701 36 is eating
701 53 is sleeping
701 52 is thinking
701 52 has taken a fork
701 52 has taken a fork
701 52 is eating
701 50 has taken a fork
701 50 has taken a fork
701 50 is eating
701 97 is sleeping
702 84 is thinking
702 32 is thinking
702 24 is thinking
702 56 is thinking
702 66 is thinking
702 92 is thinking
702 31 is sleeping
702 92 has taken a fork
702 92 has taken a fork
702 92 is eating
702 14 has taken a fork
702 14 has taken a fork
702 14 is eating
702 47 is sleeping
702 82 is thinking
702 48 has taken a fork
702 48 has taken a fork
702 48 is eating
702 20 has taken a fork
702 20 has taken a fork
702 20 is eating
702 12 is thinking
702 12 has taken a fork
702 12 has taken a fork
702 12 is eating
702 8 has taken a fork
702 8 has taken a fork
702 8 is eating
702 1 is sleeping
702 85 is sleeping
702 55 is sleeping
702 5 is sleeping
702 83 is sleeping
702 35 is sleeping
702 78 is thinking
702 78 has taken a fork
702 78 has taken a fork
702 78 is eating
702 82 has taken a fork
702 82 has taken a fork
702 82 is eating
702 60 has taken a fork
702 60 has taken a fork
702 60 is eating
702 6 is thinking
702 10 is thinking
702 10 has taken a fork
702 10 has taken a fork
702 10 is eating
702 69 is sleeping
702 13 is sleeping
702 72 is thinking
702 72 has taken a fork
702 72 has taken a fork
702 72 is eating
702 90 is thinking
702 90 has taken a fork
702 90 has taken a fork
702 90 is eating
702 23 is sleeping
702 28 has taken a fork
702 28 has taken a fork
702 28 is eating
702 80 is thinking
702 80 has taken a fork
702 80 has taken a fork
702 80 is eating
703 99 is sleeping
703 96 is thinking
703 76 is thinking
703 96 has taken a fork
703 96 has taken a fork
703 96 is eating
703 44 is thinking
703 44 has taken a fork
703 44 has taken a fork
703 44 is eating
703 62 has taken a fork
703 62 has taken a fork
703 62 is eating
703 95 is sleeping
703 61 is sleeping
704 16 is thinking
704 16 has taken a fork
704 16 has taken a fork
704 16 is eating
704 86 has taken a fork
704 86 has taken a fork
704 86 is eating
704 26 is thinking
704 26 has taken a fork
704 26 has taken a fork
704 26 is eating
704 84 has taken a fork
704 84 has taken a fork
704 84 is eating
704 32 has taken a fork
704 32 has taken a fork
704 32 is eating
704 56 has taken a fork
704 56 has taken a fork
704 56 is eating
704 2 has taken a fork
704 2 has taken a fork
704 2 is eating
704 7 is sleeping
704 77 is sleeping
704 6 has taken a fork
704 6 has taken a fork
704 6 is eating
704 33 is sleeping
705 54 is thinking
705 54 has taken a fork
705 54 has taken a fork
705 54 is eating
705 4 is thinking
705 4 has taken a fork
705 4 has taken a fork
705 4 is eating
705 66 has taken a fork
705 66 has taken a fork
705 66 is eating
705 88 has taken a fork
705 88 has taken a fork
705 88 is eating
705 64 is thinking
705 64 has taken a fork
705 64 has taken a fork
705 64 is eating
705 76 has taken a fork
705 76 has taken a fork
705 76 is eating
705 24 has taken a fork
705 24 has taken a fork
705 24 is eating
705 98 is thinking
705 98 has taken a fork
705 98 has taken a fork
705 98 is eating
705 34 has taken a fork
705 34 has taken a fork
705 34 is eating
706 18 has taken a fork
706 18 has taken a fork
706 18 is eating
706 46 is thinking
706 46 has taken a fork
706 46 has taken a fork
706 46 is eating
706 42 has taken a fork
706 42 has taken a fork
706 42 is eating
706 91 is sleeping
706 100 is thinking
706 100 has taken a fork
706 100 has taken a fork
706 100 is eating
706 17 is sleeping
706 74 is thinking
706 74 has taken a fork
706 74 has taken a fork
706 74 is eating
706 94 is thinking
706 94 has taken a fork
706 94 has taken a fork
706 94 is eating
710 22 is thinking
710 22 has taken a fork
710 22 has taken a fork
710 22 is eating
801 40 is sleeping
801 68 is sleeping
801 70 is sleeping
801 50 is sleeping
801 52 is sleeping
801 36 is sleeping
801 30 is sleeping
801 58 is sleeping
802 72 is sleeping
802 82 is sleeping
802 8 is sleeping
802 48 is sleeping
802 10 is sleeping
802 20 is sleeping
802 28 is sleeping
802 90 is sleeping
802 78 is sleeping
802 60 is sleeping
802 12 is sleeping
802 92 is sleeping
802 38 is sleeping
803 6 is sleeping
803 2 is sleeping
803 84 is sleeping
803 56 is sleeping
803 96 is sleeping
803 80 is sleeping
803 14 is sleeping
803 62 is sleeping
803 88 is sleeping
803 32 is sleeping
803 44 is sleeping
804 42 is sleeping
804 18 is sleeping
804 66 is sleeping
805 64 is sleeping
805 54 is sleeping
805 4 is sleeping
805 86 is sleeping
805 24 is sleeping
805 76 is sleeping
805 98 is sleeping
805 34 is sleeping
805 16 is sleeping
806 100 is sleeping
806 74 is sleeping
806 46 is sleeping
806 94 is sleeping
806 26 is sleeping
810 22 is sleeping
900 39 is thinking
900 39 has taken a fork
900 39 has taken a fork
900 39 is eating
900 59 is thinking
900 29 is thinking
900 29 has taken a fork
900 29 has taken a fork
900 29 is eating
900 67 is thinking
900 11 is thinking
900 67 has taken a fork
900 67 has taken a fork
900 67 is eating
900 11 has taken a fork
900 11 has taken a fork
900 11 is eating
900 43 is thinking
900 43 has taken a fork
900 43 has taken a fork
900 43 is eating
900 19 is thinking
900 19 has taken a fork
900 19 has taken a fork
900 19 is eating
900 49 is thinking
900 49 has taken a fork
900 49 has taken a fork
900 49 is eating
900 81 is thinking
900 41 is thinking
900 41 has taken a fork
900 41 has taken a fork
900 41 is eating
900 9 is thinking
900 89 is thinking
900 89 has taken a fork
900 89 has taken a fork
900 89 is eating
900 81 has taken a fork
900 81 has taken a fork
900 81 is eating
900 57 is thinking
900 57 has taken a fork
900 57 has taken a fork
900 57 is eating
900 79 is thinking
900 79 has taken a fork
900 79 has taken a fork
900 79 is eating
900 73 is thinking
900 73 has taken a fork
900 73 has taken a fork
900 73 is eating
900 59 has taken a fork
900 59 has taken a fork
900 59 is eating
900 3 is thinking
900 3 has taken a fork
900 3 has taken a fork
900 3 is eating
900 9 has taken a fork
900 9 has taken a fork
900 9 is eating
900 87 is thinking
900 87 has taken a fork
900 87 has taken a fork
900 87 is eating
900 37 is thinking
900 37 has taken a fork
900 37 has taken a fork
900 37 is eating
901 47 is thinking
901 47 has taken a fork
901 47 has taken a fork
901 47 is eating
901 63 is thinking
901 53 is thinking
901 27 is thinking
901 35 is thinking
901 5 is thinking
901 77 is thinking
901 99 is thinking
901 5 has taken a fork
901 5 has taken a fork
901 5 is eating
901 77 has taken a fork
901 77 has taken a fork
901 77 is eating
901 75 is thinking
901 31 is thinking
901 21 is thinking
901 25 is thinking
901 31 has taken a fork
901 31 has taken a fork
901 31 is eating
901 63 has taken a fork
901 63 has taken a fork
901 63 is eating
901 27 has taken a fork
901 27 has taken a fork
901 27 is eating
901 99 has taken a fork
901 99 has taken a fork
901 99 is eating
901 97 is thinking
901 97 has taken a fork
901 97 has taken a fork
901 97 is eating
901 71 is thinking
901 71 has taken a fork
901 71 has taken a fork
901 71 is eating
901 75 has taken a fork
901 75 has taken a fork
901 75 is eating
901 51 is thinking
901 51 has taken a fork
901 51 has taken a fork
901 51 is eating
901 53 has taken a fork
901 53 has taken a fork
901 53 is eating
901 25 has taken a fork
901 25 has taken a fork
901 25 is eating
901 95 is thinking
901 95 has taken a fork
901 95 has taken a fork
901 95 is eating
901 35 has taken a fork
901 35 has taken a fork
901 35 is eating
901 7 is thinking
901 7 has taken a fork
901 7 has taken a fork
901 7 is eating
901 45 is thinking
901 45 has taken a fork
901 45 has taken a fork
901 45 is eating
901 93 is thinking
901 93 has taken a fork
901 93 has taken a fork
901 93 is eating
901 21 has taken a fork
901 21 has taken a fork
901 21 is eating
901 15 is thinking
901 15 has taken a fork
901 15 has taken a fork
901 15 is eating
901 55 is thinking
901 55 has taken a fork
901 55 has taken a fork
901 55 is eating
902 23 is thinking
902 23 has taken a fork
902 23 has taken a fork
902 23 is eating
902 1 is thinking
902 1 has taken a fork
902 1 has taken a fork
902 1 is eating
902 65 is thinking
902 65 has taken a fork
902 65 has taken a fork
902 65 is eating
902 69 is thinking
902 69 has taken a fork
902 69 has taken a fork
902 69 is eating
902 13 is thinking
902 13 has taken a fork
902 13 has taken a fork
902 13 is eating
902 85 is thinking
902 85 has taken a fork
902 85 has taken a fork
902 85 is eating
902 91 is thinking
902 91 has taken a fork
902 91 has taken a fork
902 91 is eating
903 83 is thinking
903 83 has taken a fork
903 83 has taken a fork
903 83 is eating
903 17 is thinking
903 17 has taken a fork
903 17 has taken a fork
903 17 is eating
903 33 is thinking
903 33 has taken a fork
903 33 has taken a fork
903 33 is eating
904 61 is thinking
907 61 has taken a fork
907 61 has taken a fork
907 61 is eating
1000 43 is sleeping
1000 87 is sleeping
1000 49 is sleeping
1000 57 is sleeping
1000 67 is sleeping
1000 73 is sleeping
1000 41 is sleeping
1000 3 is sleeping
1000 59 is sleeping
1000 11 is sleeping
1000 29 is sleeping
1000 9 is sleeping
1000 39 is sleeping
1000 81 is sleeping
1000 37 is sleeping
1000 89 is sleeping
1000 19 is sleeping
1000 79 is sleeping
1001 50 is thinking
1001 52 is thinking
1001 58 is thinking
1001 36 is thinking
1001 42 is thinking
1001 97 is sleeping
1001 7 is sleeping
1001 15 is sleeping
1001 28 is thinking
1001 75 is sleeping
1001 27 is sleeping
1001 99 is sleeping
1001 51 is sleeping
1001 55 is sleeping
1001 5 is sleeping
1001 48 is thinking
1001 48 has taken a fork
1001 48 has taken a fork
1001 48 is eating
1001 45 is sleeping
1001 40 is thinking
1001 53 is sleeping
1001 52 has taken a fork
1001 52 has taken a fork
1001 52 is eating
1001 77 is sleeping
1001 42 has taken a fork
1001 42 has taken a fork
1001 42 is eating
1001 95 is sleeping
1001 58 has taken a fork
1001 58 has taken a fork
1001 58 is eating
1001 38 is thinking
1001 38 has taken a fork
1001 38 has taken a fork
1001 38 is eating
1001 31 is sleeping
1001 68 is thinking
1001 28 has taken a fork
1001 28 has taken a fork
1001 28 is eating
1001 35 is sleeping
1001 8 is thinking
1001 8 has taken a fork
1001 8 has taken a fork
1001 8 is eating
1001 71 is sleeping
1001 63 is sleeping
1001 25 is sleeping
1001 30 is thinking
1001 30 has taken a fork
1001 30 has taken a fork
1001 30 is eating
1001 88 is thinking
1001 88 has taken a fork
1001 88 has taken a fork
1001 88 is eating
1001 20 is thinking
1001 20 has taken a fork
1001 20 has taken a fork
1001 20 is eating
1001 36 has taken a fork
1001 36 has taken a fork
1001 36 is eating
1002 10 is thinking
1002 65 is sleeping
1002 1 is sleeping
1002 84 is thinking
1002 14 is thinking
1002 69 is sleeping
1002 14 has taken a fork
1002 14 has taken a fork
1002 14 is eating
1002 12 is thinking
1002 12 has taken a fork
1002 12 has taken a fork
1002 12 is eating
1002 10 has taken a fork
1002 10 has taken a fork
1002 10 is eating
1002 66 is thinking
1002 70 is thinking
1002 80 is thinking
1002 72 is thinking
1002 80 has taken a fork
1002 80 has taken a fork
1002 80 is eating
1002 85 is sleeping
1002 92 is thinking
1002 78 is thinking
1002 93 is sleeping
1002 78 has taken a fork
1002 78 has taken a fork
1002 78 is eating
1002 40 has taken a fork
1002 40 has taken a fork
1002 40 is eating
1002 86 is thinking
1002 86 has taken a fork
1002 86 has taken a fork
1002 86 is eating
1002 34 is thinking
1002 32 is thinking
1002 90 is thinking
1002 90 has taken a fork
1002 90 has taken a fork
1002 90 is eating
1002 18 is thinking
1002 47 is sleeping
1002 13 is sleeping
1002 91 is sleeping
1002 72 has taken a fork
1002 72 has taken a fork
1002 72 is eating
1002 2 is thinking
1002 2 has taken a fork
1002 2 has taken a fork
1002 2 is eating
1002 92 has taken a fork
1002 92 has taken a fork
1002 92 is eating
1002 23 is sleeping
1002 6 is thinking
1002 6 has taken a fork
1002 6 has taken a fork
1002 6 is eating
1002 62 is thinking
1002 56 is thinking
1002 56 has taken a fork
1002 56 has taken a fork
1002 56 is eating
1002 66 has taken a fork
1002 66 has taken a fork
1002 66 is eating
1002 70 has taken a fork
1002 70 has taken a fork
1002 70 is eating
1003 82 is thinking
1003 82 has taken a fork
1003 82 has taken a fork
1003 82 is eating
1003 44 is thinking
1003 44 has taken a fork
1003 44 has taken a fork
1003 44 is eating
1003 50 has taken a fork
1003 50 has taken a fork
1003 50 is eating
1003 84 has taken a fork
1003 84 has taken a fork
1003 84 is eating
1003 83 is sleeping
1003 17 is sleeping
1003 33 is sleeping
1003 21 is sleeping
1003 60 is thinking
1003 34 has taken a fork
1003 34 has taken a fork
1003 34 is eating
1003 18 has taken a fork
1003 18 has taken a fork
1003 18 is eating
1003 68 has taken a fork
1003 68 has taken a fork
1003 68 is eating
1003 24 is thinking
1003 24 has taken a fork
1003 24 has taken a fork
1003 24 is eating
1003 76 is thinking
1003 76 has taken a fork
1003 76 has taken a fork
1003 76 is eating
1003 96 is thinking
1003 32 has taken a fork
1003 32 has taken a fork
1003 32 is eating
1003 96 has taken a fork
1003 96 has taken a fork
1003 96 is eating
1004 16 is thinking
1004 16 has taken a fork
1004 16 has taken a fork
1004 16 is eating
1004 26 is thinking
1004 26 has taken a fork
1004 26 has taken a fork
1004 26 is eating
1005 4 is thinking
1005 4 has taken a fork
1005 4 has taken a fork
1005 4 is eating
1005 54 is thinking
1005 54 has taken a fork
1005 54 has taken a fork
1005 54 is eating
1005 64 is thinking
1005 64 has taken a fork
1005 64 has taken a fork
1005 64 is eating
1005 98 is thinking
1005 98 has taken a fork
1005 98 has taken a fork
1005 98 is eating
1006 100 is thinking
1006 100 has taken a fork
1006 100 has taken a fork
1006 100 is eating
1006 46 is thinking
1006 46 has taken a fork
1006 46 has taken a fork
1006 46 is eating
1006 94 is thinking
1006 94 has taken a fork
1006 94 has taken a fork
1006 94 is eating
1006 74 is thinking
1006 74 has taken a fork
1006 74 has taken a fork
1006 74 is eating
1007 61 is sleeping
1007 60 has taken a fork
1007 60 has taken a fork
1007 60 is eating
1007 62 has taken a fork
1007 62 has taken a fork
1007 62 is eating
1010 22 is thinking
1010 22 has taken a fork
1010 22 has taken a fork
1010 22 is eating
1101 36 is sleeping
1101 42 is sleeping
1101 52 is sleeping
1101 58 is sleeping
1101 38 is sleeping
1101 30 is sleeping
1101 8 is sleeping
1101 48 is sleeping
1101 28 is sleeping
1101 88 is sleeping
1101 20 is sleeping
1102 66 is sleeping
1102 40 is sleeping
1102 12 is sleeping
1102 6 is sleeping
1102 56 is sleeping
1102 72 is sleeping
1102 50 is sleeping
1102 78 is sleeping
1102 90 is sleeping
1102 14 is sleeping
1102 92 is sleeping
1102 80 is sleeping
1102 10 is sleeping
1102 2 is sleeping
1103 24 is sleeping
1103 18 is sleeping
1103 34 is sleeping
1103 96 is sleeping
1103 76 is sleeping
1103 68 is sleeping
1103 70 is sleeping
1103 32 is sleeping
1103 44 is sleeping
1103 82 is sleeping
1104 26 is sleeping
1104 16 is sleeping
1105 64 is sleeping
1105 98 is sleeping
1105 86 is sleeping
1105 4 is sleeping
1106 74 is sleeping
1106 94 is sleeping
1106 46 is sleeping
1106 100 is sleeping
1106 54 is sleeping
1106 84 is sleeping
1107 60 is sleeping
1107 62 is sleeping
1114 22 is sleeping
1200 89 is thinking
1200 39 is thinking
1200 73 is thinking
1200 41 is thinking
1200 37 is thinking
1200 41 has taken a fork
1200 41 has taken a fork
1200 41 is eating
1200 19 is thinking
1200 3 is thinking
1200 3 has taken a fork
1200 3 has taken a fork
1200 3 is eating
1200 43 is thinking
1200 43 has taken a fork
1200 43 has taken a fork
1200 43 is eating
1200 81 is thinking
1200 81 has taken a fork
1200 81 has taken a fork
1200 81 is eating
1200 67 is thinking
1200 73 has taken a fork
1200 73 has taken a fork
1200 73 is eating
1200 67 has taken a fork
1200 67 has taken a fork
1200 67 is eating
1200 49 is thinking
1200 49 has taken a fork
1200 49 has taken a fork
1200 49 is eating
1200 29 is thinking
1200 29 has taken a fork
1200 29 has taken a fork
1200 29 is eating
1200 59 is thinking
1200 59 has taken a fork
1200 59 has taken a fork
1200 59 is eating
1200 89 has taken a fork
1200 89 has taken a fork
1200 89 is eating
1200 87 is thinking
1200 87 has taken a fork
1200 87 has taken a fork
1200 87 is eating
1200 79 is thinking
1200 79 has taken a fork
1200 79 has taken a fork
1200 79 is eating
1201 21 is thinking
1201 5 is thinking
1201 21 has taken a fork
1201 21 has taken a fork
1201 21 is eating
1201 5 has taken a fork
1201 5 has taken a fork
1201 5 is eating
1201 77 is thinking
1201 77 has taken a fork
1201 77 has taken a fork
1201 77 is eating
1201 25 is thinking
1201 75 is thinking
1201 47 is thinking
1201 75 has taken a fork
1201 75 has taken a fork
1201 75 is eating
1201 7 is thinking
1201 97 is thinking
1201 97 has taken a fork
1201 97 has taken a fork
1201 97 is eating
1201 35 is thinking
1201 7 has taken a fork
1201 7 has taken a fork
1201 7 is eating
1201 35 has taken a fork
1201 35 has taken a fork
1201 35 is eating
1201 39 has taken a fork
1201 39 has taken a fork
1201 39 is eating
1201 37 has taken a fork
1201 37 has taken a fork
1201 37 is eating
1201 71 is thinking
1201 71 has taken a fork
1201 71 has taken a fork
1201 71 is eating
1201 25 has taken a fork
1201 25 has taken a fork
1201 25 is eating
1201 47 has taken a fork
1201 47 has taken a fork
1201 47 is eating
1201 19 has taken a fork
1201 19 has taken a fork
1201 19 is eating
1201 55 is thinking
1201 55 has taken a fork
1201 55 has taken a fork
1201 55 is eating
1201 93 is thinking
1201 93 has taken a fork
1201 93 has taken a fork
1201 93 is eating
1201 11 is thinking
1201 27 is thinking
1201 11 has taken a fork
1201 11 has taken a fork
1201 11 is eating
1201 15 is thinking
1201 15 has taken a fork
1201 15 has taken a fork
1201 15 is eating
1201 63 is thinking
1201 53 is thinking
1202 53 has taken a fork
1202 53 has taken a fork
1202 53 is eating
1202 9 is thinking
1202 9 has taken a fork
1202 9 has taken a fork
1202 9 is eating
1202 99 is thinking
1202 13 is thinking
1202 99 has taken a fork
1202 99 has taken a fork
1202 99 is eating
1202 13 has taken a fork
1202 13 has taken a fork
1202 13 is eating
1202 95 is thinking
1202 95 has taken a fork
1202 95 has taken a fork
1202 95 is eating
1202 69 is thinking
1202 69 has taken a fork
1202 69 has taken a fork
1202 69 is eating
1202 1 is thinking
1202 27 has taken a fork
1202 27 has taken a fork
1202 27 is eating
1202 1 has taken a fork
1202 1 has taken a fork
1202 1 is eating
1202 63 has taken a fork
1202 63 has taken a fork
1202 63 is eating
1202 85 is thinking
1202 85 has taken a fork
1202 85 has taken a fork
1202 85 is eating
1202 65 is thinking
1202 65 has taken a fork
1202 65 has taken a fork
1202 65 is eating
1202 31 is thinking
1202 31 has taken a fork
1202 31 has taken a fork
1202 31 is eating
1202 23 is thinking
1202 23 has taken a fork
1202 23 has taken a fork
1202 23 is eating
1203 33 is thinking
1203 33 has taken a fork
1203 33 has taken a fork
1203 33 is eating
1203 17 is thinking
1203 17 has taken a fork
1203 17 has taken a fork
1203 17 is eating
1203 83 is thinking
1203 83 has taken a fork
1203 83 has taken a fork
1203 83 is eating
1203 51 is thinking
1203 51 has taken a fork
1203 51 has taken a fork
1203 51 is eating
1203 57 is thinking
1203 57 has taken a fork
1203 57 has taken a fork
1203 57 is eating
1203 45 is thinking
1203 45 has taken a fork
1203 45 has taken a fork
1203 45 is eating
1203 91 is thinking
1203 91 has taken a fork
1203 91 has taken a fork
1203 91 is eating
1207 61 is thinking
1207 61 has taken a fork
1207 61 has taken a fork
1207 61 is eating
1300 73 is sleeping
1300 3 is sleeping
1300 43 is sleeping
1300 87 is sleeping
1300 67 is sleeping
1300 29 is sleeping
1300 81 is sleeping
1300 59 is sleeping
1300 79 is sleeping
1300 49 is sleeping
1300 89 is sleeping
1300 41 is sleeping
1301 8 is thinking
1301 88 is thinking
1301 88 has taken a fork
1301 88 has taken a fork
1301 88 is eating
1301 25 is sleeping
1301 77 is sleeping
1301 38 is thinking
1301 30 is thinking
1301 36 is thinking
1301 71 is sleeping
1301 52 is thinking
1301 28 is thinking
1301 55 is sleeping
1301 40 is thinking
1301 7 is sleeping
1301 58 is thinking
1301 19 is sleeping
1301 50 is thinking
1301 39 is sleeping
1301 75 is sleeping
1301 38 has taken a fork
1301 38 has taken a fork
1301 38 is eating
1301 5 is sleeping
1301 36 has taken a fork
1301 36 has taken a fork
1301 36 is eating
1301 11 is sleeping
1301 97 is sleeping
1301 40 has taken a fork
1301 40 has taken a fork
1301 40 is eating
1301 20 is thinking
1301 20 has taken a fork
1301 20 has taken a fork
1301 20 is eating
1301 15 is sleeping
1301 47 is sleeping
1301 21 is sleeping
1301 48 is thinking
1301 37 is sleeping
1301 35 is sleeping
1301 93 is sleeping
1301 42 is thinking
1301 42 has taken a fork
1301 42 has taken a fork
1301 42 is eating
1301 48 has taken a fork
1301 48 has taken a fork
1301 48 is eating
1302 31 is sleeping
1302 53 is sleeping
1302 9 is sleeping
1302 2 is thinking
1302 56 is thinking
1302 6 is thinking
1302 10 is thinking
1302 27 is sleeping
1302 8 has taken a fork
1302 8 has taken a fork
1302 8 is eating
1302 66 is thinking
1302 85 is sleeping
1302 68 is thinking
1302 99 is sleeping
1302 65 is sleeping
1302 30 has taken a fork
1302 30 has taken a fork
1302 30 is eating
1302 86 is thinking
1302 86 has taken a fork
1302 86 has taken a fork
1302 86 is eating
1302 69 is sleeping
1302 6 has taken a fork
1302 6 has taken a fork
1302 6 is eating
1302 10 has taken a fork
1302 10 has taken a fork
1302 10 is eating
1302 72 is thinking
1302 66 has taken a fork
1302 66 has taken a fork
1302 66 is eating
1302 72 has taken a fork
1302 72 has taken a fork
1302 72 is eating
1302 1 is sleeping
1302 80 is thinking
1302 80 has taken a fork
1302 80 has taken a fork
1302 80 is eating
1302 90 is thinking
1302 70 is thinking
1302 70 has taken a fork
1302 70 has taken a fork
1302 70 is eating
1302 95 is sleeping
1302 14 is thinking
1302 14 has taken a fork
1302 14 has taken a fork
1302 14 is eating
1302 2 has taken a fork
1302 2 has taken a fork
1302 2 is eating
1302 63 is sleeping
1302 92 is thinking
1302 28 has taken a fork
1302 28 has taken a fork
1302 28 is eating
1303 32 is thinking
1303 44 is thinking
1303 44 has taken a fork
1303 44 has taken a fork
1303 44 is eating
1303 24 is thinking
1303 82 is thinking
1303 52 has taken a fork
1303 52 has taken a fork
1303 52 is eating
1303 45 is sleeping
1303 56 has taken a fork
1303 56 has taken a fork
1303 56 is eating
1303 12 is thinking
1303 84 is thinking
1303 12 has taken a fork
1303 12 has taken a fork
1303 12 is eating
1303 91 is sleeping
1303 78 is thinking
1303 83 is sleeping
1303 18 is thinking
1303 82 has taken a fork
1303 82 has taken a fork
1303 82 is eating
1303 58 has taken a fork
1303 58 has taken a fork
1303 58 is eating
1303 57 is sleeping
1303 84 has taken a fork
1303 84 has taken a fork
1303 84 is eating
1303 76 is thinking
1303 76 has taken a fork
1303 76 has taken a fork
1303 76 is eating
1303 13 is sleeping
1303 96 is thinking
1303 78 has taken a fork
1303 78 has taken a fork
1303 78 is eating
1303 34 is thinking
1303 34 has taken a fork
1303 34 has taken a fork
1303 34 is eating
1303 68 has taken a fork
1303 68 has taken a fork
1303 68 is eating
1303 23 is sleeping
1303 17 is sleeping
1303 32 has taken a fork
1303 32 has taken a fork
1303 32 is eating
1303 90 has taken a fork
1303 90 has taken a fork
1303 90 is eating
1303 51 is sleeping
1304 26 is thinking
1304 33 is sleeping
1304 24 has taken a fork
1304 24 has taken a fork
1304 24 is eating
1304 16 is thinking
1304 16 has taken a fork
1304 16 has taken a fork
1304 16 is eating
1304 92 has taken a fork
1304 92 has taken a fork
1304 92 is eating
1304 26 has taken a fork
1304 26 has taken a fork
1304 26 is eating
1304 96 has taken a fork
1304 96 has taken a fork
1304 96 is eating
1304 18 has taken a fork
1304 18 has taken a fork
1304 18 is eating
1304 50 has taken a fork
1304 50 has taken a fork
1304 50 is eating
1305 54 is thinking
1305 54 has taken a fork
1305 54 has taken a fork
1305 54 is eating
1305 4 is thinking
1305 4 has taken a fork
1305 4 has taken a fork
1305 4 is eating
1305 64 is thinking
1305 64 has taken a fork
1305 64 has taken a fork
1305 64 is eating
1305 98 is thinking
1305 98 has taken a fork
1305 98 has taken a fork
1305 98 is eating
1306 100 is thinking
1306 100 has taken a fork
1306 100 has taken a fork
1306 100 is eating
1306 46 is thinking
1306 46 has taken a fork
1306 46 has taken a fork
1306 46 is eating
1306 94 is thinking
1306 94 has taken a fork
1306 94 has taken a fork
1306 94 is eating
1306 74 is thinking
1306 74 has taken a fork
1306 74 has taken a fork
1306 74 is eating
1307 61 is sleeping
1307 62 is thinking
1307 62 has taken a fork
1307 62 has taken a fork
1307 62 is eating
1307 60 is thinking
1307 60 has taken a fork
1307 60 has taken a fork
1307 60 is eating
1310 22 is thinking
1310 22 has taken a fork
1310 22 has taken a fork
1310 22 is eating
1401 42 is sleeping
1401 40 is sleeping
1401 48 is sleeping
1401 36 is sleeping
1401 38 is sleeping
1401 88 is sleeping
1401 20 is sleeping
1402 80 is sleeping
1402 72 is sleeping
1402 66 is sleeping
1402 14 is sleeping
1402 2 is sleeping
1402 86 is sleeping
1402 70 is sleeping
1402 10 is sleeping
1402 6 is sleeping
1402 30 is sleeping
1403 44 is sleeping
1403 76 is sleeping
1403 28 is sleeping
1403 78 is sleeping
1403 34 is sleeping
1403 52 is sleeping
1403 56 is sleeping
1403 68 is sleeping
1403 32 is sleeping
1403 90 is sleeping
1403 82 is sleeping
1403 84 is sleeping
1403 58 is sleeping
1403 12 is sleeping
1404 24 is sleeping
1404 26 is sleeping
1404 92 is sleeping
1404 16 is sleeping
1404 96 is sleeping
1404 18 is sleeping
1404 50 is sleeping
1405 98 is sleeping
1405 64 is sleeping
1405 4 is sleeping
1405 54 is sleeping
1406 94 is sleeping
1406 74 is sleeping
1406 46 is sleeping
1406 100 is sleeping
1406 8 is sleeping
1407 60 is sleeping
1407 62 is sleeping
1410 22 is sleeping
1500 67 is thinking
1500 67 has taken a fork
1500 67 has taken a fork
1500 67 is eating
1500 87 is thinking
1500 87 has taken a fork
1500 87 has taken a fork
1500 87 is eating
1500 37 is thinking
1500 73 is thinking
1500 39 is thinking
1500 39 has taken a fork
1500 39 has taken a fork
1500 39 is eating
1500 41 is thinking
1500 29 is thinking
1500 29 has taken a fork
1500 29 has taken a fork
1500 29 is eating
1500 43 is thinking
1500 43 has taken a fork
1500 43 has taken a fork
1500 43 is eating
1500 19 is thinking
1500 19 has taken a fork
1500 19 has taken a fork
1500 19 is eating
1500 49 is thinking
1500 89 is thinking
1500 73 has taken a fork
1500 73 has taken a fork
1500 73 is eating
1500 89 has taken a fork
1500 89 has taken a fork
1500 89 is eating
1500 37 has taken a fork
1500 37 has taken a fork
1500 37 is eating
1500 81 is thinking
1500 49 has taken a fork
1500 49 has taken a fork
1500 49 is eating
1500 79 is thinking
1500 79 has taken a fork
1500 79 has taken a fork
1500 79 is eating
1500 3 is thinking
1500 3 has taken a fork
1500 3 has taken a fork
1500 3 is eating
1500 81 has taken a fork
1500 81 has taken a fork
1500 81 is eating
1500 59 is thinking
1500 59 has taken a fork
1500 59 has taken a fork
1500 59 is eating
1500 41 has taken a fork
1500 41 has taken a fork
1500 41 is eating
1501 77 is thinking
1501 77 has taken a fork
1501 77 has taken a fork
1501 77 is eating
1501 47 is thinking
1501 15 is thinking
1501 15 has taken a fork
1501 15 has taken a fork
1501 15 is eating
1501 35 is thinking
1501 71 is thinking
1501 93 is thinking
1501 93 has taken a fork
1501 93 has taken a fork
1501 93 is eating
1501 75 is thinking
1501 75 has taken a fork
1501 75 has taken a fork
1501 75 is eating
1501 47 has taken a fork
1501 47 has taken a fork
1501 47 is eating
1501 7 is thinking
1501 21 is thinking
1501 21 has taken a fork
1501 21 has taken a fork
1501 21 is eating
1501 71 has taken a fork
1501 71 has taken a fork
1501 71 is eating
1501 55 is thinking
1501 55 has taken a fork
1501 55 has taken a fork
1501 55 is eating
1501 35 has taken a fork
1501 35 has taken a fork
1501 35 is eating
1501 7 has taken a fork
1501 7 has taken a fork
1501 7 is eating
1501 25 is thinking
1501 25 has taken a fork
1501 25 has taken a fork
1501 25 is eating
1501 11 is thinking
1501 11 has taken a fork
1501 11 has taken a fork
1501 11 is eating
1501 5 is thinking
1501 5 has taken a fork
1501 5 has taken a fork
1501 5 is eating
1501 27 is thinking
1501 27 has taken a fork
1501 27 has taken a fork
1501 27 is eating
1501 97 is thinking
1501 97 has taken a fork
1501 97 has taken a fork
1501 97 is eating
1502 53 is thinking
1502 53 has taken a fork
1502 53 has taken a fork
1502 53 is eating
1502 13 is thinking
1502 13 has taken a fork
1502 13 has taken a fork
1502 13 is eating
1502 9 is thinking
1502 65 is thinking
1502 65 has taken a fork
1502 65 has taken a fork
1502 65 is eating
1502 69 is thinking
1502 23 is thinking
1502 23 has taken a fork
1502 23 has taken a fork
1502 23 is eating
1502 85 is thinking
1502 85 has taken a fork
1502 85 has taken a fork
1502 85 is eating
1502 95 is thinking
1502 95 has taken a fork
1502 95 has taken a fork
1502 95 is eating
1502 31 is thinking
1502 63 is thinking
1502 63 has taken a fork
1502 63 has taken a fork
1502 63 is eating
1502 9 has taken a fork
1502 9 has taken a fork
1502 9 is eating
1502 1 is thinking
1502 1 has taken a fork
1502 1 has taken a fork
1502 1 is eating
1502 99 is thinking
1502 31 has taken a fork
1502 31 has taken a fork
1502 31 is eating
1502 69 has taken a fork
1502 69 has taken a fork
1502 69 is eating
1502 99 has taken a fork
1502 99 has taken a fork
1502 99 is eating
1503 57 is thinking
1503 51 is thinking
1503 51 has taken a fork
1503 51 has taken a fork
1503 51 is eating
1503 33 is thinking
1503 33 has taken a fork
1503 33 has taken a fork
1503 33 is eating
1503 91 is thinking
1503 91 has taken a fork
1503 91 has taken a fork
1503 91 is eating
1503 83 is thinking
1503 83 has taken a fork
1503 83 has taken a fork
1503 83 is eating
1503 45 is thinking
1503 45 has taken a fork
1503 45 has taken a fork
1503 45 is eating
1503 57 has taken a fork
1503 57 has taken a fork
1503 57 is eating
1503 17 is thinking
1503 17 has taken a fork
1503 17 has taken a fork
1503 17 is eating
1507 61 is thinking
1507 61 has taken a fork
1507 61 has taken a fork
1507 61 is eating
1600 89 is sleeping
1600 67 is sleeping
1600 37 is sleeping
1600 29 is sleeping
1600 81 is sleeping
1600 3 is sleeping
1600 41 is sleeping
1600 49 is sleeping
1600 43 is sleeping
1600 79 is sleeping
1600 19 is sleeping
1600 59 is sleeping
1600 87 is sleeping
1600 73 is sleeping
1600 39 is sleeping
1601 88 is thinking
1601 88 has taken a fork
1601 88 has taken a fork
1601 88 is eating
1601 5 is sleeping
1601 48 is thinking
1601 38 is thinking
1601 97 is sleeping
1601 36 is thinking
1601 21 is sleeping
1601 7 is sleeping
1601 42 is thinking
1601 42 has taken a fork
1601 42 has taken a fork
1601 42 is eating
1601 71 is sleeping
1601 77 is sleeping
1601 20 is thinking
1601 20 has taken a fork
1601 20 has taken a fork
1601 20 is eating
1601 38 has taken a fork
1601 38 has taken a fork
1601 38 is eating
1601 40 is thinking
1601 40 has taken a fork
1601 40 has taken a fork
1601 40 is eating
1601 36 has taken a fork
1601 36 has taken a fork
1601 36 is eating
1601 11 is sleeping
1601 93 is sleeping
1601 35 is sleeping
1601 15 is sleeping
1601 47 is sleeping
1601 27 is sleeping
1601 25 is sleeping
1601 55 is sleeping
1601 75 is sleeping
1601 48 has taken a fork
1601 48 has taken a fork
1601 48 is eating
1602 80 is thinking
1602 80 has taken a fork
1602 80 has taken a fork
1602 80 is eating
1602 6 is thinking
1602 6 has taken a fork
1602 6 has taken a fork
1602 6 is eating
1602 2 is thinking
1602 53 is sleeping
1602 72 is thinking
1602 30 is thinking
1602 28 is thinking
1602 28 has taken a fork
1602 28 has taken a fork
1602 28 is eating
1602 70 is thinking
1602 63 is sleeping
1602 99 is sleeping
1602 14 is thinking
1602 95 is sleeping
1602 70 has taken a fork
1602 70 has taken a fork
1602 70 is eating
1602 65 is sleeping
1602 1 is sleeping
1602 85 is sleeping
1602 9 is sleeping
1602 68 is thinking
1602 68 has taken a fork
1602 68 has taken a fork
1602 68 is eating
1602 2 has taken a fork
1602 2 has taken a fork
1602 2 is eating
1602 8 is thinking
1602 8 has taken a fork
1602 8 has taken a fork
1602 8 is eating
1602 13 is sleeping
1602 10 is thinking
1602 10 has taken a fork
1602 10 has taken a fork
1602 10 is eating
1602 66 is thinking
1602 23 is sleeping
1602 14 has taken a fork
1602 14 has taken a fork
1602 14 is eating
1602 72 has taken a fork
1602 72 has taken a fork
1602 72 is eating
1602 30 has taken a fork
1602 30 has taken a fork
1602 30 is eating
1602 66 has taken a fork
1602 66 has taken a fork
1602 66 is eating
1602 69 is sleeping
1602 31 is sleeping
1602 86 is thinking
1602 86 has taken a fork
1602 86 has taken a fork
1602 86 is eating
1603 90 is thinking
1603 96 is thinking
1603 24 is thinking
1603 24 has taken a fork
1603 24 has taken a fork
1603 24 is eating
1603 96 has taken a fork
1603 96 has taken a fork
1603 96 is eating
1603 78 is thinking
1603 78 has taken a fork
1603 78 has taken a fork
1603 78 is eating
1603 52 is thinking
1603 92 is thinking
1603 50 is thinking
1603 76 is thinking
1603 76 has taken a fork
1603 76 has taken a fork
1603 76 is eating
1603 34 is thinking
1603 83 is sleeping
1603 33 is sleeping
1603 12 is thinking
1603 17 is sleeping
1603 51 is sleeping
1603 52 has taken a fork
1603 52 has taken a fork
1603 52 is eating
1603 18 is thinking
1603 58 is thinking
1603 58 has taken a fork
1603 58 has taken a fork
1603 58 is eating
1603 90 has taken a fork
1603 90 has taken a fork
1603 90 is eating
1603 32 is thinking
1603 32 has taken a fork
1603 32 has taken a fork
1603 32 is eating
1603 92 has taken a fork
1603 92 has taken a fork
1603 92 is eating
1603 18 has taken a fork
1603 18 has taken a fork
1603 18 is eating
1603 84 is thinking
1603 84 has taken a fork
1603 84 has taken a fork
1603 84 is eating
1603 50 has taken a fork
1603 50 has taken a fork
1603 50 is eating
1603 34 has taken a fork
1603 34 has taken a fork
1603 34 is eating
1603 56 is thinking
1603 56 has taken a fork
1603 56 has taken a fork
1603 56 is eating
1603 91 is sleeping
1603 12 has taken a fork
1603 12 has taken a fork
1603 12 is eating
1603 82 is thinking
1603 82 has taken a fork
1603 82 has taken a fork
1603 82 is eating
1603 44 is thinking
1603 44 has taken a fork
1603 44 has taken a fork
1603 44 is eating
1603 57 is sleeping
1604 16 is thinking
1604 16 has taken a fork
1604 16 has taken a fork
1604 16 is eating
1604 45 is sleeping
1604 26 is thinking
1604 26 has taken a fork
1604 26 has taken a fork
1604 26 is eating
1605 54 is thinking
1605 54 has taken a fork
1605 54 has taken a fork
1605 54 is eating
1605 64 is thinking
1605 64 has taken a fork
1605 64 has taken a fork
1605 64 is eating
1605 98 is thinking
1605 98 has taken a fork
1605 98 has taken a fork
1605 98 is eating
1605 4 is thinking
1605 4 has taken a fork
1605 4 has taken a fork
1605 4 is eating
1606 94 is thinking
1606 94 has taken a fork
1606 94 has taken a fork
1606 94 is eating
1606 74 is thinking
1606 74 has taken a fork
1606 74 has taken a fork
1606 74 is eating
1606 100 is thinking
1606 100 has taken a fork
1606 100 has taken a fork
1606 100 is eating
1606 46 is thinking
1606 46 has taken a fork
1606 46 has taken a fork
1606 46 is eating
1607 62 is thinking
1607 60 is thinking
1607 60 has taken a fork
1607 60 has taken a fork
1607 60 is eating
1607 62 has taken a fork
1607 62 has taken a fork
1607 62 is eating
1607 61 is sleeping
1610 22 is thinking
1610 22 has taken a fork
1610 22 has taken a fork
1610 22 is eating
1701 38 is sleeping
1701 40 is sleeping
1701 48 is sleeping
1701 88 is sleeping
1701 36 is sleeping
1701 20 is sleeping
1701 42 is sleeping
1702 28 is sleeping
1702 10 is sleeping
1702 80 is sleeping
1702 72 is sleeping
1702 30 is sleeping
1702 6 is sleeping
1702 66 is sleeping
1702 8 is sleeping
1702 2 is sleeping
1702 14 is sleeping
1702 70 is sleeping
1702 68 is sleeping
1702 86 is sleeping
1703 24 is sleeping
1703 52 is sleeping
1703 18 is sleeping
1703 50 is sleeping
1703 34 is sleeping
1703 92 is sleeping
1703 90 is sleeping
1703 56 is sleeping
1703 76 is sleeping
1703 78 is sleeping
1703 96 is sleeping
1703 32 is sleeping
1703 82 is sleeping
1703 84 is sleeping
1703 58 is sleeping
1703 12 is sleeping
1703 44 is sleeping
1704 16 is sleeping
1704 26 is sleeping
1705 4 is sleeping
1705 64 is sleeping
1705 98 is sleeping
1705 54 is sleeping
1706 100 is sleeping
1706 94 is sleeping
1706 46 is sleeping
1706 74 is sleeping
1707 60 is sleeping
1707 62 is sleeping
1710 22 is sleeping
1800 41 is thinking
1800 41 has taken a fork
1800 41 has taken a fork
1800 41 is eating
1800 81 is thinking
1800 81 has taken a fork
1800 81 has taken a fork
1800 81 is eating
1800 73 is thinking
1800 73 has taken a fork
1800 73 has taken a fork
1800 73 is eating
1800 49 is thinking
1800 49 has taken a fork
1800 49 has taken a fork
1800 49 is eating
1800 67 is thinking
1800 39 is thinking
1800 39 has taken a fork
1800 39 has taken a fork
1800 39 is eating
1800 67 has taken a fork
1800 67 has taken a fork
1800 67 is eating
1800 37 is thinking
1800 37 has taken a fork
1800 37 has taken a fork
1800 37 is eating
1800 3 is thinking
1800 87 is thinking
1800 89 is thinking
1800 89 has taken a fork
1800 89 has taken a fork
1800 89 is eating
1800 87 has taken a fork
1800 87 has taken a fork
1800 87 is eating
1800 79 is thinking
1800 79 has taken a fork
1800 79 has taken a fork
1800 79 is eating
1800 3 has taken a fork
1800 3 has taken a fork
1800 3 is eating
1800 59 is thinking
1800 59 has taken a fork
1800 59 has taken a fork
1800 59 is eating
1800 19 is thinking
1800 19 has taken a fork
1800 19 has taken a fork
1800 19 is eating
1800 43 is thinking
1800 43 has taken a fork
1800 43 has taken a fork
1800 43 is eating
1800 29 is thinking
1800 29 has taken a fork
1800 29 has taken a fork
1800 29 is eating
1801 25 is thinking
1801 75 is thinking
1801 75 has taken a fork
1801 75 has taken a fork
1801 75 is eating
1801 21 is thinking
1801 21 has taken a fork
1801 21 has taken a fork
1801 21 is eating
1801 71 is thinking
1801 71 has taken a fork
1801 71 has taken a fork
1801 71 is eating
1801 47 is thinking
1801 47 has taken a fork
1801 47 has taken a fork
1801 47 is eating
1801 97 is thinking
1801 97 has taken a fork
1801 97 has taken a fork
1801 97 is eating
1801 35 is thinking
1801 93 is thinking
1801 93 has taken a fork
1801 93 has taken a fork
1801 93 is eating
1801 27 is thinking
1801 27 has taken a fork
1801 27 has taken a fork
1801 27 is eating
1801 55 is thinking
1801 55 has taken a fork
1801 55 has taken a fork
1801 55 is eating
1801 7 is thinking
1801 7 has taken a fork
1801 7 has taken a fork
1801 7 is eating
1801 77 is thinking
1801 77 has taken a fork
1801 77 has taken a fork
1801 77 is eating
1801 25 has taken a fork
1801 25 has taken a fork
1801 25 is eating
1801 11 is thinking
1801 11 has taken a fork
1801 11 has taken a fork
1801 11 is eating
1801 5 is thinking
1801 5 has taken a fork
1801 5 has taken a fork
1801 5 is eating
1801 35 has taken a fork
1801 35 has taken a fork
1801 35 is eating
1801 15 is thinking
1801 15 has taken a fork
1801 15 has taken a fork
1801 15 is eating
1802 85 is thinking
1802 85 has taken a fork
1802 85 has taken a fork
1802 85 is eating
1802 53 is thinking
1802 53 has taken a fork
1802 53 has taken a fork
1802 53 is eating
1802 13 is thinking
1802 13 has taken a fork
1802 13 has taken a fork
1802 13 is eating
1802 31 is thinking
1802 31 has taken a fork
1802 31 has taken a fork
1802 31 is eating
1802 65 is thinking
1802 1 is thinking
1802 1 has taken a fork
1802 1 has taken a fork
1802 1 is eating
1802 23 is thinking
1802 63 is thinking
1802 63 has taken a fork
1802 63 has taken a fork
1802 63 is eating
1802 65 has taken a fork
1802 65 has taken a fork
1802 65 is eating
1802 69 is thinking
1802 99 is thinking
1802 23 has taken a fork
1802 23 has taken a fork
1802 23 is eating
1802 9 is thinking
1802 9 has taken a fork
1802 9 has taken a fork
1802 9 is eating
1802 99 has taken a fork
1802 99 has taken a fork
1802 99 is eating
1802 95 is thinking
1802 95 has taken a fork
1802 95 has taken a fork
1802 95 is eating
1802 69 has taken a fork
1802 69 has taken a fork
1802 69 is eating
1803 51 is thinking
1803 51 has taken a fork
1803 51 has taken a fork
1803 51 is eating
1803 83 is thinking
1803 83 has taken a fork
1803 83 has taken a fork
1803 83 is eating
1803 57 is thinking
1803 57 has taken a fork
1803 57 has taken a fork
1803 57 is eating
1803 33 is thinking
1803 33 has taken a fork
1803 33 has taken a fork
1803 33 is eating
1803 91 is thinking
1803 91 has taken a fork
1803 91 has taken a fork
1803 91 is eating
1803 45 is thinking
1803 45 has taken a fork
1803 45 has taken a fork
1803 45 is eating
1803 17 is thinking
1803 17 has taken a fork
1803 17 has taken a fork
1803 17 is eating
1807 61 is thinking
1807 61 has taken a fork
1807 61 has taken a fork
1807 61 is eating
1900 19 is sleeping
1900 41 is sleeping
1900 79 is sleeping
1900 59 is sleeping
1900 39 is sleeping
1900 89 is sleeping
1900 37 is sleeping
1900 43 is sleeping
1900 29 is sleeping
1900 3 is sleeping
1900 87 is sleeping
1900 81 is sleeping
1900 49 is sleeping
1900 73 is sleeping
1900 67 is sleeping
1901 93 is sleeping
1901 55 is sleeping
1901 88 is thinking
1901 25 is sleeping
1901 5 is sleeping
1901 88 has taken a fork
1901 88 has taken a fork
1901 88 is eating
1901 21 is sleeping
1901 71 is sleeping
1901 77 is sleeping
1901 7 is sleeping
1901 40 is thinking
1901 40 has taken a fork
1901 40 has taken a fork
1901 40 is eating
1901 75 is sleeping
1901 38 is thinking
1901 20 is thinking
1901 38 has taken a fork
1901 38 has taken a fork
1901 38 is eating
1901 20 has taken a fork
1901 20 has taken a fork
1901 20 is eating
1901 15 is sleeping
1901 48 is thinking
1901 48 has taken a fork
1901 48 has taken a fork
1901 48 is eating
1901 36 is thinking
1901 36 has taken a fork
1901 36 has taken a fork
1901 36 is eating
1901 47 is sleeping
1901 97 is sleeping
1901 35 is sleeping
1901 27 is sleeping
1901 11 is sleeping
1901 42 is thinking
1901 42 has taken a fork
1901 42 has taken a fork
1901 42 is eating
1902 6 is thinking
1902 70 is thinking
1902 6 has taken a fork
1902 6 has taken a fork
1902 6 is eating
1902 72 is thinking
1902 72 has taken a fork
1902 72 has taken a fork
1902 72 is eating
1902 2 is thinking
1902 95 is sleeping
1902 30 is thinking
1902 28 is thinking
1902 28 has taken a fork
1902 28 has taken a fork
1902 28 is eating
1902 63 is sleeping
1902 66 is thinking
1902 68 is thinking
1902 80 is thinking
1902 80 has taken a fork
1902 80 has taken a fork
1902 80 is eating
1902 85 is sleeping
1902 31 is sleeping
1902 30 has taken a fork
1902 30 has taken a fork
1902 30 is eating
1902 65 is sleeping
1903 13 is sleeping
1903 57 is sleeping
1903 66 has taken a fork
1903 66 has taken a fork
1903 66 is eating
1903 23 is sleeping
1903 53 is sleeping
1903 70 has taken a fork
1903 70 has taken a fork
1903 70 is eating
1903 68 has taken a fork
1903 68 has taken a fork
1903 68 is eating
1903 9 is sleeping
1903 1 is sleeping
1903 2 has taken a fork
1903 2 has taken a fork
1903 2 is eating
1903 90 is thinking
1903 90 has taken a fork
1903 90 has taken a fork
1903 90 is eating
1903 17 is sleeping
1904 96 is thinking
1904 96 has taken a fork
1904 96 has taken a fork
1904 96 is eating
1904 34 is thinking
1904 34 has taken a fork
1904 34 has taken a fork
1904 34 is eating
1904 32 is thinking
1904 32 has taken a fork
1904 32 has taken a fork
1904 32 is eating
1904 18 is thinking
1904 18 has taken a fork
1904 18 has taken a fork
1904 18 is eating
1904 78 is thinking
1904 24 is thinking
1904 24 has taken a fork
1904 24 has taken a fork
1904 24 is eating
1904 76 is thinking
1904 50 is thinking
1904 50 has taken a fork
1904 50 has taken a fork
1904 50 is eating
1904 14 is thinking
1904 14 has taken a fork
1904 14 has taken a fork
1904 14 is eating
1904 99 is sleeping
1904 44 is thinking
1904 44 has taken a fork
1904 44 has taken a fork
1904 44 is eating
1904 84 is thinking
1904 84 has taken a fork
1904 84 has taken a fork
1904 84 is eating
1904 83 is sleeping
1904 91 is sleeping
1904 82 is thinking
1904 82 has taken a fork
1904 82 has taken a fork
1904 82 is eating
1904 51 is sleeping
1904 56 is thinking
1904 56 has taken a fork
1904 56 has taken a fork
1904 56 is eating
1905 52 is thinking
1905 52 has taken a fork
1905 52 has taken a fork
1905 52 is eating
1905 78 has taken a fork
1905 78 has taken a fork
1905 78 is eating
1905 76 has taken a fork
1905 76 has taken a fork
1905 76 is eating
1905 26 is thinking
1905 69 is sleeping
1905 54 is thinking
1905 54 has taken a fork
1905 54 has taken a fork
1905 54 is eating
1905 4 is thinking
1905 4 has taken a fork
1905 4 has taken a fork
1905 4 is eating
1905 45 is sleeping
1905 12 is thinking
1905 16 is thinking
1905 16 has taken a fork
1905 16 has taken a fork
1905 16 is eating
1905 98 is thinking
1905 98 has taken a fork
1905 98 has taken a fork
1905 98 is eating
1905 64 is thinking
1905 64 has taken a fork
1905 64 has taken a fork
1905 64 is eating
1905 26 has taken a fork
1905 26 has taken a fork
1905 26 is eating
1905 33 is sleeping
1906 86 is thinking
1906 86 has taken a fork
1906 86 has taken a fork
1906 86 is eating
1906 12 has taken a fork
1906 12 has taken a fork
1906 12 is eating
1906 92 is thinking
1906 92 has taken a fork
1906 92 has taken a fork
1906 92 is eating
1906 58 is thinking
1906 58 has taken a fork
1906 58 has taken a fork
1906 58 is eating
1906 8 is thinking
1906 8 has taken a fork
1906 8 has taken a fork
1906 8 is eating
1906 94 is thinking
1906 94 has taken a fork
1906 94 has taken a fork
1906 94 is eating
1906 46 is thinking
1906 46 has taken a fork
1906 46 has taken a fork
1906 46 is eating
1906 10 is thinking
1906 10 has taken a fork
1906 10 has taken a fork
1906 10 is eating
1906 74 is thinking
1906 74 has taken a fork
1906 74 has taken a fork
1906 74 is eating
1906 100 is thinking
1906 100 has taken a fork
1906 100 has taken a fork
1906 100 is eating
1907 62 is thinking
1907 60 is thinking
1907 61 is sleeping
1907 60 has taken a fork
1907 60 has taken a fork
1907 60 is eating
1907 62 has taken a fork
1907 62 has taken a fork
1907 62 is eating
1910 22 is thinking
1910 22 has taken a fork
1910 22 has taken a fork
1910 22 is eating
2001 42 is sleeping
2001 36 is sleeping
2001 40 is sleeping
2001 20 is sleeping
2001 38 is sleeping
2001 88 is sleeping
2001 48 is sleeping
2002 72 is sleeping
2002 80 is sleeping
2002 6 is sleeping
2002 28 is sleeping
2002 30 is sleeping
2003 66 is sleeping
2003 90 is sleeping
2003 68 is sleeping
2003 2 is sleeping
2003 70 is sleeping
2004 18 is sleeping
2004 32 is sleeping
2004 50 is sleeping
2004 44 is sleeping
2004 84 is sleeping
2004 82 is sleeping
2004 24 is sleeping
2004 96 is sleeping
2004 14 is sleeping
2004 34 is sleeping
2004 56 is sleeping
2005 26 is sleeping
2005 54 is sleeping
2005 64 is sleeping
2005 4 is sleeping
2005 98 is sleeping
2005 76 is sleeping
2005 52 is sleeping
2005 78 is sleeping
2005 16 is sleeping
2006 92 is sleeping
2006 12 is sleeping
2006 8 is sleeping
2006 10 is sleeping
2006 58 is sleeping
2006 46 is sleeping
2006 100 is sleeping
2006 86 is sleeping
2006 94 is sleeping
2006 74 is sleeping
2007 60 is sleeping
2007 62 is sleeping
2010 22 is sleeping
2100 41 is thinking
2100 41 has taken a fork
2100 41 has taken a fork
2100 41 is eating
2100 89 is thinking
2100 89 has taken a fork
2100 89 has taken a fork
2100 89 is eating
2100 19 is thinking
2100 19 has taken a fork
2100 19 has taken a fork
2100 19 is eating
2100 73 is thinking
2100 73 has taken a fork
2100 73 has taken a fork
2100 73 is eating
2100 79 is thinking
2100 79 has taken a fork
2100 79 has taken a fork
2100 79 is eating
2100 37 is thinking
2100 43 is thinking
2100 43 has taken a fork
2100 43 has taken a fork
2100 43 is eating
2100 87 is thinking
2100 29 is thinking
2100 29 has taken a fork
2100 29 has taken a fork
2100 29 is eating
2100 3 is thinking
2100 3 has taken a fork
2100 3 has taken a fork
2100 3 is eating
2100 81 is thinking
2100 81 has taken a fork
2100 81 has taken a fork
2100 81 is eating
2100 59 is thinking
2100 59 has taken a fork
2100 59 has taken a fork
2100 59 is eating
2100 87 has taken a fork
2100 87 has taken a fork
2100 87 is eating
2100 49 is thinking
2100 49 has taken a fork
2100 49 has taken a fork
2100 49 is eating
2100 37 has taken a fork
2100 37 has taken a fork
2100 37 is eating
2101 5 is thinking
2101 5 has taken a fork
2101 5 has taken a fork
2101 5 is eating
2101 55 is thinking
2101 55 has taken a fork
2101 55 has taken a fork
2101 55 is eating
2101 15 is thinking
2101 15 has taken a fork
2101 15 has taken a fork
2101 15 is eating
2101 7 is thinking
2101 7 has taken a fork
2101 7 has taken a fork
2101 7 is eating
2101 21 is thinking
2101 21 has taken a fork
2101 21 has taken a fork
2101 21 is eating
2101 35 is thinking
2101 35 has taken a fork
2101 35 has taken a fork
2101 35 is eating
2101 25 is thinking
2101 77 is thinking
2101 77 has taken a fork
2101 77 has taken a fork
2101 77 is eating
2101 93 is thinking
2101 93 has taken a fork
2101 93 has taken a fork
2101 93 is eating
2101 11 is thinking
2101 11 has taken a fork
2101 11 has taken a fork
2101 11 is eating
2101 75 is thinking
2101 75 has taken a fork
2101 75 has taken a fork
2101 75 is eating
2101 27 is thinking
2101 27 has taken a fork
2101 27 has taken a fork
2101 27 is eating
2101 25 has taken a fork
2101 25 has taken a fork
2101 25 is eating
2101 47 is thinking
2101 47 has taken a fork
2101 47 has taken a fork
2101 47 is eating
2101 67 is thinking
2101 71 is thinking
2101 71 has taken a fork
2101 71 has taken a fork
2101 71 is eating
2101 67 has taken a fork
2101 67 has taken a fork
2101 67 is eating
2101 39 is thinking
2101 39 has taken a fork
2101 39 has taken a fork
2101 39 is eating
2101 97 is thinking
2101 97 has taken a fork
2101 97 has taken a fork
2101 97 is eating
2102 31 is thinking
2102 31 has taken a fork
2102 31 has taken a fork
2102 31 is eating
2102 63 is thinking
2102 63 has taken a fork
2102 63 has taken a fork
2102 63 is eating
2102 95 is thinking
2102 95 has taken a fork
2102 95 has taken a fork
2102 95 is eating
2102 99 is thinking
2102 99 has taken a fork
2102 99 has taken a fork
2102 99 is eating
2102 1 is thinking
2102 1 has taken a fork
2102 1 has taken a fork
2102 1 is eating
2102 9 is thinking
2102 9 has taken a fork
2102 9 has taken a fork
2102 9 is eating
2102 65 is thinking
2102 65 has taken a fork
2102 65 has taken a fork
2102 65 is eating
2102 69 is thinking
2102 69 has taken a fork
2102 69 has taken a fork
2102 69 is eating
2102 53 is thinking
2102 53 has taken a fork
2102 53 has taken a fork
2102 53 is eating
2102 13 is thinking
2102 13 has taken a fork
2102 13 has taken a fork
2102 13 is eating
2102 85 is thinking
2102 85 has taken a fork
2102 85 has taken a fork
2102 85 is eating
2102 23 is thinking
2102 23 has taken a fork
2102 23 has taken a fork
2102 23 is eating
2103 17 is thinking
2103 17 has taken a fork
2103 17 has taken a fork
2103 17 is eating
2103 45 is thinking
2103 45 has taken a fork
2103 45 has taken a fork
2103 45 is eating
2103 33 is thinking
2103 33 has taken a fork
2103 33 has taken a fork
2103 33 is eating
2103 51 is thinking
2103 51 has taken a fork
2103 51 has taken a fork
2103 51 is eating
2103 83 is thinking
2103 83 has taken a fork
2103 83 has taken a fork
2103 83 is eating
2103 91 is thinking
2103 91 has taken a fork
2103 91 has taken a fork
2103 91 is eating
2103 57 is thinking
2103 57 has taken a fork
2103 57 has taken a fork
2103 57 is eating
2107 61 is thinking
2107 61 has taken a fork
2107 61 has taken a fork
2107 61 is eating
2200 49 is sleeping
2200 89 is sleeping
2200 59 is sleeping
2200 3 is sleeping
2200 79 is sleeping
2200 81 is sleeping
2200 43 is sleeping
2200 41 is sleeping
2200 29 is sleeping
2200 87 is sleeping
2200 19 is sleeping
2200 73 is sleeping
2201 35 is sleeping
2201 21 is sleeping
2201 93 is sleeping
2201 25 is sleeping
2201 11 is sleeping
2201 40 is thinking
2201 27 is sleeping
2201 48 is thinking
2201 36 is thinking
2201 55 is sleeping
2201 39 is sleeping
2201 5 is sleeping
2201 71 is sleeping
2201 47 is sleeping
2201 75 is sleeping
2201 37 is sleeping
2201 38 is thinking
2201 36 has taken a fork
2201 36 has taken a fork
2201 36 is eating
2201 38 has taken a fork
2201 38 has taken a fork
2201 38 is eating
2201 40 has taken a fork
2201 40 has taken a fork
2201 40 is eating
2201 15 is sleeping
2201 48 has taken a fork
2201 48 has taken a fork
2201 48 is eating
2201 20 is thinking
2201 20 has taken a fork
2201 20 has taken a fork
2201 20 is eating
2201 7 is sleeping
2201 42 is thinking
2201 42 has taken a fork
2201 42 has taken a fork
2201 42 is eating
2201 77 is sleeping
2201 97 is sleeping
2201 88 is thinking
2201 88 has taken a fork
2201 88 has taken a fork
2201 88 is eating
2201 67 is sleeping
2202 70 is thinking
2202 23 is sleeping
2202 85 is sleeping
2202 28 is thinking
2202 28 has taken a fork
2202 28 has taken a fork
2202 28 is eating
2202 65 is sleeping
2202 30 is thinking
2202 72 is thinking
2202 72 has taken a fork
2202 72 has taken a fork
2202 72 is eating
2202 9 is sleeping
2202 80 is thinking
2202 63 is sleeping
2202 31 is sleeping
2202 66 is thinking
2202 99 is sleeping
2202 68 is thinking
2202 70 has taken a fork
2202 70 has taken a fork
2202 70 is eating
2202 13 is sleeping
2202 66 has taken a fork
2202 66 has taken a fork
2202 66 is eating
2202 68 has taken a fork
2202 68 has taken a fork
2202 68 is eating
2202 6 is thinking
2202 6 has taken a fork
2202 6 has taken a fork
2202 6 is eating
2202 30 has taken a fork
2202 30 has taken a fork
2202 30 is eating
2202 69 is sleeping
2202 95 is sleeping
2202 80 has taken a fork
2202 80 has taken a fork
2202 80 is eating
2202 1 is sleeping
2202 53 is sleeping
2203 2 is thinking
2203 2 has taken a fork
2203 2 has taken a fork
2203 2 is eating
2203 17 is sleeping
2203 83 is sleeping
2203 51 is sleeping
2203 45 is sleeping
2203 91 is sleeping
2203 90 is thinking
2203 90 has taken a fork
2203 90 has taken a fork
2203 90 is eating
2203 57 is sleeping
2203 33 is sleeping
2204 96 is thinking
2204 96 has taken a fork
2204 96 has taken a fork
2204 96 is eating
2204 78 is thinking
2204 76 is thinking
2204 76 has taken a fork
2204 76 has taken a fork
2204 76 is eating
2204 56 is thinking
2204 56 has taken a fork
2204 56 has taken a fork
2204 56 is eating
2204 50 is thinking
2204 50 has taken a fork
2204 50 has taken a fork
2204 50 is eating
2204 78 has taken a fork
2204 78 has taken a fork
2204 78 is eating
2204 24 is thinking
2204 24 has taken a fork
2204 24 has taken a fork
2204 24 is eating
2204 84 is thinking
2204 84 has taken a fork
2204 84 has taken a fork
2204 84 is eating
2204 32 is thinking
2204 32 has taken a fork
2204 32 has taken a fork
2204 32 is eating
2204 82 is thinking
2204 82 has taken a fork
2204 82 has taken a fork
2204 82 is eating
2204 14 is thinking
2204 14 has taken a fork
2204 14 has taken a fork
2204 14 is eating
2204 18 is thinking
2204 44 is thinking
2204 44 has taken a fork
2204 44 has taken a fork
2204 44 is eating
2204 34 is thinking
2204 18 has taken a fork
2204 18 has taken a fork
2204 18 is eating
2204 34 has taken a fork
2204 34 has taken a fork
2204 34 is eating
2205 64 is thinking
2205 64 has taken a fork
2205 64 has taken a fork
2205 64 is eating
2205 52 is thinking
2205 52 has taken a fork
2205 52 has taken a fork
2205 52 is eating
2205 12 is thinking
2205 12 has taken a fork
2205 12 has taken a fork
2205 12 is eating
2205 98 is thinking
2205 98 has taken a fork
2205 98 has taken a fork
2205 98 is eating
2205 16 is thinking
2205 16 has taken a fork
2205 16 has taken a fork
2205 16 is eating
2205 26 is thinking
2205 26 has taken a fork
2205 26 has taken a fork
2205 26 is eating
2205 54 is thinking
2205 54 has taken a fork
2205 54 has taken a fork
2205 54 is eating
2205 4 is thinking
2205 4 has taken a fork
2205 4 has taken a fork
2205 4 is eating
2206 10 is thinking
2206 10 has taken a fork
2206 10 has taken a fork
2206 10 is eating
2206 74 is thinking
2206 74 has taken a fork
2206 74 has taken a fork
2206 74 is eating
2206 46 is thinking
2206 46 has taken a fork
2206 46 has taken a fork
2206 46 is eating
2206 94 is thinking
2206 94 has taken a fork
2206 94 has taken a fork
2206 94 is eating
2206 86 is thinking
2206 92 is thinking
2206 92 has taken a fork
2206 92 has taken a fork
2206 92 is eating
2206 86 has taken a fork
2206 86 has taken a fork
2206 86 is eating
2206 100 is thinking
2206 100 has taken a fork
2206 100 has taken a fork
2206 100 is eating
2206 8 is thinking
2206 8 has taken a fork
2206 8 has taken a fork
2206 8 is eating
2206 58 is thinking
2206 58 has taken a fork
2206 58 has taken a fork
2206 58 is eating
2207 60 is thinking
2207 62 is thinking
2207 61 is sleeping
2207 60 has taken a fork
2207 60 has taken a fork
2207 60 is eating
2207 62 has taken a fork
2207 62 has taken a fork
2207 62 is eating
2210 22 is thinking
2210 22 has taken a fork
2210 22 has taken a fork
2210 22 is eating
2301 36 is sleeping
2301 88 is sleeping
2301 38 is sleeping
2301 40 is sleeping
2301 48 is sleeping
2301 20 is sleeping
2301 42 is sleeping
2302 6 is sleeping
2302 30 is sleeping
2302 72 is sleeping
2302 28 is sleeping
2302 68 is sleeping
2302 70 is sleeping
2302 80 is sleeping
2302 66 is sleeping
2303 90 is sleeping
2304 14 is sleeping
2304 32 is sleeping
2304 18 is sleeping
2304 34 is sleeping
2304 82 is sleeping
2304 44 is sleeping
2304 84 is sleeping
2304 76 is sleeping
2304 24 is sleeping
2304 78 is sleeping
2304 2 is sleeping
2304 96 is sleeping
2304 50 is sleeping
2304 56 is sleeping
2305 26 is sleeping
2305 12 is sleeping
2305 64 is sleeping
2305 4 is sleeping
2305 52 is sleeping
2305 54 is sleeping
2305 98 is sleeping
2305 16 is sleeping
2306 10 is sleeping
2306 74 is sleeping
2306 94 is sleeping
2306 8 is sleeping
2306 46 is sleeping
2306 86 is sleeping
2306 100 is sleeping
2306 58 is sleeping
2306 92 is sleeping
2307 60 is sleeping
2307 62 is sleeping
2310 22 is sleeping
2400 81 is thinking
2400 89 is thinking
2400 89 has taken a fork
2400 89 has taken a fork
2400 89 is eating
2400 79 is thinking
2400 79 has taken a fork
2400 79 has taken a fork
2400 79 is eating
2400 19 is thinking
2400 19 has taken a fork
2400 19 has taken a fork
2400 19 is eating
2400 29 is thinking
2400 29 has taken a fork
2400 29 has taken a fork
2400 29 is eating
2400 81 has taken a fork
2400 81 has taken a fork
2400 81 is eating
2400 49 is thinking
2400 49 has taken a fork
2400 49 has taken a fork
2400 49 is eating
2400 43 is thinking
2400 41 is thinking
2400 37 is thinking
2400 37 has taken a fork
2400 37 has taken a fork
2400 37 is eating
2400 41 has taken a fork
2400 41 has taken a fork
2400 41 is eating
2400 59 is thinking
2400 59 has taken a fork
2400 59 has taken a fork
2400 59 is eating
2400 43 has taken a fork
2400 43 has taken a fork
2400 43 is eating
2400 3 is thinking
2400 3 has taken a fork
2400 3 has taken a fork
2400 3 is eating
2400 73 is thinking
2400 73 has taken a fork
2400 73 has taken a fork
2400 73 is eating
2401 77 is thinking
2401 77 has taken a fork
2401 77 has taken a fork
2401 77 is eating
2401 21 is thinking
2401 21 has taken a fork
2401 21 has taken a fork
2401 21 is eating
2401 67 is thinking
2401 67 has taken a fork
2401 67 has taken a fork
2401 67 is eating
2401 25 is thinking
2401 25 has taken a fork
2401 25 has taken a fork
2401 25 is eating
2401 15 is thinking
2401 15 has taken a fork
2401 15 has taken a fork
2401 15 is eating
2401 11 is thinking
2401 55 is thinking
2401 5 is thinking
2401 39 is thinking
2401 47 is thinking
2401 39 has taken a fork
2401 39 has taken a fork
2401 39 is eating
2401 35 is thinking
2401 35 has taken a fork
2401 35 has taken a fork
2401 35 is eating
2401 97 is thinking
2401 97 has taken a fork
2401 97 has taken a fork
2401 97 is eating
2401 55 has taken a fork
2401 55 has taken a fork
2401 55 is eating
2401 93 is thinking
2401 93 has taken a fork
2401 93 has taken a fork
2401 93 is eating
2401 5 has taken a fork
2401 5 has taken a fork
2401 5 is eating
2401 75 is thinking
2401 75 has taken a fork
2401 75 has taken a fork
2401 75 is eating
2401 47 has taken a fork
2401 47 has taken a fork
2401 47 is eating
2401 11 has taken a fork
2401 11 has taken a fork
2401 11 is eating
2401 27 is thinking
2401 27 has taken a fork
2401 27 has taken a fork
2401 27 is eating
2401 7 is thinking
2401 7 has taken a fork
2401 7 has taken a fork
2401 7 is eating
2402 63 is thinking
2402 63 has taken a fork
2402 63 has taken a fork
2402 63 is eating
2402 1 is thinking
2402 1 has taken a fork
2402 1 has taken a fork
2402 1 is eating
2402 9 is thinking
2402 9 has taken a fork
2402 9 has taken a fork
2402 9 is eating
2402 31 is thinking
2402 31 has taken a fork
2402 31 has taken a fork
2402 31 is eating
2402 65 is thinking
2402 65 has taken a fork
2402 65 has taken a fork
2402 65 is eating
2402 13 is thinking
2402 13 has taken a fork
2402 13 has taken a fork
2402 13 is eating
2402 95 is thinking
2402 95 has taken a fork
2402 95 has taken a fork
2402 95 is eating
2402 53 is thinking
2402 53 has taken a fork
2402 53 has taken a fork
2402 53 is eating
2402 71 is thinking
2402 71 has taken a fork
2402 71 has taken a fork
2402 71 is eating
2402 69 is thinking
2402 69 has taken a fork
2402 69 has taken a fork
2402 69 is eating
2403 91 is thinking
2403 91 has taken a fork
2403 91 has taken a fork
2403 91 is eating
2403 17 is thinking
2403 17 has taken a fork
2403 17 has taken a fork
2403 17 is eating
2403 83 is thinking
2403 83 has taken a fork
2403 83 has taken a fork
2403 83 is eating
2403 51 is thinking
2403 51 has taken a fork
2403 51 has taken a fork
2403 51 is eating
2403 33 is thinking
2403 33 has taken a fork
2403 33 has taken a fork
2403 33 is eating
2403 57 is thinking
2403 57 has taken a fork
2403 57 has taken a fork
2403 57 is eating
2407 61 is thinking
2407 61 has taken a fork
2407 61 has taken a fork
2407 61 is eating
2408 45 is thinking
2408 45 has taken a fork
2408 45 has taken a fork
2408 45 is eating
2408 99 is thinking
2408 99 has taken a fork
2408 99 has taken a fork
2408 99 is eating
2408 23 is thinking
2408 23 has taken a fork
2408 23 has taken a fork
2408 23 is eating
2408 87 is thinking
2408 87 has taken a fork
2408 87 has taken a fork
2408 87 is eating
2408 85 is thinking
2408 85 has taken a fork
2408 85 has taken a fork
2408 85 is eating
2500 19 is sleeping
2500 3 is sleeping
2500 81 is sleeping
2500 59 is sleeping
2500 73 is sleeping
2500 41 is sleeping
2500 29 is sleeping
2500 37 is sleeping
2500 43 is sleeping
2500 89 is sleeping
2500 49 is sleeping
2500 79 is sleeping
2501 48 is thinking
2501 42 is thinking
2501 20 is thinking
2501 67 is sleeping
2501 42 has taken a fork
2501 42 has taken a fork
2501 42 is eating
2501 5 is sleeping
2501 15 is sleeping
2501 27 is sleeping
2501 48 has taken a fork
2501 48 has taken a fork
2501 48 is eating
2501 38 is thinking
2501 38 has taken a fork
2501 38 has taken a fork
2501 38 is eating
2501 97 is sleeping
2501 36 is thinking
2501 36 has taken a fork
2501 36 has taken a fork
2501 36 is eating
2501 39 is sleeping
2501 75 is sleeping
2501 88 is thinking
2501 40 is thinking
2501 40 has taken a fork
2501 40 has taken a fork
2501 40 is eating
2501 35 is sleeping
2501 55 is sleeping
2501 7 is sleeping
2501 47 is sleeping
2501 77 is sleeping
2502 53 is sleeping
2502 72 is thinking
2502 70 is thinking
2502 9 is sleeping
2502 6 is thinking
2502 6 has taken a fork
2502 6 has taken a fork
2502 6 is eating
2502 13 is sleeping
2502 1 is sleeping
2502 30 is thinking
2502 28 is thinking
2502 28 has taken a fork
2502 28 has taken a fork
2502 28 is eating
2502 68 is thinking
2502 65 is sleeping
2502 31 is sleeping
2502 72 has taken a fork
2502 72 has taken a fork
2502 72 is eating
2502 71 is sleeping
2502 69 is sleeping
2502 11 is sleeping
2502 70 has taken a fork
2502 70 has taken a fork
2502 70 is eating
2502 95 is sleeping
2502 68 has taken a fork
2502 68 has taken a fork
2502 68 is eating
2502 63 is sleeping
2502 30 has taken a fork
2502 30 has taken a fork
2502 30 is eating
2502 93 is sleeping
2502 25 is sleeping
2502 20 has taken a fork
2502 20 has taken a fork
2502 20 is eating
2502 80 is thinking
2502 80 has taken a fork
2502 80 has taken a fork
2502 80 is eating
2502 21 is sleeping
2503 66 is thinking
2503 66 has taken a fork
2503 66 has taken a fork
2503 66 is eating
2503 17 is sleeping
2503 57 is sleeping
2503 83 is sleeping
2503 91 is sleeping
2503 33 is sleeping
2503 90 is thinking
2503 90 has taken a fork
2503 90 has taken a fork
2503 90 is eating
2503 51 is sleeping
2503 2 is thinking
2503 2 has taken a fork
2503 2 has taken a fork
2503 2 is eating
2504 96 is thinking
2504 96 has taken a fork
2504 96 has taken a fork
2504 96 is eating
2504 44 is thinking
2504 14 is thinking
2504 14 has taken a fork
2504 14 has taken a fork
2504 14 is eating
2504 56 is thinking
2504 56 has taken a fork
2504 56 has taken a fork
2504 56 is eating
2504 32 is thinking
2504 32 has taken a fork
2504 32 has taken a fork
2504 32 is eating
2504 18 is thinking
2504 18 has taken a fork
2504 18 has taken a fork
2504 18 is eating
2504 84 is thinking
2504 78 is thinking
2504 78 has taken a fork
2504 78 has taken a fork
2504 78 is eating
2504 76 is thinking
2504 34 is thinking
2504 34 has taken a fork
2504 34 has taken a fork
2504 34 is eating
2504 50 is thinking
2504 50 has taken a fork
2504 50 has taken a fork
2504 50 is eating
2504 76 has taken a fork
2504 76 has taken a fork
2504 76 is eating
2504 24 is thinking
2505 4 is thinking
2505 4 has taken a fork
2505 4 has taken a fork
2505 4 is eating
2505 98 is thinking
2505 12 is thinking
2505 12 has taken a fork
2505 12 has taken a fork
2505 12 is eating
2505 54 is thinking
2505 54 has taken a fork
2505 54 has taken a fork
2505 54 is eating
2505 64 is thinking
2505 82 is thinking
2505 16 is thinking
2505 16 has taken a fork
2505 16 has taken a fork
2505 16 is eating
2505 82 has taken a fork
2505 82 has taken a fork
2505 82 is eating
2505 64 has taken a fork
2505 64 has taken a fork
2505 64 is eating
2505 26 is thinking
2505 26 has taken a fork
2505 26 has taken a fork
2505 26 is eating
2505 52 is thinking
2505 52 has taken a fork
2505 52 has taken a fork
2505 52 is eating
2506 86 is thinking
2506 92 is thinking
2506 46 is thinking
2506 58 is thinking
2506 58 has taken a fork
2506 58 has taken a fork
2506 58 is eating
2506 10 is thinking
2506 10 has taken a fork
2506 10 has taken a fork
2506 10 is eating
2506 74 is thinking
2506 74 has taken a fork
2506 74 has taken a fork
2506 74 is eating
2506 8 is thinking
2506 8 has taken a fork
2506 8 has taken a fork
2506 8 is eating
2506 94 is thinking
2506 94 has taken a fork
2506 94 has taken a fork
2506 94 is eating
2506 92 has taken a fork
2506 92 has taken a fork
2506 92 is eating
2507 61 is sleeping
2508 99 is sleeping
2508 23 is sleeping
2508 45 is sleeping
2508 87 is sleeping
2508 88 has taken a fork
2508 88 has taken a fork
2508 88 is eating
2508 44 has taken a fork
2508 44 has taken a fork
2508 44 is eating
2508 85 is sleeping
2508 84 has taken a fork
2508 84 has taken a fork
2508 84 is eating
2508 86 has taken a fork
2508 86 has taken a fork
2508 86 is eating
2508 46 has taken a fork
2508 46 has taken a fork
2508 46 is eating
2508 98 has taken a fork
2508 98 has taken a fork
2508 98 is eating
2508 60 is thinking
2508 60 has taken a fork
2508 60 has taken a fork
2508 60 is eating
2508 100 is thinking
2508 100 has taken a fork
2508 100 has taken a fork
2508 100 is eating
2508 62 is thinking
2508 62 has taken a fork
2508 62 has taken a fork
2508 62 is eating
2508 24 has taken a fork
2508 24 has taken a fork
2508 24 is eating
2510 22 is thinking
2510 22 has taken a fork
2510 22 has taken a fork
2510 22 is eating
2601 48 is sleeping
2601 42 is sleeping
2601 38 is sleeping
2601 36 is sleeping
2601 40 is sleeping
2602 72 is sleeping
2602 30 is sleeping
2602 28 is sleeping
2602 70 is sleeping
2602 80 is sleeping
2602 6 is sleeping
2602 20 is sleeping
2602 68 is sleeping
2603 90 is sleeping
2603 2 is sleeping
2603 66 is sleeping
2604 18 is sleeping
2604 34 is sleeping
2604 76 is sleeping
2604 32 is sleeping
2604 56 is sleeping
2604 96 is sleeping
2604 50 is sleeping
2604 78 is sleeping
2604 14 is sleeping
2605 4 is sleeping
2605 82 is sleeping
2605 16 is sleeping
2605 26 is sleeping
2605 64 is sleeping
2605 52 is sleeping
2605 12 is sleeping
2605 54 is sleeping
2606 8 is sleeping
2606 92 is sleeping
2606 10 is sleeping
2606 74 is sleeping
2606 94 is sleeping
2608 98 is sleeping
2608 44 is sleeping
2608 60 is sleeping
2608 100 is sleeping
2608 46 is sleeping
2608 88 is sleeping
2608 24 is sleeping
2608 84 is sleeping
2608 62 is sleeping
2610 22 is sleeping
2610 86 is sleeping
2619 58 is sleeping
2700 19 is thinking
2700 19 has taken a fork
2700 19 has taken a fork
2700 19 is eating
2700 49 is thinking
2700 81 is thinking
2700 81 has taken a fork
2700 81 has taken a fork
2700 81 is eating
2700 41 is thinking
2700 41 has taken a fork
2700 41 has taken a fork
2700 41 is eating
2700 29 is thinking
2700 89 is thinking
2700 89 has taken a fork
2700 89 has taken a fork
2700 89 is eating
2700 49 has taken a fork
2700 49 has taken a fork
2700 49 is eating
2700 43 is thinking
2700 43 has taken a fork
2700 43 has taken a fork
2700 43 is eating
2700 3 is thinking
2700 3 has taken a fork
2700 3 has taken a fork
2700 3 is eating
2700 79 is thinking
2700 79 has taken a fork
2700 79 has taken a fork
2700 79 is eating
2700 37 is thinking
2700 37 has taken a fork
2700 37 has taken a fork
2700 37 is eating
2700 29 has taken a fork
2700 29 has taken a fork
2700 29 is eating
2700 59 is thinking
2700 59 has taken a fork
2700 59 has taken a fork
2700 59 is eating
2700 73 is thinking
2700 73 has taken a fork
2700 73 has taken a fork
2700 73 is eating
2701 11 is thinking
2701 11 has taken a fork
2701 11 has taken a fork
2701 11 is eating
2701 27 is thinking
2701 27 has taken a fork
2701 27 has taken a fork
2701 27 is eating
2701 25 is thinking
2701 25 has taken a fork
2701 25 has taken a fork
2701 25 is eating
2701 97 is thinking
2701 97 has taken a fork
2701 97 has taken a fork
2701 97 is eating
2701 67 is thinking
2701 67 has taken a fork
2701 67 has taken a fork
2701 67 is eating
2701 77 is thinking
2701 21 is thinking
2701 21 has taken a fork
2701 21 has taken a fork
2701 21 is eating
2701 93 is thinking
2701 47 is thinking
2701 55 is thinking
2701 55 has taken a fork
2701 55 has taken a fork
2701 55 is eating
2701 77 has taken a fork
2701 77 has taken a fork
2701 77 is eating
2701 39 is thinking
2701 39 has taken a fork
2701 39 has taken a fork
2701 39 is eating
2701 7 is thinking
2701 47 has taken a fork
2701 47 has taken a fork
2701 47 is eating
2701 5 is thinking
2701 5 has taken a fork
2701 5 has taken a fork
2701 5 is eating
2701 93 has taken a fork
2701 93 has taken a fork
2701 93 is eating
2701 7 has taken a fork
2701 7 has taken a fork
2701 7 is eating
2701 75 is thinking
2701 75 has taken a fork
2701 75 has taken a fork
2701 75 is eating
2701 35 is thinking
2701 35 has taken a fork
2701 35 has taken a fork
2701 35 is eating
2701 15 is thinking
2701 15 has taken a fork
2701 15 has taken a fork
2701 15 is eating
2702 9 is thinking
2702 9 has taken a fork
2702 9 has taken a fork
2702 9 is eating
2702 65 is thinking
2702 31 is thinking
2702 31 has taken a fork
2702 31 has taken a fork
2702 31 is eating
2702 65 has taken a fork
2702 65 has taken a fork
2702 65 is eating
2702 69 is thinking
2702 69 has taken a fork
2702 69 has taken a fork
2702 69 is eating
2702 53 is thinking
2702 53 has taken a fork
2702 53 has taken a fork
2702 53 is eating
2702 1 is thinking
2702 1 has taken a fork
2702 1 has taken a fork
2702 1 is eating
2702 95 is thinking
2702 95 has taken a fork
2702 95 has taken a fork
2702 95 is eating
2702 71 is thinking
2702 71 has taken a fork
2702 71 has taken a fork
2702 71 is eating
2702 63 is thinking
2702 63 has taken a fork
2702 63 has taken a fork
2702 63 is eating
2702 13 is thinking
2702 13 has taken a fork
2702 13 has taken a fork
2702 13 is eating
2703 17 is thinking
2703 17 has taken a fork
2703 17 has taken a fork
2703 17 is eating
2703 33 is thinking
2703 33 has taken a fork
2703 33 has taken a fork
2703 33 is eating
2703 91 is thinking
2703 91 has taken a fork
2703 91 has taken a fork
2703 91 is eating
2703 51 is thinking
2703 51 has taken a fork
2703 51 has taken a fork
2703 51 is eating
2703 83 is thinking
2703 83 has taken a fork
2703 83 has taken a fork
2703 83 is eating
2703 57 is thinking
2703 57 has taken a fork
2703 57 has taken a fork
2703 57 is eating
2707 61 is thinking
2707 61 has taken a fork
2707 61 has taken a fork
2707 61 is eating
2708 85 is thinking
2708 85 has taken a fork
2708 85 has taken a fork
2708 85 is eating
2708 45 is thinking
2708 45 has taken a fork
2708 45 has taken a fork
2708 45 is eating
2708 99 is thinking
2708 99 has taken a fork
2708 99 has taken a fork
2708 99 is eating
2708 23 is thinking
2708 23 has taken a fork
2708 23 has taken a fork
2708 23 is eating
2708 87 is thinking
2708 87 has taken a fork
2708 87 has taken a fork
2708 87 is eating
2800 89 is sleeping
2800 41 is sleeping
2800 43 is sleeping
2800 81 is sleeping
2800 49 is sleeping
2800 29 is sleeping
2800 73 is sleeping
2800 3 is sleeping
2800 37 is sleeping
2800 79 is sleeping
2800 59 is sleeping
2800 19 is sleeping
2801 38 is thinking
2801 42 is thinking
2801 42 has taken a fork
2801 42 has taken a fork
2801 42 is eating
2801 5 is sleeping
2801 47 is sleeping
2801 15 is sleeping
2801 21 is sleeping
2801 39 is sleeping
2801 7 is sleeping
2801 40 is thinking
2801 40 has taken a fork
2801 40 has taken a fork
2801 40 is eating
2801 35 is sleeping
2801 48 is thinking
2801 48 has taken a fork
2801 48 has taken a fork
2801 48 is eating
2801 55 is sleeping
2801 38 has taken a fork
2801 38 has taken a fork
2801 38 is eating
2801 75 is sleeping
2801 27 is sleeping
2801 93 is sleeping
2801 25 is sleeping
2801 67 is sleeping
2801 36 is thinking
2801 36 has taken a fork
2801 36 has taken a fork
2801 36 is eating
2801 77 is sleeping
2801 11 is sleeping
2801 97 is sleeping
2802 13 is sleeping
2802 95 is sleeping
2802 65 is sleeping
2802 69 is sleeping
2802 1 is sleeping
2802 70 is thinking
2802 80 is thinking
2802 80 has taken a fork
2802 80 has taken a fork
2802 80 is eating
2802 53 is sleeping
2802 20 is thinking
2802 20 has taken a fork
2802 20 has taken a fork
2802 20 is eating
2802 68 is thinking
2802 68 has taken a fork
2802 68 has taken a fork
2802 68 is eating
2802 71 is sleeping
2802 28 is thinking
2802 28 has taken a fork
2802 28 has taken a fork
2802 28 is eating
2802 6 is thinking
2802 72 is thinking
2802 6 has taken a fork
2802 6 has taken a fork
2802 6 is eating
2802 31 is sleeping
2802 30 is thinking
2802 30 has taken a fork
2802 30 has taken a fork
2802 30 is eating
2802 63 is sleeping
2802 72 has taken a fork
2802 72 has taken a fork
2802 72 is eating
2802 70 has taken a fork
2802 70 has taken a fork
2802 70 is eating
2802 9 is sleeping
2803 2 is thinking
2803 2 has taken a fork
2803 2 has taken a fork
2803 2 is eating
2803 66 is thinking
2803 66 has taken a fork
2803 66 has taken a fork
2803 66 is eating
2803 51 is sleeping
2803 33 is sleeping
2803 57 is sleeping
2803 91 is sleeping
2803 83 is sleeping
2803 17 is sleeping
2803 90 is thinking
2803 90 has taken a fork
2803 90 has taken a fork
2803 90 is eating
2804 96 is thinking
2804 96 has taken a fork
2804 96 has taken a fork
2804 96 is eating
2804 50 is thinking
2804 50 has taken a fork
2804 50 has taken a fork
2804 50 is eating
2804 76 is thinking
2804 76 has taken a fork
2804 76 has taken a fork
2804 76 is eating
2804 14 is thinking
2804 14 has taken a fork
2804 14 has taken a fork
2804 14 is eating
2804 18 is thinking
2804 18 has taken a fork
2804 18 has taken a fork
2804 18 is eating
2804 32 is thinking
2804 32 has taken a fork
2804 32 has taken a fork
2804 32 is eating
2804 34 is thinking
2804 34 has taken a fork
2804 34 has taken a fork
2804 34 is eating
2804 78 is thinking
2804 78 has taken a fork
2804 78 has taken a fork
2804 78 is eating
2804 56 is thinking
2804 56 has taken a fork
2804 56 has taken a fork
2804 56 is eating
2805 64 is thinking
2805 64 has taken a fork
2805 64 has taken a fork
2805 64 is eating
2805 52 is thinking
2805 52 has taken a fork
2805 52 has taken a fork
2805 52 is eating
2805 16 is thinking
2805 16 has taken a fork
2805 16 has taken a fork
2805 16 is eating
2805 82 is thinking
2805 82 has taken a fork
2805 82 has taken a fork
2805 82 is eating
2805 54 is thinking
2805 54 has taken a fork
2805 54 has taken a fork
2805 54 is eating
2805 26 is thinking
2805 12 is thinking
2805 12 has taken a fork
2805 12 has taken a fork
2805 12 is eating
2805 26 has taken a fork
2805 26 has taken a fork
2805 26 is eating
2805 4 is thinking
2805 4 has taken a fork
2805 4 has taken a fork
2805 4 is eating
2806 94 is thinking
2806 94 has taken a fork
2806 94 has taken a fork
2806 94 is eating
2806 92 is thinking
2806 92 has taken a fork
2806 92 has taken a fork
2806 92 is eating
2806 10 is thinking
2806 10 has taken a fork
2806 10 has taken a fork
2806 10 is eating
2806 58 is thinking
2806 58 has taken a fork
2806 58 has taken a fork
2806 58 is eating
2806 74 is thinking
2806 74 has taken a fork
2806 74 has taken a fork
2806 74 is eating
2806 8 is thinking
2806 8 has taken a fork
2806 8 has taken a fork
2806 8 is eating
2807 61 is sleeping
2808 98 is thinking
2808 84 is thinking
2808 85 is sleeping
2808 62 is thinking
2808 62 has taken a fork
2808 62 has taken a fork
2808 62 is eating
2808 84 has taken a fork
2808 84 has taken a fork
2808 84 is eating
2808 99 is sleeping
2808 45 is sleeping
2808 86 is thinking
2808 86 has taken a fork
2808 86 has taken a fork
2808 86 is eating
2808 24 is thinking
2808 88 is thinking
2808 98 has taken a fork
2808 98 has taken a fork
2808 98 is eating
2808 44 is thinking
2808 44 has taken a fork
2808 44 has taken a fork
2808 44 is eating
2808 46 is thinking
2808 46 has taken a fork
2808 46 has taken a fork
2808 46 is eating
2808 88 has taken a fork
2808 88 has taken a fork
2808 88 is eating
2808 23 is sleeping
2808 24 has taken a fork
2808 24 has taken a fork
2808 24 is eating
2808 100 is thinking
2808 60 is thinking
2808 100 has taken a fork
2808 100 has taken a fork
2808 100 is eating
2808 60 has taken a fork
2808 60 has taken a fork
2808 60 is eating
2808 87 is sleeping
2810 22 is thinking
2810 22 has taken a fork
2810 22 has taken a fork
2810 22 is eating
2901 38 is sleeping
2901 36 is sleeping
2901 48 is sleeping
2901 40 is sleeping
2901 42 is sleeping
2902 68 is sleeping
2902 6 is sleeping
2902 72 is sleeping
2902 28 is sleeping
2902 30 is sleeping
2902 80 is sleeping
2902 70 is sleeping
2902 20 is sleeping
2903 2 is sleeping
2903 66 is sleeping
2903 90 is sleeping
2904 76 is sleeping
2904 34 is sleeping
2904 50 is sleeping
2904 32 is sleeping
2904 18 is sleeping
2904 14 is sleeping
2904 56 is sleeping
2904 96 is sleeping
2904 78 is sleeping
2905 52 is sleeping
2905 26 is sleeping
2905 16 is sleeping
2905 4 is sleeping
2905 64 is sleeping
2905 54 is sleeping
2905 12 is sleeping
2905 82 is sleeping
2906 94 is sleeping
2906 10 is sleeping
2906 74 is sleeping
2906 92 is sleeping
2906 8 is sleeping
2906 58 is sleeping
2908 24 is sleeping
2908 98 is sleeping
2908 84 is sleeping
2908 60 is sleeping
2908 88 is sleeping
2908 46 is sleeping
2908 44 is sleeping
2908 86 is sleeping
2908 62 is sleeping
2908 100 is sleeping
2910 22 is sleeping
3000 41 is thinking
3000 41 has taken a fork
3000 41 has taken a fork
3000 41 is eating
3000 37 is thinking
3000 49 is thinking
3000 49 has taken a fork
3000 49 has taken a fork
3000 49 is eating
3000 19 is thinking
3000 79 is thinking
3000 79 has taken a fork
3000 79 has taken a fork
3000 79 is eating
3000 89 is thinking
3000 89 has taken a fork
3000 89 has taken a fork
3000 89 is eating
3000 59 is thinking
3000 59 has taken a fork
3000 59 has taken a fork
3000 59 is eating
3000 81 is thinking
3000 81 has taken a fork
3000 81 has taken a fork
3000 81 is eating
3000 73 is thinking
3000 73 has taken a fork
3000 73 has taken a fork
3000 73 is eating
3000 37 has taken a fork
3000 37 has taken a fork
3000 37 is eating
3000 3 is thinking
3000 3 has taken a fork
3000 3 has taken a fork
3000 3 is eating
3000 29 is thinking
3000 29 has taken a fork
3000 29 has taken a fork
3000 29 is eating
3000 19 has taken a fork
3000 19 has taken a fork
3000 19 is eating
3000 43 is thinking
3000 43 has taken a fork
3000 43 has taken a fork
3000 43 is eating
3001 35 is thinking
3001 35 has taken a fork
3001 35 has taken a fork
3001 35 is eating
3001 25 is thinking
3001 11 is thinking
3001 39 is thinking
3001 11 has taken a fork
3001 11 has taken a fork
3001 11 is eating
3001 21 is thinking
3001 21 has taken a fork
3001 21 has taken a fork
3001 21 is eating
3001 75 is thinking
3001 75 has taken a fork
3001 75 has taken a fork
3001 75 is eating
3001 15 is thinking
3001 55 is thinking
3001 15 has taken a fork
3001 15 has taken a fork
3001 15 is eating
3001 97 is thinking
3001 97 has taken a fork
3001 97 has taken a fork
3001 97 is eating
3001 39 has taken a fork
3001 39 has taken a fork
3001 39 is eating
3001 27 is thinking
3001 27 has taken a fork
3001 27 has taken a fork
3001 27 is eating
3001 77 is thinking
3001 77 has taken a fork
3001 77 has taken a fork
3001 77 is eating
3001 25 has taken a fork
3001 25 has taken a fork
3001 25 is eating
3001 93 is thinking
3001 93 has taken a fork
3001 93 has taken a fork
3001 93 is eating
3001 5 is thinking
3001 5 has taken a fork
3001 5 has taken a fork
3001 5 is eating
3001 47 is thinking
3001 47 has taken a fork
3001 47 has taken a fork
3001 47 is eating
3001 67 is thinking
3001 67 has taken a fork
3001 67 has taken a fork
3001 67 is eating
3001 55 has taken a fork
3001 55 has taken a fork
3001 55 is eating
3001 7 is thinking
3001 7 has taken a fork
3001 7 has taken a fork
3001 7 is eating
3002 13 is thinking
3002 13 has taken a fork
3002 13 has taken a fork
3002 13 is eating
3002 69 is thinking
3002 69 has taken a fork
3002 69 has taken a fork
3002 69 is eating
3002 53 is thinking
3002 53 has taken a fork
3002 53 has taken a fork
3002 53 is eating
3002 9 is thinking
3002 9 has taken a fork
3002 9 has taken a fork
3002 9 is eating
3002 65 is thinking
3002 65 has taken a fork
3002 65 has taken a fork
3002 65 is eating
3002 71 is thinking
3002 71 has taken a fork
3002 71 has taken a fork
3002 71 is eating
3002 95 is thinking
3002 95 has taken a fork
3002 95 has taken a fork
3002 95 is eating
3002 1 is thinking
3002 1 has taken a fork
3002 1 has taken a fork
3002 1 is eating
3002 63 is thinking
3002 63 has taken a fork
3002 63 has taken a fork
3002 63 is eating
3002 31 is thinking
3002 31 has taken a fork
3002 31 has taken a fork
3002 31 is eating
3003 33 is thinking
3003 33 has taken a fork
3003 33 has taken a fork
3003 33 is eating
3003 83 is thinking
3003 83 has taken a fork
3003 83 has taken a fork
3003 83 is eating
3003 57 is thinking
3003 57 has taken a fork
3003 57 has taken a fork
3003 57 is eating
3003 17 is thinking
3003 17 has taken a fork
3003 17 has taken a fork
3003 17 is eating
3003 51 is thinking
3003 51 has taken a fork
3003 51 has taken a fork
3003 51 is eating
3003 91 is thinking
3003 91 has taken a fork
3003 91 has taken a fork
3003 91 is eating
3007 61 is thinking
3007 61 has taken a fork
3007 61 has taken a fork
3007 61 is eating
3008 45 is thinking
3008 45 has taken a fork
3008 45 has taken a fork
3008 45 is eating
3008 85 is thinking
3008 87 is thinking
3008 87 has taken a fork
3008 87 has taken a fork
3008 87 is eating
3008 23 is thinking
3008 23 has taken a fork
3008 23 has taken a fork
3008 23 is eating
3008 85 has taken a fork
3008 85 has taken a fork
3008 85 is eating
3008 99 is thinking
3008 99 has taken a fork
3008 99 has taken a fork
3008 99 is eating
3100 43 is sleeping
3100 49 is sleeping
3100 79 is sleeping
3100 3 is sleeping
3100 29 is sleeping
3100 89 is sleeping
3100 19 is sleeping
3100 59 is sleeping
3100 41 is sleeping
3100 37 is sleeping
3100 73 is sleeping
3101 48 is thinking
3101 38 is thinking
3101 47 is sleeping
3101 67 is sleeping
3101 77 is sleeping
3101 7 is sleeping
3101 11 is sleeping
3101 25 is sleeping
3101 75 is sleeping
3101 97 is sleeping
3101 27 is sleeping
3101 5 is sleeping
3101 93 is sleeping
3101 48 has taken a fork
3101 48 has taken a fork
3101 48 is eating
3101 21 is sleeping
3102 28 is thinking
3102 28 has taken a fork
3102 28 has taken a fork
3102 28 is eating
3102 6 is thinking
3102 6 has taken a fork
3102 6 has taken a fork
3102 6 is eating
3102 31 is sleeping
3102 80 is thinking
3102 69 is sleeping
3102 20 is thinking
3102 20 has taken a fork
3102 20 has taken a fork
3102 20 is eating
3102 1 is sleeping
3102 13 is sleeping
3102 71 is sleeping
3102 72 is thinking
3102 72 has taken a fork
3102 72 has taken a fork
3102 72 is eating
3102 53 is sleeping
3102 55 is sleeping
3102 15 is sleeping
3102 36 is thinking
3103 66 is thinking
3103 2 is thinking
3103 2 has taken a fork
3103 2 has taken a fork
3103 2 is eating
3103 90 is thinking
3103 17 is sleeping
3103 57 is sleeping
3103 33 is sleeping
3103 91 is sleeping
3103 83 is sleeping
3103 51 is sleeping
3103 90 has taken a fork
3103 90 has taken a fork
3103 90 is eating
3104 56 is thinking
3104 56 has taken a fork
3104 56 has taken a fork
3104 56 is eating
3104 32 is thinking
3104 32 has taken a fork
3104 32 has taken a fork
3104 32 is eating
3104 18 is thinking
3104 18 has taken a fork
3104 18 has taken a fork
3104 18 is eating
3104 96 is thinking
3104 76 is thinking
3104 76 has taken a fork
3104 76 has taken a fork
3104 76 is eating
3104 78 is thinking
3104 78 has taken a fork
3104 78 has taken a fork
3104 78 is eating
3104 34 is thinking
3104 9 is sleeping
3104 40 is thinking
3104 63 is sleeping
3104 68 is thinking
3104 68 has taken a fork
3104 68 has taken a fork
3104 68 is eating
3104 38 has taken a fork
3104 38 has taken a fork
3104 38 is eating
3104 50 is thinking
3104 50 has taken a fork
3104 50 has taken a fork
3104 50 is eating
3105 26 is thinking
3105 26 has taken a fork
3105 26 has taken a fork
3105 26 is eating
3105 54 is thinking
3105 54 has taken a fork
3105 54 has taken a fork
3105 54 is eating
3105 16 is thinking
3105 16 has taken a fork
3105 16 has taken a fork
3105 16 is eating
3105 52 is thinking
3105 12 is thinking
3105 12 has taken a fork
3105 12 has taken a fork
3105 12 is eating
3105 4 is thinking
3105 4 has taken a fork
3105 4 has taken a fork
3105 4 is eating
3105 52 has taken a fork
3105 52 has taken a fork
3105 52 is eating
3106 94 is thinking
3106 10 is thinking
3106 10 has taken a fork
3106 10 has taken a fork
3106 10 is eating
3106 8 is thinking
3106 8 has taken a fork
3106 8 has taken a fork
3106 8 is eating
3106 58 is thinking
3106 58 has taken a fork
3106 58 has taken a fork
3106 58 is eating
3107 74 is thinking
3107 74 has taken a fork
3107 74 has taken a fork
3107 74 is eating
3107 40 has taken a fork
3107 40 has taken a fork
3107 40 is eating
3107 61 is sleeping
3107 81 is sleeping
3107 30 is thinking
3107 30 has taken a fork
3107 30 has taken a fork
3107 30 is eating
3107 95 is sleeping
3107 35 is sleeping
3107 96 has taken a fork
3107 96 has taken a fork
3107 96 is eating
3107 34 has taken a fork
3107 34 has taken a fork
3107 34 is eating
3108 24 is thinking
3108 23 is sleeping
3108 87 is sleeping
3108 46 is thinking
3108 99 is sleeping
3108 60 is thinking
3108 60 has taken a fork
3108 60 has taken a fork
3108 60 is eating
3108 62 is thinking
3108 100 is thinking
3108 100 has taken a fork
3108 100 has taken a fork
3108 100 is eating
3108 94 has taken a fork
3108 94 has taken a fork
3108 94 is eating
3108 66 has taken a fork
3108 66 has taken a fork
3108 66 is eating
3108 85 is sleeping
3108 24 has taken a fork
3108 24 has taken a fork
3108 24 is eating
3108 46 has taken a fork
3108 46 has taken a fork
3108 46 is eating
3108 44 is thinking
3108 44 has taken a fork
3108 44 has taken a fork
3108 44 is eating
3108 62 has taken a fork
3108 62 has taken a fork
3108 62 is eating
3108 45 is sleeping
3108 86 is thinking
3108 80 has taken a fork
3108 80 has taken a fork
3108 80 is eating
3108 88 is thinking
3108 88 has taken a fork
3108 88 has taken a fork
3108 88 is eating
3108 98 is thinking
3108 98 has taken a fork
3108 98 has taken a fork
3108 98 is eating
3108 86 has taken a fork
3108 86 has taken a fork
3108 86 is eating
3109 84 is thinking
3109 84 has taken a fork
3109 84 has taken a fork
3109 84 is eating
3109 36 has taken a fork
3109 36 has taken a fork
3109 36 is eating
3110 22 is thinking
3110 22 has taken a fork
3110 22 has taken a fork
3110 22 is eating
3110 64 is thinking
3110 64 has taken a fork
3110 64 has taken a fork
3110 64 is eating
3110 82 is thinking
3110 82 has taken a fork
3110 82 has taken a fork
3110 82 is eating
3111 92 is thinking
3111 92 has taken a fork
3111 92 has taken a fork
3111 92 is eating
3111 39 is sleeping
3111 70 is thinking
3111 70 has taken a fork
3111 70 has taken a fork
3111 70 is eating
3111 42 is thinking
3111 42 has taken a fork
3111 42 has taken a fork
3111 42 is eating
3112 65 is sleeping
3112 14 is thinking
3112 14 has taken a fork
3112 14 has taken a fork
3112 14 is eating
3201 48 is sleeping
3202 6 is sleeping
3202 28 is sleeping
3202 72 is sleeping
3202 20 is sleeping
3203 2 is sleeping
3203 90 is sleeping
3204 78 is sleeping
3204 56 is sleeping
3204 32 is sleeping
3204 76 is sleeping
3204 18 is sleeping
3204 38 is sleeping
3205 26 is sleeping
3205 16 is sleeping
3205 4 is sleeping
3205 12 is sleeping
3205 52 is sleeping
3205 54 is sleeping
3205 50 is sleeping
3206 58 is sleeping
3206 10 is sleeping
3206 8 is sleeping
3206 68 is sleeping
3207 34 is sleeping
3207 96 is sleeping
3207 40 is sleeping
3207 74 is sleeping
3207 30 is sleeping
3208 46 is sleeping
3208 98 is sleeping
3208 88 is sleeping
3208 44 is sleeping
3208 80 is sleeping
3208 24 is sleeping
3208 100 is sleeping
3208 66 is sleeping
3208 60 is sleeping
3208 86 is sleeping
3208 62 is sleeping
3208 94 is sleeping
3209 84 is sleeping
3209 36 is sleeping
3210 82 is sleeping
3210 64 is sleeping
3210 22 is sleeping
3211 92 is sleeping
3211 70 is sleeping
3212 14 is sleeping
3212 42 is sleeping
3300 81 is thinking
3300 81 has taken a fork
3300 81 has taken a fork
3300 81 is eating
3300 3 is thinking
3300 3 has taken a fork
3300 3 has taken a fork
3300 3 is eating
3300 59 is thinking
3300 59 has taken a fork
3300 59 has taken a fork
3300 59 is eating
3300 19 is thinking
3300 19 has taken a fork
3300 19 has taken a fork
3300 19 is eating
3300 89 is thinking
3300 89 has taken a fork
3300 89 has taken a fork
3300 89 is eating
3300 49 is thinking
3300 49 has taken a fork
3300 49 has taken a fork
3300 49 is eating
3300 29 is thinking
3300 29 has taken a fork
3300 29 has taken a fork
3300 29 is eating
3300 41 is thinking
3300 41 has taken a fork
3300 41 has taken a fork
3300 41 is eating
3300 37 is thinking
3300 37 has taken a fork
3300 37 has taken a fork
3300 37 is eating
3300 43 is thinking
3300 43 has taken a fork
3300 43 has taken a fork
3300 43 is eating
3301 55 is thinking
3301 93 is thinking
3301 93 has taken a fork
3301 93 has taken a fork
3301 93 is eating
3301 77 is thinking
3301 77 has taken a fork
3301 77 has taken a fork
3301 77 is eating
3301 25 is thinking
3301 75 is thinking
3301 75 has taken a fork
3301 75 has taken a fork
3301 75 is eating
3301 25 has taken a fork
3301 25 has taken a fork
3301 25 is eating
3301 15 is thinking
3301 15 has taken a fork
3301 15 has taken a fork
3301 15 is eating
3301 35 is thinking
3301 35 has taken a fork
3301 35 has taken a fork
3301 35 is eating
3301 55 has taken a fork
3301 55 has taken a fork
3301 55 is eating
3301 39 is thinking
3301 39 has taken a fork
3301 39 has taken a fork
3301 39 is eating
3301 5 is thinking
3301 5 has taken a fork
3301 5 has taken a fork
3301 5 is eating
3301 47 is thinking
3301 47 has taken a fork
3301 47 has taken a fork
3301 47 is eating
3301 11 is thinking
3301 11 has taken a fork
3301 11 has taken a fork
3301 11 is eating
3301 97 is thinking
3301 67 is thinking
3301 67 has taken a fork
3301 67 has taken a fork
3301 67 is eating
3301 97 has taken a fork
3301 97 has taken a fork
3301 97 is eating
3301 27 is thinking
3301 27 has taken a fork
3301 27 has taken a fork
3301 27 is eating
3301 7 is thinking
3301 7 has taken a fork
3301 7 has taken a fork
3301 7 is eating
3301 21 is thinking
3301 21 has taken a fork
3301 21 has taken a fork
3301 21 is eating
3301 73 is thinking
3301 73 has taken a fork
3301 73 has taken a fork
3301 73 is eating
3302 71 is thinking
3302 71 has taken a fork
3302 71 has taken a fork
3302 71 is eating
3302 63 is thinking
3302 63 has taken a fork
3302 63 has taken a fork
3302 63 is eating
3302 65 is thinking
3302 9 is thinking
3302 9 has taken a fork
3302 9 has taken a fork
3302 9 is eating
3302 95 is thinking
3302 95 has taken a fork
3302 95 has taken a fork
3302 95 is eating
3302 65 has taken a fork
3302 65 has taken a fork
3302 65 is eating
3302 13 is thinking
3302 13 has taken a fork
3302 13 has taken a fork
3302 13 is eating
3302 69 is thinking
3302 69 has taken a fork
3302 69 has taken a fork
3302 69 is eating
3302 1 is thinking
3302 1 has taken a fork
3302 1 has taken a fork
3302 1 is eating
3302 31 is thinking
3302 31 has taken a fork
3302 31 has taken a fork
3302 31 is eating
3302 79 is thinking
3302 79 has taken a fork
3302 79 has taken a fork
3302 79 is eating
3302 53 is thinking
3302 53 has taken a fork
3302 53 has taken a fork
3302 53 is eating
3303 33 is thinking
3303 33 has taken a fork
3303 33 has taken a fork
3303 33 is eating
3303 83 is thinking
3303 83 has taken a fork
3303 83 has taken a fork
3303 83 is eating
3303 91 is thinking
3303 91 has taken a fork
3303 91 has taken a fork
3303 91 is eating
3303 17 is thinking
3303 17 has taken a fork
3303 17 has taken a fork
3303 17 is eating
3303 51 is thinking
3303 51 has taken a fork
3303 51 has taken a fork
3303 51 is eating
3306 57 is thinking
3306 57 has taken a fork
3306 57 has taken a fork
3306 57 is eating
3307 61 is thinking
3307 61 has taken a fork
3307 61 has taken a fork
3307 61 is eating
3308 99 is thinking
3308 99 has taken a fork
3308 99 has taken a fork
3308 99 is eating
3308 85 is thinking
3308 85 has taken a fork
3308 85 has taken a fork
3308 85 is eating
3308 87 is thinking
3308 87 has taken a fork
3308 87 has taken a fork
3308 87 is eating
3308 23 is thinking
3308 23 has taken a fork
3308 23 has taken a fork
3308 23 is eating
3310 45 is thinking
3310 45 has taken a fork
3310 45 has taken a fork
3310 45 is eating
3400 3 is sleeping
3400 59 is sleeping
3400 49 is sleeping
3400 29 is sleeping
3400 43 is sleeping
3400 37 is sleeping
3400 81 is sleeping
3400 41 is sleeping
3401 7 is sleeping
3401 55 is sleeping
3401 39 is sleeping
3401 75 is sleeping
3401 73 is sleeping
3401 5 is sleeping
3401 21 is sleeping
3401 67 is sleeping
3401 27 is sleeping
3401 48 is thinking
3401 93 is sleeping
3401 15 is sleeping
3401 35 is sleeping
3401 47 is sleeping
3401 48 has taken a fork
3401 48 has taken a fork
3401 48 is eating
3401 11 is sleeping
3402 71 is sleeping
3402 1 is sleeping
3402 31 is sleeping
3402 13 is sleeping
3402 65 is sleeping
3402 72 is thinking
3402 53 is sleeping
3402 6 is thinking
3402 6 has taken a fork
3402 6 has taken a fork
3402 6 is eating
3402 9 is sleeping
3402 28 is thinking
3402 28 has taken a fork
3402 28 has taken a fork
3402 28 is eating
3402 95 is sleeping
3402 63 is sleeping
3402 72 has taken a fork
3402 72 has taken a fork
3402 72 is eating
3402 79 is sleeping
3402 69 is sleeping
3402 77 is sleeping
3402 25 is sleeping
3402 89 is sleeping
3402 20 is thinking
3402 20 has taken a fork
3402 20 has taken a fork
3402 20 is eating
3403 17 is sleeping
3403 51 is sleeping
3403 91 is sleeping
3403 2 is thinking
3403 2 has taken a fork
3403 2 has taken a fork
3403 2 is eating
3403 90 is thinking
3403 90 has taken a fork
3403 90 has taken a fork
3403 90 is eating
3403 33 is sleeping
3404 76 is thinking
3404 76 has taken a fork
3404 76 has taken a fork
3404 76 is eating
3404 50 is thinking
3404 50 has taken a fork
3404 50 has taken a fork
3404 50 is eating
3404 78 is thinking
3404 83 is sleeping
3404 56 is thinking
3404 38 is thinking
3404 38 has taken a fork
3404 38 has taken a fork
3404 38 is eating
3404 32 is thinking
3404 32 has taken a fork
3404 32 has taken a fork
3404 32 is eating
3404 68 is thinking
3404 68 has taken a fork
3404 68 has taken a fork
3404 68 is eating
3404 97 is sleeping
3404 78 has taken a fork
3404 78 has taken a fork
3404 78 is eating
3404 18 is thinking
3404 18 has taken a fork
3404 18 has taken a fork
3404 18 is eating
3404 19 is sleeping
3405 54 is thinking
3405 54 has taken a fork
3405 54 has taken a fork
3405 54 is eating
3405 16 is thinking
3405 16 has taken a fork
3405 16 has taken a fork
3405 16 is eating
3406 10 is thinking
3406 10 has taken a fork
3406 10 has taken a fork
3406 10 is eating
3406 57 is sleeping
3406 8 is thinking
3406 8 has taken a fork
3406 8 has taken a fork
3406 8 is eating
3406 56 has taken a fork
3406 56 has taken a fork
3406 56 is eating
3407 40 is thinking
3407 40 has taken a fork
3407 40 has taken a fork
3407 40 is eating
3407 74 is thinking
3407 74 has taken a fork
3407 74 has taken a fork
3407 74 is eating
3407 30 is thinking
3407 30 has taken a fork
3407 30 has taken a fork
3407 30 is eating
3407 61 is sleeping
3407 34 is thinking
3407 34 has taken a fork
3407 34 has taken a fork
3407 34 is eating
3407 96 is thinking
3407 96 has taken a fork
3407 96 has taken a fork
3407 96 is eating
3407 80 is thinking
3407 80 has taken a fork
3407 80 has taken a fork
3407 80 is eating
3407 66 is thinking
3407 66 has taken a fork
3407 66 has taken a fork
3407 66 is eating
3407 52 is thinking
3407 52 has taken a fork
3407 52 has taken a fork
3407 52 is eating
3407 94 is thinking
3407 94 has taken a fork
3407 94 has taken a fork
3407 94 is eating
3408 60 is thinking
3408 60 has taken a fork
3408 60 has taken a fork
3408 60 is eating
3408 62 is thinking
3408 62 has taken a fork
3408 62 has taken a fork
3408 62 is eating
3408 86 is thinking
3408 44 is thinking
3408 87 is sleeping
3408 46 is thinking
3408 99 is sleeping
3408 36 is thinking
3408 36 has taken a fork
3408 36 has taken a fork
3408 36 is eating
3408 24 is thinking
3408 88 is thinking
3408 88 has taken a fork
3408 88 has taken a fork
3408 88 is eating
3408 100 is thinking
3408 100 has taken a fork
3408 100 has taken a fork
3408 100 is eating
3408 85 is sleeping
3408 58 is thinking
3408 58 has taken a fork
3408 58 has taken a fork
3408 58 is eating
3408 23 is sleeping
3408 98 is thinking
3408 98 has taken a fork
3408 98 has taken a fork
3408 98 is eating
3408 12 is thinking
3408 12 has taken a fork
3408 12 has taken a fork
3408 12 is eating
3408 24 has taken a fork
3408 24 has taken a fork
3408 24 is eating
3408 86 has taken a fork
3408 86 has taken a fork
3408 86 is eating
3408 26 is thinking
3408 26 has taken a fork
3408 26 has taken a fork
3408 26 is eating
3408 4 is thinking
3408 4 has taken a fork
3408 4 has taken a fork
3408 4 is eating
3409 84 is thinking
3409 84 has taken a fork
3409 84 has taken a fork
3409 84 is eating
3410 22 is thinking
3410 22 has taken a fork
3410 22 has taken a fork
3410 22 is eating
3410 82 is thinking
3410 82 has taken a fork
3410 82 has taken a fork
3410 82 is eating
3410 64 is thinking
3410 64 has taken a fork
3410 64 has taken a fork
3410 64 is eating
3411 92 is thinking
3411 92 has taken a fork
3411 92 has taken a fork
3411 92 is eating
3411 42 is thinking
3411 42 has taken a fork
3411 42 has taken a fork
3411 42 is eating
3411 45 is sleeping
3411 70 is thinking
3411 70 has taken a fork
3411 70 has taken a fork
3411 70 is eating
3411 44 has taken a fork
3411 44 has taken a fork
3411 44 is eating
3411 46 has taken a fork
3411 46 has taken a fork
3411 46 is eating
3412 14 is thinking
3412 14 has taken a fork
3412 14 has taken a fork
3412 14 is eating
3501 48 is sleeping
3502 20 is sleeping
3502 28 is sleeping
3502 6 is sleeping
3502 72 is sleeping
3503 2 is sleeping
3503 90 is sleeping
3504 38 is sleeping
3504 78 is sleeping
3504 18 is sleeping
3504 50 is sleeping
3504 68 is sleeping
3504 32 is sleeping
3504 76 is sleeping
3505 16 is sleeping
3505 54 is sleeping
3506 56 is sleeping
3506 10 is sleeping
3506 8 is sleeping
3507 66 is sleeping
3507 52 is sleeping
3507 34 is sleeping
3507 94 is sleeping
3507 96 is sleeping
3507 74 is sleeping
3507 80 is sleeping
3507 40 is sleeping
3507 30 is sleeping
3508 62 is sleeping
3508 58 is sleeping
3508 60 is sleeping
3508 12 is sleeping
3508 86 is sleeping
3508 100 is sleeping
3508 98 is sleeping
3508 26 is sleeping
3508 4 is sleeping
3508 24 is sleeping
3508 36 is sleeping
3508 88 is sleeping
3509 84 is sleeping
3510 82 is sleeping
3510 64 is sleeping
3510 22 is sleeping
3511 44 is sleeping
3511 42 is sleeping
3511 46 is sleeping
3511 92 is sleeping
3511 70 is sleeping
3512 14 is sleeping
3600 19 is thinking
3600 19 has taken a fork
3600 19 has taken a fork
3600 19 is eating
3600 59 is thinking
3600 59 has taken a fork
3600 59 has taken a fork
3600 59 is eating
3600 81 is thinking
3600 81 has taken a fork
3600 81 has taken a fork
3600 81 is eating
3600 43 is thinking
3600 43 has taken a fork
3600 43 has taken a fork
3600 43 is eating
3600 3 is thinking
3600 3 has taken a fork
3600 3 has taken a fork
3600 3 is eating
3600 41 is thinking
3600 49 is thinking
3600 29 is thinking
3600 29 has taken a fork
3600 29 has taken a fork
3600 29 is eating
3600 49 has taken a fork
3600 49 has taken a fork
3600 49 is eating
3600 37 is thinking
3600 37 has taken a fork
3600 37 has taken a fork
3600 37 is eating
3600 41 has taken a fork
3600 41 has taken a fork
3600 41 is eating
3600 89 is thinking
3600 89 has taken a fork
3600 89 has taken a fork
3600 89 is eating
3601 75 is thinking
3601 75 has taken a fork
3601 75 has taken a fork
3601 75 is eating
3601 97 is thinking
3601 97 has taken a fork
3601 97 has taken a fork
3601 97 is eating
3601 77 is thinking
3601 77 has taken a fork
3601 77 has taken a fork
3601 77 is eating
3601 5 is thinking
3601 5 has taken a fork
3601 5 has taken a fork
3601 5 is eating
3601 7 is thinking
3601 7 has taken a fork
3601 7 has taken a fork
3601 7 is eating
3601 39 is thinking
3601 39 has taken a fork
3601 39 has taken a fork
3601 39 is eating
3601 27 is thinking
3601 27 has taken a fork
3601 27 has taken a fork
3601 27 is eating
3601 21 is thinking
3601 21 has taken a fork
3601 21 has taken a fork
3601 21 is eating
3601 55 is thinking
3601 55 has taken a fork
3601 55 has taken a fork
3601 55 is eating
3601 67 is thinking
3601 67 has taken a fork
3601 67 has taken a fork
3601 67 is eating
3601 11 is thinking
3601 11 has taken a fork
3601 11 has taken a fork
3601 11 is eating
3601 47 is thinking
3601 47 has taken a fork
3601 47 has taken a fork
3601 47 is eating
3601 35 is thinking
3601 35 has taken a fork
3601 35 has taken a fork
3601 35 is eating
3601 15 is thinking
3601 15 has taken a fork
3601 15 has taken a fork
3601 15 is eating
3601 25 is thinking
3601 25 has taken a fork
3601 25 has taken a fork
3601 25 is eating
3601 93 is thinking
3601 93 has taken a fork
3601 93 has taken a fork
3601 93 is eating
3601 73 is thinking
3601 73 has taken a fork
3601 73 has taken a fork
3601 73 is eating
3602 63 is thinking
3602 63 has taken a fork
3602 63 has taken a fork
3602 63 is eating
3602 71 is thinking
3602 71 has taken a fork
3602 71 has taken a fork
3602 71 is eating
3602 9 is thinking
3602 9 has taken a fork
3602 9 has taken a fork
3602 9 is eating
3602 13 is thinking
3602 13 has taken a fork
3602 13 has taken a fork
3602 13 is eating
3602 79 is thinking
3602 79 has taken a fork
3602 79 has taken a fork
3602 79 is eating
3602 95 is thinking
3602 1 is thinking
3602 1 has taken a fork
3602 1 has taken a fork
3602 1 is eating
3602 95 has taken a fork
3602 95 has taken a fork
3602 95 is eating
3602 69 is thinking
3602 69 has taken a fork
3602 69 has taken a fork
3602 69 is eating
3602 53 is thinking
3602 53 has taken a fork
3602 53 has taken a fork
3602 53 is eating
3602 65 is thinking
3602 65 has taken a fork
3602 65 has taken a fork
3602 65 is eating
3602 31 is thinking
3602 31 has taken a fork
3602 31 has taken a fork
3602 31 is eating
3603 17 is thinking
3603 17 has taken a fork
3603 17 has taken a fork
3603 17 is eating
3603 51 is thinking
3603 51 has taken a fork
3603 51 has taken a fork
3603 51 is eating
3603 33 is thinking
3603 33 has taken a fork
3603 33 has taken a fork
3603 33 is eating
3603 91 is thinking
3603 91 has taken a fork
3603 91 has taken a fork
3603 91 is eating
3603 83 is thinking
3603 83 has taken a fork
3603 83 has taken a fork
3603 83 is eating
3606 57 is thinking
3606 57 has taken a fork
3606 57 has taken a fork
3606 57 is eating
3607 61 is thinking
3607 61 has taken a fork
3607 61 has taken a fork
3607 61 is eating
3608 87 is thinking
3608 87 has taken a fork
3608 87 has taken a fork
3608 87 is eating
3608 99 is thinking
3608 99 has taken a fork
3608 99 has taken a fork
3608 99 is eating
3608 85 is thinking
3608 85 has taken a fork
3608 85 has taken a fork
3608 85 is eating
3608 23 is thinking
3608 23 has taken a fork
3608 23 has taken a fork
3608 23 is eating
3610 45 is thinking
3610 45 has taken a fork
3610 45 has taken a fork
3610 45 is eating
3700 41 is sleeping
3700 29 is sleeping
3700 19 is sleeping
3700 49 is sleeping
3700 3 is sleeping
3700 81 is sleeping
3700 37 is sleeping
3700 43 is sleeping
3700 59 is sleeping
3700 89 is sleeping
3701 7 is sleeping
3701 27 is sleeping
3701 35 is sleeping
3701 97 is sleeping
3701 75 is sleeping
3701 48 is thinking
3701 47 is sleeping
3701 77 is sleeping
3701 55 is sleeping
3701 39 is sleeping
3701 11 is sleeping
3701 15 is sleeping
3701 73 is sleeping
3701 5 is sleeping
3701 25 is sleeping
3701 67 is sleeping
3701 93 is sleeping
3701 48 has taken a fork
3701 48 has taken a fork
3701 48 is eating
3701 21 is sleeping
3702 13 is sleeping
3702 69 is sleeping
3702 9 is sleeping
3702 72 is thinking
3702 1 is sleeping
3702 53 is sleeping
3702 71 is sleeping
3702 63 is sleeping
3702 20 is thinking
3702 20 has taken a fork
3702 20 has taken a fork
3702 20 is eating
3702 72 has taken a fork
3702 72 has taken a fork
3702 72 is eating
3702 28 is thinking
3702 79 is sleeping
3702 31 is sleeping
3702 65 is sleeping
3702 95 is sleeping
3702 28 has taken a fork
3702 28 has taken a fork
3702 28 is eating
3702 6 is thinking
3702 6 has taken a fork
3702 6 has taken a fork
3702 6 is eating
3703 51 is sleeping
3703 90 is thinking
3703 17 is sleeping
3703 83 is sleeping
3703 91 is sleeping
3703 90 has taken a fork
3703 90 has taken a fork
3703 90 is eating
3703 2 is thinking
3703 2 has taken a fork
3703 2 has taken a fork
3703 2 is eating
3703 33 is sleeping
3704 38 is thinking
3704 38 has taken a fork
3704 38 has taken a fork
3704 38 is eating
3704 18 is thinking
3704 18 has taken a fork
3704 18 has taken a fork
3704 18 is eating
3704 32 is thinking
3704 32 has taken a fork
3704 32 has taken a fork
3704 32 is eating
3704 76 is thinking
3704 76 has taken a fork
3704 76 has taken a fork
3704 76 is eating
3704 68 is thinking
3704 68 has taken a fork
3704 68 has taken a fork
3704 68 is eating
3704 50 is thinking
3704 50 has taken a fork
3704 50 has taken a fork
3704 50 is eating
3704 78 is thinking
3704 78 has taken a fork
3704 78 has taken a fork
3704 78 is eating
3705 54 is thinking
3705 54 has taken a fork
3705 54 has taken a fork
3705 54 is eating
3705 16 is thinking
3705 16 has taken a fork
3705 16 has taken a fork
3705 16 is eating
3706 10 is thinking
3706 10 has taken a fork
3706 10 has taken a fork
3706 10 is eating
3706 57 is sleeping
3706 8 is thinking
3706 8 has taken a fork
3706 8 has taken a fork
3706 8 is eating
3706 56 is thinking
3706 56 has taken a fork
3706 56 has taken a fork
3706 56 is eating
3707 94 is thinking
3707 94 has taken a fork
3707 94 has taken a fork
3707 94 is eating
3707 74 is thinking
3707 74 has taken a fork
3707 74 has taken a fork
3707 74 is eating
3707 80 is thinking
3707 80 has taken a fork
3707 80 has taken a fork
3707 80 is eating
3707 52 is thinking
3707 52 has taken a fork
3707 52 has taken a fork
3707 52 is eating
3707 61 is sleeping
3707 30 is thinking
3707 30 has taken a fork
3707 30 has taken a fork
3707 30 is eating
3707 40 is thinking
3707 34 is thinking
3707 40 has taken a fork
3707 40 has taken a fork
3707 40 is eating
3707 34 has taken a fork
3707 34 has taken a fork
3707 34 is eating
3707 66 is thinking
3707 66 has taken a fork
3707 66 has taken a fork
3707 66 is eating
3707 96 is thinking
3707 96 has taken a fork
3707 96 has taken a fork
3707 96 is eating
3708 4 is thinking
3708 4 has taken a fork
3708 4 has taken a fork
3708 4 is eating
3708 87 is sleeping
3708 88 is thinking
3708 88 has taken a fork
3708 88 has taken a fork
3708 88 is eating
3708 36 is thinking
3708 36 has taken a fork
3708 36 has taken a fork
3708 36 is eating
3708 98 is thinking
3708 58 is thinking
3708 58 has taken a fork
3708 58 has taken a fork
3708 58 is eating
3708 85 is sleeping
3708 24 is thinking
3708 23 is sleeping
3708 86 is thinking
3708 86 has taken a fork
3708 86 has taken a fork
3708 86 is eating
3708 12 is thinking
3708 12 has taken a fork
3708 12 has taken a fork
3708 12 is eating
3708 62 is thinking
3708 62 has taken a fork
3708 62 has taken a fork
3708 62 is eating
3708 26 is thinking
3708 26 has taken a fork
3708 26 has taken a fork
3708 26 is eating
3708 24 has taken a fork
3708 24 has taken a fork
3708 24 is eating
3708 100 is thinking
3708 100 has taken a fork
3708 100 has taken a fork
3708 100 is eating
3708 98 has taken a fork
3708 98 has taken a fork
3708 98 is eating
3708 60 is thinking
3708 60 has taken a fork
3708 60 has taken a fork
3708 60 is eating
3708 99 is sleeping
3709 84 is thinking
3709 84 has taken a fork
3709 84 has taken a fork
3709 84 is eating
3710 22 is thinking
3710 22 has taken a fork
3710 22 has taken a fork
3710 22 is eating
3710 45 is sleeping
3710 82 is thinking
3710 82 has taken a fork
3710 82 has taken a fork
3710 82 is eating
3710 64 is thinking
3710 64 has taken a fork
3710 64 has taken a fork
3710 64 is eating
3711 42 is thinking
3711 42 has taken a fork
3711 42 has taken a fork
3711 42 is eating
3711 46 is thinking
3711 46 has taken a fork
3711 46 has taken a fork
3711 46 is eating
3711 92 is thinking
3711 92 has taken a fork
3711 92 has taken a fork
3711 92 is eating
3711 44 is thinking
3711 44 has taken a fork
3711 44 has taken a fork
3711 44 is eating
3711 70 is thinking
3711 70 has taken a fork
3711 70 has taken a fork
3711 70 is eating
3712 14 is thinking
3712 14 has taken a fork
3712 14 has taken a fork
3712 14 is eating
3801 48 is sleeping
3802 6 is sleeping
3802 28 is sleeping
3802 20 is sleeping
3802 72 is sleeping
3803 90 is sleeping
3803 2 is sleeping
3804 50 is sleeping
3804 78 is sleeping
3804 32 is sleeping
3804 68 is sleeping
3804 76 is sleeping
3804 18 is sleeping
3804 38 is sleeping
3805 16 is sleeping
3805 54 is sleeping
3806 56 is sleeping
3806 8 is sleeping
3806 10 is sleeping
3807 52 is sleeping
3807 40 is sleeping
3807 34 is sleeping
3807 96 is sleeping
3807 66 is sleeping
3807 30 is sleeping
3807 74 is sleeping
3807 94 is sleeping
3807 80 is sleeping
3808 12 is sleeping
3808 4 is sleeping
3808 58 is sleeping
3808 60 is sleeping
3808 88 is sleeping
3808 98 is sleeping
3808 62 is sleeping
3808 26 is sleeping
3808 24 is sleeping
3808 100 is sleeping
3808 36 is sleeping
3808 86 is sleeping
3809 84 is sleeping
3810 82 is sleeping
3810 64 is sleeping
3810 22 is sleeping
3811 42 is sleeping
3811 70 is sleeping
3811 46 is sleeping
3811 92 is sleeping
3811 44 is sleeping
3812 14 is sleeping
3900 59 is thinking
3900 59 has taken a fork
3900 59 has taken a fork
3900 59 is eating
3900 41 is thinking
3900 41 has taken a fork
3900 41 has taken a fork
3900 41 is eating
3900 3 is thinking
3900 3 has taken a fork
3900 3 has taken a fork
3900 3 is eating
3900 19 is thinking
3900 19 has taken a fork
3900 19 has taken a fork
3900 19 is eating
3900 89 is thinking
3900 89 has taken a fork
3900 89 has taken a fork
3900 89 is eating
3900 43 is thinking
3900 43 has taken a fork
3900 43 has taken a fork
3900 43 is eating
3900 49 is thinking
3900 49 has taken a fork
3900 49 has taken a fork
3900 49 is eating
3900 37 is thinking
3900 37 has taken a fork
3900 37 has taken a fork
3900 37 is eating
3900 29 is thinking
3900 29 has taken a fork
3900 29 has taken a fork
3900 29 is eating
3900 81 is thinking
3900 81 has taken a fork
3900 81 has taken a fork
3900 81 is eating
3901 55 is thinking
3901 55 has taken a fork
3901 55 has taken a fork
3901 55 is eating
3901 21 is thinking
3901 21 has taken a fork
3901 21 has taken a fork
3901 21 is eating
3901 93 is thinking
3901 93 has taken a fork
3901 93 has taken a fork
3901 93 is eating
3901 7 is thinking
3901 7 has taken a fork
3901 7 has taken a fork
3901 7 is eating
3901 39 is thinking
3901 39 has taken a fork
3901 39 has taken a fork
3901 39 is eating
3901 27 is thinking
3901 27 has taken a fork
3901 27 has taken a fork
3901 27 is eating
3901 15 is thinking
3901 77 is thinking
3901 77 has taken a fork
3901 77 has taken a fork
3901 77 is eating
3901 35 is thinking
3901 35 has taken a fork
3901 35 has taken a fork
3901 35 is eating
3901 5 is thinking
3901 5 has taken a fork
3901 5 has taken a fork
3901 5 is eating
3901 11 is thinking
3901 11 has taken a fork
3901 11 has taken a fork
3901 11 is eating
3901 75 is thinking
3901 75 has taken a fork
3901 75 has taken a fork
3901 75 is eating
3901 15 has taken a fork
3901 15 has taken a fork
3901 15 is eating
3901 73 is thinking
3902 73 has taken a fork
3902 73 has taken a fork
3902 73 is eating
3902 95 is thinking
3902 95 has taken a fork
3902 95 has taken a fork
3902 95 is eating
3902 13 is thinking
3902 65 is thinking
3902 65 has taken a fork
3902 65 has taken a fork
3902 65 is eating
3902 25 is thinking
3902 25 has taken a fork
3902 25 has taken a fork
3902 25 is eating
3902 13 has taken a fork
3902 13 has taken a fork
3902 13 is eating
3902 31 is thinking
3902 31 has taken a fork
3902 31 has taken a fork
3902 31 is eating
3902 69 is thinking
3902 69 has taken a fork
3902 69 has taken a fork
3902 69 is eating
3902 53 is thinking
3902 47 is thinking
3902 47 has taken a fork
3902 47 has taken a fork
3902 47 is eating
3902 67 is thinking
3902 67 has taken a fork
3902 67 has taken a fork
3902 67 is eating
3902 1 is thinking
3902 1 has taken a fork
3902 1 has taken a fork
3902 1 is eating
3902 9 is thinking
3902 9 has taken a fork
3902 9 has taken a fork
3902 9 is eating
3902 71 is thinking
3902 71 has taken a fork
3902 71 has taken a fork
3902 71 is eating
3902 63 is thinking
3902 63 has taken a fork
3902 63 has taken a fork
3902 63 is eating
3902 79 is thinking
3902 79 has taken a fork
3902 79 has taken a fork
3902 79 is eating
3902 97 is thinking
3902 97 has taken a fork
3902 97 has taken a fork
3902 97 is eating
3902 53 has taken a fork
3902 53 has taken a fork
3902 53 is eating
3903 83 is thinking
3903 83 has taken a fork
3903 83 has taken a fork
3903 83 is eating
3903 17 is thinking
3903 17 has taken a fork
3903 17 has taken a fork
3903 17 is eating
3903 33 is thinking
3903 33 has taken a fork
3903 33 has taken a fork
3903 33 is eating
3903 91 is thinking
3903 91 has taken a fork
3903 91 has taken a fork
3903 91 is eating
3903 51 is thinking
3903 51 has taken a fork
3903 51 has taken a fork
3903 51 is eating
3906 57 is thinking
3906 57 has taken a fork
3906 57 has taken a fork
3906 57 is eating
3907 61 is thinking
3907 61 has taken a fork
3907 61 has taken a fork
3907 61 is eating
3908 85 is thinking
3908 85 has taken a fork
3908 85 has taken a fork
3908 85 is eating
3908 87 is thinking
3908 87 has taken a fork
3908 87 has taken a fork
3908 87 is eating
3908 99 is thinking
3908 99 has taken a fork
3908 99 has taken a fork
3908 99 is eating
3908 23 is thinking
3908 23 has taken a fork
3908 23 has taken a fork
3908 23 is eating
3910 45 is thinking
3910 45 has taken a fork
3910 45 has taken a fork
3910 45 is eating
4000 19 is sleeping
4000 59 is sleeping
4000 89 is sleeping
4000 41 is sleeping
4000 81 is sleeping
4000 29 is sleeping
4000 3 is sleeping
4000 43 is sleeping
4000 37 is sleeping
4000 49 is sleeping
4001 55 is sleeping
4001 11 is sleeping
4001 27 is sleeping
4001 77 is sleeping
4001 5 is sleeping
4001 48 is thinking
4001 75 is sleeping
4001 39 is sleeping
4001 93 is sleeping
4001 35 is sleeping
4001 7 is sleeping
4001 15 is sleeping
4001 21 is sleeping
4002 65 is sleeping
4002 6 is thinking
4002 20 is thinking
4002 69 is sleeping
4002 9 is sleeping
4002 71 is sleeping
4002 67 is sleeping
4002 72 is thinking
4002 48 has taken a fork
4002 48 has taken a fork
4002 48 is eating
4002 6 has taken a fork
4002 6 has taken a fork
4002 6 is eating
4002 63 is sleeping
4002 73 is sleeping
4002 28 is thinking
4002 31 is sleeping
4002 1 is sleeping
4002 28 has taken a fork
4002 28 has taken a fork
4002 28 is eating
4002 13 is sleeping
4002 95 is sleeping
4002 72 has taken a fork
4002 72 has taken a fork
4002 72 is eating
4002 79 is sleeping
4002 25 is sleeping
4002 47 is sleeping
4002 20 has taken a fork
4002 20 has taken a fork
4002 20 is eating
4002 97 is sleeping
4002 53 is sleeping
4003 33 is sleeping
4003 91 is sleeping
4003 2 is thinking
4003 2 has taken a fork
4003 2 has taken a fork
4003 2 is eating
4003 90 is thinking
4003 90 has taken a fork
4003 90 has taken a fork
4003 90 is eating
4003 83 is sleeping
4003 51 is sleeping
4003 17 is sleeping
4004 76 is thinking
4004 76 has taken a fork
4004 76 has taken a fork
4004 76 is eating
4004 50 is thinking
4004 50 has taken a fork
4004 50 has taken a fork
4004 50 is eating
4004 32 is thinking
4004 32 has taken a fork
4004 32 has taken a fork
4004 32 is eating
4004 38 is thinking
4004 38 has taken a fork
4004 38 has taken a fork
4004 38 is eating
4004 18 is thinking
4004 18 has taken a fork
4004 18 has taken a fork
4004 18 is eating
4004 68 is thinking
4004 68 has taken a fork
4004 68 has taken a fork
4004 68 is eating
4004 78 is thinking
4004 78 has taken a fork
4004 78 has taken a fork
4004 78 is eating
4005 54 is thinking
4005 54 has taken a fork
4005 54 has taken a fork
4005 54 is eating
4005 16 is thinking
4005 16 has taken a fork
4005 16 has taken a fork
4005 16 is eating
4006 8 is thinking
4006 8 has taken a fork
4006 8 has taken a fork
4006 8 is eating
4006 57 is sleeping
4006 10 is thinking
4006 10 has taken a fork
4006 10 has taken a fork
4006 10 is eating
4006 56 is thinking
4006 56 has taken a fork
4006 56 has taken a fork
4006 56 is eating
4007 96 is thinking
4007 96 has taken a fork
4007 96 has taken a fork
4007 96 is eating
4007 61 is sleeping
4007 52 is thinking
4007 52 has taken a fork
4007 52 has taken a fork
4007 52 is eating
4007 74 is thinking
4007 74 has taken a fork
4007 74 has taken a fork
4007 74 is eating
4007 40 is thinking
4007 40 has taken a fork
4007 40 has taken a fork
4007 40 is eating
4007 30 is thinking
4007 80 is thinking
4007 80 has taken a fork
4007 80 has taken a fork
4007 80 is eating
4007 34 is thinking
4007 34 has taken a fork
4007 34 has taken a fork
4007 34 is eating
4007 94 is thinking
4007 30 has taken a fork
4007 30 has taken a fork
4007 30 is eating
4007 66 is thinking
4007 66 has taken a fork
4007 66 has taken a fork
4007 66 is eating
4007 94 has taken a fork
4007 94 has taken a fork
4007 94 is eating
4008 100 is thinking
4008 98 is thinking
4008 87 is sleeping
4008 12 is thinking
4008 24 is thinking
4008 24 has taken a fork
4008 24 has taken a fork
4008 24 is eating
4008 88 is thinking
4008 88 has taken a fork
4008 88 has taken a fork
4008 88 is eating
4008 100 has taken a fork
4008 100 has taken a fork
4008 100 is eating
4008 23 is sleeping
4008 60 is thinking
4008 60 has taken a fork
4008 60 has taken a fork
4008 60 is eating
4008 12 has taken a fork
4008 12 has taken a fork
4008 12 is eating
4008 85 is sleeping
4008 62 is thinking
4008 86 is thinking
4008 86 has taken a fork
4008 86 has taken a fork
4008 86 is eating
4008 4 is thinking
4008 4 has taken a fork
4008 4 has taken a fork
4008 4 is eating
4008 99 is sleeping
4008 98 has taken a fork
4008 98 has taken a fork
4008 98 is eating
4008 36 is thinking
4008 36 has taken a fork
4008 36 has taken a fork
4008 36 is eating
4008 62 has taken a fork
4008 62 has taken a fork
4008 62 is eating
4008 26 is thinking
4008 26 has taken a fork
4008 26 has taken a fork
4008 26 is eating
4008 58 is thinking
4008 58 has taken a fork
4008 58 has taken a fork
4008 58 is eating
4009 84 is thinking
4009 84 has taken a fork
4009 84 has taken a fork
4009 84 is eating
4010 22 is thinking
4010 22 has taken a fork
4010 22 has taken a fork
4010 22 is eating
4010 82 is thinking
4010 82 has taken a fork
4010 82 has taken a fork
4010 82 is eating
4010 64 is thinking
4010 64 has taken a fork
4010 64 has taken a fork
4010 64 is eating
4011 70 is thinking
4011 70 has taken a fork
4011 70 has taken a fork
4011 70 is eating
4011 44 is thinking
4011 92 is thinking
4011 92 has taken a fork
4011 92 has taken a fork
4011 92 is eating
4011 42 is thinking
4011 42 has taken a fork
4011 42 has taken a fork
4011 42 is eating
4011 46 is thinking
4011 45 is sleeping
4011 46 has taken a fork
4011 46 has taken a fork
4011 46 is eating
4011 44 has taken a fork
4011 44 has taken a fork
4011 44 is eating
4012 14 is thinking
4012 14 has taken a fork
4012 14 has taken a fork
4012 14 is eating
4102 6 is sleeping
4102 48 is sleeping
4102 20 is sleeping
4102 28 is sleeping
4102 72 is sleeping
4103 2 is sleeping
4103 90 is sleeping
4104 18 is sleeping
4104 78 is sleeping
4104 50 is sleeping
4104 76 is sleeping
4104 68 is sleeping
4104 32 is sleeping
4104 38 is sleeping
4105 16 is sleeping
4105 54 is sleeping
4106 10 is sleeping
4106 56 is sleeping
4106 8 is sleeping
4107 74 is sleeping
4107 40 is sleeping
4107 96 is sleeping
4107 34 is sleeping
4107 80 is sleeping
4107 66 is sleeping
4107 94 is sleeping
4107 30 is sleeping
4107 52 is sleeping
4108 86 is sleeping
4108 26 is sleeping
4108 24 is sleeping
4108 60 is sleeping
4108 62 is sleeping
4108 58 is sleeping
4108 36 is sleeping
4108 98 is sleeping
4108 88 is sleeping
4108 4 is sleeping
4108 100 is sleeping
4108 12 is sleeping
4109 84 is sleeping
4110 22 is sleeping
4110 64 is sleeping
4110 82 is sleeping
4111 70 is sleeping
4111 42 is sleeping
4111 46 is sleeping
4111 92 is sleeping
4111 44 is sleeping
4112 14 is sleeping
4200 89 is thinking
4200 89 has taken a fork
4200 89 has taken a fork
4200 89 is eating
4200 29 is thinking
4200 29 has taken a fork
4200 29 has taken a fork
4200 29 is eating
4200 49 is thinking
4200 49 has taken a fork
4200 49 has taken a fork
4200 49 is eating
4200 19 is thinking
4200 19 has taken a fork
4200 19 has taken a fork
4200 19 is eating
4200 59 is thinking
4200 59 has taken a fork
4200 59 has taken a fork
4200 59 is eating
4200 37 is thinking
4200 37 has taken a fork
4200 37 has taken a fork
4200 37 is eating
4200 3 is thinking
4200 3 has taken a fork
4200 3 has taken a fork
4200 3 is eating
4200 81 is thinking
4200 81 has taken a fork
4200 81 has taken a fork
4200 81 is eating
4200 41 is thinking
4200 41 has taken a fork
4200 41 has taken a fork
4200 41 is eating
4200 43 is thinking
4200 43 has taken a fork
4200 43 has taken a fork
4200 43 is eating
4201 35 is thinking
4201 35 has taken a fork
4201 35 has taken a fork
4201 35 is eating
4201 39 is thinking
4201 11 is thinking
4201 11 has taken a fork
4201 11 has taken a fork
4201 11 is eating
4201 5 is thinking
4201 5 has taken a fork
4201 5 has taken a fork
4201 5 is eating
4201 7 is thinking
4201 7 has taken a fork
4201 7 has taken a fork
4201 7 is eating
4201 77 is thinking
4201 77 has taken a fork
4201 77 has taken a fork
4201 77 is eating
4201 75 is thinking
4201 75 has taken a fork
4201 75 has taken a fork
4201 75 is eating
4201 93 is thinking
4201 93 has taken a fork
4201 93 has taken a fork
4201 93 is eating
4201 15 is thinking
4201 55 is thinking
4201 55 has taken a fork
4201 55 has taken a fork
4201 55 is eating
4201 27 is thinking
4201 27 has taken a fork
4201 27 has taken a fork
4201 27 is eating
4201 39 has taken a fork
4201 39 has taken a fork
4201 39 is eating
4201 21 is thinking
4201 21 has taken a fork
4201 21 has taken a fork
4201 21 is eating
4201 15 has taken a fork
4201 15 has taken a fork
4201 15 is eating
4202 67 is thinking
4202 67 has taken a fork
4202 67 has taken a fork
4202 67 is eating
4202 47 is thinking
4202 47 has taken a fork
4202 47 has taken a fork
4202 47 is eating
4202 65 is thinking
4202 65 has taken a fork
4202 65 has taken a fork
4202 65 is eating
4202 71 is thinking
4202 71 has taken a fork
4202 71 has taken a fork
4202 71 is eating
4202 69 is thinking
4202 69 has taken a fork
4202 69 has taken a fork
4202 69 is eating
4202 95 is thinking
4202 95 has taken a fork
4202 95 has taken a fork
4202 95 is eating
4202 53 is thinking
4202 53 has taken a fork
4202 53 has taken a fork
4202 53 is eating
4202 31 is thinking
4202 63 is thinking
4202 63 has taken a fork
4202 63 has taken a fork
4202 63 is eating
4202 13 is thinking
4202 1 is thinking
4202 13 has taken a fork
4202 13 has taken a fork
4202 13 is eating
4202 25 is thinking
4202 1 has taken a fork
4202 1 has taken a fork
4202 1 is eating
4202 25 has taken a fork
4202 25 has taken a fork
4202 25 is eating
4202 79 is thinking
4202 79 has taken a fork
4202 79 has taken a fork
4202 79 is eating
4202 31 has taken a fork
4202 31 has taken a fork
4202 31 is eating
4202 9 is thinking
4202 9 has taken a fork
4202 9 has taken a fork
4202 9 is eating
4202 97 is thinking
4202 97 has taken a fork
4202 97 has taken a fork
4202 97 is eating
4202 73 is thinking
4202 73 has taken a fork
4202 73 has taken a fork
4202 73 is eating
4203 17 is thinking
4203 17 has taken a fork
4203 17 has taken a fork
4203 17 is eating
4203 83 is thinking
4203 83 has taken a fork
4203 83 has taken a fork
4203 83 is eating
4203 51 is thinking
4203 51 has taken a fork
4203 51 has taken a fork
4203 51 is eating
4203 91 is thinking
4203 91 has taken a fork
4203 91 has taken a fork
4203 91 is eating
4203 33 is thinking
4203 33 has taken a fork
4203 33 has taken a fork
4203 33 is eating
4206 57 is thinking
4206 57 has taken a fork
4206 57 has taken a fork
4206 57 is eating
4207 61 is thinking
4207 61 has taken a fork
4207 61 has taken a fork
4207 61 is eating
4208 23 is thinking
4208 23 has taken a fork
4208 23 has taken a fork
4208 23 is eating
4208 99 is thinking
4208 99 has taken a fork
4208 99 has taken a fork
4208 99 is eating
4208 85 is thinking
4208 85 has taken a fork
4208 85 has taken a fork
4208 85 is eating
4208 87 is thinking
4208 87 has taken a fork
4208 87 has taken a fork
4208 87 is eating
4210 45 is thinking
4210 45 has taken a fork
4210 45 has taken a fork
4210 45 is eating
4300 43 is sleeping
4300 41 is sleeping
4300 81 is sleeping
4300 3 is sleeping
4300 59 is sleeping
4300 49 is sleeping
4300 29 is sleeping
4300 37 is sleeping
4300 19 is sleeping
4300 89 is sleeping
4301 5 is sleeping
4301 75 is sleeping
4301 39 is sleeping
4301 35 is sleeping
4301 11 is sleeping
4301 15 is sleeping
4301 93 is sleeping
4301 55 is sleeping
4303 65 is sleeping
4303 31 is sleeping
4303 79 is sleeping
4303 21 is sleeping
4303 9 is sleeping
4303 77 is sleeping
4303 27 is sleeping
4303 7 is sleeping
4303 1 is sleeping
4303 6 is thinking
4303 6 has taken a fork
4303 6 has taken a fork
4303 6 is eating
4303 47 is sleeping
4303 63 is sleeping
4303 53 is sleeping
4303 69 is sleeping
4303 95 is sleeping
4303 83 is sleeping
4303 33 is sleeping
4303 20 is thinking
4303 20 has taken a fork
4303 20 has taken a fork
4303 20 is eating
4303 25 is sleeping
4303 72 is thinking
4303 91 is sleeping
4303 51 is sleeping
4303 67 is sleeping
4303 13 is sleeping
4303 2 is thinking
4303 2 has taken a fork
4303 2 has taken a fork
4303 2 is eating
4303 90 is thinking
4303 71 is sleeping
4303 73 is sleeping
4303 48 is thinking
4303 48 has taken a fork
4303 48 has taken a fork
4303 48 is eating
4303 97 is sleeping
4303 90 has taken a fork
4303 90 has taken a fork
4303 90 is eating
4303 28 is thinking
4303 28 has taken a fork
4303 28 has taken a fork
4303 28 is eating
4303 17 is sleeping
4303 72 has taken a fork
4303 72 has taken a fork
4303 72 is eating
4304 32 is thinking
4304 32 has taken a fork
4304 32 has taken a fork
4304 32 is eating
4304 78 is thinking
4304 78 has taken a fork
4304 78 has taken a fork
4304 78 is eating
4304 18 is thinking
4304 18 has taken a fork
4304 18 has taken a fork
4304 18 is eating
4304 68 is thinking
4304 68 has taken a fork
4304 68 has taken a fork
4304 68 is eating
4304 76 is thinking
4304 76 has taken a fork
4304 76 has taken a fork
4304 76 is eating
4304 50 is thinking
4304 50 has taken a fork
4304 50 has taken a fork
4304 50 is eating
4304 38 is thinking
4305 38 has taken a fork
4305 38 has taken a fork
4305 38 is eating
4309 84 is thinking
4309 8 is thinking
4309 8 has taken a fork
4309 8 has taken a fork
4309 8 is eating
4309 30 is thinking
4310 30 has taken a fork
4310 30 has taken a fork
4310 30 is eating
4310 16 is thinking
4310 16 has taken a fork
4310 16 has taken a fork
4310 16 is eating
4311 80 is thinking
4311 80 has taken a fork
4311 80 has taken a fork
4311 80 is eating
4311 94 is thinking
4311 94 has taken a fork
4311 94 has taken a fork
4311 94 is eating
4311 66 is thinking
4311 66 has taken a fork
4311 66 has taken a fork
4311 66 is eating
4311 57 is sleeping
4311 99 is sleeping
4311 52 is thinking
4311 52 has taken a fork
4311 52 has taken a fork
4311 52 is eating
4311 22 is thinking
4311 54 is thinking
4311 54 has taken a fork
4311 54 has taken a fork
4311 54 is eating
4311 10 is thinking
4311 10 has taken a fork
4311 10 has taken a fork
4311 10 is eating
4311 46 is thinking
4311 56 is thinking
4311 56 has taken a fork
4311 56 has taken a fork
4311 56 is eating
4311 64 is thinking
4311 64 has taken a fork
4311 64 has taken a fork
4311 64 is eating
4311 86 is thinking
4311 92 is thinking
4311 92 has taken a fork
4311 92 has taken a fork
4311 92 is eating
4311 62 is thinking
4311 42 is thinking
4311 42 has taken a fork
4311 42 has taken a fork
4311 42 is eating
4311 85 is sleeping
4311 88 is thinking
4311 98 is thinking
4311 98 has taken a fork
4311 98 has taken a fork
4311 98 is eating
4311 44 is thinking
4311 100 is thinking
4311 100 has taken a fork
4311 100 has taken a fork
4311 100 is eating
4311 74 is thinking
4311 74 has taken a fork
4311 74 has taken a fork
4311 74 is eating
4311 87 is sleeping
4311 4 is thinking
4311 4 has taken a fork
4311 4 has taken a fork
4311 4 is eating
4311 26 is thinking
4311 26 has taken a fork
4311 26 has taken a fork
4311 26 is eating
4311 86 has taken a fork
4311 86 has taken a fork
4311 86 is eating
4311 88 has taken a fork
4311 88 has taken a fork
4311 88 is eating
4312 24 is thinking
4312 70 is thinking
4312 70 has taken a fork
4312 70 has taken a fork
4312 70 is eating
4312 14 is thinking
4312 34 is thinking
4312 34 has taken a fork
4312 34 has taken a fork
4312 34 is eating
4312 61 is sleeping
4312 82 is thinking
4312 82 has taken a fork
4312 82 has taken a fork
4312 82 is eating
4312 36 is thinking
4312 44 has taken a fork
4312 44 has taken a fork
4312 44 is eating
4313 22 has taken a fork
4313 22 has taken a fork
4313 22 is eating
4313 60 is thinking
4313 60 has taken a fork
4313 60 has taken a fork
4313 60 is eating
4313 62 has taken a fork
4313 62 has taken a fork
4313 62 is eating
4313 23 is sleeping
4313 46 has taken a fork
4313 46 has taken a fork
4313 46 is eating
4313 24 has taken a fork
4313 24 has taken a fork
4313 24 is eating
4313 58 is thinking
4313 58 has taken a fork
4313 58 has taken a fork
4313 58 is eating
4313 40 is thinking
4313 40 has taken a fork
4313 40 has taken a fork
4313 40 is eating
4313 12 is thinking
4313 12 has taken a fork
4313 12 has taken a fork
4313 12 is eating
4313 84 has taken a fork
4313 84 has taken a fork
4313 84 is eating
4313 36 has taken a fork
4313 36 has taken a fork
4313 36 is eating
4313 45 is sleeping
4313 14 has taken a fork
4313 14 has taken a fork
4313 14 is eating
4313 96 is thinking
4313 96 has taken a fork
4313 96 has taken a fork
4313 96 is eating
4403 28 is sleeping
4403 72 is sleeping
4403 48 is sleeping
4403 2 is sleeping
4403 6 is sleeping
4403 90 is sleeping
4403 20 is sleeping
4404 18 is sleeping
4404 32 is sleeping
4404 76 is sleeping
4404 78 is sleeping
4404 68 is sleeping
4404 50 is sleeping
4405 38 is sleeping
4409 8 is sleeping
4410 16 is sleeping
4410 30 is sleeping
4411 26 is sleeping
4411 80 is sleeping
4411 94 is sleeping
4411 52 is sleeping
4411 92 is sleeping
4411 54 is sleeping
4411 10 is sleeping
4411 42 is sleeping
4411 74 is sleeping
4411 56 is sleeping
4411 4 is sleeping
4411 64 is sleeping
4411 100 is sleeping
4411 86 is sleeping
4411 98 is sleeping
4411 66 is sleeping
4412 34 is sleeping
4412 82 is sleeping
4412 70 is sleeping
4412 88 is sleeping
4413 58 is sleeping
4413 14 is sleeping
4413 44 is sleeping
4413 12 is sleeping
4413 96 is sleeping
4413 22 is sleeping
4413 62 is sleeping
4413 24 is sleeping
4413 84 is sleeping
4413 40 is sleeping
4413 46 is sleeping
4413 60 is sleeping
4413 36 is sleeping
4500 49 is thinking
4500 81 is thinking
4500 81 has taken a fork
4500 81 has taken a fork
4500 81 is eating
4500 29 is thinking
4500 29 has taken a fork
4500 29 has taken a fork
4500 29 is eating
4500 19 is thinking
4500 19 has taken a fork
4500 19 has taken a fork
4500 19 is eating
4500 37 is thinking
4500 37 has taken a fork
4500 37 has taken a fork
4500 37 is eating
4500 43 is thinking
4500 43 has taken a fork
4500 43 has taken a fork
4500 43 is eating
4500 3 is thinking
4500 3 has taken a fork
4500 3 has taken a fork
4500 3 is eating
4500 41 is thinking
4500 89 is thinking
4500 89 has taken a fork
4500 89 has taken a fork
4500 89 is eating
4500 41 has taken a fork
4500 41 has taken a fork
4500 41 is eating
4500 59 is thinking
4500 59 has taken a fork
4500 59 has taken a fork
4500 59 is eating
4500 49 has taken a fork
4500 49 has taken a fork
4500 49 is eating
4501 35 is thinking
4501 35 has taken a fork
4501 35 has taken a fork
4501 35 is eating
4501 77 is thinking
4501 77 has taken a fork
4501 77 has taken a fork
4501 77 is eating
4501 93 is thinking
4501 93 has taken a fork
4501 93 has taken a fork
4501 93 is eating
4501 39 is thinking
4501 39 has taken a fork
4501 39 has taken a fork
4501 39 is eating
4501 5 is thinking
4501 5 has taken a fork
4501 5 has taken a fork
4501 5 is eating
4501 55 is thinking
4501 55 has taken a fork
4501 55 has taken a fork
4501 55 is eating
4501 15 is thinking
4501 15 has taken a fork
4501 15 has taken a fork
4501 15 is eating
4501 21 is thinking
4501 75 is thinking
4501 75 has taken a fork
4501 75 has taken a fork
4501 75 is eating
4501 21 has taken a fork
4501 21 has taken a fork
4501 21 is eating
4501 7 is thinking
4501 7 has taken a fork
4501 7 has taken a fork
4501 7 is eating
4501 27 is thinking
4501 27 has taken a fork
4501 27 has taken a fork
4501 27 is eating
4501 11 is thinking
4501 11 has taken a fork
4501 11 has taken a fork
4501 11 is eating
4502 47 is thinking
4502 47 has taken a fork
4502 47 has taken a fork
4502 47 is eating
4502 9 is thinking
4502 9 has taken a fork
4502 9 has taken a fork
4502 9 is eating
4502 71 is thinking
4502 97 is thinking
4502 53 is thinking
4502 95 is thinking
4502 95 has taken a fork
4502 95 has taken a fork
4502 95 is eating
4502 65 is thinking
4502 13 is thinking
4502 13 has taken a fork
4502 13 has taken a fork
4502 13 is eating
4502 97 has taken a fork
4502 97 has taken a fork
4502 97 is eating
4502 25 is thinking
4502 69 is thinking
4502 69 has taken a fork
4502 69 has taken a fork
4502 69 is eating
4502 63 is thinking
4502 53 has taken a fork
4502 53 has taken a fork
4502 53 is eating
4502 65 has taken a fork
4502 65 has taken a fork
4502 65 is eating
4502 63 has taken a fork
4502 63 has taken a fork
4502 63 is eating
4502 31 is thinking
4502 31 has taken a fork
4502 31 has taken a fork
4502 31 is eating
4502 71 has taken a fork
4502 71 has taken a fork
4502 71 is eating
4502 73 is thinking
4502 73 has taken a fork
4502 73 has taken a fork
4502 73 is eating
4502 25 has taken a fork
4502 25 has taken a fork
4502 25 is eating
4502 79 is thinking
4502 79 has taken a fork
4502 79 has taken a fork
4502 79 is eating
4502 1 is thinking
4502 1 has taken a fork
4502 1 has taken a fork
4502 1 is eating
4502 67 is thinking
4502 67 has taken a fork
4502 67 has taken a fork
4502 67 is eating
4503 33 is thinking
4503 33 has taken a fork
4503 33 has taken a fork
4503 33 is eating
4503 17 is thinking
4503 17 has taken a fork
4503 17 has taken a fork
4503 17 is eating
4503 91 is thinking
4503 91 has taken a fork
4503 91 has taken a fork
4503 91 is eating
4503 51 is thinking
4503 51 has taken a fork
4503 51 has taken a fork
4503 51 is eating
4503 83 is thinking
4503 83 has taken a fork
4503 83 has taken a fork
4503 83 is eating
4506 57 is thinking
4506 57 has taken a fork
4506 57 has taken a fork
4506 57 is eating
4508 85 is thinking
4508 99 is thinking
4508 99 has taken a fork
4508 99 has taken a fork
4508 99 is eating
4508 87 is thinking
4508 87 has taken a fork
4508 87 has taken a fork
4508 87 is eating
4508 85 has taken a fork
4508 85 has taken a fork
4508 85 is eating
4508 23 is thinking
4508 23 has taken a fork
4508 23 has taken a fork
4508 23 is eating
4508 61 is thinking
4508 61 has taken a fork
4508 61 has taken a fork
4508 61 is eating
4510 45 is thinking
4510 45 has taken a fork
4510 45 has taken a fork
4510 45 is eating
4600 59 is sleeping
4600 89 is sleeping
4600 19 is sleeping
4600 49 is sleeping
4600 81 is sleeping
4600 3 is sleeping
4600 37 is sleeping
4600 29 is sleeping
4600 41 is sleeping
4600 43 is sleeping
4601 5 is sleeping
4601 15 is sleeping
4601 93 is sleeping
4601 55 is sleeping
4601 21 is sleeping
4601 75 is sleeping
4601 27 is sleeping
4601 11 is sleeping
4601 7 is sleeping
4601 35 is sleeping
4601 39 is sleeping
4602 31 is sleeping
4602 63 is sleeping
4602 1 is sleeping
4602 67 is sleeping
4602 9 is sleeping
4602 69 is sleeping
4602 65 is sleeping
4602 13 is sleeping
4602 79 is sleeping
4602 71 is sleeping
4602 97 is sleeping
4602 47 is sleeping
4602 53 is sleeping
4602 77 is sleeping
4602 95 is sleeping
4602 73 is sleeping
4602 25 is sleeping
4603 90 is thinking
4603 6 is thinking
4603 6 has taken a fork
4603 6 has taken a fork
4603 6 is eating
4603 51 is sleeping
4603 48 is thinking
4603 28 is thinking
4603 17 is sleeping
4603 72 is thinking
4603 33 is sleeping
4603 83 is sleeping
4603 2 is thinking
4603 2 has taken a fork
4603 2 has taken a fork
4603 2 is eating
4603 72 has taken a fork
4603 72 has taken a fork
4603 72 is eating
4603 48 has taken a fork
4603 48 has taken a fork
4603 48 is eating
4603 20 is thinking
4603 20 has taken a fork
4603 20 has taken a fork
4603 20 is eating
4603 91 is sleeping
4603 28 has taken a fork
4603 28 has taken a fork
4603 28 is eating
4604 78 is thinking
4604 78 has taken a fork
4604 78 has taken a fork
4604 78 is eating
4604 90 has taken a fork
4604 90 has taken a fork
4604 90 is eating
4604 50 is thinking
4604 50 has taken a fork
4604 50 has taken a fork
4604 50 is eating
4604 76 is thinking
4604 76 has taken a fork
4604 76 has taken a fork
4604 76 is eating
4604 18 is thinking
4604 68 is thinking
4604 68 has taken a fork
4604 68 has taken a fork
4604 68 is eating
4604 32 is thinking
4604 32 has taken a fork
4604 32 has taken a fork
4604 32 is eating
4604 18 has taken a fork
4604 18 has taken a fork
4604 18 is eating
4605 38 is thinking
4605 38 has taken a fork
4605 38 has taken a fork
4605 38 is eating
4606 57 is sleeping
4608 23 is sleeping
4608 99 is sleeping
4608 85 is sleeping
4608 61 is sleeping
4608 87 is sleeping
4609 8 is thinking
4609 8 has taken a fork
4609 8 has taken a fork
4609 8 is eating
4610 45 is sleeping
4610 30 is thinking
4610 30 has taken a fork
4610 30 has taken a fork
4610 30 is eating
4610 16 is thinking
4610 16 has taken a fork
4610 16 has taken a fork
4610 16 is eating
4611 54 is thinking
4611 54 has taken a fork
4611 54 has taken a fork
4611 54 is eating
4611 52 is thinking
4611 10 is thinking
4611 10 has taken a fork
4611 10 has taken a fork
4611 10 is eating
4611 80 is thinking
4611 98 is thinking
4611 98 has taken a fork
4611 98 has taken a fork
4611 98 is eating
4611 94 is thinking
4611 94 has taken a fork
4611 94 has taken a fork
4611 94 is eating
4611 52 has taken a fork
4611 52 has taken a fork
4611 52 is eating
4611 42 is thinking
4611 42 has taken a fork
4611 42 has taken a fork
4611 42 is eating
4611 80 has taken a fork
4611 80 has taken a fork
4611 80 is eating
4611 26 is thinking
4611 88 is thinking
4611 88 has taken a fork
4611 88 has taken a fork
4611 88 is eating
4611 66 is thinking
4611 66 has taken a fork
4611 66 has taken a fork
4611 66 is eating
4611 26 has taken a fork
4611 26 has taken a fork
4611 26 is eating
4611 86 is thinking
4611 92 is thinking
4611 92 has taken a fork
4611 92 has taken a fork
4611 92 is eating
4611 86 has taken a fork
4611 86 has taken a fork
4611 86 is eating
4611 100 is thinking
4611 100 has taken a fork
4611 100 has taken a fork
4611 100 is eating
4611 74 is thinking
4611 74 has taken a fork
4611 74 has taken a fork
4611 74 is eating
4611 4 is thinking
4611 4 has taken a fork
4611 4 has taken a fork
4611 4 is eating
4611 64 is thinking
4611 64 has taken a fork
4611 64 has taken a fork
4611 64 is eating
4611 56 is thinking
4611 56 has taken a fork
4611 56 has taken a fork
4611 56 is eating
4612 84 is thinking
4612 84 has taken a fork
4612 84 has taken a fork
4612 84 is eating
4612 82 is thinking
4612 82 has taken a fork
4612 82 has taken a fork
4612 82 is eating
4612 14 is thinking
4612 14 has taken a fork
4612 14 has taken a fork
4612 14 is eating
4612 34 is thinking
4612 34 has taken a fork
4612 34 has taken a fork
4612 34 is eating
4612 70 is thinking
4612 70 has taken a fork
4612 70 has taken a fork
4612 70 is eating
4612 36 is thinking
4612 36 has taken a fork
4612 36 has taken a fork
4612 36 is eating
4612 44 is thinking
4612 44 has taken a fork
4612 44 has taken a fork
4612 44 is eating
4613 46 is thinking
4613 46 has taken a fork
4613 46 has taken a fork
4613 46 is eating
4613 12 is thinking
4613 40 is thinking
4613 24 is thinking
4613 24 has taken a fork
4613 24 has taken a fork
4613 24 is eating
4613 40 has taken a fork
4613 40 has taken a fork
4613 40 is eating
4613 60 is thinking
4613 60 has taken a fork
4613 60 has taken a fork
4613 60 is eating
4613 58 is thinking
4613 58 has taken a fork
4613 58 has taken a fork
4613 58 is eating
4613 62 is thinking
4613 62 has taken a fork
4613 62 has taken a fork
4613 62 is eating
4613 22 is thinking
4613 22 has taken a fork
4613 22 has taken a fork
4613 22 is eating
4613 96 is thinking
4613 96 has taken a fork
4613 96 has taken a fork
4613 96 is eating
4613 12 has taken a fork
4613 12 has taken a fork
4613 12 is eating
4703 28 is sleeping
4703 72 is sleeping
4703 20 is sleeping
4703 48 is sleeping
4703 2 is sleeping
4703 6 is sleeping
4704 78 is sleeping
4704 50 is sleeping
4704 18 is sleeping
4704 68 is sleeping
4704 76 is sleeping
4704 32 is sleeping
4704 90 is sleeping
4705 38 is sleeping
4709 8 is sleeping
4710 30 is sleeping
4710 16 is sleeping
4711 10 is sleeping
4711 98 is sleeping
4711 88 is sleeping
4711 92 is sleeping
4711 74 is sleeping
4711 52 is sleeping
4711 64 is sleeping
4711 100 is sleeping
4711 80 is sleeping
4711 94 is sleeping
4711 4 is sleeping
4711 42 is sleeping
4711 26 is sleeping
4711 86 is sleeping
4711 56 is sleeping
4711 66 is sleeping
4711 54 is sleeping
4712 70 is sleeping
4712 44 is sleeping
4712 34 is sleeping
4712 82 is sleeping
4712 84 is sleeping
4712 14 is sleeping
4712 36 is sleeping
4713 58 is sleeping
4713 24 is sleeping
4713 96 is sleeping
4713 46 is sleeping
4713 40 is sleeping
4713 12 is sleeping
4713 62 is sleeping
4713 22 is sleeping
4713 60 is sleeping
4800 49 is thinking
4800 89 is thinking
4800 89 has taken a fork
4800 89 has taken a fork
4800 89 is eating
4800 81 is thinking
4800 81 has taken a fork
4800 81 has taken a fork
4800 81 is eating
4800 49 has taken a fork
4800 49 has taken a fork
4800 49 is eating
4800 43 is thinking
4800 43 has taken a fork
4800 43 has taken a fork
4800 43 is eating
4800 29 is thinking
4800 29 has taken a fork
4800 29 has taken a fork
4800 29 is eating
4800 3 is thinking
4800 3 has taken a fork
4800 3 has taken a fork
4800 3 is eating
4800 37 is thinking
4800 37 has taken a fork
4800 37 has taken a fork
4800 37 is eating
4800 41 is thinking
4800 41 has taken a fork
4800 41 has taken a fork
4800 41 is eating
4801 39 is thinking
4801 39 has taken a fork
4801 39 has taken a fork
4801 39 is eating
4801 15 is thinking
4801 15 has taken a fork
4801 15 has taken a fork
4801 15 is eating
4801 27 is thinking
4801 27 has taken a fork
4801 27 has taken a fork
4801 27 is eating
4801 77 is thinking
4801 77 has taken a fork
4801 77 has taken a fork
4801 77 is eating
4801 5 is thinking
4801 5 has taken a fork
4801 5 has taken a fork
4801 5 is eating
4801 11 is thinking
4801 11 has taken a fork
4801 11 has taken a fork
4801 11 is eating
4801 93 is thinking
4801 75 is thinking
4801 75 has taken a fork
4801 75 has taken a fork
4801 75 is eating
4801 7 is thinking
4801 7 has taken a fork
4801 7 has taken a fork
4801 7 is eating
4801 35 is thinking
4801 21 is thinking
4801 21 has taken a fork
4801 21 has taken a fork
4801 21 is eating
4801 55 is thinking
4801 55 has taken a fork
4801 55 has taken a fork
4801 55 is eating
4801 93 has taken a fork
4801 93 has taken a fork
4801 93 is eating
4801 35 has taken a fork
4801 35 has taken a fork
4801 35 is eating
4802 25 is thinking
4802 25 has taken a fork
4802 25 has taken a fork
4802 25 is eating
4802 67 is thinking
4802 67 has taken a fork
4802 67 has taken a fork
4802 67 is eating
4802 71 is thinking
4802 65 is thinking
4802 97 is thinking
4802 47 is thinking
4802 47 has taken a fork
4802 47 has taken a fork
4802 47 is eating
4802 31 is thinking
4802 71 has taken a fork
4802 71 has taken a fork
4802 71 is eating
4802 31 has taken a fork
4802 31 has taken a fork
4802 31 is eating
4802 9 is thinking
4802 9 has taken a fork
4802 9 has taken a fork
4802 9 is eating
4802 65 has taken a fork
4802 65 has taken a fork
4802 65 is eating
4802 97 has taken a fork
4802 97 has taken a fork
4802 97 is eating
4802 1 is thinking
4802 1 has taken a fork
4802 1 has taken a fork
4802 1 is eating
4802 63 is thinking
4802 63 has taken a fork
4802 63 has taken a fork
4802 63 is eating
4802 79 is thinking
4802 79 has taken a fork
4802 79 has taken a fork
4802 79 is eating
4802 95 is thinking
4802 95 has taken a fork
4802 95 has taken a fork
4802 95 is eating
4802 73 is thinking
4802 69 is thinking
4802 69 has taken a fork
4802 69 has taken a fork
4802 69 is eating
4802 13 is thinking
4802 13 has taken a fork
4802 13 has taken a fork
4802 13 is eating
4802 53 is thinking
4802 53 has taken a fork
4802 53 has taken a fork
4802 53 is eating
4802 73 has taken a fork
4802 73 has taken a fork
4802 73 is eating
4803 59 is thinking
4803 59 has taken a fork
4803 59 has taken a fork
4803 59 is eating
4803 33 is thinking
4803 33 has taken a fork
4803 33 has taken a fork
4803 33 is eating
4803 51 is thinking
4803 51 has taken a fork
4803 51 has taken a fork
4803 51 is eating
4803 83 is thinking
4803 83 has taken a fork
4803 83 has taken a fork
4803 83 is eating
4803 91 is thinking
4803 91 has taken a fork
4803 91 has taken a fork
4803 91 is eating
4803 17 is thinking
4803 17 has taken a fork
4803 17 has taken a fork
4803 17 is eating
4803 19 is thinking
4803 19 has taken a fork
4803 19 has taken a fork
4803 19 is eating
4806 57 is thinking
4806 57 has taken a fork
4806 57 has taken a fork
4806 57 is eating
4808 61 is thinking
4808 61 has taken a fork
4808 61 has taken a fork
4808 61 is eating
4808 85 is thinking
4808 85 has taken a fork
4808 85 has taken a fork
4808 85 is eating
4808 87 is thinking
4808 87 has taken a fork
4808 87 has taken a fork
4808 87 is eating
4808 99 is thinking
4808 23 is thinking
4808 23 has taken a fork
4808 23 has taken a fork
4808 23 is eating
4808 99 has taken a fork
4808 99 has taken a fork
4808 99 is eating
4810 45 is thinking
4810 45 has taken a fork
4810 45 has taken a fork
4810 45 is eating
4900 29 is sleeping
4900 3 is sleeping
4900 41 is sleeping
4900 43 is sleeping
4900 37 is sleeping
4900 49 is sleeping
4900 89 is sleeping
4900 81 is sleeping
4901 77 is sleeping
4901 5 is sleeping
4901 11 is sleeping
4901 21 is sleeping
4901 55 is sleeping
4901 75 is sleeping
4901 93 is sleeping
4901 39 is sleeping
4901 15 is sleeping
4901 35 is sleeping
4901 27 is sleeping
4901 7 is sleeping
4902 9 is sleeping
4902 79 is sleeping
4902 63 is sleeping
4902 47 is sleeping
4902 67 is sleeping
4902 71 is sleeping
4902 53 is sleeping
4902 31 is sleeping
4902 69 is sleeping
4902 25 is sleeping
4902 97 is sleeping
4902 95 is sleeping
4902 65 is sleeping
4902 13 is sleeping
4902 73 is sleeping
4902 1 is sleeping
4903 33 is sleeping
4903 91 is sleeping
4903 2 is thinking
4903 2 has taken a fork
4903 2 has taken a fork
4903 2 is eating
4903 19 is sleeping
4903 59 is sleeping
4903 72 is thinking
4903 72 has taken a fork
4903 72 has taken a fork
4903 72 is eating
4903 17 is sleeping
4903 83 is sleeping
4903 6 is thinking
4903 20 is thinking
4903 20 has taken a fork
4903 20 has taken a fork
4903 20 is eating
4903 6 has taken a fork
4903 6 has taken a fork
4903 6 is eating
4903 51 is sleeping
4903 28 is thinking
4903 28 has taken a fork
4903 28 has taken a fork
4903 28 is eating
4903 48 is thinking
4903 48 has taken a fork
4903 48 has taken a fork
4903 48 is eating
4904 90 is thinking
4904 90 has taken a fork
4904 90 has taken a fork
4904 90 is eating
4904 18 is thinking
4904 18 has taken a fork
4904 18 has taken a fork
4904 18 is eating
4904 78 is thinking
4904 78 has taken a fork
4904 78 has taken a fork
4904 78 is eating
4904 32 is thinking
4904 32 has taken a fork
4904 32 has taken a fork
4904 32 is eating
4904 68 is thinking
4904 68 has taken a fork
4904 68 has taken a fork
4904 68 is eating
4904 50 is thinking
4904 50 has taken a fork
4904 50 has taken a fork
4904 50 is eating
4904 76 is thinking
4904 76 has taken a fork
4904 76 has taken a fork
4904 76 is eating
4905 38 is thinking
4905 38 has taken a fork
4905 38 has taken a fork
4905 38 is eating
4906 57 is sleeping
4908 87 is sleeping
4908 85 is sleeping
4908 23 is sleeping
4908 99 is sleeping
4908 61 is sleeping
4909 8 is thinking
4909 8 has taken a fork
4909 8 has taken a fork
4909 8 is eating
4910 30 is thinking
4910 30 has taken a fork
4910 30 has taken a fork
4910 30 is eating
4910 45 is sleeping
4910 16 is thinking
4910 16 has taken a fork
4910 16 has taken a fork
4910 16 is eating
4911 26 is thinking
4911 26 has taken a fork
4911 26 has taken a fork
4911 26 is eating
4911 64 is thinking
4911 64 has taken a fork
4911 64 has taken a fork
4911 64 is eating
4911 74 is thinking
4911 74 has taken a fork
4911 74 has taken a fork
4911 74 is eating
4911 52 is thinking
4911 80 is thinking
4911 80 has taken a fork
4911 80 has taken a fork
4911 80 is eating
4911 54 is thinking
4911 100 is thinking
4911 100 has taken a fork
4911 100 has taken a fork
4911 100 is eating
4911 4 is thinking
4911 4 has taken a fork
4911 4 has taken a fork
4911 4 is eating
4911 98 is thinking
4911 98 has taken a fork
4911 98 has taken a fork
4911 98 is eating
4911 42 is thinking
4911 56 is thinking
4911 56 has taken a fork
4911 56 has taken a fork
4911 56 is eating
4911 52 has taken a fork
4911 52 has taken a fork
4911 52 is eating
4911 86 is thinking
4911 86 has taken a fork
4911 86 has taken a fork
4911 86 is eating
4911 10 is thinking
4911 10 has taken a fork
4911 10 has taken a fork
4911 10 is eating
4911 54 has taken a fork
4911 54 has taken a fork
4911 54 is eating
4911 94 is thinking
4911 94 has taken a fork
4911 94 has taken a fork
4911 94 is eating
4911 42 has taken a fork
4911 42 has taken a fork
4911 42 is eating
4911 66 is thinking
4911 66 has taken a fork
4911 66 has taken a fork
4911 66 is eating
4911 92 is thinking
4911 92 has taken a fork
4911 92 has taken a fork
4911 92 is eating
4911 88 is thinking
4911 88 has taken a fork
4911 88 has taken a fork
4911 88 is eating
4912 34 is thinking
4912 34 has taken a fork
4912 34 has taken a fork
4912 34 is eating
4912 36 is thinking
4912 36 has taken a fork
4912 36 has taken a fork
4912 36 is eating
4912 14 is thinking
4912 14 has taken a fork
4912 14 has taken a fork
4912 14 is eating
4912 84 is thinking
4912 84 has taken a fork
4912 84 has taken a fork
4912 84 is eating
4912 70 is thinking
4912 82 is thinking
4912 70 has taken a fork
4912 70 has taken a fork
4912 70 is eating
4912 82 has taken a fork
4912 82 has taken a fork
4912 82 is eating
4912 44 is thinking
4912 44 has taken a fork
4912 44 has taken a fork
4912 44 is eating
4913 46 is thinking
4913 46 has taken a fork
4913 46 has taken a fork
4913 46 is eating
4913 12 is thinking
4913 12 has taken a fork
4913 12 has taken a fork
4913 12 is eating
4913 60 is thinking
4913 60 has taken a fork
4913 60 has taken a fork
4913 60 is eating
4913 40 is thinking
4913 40 has taken a fork
4913 40 has taken a fork
4913 40 is eating
4913 62 is thinking
4913 22 is thinking
4913 22 has taken a fork
4913 22 has taken a fork
4913 22 is eating
4913 58 is thinking
4913 58 has taken a fork
4913 58 has taken a fork
4913 58 is eating
4913 96 is thinking
4913 96 has taken a fork
4913 96 has taken a fork
4913 96 is eating
4913 24 is thinking
4913 24 has taken a fork
4913 24 has taken a fork
4913 24 is eating
4913 62 has taken a fork
4913 62 has taken a fork
4913 62 is eating
5003 2 is sleeping
5003 6 is sleeping
5003 72 is sleeping
5003 28 is sleeping
5003 48 is sleeping
5003 20 is sleeping
5004 68 is sleeping
5004 50 is sleeping
5004 32 is sleeping
5004 18 is sleeping
5004 78 is sleeping
5004 76 is sleeping
5004 90 is sleeping
5005 38 is sleeping
5009 8 is sleeping
5010 16 is sleeping
5010 30 is sleeping
5011 56 is sleeping
5011 52 is sleeping
5011 100 is sleeping
5011 88 is sleeping
5011 10 is sleeping
5011 80 is sleeping
5011 86 is sleeping
5011 94 is sleeping
5011 92 is sleeping
5011 64 is sleeping
5011 26 is sleeping
5011 42 is sleeping
5011 98 is sleeping
5011 74 is sleeping
5012 36 is sleeping
5012 34 is sleeping
5012 14 is sleeping
5012 70 is sleeping
5012 44 is sleeping
5012 82 is sleeping
5012 4 is sleeping
5012 54 is sleeping
5012 84 is sleeping
5012 66 is sleeping
5013 60 is sleeping
5013 62 is sleeping
5013 40 is sleeping
5013 24 is sleeping
5013 46 is sleeping
5013 22 is sleeping
5013 58 is sleeping
5013 96 is sleeping
5013 12 is sleeping
5100 43 is thinking
5100 43 has taken a fork
5100 43 has taken a fork
5100 43 is eating
5100 37 is thinking
5100 37 has taken a fork
5100 37 has taken a fork
5100 37 is eating
5100 29 is thinking
5100 29 has taken a fork
5100 29 has taken a fork
5100 29 is eating
5100 81 is thinking
5100 81 has taken a fork
5100 81 has taken a fork
5100 81 is eating
5100 41 is thinking
5100 41 has taken a fork
5100 41 has taken a fork
5100 41 is eating
5100 3 is thinking
5100 3 has taken a fork
5100 3 has taken a fork
5100 3 is eating
5100 49 is thinking
5100 49 has taken a fork
5100 49 has taken a fork
5100 49 is eating
5100 89 is thinking
5100 89 has taken a fork
5100 89 has taken a fork
5100 89 is eating
5101 11 is thinking
5101 11 has taken a fork
5101 11 has taken a fork
5101 11 is eating
5101 75 is thinking
5101 75 has taken a fork
5101 75 has taken a fork
5101 75 is eating
5101 7 is thinking
5101 7 has taken a fork
5101 7 has taken a fork
5101 7 is eating
5101 93 is thinking
5101 15 is thinking
5101 15 has taken a fork
5101 15 has taken a fork
5101 15 is eating
5101 39 is thinking
5101 39 has taken a fork
5101 39 has taken a fork
5101 39 is eating
5101 35 is thinking
5101 35 has taken a fork
5101 35 has taken a fork
5101 35 is eating
5101 93 has taken a fork
5101 93 has taken a fork
5101 93 is eating
5101 27 is thinking
5101 27 has taken a fork
5101 27 has taken a fork
5101 27 is eating
5101 77 is thinking
5101 77 has taken a fork
5101 77 has taken a fork
5101 77 is eating
5101 5 is thinking
5101 5 has taken a fork
5101 5 has taken a fork
5101 5 is eating
5102 53 is thinking
5102 9 is thinking
5102 9 has taken a fork
5102 9 has taken a fork
5102 9 is eating
5102 67 is thinking
5102 67 has taken a fork
5102 67 has taken a fork
5102 67 is eating
5102 73 is thinking
5102 73 has taken a fork
5102 73 has taken a fork
5102 73 is eating
5102 95 is thinking
5102 95 has taken a fork
5102 95 has taken a fork
5102 95 is eating
5102 47 is thinking
5102 47 has taken a fork
5102 47 has taken a fork
5102 47 is eating
5102 71 is thinking
5102 71 has taken a fork
5102 71 has taken a fork
5102 71 is eating
5102 53 has taken a fork
5102 53 has taken a fork
5102 53 is eating
5102 69 is thinking
5102 25 is thinking
5102 25 has taken a fork
5102 25 has taken a fork
5102 25 is eating
5102 55 is thinking
5102 55 has taken a fork
5102 55 has taken a fork
5102 55 is eating
5102 79 is thinking
5102 97 is thinking
5102 97 has taken a fork
5102 97 has taken a fork
5102 97 is eating
5102 65 is thinking
5102 79 has taken a fork
5102 79 has taken a fork
5102 79 is eating
5102 31 is thinking
5102 31 has taken a fork
5102 31 has taken a fork
5102 31 is eating
5102 69 has taken a fork
5102 69 has taken a fork
5102 69 is eating
5102 63 is thinking
5102 63 has taken a fork
5102 63 has taken a fork
5102 63 is eating
5103 19 is thinking
5103 19 has taken a fork
5103 19 has taken a fork
5103 19 is eating
5103 33 is thinking
5103 33 has taken a fork
5103 33 has taken a fork
5103 33 is eating
5103 65 has taken a fork
5103 65 has taken a fork
5103 65 is eating
5103 17 is thinking
5103 17 has taken a fork
5103 17 has taken a fork
5103 17 is eating
5103 21 is thinking
5103 21 has taken a fork
5103 21 has taken a fork
5103 21 is eating
5103 91 is thinking
5103 91 has taken a fork
5103 91 has taken a fork
5103 91 is eating
5103 59 is thinking
5103 59 has taken a fork
5103 59 has taken a fork
5103 59 is eating
5103 83 is thinking
5103 83 has taken a fork
5103 83 has taken a fork
5103 83 is eating
5103 51 is thinking
5103 51 has taken a fork
5103 51 has taken a fork
5103 51 is eating
5103 1 is thinking
5103 1 has taken a fork
5103 1 has taken a fork
5103 1 is eating
5103 13 is thinking
5103 13 has taken a fork
5103 13 has taken a fork
5103 13 is eating
5106 57 is thinking
5106 57 has taken a fork
5106 57 has taken a fork
5106 57 is eating
5108 61 is thinking
5108 61 has taken a fork
5108 61 has taken a fork
5108 61 is eating
5108 23 is thinking
5108 23 has taken a fork
5108 23 has taken a fork
5108 23 is eating
5108 85 is thinking
5108 85 has taken a fork
5108 85 has taken a fork
5108 85 is eating
5108 99 is thinking
5108 99 has taken a fork
5108 99 has taken a fork
5108 99 is eating
5109 87 is thinking
5109 87 has taken a fork
5109 87 has taken a fork
5109 87 is eating
5110 45 is thinking
5110 45 has taken a fork
5110 45 has taken a fork
5110 45 is eating
5200 29 is sleeping
5200 43 is sleeping
5200 41 is sleeping
5200 37 is sleeping
5200 81 is sleeping
5200 49 is sleeping
5200 89 is sleeping
5200 3 is sleeping
5201 93 is sleeping
5201 7 is sleeping
5201 77 is sleeping
5201 27 is sleeping
5201 39 is sleeping
5201 35 is sleeping
5201 15 is sleeping
5201 11 is sleeping
5201 75 is sleeping
5201 5 is sleeping
5202 69 is sleeping
5202 31 is sleeping
5202 9 is sleeping
5202 95 is sleeping
5202 25 is sleeping
5202 71 is sleeping
5202 63 is sleeping
5202 79 is sleeping
5202 73 is sleeping
5202 67 is sleeping
5202 53 is sleeping
5202 47 is sleeping
5202 55 is sleeping
5202 97 is sleeping
5203 33 is sleeping
5203 72 is thinking
5203 72 has taken a fork
5203 72 has taken a fork
5203 72 is eating
5203 59 is sleeping
5203 91 is sleeping
5203 28 is thinking
5203 28 has taken a fork
5203 28 has taken a fork
5203 28 is eating
5203 48 is thinking
5203 48 has taken a fork
5203 48 has taken a fork
5203 48 is eating
5203 2 is thinking
5203 17 is sleeping
5203 19 is sleeping
5203 65 is sleeping
5203 83 is sleeping
5203 13 is sleeping
5203 20 is thinking
5203 20 has taken a fork
5203 20 has taken a fork
5203 20 is eating
5203 6 is thinking
5203 6 has taken a fork
5203 6 has taken a fork
5203 6 is eating
5203 2 has taken a fork
5203 2 has taken a fork
5203 2 is eating
5203 21 is sleeping
5203 51 is sleeping
5203 1 is sleeping
5204 78 is thinking
5204 78 has taken a fork
5204 78 has taken a fork
5204 78 is eating
5204 18 is thinking
5204 18 has taken a fork
5204 18 has taken a fork
5204 18 is eating
5204 50 is thinking
5204 50 has taken a fork
5204 50 has taken a fork
5204 50 is eating
5204 76 is thinking
5204 76 has taken a fork
5204 76 has taken a fork
5204 76 is eating
5204 90 is thinking
5204 90 has taken a fork
5204 90 has taken a fork
5204 90 is eating
5204 68 is thinking
5204 68 has taken a fork
5204 68 has taken a fork
5204 68 is eating
5204 32 is thinking
5204 32 has taken a fork
5204 32 has taken a fork
5204 32 is eating
5205 38 is thinking
5205 38 has taken a fork
5205 38 has taken a fork
5205 38 is eating
5206 57 is sleeping
5208 85 is sleeping
5208 61 is sleeping
5208 23 is sleeping
5208 99 is sleeping
5209 87 is sleeping
5209 8 is thinking
5209 8 has taken a fork
5209 8 has taken a fork
5209 8 is eating
5210 16 is thinking
5210 45 is sleeping
5210 16 has taken a fork
5210 16 has taken a fork
5210 16 is eating
5210 30 is thinking
5210 30 has taken a fork
5210 30 has taken a fork
5210 30 is eating
5211 94 is thinking
5211 94 has taken a fork
5211 94 has taken a fork
5211 94 is eating
5211 88 is thinking
5211 88 has taken a fork
5211 88 has taken a fork
5211 88 is eating
5211 64 is thinking
5211 52 is thinking
5211 52 has taken a fork
5211 52 has taken a fork
5211 52 is eating
5211 80 is thinking
5211 10 is thinking
5211 98 is thinking
5211 98 has taken a fork
5211 98 has taken a fork
5211 98 is eating
5211 100 is thinking
5211 100 has taken a fork
5211 100 has taken a fork
5211 100 is eating
5211 54 is thinking
5211 54 has taken a fork
5211 54 has taken a fork
5211 54 is eating
5211 56 is thinking
5211 42 is thinking
5211 86 is thinking
5211 64 has taken a fork
5211 64 has taken a fork
5211 64 is eating
5211 26 is thinking
5211 26 has taken a fork
5211 26 has taken a fork
5211 26 is eating
5211 66 is thinking
5211 74 is thinking
5211 74 has taken a fork
5211 74 has taken a fork
5211 74 is eating
5211 86 has taken a fork
5211 86 has taken a fork
5211 86 is eating
5212 70 is thinking
5212 70 has taken a fork
5212 70 has taken a fork
5212 70 is eating
5212 82 is thinking
5212 82 has taken a fork
5212 82 has taken a fork
5212 82 is eating
5212 34 is thinking
5212 34 has taken a fork
5212 34 has taken a fork
5212 34 is eating
5212 84 is thinking
5212 84 has taken a fork
5212 84 has taken a fork
5212 84 is eating
5212 80 has taken a fork
5212 80 has taken a fork
5212 80 is eating
5212 10 has taken a fork
5212 10 has taken a fork
5212 10 is eating
5212 56 has taken a fork
5212 56 has taken a fork
5212 56 is eating
5212 42 has taken a fork
5212 42 has taken a fork
5212 42 is eating
5212 36 is thinking
5212 36 has taken a fork
5212 36 has taken a fork
5212 36 is eating
5212 14 is thinking
5212 14 has taken a fork
5212 14 has taken a fork
5212 14 is eating
5212 92 is thinking
5212 92 has taken a fork
5212 92 has taken a fork
5212 92 is eating
5212 44 is thinking
5212 44 has taken a fork
5212 44 has taken a fork
5212 44 is eating
5212 66 has taken a fork
5212 66 has taken a fork
5212 66 is eating
5213 60 is thinking
5213 60 has taken a fork
5213 60 has taken a fork
5213 60 is eating
5213 24 is thinking
5213 24 has taken a fork
5213 24 has taken a fork
5213 24 is eating
5213 62 is thinking
5213 62 has taken a fork
5213 62 has taken a fork
5213 62 is eating
5213 40 is thinking
5213 40 has taken a fork
5213 40 has taken a fork
5213 40 is eating
5213 4 is thinking
5213 4 has taken a fork
5213 4 has taken a fork
5213 4 is eating
5213 12 is thinking
5213 12 has taken a fork
5213 12 has taken a fork
5213 12 is eating
5213 46 is thinking
5213 46 has taken a fork
5213 46 has taken a fork
5213 46 is eating
5213 22 is thinking
5213 22 has taken a fork
5213 22 has taken a fork
5213 22 is eating
5213 58 is thinking
5213 58 has taken a fork
5213 58 has taken a fork
5213 58 is eating
5213 96 is thinking
5213 96 has taken a fork
5213 96 has taken a fork
5213 96 is eating
5304 32 is sleeping
5304 72 is sleeping
5304 20 is sleeping
5304 76 is sleeping
5304 18 is sleeping
5304 78 is sleeping
5305 28 is sleeping
5305 50 is sleeping
5305 48 is sleeping
5305 90 is sleeping
5305 6 is sleeping
5305 68 is sleeping
5305 38 is sleeping
5305 2 is sleeping
5309 8 is sleeping
5312 34 is sleeping
5312 80 is sleeping
5312 94 is sleeping
5312 86 is sleeping
5312 70 is sleeping
5312 88 is sleeping
5312 54 is sleeping
5312 16 is sleeping
5312 82 is sleeping
5312 52 is sleeping
5312 100 is sleeping
5312 84 is sleeping
5312 64 is sleeping
5312 74 is sleeping
5312 92 is sleeping
5312 56 is sleeping
5312 30 is sleeping
5312 42 is sleeping
5312 66 is sleeping
5312 44 is sleeping
5312 10 is sleeping
5312 36 is sleeping
5312 26 is sleeping
5312 98 is sleeping
5312 14 is sleeping
5315 40 is sleeping
5315 24 is sleeping
5315 62 is sleeping
5315 46 is sleeping
5315 60 is sleeping
5315 4 is sleeping
5315 12 is sleeping
5315 58 is sleeping
5315 22 is sleeping
5315 96 is sleeping
5400 41 is thinking
5400 41 has taken a fork
5400 41 has taken a fork
5400 41 is eating
5400 3 is thinking
5400 3 has taken a fork
5400 3 has taken a fork
5400 3 is eating
5400 37 is thinking
5400 81 is thinking
5400 81 has taken a fork
5400 81 has taken a fork
5400 81 is eating
5400 43 is thinking
5400 43 has taken a fork
5400 43 has taken a fork
5400 43 is eating
5400 37 has taken a fork
5400 37 has taken a fork
5400 37 is eating
5400 29 is thinking
5400 29 has taken a fork
5400 29 has taken a fork
5400 29 is eating
5401 35 is thinking
5401 35 has taken a fork
5401 35 has taken a fork
5401 35 is eating
5401 7 is thinking
5401 7 has taken a fork
5401 7 has taken a fork
5401 7 is eating
5401 39 is thinking
5401 39 has taken a fork
5401 39 has taken a fork
5401 39 is eating
5401 93 is thinking
5401 93 has taken a fork
5401 93 has taken a fork
5401 93 is eating
5401 75 is thinking
5401 75 has taken a fork
5401 75 has taken a fork
5401 75 is eating
5401 15 is thinking
5401 11 is thinking
5401 11 has taken a fork
5401 11 has taken a fork
5401 11 is eating
5401 77 is thinking
5401 77 has taken a fork
5401 77 has taken a fork
5401 77 is eating
5401 27 is thinking
5401 27 has taken a fork
5401 27 has taken a fork
5401 27 is eating
5401 15 has taken a fork
5401 15 has taken a fork
5401 15 is eating
5402 47 is thinking
5402 47 has taken a fork
5402 47 has taken a fork
5402 47 is eating
5402 9 is thinking
5402 9 has taken a fork
5402 9 has taken a fork
5402 9 is eating
5402 95 is thinking
5402 95 has taken a fork
5402 95 has taken a fork
5402 95 is eating
5402 71 is thinking
5402 71 has taken a fork
5402 71 has taken a fork
5402 71 is eating
5402 25 is thinking
5402 25 has taken a fork
5402 25 has taken a fork
5402 25 is eating
5402 63 is thinking
5402 63 has taken a fork
5402 63 has taken a fork
5402 63 is eating
5402 67 is thinking
5402 67 has taken a fork
5402 67 has taken a fork
5402 67 is eating
5402 69 is thinking
5402 69 has taken a fork
5402 69 has taken a fork
5402 69 is eating
5402 79 is thinking
5402 79 has taken a fork
5402 79 has taken a fork
5402 79 is eating
5402 53 is thinking
5402 53 has taken a fork
5402 53 has taken a fork
5402 53 is eating
5402 73 is thinking
5402 73 has taken a fork
5402 73 has taken a fork
5402 73 is eating
5402 31 is thinking
5402 31 has taken a fork
5402 31 has taken a fork
5402 31 is eating
5402 65 is thinking
5402 65 has taken a fork
5402 65 has taken a fork
5402 65 is eating
5402 49 is thinking
5402 89 is thinking
5402 89 has taken a fork
5402 89 has taken a fork
5402 89 is eating
5402 97 is thinking
5402 97 has taken a fork
5402 97 has taken a fork
5402 97 is eating
5403 51 is thinking
5403 51 has taken a fork
5403 51 has taken a fork
5403 51 is eating
5403 33 is thinking
5403 19 is thinking
5403 19 has taken a fork
5403 19 has taken a fork
5403 19 is eating
5403 17 is thinking
5403 17 has taken a fork
5403 17 has taken a fork
5403 17 is eating
5403 13 is thinking
5403 13 has taken a fork
5403 13 has taken a fork
5403 13 is eating
5403 33 has taken a fork
5403 33 has taken a fork
5403 33 is eating
5403 55 is thinking
5403 55 has taken a fork
5403 55 has taken a fork
5403 55 is eating
5403 59 is thinking
5403 59 has taken a fork
5403 59 has taken a fork
5403 59 is eating
5403 21 is thinking
5403 21 has taken a fork
5403 21 has taken a fork
5403 21 is eating
5403 5 is thinking
5403 5 has taken a fork
5403 5 has taken a fork
5403 5 is eating
5403 91 is thinking
5403 91 has taken a fork
5403 91 has taken a fork
5403 91 is eating
5404 49 has taken a fork
5404 49 has taken a fork
5404 49 is eating
5404 1 is thinking
5404 1 has taken a fork
5404 1 has taken a fork
5404 1 is eating
5404 83 is thinking
5404 83 has taken a fork
5404 83 has taken a fork
5404 83 is eating
5406 57 is thinking
5406 57 has taken a fork
5406 57 has taken a fork
5406 57 is eating
5408 23 is thinking
5408 23 has taken a fork
5408 23 has taken a fork
5408 23 is eating
5408 85 is thinking
5408 85 has taken a fork
5408 85 has taken a fork
5408 85 is eating
5408 61 is thinking
5408 61 has taken a fork
5408 61 has taken a fork
5408 61 is eating
5408 99 is thinking
5408 99 has taken a fork
5408 99 has taken a fork
5408 99 is eating
5409 87 is thinking
5409 87 has taken a fork
5409 87 has taken a fork
5409 87 is eating
5410 45 is thinking
5410 45 has taken a fork
5410 45 has taken a fork
5410 45 is eating
5500 43 is sleeping
5500 41 is sleeping
5500 3 is sleeping
5500 29 is sleeping
5500 37 is sleeping
5500 81 is sleeping
5501 11 is sleeping
5501 93 is sleeping
5501 27 is sleeping
5501 7 is sleeping
5501 77 is sleeping
5501 39 is sleeping
5501 35 is sleeping
5501 15 is sleeping
5501 75 is sleeping
5502 65 is sleeping
5502 95 is sleeping
5502 47 is sleeping
5502 71 is sleeping
5502 63 is sleeping
5502 89 is sleeping
5502 31 is sleeping
5502 73 is sleeping
5502 53 is sleeping
5502 67 is sleeping
5502 97 is sleeping
5502 9 is sleeping
5502 69 is sleeping
5502 79 is sleeping
5502 25 is sleeping
5503 55 is sleeping
5503 5 is sleeping
5503 72 is thinking
5503 49 is sleeping
5503 91 is sleeping
5503 72 has taken a fork
5503 72 has taken a fork
5503 72 is eating
5503 59 is sleeping
5503 21 is sleeping
5503 19 is sleeping
5503 28 is thinking
5503 28 has taken a fork
5503 28 has taken a fork
5503 28 is eating
5503 6 is thinking
5503 6 has taken a fork
5503 6 has taken a fork
5503 6 is eating
5503 13 is sleeping
5503 33 is sleeping
5503 20 is thinking
5503 20 has taken a fork
5503 20 has taken a fork
5503 20 is eating
5503 48 is thinking
5503 48 has taken a fork
5503 48 has taken a fork
5503 48 is eating
5503 17 is sleeping
5503 2 is thinking
5503 51 is sleeping
5504 90 is thinking
5504 90 has taken a fork
5504 90 has taken a fork
5504 90 is eating
5504 18 is thinking
5504 18 has taken a fork
5504 18 has taken a fork
5504 18 is eating
5504 83 is sleeping
5504 1 is sleeping
5504 32 is thinking
5504 32 has taken a fork
5504 32 has taken a fork
5504 32 is eating
5504 50 is thinking
5504 50 has taken a fork
5504 50 has taken a fork
5504 50 is eating
5504 68 is thinking
5504 68 has taken a fork
5504 68 has taken a fork
5504 68 is eating
5504 76 is thinking
5504 76 has taken a fork
5504 76 has taken a fork
5504 76 is eating
5504 2 has taken a fork
5504 2 has taken a fork
5504 2 is eating
5504 78 is thinking
5504 78 has taken a fork
5504 78 has taken a fork
5504 78 is eating
5505 38 is thinking
5505 38 has taken a fork
5505 38 has taken a fork
5505 38 is eating
5506 57 is sleeping
5508 99 is sleeping
5508 85 is sleeping
5508 23 is sleeping
5508 61 is sleeping
5509 87 is sleeping
5509 8 is thinking
5509 8 has taken a fork
5509 8 has taken a fork
5509 8 is eating
5510 16 is thinking
5510 16 has taken a fork
5510 16 has taken a fork
5510 16 is eating
5510 45 is sleeping
5510 30 is thinking
5510 30 has taken a fork
5510 30 has taken a fork
5510 30 is eating
5511 66 is thinking
5511 66 has taken a fork
5511 66 has taken a fork
5511 66 is eating
5511 26 is thinking
5511 42 is thinking
5511 64 is thinking
5511 64 has taken a fork
5511 64 has taken a fork
5511 64 is eating
5511 100 is thinking
5511 52 is thinking
5511 54 is thinking
5511 54 has taken a fork
5511 54 has taken a fork
5511 54 is eating
5511 80 is thinking
5511 80 has taken a fork
5511 80 has taken a fork
5511 80 is eating
5511 56 is thinking
5511 56 has taken a fork
5511 56 has taken a fork
5511 56 is eating
5511 52 has taken a fork
5511 52 has taken a fork
5511 52 is eating
5511 88 is thinking
5511 88 has taken a fork
5511 88 has taken a fork
5511 88 is eating
5511 86 is thinking
5511 86 has taken a fork
5511 86 has taken a fork
5511 86 is eating
5511 10 is thinking
5511 10 has taken a fork
5511 10 has taken a fork
5511 10 is eating
5511 94 is thinking
5511 94 has taken a fork
5511 94 has taken a fork
5511 94 is eating
5511 42 has taken a fork
5511 42 has taken a fork
5511 42 is eating
5511 74 is thinking
5511 74 has taken a fork
5511 74 has taken a fork
5511 74 is eating
5511 98 is thinking
5511 98 has taken a fork
5511 98 has taken a fork
5511 98 is eating
5511 26 has taken a fork
5511 26 has taken a fork
5511 26 is eating
5511 100 has taken a fork
5511 100 has taken a fork
5511 100 is eating
5512 34 is thinking
5512 34 has taken a fork
5512 34 has taken a fork
5512 34 is eating
5512 70 is thinking
5512 70 has taken a fork
5512 70 has taken a fork
5512 70 is eating
5512 44 is thinking
5512 44 has taken a fork
5512 44 has taken a fork
5512 44 is eating
5512 82 is thinking
5512 82 has taken a fork
5512 82 has taken a fork
5512 82 is eating
5512 14 is thinking
5512 14 has taken a fork
5512 14 has taken a fork
5512 14 is eating
5512 84 is thinking
5512 84 has taken a fork
5512 84 has taken a fork
5512 84 is eating
5512 36 is thinking
5512 36 has taken a fork
5512 36 has taken a fork
5512 36 is eating
5512 92 is thinking
5512 92 has taken a fork
5512 92 has taken a fork
5512 92 is eating
5513 24 is thinking
5513 24 has taken a fork
5513 24 has taken a fork
5513 24 is eating
5513 96 is thinking
5513 96 has taken a fork
5513 96 has taken a fork
5513 96 is eating
5513 62 is thinking
5513 62 has taken a fork
5513 62 has taken a fork
5513 62 is eating
5513 40 is thinking
5513 58 is thinking
5513 58 has taken a fork
5513 58 has taken a fork
5513 58 is eating
5513 40 has taken a fork
5513 40 has taken a fork
5513 40 is eating
5513 46 is thinking
5513 46 has taken a fork
5513 46 has taken a fork
5513 46 is eating
5513 60 is thinking
5513 60 has taken a fork
5513 60 has taken a fork
5513 60 is eating
5513 4 is thinking
5513 4 has taken a fork
5513 4 has taken a fork
5513 4 is eating
5513 12 is thinking
5513 12 has taken a fork
5513 12 has taken a fork
5513 12 is eating
5513 22 is thinking
5513 22 has taken a fork
5513 22 has taken a fork
5513 22 is eating
5603 20 is sleeping
5603 28 is sleeping
5603 48 is sleeping
5603 6 is sleeping
5603 72 is sleeping
5604 90 is sleeping
5604 18 is sleeping
5604 50 is sleeping
5604 78 is sleeping
5604 2 is sleeping
5604 68 is sleeping
5604 76 is sleeping
5604 32 is sleeping
5605 38 is sleeping
5609 8 is sleeping
5610 16 is sleeping
5610 30 is sleeping
5611 74 is sleeping
5611 100 is sleeping
5611 80 is sleeping
5611 64 is sleeping
5611 66 is sleeping
5611 42 is sleeping
5611 10 is sleeping
5611 56 is sleeping
5611 98 is sleeping
5611 88 is sleeping
5611 94 is sleeping
5611 26 is sleeping
5611 52 is sleeping
5612 70 is sleeping
5612 44 is sleeping
5612 92 is sleeping
5612 14 is sleeping
5612 82 is sleeping
5612 86 is sleeping
5612 84 is sleeping
5612 36 is sleeping
5612 34 is sleeping
5612 54 is sleeping
5613 22 is sleeping
5613 40 is sleeping
5613 12 is sleeping
5613 96 is sleeping
5613 58 is sleeping
5613 4 is sleeping
5613 62 is sleeping
5613 46 is sleeping
5613 60 is sleeping
5613 24 is sleeping
5700 3 is thinking
5700 3 has taken a fork
5700 3 has taken a fork
5700 3 is eating
5700 29 is thinking
5700 29 has taken a fork
5700 29 has taken a fork
5700 29 is eating
5700 43 is thinking
5700 43 has taken a fork
5700 43 has taken a fork
5700 43 is eating
5700 81 is thinking
5700 81 has taken a fork
5700 81 has taken a fork
5700 81 is eating
5700 37 is thinking
5700 37 has taken a fork
5700 37 has taken a fork
5700 37 is eating
5700 41 is thinking
5700 41 has taken a fork
5700 41 has taken a fork
5700 41 is eating
5701 7 is thinking
5701 7 has taken a fork
5701 7 has taken a fork
5701 7 is eating
5701 11 is thinking
5701 11 has taken a fork
5701 11 has taken a fork
5701 11 is eating
5701 39 is thinking
5701 39 has taken a fork
5701 39 has taken a fork
5701 39 is eating
5701 93 is thinking
5701 93 has taken a fork
5701 93 has taken a fork
5701 93 is eating
5701 35 is thinking
5701 35 has taken a fork
5701 35 has taken a fork
5701 35 is eating
5701 15 is thinking
5701 15 has taken a fork
5701 15 has taken a fork
5701 15 is eating
5701 75 is thinking
5701 75 has taken a fork
5701 75 has taken a fork
5701 75 is eating
5701 27 is thinking
5701 27 has taken a fork
5701 27 has taken a fork
5701 27 is eating
5701 77 is thinking
5701 77 has taken a fork
5701 77 has taken a fork
5701 77 is eating
5702 97 is thinking
5702 97 has taken a fork
5702 97 has taken a fork
5702 97 is eating
5702 69 is thinking
5702 69 has taken a fork
5702 69 has taken a fork
5702 69 is eating
5702 65 is thinking
5702 65 has taken a fork
5702 65 has taken a fork
5702 65 is eating
5702 73 is thinking
5702 73 has taken a fork
5702 73 has taken a fork
5702 73 is eating
5702 71 is thinking
5702 71 has taken a fork
5702 71 has taken a fork
5702 71 is eating
5702 63 is thinking
5702 63 has taken a fork
5702 63 has taken a fork
5702 63 is eating
5702 31 is thinking
5702 47 is thinking
5702 47 has taken a fork
5702 47 has taken a fork
5702 47 is eating
5702 95 is thinking
5702 89 is thinking
5702 31 has taken a fork
5702 31 has taken a fork
5702 31 is eating
5702 9 is thinking
5702 9 has taken a fork
5702 9 has taken a fork
5702 9 is eating
5702 53 is thinking
5702 53 has taken a fork
5702 53 has taken a fork
5702 53 is eating
5702 67 is thinking
5702 67 has taken a fork
5702 67 has taken a fork
5702 67 is eating
5702 25 is thinking
5702 25 has taken a fork
5702 25 has taken a fork
5702 25 is eating
5702 89 has taken a fork
5702 89 has taken a fork
5702 89 is eating
5702 95 has taken a fork
5702 95 has taken a fork
5702 95 is eating
5702 79 is thinking
5702 79 has taken a fork
5702 79 has taken a fork
5702 79 is eating
5702 49 is thinking
5702 49 has taken a fork
5702 49 has taken a fork
5702 49 is eating
5703 19 is thinking
5703 19 has taken a fork
5703 19 has taken a fork
5703 19 is eating
5703 33 is thinking
5703 33 has taken a fork
5703 33 has taken a fork
5703 33 is eating
5703 13 is thinking
5703 13 has taken a fork
5703 13 has taken a fork
5703 13 is eating
5703 59 is thinking
5703 59 has taken a fork
5703 59 has taken a fork
5703 59 is eating
5703 51 is thinking
5703 51 has taken a fork
5703 51 has taken a fork
5703 51 is eating
5703 17 is thinking
5703 17 has taken a fork
5703 17 has taken a fork
5703 17 is eating
5703 21 is thinking
5703 21 has taken a fork
5703 21 has taken a fork
5703 21 is eating
5703 5 is thinking
5703 5 has taken a fork
5703 5 has taken a fork
5703 5 is eating
5703 91 is thinking
5703 91 has taken a fork
5703 91 has taken a fork
5703 91 is eating
5703 55 is thinking
5703 55 has taken a fork
5703 55 has taken a fork
5703 55 is eating
5704 83 is thinking
5704 83 has taken a fork
5704 83 has taken a fork
5704 83 is eating
5704 1 is thinking
5704 1 has taken a fork
5704 1 has taken a fork
5704 1 is eating
5706 57 is thinking
5706 57 has taken a fork
5706 57 has taken a fork
5706 57 is eating
5708 23 is thinking
5708 23 has taken a fork
5708 23 has taken a fork
5708 23 is eating
5708 85 is thinking
5708 85 has taken a fork
5708 85 has taken a fork
5708 85 is eating
5708 99 is thinking
5708 99 has taken a fork
5708 99 has taken a fork
5708 99 is eating
5708 61 is thinking
5708 61 has taken a fork
5708 61 has taken a fork
5708 61 is eating
5709 87 is thinking
5709 87 has taken a fork
5709 87 has taken a fork
5709 87 is eating
5710 45 is thinking
5710 45 has taken a fork
5710 45 has taken a fork
5710 45 is eating
5800 3 is sleeping
5800 29 is sleeping
5800 37 is sleeping
5800 43 is sleeping
5800 41 is sleeping
5800 81 is sleeping
5801 15 is sleeping
5801 27 is sleeping
5801 35 is sleeping
5801 77 is sleeping
5801 39 is sleeping
5801 7 is sleeping
5801 11 is sleeping
5801 75 is sleeping
5801 93 is sleeping
5802 73 is sleeping
5802 47 is sleeping
5802 49 is sleeping
5802 95 is sleeping
5802 63 is sleeping
5802 25 is sleeping
5802 53 is sleeping
5802 69 is sleeping
5802 67 is sleeping
5802 9 is sleeping
5802 79 is sleeping
5802 65 is sleeping
5802 89 is sleeping
5802 31 is sleeping
5802 97 is sleeping
5802 71 is sleeping
5803 19 is sleeping
5803 20 is thinking
5803 55 is sleeping
5803 59 is sleeping
5803 72 is thinking
5803 72 has taken a fork
5803 72 has taken a fork
5803 72 is eating
5803 91 is sleeping
5803 13 is sleeping
5803 48 is thinking
5803 48 has taken a fork
5803 48 has taken a fork
5803 48 is eating
5803 6 is thinking
5803 21 is sleeping
5803 51 is sleeping
5803 28 is thinking
5803 28 has taken a fork
5803 28 has taken a fork
5803 28 is eating
5803 20 has taken a fork
5803 20 has taken a fork
5803 20 is eating
5803 17 is sleeping
5803 33 is sleeping
5803 5 is sleeping
5803 6 has taken a fork
5803 6 has taken a fork
5803 6 is eating
5804 2 is thinking
5804 18 is thinking
5804 78 is thinking
5804 78 has taken a fork
5804 78 has taken a fork
5804 78 is eating
5804 32 is thinking
5804 32 has taken a fork
5804 32 has taken a fork
5804 32 is eating
5804 76 is thinking
5804 76 has taken a fork
5804 76 has taken a fork
5804 76 is eating
5804 18 has taken a fork
5804 18 has taken a fork
5804 18 is eating
5804 1 is sleeping
5804 50 is thinking
5804 50 has taken a fork
5804 50 has taken a fork
5804 50 is eating
5804 68 is thinking
5804 83 is sleeping
5804 90 is thinking
5804 90 has taken a fork
5804 90 has taken a fork
5804 90 is eating
5804 2 has taken a fork
5804 2 has taken a fork
5804 2 is eating
5804 68 has taken a fork
5804 68 has taken a fork
5804 68 is eating
5805 38 is thinking
5805 38 has taken a fork
5805 38 has taken a fork
5805 38 is eating
5806 57 is sleeping
5808 99 is sleeping
5808 85 is sleeping
5808 23 is sleeping
5808 61 is sleeping
5809 8 is thinking
5809 8 has taken a fork
5809 8 has taken a fork
5809 8 is eating
5809 87 is sleeping
5810 45 is sleeping
5810 30 is thinking
5810 30 has taken a fork
5810 30 has taken a fork
5810 30 is eating
5810 16 is thinking
5810 16 has taken a fork
5810 16 has taken a fork
5810 16 is eating
5811 42 is thinking
5811 42 has taken a fork
5811 42 has taken a fork
5811 42 is eating
5811 54 is thinking
5811 54 has taken a fork
5811 54 has taken a fork
5811 54 is eating
5811 56 is thinking
5811 56 has taken a fork
5811 56 has taken a fork
5811 56 is eating
5811 52 is thinking
5811 66 is thinking
5811 88 is thinking
5811 100 is thinking
5811 10 is thinking
5811 64 is thinking
5811 100 has taken a fork
5811 100 has taken a fork
5811 100 is eating
5811 86 is thinking
5811 86 has taken a fork
5811 86 has taken a fork
5811 86 is eating
5811 64 has taken a fork
5811 64 has taken a fork
5811 64 is eating
5811 94 is thinking
5811 94 has taken a fork
5811 94 has taken a fork
5811 94 is eating
5811 80 is thinking
5811 80 has taken a fork
5811 80 has taken a fork
5811 80 is eating
5811 74 is thinking
5811 74 has taken a fork
5811 74 has taken a fork
5811 74 is eating
5811 52 has taken a fork
5811 52 has taken a fork
5811 52 is eating
5811 26 is thinking
5811 98 is thinking
5811 98 has taken a fork
5811 98 has taken a fork
5811 98 is eating
5811 88 has taken a fork
5811 88 has taken a fork
5811 88 is eating
5811 10 has taken a fork
5811 10 has taken a fork
5811 10 is eating
5811 26 has taken a fork
5811 26 has taken a fork
5811 26 is eating
5811 66 has taken a fork
5811 66 has taken a fork
5811 66 is eating
5812 34 is thinking
5812 34 has taken a fork
5812 34 has taken a fork
5812 34 is eating
5812 70 is thinking
5812 70 has taken a fork
5812 70 has taken a fork
5812 70 is eating
5812 82 is thinking
5812 82 has taken a fork
5812 82 has taken a fork
5812 82 is eating
5812 36 is thinking
5812 36 has taken a fork
5812 36 has taken a fork
5812 36 is eating
5812 44 is thinking
5812 44 has taken a fork
5812 44 has taken a fork
5812 44 is eating
5812 84 is thinking
5812 84 has taken a fork
5812 84 has taken a fork
5812 84 is eating
5812 14 is thinking
5812 14 has taken a fork
5812 14 has taken a fork
5812 14 is eating
5812 92 is thinking
5812 92 has taken a fork
5812 92 has taken a fork
5812 92 is eating
5813 4 is thinking
5813 4 has taken a fork
5813 4 has taken a fork
5813 4 is eating
5813 58 is thinking
5813 58 has taken a fork
5813 58 has taken a fork
5813 58 is eating
5813 96 is thinking
5813 96 has taken a fork
5813 96 has taken a fork
5813 96 is eating
5813 22 is thinking
5813 22 has taken a fork
5813 22 has taken a fork
5813 22 is eating
5813 12 is thinking
5813 46 is thinking
5813 46 has taken a fork
5813 46 has taken a fork
5813 46 is eating
5813 40 is thinking
5813 40 has taken a fork
5813 40 has taken a fork
5813 40 is eating
5813 60 is thinking
5813 60 has taken a fork
5813 60 has taken a fork
5813 60 is eating
5813 24 is thinking
5813 24 has taken a fork
5813 24 has taken a fork
5813 24 is eating
5813 62 is thinking
5813 62 has taken a fork
5813 62 has taken a fork
5813 62 is eating
5813 12 has taken a fork
5813 12 has taken a fork
5813 12 is eating
5903 72 is sleeping
5903 28 is sleeping
5903 48 is sleeping
5903 6 is sleeping
5903 20 is sleeping
5904 78 is sleeping
5904 50 is sleeping
5904 2 is sleeping
5904 90 is sleeping
5904 68 is sleeping
5904 18 is sleeping
5904 76 is sleeping
5904 32 is sleeping
5905 38 is sleeping
5909 8 is sleeping
5910 16 is sleeping
5910 30 is sleeping
5911 42 is sleeping
5911 88 is sleeping
5911 74 is sleeping
5911 52 is sleeping
5911 98 is sleeping
5911 94 is sleeping
5911 66 is sleeping
5911 54 is sleeping
5911 10 is sleeping
5911 80 is sleeping
5911 100 is sleeping
5911 26 is sleeping
5911 64 is sleeping
5911 86 is sleeping
5912 70 is sleeping
5912 36 is sleeping
5912 34 is sleeping
5912 14 is sleeping
5912 84 is sleeping
5912 92 is sleeping
5912 44 is sleeping
5912 82 is sleeping
5913 58 is sleeping
5913 4 is sleeping
5913 46 is sleeping
5913 12 is sleeping
5913 60 is sleeping
5913 24 is sleeping
5913 62 is sleeping
5913 40 is sleeping
5913 96 is sleeping
5913 22 is sleeping
5915 56 is sleeping
6000 37 is thinking
6000 37 has taken a fork
6000 37 has taken a fork
6000 37 is eating
6000 43 is thinking
6000 43 has taken a fork
6000 43 has taken a fork
6000 43 is eating
6000 81 is thinking
6000 81 has taken a fork
6000 81 has taken a fork
6000 81 is eating
6000 3 is thinking
6000 3 has taken a fork
6000 3 has taken a fork
6000 3 is eating
6000 41 is thinking
6000 41 has taken a fork
6000 41 has taken a fork
6000 41 is eating
6000 29 is thinking
6000 29 has taken a fork
6000 29 has taken a fork
6000 29 is eating
6001 75 is thinking
6001 75 has taken a fork
6001 75 has taken a fork
6001 75 is eating
6001 35 is thinking
6001 39 is thinking
6001 39 has taken a fork
6001 39 has taken a fork
6001 39 is eating
6001 15 is thinking
6001 15 has taken a fork
6001 15 has taken a fork
6001 15 is eating
6001 11 is thinking
6001 11 has taken a fork
6001 11 has taken a fork
6001 11 is eating
6001 27 is thinking
6001 27 has taken a fork
6001 27 has taken a fork
6001 27 is eating
6001 93 is thinking
6001 93 has taken a fork
6001 93 has taken a fork
6001 93 is eating
6001 77 is thinking
6001 77 has taken a fork
6001 77 has taken a fork
6001 77 is eating
6001 7 is thinking
6001 7 has taken a fork
6001 7 has taken a fork
6001 7 is eating
6001 35 has taken a fork
6001 35 has taken a fork
6001 35 is eating
6002 47 is thinking
6002 47 has taken a fork
6002 47 has taken a fork
6002 47 is eating
6002 9 is thinking
6002 9 has taken a fork
6002 9 has taken a fork
6002 9 is eating
6002 31 is thinking
6002 31 has taken a fork
6002 31 has taken a fork
6002 31 is eating
6002 63 is thinking
6002 63 has taken a fork
6002 63 has taken a fork
6002 63 is eating
6002 71 is thinking
6002 71 has taken a fork
6002 71 has taken a fork
6002 71 is eating
6002 53 is thinking
6002 53 has taken a fork
6002 53 has taken a fork
6002 53 is eating
6002 79 is thinking
6002 79 has taken a fork
6002 79 has taken a fork
6002 79 is eating
6002 65 is thinking
6002 65 has taken a fork
6002 65 has taken a fork
6002 65 is eating
6002 69 is thinking
6002 69 has taken a fork
6002 69 has taken a fork
6002 69 is eating
6002 49 is thinking
6002 89 is thinking
6002 89 has taken a fork
6002 89 has taken a fork
6002 89 is eating
6002 97 is thinking
6002 97 has taken a fork
6002 97 has taken a fork
6002 97 is eating
6002 67 is thinking
6002 67 has taken a fork
6002 67 has taken a fork
6002 67 is eating
6002 73 is thinking
6002 73 has taken a fork
6002 73 has taken a fork
6002 73 is eating
6002 95 is thinking
6002 95 has taken a fork
6002 95 has taken a fork
6002 95 is eating
6002 25 is thinking
6002 25 has taken a fork
6002 25 has taken a fork
6002 25 is eating
6002 49 has taken a fork
6002 49 has taken a fork
6002 49 is eating
6003 5 is thinking
6003 5 has taken a fork
6003 5 has taken a fork
6003 5 is eating
6003 91 is thinking
6003 91 has taken a fork
6003 91 has taken a fork
6003 91 is eating
6003 33 is thinking
6003 33 has taken a fork
6003 33 has taken a fork
6003 33 is eating
6003 17 is thinking
6003 17 has taken a fork
6003 17 has taken a fork
6003 17 is eating
6003 55 is thinking
6003 19 is thinking
6003 55 has taken a fork
6003 55 has taken a fork
6003 55 is eating
6003 59 is thinking
6003 59 has taken a fork
6003 59 has taken a fork
6003 59 is eating
6003 51 is thinking
6003 51 has taken a fork
6003 51 has taken a fork
6003 51 is eating
6003 13 is thinking
6003 13 has taken a fork
6003 13 has taken a fork
6003 13 is eating
6003 21 is thinking
6003 21 has taken a fork
6003 21 has taken a fork
6003 21 is eating
6003 19 has taken a fork
6003 19 has taken a fork
6003 19 is eating
6004 83 is thinking
6004 83 has taken a fork
6004 83 has taken a fork
6004 83 is eating
6004 1 is thinking
6004 1 has taken a fork
6004 1 has taken a fork
6004 1 is eating
6006 57 is thinking
6006 57 has taken a fork
6006 57 has taken a fork
6006 57 is eating
6008 85 is thinking
6008 85 has taken a fork
6008 85 has taken a fork
6008 85 is eating
6008 61 is thinking
6008 61 has taken a fork
6008 61 has taken a fork
6008 61 is eating
6008 23 is thinking
6008 23 has taken a fork
6008 23 has taken a fork
6008 23 is eating
6008 99 is thinking
6008 99 has taken a fork
6008 99 has taken a fork
6008 99 is eating
6009 87 is thinking
6009 87 has taken a fork
6009 87 has taken a fork
6009 87 is eating
6010 45 is thinking
6010 45 has taken a fork
6010 45 has taken a fork
6010 45 is eating
6100 81 is sleeping
6100 29 is sleeping
6100 41 is sleeping
6100 3 is sleeping
6100 43 is sleeping
6101 77 is sleeping
6101 27 is sleeping
6101 39 is sleeping
6101 11 is sleeping
6101 35 is sleeping
6101 93 is sleeping
6102 31 is sleeping
6102 95 is sleeping
6102 97 is sleeping
6102 67 is sleeping
6102 73 is sleeping
6102 25 is sleeping
6102 89 is sleeping
6102 49 is sleeping
6102 71 is sleeping
6102 53 is sleeping
6102 65 is sleeping
6102 63 is sleeping
6102 9 is sleeping
6102 69 is sleeping
6103 28 is thinking
6103 28 has taken a fork
6103 28 has taken a fork
6103 28 is eating
6103 59 is sleeping
6103 51 is sleeping
6103 55 is sleeping
6103 33 is sleeping
6103 21 is sleeping
6103 91 is sleeping
6103 6 is thinking
6103 72 is thinking
6103 72 has taken a fork
6103 72 has taken a fork
6103 72 is eating
6103 48 is thinking
6103 13 is sleeping
6103 5 is sleeping
6103 19 is sleeping
6104 1 is sleeping
6104 90 is thinking
6104 78 is thinking
6104 90 has taken a fork
6104 90 has taken a fork
6104 90 is eating
6104 68 is thinking
6104 68 has taken a fork
6104 68 has taken a fork
6104 68 is eating
6104 50 is thinking
6104 50 has taken a fork
6104 50 has taken a fork
6104 50 is eating
6104 32 is thinking
6104 32 has taken a fork
6104 32 has taken a fork
6104 32 is eating
6104 18 is thinking
6104 76 is thinking
6104 2 is thinking
6104 2 has taken a fork
6104 2 has taken a fork
6104 2 is eating
6105 83 is sleeping
6105 79 is sleeping
6105 47 is sleeping
6105 76 has taken a fork
6105 76 has taken a fork
6105 76 is eating
6105 78 has taken a fork
6105 78 has taken a fork
6105 78 is eating
6106 57 is sleeping
6106 48 has taken a fork
6106 48 has taken a fork
6106 48 is eating
6106 37 is sleeping
6106 7 is sleeping
6106 15 is sleeping
6106 20 is thinking
6106 20 has taken a fork
6106 20 has taken a fork
6106 20 is eating
6106 18 has taken a fork
6106 18 has taken a fork
6106 18 is eating
6106 6 has taken a fork
6106 6 has taken a fork
6106 6 is eating
6106 17 is sleeping
6106 75 is sleeping
6106 38 is thinking
6106 38 has taken a fork
6106 38 has taken a fork
6106 38 is eating
6108 23 is sleeping
6108 99 is sleeping
6108 61 is sleeping
6108 85 is sleeping
6109 87 is sleeping
6109 8 is thinking
6109 8 has taken a fork
6109 8 has taken a fork
6109 8 is eating
6110 16 is thinking
6110 16 has taken a fork
6110 16 has taken a fork
6110 16 is eating
6110 30 is thinking
6110 30 has taken a fork
6110 30 has taken a fork
6110 30 is eating
6110 45 is sleeping
6111 64 is thinking
6111 64 has taken a fork
6111 64 has taken a fork
6111 64 is eating
6111 88 is thinking
6111 10 is thinking
6111 10 has taken a fork
6111 10 has taken a fork
6111 10 is eating
6111 100 is thinking
6111 100 has taken a fork
6111 100 has taken a fork
6111 100 is eating
6111 88 has taken a fork
6111 88 has taken a fork
6111 88 is eating
6111 52 is thinking
6111 74 is thinking
6111 86 is thinking
6111 74 has taken a fork
6111 74 has taken a fork
6111 74 is eating
6111 86 has taken a fork
6111 86 has taken a fork
6111 86 is eating
6111 94 is thinking
6111 94 has taken a fork
6111 94 has taken a fork
6111 94 is eating
6111 52 has taken a fork
6111 52 has taken a fork
6111 52 is eating
6111 42 is thinking
6111 42 has taken a fork
6111 42 has taken a fork
6111 42 is eating
6111 80 is thinking
6111 54 is thinking
6111 54 has taken a fork
6111 54 has taken a fork
6111 54 is eating
6111 66 is thinking
6111 80 has taken a fork
6111 80 has taken a fork
6111 80 is eating
6111 66 has taken a fork
6111 66 has taken a fork
6111 66 is eating
6111 98 is thinking
6111 98 has taken a fork
6111 98 has taken a fork
6111 98 is eating
6111 56 is thinking
6111 56 has taken a fork
6111 56 has taken a fork
6111 56 is eating
6111 26 is thinking
6111 26 has taken a fork
6111 26 has taken a fork
6111 26 is eating
6112 36 is thinking
6112 36 has taken a fork
6112 36 has taken a fork
6112 36 is eating
6112 14 is thinking
6112 14 has taken a fork
6112 14 has taken a fork
6112 14 is eating
6112 84 is thinking
6112 84 has taken a fork
6112 84 has taken a fork
6112 84 is eating
6112 70 is thinking
6112 70 has taken a fork
6112 70 has taken a fork
6112 70 is eating
6112 44 is thinking
6112 44 has taken a fork
6112 44 has taken a fork
6112 44 is eating
6112 34 is thinking
6112 34 has taken a fork
6112 34 has taken a fork
6112 34 is eating
6112 82 is thinking
6112 82 has taken a fork
6112 82 has taken a fork
6112 82 is eating
6112 92 is thinking
6112 92 has taken a fork
6112 92 has taken a fork
6112 92 is eating
6113 40 is thinking
6113 40 has taken a fork
6113 40 has taken a fork
6113 40 is eating
6113 46 is thinking
6113 46 has taken a fork
6113 46 has taken a fork
6113 46 is eating
6113 4 is thinking
6113 96 is thinking
6113 4 has taken a fork
6113 4 has taken a fork
6113 4 is eating
6113 24 is thinking
6113 24 has taken a fork
6113 24 has taken a fork
6113 24 is eating
6113 60 is thinking
6113 60 has taken a fork
6113 60 has taken a fork
6113 60 is eating
6113 12 is thinking
6113 12 has taken a fork
6113 12 has taken a fork
6113 12 is eating
6113 96 has taken a fork
6113 96 has taken a fork
6113 96 is eating
6113 22 is thinking
6113 62 is thinking
6113 62 has taken a fork
6113 62 has taken a fork
6113 62 is eating
6113 58 is thinking
6113 58 has taken a fork
6113 58 has taken a fork
6113 58 is eating
6113 22 has taken a fork
6113 22 has taken a fork
6113 22 is eating
6203 28 is sleeping
6203 72 is sleeping
6204 32 is sleeping
6204 2 is sleeping
6204 68 is sleeping
6204 50 is sleeping
6204 90 is sleeping
6205 78 is sleeping
6205 76 is sleeping
6206 48 is sleeping
6206 18 is sleeping
6206 6 is sleeping
6208 38 is sleeping
6209 8 is sleeping
6209 20 is sleeping
6210 30 is sleeping
6210 16 is sleeping
6211 56 is sleeping
6211 98 is sleeping
6211 100 is sleeping
6211 52 is sleeping
6211 88 is sleeping
6211 64 is sleeping
6211 26 is sleeping
6211 74 is sleeping
6211 54 is sleeping
6211 94 is sleeping
6211 66 is sleeping
6211 10 is sleeping
6211 80 is sleeping
6211 86 is sleeping
6211 42 is sleeping
6212 14 is sleeping
6212 82 is sleeping
6212 92 is sleeping
6212 70 is sleeping
6212 84 is sleeping
6212 44 is sleeping
6212 36 is sleeping
6212 34 is sleeping
6213 62 is sleeping
6213 12 is sleeping
6213 46 is sleeping
6213 60 is sleeping
6213 40 is sleeping
6213 4 is sleeping
6213 22 is sleeping
6213 58 is sleeping
6213 24 is sleeping
6213 96 is sleeping
6300 41 is thinking
6300 41 has taken a fork
6300 41 has taken a fork
6300 41 is eating
6300 37 is thinking
6300 37 has taken a fork
6300 37 has taken a fork
6300 37 is eating
6300 3 is thinking
6300 43 is thinking
6300 81 is thinking
6300 81 has taken a fork
6300 81 has taken a fork
6300 81 is eating
6300 3 has taken a fork
6300 3 has taken a fork
6300 3 is eating
6300 43 has taken a fork
6300 43 has taken a fork
6300 43 is eating
6300 29 is thinking
6300 29 has taken a fork
6300 29 has taken a fork
6300 29 is eating
6301 93 is thinking
6301 15 is thinking
6301 11 is thinking
6301 15 has taken a fork
6301 15 has taken a fork
6301 15 is eating
6301 11 has taken a fork
6301 11 has taken a fork
6301 11 is eating
6301 75 is thinking
6301 75 has taken a fork
6301 75 has taken a fork
6301 75 is eating
6301 35 is thinking
6301 35 has taken a fork
6301 35 has taken a fork
6301 35 is eating
6301 93 has taken a fork
6301 93 has taken a fork
6301 93 is eating
6301 7 is thinking
6301 7 has taken a fork
6301 7 has taken a fork
6301 7 is eating
6301 39 is thinking
6301 77 is thinking
6301 27 is thinking
6301 27 has taken a fork
6301 27 has taken a fork
6301 27 is eating
6301 39 has taken a fork
6301 39 has taken a fork
6301 39 is eating
6301 77 has taken a fork
6301 77 has taken a fork
6301 77 is eating
6302 69 is thinking
6302 69 has taken a fork
6302 69 has taken a fork
6302 69 is eating
6302 53 is thinking
6302 53 has taken a fork
6302 53 has taken a fork
6302 53 is eating
6302 47 is thinking
6302 63 is thinking
6302 71 is thinking
6302 65 is thinking
6302 65 has taken a fork
6302 65 has taken a fork
6302 65 is eating
6302 63 has taken a fork
6302 63 has taken a fork
6302 63 is eating
6302 47 has taken a fork
6302 47 has taken a fork
6302 47 is eating
6302 79 is thinking
6302 71 has taken a fork
6302 71 has taken a fork
6302 71 is eating
6302 25 is thinking
6302 25 has taken a fork
6302 25 has taken a fork
6302 25 is eating
6302 73 is thinking
6302 73 has taken a fork
6302 73 has taken a fork
6302 73 is eating
6302 9 is thinking
6302 9 has taken a fork
6302 9 has taken a fork
6302 9 is eating
6302 79 has taken a fork
6302 79 has taken a fork
6302 79 is eating
6302 31 is thinking
6302 31 has taken a fork
6302 31 has taken a fork
6302 31 is eating
6302 67 is thinking
6302 67 has taken a fork
6302 67 has taken a fork
6302 67 is eating
6302 89 is thinking
6302 89 has taken a fork
6302 89 has taken a fork
6302 89 is eating
6302 95 is thinking
6302 95 has taken a fork
6302 95 has taken a fork
6302 95 is eating
6302 49 is thinking
6302 49 has taken a fork
6302 49 has taken a fork
6302 49 is eating
6302 97 is thinking
6302 97 has taken a fork
6302 97 has taken a fork
6302 97 is eating
6303 19 is thinking
6303 19 has taken a fork
6303 19 has taken a fork
6303 19 is eating
6303 21 is thinking
6303 21 has taken a fork
6303 21 has taken a fork
6303 21 is eating
6303 51 is thinking
6303 51 has taken a fork
6303 51 has taken a fork
6303 51 is eating
6303 59 is thinking
6303 59 has taken a fork
6303 59 has taken a fork
6303 59 is eating
6303 17 is thinking
6303 17 has taken a fork
6303 17 has taken a fork
6303 17 is eating
6303 33 is thinking
6303 33 has taken a fork
6303 33 has taken a fork
6303 33 is eating
6303 5 is thinking
6303 5 has taken a fork
6303 5 has taken a fork
6303 5 is eating
6303 13 is thinking
6303 13 has taken a fork
6303 13 has taken a fork
6303 13 is eating
6303 55 is thinking
6303 55 has taken a fork
6303 55 has taken a fork
6303 55 is eating
6303 91 is thinking
6303 91 has taken a fork
6303 91 has taken a fork
6303 91 is eating
6304 83 is thinking
6304 83 has taken a fork
6304 83 has taken a fork
6304 83 is eating
6304 1 is thinking
6304 1 has taken a fork
6304 1 has taken a fork
6304 1 is eating
6306 57 is thinking
6306 57 has taken a fork
6306 57 has taken a fork
6306 57 is eating
6308 61 is thinking
6308 61 has taken a fork
6308 61 has taken a fork
6308 61 is eating
6308 85 is thinking
6308 85 has taken a fork
6308 85 has taken a fork
6308 85 is eating
6308 23 is thinking
6308 23 has taken a fork
6308 23 has taken a fork
6308 23 is eating
6308 99 is thinking
6308 99 has taken a fork
6308 99 has taken a fork
6308 99 is eating
6309 87 is thinking
6309 87 has taken a fork
6309 87 has taken a fork
6309 87 is eating
6310 45 is thinking
6310 45 has taken a fork
6310 45 has taken a fork
6310 45 is eating
6400 41 is sleeping
6400 3 is sleeping
6400 37 is sleeping
6400 29 is sleeping
6401 7 is sleeping
6401 39 is sleeping
6401 93 is sleeping
6401 35 is sleeping
6401 27 is sleeping
6401 77 is sleeping
6401 15 is sleeping
6401 75 is sleeping
6402 67 is sleeping
6402 89 is sleeping
6402 9 is sleeping
6402 31 is sleeping
6402 71 is sleeping
6402 95 is sleeping
6402 97 is sleeping
6402 73 is sleeping
6402 25 is sleeping
6402 69 is sleeping
6402 49 is sleeping
6402 47 is sleeping
6402 53 is sleeping
6402 81 is sleeping
6402 63 is sleeping
6402 43 is sleeping
6402 79 is sleeping
6402 11 is sleeping
6402 65 is sleeping
6403 59 is sleeping
6403 13 is sleeping
6403 91 is sleeping
6403 55 is sleeping
6403 28 is thinking
6403 33 is sleeping
6403 5 is sleeping
6403 51 is sleeping
6403 19 is sleeping
6403 28 has taken a fork
6403 28 has taken a fork
6403 28 is eating
6403 21 is sleeping
6403 72 is thinking
6403 72 has taken a fork
6403 72 has taken a fork
6403 72 is eating
6404 1 is sleeping
6404 83 is sleeping
6404 68 is thinking
6404 32 is thinking
6404 32 has taken a fork
6404 32 has taken a fork
6404 32 is eating
6404 68 has taken a fork
6404 68 has taken a fork
6404 68 is eating
6404 90 is thinking
6404 90 has taken a fork
6404 90 has taken a fork
6404 90 is eating
6404 50 is thinking
6404 50 has taken a fork
6404 50 has taken a fork
6404 50 is eating
6405 76 is thinking
6405 76 has taken a fork
6405 76 has taken a fork
6405 76 is eating
6405 78 is thinking
6405 78 has taken a fork
6405 78 has taken a fork
6405 78 is eating
6405 2 is thinking
6405 2 has taken a fork
6405 2 has taken a fork
6405 2 is eating
6405 17 is sleeping
6406 18 is thinking
6406 18 has taken a fork
6406 18 has taken a fork
6406 18 is eating
6406 6 is thinking
6406 6 has taken a fork
6406 6 has taken a fork
6406 6 is eating
6406 20 is thinking
6406 20 has taken a fork
6406 20 has taken a fork
6406 20 is eating
6406 57 is sleeping
6406 38 is thinking
6406 38 has taken a fork
6406 38 has taken a fork
6406 38 is eating
6406 48 is thinking
6406 48 has taken a fork
6406 48 has taken a fork
6406 48 is eating
6408 61 is sleeping
6408 99 is sleeping
6408 85 is sleeping
6408 23 is sleeping
6410 16 is thinking
6410 16 has taken a fork
6410 16 has taken a fork
6410 16 is eating
6410 45 is sleeping
6410 30 is thinking
6410 30 has taken a fork
6410 30 has taken a fork
6410 30 is eating
6411 88 is thinking
6411 52 is thinking
6411 52 has taken a fork
6411 52 has taken a fork
6411 52 is eating
6411 80 is thinking
6411 80 has taken a fork
6411 80 has taken a fork
6411 80 is eating
6411 42 is thinking
6411 42 has taken a fork
6411 42 has taken a fork
6411 42 is eating
6411 100 is thinking
6411 100 has taken a fork
6411 100 has taken a fork
6411 100 is eating
6411 86 is thinking
6411 54 is thinking
6411 54 has taken a fork
6411 54 has taken a fork
6411 54 is eating
6411 10 is thinking
6411 26 is thinking
6411 94 is thinking
6411 94 has taken a fork
6411 94 has taken a fork
6411 94 is eating
6411 56 is thinking
6411 10 has taken a fork
6411 10 has taken a fork
6411 10 is eating
6411 66 is thinking
6411 66 has taken a fork
6411 66 has taken a fork
6411 66 is eating
6411 26 has taken a fork
6411 26 has taken a fork
6411 26 is eating
6411 56 has taken a fork
6411 56 has taken a fork
6411 56 is eating
6411 64 is thinking
6411 64 has taken a fork
6411 64 has taken a fork
6411 64 is eating
6412 36 is thinking
6412 36 has taken a fork
6412 36 has taken a fork
6412 36 is eating
6412 34 is thinking
6412 34 has taken a fork
6412 34 has taken a fork
6412 34 is eating
6412 44 is thinking
6412 44 has taken a fork
6412 44 has taken a fork
6412 44 is eating
6412 82 is thinking
6412 82 has taken a fork
6412 82 has taken a fork
6412 82 is eating
6412 14 is thinking
6412 14 has taken a fork
6412 14 has taken a fork
6412 14 is eating
6413 96 is thinking
6413 96 has taken a fork
6413 96 has taken a fork
6413 96 is eating
6413 24 is thinking
6413 24 has taken a fork
6413 24 has taken a fork
6413 24 is eating
6413 62 is thinking
6413 62 has taken a fork
6413 62 has taken a fork
6413 62 is eating
6413 40 is thinking
6413 4 is thinking
6413 40 has taken a fork
6413 40 has taken a fork
6413 40 is eating
6413 4 has taken a fork
6413 4 has taken a fork
6413 4 is eating
6413 58 is thinking
6413 58 has taken a fork
6413 58 has taken a fork
6413 58 is eating
6414 70 is thinking
6414 70 has taken a fork
6414 70 has taken a fork
6414 70 is eating
6414 84 is thinking
6414 84 has taken a fork
6414 84 has taken a fork
6414 84 is eating
6414 60 is thinking
6414 46 is thinking
6414 22 is thinking
6414 46 has taken a fork
6414 46 has taken a fork
6414 46 is eating
6414 22 has taken a fork
6414 22 has taken a fork
6414 22 is eating
6414 60 has taken a fork
6414 60 has taken a fork
6414 60 is eating
6414 88 has taken a fork
6414 88 has taken a fork
6414 88 is eating
6414 86 has taken a fork
6414 86 has taken a fork
6414 86 is eating
6414 92 is thinking
6414 92 has taken a fork
6414 92 has taken a fork
6414 92 is eating
6414 8 is thinking
6414 8 has taken a fork
6414 8 has taken a fork
6414 8 is eating
6414 87 is sleeping
6414 98 is thinking
6414 98 has taken a fork
6414 98 has taken a fork
6414 98 is eating
6416 12 is thinking
6416 12 has taken a fork
6416 12 has taken a fork
6416 12 is eating
6416 74 is thinking
6416 74 has taken a fork
6416 74 has taken a fork
6416 74 is eating
6503 28 is sleeping
6503 72 is sleeping
6504 90 is sleeping
6504 68 is sleeping
6504 50 is sleeping
6504 32 is sleeping
6505 78 is sleeping
6505 2 is sleeping
6505 76 is sleeping
6506 6 is sleeping
6506 18 is sleeping
6506 38 is sleeping
6506 20 is sleeping
6506 48 is sleeping
6510 30 is sleeping
6510 16 is sleeping
6511 10 is sleeping
6511 66 is sleeping
6511 64 is sleeping
6511 80 is sleeping
6511 56 is sleeping
6511 26 is sleeping
6511 42 is sleeping
6511 54 is sleeping
6511 52 is sleeping
6511 94 is sleeping
6511 100 is sleeping
6512 34 is sleeping
6512 44 is sleeping
6512 36 is sleeping
6512 82 is sleeping
6512 14 is sleeping
6513 58 is sleeping
6513 96 is sleeping
6513 40 is sleeping
6513 24 is sleeping
6513 4 is sleeping
6513 62 is sleeping
6514 84 is sleeping
6514 22 is sleeping
6514 8 is sleeping
6514 92 is sleeping
6514 88 is sleeping
6514 70 is sleeping
6514 46 is sleeping
6514 98 is sleeping
6514 86 is sleeping
6514 60 is sleeping
6516 12 is sleeping
6516 74 is sleeping
6600 3 is thinking
6600 3 has taken a fork
6600 3 has taken a fork
6600 3 is eating
6600 37 is thinking
6600 37 has taken a fork
6600 37 has taken a fork
6600 37 is eating
6600 41 is thinking
6600 41 has taken a fork
6600 41 has taken a fork
6600 41 is eating
6600 81 is thinking
6600 81 has taken a fork
6600 81 has taken a fork
6600 81 is eating
6600 43 is thinking
6600 43 has taken a fork
6600 43 has taken a fork
6600 43 is eating
6600 29 is thinking
6600 29 has taken a fork
6600 29 has taken a fork
6600 29 is eating
6601 15 is thinking
6601 35 is thinking
6601 93 is thinking
6601 93 has taken a fork
6601 93 has taken a fork
6601 93 is eating
6601 75 is thinking
6601 75 has taken a fork
6601 75 has taken a fork
6601 75 is eating
6601 77 is thinking
6601 77 has taken a fork
6601 77 has taken a fork
6601 77 is eating
6601 27 is thinking
6601 35 has taken a fork
6601 35 has taken a fork
6601 35 is eating
6601 7 is thinking
6601 7 has taken a fork
6601 7 has taken a fork
6601 7 is eating
6601 11 is thinking
6601 11 has taken a fork
6601 11 has taken a fork
6601 11 is eating
6601 27 has taken a fork
6601 27 has taken a fork
6601 27 is eating
6601 15 has taken a fork
6601 15 has taken a fork
6601 15 is eating
6602 79 is thinking
6602 79 has taken a fork
6602 79 has taken a fork
6602 79 is eating
6602 73 is thinking
6602 65 is thinking
6602 73 has taken a fork
6602 73 has taken a fork
6602 73 is eating
6602 89 is thinking
6602 89 has taken a fork
6602 89 has taken a fork
6602 89 is eating
6602 95 is thinking
6602 95 has taken a fork
6602 95 has taken a fork
6602 95 is eating
6602 53 is thinking
6602 53 has taken a fork
6602 53 has taken a fork
6602 53 is eating
6602 65 has taken a fork
6602 65 has taken a fork
6602 65 is eating
6602 67 is thinking
6602 67 has taken a fork
6602 67 has taken a fork
6602 67 is eating
6602 25 is thinking
6602 25 has taken a fork
6602 25 has taken a fork
6602 25 is eating
6602 9 is thinking
6602 9 has taken a fork
6602 9 has taken a fork
6602 9 is eating
6602 69 is thinking
6602 69 has taken a fork
6602 69 has taken a fork
6602 69 is eating
6603 55 is thinking
6603 55 has taken a fork
6603 55 has taken a fork
6603 55 is eating
6603 91 is thinking
6603 13 is thinking
6603 13 has taken a fork
6603 13 has taken a fork
6603 13 is eating
6603 17 is thinking
6603 5 is thinking
6603 5 has taken a fork
6603 5 has taken a fork
6603 5 is eating
6603 63 is thinking
6603 63 has taken a fork
6603 63 has taken a fork
6603 63 is eating
6603 19 is thinking
6603 19 has taken a fork
6603 19 has taken a fork
6603 19 is eating
6603 33 is thinking
6603 33 has taken a fork
6603 33 has taken a fork
6603 33 is eating
6603 21 is thinking
6603 91 has taken a fork
6603 91 has taken a fork
6603 91 is eating
6603 51 is thinking
6603 51 has taken a fork
6603 51 has taken a fork
6603 51 is eating
6603 97 is thinking
6603 97 has taken a fork
6603 97 has taken a fork
6603 97 is eating
6603 21 has taken a fork
6603 21 has taken a fork
6603 21 is eating
6603 71 is thinking
6603 17 has taken a fork
6603 17 has taken a fork
6603 17 is eating
6603 71 has taken a fork
6603 71 has taken a fork
6603 71 is eating
6604 83 is thinking
6604 83 has taken a fork
6604 83 has taken a fork
6604 83 is eating
6606 57 is thinking
6606 57 has taken a fork
6606 57 has taken a fork
6606 57 is eating
6608 99 is thinking
6608 99 has taken a fork
6608 99 has taken a fork
6608 99 is eating
6608 23 is thinking
6608 23 has taken a fork
6608 23 has taken a fork
6608 23 is eating
6608 61 is thinking
6608 61 has taken a fork
6608 61 has taken a fork
6608 61 is eating
6608 85 is thinking
6608 85 has taken a fork
6608 85 has taken a fork
6608 85 is eating
6609 87 is thinking
6609 87 has taken a fork
6609 87 has taken a fork
6609 87 is eating
6609 47 is thinking
6609 47 has taken a fork
6609 47 has taken a fork
6609 47 is eating
6609 1 is thinking
6609 1 has taken a fork
6609 1 has taken a fork
6609 1 is eating
6609 59 is thinking
6609 59 has taken a fork
6609 59 has taken a fork
6609 59 is eating
6609 31 is thinking
6609 31 has taken a fork
6609 31 has taken a fork
6609 31 is eating
6609 49 is thinking
6609 49 has taken a fork
6609 49 has taken a fork
6609 49 is eating
6609 39 is thinking
6609 39 has taken a fork
6609 39 has taken a fork
6609 39 is eating
6610 45 is thinking
6610 45 has taken a fork
6610 45 has taken a fork
6610 45 is eating
6700 81 is sleeping
6700 29 is sleeping
6700 3 is sleeping
6700 37 is sleeping
6700 41 is sleeping
6700 43 is sleeping
6701 77 is sleeping
6701 11 is sleeping
6701 15 is sleeping
6701 75 is sleeping
6701 35 is sleeping
6701 93 is sleeping
6701 27 is sleeping
6701 7 is sleeping
6702 95 is sleeping
6702 73 is sleeping
6702 65 is sleeping
6702 25 is sleeping
6702 67 is sleeping
6702 53 is sleeping
6702 69 is sleeping
6702 79 is sleeping
6702 9 is sleeping
6702 89 is sleeping
6703 72 is thinking
6703 13 is sleeping
6703 5 is sleeping
6703 17 is sleeping
6703 51 is sleeping
6703 91 is sleeping
6703 55 is sleeping
6703 19 is sleeping
6703 71 is sleeping
6703 63 is sleeping
6703 97 is sleeping
6703 33 is sleeping
6703 21 is sleeping
6703 28 is thinking
6703 28 has taken a fork
6703 28 has taken a fork
6703 28 is eating
6703 72 has taken a fork
6703 72 has taken a fork
6703 72 is eating
6704 83 is sleeping
6704 32 is thinking
6704 68 is thinking
6704 50 is thinking
6704 68 has taken a fork
6704 68 has taken a fork
6704 68 is eating
6704 90 is thinking
6704 90 has taken a fork
6704 90 has taken a fork
6704 90 is eating
6705 78 is thinking
6705 78 has taken a fork
6705 78 has taken a fork
6705 78 is eating
6705 76 is thinking
6705 76 has taken a fork
6705 76 has taken a fork
6705 76 is eating
6705 2 is thinking
6706 6 is thinking
6706 6 has taken a fork
6706 6 has taken a fork
6706 6 is eating
6706 48 is thinking
6706 20 is thinking
6706 20 has taken a fork
6706 20 has taken a fork
6706 20 is eating
6706 57 is sleeping
6706 38 is thinking
6706 18 is thinking
6706 18 has taken a fork
6706 18 has taken a fork
6706 18 is eating
6708 99 is sleeping
6708 85 is sleeping
6708 61 is sleeping
6708 23 is sleeping
6709 1 is sleeping
6709 39 is sleeping
6709 59 is sleeping
6709 47 is sleeping
6709 48 has taken a fork
6709 48 has taken a fork
6709 48 is eating
6709 31 is sleeping
6709 49 is sleeping
6709 2 has taken a fork
6709 2 has taken a fork
6709 2 is eating
6709 87 is sleeping
6709 32 has taken a fork
6709 32 has taken a fork
6709 32 is eating
6709 38 has taken a fork
6709 38 has taken a fork
6709 38 is eating
6709 50 has taken a fork
6709 50 has taken a fork
6709 50 is eating
6710 45 is sleeping
6710 30 is thinking
6710 30 has taken a fork
6710 30 has taken a fork
6710 30 is eating
6710 16 is thinking
6710 16 has taken a fork
6710 16 has taken a fork
6710 16 is eating
6711 10 is thinking
6711 10 has taken a fork
6711 10 has taken a fork
6711 10 is eating
6711 56 is thinking
6711 56 has taken a fork
6711 56 has taken a fork
6711 56 is eating
6711 42 is thinking
6711 66 is thinking
6711 42 has taken a fork
6711 42 has taken a fork
6711 42 is eating
6711 94 is thinking
6711 94 has taken a fork
6711 94 has taken a fork
6711 94 is eating
6711 100 is thinking
6711 66 has taken a fork
6711 66 has taken a fork
6711 66 is eating
6711 52 is thinking
6711 52 has taken a fork
6711 52 has taken a fork
6711 52 is eating
6711 26 is thinking
6711 26 has taken a fork
6711 26 has taken a fork
6711 26 is eating
6711 54 is thinking
6711 54 has taken a fork
6711 54 has taken a fork
6711 54 is eating
6711 100 has taken a fork
6711 100 has taken a fork
6711 100 is eating
6711 80 is thinking
6711 64 is thinking
6711 64 has taken a fork
6711 64 has taken a fork
6711 64 is eating
6711 80 has taken a fork
6711 80 has taken a fork
6711 80 is eating
6712 34 is thinking
6712 34 has taken a fork
6712 34 has taken a fork
6712 34 is eating
6712 14 is thinking
6712 14 has taken a fork
6712 14 has taken a fork
6712 14 is eating
6712 44 is thinking
6712 44 has taken a fork
6712 44 has taken a fork
6712 44 is eating
6712 82 is thinking
6712 82 has taken a fork
6712 82 has taken a fork
6712 82 is eating
6712 36 is thinking
6712 36 has taken a fork
6712 36 has taken a fork
6712 36 is eating
6713 4 is thinking
6713 4 has taken a fork
6713 4 has taken a fork
6713 4 is eating
6713 62 is thinking
6713 62 has taken a fork
6713 62 has taken a fork
6713 62 is eating
6713 96 is thinking
6713 96 has taken a fork
6713 96 has taken a fork
6713 96 is eating
6713 40 is thinking
6713 40 has taken a fork
6713 40 has taken a fork
6713 40 is eating
6713 58 is thinking
6713 58 has taken a fork
6713 58 has taken a fork
6713 58 is eating
6713 24 is thinking
6713 24 has taken a fork
6713 24 has taken a fork
6713 24 is eating
6714 86 is thinking
6714 86 has taken a fork
6714 86 has taken a fork
6714 86 is eating
6714 98 is thinking
6714 98 has taken a fork
6714 98 has taken a fork
6714 98 is eating
6714 92 is thinking
6714 92 has taken a fork
6714 92 has taken a fork
6714 92 is eating
6714 60 is thinking
6714 60 has taken a fork
6714 60 has taken a fork
6714 60 is eating
6714 84 is thinking
6714 88 is thinking
6714 88 has taken a fork
6714 88 has taken a fork
6714 88 is eating
6714 84 has taken a fork
6714 84 has taken a fork
6714 84 is eating
6714 70 is thinking
6714 46 is thinking
6714 46 has taken a fork
6714 46 has taken a fork
6714 46 is eating
6714 22 is thinking
6714 22 has taken a fork
6714 22 has taken a fork
6714 22 is eating
6714 8 is thinking
6714 70 has taken a fork
6714 70 has taken a fork
6714 70 is eating
6714 8 has taken a fork
6714 8 has taken a fork
6714 8 is eating
6716 74 is thinking
6716 74 has taken a fork
6716 74 has taken a fork
6716 74 is eating
6716 12 is thinking
6716 12 has taken a fork
6716 12 has taken a fork
6716 12 is eating
6803 28 is sleeping
6803 72 is sleeping
6804 90 is sleeping
6804 68 is sleeping
6805 76 is sleeping
6805 78 is sleeping
6806 6 is sleeping
6806 20 is sleeping
6806 18 is sleeping
6809 48 is sleeping
6809 38 is sleeping
6809 2 is sleeping
6809 50 is sleeping
6809 32 is sleeping
6810 30 is sleeping
6810 16 is sleeping
6811 56 is sleeping
6811 64 is sleeping
6811 94 is sleeping
6811 42 is sleeping
6811 66 is sleeping
6811 54 is sleeping
6811 80 is sleeping
6811 26 is sleeping
6811 100 is sleeping
6811 52 is sleeping
6811 10 is sleeping
6812 82 is sleeping
6812 14 is sleeping
6812 44 is sleeping
6812 34 is sleeping
6812 36 is sleeping
6813 62 is sleeping
6813 58 is sleeping
6813 24 is sleeping
6813 96 is sleeping
6813 4 is sleeping
6813 40 is sleeping
6814 46 is sleeping
6814 70 is sleeping
6814 22 is sleeping
6814 92 is sleeping
6814 86 is sleeping
6814 98 is sleeping
6814 88 is sleeping
6814 60 is sleeping
6814 8 is sleeping
6814 84 is sleeping
6816 74 is sleeping
6816 12 is sleeping
6900 29 is thinking
6900 29 has taken a fork
6900 29 has taken a fork
6900 29 is eating
6900 43 is thinking
6900 43 has taken a fork
6900 43 has taken a fork
6900 43 is eating
6900 3 is thinking
6900 3 has taken a fork
6900 3 has taken a fork
6900 3 is eating
6900 81 is thinking
6900 81 has taken a fork
6900 81 has taken a fork
6900 81 is eating
6900 37 is thinking
6900 37 has taken a fork
6900 37 has taken a fork
6900 37 is eating
6900 41 is thinking
6900 41 has taken a fork
6900 41 has taken a fork
6900 41 is eating
6901 27 is thinking
6901 11 is thinking
6901 11 has taken a fork
6901 11 has taken a fork
6901 11 is eating
6901 35 is thinking
6901 35 has taken a fork
6901 35 has taken a fork
6901 35 is eating
6901 27 has taken a fork
6901 27 has taken a fork
6901 27 is eating
6901 75 is thinking
6901 75 has taken a fork
6901 75 has taken a fork
6901 75 is eating
6901 7 is thinking
6901 7 has taken a fork
6901 7 has taken a fork
6901 7 is eating
6901 15 is thinking
6901 15 has taken a fork
6901 15 has taken a fork
6901 15 is eating
6901 93 is thinking
6901 93 has taken a fork
6901 93 has taken a fork
6901 93 is eating
6901 77 is thinking
6901 77 has taken a fork
6901 77 has taken a fork
6901 77 is eating
6902 9 is thinking
6902 9 has taken a fork
6902 9 has taken a fork
6902 9 is eating
6902 73 is thinking
6902 73 has taken a fork
6902 73 has taken a fork
6902 73 is eating
6902 25 is thinking
6902 25 has taken a fork
6902 25 has taken a fork
6902 25 is eating
6902 89 is thinking
6902 89 has taken a fork
6902 89 has taken a fork
6902 89 is eating
6902 79 is thinking
6902 79 has taken a fork
6902 79 has taken a fork
6902 79 is eating
6902 95 is thinking
6902 95 has taken a fork
6902 95 has taken a fork
6902 95 is eating
6902 53 is thinking
6902 53 has taken a fork
6902 53 has taken a fork
6902 53 is eating
6902 67 is thinking
6902 67 has taken a fork
6902 67 has taken a fork
6902 67 is eating
6902 65 is thinking
6902 65 has taken a fork
6902 65 has taken a fork
6902 65 is eating
6902 69 is thinking
6902 69 has taken a fork
6902 69 has taken a fork
6902 69 is eating
6903 17 is thinking
6903 17 has taken a fork
6903 17 has taken a fork
6903 17 is eating
6903 33 is thinking
6903 33 has taken a fork
6903 33 has taken a fork
6903 33 is eating
6903 63 is thinking
6903 63 has taken a fork
6903 63 has taken a fork
6903 63 is eating
6903 19 is thinking
6903 19 has taken a fork
6903 19 has taken a fork
6903 19 is eating
6903 91 is thinking
6903 91 has taken a fork
6903 91 has taken a fork
6903 91 is eating
6903 13 is thinking
6903 13 has taken a fork
6903 13 has taken a fork
6903 13 is eating
6903 71 is thinking
6903 71 has taken a fork
6903 71 has taken a fork
6903 71 is eating
6903 55 is thinking
6903 21 is thinking
6903 5 is thinking
6903 5 has taken a fork
6903 5 has taken a fork
6903 5 is eating
6903 21 has taken a fork
6903 21 has taken a fork
6903 21 is eating
6903 55 has taken a fork
6903 55 has taken a fork
6903 55 is eating
6903 51 is thinking
6903 51 has taken a fork
6903 51 has taken a fork
6903 51 is eating
6903 97 is thinking
6903 97 has taken a fork
6903 97 has taken a fork
6903 97 is eating
6904 83 is thinking
6904 83 has taken a fork
6904 83 has taken a fork
6904 83 is eating
6906 57 is thinking
6906 57 has taken a fork
6906 57 has taken a fork
6906 57 is eating
6908 61 is thinking
6908 23 is thinking
6908 23 has taken a fork
6908 23 has taken a fork
6908 23 is eating
6908 99 is thinking
6908 99 has taken a fork
6908 99 has taken a fork
6908 99 is eating
6908 85 is thinking
6908 85 has taken a fork
6908 85 has taken a fork
6908 85 is eating
6908 61 has taken a fork
6908 61 has taken a fork
6908 61 is eating
6909 39 is thinking
6909 39 has taken a fork
6909 39 has taken a fork
6909 39 is eating
6909 1 is thinking
6909 1 has taken a fork
6909 1 has taken a fork
6909 1 is eating
6909 87 is thinking
6909 87 has taken a fork
6909 87 has taken a fork
6909 87 is eating
6909 59 is thinking
6909 59 has taken a fork
6909 59 has taken a fork
6909 59 is eating
6909 31 is thinking
6909 31 has taken a fork
6909 31 has taken a fork
6909 31 is eating
6909 47 is thinking
6909 47 has taken a fork
6909 47 has taken a fork
6909 47 is eating
6909 49 is thinking
6909 49 has taken a fork
6909 49 has taken a fork
6909 49 is eating
6911 45 is thinking
6911 45 has taken a fork
6911 45 has taken a fork
6911 45 is eating
7000 41 is sleeping
7000 37 is sleeping
7000 29 is sleeping
7000 81 is sleeping
7000 43 is sleeping
7000 3 is sleeping
7001 35 is sleeping
7001 7 is sleeping
7001 27 is sleeping
7001 93 is sleeping
7001 77 is sleeping
7001 15 is sleeping
7001 11 is sleeping
7001 75 is sleeping
7002 53 is sleeping
7002 79 is sleeping
7002 89 is sleeping
7002 69 is sleeping
7002 65 is sleeping
7002 67 is sleeping
7002 73 is sleeping
7002 9 is sleeping
7002 25 is sleeping
7002 95 is sleeping
7003 51 is sleeping
7003 71 is sleeping
7003 21 is sleeping
7003 63 is sleeping
7003 5 is sleeping
7003 19 is sleeping
7003 17 is sleeping
7003 91 is sleeping
7003 13 is sleeping
7003 33 is sleeping
7003 28 is thinking
7003 28 has taken a fork
7003 28 has taken a fork
7003 28 is eating
7003 97 is sleeping
7003 72 is thinking
7003 72 has taken a fork
7003 72 has taken a fork
7003 72 is eating
7003 55 is sleeping
7004 83 is sleeping
7004 68 is thinking
7004 68 has taken a fork
7004 68 has taken a fork
7004 68 is eating
7004 90 is thinking
7004 90 has taken a fork
7004 90 has taken a fork
7004 90 is eating
7005 76 is thinking
7005 76 has taken a fork
7005 76 has taken a fork
7005 76 is eating
7005 78 is thinking
7005 78 has taken a fork
7005 78 has taken a fork
7005 78 is eating
7006 18 is thinking
7006 18 has taken a fork
7006 18 has taken a fork
7006 18 is eating
7006 57 is sleeping
7006 20 is thinking
7006 20 has taken a fork
7006 20 has taken a fork
7006 20 is eating
7006 6 is thinking
7006 6 has taken a fork
7006 6 has taken a fork
7006 6 is eating
7008 99 is sleeping
7008 61 is sleeping
7008 85 is sleeping
7008 23 is sleeping
7009 39 is sleeping
7009 32 is thinking
7009 47 is sleeping
7009 1 is sleeping
7009 48 is thinking
7009 87 is sleeping
7009 32 has taken a fork
7009 32 has taken a fork
7009 32 is eating
7009 38 is thinking
7009 38 has taken a fork
7009 38 has taken a fork
7009 38 is eating
7009 50 is thinking
7009 50 has taken a fork
7009 50 has taken a fork
7009 50 is eating
7009 49 is sleeping
7009 2 is thinking
7009 2 has taken a fork
7009 2 has taken a fork
7009 2 is eating
7009 48 has taken a fork
7009 48 has taken a fork
7009 48 is eating
7009 31 is sleeping
7009 59 is sleeping
7010 16 is thinking
7010 16 has taken a fork
7010 16 has taken a fork
7010 16 is eating
7010 30 is thinking
7010 30 has taken a fork
7010 30 has taken a fork
7010 30 is eating
7011 100 is thinking
7011 100 has taken a fork
7011 100 has taken a fork
7011 100 is eating
7011 26 is thinking
7011 94 is thinking
7011 54 is thinking
7011 54 has taken a fork
7011 54 has taken a fork
7011 54 is eating
7011 94 has taken a fork
7011 94 has taken a fork
7011 94 is eating
7011 52 is thinking
7011 52 has taken a fork
7011 52 has taken a fork
7011 52 is eating
7011 45 is sleeping
7011 64 is thinking
7011 64 has taken a fork
7011 64 has taken a fork
7011 64 is eating
7011 42 is thinking
7011 42 has taken a fork
7011 42 has taken a fork
7011 42 is eating
7011 66 is thinking
7011 66 has taken a fork
7011 66 has taken a fork
7011 66 is eating
7011 56 is thinking
7011 56 has taken a fork
7011 56 has taken a fork
7011 56 is eating
7011 80 is thinking
7011 80 has taken a fork
7011 80 has taken a fork
7011 80 is eating
7011 26 has taken a fork
7011 26 has taken a fork
7011 26 is eating
7011 10 is thinking
7011 10 has taken a fork
7011 10 has taken a fork
7011 10 is eating
7012 34 is thinking
7012 34 has taken a fork
7012 34 has taken a fork
7012 34 is eating
7012 82 is thinking
7012 82 has taken a fork
7012 82 has taken a fork
7012 82 is eating
7012 36 is thinking
7012 36 has taken a fork
7012 36 has taken a fork
7012 36 is eating
7012 44 is thinking
7012 44 has taken a fork
7012 44 has taken a fork
7012 44 is eating
7012 14 is thinking
7012 14 has taken a fork
7012 14 has taken a fork
7012 14 is eating
7013 40 is thinking
7013 40 has taken a fork
7013 40 has taken a fork
7013 40 is eating
7013 62 is thinking
7013 62 has taken a fork
7013 62 has taken a fork
7013 62 is eating
7013 24 is thinking
7013 24 has taken a fork
7013 24 has taken a fork
7013 24 is eating
7013 96 is thinking
7013 96 has taken a fork
7013 96 has taken a fork
7013 96 is eating
7013 58 is thinking
7013 58 has taken a fork
7013 58 has taken a fork
7013 58 is eating
7013 4 is thinking
7013 4 has taken a fork
7013 4 has taken a fork
7013 4 is eating
7014 84 is thinking
7014 84 has taken a fork
7014 84 has taken a fork
7014 84 is eating
7014 60 is thinking
7014 60 has taken a fork
7014 60 has taken a fork
7014 60 is eating
7014 22 is thinking
7014 22 has taken a fork
7014 22 has taken a fork
7014 22 is eating
7014 70 is thinking
7014 70 has taken a fork
7014 70 has taken a fork
7014 70 is eating
7014 46 is thinking
7014 46 has taken a fork
7014 46 has taken a fork
7014 46 is eating
7014 92 is thinking
7014 98 is thinking
7014 98 has taken a fork
7014 98 has taken a fork
7014 98 is eating
7014 86 is thinking
7014 8 is thinking
7014 8 has taken a fork
7014 8 has taken a fork
7014 8 is eating
7014 92 has taken a fork
7014 92 has taken a fork
7014 92 is eating
7014 88 is thinking
7014 88 has taken a fork
7014 88 has taken a fork
7014 88 is eating
7014 86 has taken a fork
7014 86 has taken a fork
7014 86 is eating
7016 74 is thinking
7016 74 has taken a fork
7016 74 has taken a fork
7016 74 is eating
7016 12 is thinking
7016 12 has taken a fork
7016 12 has taken a fork
7016 12 is eating
7103 28 is sleeping
7103 72 is sleeping
7104 90 is sleeping
7104 68 is sleeping
7105 78 is sleeping
7105 76 is sleeping
7106 6 is sleeping
7106 20 is sleeping
7106 18 is sleeping
7109 2 is sleeping
7109 32 is sleeping
7109 50 is sleeping
7109 38 is sleeping
7109 48 is sleeping
7110 16 is sleeping
7110 30 is sleeping
7111 10 is sleeping
7111 64 is sleeping
7111 80 is sleeping
7111 42 is sleeping
7111 94 is sleeping
7111 54 is sleeping
7111 56 is sleeping
7111 66 is sleeping
7111 26 is sleeping
7111 52 is sleeping
7112 36 is sleeping
7112 82 is sleeping
7112 100 is sleeping
7112 14 is sleeping
7112 34 is sleeping
7112 44 is sleeping
7113 62 is sleeping
7113 40 is sleeping
7113 24 is sleeping
7113 4 is sleeping
7113 58 is sleeping
7113 96 is sleeping
7114 98 is sleeping
7114 84 is sleeping
7114 22 is sleeping
7114 88 is sleeping
7114 92 is sleeping
7114 86 is sleeping
7114 70 is sleeping
7114 46 is sleeping
7114 8 is sleeping
7114 60 is sleeping
7116 12 is sleeping
7117 74 is sleeping
7200 37 is thinking
7200 37 has taken a fork
7200 37 has taken a fork
7200 37 is eating
7200 43 is thinking
7200 43 has taken a fork
7200 43 has taken a fork
7200 43 is eating
7200 29 is thinking
7200 29 has taken a fork
7200 29 has taken a fork
7200 29 is eating
7200 3 is thinking
7200 3 has taken a fork
7200 3 has taken a fork
7200 3 is eating
7200 41 is thinking
7200 41 has taken a fork
7200 41 has taken a fork
7200 41 is eating
7200 81 is thinking
7200 81 has taken a fork
7200 81 has taken a fork
7200 81 is eating
7201 7 is thinking
7201 7 has taken a fork
7201 7 has taken a fork
7201 7 is eating
7201 75 is thinking
7201 75 has taken a fork
7201 75 has taken a fork
7201 75 is eating
7201 11 is thinking
7201 11 has taken a fork
7201 11 has taken a fork
7201 11 is eating
7201 35 is thinking
7201 35 has taken a fork
7201 35 has taken a fork
7201 35 is eating
7201 27 is thinking
7201 27 has taken a fork
7201 27 has taken a fork
7201 27 is eating
7201 93 is thinking
7201 93 has taken a fork
7201 93 has taken a fork
7201 93 is eating
7201 77 is thinking
7201 77 has taken a fork
7201 77 has taken a fork
7201 77 is eating
7202 79 is thinking
7202 79 has taken a fork
7202 79 has taken a fork
7202 79 is eating
7202 69 is thinking
7202 69 has taken a fork
7202 69 has taken a fork
7202 69 is eating
7202 53 is thinking
7202 53 has taken a fork
7202 53 has taken a fork
7202 53 is eating
7202 25 is thinking
7202 25 has taken a fork
7202 25 has taken a fork
7202 25 is eating
7202 73 is thinking
7202 67 is thinking
7202 73 has taken a fork
7202 73 has taken a fork
7202 73 is eating
7202 67 has taken a fork
7202 67 has taken a fork
7202 67 is eating
7202 65 is thinking
7202 65 has taken a fork
7202 65 has taken a fork
7202 65 is eating
7202 89 is thinking
7202 89 has taken a fork
7202 89 has taken a fork
7202 89 is eating
7202 9 is thinking
7202 9 has taken a fork
7202 9 has taken a fork
7202 9 is eating
7202 95 is thinking
7202 95 has taken a fork
7202 95 has taken a fork
7202 95 is eating
7202 15 is thinking
7202 15 has taken a fork
7202 15 has taken a fork
7202 15 is eating
7203 17 is thinking
7203 17 has taken a fork
7203 17 has taken a fork
7203 17 is eating
7203 55 is thinking
7203 55 has taken a fork
7203 55 has taken a fork
7203 55 is eating
7203 33 is thinking
7203 33 has taken a fork
7203 33 has taken a fork
7203 33 is eating
7203 91 is thinking
7203 91 has taken a fork
7203 91 has taken a fork
7203 91 is eating
7203 97 is thinking
7203 97 has taken a fork
7203 97 has taken a fork
7203 97 is eating
7203 63 is thinking
7203 63 has taken a fork
7203 63 has taken a fork
7203 63 is eating
7203 19 is thinking
7203 19 has taken a fork
7203 19 has taken a fork
7203 19 is eating
7203 71 is thinking
7203 71 has taken a fork
7203 71 has taken a fork
7203 71 is eating
7203 21 is thinking
7203 51 is thinking
7203 51 has taken a fork
7203 51 has taken a fork
7203 51 is eating
7203 5 is thinking
7203 5 has taken a fork
7203 5 has taken a fork
7203 5 is eating
7203 13 is thinking
7203 13 has taken a fork
7203 13 has taken a fork
7203 13 is eating
7203 21 has taken a fork
7203 21 has taken a fork
7203 21 is eating
7204 83 is thinking
7204 83 has taken a fork
7204 83 has taken a fork
7204 83 is eating
7206 57 is thinking
7206 57 has taken a fork
7206 57 has taken a fork
7206 57 is eating
7208 61 is thinking
7208 61 has taken a fork
7208 61 has taken a fork
7208 61 is eating
7208 85 is thinking
7208 85 has taken a fork
7208 85 has taken a fork
7208 85 is eating
7208 99 is thinking
7208 99 has taken a fork
7208 99 has taken a fork
7208 99 is eating
7208 23 is thinking
7208 23 has taken a fork
7208 23 has taken a fork
7208 23 is eating
7209 49 is thinking
7209 49 has taken a fork
7209 49 has taken a fork
7209 49 is eating
7209 87 is thinking
7209 87 has taken a fork
7209 87 has taken a fork
7209 87 is eating
7209 47 is thinking
7209 47 has taken a fork
7209 47 has taken a fork
7209 47 is eating
7209 1 is thinking
7209 1 has taken a fork
7209 1 has taken a fork
7209 1 is eating
7209 39 is thinking
7209 39 has taken a fork
7209 39 has taken a fork
7209 39 is eating
7209 59 is thinking
7209 59 has taken a fork
7209 59 has taken a fork
7209 59 is eating
7209 31 is thinking
7209 31 has taken a fork
7209 31 has taken a fork
7209 31 is eating
7211 45 is thinking
7211 45 has taken a fork
7211 45 has taken a fork
7211 45 is eating
7300 43 is sleeping
7300 37 is sleeping
7300 3 is sleeping
7300 81 is sleeping
7300 29 is sleeping
7300 41 is sleeping
7301 77 is sleeping
7301 7 is sleeping
7301 93 is sleeping
7301 11 is sleeping
7301 27 is sleeping
7301 75 is sleeping
7301 35 is sleeping
7302 89 is sleeping
7302 25 is sleeping
7302 95 is sleeping
7302 67 is sleeping
7302 53 is sleeping
7302 73 is sleeping
7302 65 is sleeping
7302 15 is sleeping
7302 9 is sleeping
7302 79 is sleeping
7302 69 is sleeping
7303 55 is sleeping
7303 72 is thinking
7303 63 is sleeping
7303 91 is sleeping
7303 28 is thinking
7303 28 has taken a fork
7303 28 has taken a fork
7303 28 is eating
7303 5 is sleeping
7303 21 is sleeping
7303 51 is sleeping
7303 97 is sleeping
7303 33 is sleeping
7303 13 is sleeping
7303 17 is sleeping
7304 83 is sleeping
7304 19 is sleeping
7304 72 has taken a fork
7304 72 has taken a fork
7304 72 is eating
7304 68 is thinking
7304 68 has taken a fork
7304 68 has taken a fork
7304 68 is eating
7304 71 is sleeping
7304 90 is thinking
7304 90 has taken a fork
7304 90 has taken a fork
7304 90 is eating
7305 76 is thinking
7305 76 has taken a fork
7305 76 has taken a fork
7305 76 is eating
7305 78 is thinking
7305 78 has taken a fork
7305 78 has taken a fork
7305 78 is eating
7306 57 is sleeping
7306 20 is thinking
7306 20 has taken a fork
7306 20 has taken a fork
7306 20 is eating
7306 18 is thinking
7306 18 has taken a fork
7306 18 has taken a fork
7306 18 is eating
7306 6 is thinking
7306 6 has taken a fork
7306 6 has taken a fork
7306 6 is eating
7308 99 is sleeping
7308 23 is sleeping
7308 85 is sleeping
7308 61 is sleeping
7309 50 is thinking
7309 39 is sleeping
7309 32 is thinking
7309 2 is thinking
7309 1 is sleeping
7309 31 is sleeping
7309 48 is thinking
7309 32 has taken a fork
7309 32 has taken a fork
7309 32 is eating
7309 49 is sleeping
7309 87 is sleeping
7309 47 is sleeping
7309 50 has taken a fork
7309 50 has taken a fork
7309 50 is eating
7309 2 has taken a fork
7309 2 has taken a fork
7309 2 is eating
7309 38 is thinking
7309 38 has taken a fork
7309 38 has taken a fork
7309 38 is eating
7309 59 is sleeping
7309 48 has taken a fork
7309 48 has taken a fork
7309 48 is eating
7310 16 is thinking
7310 16 has taken a fork
7310 16 has taken a fork
7310 16 is eating
7311 26 is thinking
7311 26 has taken a fork
7311 26 has taken a fork
7311 26 is eating
7311 80 is thinking
7311 80 has taken a fork
7311 80 has taken a fork
7311 80 is eating
7311 52 is thinking
7311 52 has taken a fork
7311 52 has taken a fork
7311 52 is eating
7311 100 is thinking
7311 100 has taken a fork
7311 100 has taken a fork
7311 100 is eating
7311 42 is thinking
7311 42 has taken a fork
7311 42 has taken a fork
7311 42 is eating
7311 64 is thinking
7311 64 has taken a fork
7311 64 has taken a fork
7311 64 is eating
7311 10 is thinking
7311 10 has taken a fork
7311 10 has taken a fork
7311 10 is eating
7311 56 is thinking
7311 56 has taken a fork
7311 56 has taken a fork
7311 56 is eating
7311 94 is thinking
7311 94 has taken a fork
7311 94 has taken a fork
7311 94 is eating
7311 66 is thinking
7311 66 has taken a fork
7311 66 has taken a fork
7311 66 is eating
7311 54 is thinking
7311 54 has taken a fork
7311 54 has taken a fork
7311 54 is eating
7311 30 is thinking
7311 45 is sleeping
7311 30 has taken a fork
7311 30 has taken a fork
7311 30 is eating
7312 36 is thinking
7312 36 has taken a fork
7312 36 has taken a fork
7312 36 is eating
7312 34 is thinking
7312 14 is thinking
7312 14 has taken a fork
7312 14 has taken a fork
7312 14 is eating
7312 44 is thinking
7312 44 has taken a fork
7312 44 has taken a fork
7312 44 is eating
7312 82 is thinking
7312 82 has taken a fork
7312 82 has taken a fork
7312 82 is eating
7312 34 has taken a fork
7312 34 has taken a fork
7312 34 is eating
7313 62 is thinking
7313 62 has taken a fork
7313 62 has taken a fork
7313 62 is eating
7313 24 is thinking
7313 24 has taken a fork
7313 24 has taken a fork
7313 24 is eating
7313 96 is thinking
7313 96 has taken a fork
7313 96 has taken a fork
7313 96 is eating
7313 4 is thinking
7313 4 has taken a fork
7313 4 has taken a fork
7313 4 is eating
7313 58 is thinking
7313 58 has taken a fork
7313 58 has taken a fork
7313 58 is eating
7314 84 is thinking
7314 84 has taken a fork
7314 84 has taken a fork
7314 84 is eating
7314 92 is thinking
7314 92 has taken a fork
7314 92 has taken a fork
7314 92 is eating
7314 8 is thinking
7314 8 has taken a fork
7314 8 has taken a fork
7314 8 is eating
7314 86 is thinking
7314 86 has taken a fork
7314 86 has taken a fork
7314 86 is eating
7314 46 is thinking
7314 46 has taken a fork
7314 46 has taken a fork
7314 46 is eating
7314 98 is thinking
7314 98 has taken a fork
7314 98 has taken a fork
7314 98 is eating
7314 60 is thinking
7314 60 has taken a fork
7314 60 has taken a fork
7314 60 is eating
7314 70 is thinking
7314 70 has taken a fork
7314 70 has taken a fork
7314 70 is eating
7315 22 is thinking
7315 22 has taken a fork
7315 22 has taken a fork
7315 22 is eating
7315 40 is thinking
7315 40 has taken a fork
7315 40 has taken a fork
7315 40 is eating
7315 88 is thinking
7315 88 has taken a fork
7315 88 has taken a fork
7315 88 is eating
7316 74 is thinking
7316 74 has taken a fork
7316 74 has taken a fork
7316 74 is eating
7316 12 is thinking
7316 12 has taken a fork
7316 12 has taken a fork
7316 12 is eating
7404 72 is sleeping
7404 28 is sleeping
7404 68 is sleeping
7404 90 is sleeping
7405 78 is sleeping
7405 76 is sleeping
7406 6 is sleeping
7406 20 is sleeping
7406 18 is sleeping
7409 38 is sleeping
7409 32 is sleeping
7409 50 is sleeping
7409 2 is sleeping
7409 48 is sleeping
7410 16 is sleeping
7411 30 is sleeping
7411 66 is sleeping
7411 52 is sleeping
7411 64 is sleeping
7411 42 is sleeping
7411 80 is sleeping
7411 100 is sleeping
7411 56 is sleeping
7411 54 is sleeping
7411 10 is sleeping
7411 94 is sleeping
7411 26 is sleeping
7412 14 is sleeping
7412 82 is sleeping
7412 34 is sleeping
7412 36 is sleeping
7412 44 is sleeping
7413 96 is sleeping
7413 62 is sleeping
7413 4 is sleeping
7413 24 is sleeping
7413 58 is sleeping
7414 46 is sleeping
7414 70 is sleeping
7414 98 is sleeping
7414 60 is sleeping
7414 92 is sleeping
7414 8 is sleeping
7414 86 is sleeping
7414 84 is sleeping
7415 40 is sleeping
7415 88 is sleeping
7415 22 is sleeping
7416 74 is sleeping
7416 12 is sleeping
7500 3 is thinking
7500 3 has taken a fork
7500 3 has taken a fork
7500 3 is eating
7500 43 is thinking
7500 43 has taken a fork
7500 43 has taken a fork
7500 43 is eating
7500 29 is thinking
7500 29 has taken a fork
7500 29 has taken a fork
7500 29 is eating
7500 81 is thinking
7500 81 has taken a fork
7500 81 has taken a fork
7500 81 is eating
7500 37 is thinking
7500 37 has taken a fork
7500 37 has taken a fork
7500 37 is eating
7500 41 is thinking
7500 41 has taken a fork
7500 41 has taken a fork
7500 41 is eating
7501 75 is thinking
7501 75 has taken a fork
7501 75 has taken a fork
7501 75 is eating
7501 27 is thinking
7501 27 has taken a fork
7501 27 has taken a fork
7501 27 is eating
7501 77 is thinking
7501 77 has taken a fork
7501 77 has taken a fork
7501 77 is eating
7501 7 is thinking
7501 7 has taken a fork
7501 7 has taken a fork
7501 7 is eating
7501 93 is thinking
7501 93 has taken a fork
7501 93 has taken a fork
7501 93 is eating
7501 35 is thinking
7501 35 has taken a fork
7501 35 has taken a fork
7501 35 is eating
7501 11 is thinking
7501 11 has taken a fork
7501 11 has taken a fork
7501 11 is eating
7502 95 is thinking
7502 95 has taken a fork
7502 95 has taken a fork
7502 95 is eating
7502 89 is thinking
7502 89 has taken a fork
7502 89 has taken a fork
7502 89 is eating
7502 65 is thinking
7502 9 is thinking
7502 9 has taken a fork
7502 9 has taken a fork
7502 9 is eating
7502 65 has taken a fork
7502 65 has taken a fork
7502 65 is eating
7502 73 is thinking
7502 73 has taken a fork
7502 73 has taken a fork
7502 73 is eating
7502 69 is thinking
7502 69 has taken a fork
7502 69 has taken a fork
7502 69 is eating
7502 79 is thinking
7502 67 is thinking
7502 67 has taken a fork
7502 67 has taken a fork
7502 67 is eating
7502 79 has taken a fork
7502 79 has taken a fork
7502 79 is eating
7502 15 is thinking
7502 15 has taken a fork
7502 15 has taken a fork
7502 15 is eating
7502 53 is thinking
7502 53 has taken a fork
7502 53 has taken a fork
7502 53 is eating
7502 25 is thinking
7502 25 has taken a fork
7502 25 has taken a fork
7502 25 is eating
7503 21 is thinking
7503 21 has taken a fork
7503 21 has taken a fork
7503 21 is eating
7503 5 is thinking
7503 5 has taken a fork
7503 5 has taken a fork
7503 5 is eating
7503 97 is thinking
7503 97 has taken a fork
7503 97 has taken a fork
7503 97 is eating
7503 63 is thinking
7503 63 has taken a fork
7503 63 has taken a fork
7503 63 is eating
7503 17 is thinking
7503 17 has taken a fork
7503 17 has taken a fork
7503 17 is eating
7503 33 is thinking
7503 33 has taken a fork
7503 33 has taken a fork
7503 33 is eating
7503 91 is thinking
7503 91 has taken a fork
7503 91 has taken a fork
7503 91 is eating
7503 51 is thinking
7503 51 has taken a fork
7503 51 has taken a fork
7503 51 is eating
7503 71 is thinking
7503 71 has taken a fork
7503 71 has taken a fork
7503 71 is eating
7503 13 is thinking
7503 13 has taken a fork
7503 13 has taken a fork
7503 13 is eating
7503 55 is thinking
7503 55 has taken a fork
7503 55 has taken a fork
7503 55 is eating
7503 19 is thinking
7503 19 has taken a fork
7503 19 has taken a fork
7503 19 is eating
7504 83 is thinking
7504 83 has taken a fork
7504 83 has taken a fork
7504 83 is eating
7506 57 is thinking
7506 57 has taken a fork
7506 57 has taken a fork
7506 57 is eating
7508 99 is thinking
7508 99 has taken a fork
7508 99 has taken a fork
7508 99 is eating
7508 85 is thinking
7508 85 has taken a fork
7508 85 has taken a fork
7508 85 is eating
7508 23 is thinking
7508 23 has taken a fork
7508 23 has taken a fork
7508 23 is eating
7508 61 is thinking
7508 61 has taken a fork
7508 61 has taken a fork
7508 61 is eating
7509 39 is thinking
7509 39 has taken a fork
7509 39 has taken a fork
7509 39 is eating
7509 47 is thinking
7509 47 has taken a fork
7509 47 has taken a fork
7509 47 is eating
7509 59 is thinking
7509 59 has taken a fork
7509 59 has taken a fork
7509 59 is eating
7509 31 is thinking
7509 31 has taken a fork
7509 31 has taken a fork
7509 31 is eating
7509 1 is thinking
7509 1 has taken a fork
7509 1 has taken a fork
7509 1 is eating
7509 49 is thinking
7509 49 has taken a fork
7509 49 has taken a fork
7509 49 is eating
7509 87 is thinking
7509 87 has taken a fork
7509 87 has taken a fork
7509 87 is eating
7511 45 is thinking
7511 45 has taken a fork
7511 45 has taken a fork
7511 45 is eating
7600 81 is sleeping
7600 3 is sleeping
7600 29 is sleeping
7600 37 is sleeping
7600 43 is sleeping
7600 41 is sleeping
7601 35 is sleeping
7601 27 is sleeping
7601 75 is sleeping
7601 11 is sleeping
7601 77 is sleeping
7601 7 is sleeping
7601 93 is sleeping
7602 69 is sleeping
7602 25 is sleeping
7602 73 is sleeping
7602 65 is sleeping
7602 15 is sleeping
7602 9 is sleeping
7602 79 is sleeping
7602 89 is sleeping
7602 67 is sleeping
7602 53 is sleeping
7602 95 is sleeping
7603 72 is thinking
7603 13 is sleeping
7603 19 is sleeping
7603 63 is sleeping
7603 28 is thinking
7603 28 has taken a fork
7603 28 has taken a fork
7603 28 is eating
7603 71 is sleeping
7603 5 is sleeping
7603 33 is sleeping
7603 91 is sleeping
7603 21 is sleeping
7603 17 is sleeping
7603 97 is sleeping
7603 55 is sleeping
7603 51 is sleeping
7604 83 is sleeping
7604 68 is thinking
7604 68 has taken a fork
7604 68 has taken a fork
7604 68 is eating
7604 90 is thinking
7604 90 has taken a fork
7604 90 has taken a fork
7604 90 is eating
7605 76 is thinking
7605 76 has taken a fork
7605 76 has taken a fork
7605 76 is eating
7605 78 is thinking
7605 78 has taken a fork
7605 78 has taken a fork
7605 78 is eating
7605 72 has taken a fork
7605 72 has taken a fork
7605 72 is eating
7606 18 is thinking
7606 18 has taken a fork
7606 18 has taken a fork
7606 18 is eating
7606 20 is thinking
7606 20 has taken a fork
7606 20 has taken a fork
7606 20 is eating
7606 6 is thinking
7606 6 has taken a fork
7606 6 has taken a fork
7606 6 is eating
7606 57 is sleeping
7608 99 is sleeping
7608 85 is sleeping
7608 61 is sleeping
7609 39 is sleeping
7609 1 is sleeping
7609 59 is sleeping
7609 31 is sleeping
7609 2 is thinking
7609 2 has taken a fork
7609 2 has taken a fork
7609 2 is eating
7609 32 is thinking
7609 38 is thinking
7609 32 has taken a fork
7609 32 has taken a fork
7609 32 is eating
7609 38 has taken a fork
7609 38 has taken a fork
7609 38 is eating
7609 47 is sleeping
7609 87 is sleeping
7609 48 is thinking
7609 48 has taken a fork
7609 48 has taken a fork
7609 48 is eating
7609 49 is sleeping
7610 16 is thinking
7610 16 has taken a fork
7610 16 has taken a fork
7610 16 is eating
7610 50 is thinking
7610 50 has taken a fork
7610 50 has taken a fork
7610 50 is eating
7610 23 is sleeping
7611 52 is thinking
7611 42 is thinking
7611 42 has taken a fork
7611 42 has taken a fork
7611 42 is eating
7611 94 is thinking
7611 94 has taken a fork
7611 94 has taken a fork
7611 94 is eating
7611 56 is thinking
7611 56 has taken a fork
7611 56 has taken a fork
7611 56 is eating
7611 26 is thinking
7611 26 has taken a fork
7611 26 has taken a fork
7611 26 is eating
7611 80 is thinking
7611 80 has taken a fork
7611 80 has taken a fork
7611 80 is eating
7611 52 has taken a fork
7611 52 has taken a fork
7611 52 is eating
7611 66 is thinking
7611 45 is sleeping
7611 30 is thinking
7611 30 has taken a fork
7611 30 has taken a fork
7611 30 is eating
7611 66 has taken a fork
7611 66 has taken a fork
7611 66 is eating
7611 54 is thinking
7611 54 has taken a fork
7611 54 has taken a fork
7611 54 is eating
7612 44 is thinking
7612 44 has taken a fork
7612 44 has taken a fork
7612 44 is eating
7612 34 is thinking
7612 34 has taken a fork
7612 34 has taken a fork
7612 34 is eating
7612 82 is thinking
7612 82 has taken a fork
7612 82 has taken a fork
7612 82 is eating
7612 14 is thinking
7612 14 has taken a fork
7612 14 has taken a fork
7612 14 is eating
7612 10 is thinking
7612 10 has taken a fork
7612 10 has taken a fork
7612 10 is eating
7613 96 is thinking
7613 96 has taken a fork
7613 96 has taken a fork
7613 96 is eating
7613 24 is thinking
7613 4 is thinking
7613 4 has taken a fork
7613 4 has taken a fork
7613 4 is eating
7613 58 is thinking
7613 58 has taken a fork
7613 58 has taken a fork
7613 58 is eating
7613 24 has taken a fork
7613 24 has taken a fork
7613 24 is eating
7614 92 is thinking
7614 92 has taken a fork
7614 92 has taken a fork
7614 92 is eating
7614 86 is thinking
7614 86 has taken a fork
7614 86 has taken a fork
7614 86 is eating
7614 98 is thinking
7614 98 has taken a fork
7614 98 has taken a fork
7614 98 is eating
7614 70 is thinking
7614 70 has taken a fork
7614 70 has taken a fork
7614 70 is eating
7614 46 is thinking
7614 46 has taken a fork
7614 46 has taken a fork
7614 46 is eating
7615 8 is thinking
7615 8 has taken a fork
7615 8 has taken a fork
7615 8 is eating
7615 60 is thinking
7615 60 has taken a fork
7615 60 has taken a fork
7615 60 is eating
7616 74 is thinking
7616 74 has taken a fork
7616 74 has taken a fork
7616 74 is eating
7616 12 is thinking
7616 12 has taken a fork
7616 12 has taken a fork
7616 12 is eating
7619 88 is thinking
7619 88 has taken a fork
7619 88 has taken a fork
7619 88 is eating
7620 84 is thinking
7620 84 has taken a fork
7620 84 has taken a fork
7620 84 is eating
7620 100 is thinking
7620 100 has taken a fork
7620 100 has taken a fork
7620 100 is eating
7620 62 is thinking
7620 62 has taken a fork
7620 62 has taken a fork
7620 62 is eating
7620 22 is thinking
7620 22 has taken a fork
7620 22 has taken a fork
7620 22 is eating
7620 36 is thinking
7620 36 has taken a fork
7620 36 has taken a fork
7620 36 is eating
7621 40 is thinking
7621 40 has taken a fork
7621 40 has taken a fork
7621 40 is eating
7621 64 is thinking
7621 64 has taken a fork
7621 64 has taken a fork
7621 64 is eating
7703 28 is sleeping
7704 90 is sleeping
7704 68 is sleeping
7705 78 is sleeping
7705 72 is sleeping
7705 76 is sleeping
7706 18 is sleeping
7706 20 is sleeping
7706 6 is sleeping
7709 2 is sleeping
7709 48 is sleeping
7709 38 is sleeping
7709 32 is sleeping
7710 50 is sleeping
7710 16 is sleeping
7711 42 is sleeping
7711 80 is sleeping
7711 66 is sleeping
7711 94 is sleeping
7711 30 is sleeping
7711 26 is sleeping
7711 52 is sleeping
7711 56 is sleeping
7711 54 is sleeping
7712 34 is sleeping
7712 10 is sleeping
7712 14 is sleeping
7712 82 is sleeping
7712 44 is sleeping
7713 58 is sleeping
7713 4 is sleeping
7713 96 is sleeping
7713 24 is sleeping
7714 98 is sleeping
7714 70 is sleeping
7714 86 is sleeping
7714 92 is sleeping
7714 46 is sleeping
7715 8 is sleeping
7715 60 is sleeping
7716 74 is sleeping
7716 12 is sleeping
7719 88 is sleeping
7720 36 is sleeping
7720 62 is sleeping
7720 100 is sleeping
7720 22 is sleeping
7720 84 is sleeping
7721 40 is sleeping
7721 64 is sleeping
7800 37 is thinking
7800 37 has taken a fork
7800 37 has taken a fork
7800 37 is eating
7800 41 is thinking
7800 41 has taken a fork
7800 41 has taken a fork
7800 41 is eating
7800 3 is thinking
7800 3 has taken a fork
7800 3 has taken a fork
7800 3 is eating
7800 43 is thinking
7800 81 is thinking
7800 81 has taken a fork
7800 81 has taken a fork
7800 81 is eating
7800 43 has taken a fork
7800 43 has taken a fork
7800 43 is eating
7800 29 is thinking
7800 29 has taken a fork
7800 29 has taken a fork
7800 29 is eating
7801 7 is thinking
7801 7 has taken a fork
7801 7 has taken a fork
7801 7 is eating
7801 11 is thinking
7801 11 has taken a fork
7801 11 has taken a fork
7801 11 is eating
7801 35 is thinking
7801 35 has taken a fork
7801 35 has taken a fork
7801 35 is eating
7801 27 is thinking
7801 27 has taken a fork
7801 27 has taken a fork
7801 27 is eating
7801 77 is thinking
7801 77 has taken a fork
7801 77 has taken a fork
7801 77 is eating
7801 93 is thinking
7801 93 has taken a fork
7801 93 has taken a fork
7801 93 is eating
7801 75 is thinking
7801 75 has taken a fork
7801 75 has taken a fork
7801 75 is eating
7802 69 is thinking
7802 69 has taken a fork
7802 69 has taken a fork
7802 69 is eating
7802 9 is thinking
7802 9 has taken a fork
7802 9 has taken a fork
7802 9 is eating
7802 53 is thinking
7802 53 has taken a fork
7802 53 has taken a fork
7802 53 is eating
7802 73 is thinking
7802 73 has taken a fork
7802 73 has taken a fork
7802 73 is eating
7802 67 is thinking
7802 67 has taken a fork
7802 67 has taken a fork
7802 67 is eating
7802 25 is thinking
7802 65 is thinking
7802 95 is thinking
7802 95 has taken a fork
7802 95 has taken a fork
7802 95 is eating
7802 25 has taken a fork
7802 25 has taken a fork
7802 25 is eating
7802 15 is thinking
7802 15 has taken a fork
7802 15 has taken a fork
7802 15 is eating
7802 65 has taken a fork
7802 65 has taken a fork
7802 65 is eating
7802 89 is thinking
7802 89 has taken a fork
7802 89 has taken a fork
7802 89 is eating
7802 79 is thinking
7802 79 has taken a fork
7802 79 has taken a fork
7802 79 is eating
7803 55 is thinking
7803 55 has taken a fork
7803 55 has taken a fork
7803 55 is eating
7803 13 is thinking
7803 13 has taken a fork
7803 13 has taken a fork
7803 13 is eating
7803 33 is thinking
7803 63 is thinking
7803 19 is thinking
7803 19 has taken a fork
7803 19 has taken a fork
7803 19 is eating
7803 91 is thinking
7803 91 has taken a fork
7803 91 has taken a fork
7803 91 is eating
7803 33 has taken a fork
7803 33 has taken a fork
7803 33 is eating
7803 5 is thinking
7803 5 has taken a fork
7803 5 has taken a fork
7803 5 is eating
7803 17 is thinking
7803 51 is thinking
7803 51 has taken a fork
7803 51 has taken a fork
7803 51 is eating
7803 71 is thinking
7803 71 has taken a fork
7803 71 has taken a fork
7803 71 is eating
7803 21 is thinking
7803 21 has taken a fork
7803 21 has taken a fork
7803 21 is eating
7803 17 has taken a fork
7803 17 has taken a fork
7803 17 is eating
7803 97 is thinking
7803 97 has taken a fork
7803 97 has taken a fork
7803 97 is eating
7803 63 has taken a fork
7803 63 has taken a fork
7803 63 is eating
7804 83 is thinking
7804 83 has taken a fork
7804 83 has taken a fork
7804 83 is eating
7806 57 is thinking
7806 57 has taken a fork
7806 57 has taken a fork
7806 57 is eating
7808 23 is thinking
7808 23 has taken a fork
7808 23 has taken a fork
7808 23 is eating
7808 99 is thinking
7808 99 has taken a fork
7808 99 has taken a fork
7808 99 is eating
7808 61 is thinking
7808 61 has taken a fork
7808 61 has taken a fork
7808 61 is eating
7808 85 is thinking
7808 85 has taken a fork
7808 85 has taken a fork
7808 85 is eating
7809 87 is thinking
7809 87 has taken a fork
7809 87 has taken a fork
7809 87 is eating
7809 47 is thinking
7809 47 has taken a fork
7809 47 has taken a fork
7809 47 is eating
7809 49 is thinking
7809 49 has taken a fork
7809 49 has taken a fork
7809 49 is eating
7809 31 is thinking
7809 39 is thinking
7809 39 has taken a fork
7809 39 has taken a fork
7809 39 is eating
7809 59 is thinking
7809 59 has taken a fork
7809 59 has taken a fork
7809 59 is eating
7809 31 has taken a fork
7809 31 has taken a fork
7809 31 is eating
7809 1 is thinking
7809 1 has taken a fork
7809 1 has taken a fork
7809 1 is eating
7811 45 is thinking
7811 45 has taken a fork
7811 45 has taken a fork
7811 45 is eating
7900 43 is sleeping
7900 81 is sleeping
7900 29 is sleeping
7900 37 is sleeping
7900 41 is sleeping
7900 3 is sleeping
7901 11 is sleeping
7901 35 is sleeping
7901 27 is sleeping
7901 75 is sleeping
7901 93 is sleeping
7901 77 is sleeping
7901 7 is sleeping
7902 79 is sleeping
7902 69 is sleeping
7902 53 is sleeping
7902 25 is sleeping
7902 9 is sleeping
7902 67 is sleeping
7902 15 is sleeping
7902 73 is sleeping
7902 65 is sleeping
7902 89 is sleeping
7903 91 is sleeping
7903 51 is sleeping
7903 21 is sleeping
7903 63 is sleeping
7903 97 is sleeping
7903 71 is sleeping
7903 17 is sleeping
7903 55 is sleeping
7903 19 is sleeping
7903 28 is thinking
7903 28 has taken a fork
7903 28 has taken a fork
7903 28 is eating
7903 95 is sleeping
7903 5 is sleeping
7903 13 is sleeping
7904 68 is thinking
7904 68 has taken a fork
7904 68 has taken a fork
7904 68 is eating
7904 83 is sleeping
7904 90 is thinking
7904 90 has taken a fork
7904 90 has taken a fork
7904 90 is eating
7905 78 is thinking
7905 78 has taken a fork
7905 78 has taken a fork
7905 78 is eating
7905 76 is thinking
7905 76 has taken a fork
7905 76 has taken a fork
7905 76 is eating
7905 72 is thinking
7905 72 has taken a fork
7905 72 has taken a fork
7905 72 is eating
7906 57 is sleeping
7906 6 is thinking
7906 6 has taken a fork
7906 6 has taken a fork
7906 6 is eating
7906 20 is thinking
7906 20 has taken a fork
7906 20 has taken a fork
7906 20 is eating
7906 18 is thinking
7906 18 has taken a fork
7906 18 has taken a fork
7906 18 is eating
7906 33 is sleeping
7908 85 is sleeping
7908 61 is sleeping
7908 99 is sleeping
7909 49 is sleeping
7909 2 is thinking
7909 2 has taken a fork
7909 2 has taken a fork
7909 2 is eating
7909 47 is sleeping
7909 31 is sleeping
7909 87 is sleeping
7909 39 is sleeping
7909 48 is thinking
7909 48 has taken a fork
7909 48 has taken a fork
7909 48 is eating
7909 1 is sleeping
7909 32 is thinking
7909 38 is thinking
7909 38 has taken a fork
7909 38 has taken a fork
7909 38 is eating
7909 59 is sleeping
7909 32 has taken a fork
7909 32 has taken a fork
7909 32 is eating
7909 23 is sleeping
7910 16 is thinking
7910 16 has taken a fork
7910 16 has taken a fork
7910 16 is eating
7910 50 is thinking
7910 50 has taken a fork
7910 50 has taken a fork
7910 50 is eating
7911 94 is thinking
7911 94 has taken a fork
7911 94 has taken a fork
7911 94 is eating
7911 52 is thinking
7911 52 has taken a fork
7911 52 has taken a fork
7911 52 is eating
7911 26 is thinking
7911 26 has taken a fork
7911 26 has taken a fork
7911 26 is eating
7911 54 is thinking
7911 54 has taken a fork
7911 54 has taken a fork
7911 54 is eating
7911 80 is thinking
7911 80 has taken a fork
7911 80 has taken a fork
7911 80 is eating
7911 45 is sleeping
7911 56 is thinking
7911 56 has taken a fork
7911 56 has taken a fork
7911 56 is eating
7911 30 is thinking
7911 30 has taken a fork
7911 30 has taken a fork
7911 30 is eating
7911 66 is thinking
7911 66 has taken a fork
7911 66 has taken a fork
7911 66 is eating
7911 42 is thinking
7911 42 has taken a fork
7911 42 has taken a fork
7911 42 is eating
7912 14 is thinking
7912 44 is thinking
7912 44 has taken a fork
7912 44 has taken a fork
7912 44 is eating
7912 82 is thinking
7912 82 has taken a fork
7912 82 has taken a fork
7912 82 is eating
7912 14 has taken a fork
7912 14 has taken a fork
7912 14 is eating
7912 34 is thinking
7912 34 has taken a fork
7912 34 has taken a fork
7912 34 is eating
7912 10 is thinking
7912 10 has taken a fork
7912 10 has taken a fork
7912 10 is eating
7913 24 is thinking
7913 96 is thinking
7913 4 is thinking
7913 4 has taken a fork
7913 4 has taken a fork
7913 4 is eating
7913 96 has taken a fork
7913 96 has taken a fork
7913 96 is eating
7913 24 has taken a fork
7913 24 has taken a fork
7913 24 is eating
7913 58 is thinking
7913 58 has taken a fork
7913 58 has taken a fork
7913 58 is eating
7914 46 is thinking
7914 46 has taken a fork
7914 46 has taken a fork
7914 46 is eating
7914 98 is thinking
7914 98 has taken a fork
7914 98 has taken a fork
7914 98 is eating
7914 92 is thinking
7914 86 is thinking
7914 86 has taken a fork
7914 86 has taken a fork
7914 86 is eating
7914 92 has taken a fork
7914 92 has taken a fork
7914 92 is eating
7914 70 is thinking
7914 70 has taken a fork
7914 70 has taken a fork
7914 70 is eating
7915 60 is thinking
7915 60 has taken a fork
7915 60 has taken a fork
7915 60 is eating
7915 8 is thinking
7915 8 has taken a fork
7915 8 has taken a fork
7915 8 is eating
7916 12 is thinking
7916 12 has taken a fork
7916 12 has taken a fork
7916 12 is eating
7916 74 is thinking
7916 74 has taken a fork
7916 74 has taken a fork
7916 74 is eating
7920 22 is thinking
7920 22 has taken a fork
7920 22 has taken a fork
7920 22 is eating
7920 62 is thinking
7920 62 has taken a fork
7920 62 has taken a fork
7920 62 is eating
7920 84 is thinking
7920 84 has taken a fork
7920 84 has taken a fork
7920 84 is eating
7920 88 is thinking
7920 88 has taken a fork
7920 88 has taken a fork
7920 88 is eating
7920 100 is thinking
7920 100 has taken a fork
7920 100 has taken a fork
7920 100 is eating
7920 36 is thinking
7920 36 has taken a fork
7920 36 has taken a fork
7920 36 is eating
7921 40 is thinking
7921 40 has taken a fork
7921 40 has taken a fork
7921 40 is eating
7921 64 is thinking
7921 64 has taken a fork
7921 64 has taken a fork
7921 64 is eating
8003 28 is sleeping
8004 90 is sleeping
8004 68 is sleeping
8005 76 is sleeping
8005 78 is sleeping
8005 72 is sleeping
8006 20 is sleeping
8006 6 is sleeping
8006 18 is sleeping
8009 48 is sleeping
8009 32 is sleeping
8009 38 is sleeping
8009 2 is sleeping
8010 50 is sleeping
8010 16 is sleeping
8011 56 is sleeping
8011 54 is sleeping
8011 66 is sleeping
8011 26 is sleeping
8011 42 is sleeping
8011 94 is sleeping
8011 52 is sleeping
8011 80 is sleeping
8011 30 is sleeping
8012 10 is sleeping
8012 34 is sleeping
8012 82 is sleeping
8012 44 is sleeping
8012 14 is sleeping
8013 4 is sleeping
8013 58 is sleeping
8013 96 is sleeping
8013 24 is sleeping
8014 92 is sleeping
8014 70 is sleeping
8014 46 is sleeping
8014 86 is sleeping
8014 98 is sleeping
8015 8 is sleeping
8015 60 is sleeping
8016 12 is sleeping
8016 74 is sleeping
8020 36 is sleeping
8020 88 is sleeping
8020 62 is sleeping
8020 100 is sleeping
8020 84 is sleeping
8020 22 is sleeping
8021 64 is sleeping
8021 40 is sleeping
8100 43 is thinking
8100 43 has taken a fork
8100 43 has taken a fork
8100 43 is eating
8100 81 is thinking
8100 81 has taken a fork
8100 81 has taken a fork
8100 81 is eating
8100 41 is thinking
8100 41 has taken a fork
8100 41 has taken a fork
8100 41 is eating
8100 37 is thinking
8100 37 has taken a fork
8100 37 has taken a fork
8100 37 is eating
8100 29 is thinking
8100 29 has taken a fork
8100 29 has taken a fork
8100 29 is eating
8101 7 is thinking
8101 7 has taken a fork
8101 7 has taken a fork
8101 7 is eating
8101 75 is thinking
8101 75 has taken a fork
8101 75 has taken a fork
8101 75 is eating
8101 77 is thinking
8101 77 has taken a fork
8101 77 has taken a fork
8101 77 is eating
8101 93 is thinking
8101 93 has taken a fork
8101 93 has taken a fork
8101 93 is eating
8101 27 is thinking
8101 27 has taken a fork
8101 27 has taken a fork
8101 27 is eating
8101 11 is thinking
8101 11 has taken a fork
8101 11 has taken a fork
8101 11 is eating
8101 35 is thinking
8101 35 has taken a fork
8101 35 has taken a fork
8101 35 is eating
8101 3 is thinking
8101 3 has taken a fork
8101 3 has taken a fork
8101 3 is eating
8102 15 is thinking
8102 15 has taken a fork
8102 15 has taken a fork
8102 15 is eating
8102 89 is thinking
8102 65 is thinking
8102 65 has taken a fork
8102 65 has taken a fork
8102 65 is eating
8102 79 is thinking
8102 79 has taken a fork
8102 79 has taken a fork
8102 79 is eating
8102 67 is thinking
8102 67 has taken a fork
8102 67 has taken a fork
8102 67 is eating
8102 69 is thinking
8102 73 is thinking
8102 9 is thinking
8102 9 has taken a fork
8102 9 has taken a fork
8102 9 is eating
8102 95 is thinking
8102 95 has taken a fork
8102 95 has taken a fork
8102 95 is eating
8102 25 is thinking
8102 25 has taken a fork
8102 25 has taken a fork
8102 25 is eating
8102 69 has taken a fork
8102 69 has taken a fork
8102 69 is eating
8102 89 has taken a fork
8102 89 has taken a fork
8102 89 is eating
8102 73 has taken a fork
8102 73 has taken a fork
8102 73 is eating
8102 53 is thinking
8102 53 has taken a fork
8102 53 has taken a fork
8102 53 is eating
8103 21 is thinking
8103 21 has taken a fork
8103 21 has taken a fork
8103 21 is eating
8103 63 is thinking
8103 63 has taken a fork
8103 63 has taken a fork
8103 63 is eating
8103 55 is thinking
8103 55 has taken a fork
8103 55 has taken a fork
8103 55 is eating
8103 51 is thinking
8103 51 has taken a fork
8103 51 has taken a fork
8103 51 is eating
8103 13 is thinking
8103 71 is thinking
8103 71 has taken a fork
8103 71 has taken a fork
8103 71 is eating
8103 13 has taken a fork
8103 13 has taken a fork
8103 13 is eating
8103 91 is thinking
8103 91 has taken a fork
8103 91 has taken a fork
8103 91 is eating
8103 17 is thinking
8103 17 has taken a fork
8103 17 has taken a fork
8103 17 is eating
8103 19 is thinking
8103 19 has taken a fork
8103 19 has taken a fork
8103 19 is eating
8103 5 is thinking
8103 5 has taken a fork
8103 5 has taken a fork
8103 5 is eating
8103 97 is thinking
8103 97 has taken a fork
8103 97 has taken a fork
8103 97 is eating
8104 83 is thinking
8104 83 has taken a fork
8104 83 has taken a fork
8104 83 is eating
8106 57 is thinking
8106 57 has taken a fork
8106 57 has taken a fork
8106 57 is eating
8108 61 is thinking
8108 61 has taken a fork
8108 61 has taken a fork
8108 61 is eating
8108 85 is thinking
8108 85 has taken a fork
8108 85 has taken a fork
8108 85 is eating
8109 47 is thinking
8109 47 has taken a fork
8109 47 has taken a fork
8109 47 is eating
8109 87 is thinking
8109 87 has taken a fork
8109 87 has taken a fork
8109 87 is eating
8109 31 is thinking
8109 49 is thinking
8109 49 has taken a fork
8109 49 has taken a fork
8109 49 is eating
8109 1 is thinking
8109 1 has taken a fork
8109 1 has taken a fork
8109 1 is eating
8109 59 is thinking
8109 59 has taken a fork
8109 59 has taken a fork
8109 59 is eating
8109 31 has taken a fork
8109 31 has taken a fork
8109 31 is eating
8109 39 is thinking
8109 39 has taken a fork
8109 39 has taken a fork
8109 39 is eating
8110 23 is thinking
8110 23 has taken a fork
8110 23 has taken a fork
8110 23 is eating
8111 45 is thinking
8111 45 has taken a fork
8111 45 has taken a fork
8111 45 is eating
8111 33 is thinking
8111 33 has taken a fork
8111 33 has taken a fork
8111 33 is eating
8111 99 is thinking
8111 99 has taken a fork
8111 99 has taken a fork
8111 99 is eating
8200 29 is sleeping
8200 81 is sleeping
8200 41 is sleeping
8200 43 is sleeping
8200 37 is sleeping
8201 93 is sleeping
8201 35 is sleeping
8201 7 is sleeping
8201 27 is sleeping
8201 77 is sleeping
8201 11 is sleeping
8201 75 is sleeping
8202 95 is sleeping
8202 79 is sleeping
8202 73 is sleeping
8202 69 is sleeping
8202 65 is sleeping
8202 9 is sleeping
8202 25 is sleeping
8202 89 is sleeping
8202 67 is sleeping
8202 53 is sleeping
8202 15 is sleeping
8202 3 is sleeping
8203 19 is sleeping
8203 28 is thinking
8203 28 has taken a fork
8203 28 has taken a fork
8203 28 is eating
8203 5 is sleeping
8203 55 is sleeping
8203 21 is sleeping
8203 91 is sleeping
8203 71 is sleeping
8203 63 is sleeping
8203 17 is sleeping
8203 97 is sleeping
8203 51 is sleeping
8203 13 is sleeping
8204 90 is thinking
8204 90 has taken a fork
8204 90 has taken a fork
8204 90 is eating
8204 68 is thinking
8204 68 has taken a fork
8204 68 has taken a fork
8204 68 is eating
8204 83 is sleeping
8205 78 is thinking
8205 78 has taken a fork
8205 78 has taken a fork
8205 78 is eating
8205 72 is thinking
8205 72 has taken a fork
8205 72 has taken a fork
8205 72 is eating
8205 76 is thinking
8205 76 has taken a fork
8205 76 has taken a fork
8205 76 is eating
8206 18 is thinking
8206 18 has taken a fork
8206 18 has taken a fork
8206 18 is eating
8206 6 is thinking
8206 6 has taken a fork
8206 6 has taken a fork
8206 6 is eating
8206 20 is thinking
8206 20 has taken a fork
8206 20 has taken a fork
8206 20 is eating
8206 57 is sleeping
8208 61 is sleeping
8208 85 is sleeping
8209 32 is thinking
8209 31 is sleeping
8209 48 is thinking
8209 59 is sleeping
8209 87 is sleeping
8209 38 is thinking
8209 39 is sleeping
8209 47 is sleeping
8209 38 has taken a fork
8209 38 has taken a fork
8209 38 is eating
8209 1 is sleeping
8209 2 is thinking
8209 2 has taken a fork
8209 2 has taken a fork
8209 2 is eating
8209 49 is sleeping
8209 48 has taken a fork
8209 48 has taken a fork
8209 48 is eating
8210 23 is sleeping
8210 50 is thinking
8210 50 has taken a fork
8210 50 has taken a fork
8210 50 is eating
8210 16 is thinking
8210 16 has taken a fork
8210 16 has taken a fork
8210 16 is eating
8211 33 is sleeping
8211 32 has taken a fork
8211 32 has taken a fork
8211 32 is eating
8211 30 is thinking
8211 30 has taken a fork
8211 30 has taken a fork
8211 30 is eating
8211 99 is sleeping
8211 45 is sleeping
8211 52 is thinking
8211 52 has taken a fork
8211 52 has taken a fork
8211 52 is eating
8211 94 is thinking
8211 94 has taken a fork
8211 94 has taken a fork
8211 94 is eating
8211 54 is thinking
8211 54 has taken a fork
8211 54 has taken a fork
8211 54 is eating
8211 42 is thinking
8211 42 has taken a fork
8211 42 has taken a fork
8211 42 is eating
8211 66 is thinking
8211 26 is thinking
8211 26 has taken a fork
8211 26 has taken a fork
8211 26 is eating
8211 56 is thinking
8211 56 has taken a fork
8211 56 has taken a fork
8211 56 is eating
8211 66 has taken a fork
8211 66 has taken a fork
8211 66 is eating
8212 34 is thinking
8212 34 has taken a fork
8212 34 has taken a fork
8212 34 is eating
8212 14 is thinking
8212 14 has taken a fork
8212 14 has taken a fork
8212 14 is eating
8212 10 is thinking
8212 10 has taken a fork
8212 10 has taken a fork
8212 10 is eating
8212 82 is thinking
8212 82 has taken a fork
8212 82 has taken a fork
8212 82 is eating
8212 80 is thinking
8212 80 has taken a fork
8212 80 has taken a fork
8212 80 is eating
8212 44 is thinking
8212 44 has taken a fork
8212 44 has taken a fork
8212 44 is eating
8213 4 is thinking
8213 4 has taken a fork
8213 4 has taken a fork
8213 4 is eating
8213 96 is thinking
8213 96 has taken a fork
8213 96 has taken a fork
8213 96 is eating
8213 24 is thinking
8213 24 has taken a fork
8213 24 has taken a fork
8213 24 is eating
8213 58 is thinking
8213 58 has taken a fork
8213 58 has taken a fork
8213 58 is eating
8214 70 is thinking
8214 70 has taken a fork
8214 70 has taken a fork
8214 70 is eating
8214 46 is thinking
8214 46 has taken a fork
8214 46 has taken a fork
8214 46 is eating
8214 86 is thinking
8214 86 has taken a fork
8214 86 has taken a fork
8214 86 is eating
8214 98 is thinking
8214 98 has taken a fork
8214 98 has taken a fork
8214 98 is eating
8214 92 is thinking
8214 92 has taken a fork
8214 92 has taken a fork
8214 92 is eating
8215 8 is thinking
8215 8 has taken a fork
8215 8 has taken a fork
8215 8 is eating
8215 60 is thinking
8215 60 has taken a fork
8215 60 has taken a fork
8215 60 is eating
8216 74 is thinking
8216 74 has taken a fork
8216 74 has taken a fork
8216 74 is eating
8216 12 is thinking
8216 12 has taken a fork
8216 12 has taken a fork
8216 12 is eating
8220 62 is thinking
8220 62 has taken a fork
8220 62 has taken a fork
8220 62 is eating
8220 84 is thinking
8220 84 has taken a fork
8220 84 has taken a fork
8220 84 is eating
8220 100 is thinking
8220 100 has taken a fork
8220 100 has taken a fork
8220 100 is eating
8220 36 is thinking
8220 36 has taken a fork
8220 36 has taken a fork
8220 36 is eating
8220 88 is thinking
8220 88 has taken a fork
8220 88 has taken a fork
8220 88 is eating
8220 22 is thinking
8220 22 has taken a fork
8220 22 has taken a fork
8220 22 is eating
8221 64 is thinking
8221 64 has taken a fork
8221 64 has taken a fork
8221 64 is eating
8221 40 is thinking
8221 40 has taken a fork
8221 40 has taken a fork
8221 40 is eating
8303 28 is sleeping
8304 90 is sleeping
8304 68 is sleeping
8305 76 is sleeping
8305 72 is sleeping
8305 78 is sleeping
8306 20 is sleeping
8306 18 is sleeping
8306 6 is sleeping
8309 38 is sleeping
8309 48 is sleeping
8309 2 is sleeping
8310 50 is sleeping
8310 16 is sleeping
8311 32 is sleeping
8311 30 is sleeping
8311 66 is sleeping
8311 94 is sleeping
8311 42 is sleeping
8311 56 is sleeping
8311 52 is sleeping
8311 54 is sleeping
8311 26 is sleeping
8312 80 is sleeping
8312 34 is sleeping
8312 10 is sleeping
8312 82 is sleeping
8312 14 is sleeping
8312 44 is sleeping
8313 24 is sleeping
8313 4 is sleeping
8313 96 is sleeping
8313 58 is sleeping
8314 98 is sleeping
8314 86 is sleeping
8314 92 is sleeping
8314 70 is sleeping
8314 46 is sleeping
8315 60 is sleeping
8315 8 is sleeping
8316 12 is sleeping
8316 74 is sleeping
8320 62 is sleeping
8320 84 is sleeping
8320 22 is sleeping
8320 100 is sleeping
8320 88 is sleeping
8320 36 is sleeping
8321 40 is sleeping
8321 64 is sleeping
8400 41 is thinking
8400 41 has taken a fork
8400 41 has taken a fork
8400 41 is eating
8400 81 is thinking
8400 81 has taken a fork
8400 81 has taken a fork
8400 81 is eating
8400 43 is thinking
8400 43 has taken a fork
8400 43 has taken a fork
8400 43 is eating
8400 29 is thinking
8400 29 has taken a fork
8400 29 has taken a fork
8400 29 is eating
8401 7 is thinking
8401 7 has taken a fork
8401 7 has taken a fork
8401 7 is eating
8401 27 is thinking
8401 27 has taken a fork
8401 27 has taken a fork
8401 27 is eating
8401 75 is thinking
8401 3 is thinking
8401 3 has taken a fork
8401 3 has taken a fork
8401 3 is eating
8401 75 has taken a fork
8401 75 has taken a fork
8401 75 is eating
8401 77 is thinking
8401 77 has taken a fork
8401 77 has taken a fork
8401 77 is eating
8402 53 is thinking
8402 53 has taken a fork
8402 53 has taken a fork
8402 53 is eating
8402 89 is thinking
8402 89 has taken a fork
8402 89 has taken a fork
8402 89 is eating
8402 15 is thinking
8402 15 has taken a fork
8402 15 has taken a fork
8402 15 is eating
8402 69 is thinking
8402 69 has taken a fork
8402 69 has taken a fork
8402 69 is eating
8402 95 is thinking
8402 95 has taken a fork
8402 95 has taken a fork
8402 95 is eating
8402 79 is thinking
8402 79 has taken a fork
8402 79 has taken a fork
8402 79 is eating
8402 9 is thinking
8402 9 has taken a fork
8402 9 has taken a fork
8402 9 is eating
8402 73 is thinking
8402 73 has taken a fork
8402 73 has taken a fork
8402 73 is eating
8402 93 is thinking
8402 93 has taken a fork
8402 93 has taken a fork
8402 93 is eating
8403 55 is thinking
8403 55 has taken a fork
8403 55 has taken a fork
8403 55 is eating
8403 97 is thinking
8403 97 has taken a fork
8403 97 has taken a fork
8403 97 is eating
8403 21 is thinking
8403 21 has taken a fork
8403 21 has taken a fork
8403 21 is eating
8403 63 is thinking
8403 63 has taken a fork
8403 63 has taken a fork
8403 63 is eating
8403 71 is thinking
8403 71 has taken a fork
8403 71 has taken a fork
8403 71 is eating
8403 17 is thinking
8403 17 has taken a fork
8403 17 has taken a fork
8403 17 is eating
8403 51 is thinking
8403 51 has taken a fork
8403 51 has taken a fork
8403 51 is eating
8403 13 is thinking
8403 13 has taken a fork
8403 13 has taken a fork
8403 13 is eating
8403 11 is thinking
8403 19 is thinking
8403 19 has taken a fork
8403 19 has taken a fork
8403 19 is eating
8403 91 is thinking
8403 91 has taken a fork
8403 91 has taken a fork
8403 91 is eating
8403 25 is thinking
8403 25 has taken a fork
8403 25 has taken a fork
8403 25 is eating
8403 11 has taken a fork
8403 11 has taken a fork
8403 11 is eating
8404 5 is thinking
8404 5 has taken a fork
8404 5 has taken a fork
8404 5 is eating
8406 57 is thinking
8406 57 has taken a fork
8406 57 has taken a fork
8406 57 is eating
8406 65 is thinking
8406 65 has taken a fork
8406 65 has taken a fork
8406 65 is eating
8406 83 is thinking
8406 83 has taken a fork
8406 83 has taken a fork
8406 83 is eating
8406 67 is thinking
8406 35 is thinking
8406 35 has taken a fork
8406 35 has taken a fork
8406 35 is eating
8406 37 is thinking
8406 37 has taken a fork
8406 37 has taken a fork
8406 37 is eating
8406 67 has taken a fork
8406 67 has taken a fork
8406 67 is eating
8408 85 is thinking
8408 85 has taken a fork
8408 85 has taken a fork
8408 85 is eating
8408 61 is thinking
8408 61 has taken a fork
8408 61 has taken a fork
8408 61 is eating
8409 31 is thinking
8409 31 has taken a fork
8409 31 has taken a fork
8409 31 is eating
8409 39 is thinking
8409 39 has taken a fork
8409 39 has taken a fork
8409 39 is eating
8409 47 is thinking
8409 47 has taken a fork
8409 47 has taken a fork
8409 47 is eating
8409 49 is thinking
8409 49 has taken a fork
8409 49 has taken a fork
8409 49 is eating
8409 87 is thinking
8409 87 has taken a fork
8409 87 has taken a fork
8409 87 is eating
8409 1 is thinking
8409 1 has taken a fork
8409 1 has taken a fork
8409 1 is eating
8409 59 is thinking
8409 59 has taken a fork
8409 59 has taken a fork
8409 59 is eating
8410 23 is thinking
8410 23 has taken a fork
8410 23 has taken a fork
8410 23 is eating
8411 33 is thinking
8411 33 has taken a fork
8411 33 has taken a fork
8411 33 is eating
8411 99 is thinking
8411 99 has taken a fork
8411 99 has taken a fork
8411 99 is eating
8411 45 is thinking
8411 45 has taken a fork
8411 45 has taken a fork
8411 45 is eating
8500 43 is sleeping
8500 29 is sleeping
8500 81 is sleeping
8500 41 is sleeping
8501 75 is sleeping
8501 77 is sleeping
8501 7 is sleeping
8501 27 is sleeping
8501 3 is sleeping
8502 79 is sleeping
8502 73 is sleeping
8502 9 is sleeping
8502 95 is sleeping
8502 93 is sleeping
8502 69 is sleeping
8502 53 is sleeping
8502 89 is sleeping
8502 15 is sleeping
8503 11 is sleeping
8503 19 is sleeping
8503 71 is sleeping
8503 25 is sleeping
8503 97 is sleeping
8503 63 is sleeping
8503 17 is sleeping
8503 51 is sleeping
8503 21 is sleeping
8503 28 is thinking
8503 28 has taken a fork
8503 28 has taken a fork
8503 28 is eating
8503 91 is sleeping
8503 55 is sleeping
8503 13 is sleeping
8504 90 is thinking
8504 90 has taken a fork
8504 90 has taken a fork
8504 90 is eating
8504 5 is sleeping
8504 68 is thinking
8505 76 is thinking
8505 76 has taken a fork
8505 76 has taken a fork
8505 76 is eating
8505 72 is thinking
8505 72 has taken a fork
8505 72 has taken a fork
8505 72 is eating
8505 78 is thinking
8505 78 has taken a fork
8505 78 has taken a fork
8505 78 is eating
8506 35 is sleeping
8506 65 is sleeping
8506 18 is thinking
8506 18 has taken a fork
8506 18 has taken a fork
8506 18 is eating
8506 83 is sleeping
8506 37 is sleeping
8506 67 is sleeping
8506 68 has taken a fork
8506 68 has taken a fork
8506 68 is eating
8506 6 is thinking
8506 6 has taken a fork
8506 6 has taken a fork
8506 6 is eating
8506 20 is thinking
8506 20 has taken a fork
8506 20 has taken a fork
8506 20 is eating
8506 57 is sleeping
8508 85 is sleeping
8508 61 is sleeping
8509 87 is sleeping
8509 31 is sleeping
8509 59 is sleeping
8509 1 is sleeping
8509 2 is thinking
8509 2 has taken a fork
8509 2 has taken a fork
8509 2 is eating
8509 49 is sleeping
8509 39 is sleeping
8509 47 is sleeping
8509 48 is thinking
8509 48 has taken a fork
8509 48 has taken a fork
8509 48 is eating
8509 38 is thinking
8509 38 has taken a fork
8509 38 has taken a fork
8509 38 is eating
8510 50 is thinking
8510 50 has taken a fork
8510 50 has taken a fork
8510 50 is eating
8510 16 is thinking
8510 16 has taken a fork
8510 16 has taken a fork
8510 16 is eating
8510 23 is sleeping
8511 66 is thinking
8511 66 has taken a fork
8511 66 has taken a fork
8511 66 is eating
8511 94 is thinking
8511 94 has taken a fork
8511 94 has taken a fork
8511 94 is eating
8511 54 is thinking
8511 30 is thinking
8511 30 has taken a fork
8511 30 has taken a fork
8511 30 is eating
8511 45 is sleeping
8511 52 is thinking
8511 56 is thinking
8511 32 is thinking
8511 32 has taken a fork
8511 32 has taken a fork
8511 32 is eating
8511 26 is thinking
8511 52 has taken a fork
8511 52 has taken a fork
8511 52 is eating
8511 33 is sleeping
8511 56 has taken a fork
8511 56 has taken a fork
8511 56 is eating
8511 54 has taken a fork
8511 54 has taken a fork
8511 54 is eating
8511 42 is thinking
8511 42 has taken a fork
8511 42 has taken a fork
8511 42 is eating
8511 99 is sleeping
8511 26 has taken a fork
8511 26 has taken a fork
8511 26 is eating
8512 82 is thinking
8512 82 has taken a fork
8512 82 has taken a fork
8512 82 is eating
8512 10 is thinking
8512 10 has taken a fork
8512 10 has taken a fork
8512 10 is eating
8512 44 is thinking
8512 44 has taken a fork
8512 44 has taken a fork
8512 44 is eating
8512 80 is thinking
8512 80 has taken a fork
8512 80 has taken a fork
8512 80 is eating
8512 14 is thinking
8512 14 has taken a fork
8512 14 has taken a fork
8512 14 is eating
8512 34 is thinking
8512 34 has taken a fork
8512 34 has taken a fork
8512 34 is eating
8513 58 is thinking
8513 58 has taken a fork
8513 58 has taken a fork
8513 58 is eating
8513 96 is thinking
8513 96 has taken a fork
8513 96 has taken a fork
8513 96 is eating
8513 4 is thinking
8513 4 has taken a fork
8513 4 has taken a fork
8513 4 is eating
8513 24 is thinking
8513 24 has taken a fork
8513 24 has taken a fork
8513 24 is eating
8514 70 is thinking
8514 70 has taken a fork
8514 70 has taken a fork
8514 70 is eating
8514 98 is thinking
8514 98 has taken a fork
8514 98 has taken a fork
8514 98 is eating
8514 46 is thinking
8514 46 has taken a fork
8514 46 has taken a fork
8514 46 is eating
8514 86 is thinking
8514 86 has taken a fork
8514 86 has taken a fork
8514 86 is eating
8514 92 is thinking
8514 92 has taken a fork
8514 92 has taken a fork
8514 92 is eating
8515 8 is thinking
8515 8 has taken a fork
8515 8 has taken a fork
8515 8 is eating
8515 60 is thinking
8515 60 has taken a fork
8515 60 has taken a fork
8515 60 is eating
8516 12 is thinking
8516 12 has taken a fork
8516 12 has taken a fork
8516 12 is eating
8516 74 is thinking
8516 74 has taken a fork
8516 74 has taken a fork
8516 74 is eating
8520 100 is thinking
8520 100 has taken a fork
8520 100 has taken a fork
8520 100 is eating
8520 36 is thinking
8520 36 has taken a fork
8520 36 has taken a fork
8520 36 is eating
8520 84 is thinking
8520 84 has taken a fork
8520 84 has taken a fork
8520 84 is eating
8520 22 is thinking
8520 22 has taken a fork
8520 22 has taken a fork
8520 22 is eating
8520 62 is thinking
8520 62 has taken a fork
8520 62 has taken a fork
8520 62 is eating
8520 88 is thinking
8520 88 has taken a fork
8520 88 has taken a fork
8520 88 is eating
8521 40 is thinking
8521 40 has taken a fork
8521 40 has taken a fork
8521 40 is eating
8523 64 is thinking
8523 64 has taken a fork
8523 64 has taken a fork
8523 64 is eating
8603 28 is sleeping
8604 90 is sleeping
8605 78 is sleeping
8605 76 is sleeping
8605 72 is sleeping
8606 18 is sleeping
8606 20 is sleeping
8606 68 is sleeping
8606 6 is sleeping
8609 48 is sleeping
8609 2 is sleeping
8609 38 is sleeping
8610 50 is sleeping
8610 16 is sleeping
8611 94 is sleeping
8611 66 is sleeping
8611 32 is sleeping
8611 54 is sleeping
8611 26 is sleeping
8611 52 is sleeping
8611 42 is sleeping
8611 30 is sleeping
8611 56 is sleeping
8612 44 is sleeping
8612 14 is sleeping
8612 34 is sleeping
8612 80 is sleeping
8612 10 is sleeping
8612 82 is sleeping
8613 58 is sleeping
8613 96 is sleeping
8613 24 is sleeping
8613 4 is sleeping
8614 98 is sleeping
8614 86 is sleeping
8614 70 is sleeping
8614 92 is sleeping
8614 46 is sleeping
8615 60 is sleeping
8615 8 is sleeping
8616 12 is sleeping
8616 74 is sleeping
8620 100 is sleeping
8620 84 is sleeping
8620 22 is sleeping
8620 36 is sleeping
8620 88 is sleeping
8620 62 is sleeping
8621 40 is sleeping
8623 64 is sleeping
8700 81 is thinking
8700 81 has taken a fork
8700 81 has taken a fork
8700 81 is eating
8700 41 is thinking
8700 41 has taken a fork
8700 41 has taken a fork
8700 41 is eating
8700 43 is thinking
8700 43 has taken a fork
8700 43 has taken a fork
8700 43 is eating
8700 29 is thinking
8700 29 has taken a fork
8700 29 has taken a fork
8700 29 is eating
8701 75 is thinking
8701 75 has taken a fork
8701 75 has taken a fork
8701 75 is eating
8701 3 is thinking
8701 27 is thinking
8701 27 has taken a fork
8701 27 has taken a fork
8701 27 is eating
8701 3 has taken a fork
8701 3 has taken a fork
8701 3 is eating
8701 77 is thinking
8701 77 has taken a fork
8701 77 has taken a fork
8701 77 is eating
8701 7 is thinking
8701 7 has taken a fork
8701 7 has taken a fork
8701 7 is eating
8702 15 is thinking
8702 15 has taken a fork
8702 15 has taken a fork
8702 15 is eating
8702 79 is thinking
8702 79 has taken a fork
8702 79 has taken a fork
8702 79 is eating
8702 53 is thinking
8702 53 has taken a fork
8702 53 has taken a fork
8702 53 is eating
8702 89 is thinking
8702 89 has taken a fork
8702 89 has taken a fork
8702 89 is eating
8702 73 is thinking
8702 73 has taken a fork
8702 73 has taken a fork
8702 73 is eating
8702 95 is thinking
8702 95 has taken a fork
8702 95 has taken a fork
8702 95 is eating
8702 9 is thinking
8702 9 has taken a fork
8702 9 has taken a fork
8702 9 is eating
8702 69 is thinking
8702 69 has taken a fork
8702 69 has taken a fork
8702 69 is eating
8702 93 is thinking
8702 93 has taken a fork
8702 93 has taken a fork
8702 93 is eating
8703 21 is thinking
8703 21 has taken a fork
8703 21 has taken a fork
8703 21 is eating
8703 71 is thinking
8703 71 has taken a fork
8703 71 has taken a fork
8703 71 is eating
8703 63 is thinking
8703 63 has taken a fork
8703 63 has taken a fork
8703 63 is eating
8703 17 is thinking
8703 17 has taken a fork
8703 17 has taken a fork
8703 17 is eating
8703 55 is thinking
8703 55 has taken a fork
8703 55 has taken a fork
8703 55 is eating
8703 13 is thinking
8703 19 is thinking
8703 13 has taken a fork
8703 13 has taken a fork
8703 13 is eating
8703 91 is thinking
8703 97 is thinking
8703 19 has taken a fork
8703 19 has taken a fork
8703 19 is eating
8703 51 is thinking
8703 51 has taken a fork
8703 51 has taken a fork
8703 51 is eating
8703 25 is thinking
8703 25 has taken a fork
8703 25 has taken a fork
8703 25 is eating
8703 91 has taken a fork
8703 91 has taken a fork
8703 91 is eating
8703 97 has taken a fork
8703 97 has taken a fork
8703 97 is eating
8703 11 is thinking
8703 11 has taken a fork
8703 11 has taken a fork
8703 11 is eating
8704 5 is thinking
8704 5 has taken a fork
8704 5 has taken a fork
8704 5 is eating
8706 65 is thinking
8706 65 has taken a fork
8706 65 has taken a fork
8706 65 is eating
8706 57 is thinking
8706 57 has taken a fork
8706 57 has taken a fork
8706 57 is eating
8706 37 is thinking
8706 37 has taken a fork
8706 37 has taken a fork
8706 37 is eating
8706 35 is thinking
8706 35 has taken a fork
8706 35 has taken a fork
8706 35 is eating
8706 67 is thinking
8706 67 has taken a fork
8706 67 has taken a fork
8706 67 is eating
8706 83 is thinking
8706 83 has taken a fork
8706 83 has taken a fork
8706 83 is eating
8708 85 is thinking
8708 85 has taken a fork
8708 85 has taken a fork
8708 85 is eating
8708 61 is thinking
8708 61 has taken a fork
8708 61 has taken a fork
8708 61 is eating
8709 31 is thinking
8709 31 has taken a fork
8709 31 has taken a fork
8709 31 is eating
8709 59 is thinking
8709 59 has taken a fork
8709 59 has taken a fork
8709 59 is eating
8709 47 is thinking
8709 47 has taken a fork
8709 47 has taken a fork
8709 47 is eating
8709 1 is thinking
8709 1 has taken a fork
8709 1 has taken a fork
8709 1 is eating
8709 39 is thinking
8709 39 has taken a fork
8709 39 has taken a fork
8709 39 is eating
8709 87 is thinking
8709 87 has taken a fork
8709 87 has taken a fork
8709 87 is eating
8709 49 is thinking
8709 49 has taken a fork
8709 49 has taken a fork
8709 49 is eating
8710 23 is thinking
8710 23 has taken a fork
8710 23 has taken a fork
8710 23 is eating
8711 99 is thinking
8711 99 has taken a fork
8711 99 has taken a fork
8711 99 is eating
8711 45 is thinking
8711 45 has taken a fork
8711 45 has taken a fork
8711 45 is eating
8711 33 is thinking
8711 33 has taken a fork
8711 33 has taken a fork
8711 33 is eating
8800 81 is sleeping
8800 43 is sleeping
8800 29 is sleeping
8800 41 is sleeping
8801 77 is sleeping
8801 27 is sleeping
8801 7 is sleeping
8801 3 is sleeping
8801 75 is sleeping
8802 73 is sleeping
8802 79 is sleeping
8802 93 is sleeping
8802 9 is sleeping
8802 15 is sleeping
8802 69 is sleeping
8802 53 is sleeping
8802 95 is sleeping
8802 89 is sleeping
8803 21 is sleeping
8803 19 is sleeping
8803 63 is sleeping
8803 71 is sleeping
8803 11 is sleeping
8803 97 is sleeping
8803 51 is sleeping
8803 25 is sleeping
8803 91 is sleeping
8803 55 is sleeping
8803 17 is sleeping
8803 28 is thinking
8803 28 has taken a fork
8803 28 has taken a fork
8803 28 is eating
8803 13 is sleeping
8804 90 is thinking
8804 90 has taken a fork
8804 90 has taken a fork
8804 90 is eating
8804 5 is sleeping
8805 72 is thinking
8805 72 has taken a fork
8805 72 has taken a fork
8805 72 is eating
8805 76 is thinking
8805 76 has taken a fork
8805 76 has taken a fork
8805 76 is eating
8805 78 is thinking
8805 78 has taken a fork
8805 78 has taken a fork
8805 78 is eating
8806 6 is thinking
8806 37 is sleeping
8806 67 is sleeping
8806 20 is thinking
8806 20 has taken a fork
8806 20 has taken a fork
8806 20 is eating
8806 65 is sleeping
8806 18 is thinking
8806 6 has taken a fork
8806 6 has taken a fork
8806 6 is eating
8806 18 has taken a fork
8806 18 has taken a fork
8806 18 is eating
8806 35 is sleeping
8806 83 is sleeping
8806 68 is thinking
8806 68 has taken a fork
8806 68 has taken a fork
8806 68 is eating
8806 57 is sleeping
8808 85 is sleeping
8808 61 is sleeping
8809 2 is thinking
8809 39 is sleeping
8809 59 is sleeping
8809 47 is sleeping
8809 1 is sleeping
8809 49 is sleeping
8809 31 is sleeping
8809 38 is thinking
8809 38 has taken a fork
8809 38 has taken a fork
8809 38 is eating
8809 2 has taken a fork
8809 2 has taken a fork
8809 2 is eating
8809 48 is thinking
8809 48 has taken a fork
8809 48 has taken a fork
8809 48 is eating
8809 87 is sleeping
8810 50 is thinking
8810 50 has taken a fork
8810 50 has taken a fork
8810 50 is eating
8810 16 is thinking
8810 16 has taken a fork
8810 16 has taken a fork
8810 16 is eating
8810 23 is sleeping
8811 94 is thinking
8811 94 has taken a fork
8811 94 has taken a fork
8811 94 is eating
8811 32 is thinking
8811 32 has taken a fork
8811 32 has taken a fork
8811 32 is eating
8811 45 is sleeping
8811 33 is sleeping
8811 30 is thinking
8811 30 has taken a fork
8811 30 has taken a fork
8811 30 is eating
8811 52 is thinking
8811 56 is thinking
8811 56 has taken a fork
8811 56 has taken a fork
8811 56 is eating
8811 42 is thinking
8811 42 has taken a fork
8811 42 has taken a fork
8811 42 is eating
8811 52 has taken a fork
8811 52 has taken a fork
8811 52 is eating
8811 66 is thinking
8811 99 is sleeping
8811 66 has taken a fork
8811 66 has taken a fork
8811 66 is eating
8811 54 is thinking
8811 54 has taken a fork
8811 54 has taken a fork
8811 54 is eating
8811 26 is thinking
8811 26 has taken a fork
8811 26 has taken a fork
8811 26 is eating
8812 44 is thinking
8812 44 has taken a fork
8812 44 has taken a fork
8812 44 is eating
8812 82 is thinking
8812 82 has taken a fork
8812 82 has taken a fork
8812 82 is eating
8812 34 is thinking
8812 34 has taken a fork
8812 34 has taken a fork
8812 34 is eating
8812 14 is thinking
8812 14 has taken a fork
8812 14 has taken a fork
8812 14 is eating
8812 10 is thinking
8812 10 has taken a fork
8812 10 has taken a fork
8812 10 is eating
8812 80 is thinking
8812 80 has taken a fork
8812 80 has taken a fork
8812 80 is eating
8813 58 is thinking
8813 58 has taken a fork
8813 58 has taken a fork
8813 58 is eating
8813 96 is thinking
8813 96 has taken a fork
8813 96 has taken a fork
8813 96 is eating
8813 4 is thinking
8813 4 has taken a fork
8813 4 has taken a fork
8813 4 is eating
8813 24 is thinking
8813 24 has taken a fork
8813 24 has taken a fork
8813 24 is eating
8814 92 is thinking
8814 92 has taken a fork
8814 92 has taken a fork
8814 92 is eating
8814 46 is thinking
8814 46 has taken a fork
8814 46 has taken a fork
8814 46 is eating
8814 70 is thinking
8814 70 has taken a fork
8814 70 has taken a fork
8814 70 is eating
8814 98 is thinking
8814 98 has taken a fork
8814 98 has taken a fork
8814 98 is eating
8814 86 is thinking
8814 86 has taken a fork
8814 86 has taken a fork
8814 86 is eating
8815 60 is thinking
8815 60 has taken a fork
8815 60 has taken a fork
8815 60 is eating
8815 8 is thinking
8815 8 has taken a fork
8815 8 has taken a fork
8815 8 is eating
8816 12 is thinking
8816 12 has taken a fork
8816 12 has taken a fork
8816 12 is eating
8816 74 is thinking
8816 74 has taken a fork
8816 74 has taken a fork
8816 74 is eating
8820 36 is thinking
8820 36 has taken a fork
8820 36 has taken a fork
8820 36 is eating
8820 22 is thinking
8820 22 has taken a fork
8820 22 has taken a fork
8820 22 is eating
8820 88 is thinking
8820 88 has taken a fork
8820 88 has taken a fork
8820 88 is eating
8820 100 is thinking
8820 100 has taken a fork
8820 100 has taken a fork
8820 100 is eating
8820 62 is thinking
8820 62 has taken a fork
8820 62 has taken a fork
8820 62 is eating
8820 84 is thinking
8820 84 has taken a fork
8820 84 has taken a fork
8820 84 is eating
8821 40 is thinking
8821 40 has taken a fork
8821 40 has taken a fork
8821 40 is eating
8823 64 is thinking
8823 64 has taken a fork
8823 64 has taken a fork
8823 64 is eating
8903 28 is sleeping
8904 90 is sleeping
8905 76 is sleeping
8905 72 is sleeping
8905 78 is sleeping
8906 18 is sleeping
8906 68 is sleeping
8906 6 is sleeping
8906 20 is sleeping
8909 48 is sleeping
8909 38 is sleeping
8909 2 is sleeping
8910 16 is sleeping
8910 50 is sleeping
8911 52 is sleeping
8911 42 is sleeping
8911 66 is sleeping
8911 32 is sleeping
8911 30 is sleeping
8911 56 is sleeping
8911 54 is sleeping
8911 94 is sleeping
8911 26 is sleeping
8912 44 is sleeping
8912 10 is sleeping
8912 34 is sleeping
8912 82 is sleeping
8912 14 is sleeping
8912 80 is sleeping
8913 24 is sleeping
8913 4 is sleeping
8913 58 is sleeping
8913 96 is sleeping
8914 86 is sleeping
8914 70 is sleeping
8914 98 is sleeping
8914 92 is sleeping
8915 8 is sleeping
8915 46 is sleeping
8915 60 is sleeping
8916 74 is sleeping
8916 12 is sleeping
8920 22 is sleeping
8920 36 is sleeping
8920 100 is sleeping
8920 84 is sleeping
8920 62 is sleeping
8920 88 is sleeping
8921 40 is sleeping
8923 64 is sleeping
9000 43 is thinking
9000 43 has taken a fork
9000 43 has taken a fork
9000 43 is eating
9000 81 is thinking
9000 81 has taken a fork
9000 81 has taken a fork
9000 81 is eating
9000 41 is thinking
9000 41 has taken a fork
9000 41 has taken a fork
9000 41 is eating
9000 29 is thinking
9000 29 has taken a fork
9000 29 has taken a fork
9000 29 is eating
9001 3 is thinking
9001 3 has taken a fork
9001 3 has taken a fork
9001 3 is eating
9001 27 is thinking
9001 77 is thinking
9001 77 has taken a fork
9001 77 has taken a fork
9001 77 is eating
9001 27 has taken a fork
9001 27 has taken a fork
9001 27 is eating
9001 7 is thinking
9001 7 has taken a fork
9001 7 has taken a fork
9001 7 is eating
9001 75 is thinking
9001 75 has taken a fork
9001 75 has taken a fork
9001 75 is eating
9002 93 is thinking
9002 93 has taken a fork
9002 93 has taken a fork
9002 93 is eating
9002 95 is thinking
9002 95 has taken a fork
9002 95 has taken a fork
9002 95 is eating
9002 69 is thinking
9002 73 is thinking
9002 73 has taken a fork
9002 73 has taken a fork
9002 73 is eating
9002 9 is thinking
9002 9 has taken a fork
9002 9 has taken a fork
9002 9 is eating
9002 69 has taken a fork
9002 69 has taken a fork
9002 69 is eating
9002 15 is thinking
9002 53 is thinking
9002 53 has taken a fork
9002 53 has taken a fork
9002 53 is eating
9002 15 has taken a fork
9002 15 has taken a fork
9002 15 is eating
9003 79 is thinking
9003 51 is thinking
9003 51 has taken a fork
9003 51 has taken a fork
9003 51 is eating
9003 63 is thinking
9003 63 has taken a fork
9003 63 has taken a fork
9003 63 is eating
9003 11 is thinking
9003 11 has taken a fork
9003 11 has taken a fork
9003 11 is eating
9003 25 is thinking
9003 25 has taken a fork
9003 25 has taken a fork
9003 25 is eating
9003 97 is thinking
9003 97 has taken a fork
9003 97 has taken a fork
9003 97 is eating
9003 55 is thinking
9003 55 has taken a fork
9003 55 has taken a fork
9003 55 is eating
9003 19 is thinking
9003 19 has taken a fork
9003 19 has taken a fork
9003 19 is eating
9003 91 is thinking
9003 91 has taken a fork
9003 91 has taken a fork
9003 91 is eating
9003 17 is thinking
9003 17 has taken a fork
9003 17 has taken a fork
9003 17 is eating
9003 13 is thinking
9003 13 has taken a fork
9003 13 has taken a fork
9003 13 is eating
9003 89 is thinking
9003 89 has taken a fork
9003 89 has taken a fork
9003 89 is eating
9003 71 is thinking
9003 71 has taken a fork
9003 71 has taken a fork
9003 71 is eating
9003 21 is thinking
9003 21 has taken a fork
9003 21 has taken a fork
9003 21 is eating
9003 79 has taken a fork
9003 79 has taken a fork
9003 79 is eating
9004 5 is thinking
9004 5 has taken a fork
9004 5 has taken a fork
9004 5 is eating
9006 83 is thinking
9006 83 has taken a fork
9006 83 has taken a fork
9006 83 is eating
9006 35 is thinking
9006 35 has taken a fork
9006 35 has taken a fork
9006 35 is eating
9006 57 is thinking
9006 57 has taken a fork
9006 57 has taken a fork
9006 57 is eating
9006 67 is thinking
9006 67 has taken a fork
9006 67 has taken a fork
9006 67 is eating
9006 65 is thinking
9006 65 has taken a fork
9006 65 has taken a fork
9006 65 is eating
9006 37 is thinking
9006 37 has taken a fork
9006 37 has taken a fork
9006 37 is eating
9008 61 is thinking
9008 61 has taken a fork
9008 61 has taken a fork
9008 61 is eating
9008 85 is thinking
9008 85 has taken a fork
9008 85 has taken a fork
9008 85 is eating
9009 31 is thinking
9009 31 has taken a fork
9009 31 has taken a fork
9009 31 is eating
9009 59 is thinking
9009 59 has taken a fork
9009 59 has taken a fork
9009 59 is eating
9009 87 is thinking
9009 87 has taken a fork
9009 87 has taken a fork
9009 87 is eating
9009 1 is thinking
9009 1 has taken a fork
9009 1 has taken a fork
9009 1 is eating
9009 47 is thinking
9009 47 has taken a fork
9009 47 has taken a fork
9009 47 is eating
9009 39 is thinking
9009 39 has taken a fork
9009 39 has taken a fork
9009 39 is eating
9009 49 is thinking
9009 49 has taken a fork
9009 49 has taken a fork
9009 49 is eating
9010 23 is thinking
9010 23 has taken a fork
9010 23 has taken a fork
9010 23 is eating
9011 99 is thinking
9011 99 has taken a fork
9011 99 has taken a fork
9011 99 is eating
9011 33 is thinking
9011 33 has taken a fork
9011 33 has taken a fork
9011 33 is eating
9011 45 is thinking
9011 45 has taken a fork
9011 45 has taken a fork
9011 45 is eating
9100 29 is sleeping
9100 41 is sleeping
9100 81 is sleeping
9100 43 is sleeping
9101 27 is sleeping
9101 7 is sleeping
9101 3 is sleeping
9101 75 is sleeping
9101 77 is sleeping
9102 53 is sleeping
9102 93 is sleeping
9102 15 is sleeping
9102 95 is sleeping
9102 9 is sleeping
9102 69 is sleeping
9102 73 is sleeping
9103 28 is thinking
9103 28 has taken a fork
9103 28 has taken a fork
9103 28 is eating
9103 19 is sleeping
9103 79 is sleeping
9103 13 is sleeping
9103 51 is sleeping
9103 21 is sleeping
9103 17 is sleeping
9103 71 is sleeping
9103 97 is sleeping
9103 89 is sleeping
9103 91 is sleeping
9103 11 is sleeping
9103 55 is sleeping
9103 25 is sleeping
9103 63 is sleeping
9104 90 is thinking
9104 90 has taken a fork
9104 90 has taken a fork
9104 90 is eating
9104 5 is sleeping
9105 78 is thinking
9105 78 has taken a fork
9105 78 has taken a fork
9105 78 is eating
9105 72 is thinking
9105 72 has taken a fork
9105 72 has taken a fork
9105 72 is eating
9105 76 is thinking
9105 76 has taken a fork
9105 76 has taken a fork
9105 76 is eating
9106 57 is sleeping
9106 20 is thinking
9106 20 has taken a fork
9106 20 has taken a fork
9106 20 is eating
9106 18 is thinking
9106 18 has taken a fork
9106 18 has taken a fork
9106 18 is eating
9106 65 is sleeping
9106 35 is sleeping
9106 37 is sleeping
9106 67 is sleeping
9106 6 is thinking
9106 6 has taken a fork
9106 6 has taken a fork
9106 6 is eating
9106 83 is sleeping
9106 68 is thinking
9106 68 has taken a fork
9106 68 has taken a fork
9106 68 is eating
9108 61 is sleeping
9108 85 is sleeping
9109 47 is sleeping
9109 39 is sleeping
9109 31 is sleeping
9109 1 is sleeping
9109 87 is sleeping
9109 38 is thinking
9109 38 has taken a fork
9109 38 has taken a fork
9109 38 is eating
9109 49 is sleeping
9109 48 is thinking
9109 48 has taken a fork
9109 48 has taken a fork
9109 48 is eating
9109 59 is sleeping
9109 2 is thinking
9109 2 has taken a fork
9109 2 has taken a fork
9109 2 is eating
9110 50 is thinking
9110 23 is sleeping
9110 16 is thinking
9110 16 has taken a fork
9110 16 has taken a fork
9110 16 is eating
9110 50 has taken a fork
9110 50 has taken a fork
9110 50 is eating
9111 52 is thinking
9111 52 has taken a fork
9111 52 has taken a fork
9111 52 is eating
9111 56 is thinking
9111 56 has taken a fork
9111 56 has taken a fork
9111 56 is eating
9111 42 is thinking
9111 42 has taken a fork
9111 42 has taken a fork
9111 42 is eating
9111 33 is sleeping
9111 45 is sleeping
9111 99 is sleeping
9111 30 is thinking
9111 30 has taken a fork
9111 30 has taken a fork
9111 30 is eating
9111 32 is thinking
9111 32 has taken a fork
9111 32 has taken a fork
9111 32 is eating
9111 26 is thinking
9111 26 has taken a fork
9111 26 has taken a fork
9111 26 is eating
9111 94 is thinking
9111 94 has taken a fork
9111 94 has taken a fork
9111 94 is eating
9111 54 is thinking
9111 54 has taken a fork
9111 54 has taken a fork
9111 54 is eating
9111 66 is thinking
9111 66 has taken a fork
9111 66 has taken a fork
9111 66 is eating
9112 80 is thinking
9112 80 has taken a fork
9112 80 has taken a fork
9112 80 is eating
9112 14 is thinking
9112 14 has taken a fork
9112 14 has taken a fork
9112 14 is eating
9112 44 is thinking
9112 44 has taken a fork
9112 44 has taken a fork
9112 44 is eating
9112 82 is thinking
9112 82 has taken a fork
9112 82 has taken a fork
9112 82 is eating
9112 10 is thinking
9112 10 has taken a fork
9112 10 has taken a fork
9112 10 is eating
9112 34 is thinking
9112 34 has taken a fork
9112 34 has taken a fork
9112 34 is eating
9113 96 is thinking
9113 96 has taken a fork
9113 96 has taken a fork
9113 96 is eating
9113 4 is thinking
9113 4 has taken a fork
9113 4 has taken a fork
9113 4 is eating
9113 24 is thinking
9113 24 has taken a fork
9113 24 has taken a fork
9113 24 is eating
9113 58 is thinking
9113 58 has taken a fork
9113 58 has taken a fork
9113 58 is eating
9114 98 is thinking
9114 98 has taken a fork
9114 98 has taken a fork
9114 98 is eating
9114 92 is thinking
9114 92 has taken a fork
9114 92 has taken a fork
9114 92 is eating
9114 70 is thinking
9114 70 has taken a fork
9114 70 has taken a fork
9114 70 is eating
9114 46 is thinking
9114 46 has taken a fork
9114 46 has taken a fork
9114 46 is eating
9114 86 is thinking
9114 86 has taken a fork
9114 86 has taken a fork
9114 86 is eating
9115 8 is thinking
9115 8 has taken a fork
9115 8 has taken a fork
9115 8 is eating
9115 60 is thinking
9115 60 has taken a fork
9115 60 has taken a fork
9115 60 is eating
9116 12 is thinking
9116 12 has taken a fork
9116 12 has taken a fork
9116 12 is eating
9116 74 is thinking
9116 74 has taken a fork
9116 74 has taken a fork
9116 74 is eating
9120 100 is thinking
9120 62 is thinking
9120 62 has taken a fork
9120 62 has taken a fork
9120 62 is eating
9120 84 is thinking
9120 84 has taken a fork
9120 84 has taken a fork
9120 84 is eating
9120 36 is thinking
9120 36 has taken a fork
9120 36 has taken a fork
9120 36 is eating
9120 100 has taken a fork
9120 100 has taken a fork
9120 100 is eating
9120 22 is thinking
9120 22 has taken a fork
9120 22 has taken a fork
9120 22 is eating
9120 88 is thinking
9120 88 has taken a fork
9120 88 has taken a fork
9120 88 is eating
9121 40 is thinking
9121 40 has taken a fork
9121 40 has taken a fork
9121 40 is eating
9123 64 is thinking
9123 64 has taken a fork
9123 64 has taken a fork
9123 64 is eating
9203 28 is sleeping
9204 90 is sleeping
9205 72 is sleeping
9205 78 is sleeping
9205 76 is sleeping
9206 6 is sleeping
9206 68 is sleeping
9206 18 is sleeping
9206 20 is sleeping
9209 38 is sleeping
9209 2 is sleeping
9209 48 is sleeping
9210 16 is sleeping
9210 50 is sleeping
9211 56 is sleeping
9211 66 is sleeping
9211 52 is sleeping
9211 30 is sleeping
9211 42 is sleeping
9211 54 is sleeping
9211 26 is sleeping
9211 32 is sleeping
9211 94 is sleeping
9212 82 is sleeping
9212 14 is sleeping
9212 34 is sleeping
9212 44 is sleeping
9212 10 is sleeping
9212 80 is sleeping
9213 24 is sleeping
9213 4 is sleeping
9213 96 is sleeping
9213 58 is sleeping
9214 86 is sleeping
9214 92 is sleeping
9214 46 is sleeping
9214 98 is sleeping
9214 70 is sleeping
9215 60 is sleeping
9215 8 is sleeping
9216 74 is sleeping
9216 12 is sleeping
9220 88 is sleeping
9220 100 is sleeping
9220 22 is sleeping
9220 62 is sleeping
9220 36 is sleeping
9220 84 is sleeping
9221 40 is sleeping
9223 64 is sleeping
9300 29 is thinking
9300 29 has taken a fork
9300 29 has taken a fork
9300 29 is eating
9300 81 is thinking
9300 81 has taken a fork
9300 81 has taken a fork
9300 81 is eating
9300 43 is thinking
9300 43 has taken a fork
9300 43 has taken a fork
9300 43 is eating
9300 41 is thinking
9300 41 has taken a fork
9300 41 has taken a fork
9300 41 is eating
9301 27 is thinking
9301 27 has taken a fork
9301 27 has taken a fork
9301 27 is eating
9301 75 is thinking
9301 75 has taken a fork
9301 75 has taken a fork
9301 75 is eating
9301 3 is thinking
9301 3 has taken a fork
9301 3 has taken a fork
9301 3 is eating
9301 7 is thinking
9301 7 has taken a fork
9301 7 has taken a fork
9301 7 is eating
9301 77 is thinking
9301 77 has taken a fork
9301 77 has taken a fork
9301 77 is eating
9302 93 is thinking
9302 93 has taken a fork
9302 93 has taken a fork
9302 93 is eating
9302 9 is thinking
9302 9 has taken a fork
9302 9 has taken a fork
9302 9 is eating
9302 73 is thinking
9302 73 has taken a fork
9302 73 has taken a fork
9302 73 is eating
9302 53 is thinking
9302 53 has taken a fork
9302 53 has taken a fork
9302 53 is eating
9302 95 is thinking
9302 95 has taken a fork
9302 95 has taken a fork
9302 95 is eating
9302 15 is thinking
9302 15 has taken a fork
9302 15 has taken a fork
9302 15 is eating
9302 69 is thinking
9302 69 has taken a fork
9302 69 has taken a fork
9302 69 is eating
9303 89 is thinking
9303 89 has taken a fork
9303 89 has taken a fork
9303 89 is eating
9303 51 is thinking
9303 51 has taken a fork
9303 51 has taken a fork
9303 51 is eating
9303 71 is thinking
9303 55 is thinking
9303 71 has taken a fork
9303 71 has taken a fork
9303 71 is eating
9303 19 is thinking
9303 13 is thinking
9303 19 has taken a fork
9303 19 has taken a fork
9303 19 is eating
9303 63 is thinking
9303 13 has taken a fork
9303 13 has taken a fork
9303 13 is eating
9303 63 has taken a fork
9303 63 has taken a fork
9303 63 is eating
9303 25 is thinking
9303 25 has taken a fork
9303 25 has taken a fork
9303 25 is eating
9303 11 is thinking
9303 11 has taken a fork
9303 11 has taken a fork
9303 11 is eating
9303 97 is thinking
9303 97 has taken a fork
9303 97 has taken a fork
9303 97 is eating
9303 21 is thinking
9303 21 has taken a fork
9303 21 has taken a fork
9303 21 is eating
9303 79 is thinking
9303 79 has taken a fork
9303 79 has taken a fork
9303 79 is eating
9303 55 has taken a fork
9303 55 has taken a fork
9303 55 is eating
9303 17 is thinking
9303 17 has taken a fork
9303 17 has taken a fork
9303 17 is eating
9303 91 is thinking
9303 91 has taken a fork
9303 91 has taken a fork
9303 91 is eating
9304 5 is thinking
9304 5 has taken a fork
9304 5 has taken a fork
9304 5 is eating
9306 65 is thinking
9306 65 has taken a fork
9306 65 has taken a fork
9306 65 is eating
9306 83 is thinking
9306 83 has taken a fork
9306 83 has taken a fork
9306 83 is eating
9306 35 is thinking
9306 35 has taken a fork
9306 35 has taken a fork
9306 35 is eating
9306 67 is thinking
9306 67 has taken a fork
9306 67 has taken a fork
9306 67 is eating
9306 37 is thinking
9306 37 has taken a fork
9306 37 has taken a fork
9306 37 is eating
9306 57 is thinking
9306 57 has taken a fork
9306 57 has taken a fork
9306 57 is eating
9308 61 is thinking
9308 61 has taken a fork
9308 61 has taken a fork
9308 61 is eating
9308 85 is thinking
9308 85 has taken a fork
9308 85 has taken a fork
9308 85 is eating
9309 49 is thinking
9309 49 has taken a fork
9309 49 has taken a fork
9309 49 is eating
9309 1 is thinking
9309 1 has taken a fork
9309 1 has taken a fork
9309 1 is eating
9309 39 is thinking
9309 39 has taken a fork
9309 39 has taken a fork
9309 39 is eating
9309 59 is thinking
9309 59 has taken a fork
9309 59 has taken a fork
9309 59 is eating
9309 87 is thinking
9309 87 has taken a fork
9309 87 has taken a fork
9309 87 is eating
9309 31 is thinking
9309 31 has taken a fork
9309 31 has taken a fork
9309 31 is eating
9309 47 is thinking
9309 47 has taken a fork
9309 47 has taken a fork
9309 47 is eating
9310 23 is thinking
9310 23 has taken a fork
9310 23 has taken a fork
9310 23 is eating
9311 99 is thinking
9311 99 has taken a fork
9311 99 has taken a fork
9311 99 is eating
9311 45 is thinking
9311 45 has taken a fork
9311 45 has taken a fork
9311 45 is eating
9311 33 is thinking
9311 33 has taken a fork
9311 33 has taken a fork
9311 33 is eating
9400 41 is sleeping
9400 29 is sleeping
9400 43 is sleeping
9400 81 is sleeping
9401 7 is sleeping
9401 27 is sleeping
9401 3 is sleeping
9401 75 is sleeping
9401 77 is sleeping
9402 69 is sleeping
9402 15 is sleeping
9402 53 is sleeping
9402 9 is sleeping
9402 95 is sleeping
9402 93 is sleeping
9403 19 is sleeping
9403 71 is sleeping
9403 55 is sleeping
9403 63 is sleeping
9403 17 is sleeping
9403 13 is sleeping
9403 25 is sleeping
9403 97 is sleeping
9403 79 is sleeping
9403 21 is sleeping
9403 91 is sleeping
9403 28 is thinking
9403 28 has taken a fork
9403 28 has taken a fork
9403 28 is eating
9403 51 is sleeping
9403 89 is sleeping
9403 11 is sleeping
9404 90 is thinking
9404 90 has taken a fork
9404 90 has taken a fork
9404 90 is eating
9404 5 is sleeping
9405 72 is thinking
9405 78 is thinking
9405 78 has taken a fork
9405 78 has taken a fork
9405 78 is eating
9405 76 is thinking
9405 76 has taken a fork
9405 76 has taken a fork
9405 76 is eating
9406 20 is thinking
9406 20 has taken a fork
9406 20 has taken a fork
9406 20 is eating
9406 35 is sleeping
9406 83 is sleeping
9406 6 is thinking
9406 6 has taken a fork
9406 6 has taken a fork
9406 6 is eating
9406 37 is sleeping
9406 57 is sleeping
9406 68 is thinking
9406 65 is sleeping
9406 18 is thinking
9406 18 has taken a fork
9406 18 has taken a fork
9406 18 is eating
9408 61 is sleeping
9408 85 is sleeping
9409 87 is sleeping
9409 31 is sleeping
9409 48 is thinking
9409 47 is sleeping
9409 1 is sleeping
9409 38 is thinking
9409 59 is sleeping
9409 2 is thinking
9409 2 has taken a fork
9409 2 has taken a fork
9409 2 is eating
9409 49 is sleeping
9409 48 has taken a fork
9409 48 has taken a fork
9409 48 is eating
9409 39 is sleeping
9409 38 has taken a fork
9409 38 has taken a fork
9409 38 is eating
9410 50 is thinking
9410 50 has taken a fork
9410 50 has taken a fork
9410 50 is eating
9410 16 is thinking
9410 16 has taken a fork
9410 16 has taken a fork
9410 16 is eating
9410 23 is sleeping
9410 67 is sleeping
9410 68 has taken a fork
9410 68 has taken a fork
9410 68 is eating
9410 73 is sleeping
9410 72 has taken a fork
9410 72 has taken a fork
9410 72 is eating
9411 54 is thinking
9411 54 has taken a fork
9411 54 has taken a fork
9411 54 is eating
9411 26 is thinking
9411 26 has taken a fork
9411 26 has taken a fork
9411 26 is eating
9411 94 is thinking
9411 94 has taken a fork
9411 94 has taken a fork
9411 94 is eating
9411 56 is thinking
9411 56 has taken a fork
9411 56 has taken a fork
9411 56 is eating
9411 32 is thinking
9411 32 has taken a fork
9411 32 has taken a fork
9411 32 is eating
9411 33 is sleeping
9411 52 is thinking
9411 66 is thinking
9411 66 has taken a fork
9411 66 has taken a fork
9411 66 is eating
9411 99 is sleeping
9411 45 is sleeping
9411 30 is thinking
9411 30 has taken a fork
9411 30 has taken a fork
9411 30 is eating
9411 42 is thinking
9411 42 has taken a fork
9411 42 has taken a fork
9411 42 is eating
9411 52 has taken a fork
9411 52 has taken a fork
9411 52 is eating
9412 80 is thinking
9412 80 has taken a fork
9412 80 has taken a fork
9412 80 is eating
9412 82 is thinking
9412 82 has taken a fork
9412 82 has taken a fork
9412 82 is eating
9412 10 is thinking
9412 10 has taken a fork
9412 10 has taken a fork
9412 10 is eating
9412 14 is thinking
9412 14 has taken a fork
9412 14 has taken a fork
9412 14 is eating
9412 34 is thinking
9412 34 has taken a fork
9412 34 has taken a fork
9412 34 is eating
9412 44 is thinking
9412 44 has taken a fork
9412 44 has taken a fork
9412 44 is eating
9413 24 is thinking
9413 24 has taken a fork
9413 24 has taken a fork
9413 24 is eating
9413 58 is thinking
9413 58 has taken a fork
9413 58 has taken a fork
9413 58 is eating
9413 96 is thinking
9413 96 has taken a fork
9413 96 has taken a fork
9413 96 is eating
9413 4 is thinking
9413 4 has taken a fork
9413 4 has taken a fork
9413 4 is eating
9414 86 is thinking
9414 86 has taken a fork
9414 86 has taken a fork
9414 86 is eating
9414 46 is thinking
9414 46 has taken a fork
9414 46 has taken a fork
9414 46 is eating
9414 98 is thinking
9414 98 has taken a fork
9414 98 has taken a fork
9414 98 is eating
9414 92 is thinking
9414 92 has taken a fork
9414 92 has taken a fork
9414 92 is eating
9414 70 is thinking
9414 70 has taken a fork
9414 70 has taken a fork
9414 70 is eating
9415 8 is thinking
9415 8 has taken a fork
9415 8 has taken a fork
9415 8 is eating
9415 60 is thinking
9415 60 has taken a fork
9415 60 has taken a fork
9415 60 is eating
9416 74 is thinking
9416 74 has taken a fork
9416 74 has taken a fork
9416 74 is eating
9416 12 is thinking
9416 12 has taken a fork
9416 12 has taken a fork
9416 12 is eating
9420 62 is thinking
9420 36 is thinking
9420 84 is thinking
9420 84 has taken a fork
9420 84 has taken a fork
9420 84 is eating
9420 100 is thinking
9420 100 has taken a fork
9420 100 has taken a fork
9420 100 is eating
9420 88 is thinking
9420 88 has taken a fork
9420 88 has taken a fork
9420 88 is eating
9420 22 is thinking
9420 22 has taken a fork
9420 22 has taken a fork
9420 22 is eating
9420 36 has taken a fork
9420 36 has taken a fork
9420 36 is eating
9420 62 has taken a fork
9420 62 has taken a fork
9420 62 is eating
9421 40 is thinking
9421 40 has taken a fork
9421 40 has taken a fork
9421 40 is eating
9423 64 is thinking
9423 64 has taken a fork
9423 64 has taken a fork
9423 64 is eating
9503 28 is sleeping
9504 90 is sleeping
9505 76 is sleeping
9505 78 is sleeping
9506 20 is sleeping
9506 18 is sleeping
9506 6 is sleeping
9509 2 is sleeping
9509 48 is sleeping
9509 38 is sleeping
9510 68 is sleeping
9510 50 is sleeping
9510 72 is sleeping
9510 16 is sleeping
9511 42 is sleeping
9511 56 is sleeping
9511 54 is sleeping
9511 94 is sleeping
9511 26 is sleeping
9511 30 is sleeping
9511 66 is sleeping
9511 32 is sleeping
9511 52 is sleeping
9512 44 is sleeping
9512 14 is sleeping
9512 80 is sleeping
9512 10 is sleeping
9512 34 is sleeping
9512 82 is sleeping
9513 96 is sleeping
9513 58 is sleeping
9513 4 is sleeping
9513 24 is sleeping
9514 98 is sleeping
9514 92 is sleeping
9514 70 is sleeping
9514 46 is sleeping
9514 86 is sleeping
9515 60 is sleeping
9515 8 is sleeping
9516 74 is sleeping
9516 12 is sleeping
9520 88 is sleeping
9520 62 is sleeping
9520 84 is sleeping
9520 22 is sleeping
9520 100 is sleeping
9520 36 is sleeping
9521 40 is sleeping
9523 64 is sleeping
9600 29 is thinking
9600 29 has taken a fork
9600 29 has taken a fork
9600 29 is eating
9600 43 is thinking
9600 43 has taken a fork
9600 43 has taken a fork
9600 43 is eating
9600 41 is thinking
9600 41 has taken a fork
9600 41 has taken a fork
9600 41 is eating
9600 81 is thinking
9600 81 has taken a fork
9600 81 has taken a fork
9600 81 is eating
9601 75 is thinking
9601 75 has taken a fork
9601 75 has taken a fork
9601 75 is eating
9601 7 is thinking
9601 7 has taken a fork
9601 7 has taken a fork
9601 7 is eating
9601 3 is thinking
9601 3 has taken a fork
9601 3 has taken a fork
9601 3 is eating
9601 77 is thinking
9601 77 has taken a fork
9601 77 has taken a fork
9601 77 is eating
9601 27 is thinking
9601 27 has taken a fork
9601 27 has taken a fork
9601 27 is eating
9602 9 is thinking
9602 9 has taken a fork
9602 9 has taken a fork
9602 9 is eating
9602 93 is thinking
9602 93 has taken a fork
9602 93 has taken a fork
9602 93 is eating
9602 73 is thinking
9602 73 has taken a fork
9602 73 has taken a fork
9602 73 is eating
9602 95 is thinking
9602 95 has taken a fork
9602 95 has taken a fork
9602 95 is eating
9602 69 is thinking
9602 15 is thinking
9602 15 has taken a fork
9602 15 has taken a fork
9602 15 is eating
9602 53 is thinking
9602 53 has taken a fork
9602 53 has taken a fork
9602 53 is eating
9602 69 has taken a fork
9602 69 has taken a fork
9602 69 is eating
9603 97 is thinking
9603 97 has taken a fork
9603 97 has taken a fork
9603 97 is eating
9603 21 is thinking
9603 21 has taken a fork
9603 21 has taken a fork
9603 21 is eating
9603 51 is thinking
9603 51 has taken a fork
9603 51 has taken a fork
9603 51 is eating
9603 19 is thinking
9603 25 is thinking
9603 25 has taken a fork
9603 25 has taken a fork
9603 25 is eating
9603 71 is thinking
9603 71 has taken a fork
9603 71 has taken a fork
9603 71 is eating
9603 19 has taken a fork
9603 19 has taken a fork
9603 19 is eating
9603 17 is thinking
9603 17 has taken a fork
9603 17 has taken a fork
9603 17 is eating
9603 11 is thinking
9603 11 has taken a fork
9603 11 has taken a fork
9603 11 is eating
9603 79 is thinking
9603 79 has taken a fork
9603 79 has taken a fork
9603 79 is eating
9603 55 is thinking
9603 55 has taken a fork
9603 55 has taken a fork
9603 55 is eating
9604 5 is thinking
9604 5 has taken a fork
9604 5 has taken a fork
9604 5 is eating
9604 63 is thinking
9604 63 has taken a fork
9604 63 has taken a fork
9604 63 is eating
9604 13 is thinking
9604 13 has taken a fork
9604 13 has taken a fork
9604 13 is eating
9604 91 is thinking
9604 91 has taken a fork
9604 91 has taken a fork
9604 91 is eating
9604 89 is thinking
9604 89 has taken a fork
9604 89 has taken a fork
9604 89 is eating
9606 65 is thinking
9606 65 has taken a fork
9606 65 has taken a fork
9606 65 is eating
9606 37 is thinking
9606 67 is thinking
9606 67 has taken a fork
9606 67 has taken a fork
9606 67 is eating
9606 37 has taken a fork
9606 37 has taken a fork
9606 37 is eating
9606 83 is thinking
9606 83 has taken a fork
9606 83 has taken a fork
9606 83 is eating
9606 35 is thinking
9606 35 has taken a fork
9606 35 has taken a fork
9606 35 is eating
9606 57 is thinking
9606 57 has taken a fork
9606 57 has taken a fork
9606 57 is eating
9608 85 is thinking
9608 85 has taken a fork
9608 85 has taken a fork
9608 85 is eating
9608 61 is thinking
9608 61 has taken a fork
9608 61 has taken a fork
9608 61 is eating
9609 31 is thinking
9609 31 has taken a fork
9609 31 has taken a fork
9609 31 is eating
9609 47 is thinking
9609 47 has taken a fork
9609 47 has taken a fork
9609 47 is eating
9609 59 is thinking
9609 59 has taken a fork
9609 59 has taken a fork
9609 59 is eating
9609 39 is thinking
9609 39 has taken a fork
9609 39 has taken a fork
9609 39 is eating
9609 87 is thinking
9609 87 has taken a fork
9609 87 has taken a fork
9609 87 is eating
9609 49 is thinking
9609 49 has taken a fork
9609 49 has taken a fork
9609 49 is eating
9609 1 is thinking
9609 1 has taken a fork
9609 1 has taken a fork
9609 1 is eating
9610 23 is thinking
9610 23 has taken a fork
9610 23 has taken a fork
9610 23 is eating
9611 99 is thinking
9611 99 has taken a fork
9611 99 has taken a fork
9611 99 is eating
9611 45 is thinking
9611 45 has taken a fork
9611 45 has taken a fork
9611 45 is eating
9611 33 is thinking
9611 33 has taken a fork
9611 33 has taken a fork
9611 33 is eating
9700 29 is sleeping
9700 43 is sleeping
9701 41 is sleeping
9701 81 is sleeping
9701 77 is sleeping
9701 3 is sleeping
9701 7 is sleeping
9701 27 is sleeping
9701 75 is sleeping
9703 19 is sleeping
9703 15 is sleeping
9703 17 is sleeping
9703 93 is sleeping
9703 28 is thinking
9703 11 is sleeping
9703 73 is sleeping
9703 95 is sleeping
9703 69 is sleeping
9703 55 is sleeping
9703 25 is sleeping
9703 79 is sleeping
9703 97 is sleeping
9703 71 is sleeping
9703 51 is sleeping
9703 53 is sleeping
9703 9 is sleeping
9703 28 has taken a fork
9703 28 has taken a fork
9703 28 is eating
9703 21 is sleeping
9704 5 is sleeping
9704 90 is thinking
9704 90 has taken a fork
9704 90 has taken a fork
9704 90 is eating
9704 13 is sleeping
9704 91 is sleeping
9706 37 is sleeping
9706 65 is sleeping
9706 89 is sleeping
9706 76 is thinking
9707 76 has taken a fork
9707 76 has taken a fork
9707 76 is eating
9707 6 is thinking
9707 6 has taken a fork
9707 6 has taken a fork
9707 6 is eating
9707 18 is thinking
9707 18 has taken a fork
9707 18 has taken a fork
9707 18 is eating
9707 57 is sleeping
9707 20 is thinking
9707 20 has taken a fork
9707 20 has taken a fork
9707 20 is eating
9707 63 is sleeping
9707 67 is sleeping
9707 83 is sleeping
9707 35 is sleeping
9707 78 is thinking
9707 78 has taken a fork
9707 78 has taken a fork
9707 78 is eating
9708 85 is sleeping
9708 61 is sleeping
9709 31 is sleeping
9709 39 is sleeping
9709 1 is sleeping
9709 49 is sleeping
9709 59 is sleeping
9709 87 is sleeping
9709 38 is thinking
9709 38 has taken a fork
9709 38 has taken a fork
9709 38 is eating
9709 2 is thinking
9709 2 has taken a fork
9709 2 has taken a fork
9709 2 is eating
9709 47 is sleeping
9709 48 is thinking
9709 48 has taken a fork
9709 48 has taken a fork
9709 48 is eating
9710 50 is thinking
9710 23 is sleeping
9710 50 has taken a fork
9710 50 has taken a fork
9710 50 is eating
9710 16 is thinking
9710 16 has taken a fork
9710 16 has taken a fork
9710 16 is eating
9710 72 is thinking
9710 72 has taken a fork
9710 72 has taken a fork
9710 72 is eating
9710 68 is thinking
9710 68 has taken a fork
9710 68 has taken a fork
9710 68 is eating
9711 99 is sleeping
9711 26 is thinking
9711 26 has taken a fork
9711 26 has taken a fork
9711 26 is eating
9711 30 is thinking
9711 30 has taken a fork
9711 30 has taken a fork
9711 30 is eating
9712 34 is thinking
9712 34 has taken a fork
9712 34 has taken a fork
9712 34 is eating
9712 10 is thinking
9712 10 has taken a fork
9712 10 has taken a fork
9712 10 is eating
9712 52 is thinking
9712 52 has taken a fork
9712 52 has taken a fork
9712 52 is eating
9712 32 is thinking
9712 32 has taken a fork
9712 32 has taken a fork
9712 32 is eating
9712 54 is thinking
9712 54 has taken a fork
9712 54 has taken a fork
9712 54 is eating
9712 33 is sleeping
9712 42 is thinking
9712 42 has taken a fork
9712 42 has taken a fork
9712 42 is eating
9712 56 is thinking
9712 56 has taken a fork
9712 56 has taken a fork
9712 56 is eating
9712 94 is thinking
9712 94 has taken a fork
9712 94 has taken a fork
9712 94 is eating
9712 44 is thinking
9712 44 has taken a fork
9712 44 has taken a fork
9712 44 is eating
9712 66 is thinking
9712 66 has taken a fork
9712 66 has taken a fork
9712 66 is eating
9712 82 is thinking
9712 82 has taken a fork
9712 82 has taken a fork
9712 82 is eating
9713 14 is thinking
9713 14 has taken a fork
9713 14 has taken a fork
9713 14 is eating
9713 58 is thinking
9713 58 has taken a fork
9713 58 has taken a fork
9713 58 is eating
9713 24 is thinking
9713 24 has taken a fork
9713 24 has taken a fork
9713 24 is eating
9713 4 is thinking
9713 4 has taken a fork
9713 4 has taken a fork
9713 4 is eating
9713 96 is thinking
9713 96 has taken a fork
9713 96 has taken a fork
9713 96 is eating
9713 80 is thinking
9713 80 has taken a fork
9713 80 has taken a fork
9713 80 is eating
9714 45 is sleeping
9714 98 is thinking
9714 98 has taken a fork
9714 98 has taken a fork
9714 98 is eating
9714 86 is thinking
9714 86 has taken a fork
9714 86 has taken a fork
9714 86 is eating
9714 70 is thinking
9714 70 has taken a fork
9714 70 has taken a fork
9714 70 is eating
9714 46 is thinking
9714 46 has taken a fork
9714 46 has taken a fork
9714 46 is eating
9714 92 is thinking
9714 92 has taken a fork
9714 92 has taken a fork
9714 92 is eating
9715 60 is thinking
9715 60 has taken a fork
9715 60 has taken a fork
9715 60 is eating
9715 8 is thinking
9715 8 has taken a fork
9715 8 has taken a fork
9715 8 is eating
9716 74 is thinking
9716 74 has taken a fork
9716 74 has taken a fork
9716 74 is eating
9716 12 is thinking
9716 12 has taken a fork
9716 12 has taken a fork
9716 12 is eating
9720 36 is thinking
9720 36 has taken a fork
9720 36 has taken a fork
9720 36 is eating
9720 100 is thinking
9720 100 has taken a fork
9720 100 has taken a fork
9720 100 is eating
9720 62 is thinking
9720 62 has taken a fork
9720 62 has taken a fork
9720 62 is eating
9721 84 is thinking
9721 84 has taken a fork
9721 84 has taken a fork
9721 84 is eating
9722 22 is thinking
9722 22 has taken a fork
9722 22 has taken a fork
9722 22 is eating
9726 88 is thinking
9727 88 has taken a fork
9727 88 has taken a fork
9727 88 is eating
9729 40 is thinking
9729 40 has taken a fork
9729 40 has taken a fork
9729 40 is eating
9729 64 is thinking
9729 64 has taken a fork
9729 64 has taken a fork
9729 64 is eating
9803 28 is sleeping
9804 90 is sleeping
9807 18 is sleeping
9807 6 is sleeping
9807 76 is sleeping
9807 78 is sleeping
9807 20 is sleeping
9809 38 is sleeping
9809 48 is sleeping
9809 2 is sleeping
9810 16 is sleeping
9810 68 is sleeping
9810 50 is sleeping
9810 72 is sleeping
9811 30 is sleeping
9811 26 is sleeping
9812 44 is sleeping
9812 66 is sleeping
9812 10 is sleeping
9812 34 is sleeping
9812 52 is sleeping
9812 54 is sleeping
9812 94 is sleeping
9812 82 is sleeping
9812 42 is sleeping
9812 56 is sleeping
9812 32 is sleeping
9813 96 is sleeping
9813 14 is sleeping
9813 4 is sleeping
9813 24 is sleeping
9813 80 is sleeping
9813 58 is sleeping
9814 70 is sleeping
9814 92 is sleeping
9814 46 is sleeping
9814 86 is sleeping
9814 98 is sleeping
9815 60 is sleeping
9815 8 is sleeping
9816 12 is sleeping
9816 74 is sleeping
9820 36 is sleeping
9820 100 is sleeping
9820 62 is sleeping
9821 84 is sleeping
9822 22 is sleeping
9827 88 is sleeping
9829 40 is sleeping
9829 64 is sleeping
9900 29 is thinking
9900 29 has taken a fork
9900 29 has taken a fork
9900 29 is eating
9900 81 is thinking
9900 81 has taken a fork
9900 81 has taken a fork
9900 81 is eating
9900 41 is thinking
9900 41 has taken a fork
9900 41 has taken a fork
9900 41 is eating
9900 43 is thinking
9900 43 has taken a fork
9900 43 has taken a fork
9900 43 is eating
9901 77 is thinking
9901 77 has taken a fork
9901 77 has taken a fork
9901 77 is eating
9901 27 is thinking
9901 27 has taken a fork
9901 27 has taken a fork
9901 27 is eating
9901 75 is thinking
9901 75 has taken a fork
9901 75 has taken a fork
9901 75 is eating
9901 3 is thinking
9901 3 has taken a fork
9901 3 has taken a fork
9901 3 is eating
9901 7 is thinking
9901 7 has taken a fork
9901 7 has taken a fork
9901 7 is eating
9902 9 is thinking
9902 9 has taken a fork
9902 9 has taken a fork
9902 9 is eating
9902 95 is thinking
9902 95 has taken a fork
9902 95 has taken a fork
9902 95 is eating
9902 15 is thinking
9902 15 has taken a fork
9902 15 has taken a fork
9902 15 is eating
9902 69 is thinking
9902 69 has taken a fork
9902 69 has taken a fork
9902 69 is eating
9902 53 is thinking
9902 53 has taken a fork
9902 53 has taken a fork
9902 53 is eating
9902 73 is thinking
9902 73 has taken a fork
9902 73 has taken a fork
9902 73 is eating
9902 93 is thinking
9902 93 has taken a fork
9902 93 has taken a fork
9902 93 is eating
9903 51 is thinking
9903 51 has taken a fork
9903 51 has taken a fork
9903 51 is eating
9903 55 is thinking
9903 19 is thinking
9903 19 has taken a fork
9903 19 has taken a fork
9903 19 is eating
9903 25 is thinking
9903 25 has taken a fork
9903 25 has taken a fork
9903 25 is eating
9903 79 is thinking
9903 79 has taken a fork
9903 79 has taken a fork
9903 79 is eating
9903 71 is thinking
9903 71 has taken a fork
9903 71 has taken a fork
9903 71 is eating
9903 11 is thinking
9903 11 has taken a fork
9903 11 has taken a fork
9903 11 is eating
9903 17 is thinking
9903 17 has taken a fork
9903 17 has taken a fork
9903 17 is eating
9903 97 is thinking
9903 97 has taken a fork
9903 97 has taken a fork
9903 97 is eating
9903 21 is thinking
9903 21 has taken a fork
9903 21 has taken a fork
9903 21 is eating
9903 55 has taken a fork
9903 55 has taken a fork
9903 55 is eating
9904 13 is thinking
9904 13 has taken a fork
9904 13 has taken a fork
9904 13 is eating
9904 89 is thinking
9904 89 has taken a fork
9904 89 has taken a fork
9904 89 is eating
9904 63 is thinking
9904 63 has taken a fork
9904 63 has taken a fork
9904 63 is eating
9904 91 is thinking
9904 91 has taken a fork
9904 91 has taken a fork
9904 91 is eating
9904 5 is thinking
9904 5 has taken a fork
9904 5 has taken a fork
9904 5 is eating
9906 37 is thinking
9906 37 has taken a fork
9906 37 has taken a fork
9906 37 is eating
9906 65 is thinking
9906 65 has taken a fork
9906 65 has taken a fork
9906 65 is eating
9906 83 is thinking
9906 83 has taken a fork
9906 83 has taken a fork
9906 83 is eating
9906 57 is thinking
9906 57 has taken a fork
9906 57 has taken a fork
9906 57 is eating
9906 67 is thinking
9906 67 has taken a fork
9906 67 has taken a fork
9906 67 is eating
9906 35 is thinking
9906 35 has taken a fork
9906 35 has taken a fork
9906 35 is eating
9908 85 is thinking
9908 85 has taken a fork
9908 85 has taken a fork
9908 85 is eating
9908 61 is thinking
9908 61 has taken a fork
9908 61 has taken a fork
9908 61 is eating
9909 1 is thinking
9909 1 has taken a fork
9909 1 has taken a fork
9909 1 is eating
9909 31 is thinking
9909 31 has taken a fork
9909 31 has taken a fork
9909 31 is eating
9909 87 is thinking
9909 87 has taken a fork
9909 87 has taken a fork
9909 87 is eating
9909 39 is thinking
9909 39 has taken a fork
9909 39 has taken a fork
9909 39 is eating
9909 59 is thinking
9909 59 has taken a fork
9909 59 has taken a fork
9909 59 is eating
9909 49 is thinking
9909 49 has taken a fork
9909 49 has taken a fork
9909 49 is eating
9909 47 is thinking
9909 47 has taken a fork
9909 47 has taken a fork
9909 47 is eating
9910 23 is thinking
9910 23 has taken a fork
9910 23 has taken a fork
9910 23 is eating
9911 33 is thinking
9911 33 has taken a fork
9911 33 has taken a fork
9911 33 is eating
9911 45 is thinking
9911 45 has taken a fork
9911 45 has taken a fork
9911 45 is eating
9911 99 is thinking
9911 99 has taken a fork
9911 99 has taken a fork
9911 99 is eating
10000 29 is sleeping
10000 81 is sleeping
10000 41 is sleeping
10000 43 is sleeping
10001 7 is sleeping
10001 27 is sleeping
10001 3 is sleeping
10001 75 is sleeping
10001 77 is sleeping
10002 73 is sleeping
10002 93 is sleeping
10002 95 is sleeping
10002 69 is sleeping
10002 53 is sleeping
10002 9 is sleeping
10002 15 is sleeping
10003 28 is thinking
10003 79 is sleeping
10003 28 has taken a fork
10003 28 has taken a fork
10003 28 is eating
10003 17 is sleeping
10003 71 is sleeping
10003 55 is sleeping
10003 11 is sleeping
10003 25 is sleeping
10003 21 is sleeping
10003 97 is sleeping
10003 51 is sleeping
10003 19 is sleeping
10004 91 is sleeping
10004 89 is sleeping
10004 5 is sleeping
10004 90 is thinking
10004 90 has taken a fork
10004 90 has taken a fork
10004 90 is eating
10004 13 is sleeping
10004 63 is sleeping
